record_type,run_name,relative_path,target,completion,retention_class,retention_reason,config_relative_path,architecture_label,frame_count,canvas_size,active_size,lane_grid,lane_size,lane_pitch,parallel_expert_size,parallel_expert_pitch,serial_expert_size,top_k,alpha_min,alpha_initial,alpha_max,unmodulated_power_fraction_eval,router_noise_std,phase_learning_rate,router_phase_learning_rate,epochs,batch_size,test_interval_epochs,best_epoch,best_test_srcc,final_test_srcc,final_test_krcc,final_test_plcc,final_test_rmse,final_test_mae,optical_off_srcc,optical_srcc_delta,formal_checkpoint_relative_path,formal_checkpoint_sha256,vision_router_implementation,vision_router_selected_share,language_router_selected_share,run_size_bytes,pt_count,pt_size_bytes,phase_snapshot_count,phase_snapshot_size_bytes,latest_mtime_utc
run,_logs_spatial_tune,runs/_logs_spatial_tune,,empty_or_partial,metrics_only,exploratory checkpoint pruned; configs/logs/metrics/figures retained,,,,,,,,,,,,,,,,,,,,,,,,,,,,,,,,,,,"""""","""""",795095,0,0,0,0,2026-09-03T15:54:34.135257+00:00
run,deep_kd_r050_w05,runs/deep_kd_r050_w05,,empty_or_partial,metrics_only,exploratory checkpoint pruned; configs/logs/metrics/figures retained,,,,,,,,,,,,,,,,,,,,,,,,,,,,,,,,,,,"""""","""""",42456,0,0,0,0,2026-09-03T12:18:40.642262+00:00
run,deep_kd_r050_w3,runs/deep_kd_r050_w3,,empty_or_partial,metrics_only,exploratory checkpoint pruned; configs/logs/metrics/figures retained,,,,,,,,,,,,,,,,,,,,,,,,,,,,,,,,,,,"""""","""""",39578,0,0,0,0,2026-09-03T12:18:40.698261+00:00
run,deep_kd_r100_w1,runs/deep_kd_r100_w1,,empty_or_partial,metrics_only,exploratory checkpoint pruned; configs/logs/metrics/figures retained,,,,,,,,,,,,,,,,,,,,,,,,,,,,,,,,,,,"""""","""""",29829,0,0,0,0,2026-09-03T12:18:40.262264+00:00
run,deep_kd_r100_w10,runs/deep_kd_r100_w10,,empty_or_partial,metrics_only,exploratory checkpoint pruned; configs/logs/metrics/figures retained,,,,,,,,,,,,,,,,,,,,,,,,,,,,,,,,,,,"""""","""""",29406,0,0,0,0,2026-09-03T12:18:40.378264+00:00
run,deep_kd_r100_w3,runs/deep_kd_r100_w3,,empty_or_partial,metrics_only,exploratory checkpoint pruned; configs/logs/metrics/figures retained,,,,,,,,,,,,,,,,,,,,,,,,,,,,,,,,,,,"""""","""""",40794,0,0,0,0,2026-09-03T12:18:40.686261+00:00
run,deep_kd_r200_w3,runs/deep_kd_r200_w3,,empty_or_partial,metrics_only,exploratory checkpoint pruned; configs/logs/metrics/figures retained,,,,,,,,,,,,,,,,,,,,,,,,,,,,,,,,,,,"""""","""""",40774,0,0,0,0,2026-09-03T12:18:40.562262+00:00
run,deep_r050_a,runs/deep_r050_a,,empty_or_partial,metrics_only,exploratory checkpoint pruned; configs/logs/metrics/figures retained,,,,,,,,,,,,,,,,,,,,,,,,,,,,,,,,,,,"""""","""""",0,0,0,0,0,2026-09-03T12:07:26.205876+00:00
run,deep_r050_a_v2,runs/deep_r050_a_v2,,empty_or_partial,metrics_only,exploratory checkpoint pruned; configs/logs/metrics/figures retained,,,,,,,,,,,,,,,,,,,,,,,,,,,,,,,,,,,"""""","""""",0,0,0,0,0,2026-09-03T12:10:15.951219+00:00
run,deep_r050_a_v3,runs/deep_r050_a_v3,,empty_or_partial,metrics_only,exploratory checkpoint pruned; configs/logs/metrics/figures retained,,,,,,,,,,,,,,,,,,,,,,,,,,,,,,,,,,,"""""","""""",0,0,0,0,0,2026-09-03T12:12:39.305452+00:00
run,deep_r050_a_v4,runs/deep_r050_a_v4,,empty_or_partial,metrics_only,exploratory checkpoint pruned; configs/logs/metrics/figures retained,,,,,,,,,,,,,,,,,,,,,,,,,,,,,,,,,,,"""""","""""",38365,0,0,0,0,2026-09-03T12:15:51.483576+00:00
run,deep_r100_a,runs/deep_r100_a,,empty_or_partial,metrics_only,exploratory checkpoint pruned; configs/logs/metrics/figures retained,,,,,,,,,,,,,,,,,,,,,,,,,,,,,,,,,,,"""""","""""",0,0,0,0,0,2026-09-03T12:07:26.353873+00:00
run,deep_r100_a_v2,runs/deep_r100_a_v2,,empty_or_partial,metrics_only,exploratory checkpoint pruned; configs/logs/metrics/figures retained,,,,,,,,,,,,,,,,,,,,,,,,,,,,,,,,,,,"""""","""""",0,0,0,0,0,2026-09-03T12:10:16.011219+00:00
run,deep_r100_a_v3,runs/deep_r100_a_v3,,empty_or_partial,metrics_only,exploratory checkpoint pruned; configs/logs/metrics/figures retained,,,,,,,,,,,,,,,,,,,,,,,,,,,,,,,,,,,"""""","""""",666,0,0,0,0,2026-09-03T12:13:46.936736+00:00
run,deep_r100_a_v4,runs/deep_r100_a_v4,,empty_or_partial,metrics_only,exploratory checkpoint pruned; configs/logs/metrics/figures retained,,,,,,,,,,,,,,,,,,,,,,,,,,,,,,,,,,,"""""","""""",36423,0,0,0,0,2026-09-03T12:15:51.503576+00:00
run,deep_r100_fast,runs/deep_r100_fast,,empty_or_partial,metrics_only,exploratory checkpoint pruned; configs/logs/metrics/figures retained,,,,,,,,,,,,,,,,,,,,,,,,,,,,,,,,,,,"""""","""""",0,0,0,0,0,2026-09-03T12:07:26.433872+00:00
run,deep_r100_fast_v2,runs/deep_r100_fast_v2,,empty_or_partial,metrics_only,exploratory checkpoint pruned; configs/logs/metrics/figures retained,,,,,,,,,,,,,,,,,,,,,,,,,,,,,,,,,,,"""""","""""",0,0,0,0,0,2026-09-03T12:10:16.235215+00:00
run,deep_r100_fast_v3,runs/deep_r100_fast_v3,,empty_or_partial,metrics_only,exploratory checkpoint pruned; configs/logs/metrics/figures retained,,,,,,,,,,,,,,,,,,,,,,,,,,,,,,,,,,,"""""","""""",0,0,0,0,0,2026-09-03T12:12:39.341452+00:00
run,deep_r100_fast_v4,runs/deep_r100_fast_v4,,empty_or_partial,metrics_only,exploratory checkpoint pruned; configs/logs/metrics/figures retained,,,,,,,,,,,,,,,,,,,,,,,,,,,,,,,,,,,"""""","""""",37194,0,0,0,0,2026-09-03T12:15:51.383577+00:00
run,deep_r100_rank,runs/deep_r100_rank,,empty_or_partial,metrics_only,exploratory checkpoint pruned; configs/logs/metrics/figures retained,,,,,,,,,,,,,,,,,,,,,,,,,,,,,,,,,,,"""""","""""",0,0,0,0,0,2026-09-03T12:07:26.173877+00:00
run,deep_r100_rank_v2,runs/deep_r100_rank_v2,,empty_or_partial,metrics_only,exploratory checkpoint pruned; configs/logs/metrics/figures retained,,,,,,,,,,,,,,,,,,,,,,,,,,,,,,,,,,,"""""","""""",666,0,0,0,0,2026-09-03T12:11:32.986224+00:00
run,deep_r100_rank_v3,runs/deep_r100_rank_v3,,empty_or_partial,metrics_only,exploratory checkpoint pruned; configs/logs/metrics/figures retained,,,,,,,,,,,,,,,,,,,,,,,,,,,,,,,,,,,"""""","""""",0,0,0,0,0,2026-09-03T12:12:39.449450+00:00
run,deep_r100_rank_v4,runs/deep_r100_rank_v4,,empty_or_partial,metrics_only,exploratory checkpoint pruned; configs/logs/metrics/figures retained,,,,,,,,,,,,,,,,,,,,,,,,,,,,,,,,,,,"""""","""""",36856,0,0,0,0,2026-09-03T12:15:51.279578+00:00
run,deep_r200_a,runs/deep_r200_a,,empty_or_partial,metrics_only,exploratory checkpoint pruned; configs/logs/metrics/figures retained,,,,,,,,,,,,,,,,,,,,,,,,,,,,,,,,,,,"""""","""""",0,0,0,0,0,2026-09-03T12:07:26.221876+00:00
run,deep_r200_a_v2,runs/deep_r200_a_v2,,empty_or_partial,metrics_only,exploratory checkpoint pruned; configs/logs/metrics/figures retained,,,,,,,,,,,,,,,,,,,,,,,,,,,,,,,,,,,"""""","""""",0,0,0,0,0,2026-09-03T12:10:16.047218+00:00
run,deep_r200_a_v3,runs/deep_r200_a_v3,,empty_or_partial,metrics_only,exploratory checkpoint pruned; configs/logs/metrics/figures retained,,,,,,,,,,,,,,,,,,,,,,,,,,,,,,,,,,,"""""","""""",0,0,0,0,0,2026-09-03T12:12:39.489450+00:00
run,deep_r200_a_v4,runs/deep_r200_a_v4,,empty_or_partial,metrics_only,exploratory checkpoint pruned; configs/logs/metrics/figures retained,,,,,,,,,,,,,,,,,,,,,,,,,,,,,,,,,,,"""""","""""",25439,0,0,0,0,2026-09-03T12:15:51.139579+00:00
run,deep_r200_reg,runs/deep_r200_reg,,empty_or_partial,metrics_only,exploratory checkpoint pruned; configs/logs/metrics/figures retained,,,,,,,,,,,,,,,,,,,,,,,,,,,,,,,,,,,"""""","""""",0,0,0,0,0,2026-09-03T12:07:26.517870+00:00
run,deep_r200_reg_v2,runs/deep_r200_reg_v2,,empty_or_partial,metrics_only,exploratory checkpoint pruned; configs/logs/metrics/figures retained,,,,,,,,,,,,,,,,,,,,,,,,,,,,,,,,,,,"""""","""""",0,0,0,0,0,2026-09-03T12:10:16.995205+00:00
run,deep_r200_reg_v3,runs/deep_r200_reg_v3,,empty_or_partial,metrics_only,exploratory checkpoint pruned; configs/logs/metrics/figures retained,,,,,,,,,,,,,,,,,,,,,,,,,,,,,,,,,,,"""""","""""",0,0,0,0,0,2026-09-03T12:12:39.537450+00:00
run,deep_r200_reg_v4,runs/deep_r200_reg_v4,,empty_or_partial,metrics_only,exploratory checkpoint pruned; configs/logs/metrics/figures retained,,,,,,,,,,,,,,,,,,,,,,,,,,,,,,,,,,,"""""","""""",25424,0,0,0,0,2026-09-03T12:15:51.035580+00:00
run,lgvq_spatial_balanced_router_b010,runs/lgvq_spatial_balanced_router_b010,spatial,complete,metrics_only,exploratory checkpoint pruned; configs/logs/metrics/figures retained,configs/release/spatial_balanced_router_b010.yaml,qwenfront_spatial_o2_4f196_vexpert109_alpha40_no_attention_v1_spatialgrid_v1_qualityidentity_v1_qwentrim25_v1_plainvgg16corr100_local_v1,4,518,478,2,232,246,109,123,109,2,0.4,0.52,0.9,0.2,0.03,1e-05,0.005,40,32,1,7,0.6408636146496075,0.6408636146496075,0.4659242656332756,0.6752300216975851,8.51181697845459,6.685000896453857,0.5417326891782135,0.09913092547139402,runs/lgvq_spatial_balanced_router_b010/best_observed_test_checkpoint.pt,02bfc228e25053c6f714b7519f5ece72bf77c6db74b88bd54203358af6e38a3c,optical_parallel4_energy_top2,"[0.1877240091562271,0.19018816947937012,0.32571685314178467,0.2963709533214569]","[0.0,0.5,0.5,0.0]",406020,0,0,0,0,2026-09-04T01:41:18.240421+00:00
run,lgvq_spatial_balanced_router_b025,runs/lgvq_spatial_balanced_router_b025,spatial,complete,metrics_only,exploratory checkpoint pruned; configs/logs/metrics/figures retained,configs/release/spatial_balanced_router_b025.yaml,qwenfront_spatial_o2_4f196_vexpert109_alpha40_no_attention_v1_spatialgrid_v1_qualityidentity_v1_qwentrim25_v1_plainvgg16corr100_local_v1,4,518,478,2,232,246,109,123,109,2,0.4,0.52,0.9,0.2,0.03,1e-05,0.01,40,32,1,12,0.6408520456377755,0.6408520456377755,0.46543503195792596,0.6754626155631621,8.41994857788086,6.617602348327637,0.5361860214248363,0.10466602421293925,runs/lgvq_spatial_balanced_router_b025/best_observed_test_checkpoint.pt,6612e6b58b02ba492aa0efc0aa9dfca405a7f96f7961899485e275f0cf264852,optical_parallel4_energy_top2,"[0.1877240091562271,0.19018816947937012,0.32571685314178467,0.2963709533214569]","[0.037634409964084625,0.46236559748649597,0.5,0.0]",406163,0,0,0,0,2026-09-04T01:41:05.929085+00:00
run,lgvq_spatial_balanced_router_b050,runs/lgvq_spatial_balanced_router_b050,spatial,complete,metrics_only,exploratory checkpoint pruned; configs/logs/metrics/figures retained,configs/release/spatial_balanced_router_b050.yaml,qwenfront_spatial_o2_4f196_vexpert109_alpha40_no_attention_v1_spatialgrid_v1_qualityidentity_v1_qwentrim25_v1_plainvgg16corr100_local_v1,4,518,478,2,232,246,109,123,109,2,0.4,0.52,0.9,0.2,0.03,1e-05,0.015,40,32,1,12,0.6414845425085338,0.6414845425085338,0.46615600790054645,0.6759761772745652,8.409005165100098,6.613313674926758,0.5362055678746779,0.10527897463385594,runs/lgvq_spatial_balanced_router_b050/best_observed_test_checkpoint.pt,fca2f9000b143501c838f0aadd0a61e714613b40c671686331ff8b6c7eab8f4b,optical_parallel4_energy_top2,"[0.1877240091562271,0.19018816947937012,0.32571685314178467,0.2963709533214569]","[0.5,0.0,0.5,0.0]",406066,0,0,0,0,2026-09-04T01:41:17.496461+00:00
run,lgvq_spatial_balanced_router_std_light,runs/lgvq_spatial_balanced_router_std_light,spatial,complete,metrics_only,exploratory checkpoint pruned; configs/logs/metrics/figures retained,configs/release/spatial_balanced_router_std_light.yaml,qwenfront_spatial_o2_4f196_vexpert109_alpha40_no_attention_v1_spatialgrid_v1_qualityidentity_v1_qwentrim25_v1_plainvgg16corr100_local_v1_srouterstandardize_v1,4,518,478,2,232,246,109,123,109,2,0.4,0.52,0.9,0.2,0.05,1e-05,0.005,60,32,1,13,0.6413104202468705,0.6413104202468705,0.46598863848529526,0.6752116686122805,8.505452156066895,6.6738176345825195,0.5400460999249187,0.10126432032195176,runs/lgvq_spatial_balanced_router_std_light/best_observed_test_checkpoint.pt,bf6dfc452ff6346810a88164e1cbc315578abbee68b872ac6ead23327fdec6fa,optical_parallel4_energy_top2,"[0.1877240091562271,0.19018816947937012,0.32571685314178467,0.2963709533214569]","[0.0,0.0,0.5,0.5]",462555,0,0,0,0,2026-09-04T02:03:26.447242+00:00
run,lgvq_spatial_balanced_router_std_mid,runs/lgvq_spatial_balanced_router_std_mid,spatial,complete,metrics_only,exploratory checkpoint pruned; configs/logs/metrics/figures retained,configs/release/spatial_balanced_router_std_mid.yaml,qwenfront_spatial_o2_4f196_vexpert109_alpha40_no_attention_v1_spatialgrid_v1_qualityidentity_v1_qwentrim25_v1_plainvgg16corr100_local_v1_srouterstandardize_v1,4,518,478,2,232,246,109,123,109,2,0.4,0.52,0.9,0.2,0.08,1e-05,0.01,60,32,1,13,0.6406717762593775,0.6406717762593775,0.4653449099650984,0.6757326143916168,8.403550148010254,6.619539260864258,0.5406023449206765,0.10006943133870105,runs/lgvq_spatial_balanced_router_std_mid/best_observed_test_checkpoint.pt,a7e5fdc745eb8f41b6123f71bf9b9969029c9bd1d5a1e944a89a464359dd2d51,optical_parallel4_energy_top2,"[0.1877240091562271,0.19018816947937012,0.32571685314178467,0.2963709533214569]","[0.0,0.0,0.5,0.5]",462390,0,0,0,0,2026-09-04T02:03:57.390857+00:00
run,lgvq_spatial_balanced_router_std_strong,runs/lgvq_spatial_balanced_router_std_strong,spatial,complete,keep_formal_dependency,formal spatial-4 source,configs/release/spatial_balanced_router_std_strong.yaml,qwenfront_spatial_o2_4f196_vexpert109_alpha40_no_attention_v1_spatialgrid_v1_qualityidentity_v1_qwentrim25_v1_plainvgg16corr100_local_v1_srouterstandardize_v1,4,518,478,2,232,246,109,123,109,2,0.4,0.52,0.9,0.2,0.1,1e-05,0.03,60,32,1,11,0.6410727892904038,0.6393237619075796,0.464211947769552,0.6743486517416876,8.65007209777832,6.757358074188232,0.5250012043886995,0.1143225575188801,runs/lgvq_spatial_balanced_router_std_strong/spatial_balanced_formal_checkpoint.pt,f7a914c0739c0117c33a7e1271e041dfc670bd29704364ac3b8c64a53db4bf53,optical_parallel4_energy_top2,"[0.1877240091562271,0.19018816947937012,0.32571685314178467,0.2963709533214569]","[0.23566308617591858,0.2634408473968506,0.2455197125673294,0.25537633895874023]",253191721,16,252187536,12,72519384,2026-09-04T02:08:22.475764+00:00
run,lgvq_spatial_balanced_router_strong_b10,runs/lgvq_spatial_balanced_router_strong_b10,spatial,complete,metrics_only,exploratory checkpoint pruned; configs/logs/metrics/figures retained,configs/release/spatial_balanced_router_strong_b10.yaml,qwenfront_spatial_o2_4f196_vexpert109_alpha40_no_attention_v1_spatialgrid_v1_qualityidentity_v1_qwentrim25_v1_plainvgg16corr100_local_v1,4,518,478,2,232,246,109,123,109,2,0.4,0.52,0.9,0.2,0.03,1e-05,0.2,80,32,1,24,0.6409413860366099,0.6409413860366099,0.4654736556691378,0.6753725207709811,8.470888137817383,6.6574296951293945,0.5330526840739889,0.10788870196262101,runs/lgvq_spatial_balanced_router_strong_b10/best_observed_test_checkpoint.pt,4a64d5c5c582ac4528bb19816142f9b596919b705870ad5c1a3a5e633b17044d,optical_parallel4_energy_top2,"[0.1877240091562271,0.19018816947937012,0.32571685314178467,0.2963709533214569]","[0.0,0.5,0.5,0.0]",518886,0,0,0,0,2026-09-04T01:59:46.954175+00:00
run,lgvq_spatial_balanced_router_strong_b2,runs/lgvq_spatial_balanced_router_strong_b2,spatial,complete,metrics_only,exploratory checkpoint pruned; configs/logs/metrics/figures retained,configs/release/spatial_balanced_router_strong_b2.yaml,qwenfront_spatial_o2_4f196_vexpert109_alpha40_no_attention_v1_spatialgrid_v1_qualityidentity_v1_qwentrim25_v1_plainvgg16corr100_local_v1,4,518,478,2,232,246,109,123,109,2,0.4,0.52,0.9,0.2,0.03,1e-05,0.05,80,32,1,13,0.6410665731049418,0.6410665731049418,0.4661045096189307,0.6760093591337563,8.417562484741211,6.6165876388549805,0.5414418753016831,0.09962469780325867,runs/lgvq_spatial_balanced_router_strong_b2/best_observed_test_checkpoint.pt,49044a7f77de56a74d9855dacae21267d64995e4a0876fefb2b4b36a6a25d562,optical_parallel4_energy_top2,"[0.1877240091562271,0.19018816947937012,0.32571685314178467,0.2963709533214569]","[0.0,0.5,0.5,0.0]",518928,0,0,0,0,2026-09-04T01:56:58.156747+00:00
run,lgvq_spatial_balanced_router_strong_b5,runs/lgvq_spatial_balanced_router_strong_b5,spatial,complete,metrics_only,exploratory checkpoint pruned; configs/logs/metrics/figures retained,configs/release/spatial_balanced_router_strong_b5.yaml,qwenfront_spatial_o2_4f196_vexpert109_alpha40_no_attention_v1_spatialgrid_v1_qualityidentity_v1_qwentrim25_v1_plainvgg16corr100_local_v1,4,518,478,2,232,246,109,123,109,2,0.4,0.52,0.9,0.2,0.03,1e-05,0.1,80,32,1,15,0.6416111109514129,0.6416111109514129,0.466246129893374,0.6763680534320332,8.425442695617676,6.630899429321289,0.5406744526720357,0.10093665827937714,runs/lgvq_spatial_balanced_router_strong_b5/best_observed_test_checkpoint.pt,235856ab6960f68cad38fb24088dce02d8b7da92329b1bee6d67ef6649610aa3,optical_parallel4_energy_top2,"[0.1877240091562271,0.19018816947937012,0.32571685314178467,0.2963709533214569]","[0.0,0.5,0.5,0.0]",518848,0,0,0,0,2026-09-04T01:59:09.710715+00:00
run,lgvq_spatial_fresh_a30_clean_s64,runs/lgvq_spatial_fresh_a30_clean_s64,spatial,complete,metrics_only,exploratory checkpoint pruned; configs/logs/metrics/figures retained,configs/release/spatial_fresh_a30_clean_s64.yaml,qwenfront_spatial_o2_4f196_vexpert109_alpha30_no_attention_v1_spatialgrid_v1,4,518,478,2,232,246,109,123,109,2,0.3,0.48,0.9,0.2,0.03,0.01,0.015,160,32,2,,0.6090254178128911,0.6090254178128911,0.4385400543841017,0.6556770270413828,8.767199516296387,6.858896255493164,,,,,optical_parallel16_energy_top2,"[0.375,0.2011648714542389,0.24663978815078735,0.17719534039497375]","[0.0,0.5,0.5,0.0]",63283,0,0,0,0,2026-09-03T12:30:30.034554+00:00
run,lgvq_spatial_fresh_a30_robust1_s65,runs/lgvq_spatial_fresh_a30_robust1_s65,spatial,complete,metrics_only,exploratory checkpoint pruned; configs/logs/metrics/figures retained,configs/release/spatial_fresh_a30_robust1_s65.yaml,qwenfront_spatial_o2_4f196_vexpert109_alpha30_no_attention_v1_spatialgrid_v1,4,518,478,2,232,246,109,123,109,2,0.3,0.48,0.9,0.2,0.03,0.01,0.015,160,32,2,,0.6015580523548475,0.6015580523548475,0.4327851214135419,0.6482920532419933,8.812026977539062,6.901543140411377,,,,,optical_parallel16_energy_top2,"[0.375,0.25,0.1362007111310959,0.2387992888689041]","[0.5,0.0,0.5,0.0]",53944,0,0,0,0,2026-09-03T12:30:32.366545+00:00
run,lgvq_spatial_fresh_a40_clean_s62,runs/lgvq_spatial_fresh_a40_clean_s62,spatial,complete,metrics_only,exploratory checkpoint pruned; configs/logs/metrics/figures retained,configs/release/spatial_fresh_a40_clean_s62.yaml,qwenfront_spatial_o2_4f196_vexpert109_alpha40_no_attention_v1_spatialgrid_v1,4,518,478,2,232,246,109,123,109,2,0.4,0.52,0.9,0.2,0.03,0.01,0.015,160,32,2,,0.6118923225479647,0.6118923225479647,0.441951815541145,0.6508179955310893,8.746426582336426,6.839562892913818,,,,,optical_parallel16_energy_top2,"[0.5,0.24843190610408783,0.20878136157989502,0.04278673976659775]","[0.0,0.5,0.0,0.5]",53748,0,0,0,0,2026-09-03T12:30:33.234541+00:00
run,lgvq_spatial_fresh_a40_robust2_s63,runs/lgvq_spatial_fresh_a40_robust2_s63,spatial,complete,metrics_only,exploratory checkpoint pruned; configs/logs/metrics/figures retained,configs/release/spatial_fresh_a40_robust2_s63.yaml,qwenfront_spatial_o2_4f196_vexpert109_alpha40_no_attention_v1_spatialgrid_v1,4,518,478,2,232,246,109,123,109,2,0.4,0.52,0.9,0.2,0.03,0.01,0.015,160,32,2,,0.6073680446312677,0.6073680446312677,0.43792207500471275,0.6525327726290369,8.90951919555664,7.034067153930664,,,,,optical_parallel16_energy_top2,"[0.24843190610408783,0.2477598637342453,0.2522401511669159,0.25156810879707336]","[0.0008960573468357325,0.49910393357276917,0.0,0.5]",60168,0,0,0,0,2026-09-03T12:30:29.438557+00:00
run,lgvq_spatial_fresh_a50_clean_s60,runs/lgvq_spatial_fresh_a50_clean_s60,spatial,complete,metrics_only,exploratory checkpoint pruned; configs/logs/metrics/figures retained,configs/release/spatial_fresh_a50_clean_s60.yaml,qwenfront_spatial_o2_4f196_vexpert109_alpha50_no_attention_v1_spatialgrid_v1,4,518,478,2,232,246,109,123,109,2,0.5,0.57,0.9,0.2,0.03,0.01,0.015,160,32,2,,0.6070441122999702,0.6070441122999702,0.43807656984956,0.6496236007549684,9.20273494720459,7.1144914627075195,,,,,optical_parallel16_energy_top2,"[0.19018816947937012,0.125,0.4995519816875458,0.1852598637342453]","[0.5,0.0,0.5,0.0]",60416,0,0,0,0,2026-09-03T12:30:31.670548+00:00
run,lgvq_spatial_fresh_a50_robust2_s61,runs/lgvq_spatial_fresh_a50_robust2_s61,spatial,complete,metrics_only,exploratory checkpoint pruned; configs/logs/metrics/figures retained,configs/release/spatial_fresh_a50_robust2_s61.yaml,qwenfront_spatial_o2_4f196_vexpert109_alpha50_no_attention_v1_spatialgrid_v1,4,518,478,2,232,246,109,123,109,2,0.5,0.57,0.9,0.2,0.03,0.01,0.015,160,32,2,,0.606092448840102,0.606092448840102,0.4376903327374419,0.6462467234594299,8.824830055236816,6.92800235748291,,,,,optical_parallel16_energy_top2,"[0.058467742055654526,0.4415322542190552,0.1252240091562271,0.3747759759426117]","[0.0,0.5,0.0,0.5]",60274,0,0,0,0,2026-09-03T12:30:35.114534+00:00
run,lgvq_spatial_identity_q05_a40_clean,runs/lgvq_spatial_identity_q05_a40_clean,spatial,complete,metrics_only,exploratory checkpoint pruned; configs/logs/metrics/figures retained,configs/release/spatial_identity_q05_a40_clean.yaml,qwenfront_spatial_o2_4f196_vexpert109_alpha40_no_attention_v1_spatialgrid_v1_qualityidentity_v1_qwentrim05_v1,4,518,478,2,232,246,109,123,109,2,0.4,0.52,0.9,0.2,0.03,0.01,0.015,160,32,2,,0.6011911247407713,0.6011911247407713,0.4330812365328325,0.643209017718509,9.777517318725586,7.808452129364014,,,,,optical_parallel16_energy_top2,"[0.5,0.15860214829444885,0.25,0.09139785170555115]","[0.0,0.5,0.5,0.0]",66462,0,0,0,0,2026-09-03T12:40:30.324748+00:00
run,lgvq_spatial_identity_q10_a30_clean,runs/lgvq_spatial_identity_q10_a30_clean,spatial,complete,metrics_only,exploratory checkpoint pruned; configs/logs/metrics/figures retained,configs/release/spatial_identity_q10_a30_clean.yaml,qwenfront_spatial_o2_4f196_vexpert109_alpha30_no_attention_v1_spatialgrid_v1_qualityidentity_v1_qwentrim10_v1,4,518,478,2,232,246,109,123,109,2,0.3,0.48,0.9,0.2,0.03,0.01,0.015,160,32,2,,0.6067190748690351,0.6067190748690351,0.43891341692581587,0.6472940414876492,8.904352188110352,6.956212997436523,,,,,optical_parallel16_energy_top2,"[0.3588709533214569,0.47334229946136475,0.0416666679084301,0.12612007558345795]","[0.0,0.5,0.0,0.5]",60582,0,0,0,0,2026-09-03T12:40:32.924776+00:00
run,lgvq_spatial_identity_q10_a40_clean,runs/lgvq_spatial_identity_q10_a40_clean,spatial,complete,metrics_only,exploratory checkpoint pruned; configs/logs/metrics/figures retained,configs/release/spatial_identity_q10_a40_clean.yaml,qwenfront_spatial_o2_4f196_vexpert109_alpha40_no_attention_v1_spatialgrid_v1_qualityidentity_v1_qwentrim10_v1,4,518,478,2,232,246,109,123,109,2,0.4,0.52,0.9,0.2,0.03,0.01,0.015,160,32,2,,0.6140395656783572,0.6140395656783572,0.4434195165671938,0.6545045075658011,8.706298828125,6.839479923248291,,,,,optical_parallel16_energy_top2,"[0.39964157342910767,0.49462366104125977,0.07258064299821854,0.03315412253141403]","[0.0,0.5,0.5,0.0]",67262,0,0,0,0,2026-09-03T12:40:32.632773+00:00
run,lgvq_spatial_identity_q10_a40_robust1,runs/lgvq_spatial_identity_q10_a40_robust1,spatial,complete,metrics_only,exploratory checkpoint pruned; configs/logs/metrics/figures retained,configs/release/spatial_identity_q10_a40_robust1.yaml,qwenfront_spatial_o2_4f196_vexpert109_alpha40_no_attention_v1_spatialgrid_v1_qualityidentity_v1_qwentrim10_v1,4,518,478,2,232,246,109,123,109,2,0.4,0.52,0.9,0.2,0.03,0.01,0.015,160,32,2,,0.6026073789951965,0.6026073789951965,0.43516691693827025,0.6469136659850775,8.871228218078613,6.955537796020508,,,,,optical_parallel16_energy_top2,"[0.44332438707351685,0.125,0.3732078969478607,0.058467742055654526]","[0.5,0.0,0.5,0.0]",60174,0,0,0,0,2026-09-03T12:40:27.884721+00:00
run,lgvq_spatial_identity_q10_a50_clean,runs/lgvq_spatial_identity_q10_a50_clean,spatial,complete,metrics_only,exploratory checkpoint pruned; configs/logs/metrics/figures retained,configs/release/spatial_identity_q10_a50_clean.yaml,qwenfront_spatial_o2_4f196_vexpert109_alpha50_no_attention_v1_spatialgrid_v1_qualityidentity_v1_qwentrim10_v1,4,518,478,2,232,246,109,123,109,2,0.5,0.57,0.9,0.2,0.03,0.01,0.015,160,32,2,,0.6073254292264894,0.6073254292264894,0.437664583596634,0.6457392542132793,8.930505752563477,7.038732528686523,,,,,optical_parallel16_energy_top2,"[0.17405913770198822,0.4863351285457611,0.12791219353675842,0.21169355511665344]","[0.5,0.0,0.5,0.0]",66939,0,0,0,0,2026-09-03T12:40:31.088756+00:00
run,lgvq_spatial_identity_q25_a40_b064,runs/lgvq_spatial_identity_q25_a40_b064,spatial,complete,metrics_only,exploratory checkpoint pruned; configs/logs/metrics/figures retained,configs/release/spatial_identity_q25_a40_b064.yaml,qwenfront_spatial_o2_4f196_vexpert109_alpha40_no_attention_v1_spatialgrid_v1_qualityidentity_v1_qwentrim25_v1,4,518,478,2,232,246,109,123,109,2,0.4,0.52,0.9,0.2,0.03,0.01,0.015,160,64,2,,0.6093262811892518,0.6093262811892518,0.43963439286843636,0.6460874107472461,8.906110763549805,6.95538330078125,,,,,optical_parallel16_energy_top2,"[0.2058691829442978,0.16151434183120728,0.33736559748649597,0.29525089263916016]","[0.5,0.0,0.5,0.0]",143776,0,0,0,0,2026-09-03T13:13:03.808287+00:00
run,lgvq_spatial_identity_q25_a40_b128,runs/lgvq_spatial_identity_q25_a40_b128,spatial,complete,metrics_only,exploratory checkpoint pruned; configs/logs/metrics/figures retained,configs/release/spatial_identity_q25_a40_b128.yaml,qwenfront_spatial_o2_4f196_vexpert109_alpha40_no_attention_v1_spatialgrid_v1_qualityidentity_v1_qwentrim25_v1,4,518,478,2,232,246,109,123,109,2,0.4,0.52,0.9,0.2,0.03,0.01,0.015,160,128,2,58,0.6201390595254881,0.6201390595254881,0.4478354942157442,0.6573449432420844,8.721129417419434,6.876414775848389,0.5500781599014917,0.07006089962399642,runs/lgvq_spatial_identity_q25_a40_b128/best_observed_test_checkpoint.pt,62480e04b96be981303519b7a4a616e10408254fe7dab518a91f7fe6fd88bb6b,optical_parallel16_energy_top2,"[0.21908602118492126,0.375,0.18369175493717194,0.2222222238779068]","[0.0,0.5,0.5,0.0]",551737,0,0,0,0,2026-09-03T13:27:26.386908+00:00
run,lgvq_spatial_identity_q25_a40_b192,runs/lgvq_spatial_identity_q25_a40_b192,spatial,complete,metrics_only,exploratory checkpoint pruned; configs/logs/metrics/figures retained,configs/release/spatial_identity_q25_a40_b192.yaml,qwenfront_spatial_o2_4f196_vexpert109_alpha40_no_attention_v1_spatialgrid_v1_qualityidentity_v1_qwentrim25_v1,4,518,478,2,232,246,109,123,109,2,0.4,0.52,0.9,0.2,0.03,0.01,0.015,160,192,2,,0.6149528614601794,0.6149528614601794,0.4436255096936568,0.6557717740832271,8.796688079833984,6.9321184158325195,,,,,optical_parallel16_energy_top2,"[0.12096773833036423,0.2517921030521393,0.3754480183124542,0.2517921030521393]","[0.5,0.5,0.0,0.0]",130766,0,0,0,0,2026-09-03T13:13:04.796244+00:00
run,lgvq_spatial_identity_q25_a40_clean,runs/lgvq_spatial_identity_q25_a40_clean,spatial,complete,keep_formal_dependency,spatial initialization root,configs/release/spatial_identity_q25_a40_clean.yaml,qwenfront_spatial_o2_4f196_vexpert109_alpha40_no_attention_v1_spatialgrid_v1_qualityidentity_v1_qwentrim25_v1,4,518,478,2,232,246,109,123,109,2,0.4,0.52,0.9,0.2,0.03,0.01,0.015,160,32,2,64,0.6230546577133472,0.6230546577133472,0.4514146247880387,0.6632539503746556,8.572431564331055,6.777914524078369,0.542145892839618,0.08090876487372922,runs/lgvq_spatial_identity_q25_a40_clean/best_observed_test_checkpoint.pt,a7f3bc085876515cbf6492b5ed8e8a01e73072e4c3785d53ba8396b815085810,optical_parallel16_energy_top2,"[0.23969534039497375,0.19802866876125336,0.36984768509864807,0.192428320646286]","[0.5,0.0,0.5,0.0]",311826069,34,311274228,32,193333824,2026-09-03T13:03:13.418874+00:00
run,lgvq_spatial_identity_q25_a40_clean_s75,runs/lgvq_spatial_identity_q25_a40_clean_s75,spatial,complete,metrics_only,exploratory checkpoint pruned; configs/logs/metrics/figures retained,configs/release/spatial_identity_q25_a40_clean_s75.yaml,qwenfront_spatial_o2_4f196_vexpert109_alpha40_no_attention_v1_spatialgrid_v1_qualityidentity_v1_qwentrim25_v1,4,518,478,2,232,246,109,123,109,2,0.4,0.52,0.9,0.2,0.03,0.01,0.015,160,32,2,,0.6065405322088211,0.6065405322088211,0.4376903327374419,0.6499760902060794,8.776219367980957,6.886608123779297,,,,,optical_parallel16_energy_top2,"[0.2892025113105774,0.3779121935367584,0.2219982147216797,0.11088709533214569]","[0.5,0.0,0.5,0.0]",73869,0,0,0,0,2026-09-03T12:48:33.228322+00:00
run,lgvq_spatial_identity_q25_a40_clean_s76,runs/lgvq_spatial_identity_q25_a40_clean_s76,spatial,complete,metrics_only,exploratory checkpoint pruned; configs/logs/metrics/figures retained,configs/release/spatial_identity_q25_a40_clean_s76.yaml,qwenfront_spatial_o2_4f196_vexpert109_alpha40_no_attention_v1_spatialgrid_v1_qualityidentity_v1_qwentrim25_v1,4,518,478,2,232,246,109,123,109,2,0.4,0.52,0.9,0.2,0.03,0.01,0.015,160,32,2,,0.608180914483515,0.608180914483515,0.43959576915722454,0.6552273388785432,8.828944206237793,6.860668659210205,,,,,optical_parallel16_energy_top2,"[0.24417562782764435,0.07459677755832672,0.4997759759426117,0.18145161867141724]","[0.0,0.5,0.5,0.0]",72908,0,0,0,0,2026-09-03T12:48:41.044360+00:00
run,lgvq_spatial_identity_q25_a40_clean_s77,runs/lgvq_spatial_identity_q25_a40_clean_s77,spatial,complete,metrics_only,exploratory checkpoint pruned; configs/logs/metrics/figures retained,configs/release/spatial_identity_q25_a40_clean_s77.yaml,qwenfront_spatial_o2_4f196_vexpert109_alpha40_no_attention_v1_spatialgrid_v1_qualityidentity_v1_qwentrim25_v1,4,518,478,2,232,246,109,123,109,2,0.4,0.52,0.9,0.2,0.03,0.01,0.015,160,32,2,,0.6029996548322123,0.6029996548322123,0.4369693567948214,0.6488962736877397,9.029951095581055,7.034229278564453,,,,,optical_parallel16_energy_top2,"[0.2589605748653412,0.20340502262115479,0.203853040933609,0.333781361579895]","[0.0,0.5,0.5,0.0]",63560,0,0,0,0,2026-09-03T12:48:41.956364+00:00
run,lgvq_spatial_identity_q25_a40_clean_s78,runs/lgvq_spatial_identity_q25_a40_clean_s78,spatial,complete,metrics_only,exploratory checkpoint pruned; configs/logs/metrics/figures retained,configs/release/spatial_identity_q25_a40_clean_s78.yaml,qwenfront_spatial_o2_4f196_vexpert109_alpha40_no_attention_v1_spatialgrid_v1_qualityidentity_v1_qwentrim25_v1,4,518,478,2,232,246,109,123,109,2,0.4,0.52,0.9,0.2,0.03,0.01,0.015,160,32,2,,0.5906630822330582,0.5906630822330582,0.42444239979179077,0.6397271200869634,9.038522720336914,7.0741424560546875,,,,,optical_parallel16_energy_top2,"[0.0,0.07123655825853348,0.4287634491920471,0.5]","[0.0,0.5,0.0,0.5]",76389,0,0,0,0,2026-09-03T12:48:37.560343+00:00
run,lgvq_spatial_identity_q25_a40_clean_s79,runs/lgvq_spatial_identity_q25_a40_clean_s79,spatial,complete,metrics_only,exploratory checkpoint pruned; configs/logs/metrics/figures retained,configs/release/spatial_identity_q25_a40_clean_s79.yaml,qwenfront_spatial_o2_4f196_vexpert109_alpha40_no_attention_v1_spatialgrid_v1_qualityidentity_v1_qwentrim25_v1,4,518,478,2,232,246,109,123,109,2,0.4,0.52,0.9,0.2,0.03,0.01,0.015,160,32,2,,0.6028030852341584,0.6028030852341584,0.4348450526781718,0.6506240867540053,8.739813804626465,6.881097316741943,,,,,optical_parallel16_energy_top2,"[0.35573476552963257,0.11895161122083664,0.3794802725315094,0.1458333283662796]","[0.0,0.5,0.5,0.0]",63528,0,0,0,0,2026-09-03T12:48:36.796339+00:00
run,lgvq_spatial_identity_q25_a40_corr200,runs/lgvq_spatial_identity_q25_a40_corr200,spatial,complete,metrics_only,exploratory checkpoint pruned; configs/logs/metrics/figures retained,configs/release/spatial_identity_q25_a40_corr200.yaml,qwenfront_spatial_o2_4f196_vexpert109_alpha40_no_attention_v1_spatialgrid_v1_qualityidentity_v1_qwentrim25_v1,4,518,478,2,232,246,109,123,109,2,0.4,0.52,0.9,0.2,0.03,0.01,0.015,160,32,2,,0.6112050196420498,0.6112050196420498,0.44106347018327335,0.6548067769790908,8.955257415771484,7.015590190887451,,,,,optical_parallel16_energy_top2,"[0.5,0.12455197423696518,0.375,0.00044802867341786623]","[0.5,0.0,0.5,0.0]",53874,0,0,0,0,2026-09-03T12:56:03.653949+00:00
run,lgvq_spatial_identity_q25_a40_latecorr025,runs/lgvq_spatial_identity_q25_a40_latecorr025,spatial,complete,metrics_only,exploratory checkpoint pruned; configs/logs/metrics/figures retained,configs/release/spatial_identity_q25_a40_latecorr025.yaml,qwenfront_spatial_o2_4f196_vexpert109_alpha40_no_attention_v1_spatialgrid_v1_qualityidentity_v1_qwentrim25_v1_lateinputcorr025_v1,4,518,478,2,232,246,109,123,109,2,0.4,0.52,0.9,0.2,0.03,0.01,0.015,100,128,1,,0.6235149317124445,0.6235149317124445,0.45165924162571347,0.6633766966946776,8.564526557922363,6.7688469886779785,,,,,optical_parallel16_energy_top2,"[0.23969534039497375,0.19802866876125336,0.36984768509864807,0.192428320646286]","[0.5,0.0,0.5,0.0]",83027,0,0,0,0,2026-09-03T13:39:47.786790+00:00
run,lgvq_spatial_identity_q25_a40_latecorr050,runs/lgvq_spatial_identity_q25_a40_latecorr050,spatial,complete,metrics_only,exploratory checkpoint pruned; configs/logs/metrics/figures retained,configs/release/spatial_identity_q25_a40_latecorr050.yaml,qwenfront_spatial_o2_4f196_vexpert109_alpha40_no_attention_v1_spatialgrid_v1_qualityidentity_v1_qwentrim25_v1_lateinputcorr050_v1,4,518,478,2,232,246,109,123,109,2,0.4,0.52,0.9,0.2,0.03,0.01,0.015,100,128,1,,0.6231906195031466,0.6231906195031466,0.4518008619001568,0.6627391532332374,8.581415176391602,6.776342868804932,,,,,optical_parallel16_energy_top2,"[0.23969534039497375,0.19802866876125336,0.36984768509864807,0.192428320646286]","[0.5,0.0,0.5,0.0]",68985,0,0,0,0,2026-09-03T13:36:46.212481+00:00
run,lgvq_spatial_identity_q25_a40_latecorr050_hard,runs/lgvq_spatial_identity_q25_a40_latecorr050_hard,spatial,complete,metrics_only,exploratory checkpoint pruned; configs/logs/metrics/figures retained,configs/release/spatial_identity_q25_a40_latecorr050_hard.yaml,qwenfront_spatial_o2_4f196_vexpert109_alpha40_no_attention_v1_spatialgrid_v1_qualityidentity_v1_qwentrim25_v1_lateinputcorr050_v1,4,518,478,2,232,246,109,123,109,2,0.4,0.52,0.9,0.2,0.03,0.01,0.015,100,128,1,,0.6230545886446198,0.6230545886446198,0.45140175021763473,0.6632541238253861,8.572431564331055,6.777914524078369,,,,,optical_parallel16_energy_top2,"[0.23969534039497375,0.19802866876125336,0.36984768509864807,0.192428320646286]","[0.5,0.0,0.5,0.0]",164713,0,0,0,0,2026-09-03T13:47:56.983905+00:00
run,lgvq_spatial_identity_q25_a40_latecorr050_hard_srcc,runs/lgvq_spatial_identity_q25_a40_latecorr050_hard_srcc,spatial,complete,metrics_only,exploratory checkpoint pruned; configs/logs/metrics/figures retained,configs/release/spatial_identity_q25_a40_latecorr050_hard_srcc.yaml,qwenfront_spatial_o2_4f196_vexpert109_alpha40_no_attention_v1_spatialgrid_v1_qualityidentity_v1_qwentrim25_v1_lateinputcorr050_v1,4,518,478,2,232,246,109,123,109,2,0.4,0.52,0.9,0.2,0.03,0.01,0.015,100,128,1,,0.6234765985687621,0.6234765985687621,0.45164636705530953,0.6631074417988886,8.64844799041748,6.838498115539551,,,,,optical_parallel16_energy_top2,"[0.23969534039497375,0.19802866876125336,0.36984768509864807,0.192428320646286]","[0.5,0.0,0.5,0.0]",168351,0,0,0,0,2026-09-03T13:48:05.108054+00:00
run,lgvq_spatial_identity_q25_a40_latecorr050_lr100,runs/lgvq_spatial_identity_q25_a40_latecorr050_lr100,spatial,complete,metrics_only,exploratory checkpoint pruned; configs/logs/metrics/figures retained,configs/release/spatial_identity_q25_a40_latecorr050_lr100.yaml,qwenfront_spatial_o2_4f196_vexpert109_alpha40_no_attention_v1_spatialgrid_v1_qualityidentity_v1_qwentrim25_v1_lateinputcorr050_v1,4,518,478,2,232,246,109,123,109,2,0.4,0.52,0.9,0.2,0.03,0.01,0.015,100,128,1,,0.6231947636267879,0.6231947636267879,0.4514918722104623,0.6632506540080236,8.568671226501465,6.7735371589660645,,,,,optical_parallel16_energy_top2,"[0.23969534039497375,0.19802866876125336,0.36984768509864807,0.192428320646286]","[0.5,0.0,0.5,0.0]",66371,0,0,0,0,2026-09-03T13:39:55.490721+00:00
run,lgvq_spatial_identity_q25_a40_latecorr050_srcc,runs/lgvq_spatial_identity_q25_a40_latecorr050_srcc,spatial,complete,metrics_only,exploratory checkpoint pruned; configs/logs/metrics/figures retained,configs/release/spatial_identity_q25_a40_latecorr050_srcc.yaml,qwenfront_spatial_o2_4f196_vexpert109_alpha40_no_attention_v1_spatialgrid_v1_qualityidentity_v1_qwentrim25_v1_lateinputcorr050_v1,4,518,478,2,232,246,109,123,109,2,0.4,0.52,0.9,0.2,0.03,0.01,0.015,100,128,1,,0.623559999057044,0.623559999057044,0.45192960760419615,0.6629694336665284,8.575128555297852,6.775155067443848,,,,,optical_parallel16_energy_top2,"[0.23969534039497375,0.19802866876125336,0.36984768509864807,0.192428320646286]","[0.5,0.0,0.5,0.0]",28693,0,0,0,0,2026-09-03T13:36:43.916503+00:00
run,lgvq_spatial_identity_q25_a40_latecorr100,runs/lgvq_spatial_identity_q25_a40_latecorr100,spatial,complete,metrics_only,exploratory checkpoint pruned; configs/logs/metrics/figures retained,configs/release/spatial_identity_q25_a40_latecorr100.yaml,qwenfront_spatial_o2_4f196_vexpert109_alpha40_no_attention_v1_spatialgrid_v1_qualityidentity_v1_qwentrim25_v1_lateinputcorr100_v1,4,518,478,2,232,246,109,123,109,2,0.4,0.52,0.9,0.2,0.03,0.01,0.015,100,128,1,,0.6234332924767102,0.6234332924767102,0.45151762135127016,0.6631761749554987,8.569488525390625,6.773318290710449,,,,,optical_parallel16_energy_top2,"[0.23969534039497375,0.19802866876125336,0.36984768509864807,0.192428320646286]","[0.5,0.0,0.5,0.0]",47488,0,0,0,0,2026-09-03T13:36:44.440498+00:00
run,lgvq_spatial_identity_q25_a40_latecorr100_hard,runs/lgvq_spatial_identity_q25_a40_latecorr100_hard,spatial,complete,metrics_only,exploratory checkpoint pruned; configs/logs/metrics/figures retained,configs/release/spatial_identity_q25_a40_latecorr100_hard.yaml,qwenfront_spatial_o2_4f196_vexpert109_alpha40_no_attention_v1_spatialgrid_v1_qualityidentity_v1_qwentrim25_v1_lateinputcorr100_v1,4,518,478,2,232,246,109,123,109,2,0.4,0.52,0.9,0.2,0.03,0.01,0.015,100,128,1,,0.6230316232927742,0.6230316232927742,0.4513888756472308,0.6632533349325163,8.572441101074219,6.777920246124268,,,,,optical_parallel16_energy_top2,"[0.23969534039497375,0.19802866876125336,0.36984768509864807,0.192428320646286]","[0.5,0.0,0.5,0.0]",161796,0,0,0,0,2026-09-03T13:47:59.195946+00:00
run,lgvq_spatial_identity_q25_a40_multiscale,runs/lgvq_spatial_identity_q25_a40_multiscale,spatial,complete,metrics_only,exploratory checkpoint pruned; configs/logs/metrics/figures retained,configs/release/spatial_identity_q25_a40_multiscale.yaml,qwenfront_spatial_o2_4f196_vexpert109_alpha40_no_attention_v1_spatialmultiscale_v1_qualityidentity_v1_qwentrim25_v1,4,518,478,2,232,246,109,123,109,2,0.4,0.52,0.9,0.2,0.03,0.01,0.015,160,32,2,,0.612753091562633,0.612753091562633,0.4421320595268001,0.6521157429522574,8.688553810119629,6.82904577255249,,,,,optical_parallel16_energy_top2,"[0.5,0.20250895619392395,0.27464157342910767,0.022849462926387787]","[0.5,0.0,0.0,0.5]",54041,0,0,0,0,2026-09-03T12:56:01.241942+00:00
run,lgvq_spatial_identity_q25_a40_rank050,runs/lgvq_spatial_identity_q25_a40_rank050,spatial,complete,metrics_only,exploratory checkpoint pruned; configs/logs/metrics/figures retained,configs/release/spatial_identity_q25_a40_rank050.yaml,qwenfront_spatial_o2_4f196_vexpert109_alpha40_no_attention_v1_spatialgrid_v1_qualityidentity_v1_qwentrim25_v1,4,518,478,2,232,246,109,123,109,2,0.4,0.52,0.9,0.2,0.03,0.01,0.015,160,32,2,,0.6177909645359456,0.6177909645359456,0.4469471488578725,0.6581018888185693,8.881049156188965,6.9842209815979,,,,,optical_parallel16_energy_top2,"[0.375,0.17473118007183075,0.3333333432674408,0.11693548411130905]","[0.0,0.5,0.5,0.0]",178765,0,0,0,0,2026-09-03T13:09:09.720686+00:00
run,lgvq_spatial_identity_q25_a40_rank100,runs/lgvq_spatial_identity_q25_a40_rank100,spatial,complete,metrics_only,exploratory checkpoint pruned; configs/logs/metrics/figures retained,configs/release/spatial_identity_q25_a40_rank100.yaml,qwenfront_spatial_o2_4f196_vexpert109_alpha40_no_attention_v1_spatialgrid_v1_qualityidentity_v1_qwentrim25_v1,4,518,478,2,232,246,109,123,109,2,0.4,0.52,0.9,0.2,0.03,0.01,0.015,160,32,2,,0.61868409224938,0.61868409224938,0.44710164370271976,0.6576468758033044,8.740303039550781,6.861849784851074,,,,,optical_parallel16_energy_top2,"[0.2710573375225067,0.2654569745063782,0.2520161271095276,0.21146953105926514]","[0.0,0.5,0.5,0.0]",211081,0,0,0,0,2026-09-03T13:13:09.672034+00:00
run,lgvq_spatial_identity_q25_a40_soft000,runs/lgvq_spatial_identity_q25_a40_soft000,spatial,complete,metrics_only,exploratory checkpoint pruned; configs/logs/metrics/figures retained,configs/release/spatial_identity_q25_a40_soft000.yaml,qwenfront_spatial_o2_4f196_vexpert109_alpha40_no_attention_v1_spatialgrid_v1_qualityidentity_v1_qwentrim25_v1,4,518,478,2,232,246,109,123,109,2,0.4,0.52,0.9,0.2,0.03,0.01,0.015,160,32,2,,0.6062664329643106,0.6062664329643106,0.4374972141813828,0.6558355667267207,9.24683952331543,7.2396721839904785,,,,,optical_parallel16_energy_top2,"[0.3895609378814697,0.2316308170557022,0.25380823016166687,0.125]","[0.0,0.5,0.5,0.0]",60863,0,0,0,0,2026-09-03T12:55:57.169931+00:00
run,lgvq_spatial_identity_q25_a40_softsrcc_b128_w050,runs/lgvq_spatial_identity_q25_a40_softsrcc_b128_w050,spatial,complete,metrics_only,exploratory checkpoint pruned; configs/logs/metrics/figures retained,configs/release/spatial_identity_q25_a40_softsrcc_b128_w050.yaml,qwenfront_spatial_o2_4f196_vexpert109_alpha40_no_attention_v1_spatialgrid_v1_qualityidentity_v1_qwentrim25_v1,4,518,478,2,232,246,109,123,109,2,0.4,0.52,0.9,0.2,0.03,0.01,0.015,160,128,2,112,0.6170519291532415,0.6170519291532415,0.4452992038461686,0.6600285626392012,8.608917236328125,6.835585117340088,0.5335614788540534,0.08349045029918811,runs/lgvq_spatial_identity_q25_a40_softsrcc_b128_w050/best_observed_test_checkpoint.pt,55f37a4b1b9d56d49bdebe7a253eaae0c217f685a1749e96bac2317eea552bb2,optical_parallel16_energy_top2,"[0.32011649012565613,0.18369175493717194,0.25828853249549866,0.23790322244167328]","[0.0,0.5,0.5,0.0]",559037,0,0,0,0,2026-09-03T13:37:12.868225+00:00
run,lgvq_spatial_identity_q25_a40_softsrcc_b128_w100,runs/lgvq_spatial_identity_q25_a40_softsrcc_b128_w100,spatial,complete,metrics_only,exploratory checkpoint pruned; configs/logs/metrics/figures retained,configs/release/spatial_identity_q25_a40_softsrcc_b128_w100.yaml,qwenfront_spatial_o2_4f196_vexpert109_alpha40_no_attention_v1_spatialgrid_v1_qualityidentity_v1_qwentrim25_v1,4,518,478,2,232,246,109,123,109,2,0.4,0.52,0.9,0.2,0.03,0.01,0.015,160,128,2,,0.6104981357519295,0.6104981357519295,0.439917633417323,0.6570066190274251,8.591565132141113,6.814188003540039,,,,,optical_parallel16_energy_top2,"[0.3702957034111023,0.12544803321361542,0.37387993931770325,0.13037633895874023]","[0.5,0.5,0.0,0.0]",127224,0,0,0,0,2026-09-03T13:23:16.598907+00:00
run,lgvq_spatial_identity_q25_a40_soup_base_b128,runs/lgvq_spatial_identity_q25_a40_soup_base_b128,,checkpoint_only,metrics_only,exploratory checkpoint pruned; configs/logs/metrics/figures retained,,,,,,,,,,,,,,,,,,,,,,,,,,,,,,,,,,,"""""","""""",48983,0,0,0,0,2026-09-03T13:24:33.893554+00:00
run,lgvq_spatial_identity_q25_a40_stemall_lr020,runs/lgvq_spatial_identity_q25_a40_stemall_lr020,spatial,complete,metrics_only,exploratory checkpoint pruned; configs/logs/metrics/figures retained,configs/release/spatial_identity_q25_a40_stemall_lr020.yaml,qwenfront_spatial_o2_4f196_vexpert109_alpha40_no_attention_v1_spatialgrid_v1_qualityidentity_v1_qwentrim25_v1_trainableconv5_v1,4,518,478,2,232,246,109,123,109,2,0.4,0.52,0.9,0.2,0.03,0.001,0.0015,60,16,1,,0.6230546577133472,0.6230546577133472,0.4514146247880387,0.6632539716148618,8.572430610656738,6.777907371520996,,,,,optical_parallel16_energy_top2,"[0.23969534039497375,0.19802866876125336,0.36984768509864807,0.192428320646286]","[0.5,0.0,0.5,0.0]",67833,0,0,0,0,2026-09-03T14:00:10.538998+00:00
run,lgvq_spatial_identity_q25_a40_stemonly_lr010,runs/lgvq_spatial_identity_q25_a40_stemonly_lr010,spatial,complete,metrics_only,exploratory checkpoint pruned; configs/logs/metrics/figures retained,configs/release/spatial_identity_q25_a40_stemonly_lr010.yaml,qwenfront_spatial_o2_4f196_vexpert109_alpha40_no_attention_v1_spatialgrid_v1_qualityidentity_v1_qwentrim25_v1_trainableconv5_v1,4,518,478,2,232,246,109,123,109,2,0.4,0.52,0.9,0.2,0.03,0.01,0.015,60,16,1,,0.6230352148665966,0.6230352148665966,0.4513888756472308,0.6632556076582286,8.572368621826172,6.777869701385498,,,,,optical_parallel16_energy_top2,"[0.23969534039497375,0.19802866876125336,0.36984768509864807,0.192428320646286]","[0.5,0.0,0.5,0.0]",132537,0,0,0,0,2026-09-03T14:00:09.906996+00:00
run,lgvq_spatial_identity_q25_a40_stemonly_lr050,runs/lgvq_spatial_identity_q25_a40_stemonly_lr050,spatial,complete,metrics_only,exploratory checkpoint pruned; configs/logs/metrics/figures retained,configs/release/spatial_identity_q25_a40_stemonly_lr050.yaml,qwenfront_spatial_o2_4f196_vexpert109_alpha40_no_attention_v1_spatialgrid_v1_qualityidentity_v1_qwentrim25_v1_trainableconv5_v1,4,518,478,2,232,246,109,123,109,2,0.4,0.52,0.9,0.2,0.03,0.01,0.015,60,16,1,,0.6230352148665966,0.6230352148665966,0.4513888756472308,0.6632556076582286,8.572368621826172,6.777869701385498,,,,,optical_parallel16_energy_top2,"[0.23969534039497375,0.19802866876125336,0.36984768509864807,0.192428320646286]","[0.5,0.0,0.5,0.0]",138264,0,0,0,0,2026-09-03T14:00:11.547003+00:00
run,lgvq_spatial_identity_q25_a40_stemonly_lr100,runs/lgvq_spatial_identity_q25_a40_stemonly_lr100,spatial,complete,metrics_only,exploratory checkpoint pruned; configs/logs/metrics/figures retained,configs/release/spatial_identity_q25_a40_stemonly_lr100.yaml,qwenfront_spatial_o2_4f196_vexpert109_alpha40_no_attention_v1_spatialgrid_v1_qualityidentity_v1_qwentrim25_v1_trainableconv5_v1,4,518,478,2,232,246,109,123,109,2,0.4,0.52,0.9,0.2,0.03,0.01,0.015,60,16,1,,0.6230546577133472,0.6230546577133472,0.4514146247880387,0.6632539716148618,8.572430610656738,6.777907371520996,,,,,optical_parallel16_energy_top2,"[0.23969534039497375,0.19802866876125336,0.36984768509864807,0.192428320646286]","[0.5,0.0,0.5,0.0]",118917,0,0,0,0,2026-09-03T14:00:10.987000+00:00
run,lgvq_spatial_identity_q25_a40_stemread_lr010,runs/lgvq_spatial_identity_q25_a40_stemread_lr010,spatial,complete,metrics_only,exploratory checkpoint pruned; configs/logs/metrics/figures retained,configs/release/spatial_identity_q25_a40_stemread_lr010.yaml,qwenfront_spatial_o2_4f196_vexpert109_alpha40_no_attention_v1_spatialgrid_v1_qualityidentity_v1_qwentrim25_v1_trainableconv5_v1,4,518,478,2,232,246,109,123,109,2,0.4,0.52,0.9,0.2,0.03,0.01,0.015,60,16,1,,0.6230352148665966,0.6230352148665966,0.4513888756472308,0.6632556076582286,8.572368621826172,6.777869701385498,,,,,optical_parallel16_energy_top2,"[0.23969534039497375,0.19802866876125336,0.36984768509864807,0.192428320646286]","[0.5,0.0,0.5,0.0]",76073,0,0,0,0,2026-09-03T14:00:07.774987+00:00
run,lgvq_spatial_identity_q25_a40_stemread_lr050,runs/lgvq_spatial_identity_q25_a40_stemread_lr050,spatial,complete,metrics_only,exploratory checkpoint pruned; configs/logs/metrics/figures retained,configs/release/spatial_identity_q25_a40_stemread_lr050.yaml,qwenfront_spatial_o2_4f196_vexpert109_alpha40_no_attention_v1_spatialgrid_v1_qualityidentity_v1_qwentrim25_v1_trainableconv5_v1,4,518,478,2,232,246,109,123,109,2,0.4,0.52,0.9,0.2,0.03,0.01,0.015,60,16,1,,0.6230352148665966,0.6230352148665966,0.4513888756472308,0.6632556076582286,8.572368621826172,6.777869701385498,,,,,optical_parallel16_energy_top2,"[0.23969534039497375,0.19802866876125336,0.36984768509864807,0.192428320646286]","[0.5,0.0,0.5,0.0]",73435,0,0,0,0,2026-09-03T14:00:03.322968+00:00
run,lgvq_spatial_identity_q25_a40_warm_srcc_all20,runs/lgvq_spatial_identity_q25_a40_warm_srcc_all20,spatial,complete,metrics_only,exploratory checkpoint pruned; configs/logs/metrics/figures retained,configs/release/spatial_identity_q25_a40_warm_srcc_all20.yaml,qwenfront_spatial_o2_4f196_vexpert109_alpha40_no_attention_v1_spatialgrid_v1_qualityidentity_v1_qwentrim25_v1,4,518,478,2,232,246,109,123,109,2,0.4,0.52,0.9,0.2,0.03,0.001,0.0015,60,128,1,0,0.6230316232927742,0.6230316232927742,0.4513888756472308,0.6632533349325163,8.572441101074219,6.777920246124268,0.5421517636814432,0.08087985961133093,runs/lgvq_spatial_identity_q25_a40_warm_srcc_all20/best_observed_test_checkpoint.pt,4a4ae6962ac58efb88ce6671a6f63368ddd924c5b5a5b848e43682bf6b5fbbc1,optical_parallel16_energy_top2,"[0.23969534039497375,0.19802866876125336,0.36984768509864807,0.192428320646286]","[0.5,0.0,0.5,0.0]",458876,0,0,0,0,2026-09-03T13:29:24.081333+00:00
run,lgvq_spatial_identity_q25_a40_warm_srcc_all50,runs/lgvq_spatial_identity_q25_a40_warm_srcc_all50,spatial,complete,metrics_only,exploratory checkpoint pruned; configs/logs/metrics/figures retained,configs/release/spatial_identity_q25_a40_warm_srcc_all50.yaml,qwenfront_spatial_o2_4f196_vexpert109_alpha40_no_attention_v1_spatialgrid_v1_qualityidentity_v1_qwentrim25_v1,4,518,478,2,232,246,109,123,109,2,0.4,0.52,0.9,0.2,0.03,0.002,0.003,60,128,1,0,0.6230316232927742,0.6230316232927742,0.4513888756472308,0.6632533349325163,8.572441101074219,6.777920246124268,0.5421517636814432,0.08087985961133093,runs/lgvq_spatial_identity_q25_a40_warm_srcc_all50/best_observed_test_checkpoint.pt,8695c45f430efa32e4b9bad1832d9cc6c4cf5f4c35fb2781e8c2ea6b4e99c3e4,optical_parallel16_energy_top2,"[0.23969534039497375,0.19802866876125336,0.36984768509864807,0.192428320646286]","[0.5,0.0,0.5,0.0]",458974,0,0,0,0,2026-09-03T13:31:01.492140+00:00
run,lgvq_spatial_identity_q25_a40_warm_srcc_readout,runs/lgvq_spatial_identity_q25_a40_warm_srcc_readout,spatial,complete,metrics_only,exploratory checkpoint pruned; configs/logs/metrics/figures retained,configs/release/spatial_identity_q25_a40_warm_srcc_readout.yaml,qwenfront_spatial_o2_4f196_vexpert109_alpha40_no_attention_v1_spatialgrid_v1_qualityidentity_v1_qwentrim25_v1,4,518,478,2,232,246,109,123,109,2,0.4,0.52,0.9,0.2,0.03,0.01,0.015,60,128,1,0,0.6230545886446198,0.6230545886446198,0.45140175021763473,0.6632541238253861,8.572431564331055,6.777914524078369,0.5421543192243554,0.0809002694202644,runs/lgvq_spatial_identity_q25_a40_warm_srcc_readout/best_observed_test_checkpoint.pt,9affc345d0164a2350ff6ed21f74fb1e43a9fc03ee98a9f03a3ed8ffaa555911,optical_parallel16_energy_top2,"[0.23969534039497375,0.19802866876125336,0.36984768509864807,0.192428320646286]","[0.5,0.0,0.5,0.0]",456107,0,0,0,0,2026-09-03T13:27:27.602890+00:00
run,lgvq_spatial_qwenfront_o2_4f109_dc20,runs/lgvq_spatial_qwenfront_o2_4f109_dc20,spatial,complete,metrics_only,exploratory checkpoint pruned; configs/logs/metrics/figures retained,configs/release/spatial.yaml,qwenfront_spatial_o2_4f49_vexpert109_alpha50_no_attention_v1,4,518,478,2,232,246,109,123,109,2,0.5,0.57,0.9,0.2,0.03,0.01,0.015,120,64,5,50,0.48966035971596555,0.48966035971596555,0.3416074138128606,0.5247391294130318,10.032986640930176,7.987234592437744,0.4815316611934927,0.008128698522472833,runs/lgvq_spatial_qwenfront_o2_4f109_dc20/best_observed_test_checkpoint.pt,5c3533b73408d2976ffbe1b61c589a0a3e4459d84460eff84496cb90922f330f,optical_parallel16_energy_top2,"[0.0,0.5,0.0,0.5]","[0.0,0.5,0.5,0.0]",402784,0,0,0,0,2026-09-03T09:10:11.691699+00:00
run,lgvq_spatial_qwenfront_o2_4f109_dc20_batch8_probe_20260903,runs/lgvq_spatial_qwenfront_o2_4f109_dc20_batch8_probe_20260903,spatial,complete,metrics_only,exploratory checkpoint pruned; configs/logs/metrics/figures retained,configs/release/spatial.yaml,qwenfront_spatial_o2_4f49_vexpert109_alpha50_no_attention_v1,4,518,478,2,232,246,109,123,109,2,0.5,0.57,0.9,0.2,0.03,0.01,0.015,120,8,5,,0.43059565043369796,0.43059565043369796,0.29731889162331754,0.4580261705456986,10.248082160949707,8.232987403869629,,,,,optical_parallel16_energy_top2,"[0.0051523298025131226,0.5,0.0,0.49484768509864807]","[0.0,0.5,0.5,0.0]",17162,0,0,0,0,2026-09-03T08:52:45.796330+00:00
run,lgvq_spatial_qwenfront_o2_4f109_dc20_highres14,runs/lgvq_spatial_qwenfront_o2_4f109_dc20_highres14,spatial,complete,metrics_only,exploratory checkpoint pruned; configs/logs/metrics/figures retained,configs/release/spatial_highres.yaml,qwenfront_spatial_o2_4f196_vexpert109_alpha50_no_attention_v1_spatialgrid_v1_qualityconv_v1,4,518,478,2,232,246,109,123,109,2,0.5,0.57,0.9,0.2,0.03,0.012,0.018,120,32,5,,0.513169144308514,0.513169144308514,0.3592970735478699,0.5617226902006188,9.65151309967041,7.6481242179870605,,,,,optical_parallel16_energy_top2,"[0.34117382764816284,0.125,0.375,0.15882615745067596]","[0.5,0.0,0.0,0.5]",107416,0,0,0,0,2026-09-03T09:52:11.135420+00:00
run,lgvq_spatial_qwenfront_o2_4f109_dc20_highres14_balanced,runs/lgvq_spatial_qwenfront_o2_4f109_dc20_highres14_balanced,spatial,complete,metrics_only,exploratory checkpoint pruned; configs/logs/metrics/figures retained,configs/release/spatial_highres_balanced.yaml,qwenfront_spatial_o2_4f196_vexpert109_alpha50_no_attention_v1_spatialgrid_v1_qualityconv_v1,4,518,478,2,232,246,109,123,109,2,0.5,0.57,0.9,0.2,0.03,0.01,0.015,120,32,5,,0.5204700285862885,0.5204700285862885,0.36659169717079276,0.5738318622278512,9.385659217834473,7.427908420562744,,,,,optical_parallel16_energy_top2,"[0.25,0.25,0.25,0.25]","[0.5,0.5,0.0,0.0]",87323,0,0,0,0,2026-09-03T09:52:15.299261+00:00
run,lgvq_spatial_qwenfront_o2_4f109_dc20_highres14_quality,runs/lgvq_spatial_qwenfront_o2_4f109_dc20_highres14_quality,spatial,complete,metrics_only,exploratory checkpoint pruned; configs/logs/metrics/figures retained,configs/release/spatial_highres_quality.yaml,qwenfront_spatial_o2_4f196_vexpert109_alpha50_no_attention_v1_spatialgrid_v1_qualityconv_v1,4,518,478,2,232,246,109,123,109,2,0.5,0.57,0.9,0.2,0.03,0.012,0.018,120,32,5,,0.5075105852168208,0.5075105852168208,0.3554990752787085,0.5559807353282231,9.99125862121582,7.957691192626953,,,,,optical_parallel16_energy_top2,"[0.2405913919210434,0.12634408473968506,0.3631272315979004,0.26993727684020996]","[0.5,0.5,0.0,0.0]",107397,0,0,0,0,2026-09-03T09:52:18.291146+00:00
run,lgvq_spatial_qwenfront_o2_4f109_dc20_multiscale_warm_best,runs/lgvq_spatial_qwenfront_o2_4f109_dc20_multiscale_warm_best,spatial,complete,metrics_only,exploratory checkpoint pruned; configs/logs/metrics/figures retained,configs/release/spatial_multiscale_warm_best.yaml,qwenfront_spatial_o2_4f196_vexpert109_alpha50_no_attention_v1_spatialmultiscale_v1,4,518,478,2,232,246,109,123,109,2,0.5,0.57,0.9,0.2,0.03,0.006,0.009,80,32,5,,0.6007918038935652,0.6007918038935652,0.4319740234780939,0.6435395031895014,9.212899208068848,7.194507122039795,,,,,optical_parallel16_energy_top2,"[0.254928320646286,0.245071679353714,0.25,0.25]","[0.0,0.5,0.0,0.5]",33690,0,0,0,0,2026-09-03T10:11:39.609885+00:00
run,lgvq_spatial_qwenfront_o2_4f109_dc20_multiscale_warm_seed42,runs/lgvq_spatial_qwenfront_o2_4f109_dc20_multiscale_warm_seed42,spatial,complete,metrics_only,exploratory checkpoint pruned; configs/logs/metrics/figures retained,configs/release/spatial_multiscale_warm_seed42.yaml,qwenfront_spatial_o2_4f196_vexpert109_alpha50_no_attention_v1_spatialmultiscale_v1,4,518,478,2,232,246,109,123,109,2,0.5,0.57,0.9,0.2,0.03,0.008,0.012,80,32,5,,0.5955490385405524,0.5955490385405524,0.42910299427801596,0.6468298399109399,8.903240203857422,6.972804069519043,,,,,optical_parallel16_energy_top2,"[0.25,0.3147401511669159,0.1852598637342453,0.25]","[0.0,0.5,0.0,0.5]",36830,0,0,0,0,2026-09-03T10:11:42.877790+00:00
run,lgvq_spatial_qwenfront_o2_4f109_dc20_pyramid_r050_rank,runs/lgvq_spatial_qwenfront_o2_4f109_dc20_pyramid_r050_rank,spatial,complete,metrics_only,exploratory checkpoint pruned; configs/logs/metrics/figures retained,configs/release/spatial_pyramid_r050_rank.yaml,qwenfront_spatial_o2_4f196_vexpert109_alpha50_no_attention_v1_spatialpyramidresidual_rmax500_v1,4,518,478,2,232,246,109,123,109,2,0.5,0.57,0.9,0.2,0.03,0.006,0.009,80,32,5,,0.6067356858979641,0.6067356858979641,0.43828256297602297,0.652187677873499,8.984587669372559,7.081130027770996,,,,,optical_parallel16_energy_top2,"[0.25,0.13351254165172577,0.375,0.24148745834827423]","[0.5,0.0,0.0,0.5]",36104,0,0,0,0,2026-09-03T11:21:51.017749+00:00
run,lgvq_spatial_qwenfront_o2_4f109_dc20_pyramid_r075_fast,runs/lgvq_spatial_qwenfront_o2_4f109_dc20_pyramid_r075_fast,spatial,complete,metrics_only,exploratory checkpoint pruned; configs/logs/metrics/figures retained,configs/release/spatial_pyramid_r075_fast.yaml,qwenfront_spatial_o2_4f196_vexpert109_alpha50_no_attention_v1_spatialpyramidresidual_rmax750_v1,4,518,478,2,232,246,109,123,109,2,0.5,0.57,0.9,0.2,0.03,0.006,0.009,80,32,5,,0.6065331418549941,0.6065331418549941,0.43807656984956,0.6521885755526722,9.04702377319336,7.137484073638916,,,,,optical_parallel16_energy_top2,"[0.25,0.13351254165172577,0.375,0.24148745834827423]","[0.5,0.0,0.0,0.5]",36501,0,0,0,0,2026-09-03T11:21:54.009825+00:00
run,lgvq_spatial_qwenfront_o2_4f109_dc20_pyramid_r100_kd1,runs/lgvq_spatial_qwenfront_o2_4f109_dc20_pyramid_r100_kd1,spatial,complete,metrics_only,exploratory checkpoint pruned; configs/logs/metrics/figures retained,configs/release/spatial_pyramid_r100_kd1.yaml,qwenfront_spatial_o2_4f196_vexpert109_alpha50_no_attention_v1_spatialpyramidresidual_rmax1000_v1,4,518,478,2,232,246,109,123,109,2,0.5,0.57,0.9,0.2,0.03,0.006,0.009,80,32,5,,0.6063024868399902,0.6063024868399902,0.4377418310190576,0.6521120767892613,8.781572341918945,6.900825500488281,,,,,optical_parallel16_energy_top2,"[0.25,0.13351254165172577,0.375,0.24148745834827423]","[0.5,0.0,0.0,0.5]",36099,0,0,0,0,2026-09-03T11:21:51.277755+00:00
run,lgvq_spatial_qwenfront_o2_4f109_dc20_pyramid_r100_rank,runs/lgvq_spatial_qwenfront_o2_4f109_dc20_pyramid_r100_rank,spatial,complete,metrics_only,exploratory checkpoint pruned; configs/logs/metrics/figures retained,configs/release/spatial_pyramid_r100_rank.yaml,qwenfront_spatial_o2_4f196_vexpert109_alpha50_no_attention_v1_spatialpyramidresidual_rmax1000_v1,4,518,478,2,232,246,109,123,109,2,0.5,0.57,0.9,0.2,0.03,0.006,0.009,80,32,5,,0.6059975138743519,0.6059975138743519,0.4373555939069395,0.6525999687068587,8.769620895385742,6.9075493812561035,,,,,optical_parallel16_energy_top2,"[0.25,0.13351254165172577,0.375,0.24148745834827423]","[0.5,0.0,0.0,0.5]",40764,0,0,0,0,2026-09-03T11:21:54.481838+00:00
run,lgvq_spatial_qwenfront_o2_4f109_dc20_pyramid_r200_kd2,runs/lgvq_spatial_qwenfront_o2_4f109_dc20_pyramid_r200_kd2,spatial,complete,metrics_only,exploratory checkpoint pruned; configs/logs/metrics/figures retained,configs/release/spatial_pyramid_r200_kd2.yaml,qwenfront_spatial_o2_4f196_vexpert109_alpha50_no_attention_v1_spatialpyramidresidual_rmax2000_v1,4,518,478,2,232,246,109,123,109,2,0.5,0.57,0.9,0.2,0.03,0.006,0.009,80,32,5,,0.6063240362829252,0.6063240362829252,0.43761308531501825,0.6521973165149347,8.748658180236816,6.879408359527588,,,,,optical_parallel16_energy_top2,"[0.25,0.13351254165172577,0.375,0.24148745834827423]","[0.5,0.0,0.0,0.5]",36529,0,0,0,0,2026-09-03T11:21:49.133700+00:00
run,lgvq_spatial_qwenfront_o2_4f109_dc20_pyramid_r200_rank,runs/lgvq_spatial_qwenfront_o2_4f109_dc20_pyramid_r200_rank,spatial,complete,metrics_only,exploratory checkpoint pruned; configs/logs/metrics/figures retained,configs/release/spatial_pyramid_r200_rank.yaml,qwenfront_spatial_o2_4f196_vexpert109_alpha50_no_attention_v1_spatialpyramidresidual_rmax2000_v1,4,518,478,2,232,246,109,123,109,2,0.5,0.57,0.9,0.2,0.03,0.006,0.009,80,32,5,,0.6058017040322989,0.6058017040322989,0.43739421761815134,0.651956386684696,8.656458854675293,6.806682109832764,,,,,optical_parallel16_energy_top2,"[0.25,0.13351254165172577,0.375,0.24148745834827423]","[0.5,0.0,0.0,0.5]",39907,0,0,0,0,2026-09-03T11:21:50.793743+00:00
run,lgvq_spatial_qwenfront_o2_4f109_dc20_readout_only_best,runs/lgvq_spatial_qwenfront_o2_4f109_dc20_readout_only_best,spatial,complete,metrics_only,exploratory checkpoint pruned; configs/logs/metrics/figures retained,configs/release/spatial_readout_only_best.yaml,qwenfront_spatial_o2_4f196_vexpert109_alpha50_no_attention_v1_spatialgridresidual_v1,4,518,478,2,232,246,109,123,109,2,0.5,0.57,0.9,0.2,0.03,0.004,0.006,80,32,5,,0.5442750054290797,0.5442750054290797,0.38420936727948785,0.5885999432631983,9.180715560913086,7.285261631011963,,,,,optical_parallel16_energy_top2,"[0.5,0.14986559748649597,0.35013440251350403,0.0]","[0.5,0.5,0.0,0.0]",33349,0,0,0,0,2026-09-03T10:24:12.089868+00:00
run,lgvq_spatial_qwenfront_o2_4f109_dc20_readout_only_r008_best,runs/lgvq_spatial_qwenfront_o2_4f109_dc20_readout_only_r008_best,spatial,complete,metrics_only,exploratory checkpoint pruned; configs/logs/metrics/figures retained,configs/release/spatial_readout_only_best.yaml,qwenfront_spatial_o2_4f196_vexpert109_alpha50_no_attention_v1_spatialgridresidual_rmax080_v1,4,518,478,2,232,246,109,123,109,2,0.5,0.57,0.9,0.2,0.03,0.004,0.006,80,32,5,70,0.6041593878332391,0.57117022972387,0.4059545166917374,0.6153649687310183,9.224832534790039,7.279147148132324,0.4529507110044996,0.11821951871937042,runs/lgvq_spatial_qwenfront_o2_4f109_dc20_readout_only_r008_best/best_observed_test_checkpoint.pt,4c2b216a32512369a71e1fc0c2e3907b0ea5db3dad1b536e58d2d10116f90de2,optical_parallel16_energy_top2,"[0.5,0.14986559748649597,0.35013440251350403,0.0]","[0.5,0.5,0.0,0.0]",352388,0,0,0,0,2026-09-03T10:50:34.946996+00:00
run,lgvq_spatial_qwenfront_o2_4f109_dc20_readout_only_r012_seed42,runs/lgvq_spatial_qwenfront_o2_4f109_dc20_readout_only_r012_seed42,spatial,complete,metrics_only,exploratory checkpoint pruned; configs/logs/metrics/figures retained,configs/release/spatial_readout_only_seed42.yaml,qwenfront_spatial_o2_4f196_vexpert109_alpha50_no_attention_v1_spatialgridresidual_rmax120_v1,4,518,478,2,232,246,109,123,109,2,0.5,0.57,0.9,0.2,0.03,0.006,0.009,80,32,5,60,0.6056523774437562,0.5451722081974281,0.3878142469925902,0.6055800623557067,9.143349647521973,7.2396721839904785,0.5270953336677556,0.018076874529672438,runs/lgvq_spatial_qwenfront_o2_4f109_dc20_readout_only_r012_seed42/best_observed_test_checkpoint.pt,99be0b51db98728e93e648f3a12bb30e1cc65b74744aa9bca64b50fdc16ee5ee,optical_parallel16_energy_top2,"[0.5,0.05801971256732941,0.4419802725315094,0.0]","[0.5,0.5,0.0,0.0]",356081,0,0,0,0,2026-09-03T10:50:32.870912+00:00
run,lgvq_spatial_qwenfront_o2_4f109_dc20_readout_only_seed42,runs/lgvq_spatial_qwenfront_o2_4f109_dc20_readout_only_seed42,spatial,complete,metrics_only,exploratory checkpoint pruned; configs/logs/metrics/figures retained,configs/release/spatial_readout_only_seed42.yaml,qwenfront_spatial_o2_4f196_vexpert109_alpha50_no_attention_v1_spatialgridresidual_v1,4,518,478,2,232,246,109,123,109,2,0.5,0.57,0.9,0.2,0.03,0.006,0.009,80,32,5,,0.528884524515537,0.528884524515537,0.3712704240235313,0.5843671854101488,9.329996109008789,7.385251045227051,,,,,optical_parallel16_energy_top2,"[0.5,0.05801971256732941,0.4419802725315094,0.0]","[0.5,0.5,0.0,0.0]",33766,0,0,0,0,2026-09-03T10:24:12.986020+00:00
run,lgvq_spatial_qwenfront_o2_4f109_dc20_residual_only_best,runs/lgvq_spatial_qwenfront_o2_4f109_dc20_residual_only_best,spatial,complete,metrics_only,exploratory checkpoint pruned; configs/logs/metrics/figures retained,configs/release/spatial_residual_only_best.yaml,qwenfront_spatial_o2_4f196_vexpert109_alpha50_no_attention_v1_spatialgridresidual_v1,4,518,478,2,232,246,109,123,109,2,0.5,0.57,0.9,0.2,0.03,0.004,0.006,80,32,5,,0.5463215463549879,0.5463215463549879,0.3842479909906997,0.6119067259981907,9.173229217529297,7.253289222717285,,,,,optical_parallel16_energy_top2,"[0.5,0.14986559748649597,0.35013440251350403,0.0]","[0.5,0.5,0.0,0.0]",33152,0,0,0,0,2026-09-03T10:24:10.405581+00:00
run,lgvq_spatial_qwenfront_o2_4f109_dc20_residual_only_r008_best,runs/lgvq_spatial_qwenfront_o2_4f109_dc20_residual_only_r008_best,spatial,complete,metrics_only,exploratory checkpoint pruned; configs/logs/metrics/figures retained,configs/release/spatial_residual_only_best.yaml,qwenfront_spatial_o2_4f196_vexpert109_alpha50_no_attention_v1_spatialgridresidual_rmax080_v1,4,518,478,2,232,246,109,123,109,2,0.5,0.57,0.9,0.2,0.03,0.004,0.006,80,32,5,0,0.6057403019336799,0.3574856427718642,0.24533137633222019,0.3608264214287617,11.351042747497559,9.08962631225586,-0.11670943459883266,0.4741950773706968,runs/lgvq_spatial_qwenfront_o2_4f109_dc20_residual_only_r008_best/best_observed_test_checkpoint.pt,0399c661fdc561cac63de6d67fff86bdf2ea03deb88e22950ab704c89d3b5c36,optical_parallel16_energy_top2,"[0.5,0.14986559748649597,0.35013440251350403,0.0]","[0.5,0.5,0.0,0.0]",364306,0,0,0,0,2026-09-03T10:50:34.958997+00:00
run,lgvq_spatial_qwenfront_o2_4f109_dc20_residual_only_r012_seed42,runs/lgvq_spatial_qwenfront_o2_4f109_dc20_residual_only_r012_seed42,spatial,complete,metrics_only,exploratory checkpoint pruned; configs/logs/metrics/figures retained,configs/release/spatial_residual_only_seed42.yaml,qwenfront_spatial_o2_4f196_vexpert109_alpha50_no_attention_v1_spatialgridresidual_rmax120_v1,4,518,478,2,232,246,109,123,109,2,0.5,0.57,0.9,0.2,0.03,0.006,0.009,80,32,5,0,0.6056523774437562,0.15821221124822693,0.10547491803425331,0.16879482042532776,11.719728469848633,9.569450378417969,0.03768690213481939,0.12052530911340753,runs/lgvq_spatial_qwenfront_o2_4f109_dc20_residual_only_r012_seed42/best_observed_test_checkpoint.pt,06607f8c9b11f1b77bc1f19c6f45430538cf2f101932e45f45ecbd8c3f2d2c01,optical_parallel16_energy_top2,"[0.5,0.05801971256732941,0.4419802725315094,0.0]","[0.5,0.5,0.0,0.0]",355507,0,0,0,0,2026-09-03T10:50:33.702945+00:00
run,lgvq_spatial_qwenfront_o2_4f109_dc20_residual_only_r030_seed42,runs/lgvq_spatial_qwenfront_o2_4f109_dc20_residual_only_r030_seed42,spatial,complete,metrics_only,exploratory checkpoint pruned; configs/logs/metrics/figures retained,configs/release/spatial_residual_only_r030_seed42.yaml,qwenfront_spatial_o2_4f196_vexpert109_alpha50_no_attention_v1_spatialgridresidual_rmax300_v1,4,518,478,2,232,246,109,123,109,2,0.5,0.57,0.9,0.2,0.03,0.006,0.009,100,32,5,55,0.6085775071159905,0.6085775071159905,0.44053561279671194,0.6561995025561423,8.792130470275879,6.882873058319092,0.5350166533363434,0.07356085377964705,runs/lgvq_spatial_qwenfront_o2_4f109_dc20_residual_only_r030_seed42/best_observed_test_checkpoint.pt,569b2cefb7395b8fa720db5ab8b47f4376d8a845cf0a3a88e3f143fd0595ca44,optical_parallel16_energy_top2,"[0.25,0.13351254165172577,0.375,0.24148745834827423]","[0.5,0.0,0.0,0.5]",386790,0,0,0,0,2026-09-03T10:59:52.196209+00:00
run,lgvq_spatial_qwenfront_o2_4f109_dc20_residual_only_r050_seed42,runs/lgvq_spatial_qwenfront_o2_4f109_dc20_residual_only_r050_seed42,spatial,complete,metrics_only,exploratory checkpoint pruned; configs/logs/metrics/figures retained,configs/release/spatial_residual_only_r050_seed42.yaml,qwenfront_spatial_o2_4f196_vexpert109_alpha50_no_attention_v1_spatialgridresidual_rmax500_v1,4,518,478,2,232,246,109,123,109,2,0.5,0.57,0.9,0.2,0.03,0.006,0.009,100,32,5,20,0.6072329116661966,0.6072329116661966,0.438488556102486,0.6528381660732341,8.771465301513672,6.873017311096191,0.5384214998544256,0.06881141181177108,runs/lgvq_spatial_qwenfront_o2_4f109_dc20_residual_only_r050_seed42/best_observed_test_checkpoint.pt,8cfef22f5b411c4e6258ba5102ed315b566ab867e08007107137a9643234dca5,optical_parallel16_energy_top2,"[0.25,0.13351254165172577,0.375,0.24148745834827423]","[0.5,0.0,0.0,0.5]",386803,0,0,0,0,2026-09-03T11:00:07.492143+00:00
run,lgvq_spatial_qwenfront_o2_4f109_dc20_residual_only_seed42,runs/lgvq_spatial_qwenfront_o2_4f109_dc20_residual_only_seed42,spatial,complete,metrics_only,exploratory checkpoint pruned; configs/logs/metrics/figures retained,configs/release/spatial_residual_only_seed42.yaml,qwenfront_spatial_o2_4f196_vexpert109_alpha50_no_attention_v1_spatialgridresidual_v1,4,518,478,2,232,246,109,123,109,2,0.5,0.57,0.9,0.2,0.03,0.006,0.009,80,32,5,,0.5400229964356182,0.5400229964356182,0.38106797210092724,0.6055546508077722,9.038387298583984,7.16396427154541,,,,,optical_parallel16_energy_top2,"[0.5,0.05801971256732941,0.4419802725315094,0.0]","[0.5,0.5,0.0,0.0]",34002,0,0,0,0,2026-09-03T10:24:13.422094+00:00
run,lgvq_spatial_qwenfront_o2_4f109_dc20_residual_rank_r030_seed42,runs/lgvq_spatial_qwenfront_o2_4f109_dc20_residual_rank_r030_seed42,spatial,complete,metrics_only,exploratory checkpoint pruned; configs/logs/metrics/figures retained,configs/release/spatial_residual_rank_r030_seed42.yaml,qwenfront_spatial_o2_4f196_vexpert109_alpha50_no_attention_v1_spatialgridresidual_rmax300_v1,4,518,478,2,232,246,109,123,109,2,0.5,0.57,0.9,0.2,0.03,0.006,0.009,100,64,5,10,0.6070059172937426,0.6070059172937426,0.4382568138352151,0.6525973594196433,8.930908203125,6.99570369720459,0.5314550208071643,0.07555089648657831,runs/lgvq_spatial_qwenfront_o2_4f109_dc20_residual_rank_r030_seed42/best_observed_test_checkpoint.pt,4dbfe9c80aae21e4db1013fbc0e0cc74f92531300f3de038ebac550c4c384f95,optical_parallel16_energy_top2,"[0.25,0.13351254165172577,0.375,0.24148745834827423]","[0.5,0.0,0.0,0.5]",386771,0,0,0,0,2026-09-03T11:03:56.048676+00:00
run,lgvq_spatial_qwenfront_o2_4f109_dc20_residual_rank_r050_seed42,runs/lgvq_spatial_qwenfront_o2_4f109_dc20_residual_rank_r050_seed42,spatial,complete,metrics_only,exploratory checkpoint pruned; configs/logs/metrics/figures retained,configs/release/spatial_residual_rank_r050_seed42.yaml,qwenfront_spatial_o2_4f196_vexpert109_alpha50_no_attention_v1_spatialgridresidual_rmax500_v1,4,518,478,2,232,246,109,123,109,2,0.5,0.57,0.9,0.2,0.03,0.006,0.009,100,64,5,5,0.6065381148033636,0.6065381148033636,0.43816669184238755,0.653461962490982,8.741508483886719,6.88421106338501,0.5347517402325713,0.07178637457079229,runs/lgvq_spatial_qwenfront_o2_4f109_dc20_residual_rank_r050_seed42/best_observed_test_checkpoint.pt,bcfd712f49db733df8495bfe1a7864b24be67955d7408b89220465eb6f03650b,optical_parallel16_energy_top2,"[0.25,0.13351254165172577,0.375,0.24148745834827423]","[0.5,0.0,0.0,0.5]",386878,0,0,0,0,2026-09-03T11:03:50.396633+00:00
run,lgvq_spatial_qwenfront_o2_4f109_dc20_residual_rank_r075_seed42,runs/lgvq_spatial_qwenfront_o2_4f109_dc20_residual_rank_r075_seed42,spatial,complete,metrics_only,exploratory checkpoint pruned; configs/logs/metrics/figures retained,configs/release/spatial_residual_rank_r075_seed42.yaml,qwenfront_spatial_o2_4f196_vexpert109_alpha50_no_attention_v1_spatialgridresidual_rmax750_v1,4,518,478,2,232,246,109,123,109,2,0.5,0.57,0.9,0.2,0.03,0.006,0.009,100,64,5,20,0.6070108902421123,0.6070108902421123,0.4389262914962198,0.6536587395536383,8.791022300720215,6.9253339767456055,0.5355090097592974,0.07150188048281492,runs/lgvq_spatial_qwenfront_o2_4f109_dc20_residual_rank_r075_seed42/best_observed_test_checkpoint.pt,806eeeee9e90612fe53641f848ea042239b9c1c7807c33e6d0d641f45f49df43,optical_parallel16_energy_top2,"[0.25,0.13351254165172577,0.375,0.24148745834827423]","[0.5,0.0,0.0,0.5]",386700,0,0,0,0,2026-09-03T11:02:51.648269+00:00
run,lgvq_spatial_qwenfront_o2_4f109_dc20_residual_rank_r100_seed42,runs/lgvq_spatial_qwenfront_o2_4f109_dc20_residual_rank_r100_seed42,spatial,complete,metrics_only,exploratory checkpoint pruned; configs/logs/metrics/figures retained,configs/release/spatial_residual_rank_r100_seed42.yaml,qwenfront_spatial_o2_4f196_vexpert109_alpha50_no_attention_v1_spatialgridresidual_rmax1000_v1,4,518,478,2,232,246,109,123,109,2,0.5,0.57,0.9,0.2,0.03,0.006,0.009,100,64,5,40,0.6072349491936536,0.6072349491936536,0.4390164134890474,0.6536387275507207,8.820791244506836,6.956086158752441,0.5357491962586762,0.07148575293497739,runs/lgvq_spatial_qwenfront_o2_4f109_dc20_residual_rank_r100_seed42/best_observed_test_checkpoint.pt,9dec3a236ab32b323caff592af01cc6086100941041e1be0e7fc846e372303b2,optical_parallel16_energy_top2,"[0.25,0.13351254165172577,0.375,0.24148745834827423]","[0.5,0.0,0.0,0.5]",386859,0,0,0,0,2026-09-03T11:03:56.028676+00:00
run,lgvq_spatial_qwenfront_o2_4f109_dc20_residual_warm_best,runs/lgvq_spatial_qwenfront_o2_4f109_dc20_residual_warm_best,spatial,complete,metrics_only,exploratory checkpoint pruned; configs/logs/metrics/figures retained,configs/release/spatial_residual_warm_best.yaml,qwenfront_spatial_o2_4f196_vexpert109_alpha50_no_attention_v1_spatialgridresidual_v1,4,518,478,2,232,246,109,123,109,2,0.5,0.57,0.9,0.2,0.03,0.004,0.006,60,32,5,,0.5898999073301433,0.5898999073301433,0.42391454240522936,0.6454809529928628,8.808164596557617,6.970966815948486,,,,,optical_parallel16_energy_top2,"[0.2504480183124542,0.24955196678638458,0.25,0.25]","[0.0,0.5,0.0,0.5]",28657,0,0,0,0,2026-09-03T10:17:29.700701+00:00
run,lgvq_spatial_qwenfront_o2_4f109_dc20_residual_warm_seed42,runs/lgvq_spatial_qwenfront_o2_4f109_dc20_residual_warm_seed42,spatial,complete,metrics_only,exploratory checkpoint pruned; configs/logs/metrics/figures retained,configs/release/spatial_residual_warm_seed42.yaml,qwenfront_spatial_o2_4f196_vexpert109_alpha50_no_attention_v1_spatialgridresidual_v1,4,518,478,2,232,246,109,123,109,2,0.5,0.57,0.9,0.2,0.03,0.006,0.009,60,32,5,,0.5975790375062588,0.5975790375062588,0.43136891866910887,0.6431106533760477,8.867924690246582,6.953353404998779,,,,,optical_parallel16_energy_top2,"[0.25,0.13575269281864166,0.3747759759426117,0.23947133123874664]","[0.0,0.5,0.0,0.5]",28729,0,0,0,0,2026-09-03T10:17:31.350367+00:00
run,lgvq_spatial_qwenfront_o2_4f109_dc20_spatialgrid,runs/lgvq_spatial_qwenfront_o2_4f109_dc20_spatialgrid,spatial,complete,metrics_only,exploratory checkpoint pruned; configs/logs/metrics/figures retained,configs/release/spatial_accuracy.yaml,qwenfront_spatial_o2_4f49_vexpert109_alpha50_no_attention_v1_spatialgrid_v1_qualityconv_v1,4,518,478,2,232,246,109,123,109,2,0.5,0.57,0.9,0.2,0.03,0.012,0.018,120,64,5,,0.5153234324490967,0.5153234324490967,0.3634684343587455,0.5681819257261435,9.32456111907959,7.41073751449585,,,,,optical_parallel16_energy_top2,"[0.125,0.375,0.125,0.375]","[0.5,0.0,0.0,0.5]",79407,0,0,0,0,2026-09-03T09:26:07.302100+00:00
run,lgvq_spatial_qwenfront_o2_4f109_dc20_spatialgrid_linear_probe_20260903_171607,runs/lgvq_spatial_qwenfront_o2_4f109_dc20_spatialgrid_linear_probe_20260903_171607,spatial,complete,metrics_only,exploratory checkpoint pruned; configs/logs/metrics/figures retained,configs/release/spatial_accuracy.yaml,qwenfront_spatial_o2_4f49_vexpert109_alpha50_no_attention_v1_spatialgrid_v1,4,518,478,2,232,246,109,123,109,2,0.5,0.57,0.9,0.2,0.03,0.012,0.018,120,64,5,,0.48543255931144225,0.48543255931144225,0.34069331931418106,0.519675602716261,10.006311416625977,7.907116413116455,,,,,optical_parallel16_energy_top2,"[0.38127240538597107,0.26500895619392395,0.17159497737884521,0.18212366104125977]","[0.5,0.0,0.0,0.5]",93568,0,0,0,0,2026-09-03T09:16:03.600471+00:00
run,lgvq_spatial_qwenfront_o2_4f109_dc20_stemwarm,runs/lgvq_spatial_qwenfront_o2_4f109_dc20_stemwarm,spatial,complete,metrics_only,exploratory checkpoint pruned; configs/logs/metrics/figures retained,configs/release/spatial_stem_warmstart.yaml,qwenfront_spatial_o2_4f196_vexpert109_alpha50_no_attention_v1_spatialgrid_v1,4,518,478,2,232,246,109,123,109,2,0.5,0.57,0.9,0.2,0.03,0.01,0.015,120,32,5,25,0.6041593878332391,0.6041593878332391,0.4347034324037285,0.6535975988415286,8.904228210449219,7.006100654602051,0.5699269926314704,0.034232395201768684,runs/lgvq_spatial_qwenfront_o2_4f109_dc20_stemwarm/best_observed_test_checkpoint.pt,3bcc79794a9c66def0ec51b93a0644513a71fff3e90e82f329ba2bca6c8b2557,optical_parallel16_energy_top2,"[0.25,0.25,0.25,0.25]","[0.0,0.5,0.0,0.5]",405977,0,0,0,0,2026-09-03T10:33:42.748904+00:00
run,lgvq_spatial_qwenfront_o2_4f109_dc20_stemwarm_seed42,runs/lgvq_spatial_qwenfront_o2_4f109_dc20_stemwarm_seed42,spatial,complete,metrics_only,exploratory checkpoint pruned; configs/logs/metrics/figures retained,configs/release/spatial_stem_seed42.yaml,qwenfront_spatial_o2_4f196_vexpert109_alpha50_no_attention_v1_spatialgrid_v1,4,518,478,2,232,246,109,123,109,2,0.5,0.57,0.9,0.2,0.03,0.01,0.015,120,32,5,20,0.6056523774437562,0.6056523774437562,0.43734271933653557,0.6519353435934084,8.624334335327148,6.772994041442871,0.5378135569162421,0.06783882052751411,runs/lgvq_spatial_qwenfront_o2_4f109_dc20_stemwarm_seed42/best_observed_test_checkpoint.pt,273bef93cbcfb513b78a7d4b22ae8b57d1f62adb1ec1fdae16f7c2019687afbf,optical_parallel16_energy_top2,"[0.25,0.13351254165172577,0.375,0.24148745834827423]","[0.5,0.0,0.0,0.5]",402704,0,0,0,0,2026-09-03T10:10:42.307557+00:00
run,lgvq_spatial_qwenfront_o2_4f109_dc20_stemwarm_seed43,runs/lgvq_spatial_qwenfront_o2_4f109_dc20_stemwarm_seed43,spatial,complete,metrics_only,exploratory checkpoint pruned; configs/logs/metrics/figures retained,configs/release/spatial_stem_seed43.yaml,qwenfront_spatial_o2_4f196_vexpert109_alpha50_no_attention_v1_spatialgrid_v1,4,518,478,2,232,246,109,123,109,2,0.5,0.57,0.9,0.2,0.03,0.01,0.015,120,32,5,25,0.6040308163972667,0.6040308163972667,0.43505104580463483,0.6497625609381243,9.216354370117188,7.17502498626709,0.5668135125397376,0.037217303857529194,runs/lgvq_spatial_qwenfront_o2_4f109_dc20_stemwarm_seed43/best_observed_test_checkpoint.pt,616e19edca55418de1448390704c15181a981d0238cd6ed5d7758450c49d9eac,optical_parallel16_energy_top2,"[0.2668010890483856,0.33938172459602356,0.15793010592460632,0.2358870953321457]","[0.5,0.0,0.5,0.0]",403322,0,0,0,0,2026-09-03T10:14:19.421254+00:00
run,lgvq_spatial_qwenfront_o2_4f109_dc20_stemwarm_seed44,runs/lgvq_spatial_qwenfront_o2_4f109_dc20_stemwarm_seed44,spatial,complete,metrics_only,exploratory checkpoint pruned; configs/logs/metrics/figures retained,configs/release/spatial_stem_seed44.yaml,qwenfront_spatial_o2_4f196_vexpert109_alpha50_no_attention_v1_spatialgrid_v1,4,518,478,2,232,246,109,123,109,2,0.5,0.57,0.9,0.2,0.03,0.01,0.015,120,32,5,10,0.6021239324380714,0.6021239324380714,0.4344845647068616,0.6496864243383339,8.858141899108887,6.972418785095215,0.5718060073591776,0.030317925078893748,runs/lgvq_spatial_qwenfront_o2_4f109_dc20_stemwarm_seed44/best_observed_test_checkpoint.pt,5d0cf07a9478d32ecb88b48b1cb3fe150ebcd5a36bf0505c2e006c6e7b088ad6,optical_parallel16_energy_top2,"[0.2011648714542389,0.25,0.24014337360858917,0.30869176983833313]","[0.5,0.0,0.0,0.5]",403106,0,0,0,0,2026-09-03T10:10:40.823601+00:00
run,lgvq_spatial_refine_all_m050,runs/lgvq_spatial_refine_all_m050,spatial,complete,metrics_only,exploratory checkpoint pruned; configs/logs/metrics/figures retained,configs/release/spatial_refine_all_m050.yaml,qwenfront_spatial_o2_4f196_vexpert109_alpha50_no_attention_v1_spatialgrid_v1_qualityrefine_v1,4,518,478,2,232,246,109,123,109,2,0.5,0.57,0.9,0.2,0.03,0.001,0.0015,80,32,1,,0.6056523774437562,0.6056523774437562,0.43734271933653557,0.6519353435934084,8.624334335327148,6.772994041442871,,,,,optical_parallel16_energy_top2,"[0.25,0.13351254165172577,0.375,0.24148745834827423]","[0.5,0.0,0.0,0.5]",105444,0,0,0,0,2026-09-03T12:04:44.949172+00:00
run,lgvq_spatial_refine_only_m025,runs/lgvq_spatial_refine_only_m025,spatial,complete,metrics_only,exploratory checkpoint pruned; configs/logs/metrics/figures retained,configs/release/spatial_refine_only_m025.yaml,qwenfront_spatial_o2_4f196_vexpert109_alpha50_no_attention_v1_spatialgrid_v1_qualityrefine_v1,4,518,478,2,232,246,109,123,109,2,0.5,0.57,0.9,0.2,0.03,0.01,0.015,80,32,1,,0.6056523774437562,0.6056523774437562,0.43734271933653557,0.6519353435934084,8.624334335327148,6.772994041442871,,,,,optical_parallel16_energy_top2,"[0.25,0.13351254165172577,0.375,0.24148745834827423]","[0.5,0.0,0.0,0.5]",112659,0,0,0,0,2026-09-03T12:04:37.973336+00:00
run,lgvq_spatial_refine_only_m050,runs/lgvq_spatial_refine_only_m050,spatial,complete,metrics_only,exploratory checkpoint pruned; configs/logs/metrics/figures retained,configs/release/spatial_refine_only_m050.yaml,qwenfront_spatial_o2_4f196_vexpert109_alpha50_no_attention_v1_spatialgrid_v1_qualityrefine_v1,4,518,478,2,232,246,109,123,109,2,0.5,0.57,0.9,0.2,0.03,0.01,0.015,80,32,1,,0.6056523774437562,0.6056523774437562,0.43734271933653557,0.6519353435934084,8.624334335327148,6.772994041442871,,,,,optical_parallel16_energy_top2,"[0.25,0.13351254165172577,0.375,0.24148745834827423]","[0.5,0.0,0.0,0.5]",117809,0,0,0,0,2026-09-03T12:04:40.541276+00:00
run,lgvq_spatial_refine_only_m100,runs/lgvq_spatial_refine_only_m100,spatial,complete,metrics_only,exploratory checkpoint pruned; configs/logs/metrics/figures retained,configs/release/spatial_refine_only_m100.yaml,qwenfront_spatial_o2_4f196_vexpert109_alpha50_no_attention_v1_spatialgrid_v1_qualityrefine_v1,4,518,478,2,232,246,109,123,109,2,0.5,0.57,0.9,0.2,0.03,0.01,0.015,80,32,1,,0.6056523774437562,0.6056523774437562,0.43734271933653557,0.6519351390177892,8.624337196350098,6.77299690246582,,,,,optical_parallel16_energy_top2,"[0.25,0.13351254165172577,0.375,0.24148745834827423]","[0.5,0.0,0.0,0.5]",99319,0,0,0,0,2026-09-03T12:04:44.601181+00:00
run,lgvq_spatial_refine_rank_m050,runs/lgvq_spatial_refine_rank_m050,spatial,complete,metrics_only,exploratory checkpoint pruned; configs/logs/metrics/figures retained,configs/release/spatial_refine_rank_m050.yaml,qwenfront_spatial_o2_4f196_vexpert109_alpha50_no_attention_v1_spatialgrid_v1_qualityrefine_v1,4,518,478,2,232,246,109,123,109,2,0.5,0.57,0.9,0.2,0.03,0.01,0.015,80,32,1,,0.6056523774437562,0.6056523774437562,0.43734271933653557,0.6519351390177892,8.624337196350098,6.77299690246582,,,,,optical_parallel16_energy_top2,"[0.25,0.13351254165172577,0.375,0.24148745834827423]","[0.5,0.0,0.0,0.5]",96705,0,0,0,0,2026-09-03T12:04:34.309423+00:00
run,lgvq_spatial_refine_readout_m050,runs/lgvq_spatial_refine_readout_m050,spatial,complete,metrics_only,exploratory checkpoint pruned; configs/logs/metrics/figures retained,configs/release/spatial_refine_readout_m050.yaml,qwenfront_spatial_o2_4f196_vexpert109_alpha50_no_attention_v1_spatialgrid_v1_qualityrefine_v1,4,518,478,2,232,246,109,123,109,2,0.5,0.57,0.9,0.2,0.03,0.01,0.015,80,32,1,,0.6058673193232866,0.6058673193232866,0.4374070921885553,0.6512179812177012,8.842479705810547,6.9333391189575195,,,,,optical_parallel16_energy_top2,"[0.25,0.13351254165172577,0.375,0.24148745834827423]","[0.5,0.0,0.0,0.5]",113268,0,0,0,0,2026-09-03T12:04:38.597321+00:00
run,lgvq_spatial_skip_b000_seed42,runs/lgvq_spatial_skip_b000_seed42,spatial,complete,metrics_only,exploratory checkpoint pruned; configs/logs/metrics/figures retained,configs/release/spatial_skip_b000_seed42.yaml,qwenfront_spatial_o2_4f196_vexpert109_alpha50_no_attention_v1_spatialgrid_v1_eskip00_v1,4,518,478,2,232,246,109,123,109,2,0.5,0.57,0.9,0.2,0.03,0.002,0.003,60,32,1,,0.6056523774437562,0.6056523774437562,0.43734271933653557,0.6519353435934084,8.624334335327148,6.772994041442871,,,,,optical_parallel16_energy_top2,"[0.25,0.13351254165172577,0.375,0.24148745834827423]","[0.5,0.0,0.0,0.5]",51577,0,0,0,0,2026-09-03T11:54:07.940016+00:00
run,lgvq_spatial_skip_b005_seed42,runs/lgvq_spatial_skip_b005_seed42,spatial,complete,metrics_only,exploratory checkpoint pruned; configs/logs/metrics/figures retained,configs/release/spatial_skip_b005_seed42.yaml,qwenfront_spatial_o2_4f196_vexpert109_alpha50_no_attention_v1_spatialgrid_v1_eskip05_v1,4,518,478,2,232,246,109,123,109,2,0.5,0.57,0.9,0.2,0.03,0.002,0.003,60,32,1,,0.6054431682685963,0.6054431682685963,0.43722684820290014,0.6516973067393703,8.624603271484375,6.77163553237915,,,,,optical_parallel16_energy_top2,"[0.25,0.13351254165172577,0.375,0.24148745834827423]","[0.5,0.0,0.0,0.5]",51631,0,0,0,0,2026-09-03T11:54:13.979998+00:00
run,lgvq_spatial_skip_b010_seed42,runs/lgvq_spatial_skip_b010_seed42,spatial,complete,metrics_only,exploratory checkpoint pruned; configs/logs/metrics/figures retained,configs/release/spatial_skip_b010_seed42.yaml,qwenfront_spatial_o2_4f196_vexpert109_alpha50_no_attention_v1_spatialgrid_v1_eskip10_v1,4,518,478,2,232,246,109,123,109,2,0.5,0.57,0.9,0.2,0.03,0.002,0.003,60,32,1,,0.6053196043153573,0.6053196043153573,0.4371624753508805,0.651521711613992,8.62444019317627,6.7699294090271,,,,,optical_parallel16_energy_top2,"[0.25,0.13351254165172577,0.375,0.24148745834827423]","[0.5,0.0,0.0,0.5]",43940,0,0,0,0,2026-09-03T11:54:02.852032+00:00
run,lgvq_spatial_skip_b020_seed42,runs/lgvq_spatial_skip_b020_seed42,spatial,complete,metrics_only,exploratory checkpoint pruned; configs/logs/metrics/figures retained,configs/release/spatial_skip_b020_seed42.yaml,qwenfront_spatial_o2_4f196_vexpert109_alpha50_no_attention_v1_spatialgrid_v1_eskip20_v1,4,518,478,2,232,246,109,123,109,2,0.5,0.57,0.9,0.2,0.03,0.002,0.003,60,32,1,,0.604653988989832,0.604653988989832,0.43667324167553084,0.6512344636032524,8.623235702514648,6.767704963684082,,,,,optical_parallel16_energy_top2,"[0.25,0.13351254165172577,0.375,0.24148745834827423]","[0.5,0.0,0.0,0.5]",51895,0,0,0,0,2026-09-03T11:54:13.016001+00:00
run,lgvq_spatial_skip_b035_seed42,runs/lgvq_spatial_skip_b035_seed42,spatial,complete,metrics_only,exploratory checkpoint pruned; configs/logs/metrics/figures retained,configs/release/spatial_skip_b035_seed42.yaml,qwenfront_spatial_o2_4f196_vexpert109_alpha50_no_attention_v1_spatialgrid_v1_eskip35_v1,4,518,478,2,232,246,109,123,109,2,0.5,0.57,0.9,0.2,0.03,0.002,0.003,60,32,1,,0.6051378154249575,0.6051378154249575,0.43662174339391513,0.6508925339330424,8.617365837097168,6.77500581741333,,,,,optical_parallel16_energy_top2,"[0.25,0.13351254165172577,0.375,0.24148745834827423]","[0.5,0.0,0.0,0.5]",51735,0,0,0,0,2026-09-03T11:54:04.932025+00:00
run,lgvq_spatial_skip_b050_seed42,runs/lgvq_spatial_skip_b050_seed42,spatial,complete,metrics_only,exploratory checkpoint pruned; configs/logs/metrics/figures retained,configs/release/spatial_skip_b050_seed42.yaml,qwenfront_spatial_o2_4f196_vexpert109_alpha50_no_attention_v1_spatialgrid_v1_eskip50_v1,4,518,478,2,232,246,109,123,109,2,0.5,0.57,0.9,0.2,0.03,0.002,0.003,60,32,1,,0.6020634627672716,0.6020634627672716,0.4343815681436301,0.6533273599364302,8.707695007324219,6.832682132720947,,,,,optical_parallel16_energy_top2,"[0.25,0.1877240091562271,0.375,0.1872759908437729]","[0.0,0.5,0.0,0.5]",44113,0,0,0,0,2026-09-03T11:54:05.984022+00:00
run,lgvq_spatial_tune_alpha50_clean_seed42,runs/lgvq_spatial_tune_alpha50_clean_seed42,spatial,complete,metrics_only,exploratory checkpoint pruned; configs/logs/metrics/figures retained,configs/release/spatial_tune_alpha50_clean_seed42.yaml,qwenfront_spatial_o2_4f196_vexpert109_alpha50_no_attention_v1_spatialgrid_v1,4,518,478,2,232,246,109,123,109,2,0.5,0.57,0.9,0.2,0.03,0.003,0.004,70,32,1,,0.6056523774437562,0.6056523774437562,0.43734271933653557,0.6519351390177892,8.624337196350098,6.77299690246582,,,,,optical_parallel16_energy_top2,"[0.25,0.13351254165172577,0.375,0.24148745834827423]","[0.5,0.0,0.0,0.5]",40925,0,0,0,0,2026-09-03T11:43:44.676718+00:00
run,lgvq_spatial_tune_alpha50_robust1_seed42,runs/lgvq_spatial_tune_alpha50_robust1_seed42,spatial,complete,metrics_only,exploratory checkpoint pruned; configs/logs/metrics/figures retained,configs/release/spatial_tune_alpha50_robust1_seed42.yaml,qwenfront_spatial_o2_4f196_vexpert109_alpha50_no_attention_v1_spatialgrid_v1,4,518,478,2,232,246,109,123,109,2,0.5,0.57,0.9,0.2,0.03,0.003,0.004,70,32,1,,0.6056523774437562,0.6056523774437562,0.43734271933653557,0.6519353435934084,8.624334335327148,6.772994041442871,,,,,optical_parallel16_energy_top2,"[0.25,0.13351254165172577,0.375,0.24148745834827423]","[0.5,0.0,0.0,0.5]",46459,0,0,0,0,2026-09-03T11:43:50.552634+00:00
run,lgvq_spatial_tune_alpha50_robust2_seed42,runs/lgvq_spatial_tune_alpha50_robust2_seed42,spatial,complete,metrics_only,exploratory checkpoint pruned; configs/logs/metrics/figures retained,configs/release/spatial_tune_alpha50_robust2_seed42.yaml,qwenfront_spatial_o2_4f196_vexpert109_alpha50_no_attention_v1_spatialgrid_v1,4,518,478,2,232,246,109,123,109,2,0.5,0.57,0.9,0.2,0.03,0.004,0.006,70,32,1,,0.6056523774437562,0.6056523774437562,0.43734271933653557,0.6519353435934084,8.624334335327148,6.772994041442871,,,,,optical_parallel16_energy_top2,"[0.25,0.13351254165172577,0.375,0.24148745834827423]","[0.5,0.0,0.0,0.5]",46473,0,0,0,0,2026-09-03T11:43:51.564620+00:00
run,lgvq_spatial_tune_strict_distill_seed42,runs/lgvq_spatial_tune_strict_distill_seed42,spatial,complete,metrics_only,exploratory checkpoint pruned; configs/logs/metrics/figures retained,configs/release/spatial_tune_strict_distill_seed42.yaml,qwenfront_spatial_o2_4f196_vexpert109_alpha50_no_attention_v1_spatialgrid_v1,4,518,478,2,232,246,109,123,109,2,0.5,0.57,0.9,0.2,0.03,0.003,0.004,70,32,1,,0.6056523774437562,0.6056523774437562,0.43734271933653557,0.6519351390177892,8.624337196350098,6.77299690246582,,,,,optical_parallel16_energy_top2,"[0.25,0.13351254165172577,0.375,0.24148745834827423]","[0.5,0.0,0.0,0.5]",80843,0,0,0,0,2026-09-03T11:43:51.668618+00:00
run,lgvq_spatial_tune_strict_rank2_seed42,runs/lgvq_spatial_tune_strict_rank2_seed42,spatial,complete,metrics_only,exploratory checkpoint pruned; configs/logs/metrics/figures retained,configs/release/spatial_tune_strict_rank2_seed42.yaml,qwenfront_spatial_o2_4f196_vexpert109_alpha50_no_attention_v1_spatialgrid_v1,4,518,478,2,232,246,109,123,109,2,0.5,0.57,0.9,0.2,0.03,0.004,0.006,70,32,1,,0.6056523774437562,0.6056523774437562,0.43734271933653557,0.6519353435934084,8.624334335327148,6.772994041442871,,,,,optical_parallel16_energy_top2,"[0.25,0.13351254165172577,0.375,0.24148745834827423]","[0.5,0.0,0.0,0.5]",93958,0,0,0,0,2026-09-03T11:43:50.852630+00:00
run,lgvq_spatial_tune_strict_rank_seed42,runs/lgvq_spatial_tune_strict_rank_seed42,spatial,complete,metrics_only,exploratory checkpoint pruned; configs/logs/metrics/figures retained,configs/release/spatial_tune_strict_rank_seed42.yaml,qwenfront_spatial_o2_4f196_vexpert109_alpha50_no_attention_v1_spatialgrid_v1,4,518,478,2,232,246,109,123,109,2,0.5,0.57,0.9,0.2,0.03,0.003,0.004,70,32,1,,0.6056523774437562,0.6056523774437562,0.43734271933653557,0.6519353435934084,8.624334335327148,6.772994041442871,,,,,optical_parallel16_energy_top2,"[0.25,0.13351254165172577,0.375,0.24148745834827423]","[0.5,0.0,0.0,0.5]",91686,0,0,0,0,2026-09-03T11:43:52.036613+00:00
run,lgvq_spatial_vggcontext_crop65_lr1000,runs/lgvq_spatial_vggcontext_crop65_lr1000,spatial,complete,metrics_only,exploratory checkpoint pruned; configs/logs/metrics/figures retained,configs/release/spatial_vggcontext_crop65_lr1000.yaml,qwenfront_spatial_o2_4f196_vexpert109_alpha40_no_attention_v1_spatialgrid_v1_qualityidentity_v1_qwentrim25_v1_plainvgg16corr100_context_v1,4,518,478,2,232,246,109,123,109,2,0.4,0.52,0.9,0.2,0.03,0.01,0.015,80,32,1,,0.6237964903795093,0.6237964903795093,0.45236734299792997,0.6638094137855313,8.5849027633667,6.783790588378906,,,,,optical_parallel16_energy_top2,"[0.2383512556552887,0.1991487443447113,0.36715948581695557,0.19534049928188324]","[0.5,0.0,0.5,0.0]",44888,0,0,0,0,2026-09-03T14:42:10.329293+00:00
run,lgvq_spatial_vggcontext_full_lr1000,runs/lgvq_spatial_vggcontext_full_lr1000,spatial,complete,metrics_only,exploratory checkpoint pruned; configs/logs/metrics/figures retained,configs/release/spatial_vggcontext_full_lr1000.yaml,qwenfront_spatial_o2_4f196_vexpert109_alpha40_no_attention_v1_spatialgrid_v1_qualityidentity_v1_qwentrim25_v1_plainvgg16corr100_context_v1,4,518,478,2,232,246,109,123,109,2,0.4,0.52,0.9,0.2,0.03,0.01,0.015,80,32,1,,0.6238358250197383,0.6238358250197383,0.452354468427526,0.6640990912706242,8.57434368133545,6.771149158477783,,,,,optical_parallel16_energy_top2,"[0.2361111044883728,0.20026881992816925,0.3655914068222046,0.19802866876125336]","[0.5,0.0,0.5,0.0]",74731,0,0,0,0,2026-09-03T14:42:19.429239+00:00
run,lgvq_spatial_vggcontext_full_lr300,runs/lgvq_spatial_vggcontext_full_lr300,spatial,complete,metrics_only,exploratory checkpoint pruned; configs/logs/metrics/figures retained,configs/release/spatial_vggcontext_full_lr300.yaml,qwenfront_spatial_o2_4f196_vexpert109_alpha40_no_attention_v1_spatialgrid_v1_qualityidentity_v1_qwentrim25_v1_plainvgg16corr100_context_v1,4,518,478,2,232,246,109,123,109,2,0.4,0.52,0.9,0.2,0.03,0.01,0.015,80,32,1,,0.6243383345456135,0.6243383345456135,0.4520197295970237,0.6648637186361146,8.55979061126709,6.772601127624512,,,,,optical_parallel16_energy_top2,"[0.23476701974868774,0.20094086229801178,0.36491936445236206,0.19937275350093842]","[0.5,0.0,0.5,0.0]",52775,0,0,0,0,2026-09-03T14:42:08.157305+00:00
run,lgvq_spatial_vggcorr_crop65_lr100,runs/lgvq_spatial_vggcorr_crop65_lr100,spatial,complete,metrics_only,exploratory checkpoint pruned; configs/logs/metrics/figures retained,configs/release/spatial_vggcorr_crop65_lr100.yaml,qwenfront_spatial_o2_4f196_vexpert109_alpha40_no_attention_v1_spatialgrid_v1_qualityidentity_v1_qwentrim25_v1_plainvgg16corr25_v1,4,518,478,2,232,246,109,123,109,2,0.4,0.52,0.9,0.2,0.03,0.01,0.015,80,32,1,,0.6256118237405949,0.6256118237405949,0.453384434059841,0.6653944469826979,8.553689002990723,6.759119510650635,,,,,optical_parallel16_energy_top2,"[0.23409497737884521,0.19959677755832672,0.363575279712677,0.20273298025131226]","[0.5,0.0,0.5,0.0]",88288,0,0,0,0,2026-09-03T14:40:53.633759+00:00
run,lgvq_spatial_vggcorr_crop65_lr1000,runs/lgvq_spatial_vggcorr_crop65_lr1000,spatial,complete,metrics_only,exploratory checkpoint pruned; configs/logs/metrics/figures retained,configs/release/spatial_vggcorr_crop65_lr1000.yaml,qwenfront_spatial_o2_4f196_vexpert109_alpha40_no_attention_v1_spatialgrid_v1_qualityidentity_v1_qwentrim25_v1_plainvgg16corr100_v1,4,518,478,2,232,246,109,123,109,2,0.4,0.52,0.9,0.2,0.03,0.01,0.015,80,32,1,,0.6247498805575614,0.6247498805575614,0.4525990852652009,0.6645718243459116,8.569518089294434,6.771057605743408,,,,,optical_parallel16_energy_top2,"[0.23543906211853027,0.19847670197486877,0.36738350987434387,0.1987007111310959]","[0.5,0.0,0.5,0.0]",69408,0,0,0,0,2026-09-03T14:36:51.451382+00:00
run,lgvq_spatial_vggcorr_crop65_lr1000_s93,runs/lgvq_spatial_vggcorr_crop65_lr1000_s93,spatial,complete,metrics_only,exploratory checkpoint pruned; configs/logs/metrics/figures retained,configs/release/spatial_vggcorr_crop65_lr1000_s93.yaml,qwenfront_spatial_o2_4f196_vexpert109_alpha40_no_attention_v1_spatialgrid_v1_qualityidentity_v1_qwentrim25_v1_plainvgg16corr100_v1,4,518,478,2,232,246,109,123,109,2,0.4,0.52,0.9,0.2,0.03,0.01,0.015,80,32,1,,0.6272446429896433,0.6272446429896433,0.45480063680427407,0.6668397027160965,8.534659385681152,6.7403883934021,,,,,optical_parallel16_energy_top2,"[0.233646959066391,0.20026881992816925,0.3637992739677429,0.20228494703769684]","[0.5,0.0,0.5,0.0]",88311,0,0,0,0,2026-09-03T14:40:56.793739+00:00
run,lgvq_spatial_vggcorr_crop65_lr300,runs/lgvq_spatial_vggcorr_crop65_lr300,spatial,complete,metrics_only,exploratory checkpoint pruned; configs/logs/metrics/figures retained,configs/release/spatial_vggcorr_crop65_lr300.yaml,qwenfront_spatial_o2_4f196_vexpert109_alpha40_no_attention_v1_spatialgrid_v1_qualityidentity_v1_qwentrim25_v1_plainvgg16corr50_v1,4,518,478,2,232,246,109,123,109,2,0.4,0.52,0.9,0.2,0.03,0.01,0.015,80,32,1,,0.6254281699945564,0.6254281699945564,0.4533200612078213,0.6649924455060867,8.569602966308594,6.769392967224121,,,,,optical_parallel16_energy_top2,"[0.23275089263916016,0.19802866876125336,0.36223119497299194,0.20698924362659454]","[0.5,0.0,0.5,0.0]",90938,0,0,0,0,2026-09-03T14:40:57.569734+00:00
run,lgvq_spatial_vggcorr_only_lr100,runs/lgvq_spatial_vggcorr_only_lr100,spatial,complete,metrics_only,exploratory checkpoint pruned; configs/logs/metrics/figures retained,configs/release/spatial_vggcorr_only_lr100.yaml,qwenfront_spatial_o2_4f196_vexpert109_alpha40_no_attention_v1_spatialgrid_v1_qualityidentity_v1_qwentrim25_v1_plainvgg16corr25_v1,4,518,478,2,232,246,109,123,109,2,0.4,0.52,0.9,0.2,0.03,0.01,0.015,80,32,1,,0.6258657549167175,0.6258657549167175,0.45341018320064885,0.6649839885084465,8.558905601501465,6.7658891677856445,,,,,optical_parallel16_energy_top2,"[0.23543906211853027,0.1989247351884842,0.36715948581695557,0.19847670197486877]","[0.5,0.0,0.5,0.0]",105219,0,0,0,0,2026-09-03T14:22:05.654124+00:00
run,lgvq_spatial_vggcorr_only_lr1000,runs/lgvq_spatial_vggcorr_only_lr1000,spatial,complete,metrics_only,exploratory checkpoint pruned; configs/logs/metrics/figures retained,configs/release/spatial_vggcorr_only_lr1000.yaml,qwenfront_spatial_o2_4f196_vexpert109_alpha40_no_attention_v1_spatialgrid_v1_qualityidentity_v1_qwentrim25_v1_plainvgg16corr100_v1,4,518,478,2,232,246,109,123,109,2,0.4,0.52,0.9,0.2,0.03,0.01,0.015,80,32,1,,0.6264828839956391,0.6264828839956391,0.45382216945357484,0.6656767091639536,8.545883178710938,6.760654926300049,,,,,optical_parallel16_energy_top2,"[0.23767921328544617,0.20004479587078094,0.36895161867141724,0.19332437217235565]","[0.5,0.0,0.5,0.0]",99268,0,0,0,0,2026-09-03T14:21:55.890327+00:00
run,lgvq_spatial_vggcorr_only_lr1000_s75,runs/lgvq_spatial_vggcorr_only_lr1000_s75,spatial,complete,metrics_only,exploratory checkpoint pruned; configs/logs/metrics/figures retained,configs/release/spatial_vggcorr_only_lr1000_s75.yaml,qwenfront_spatial_o2_4f196_vexpert109_alpha40_no_attention_v1_spatialgrid_v1_qualityidentity_v1_qwentrim25_v1_plainvgg16corr100_v1,4,518,478,2,232,246,109,123,109,2,0.4,0.52,0.9,0.2,0.03,0.01,0.015,80,32,1,21,0.6283101317121935,0.6283101317121935,0.4558821007182048,0.66682351886914,8.57433795928955,6.75852632522583,0.5469092521560561,0.0814008795561374,runs/lgvq_spatial_vggcorr_only_lr1000_s75/best_observed_test_checkpoint.pt,666d0b8d1eb41f372567f51ecabf19abec92ddda416fd00769f5c9299863a11e,optical_parallel16_energy_top2,"[0.22983871400356293,0.19758065044879913,0.35999104380607605,0.21258960664272308]","[0.5,0.0,0.5,0.0]",515342,0,0,0,0,2026-09-03T15:47:27.829961+00:00
run,lgvq_spatial_vggcorr_only_lr1000_s76,runs/lgvq_spatial_vggcorr_only_lr1000_s76,spatial,complete,metrics_only,exploratory checkpoint pruned; configs/logs/metrics/figures retained,configs/release/spatial_vggcorr_only_lr1000_s76.yaml,qwenfront_spatial_o2_4f196_vexpert109_alpha40_no_attention_v1_spatialgrid_v1_qualityidentity_v1_qwentrim25_v1_plainvgg16corr100_v1,4,518,478,2,232,246,109,123,109,2,0.4,0.52,0.9,0.2,0.03,0.01,0.015,80,32,1,,0.6262285038727887,0.6262285038727887,0.4539509151576142,0.665728930043026,8.561986923217773,6.755031585693359,,,,,optical_parallel16_energy_top2,"[0.23342293500900269,0.1969086080789566,0.3637992739677429,0.2058691829442978]","[0.5,0.0,0.5,0.0]",126492,0,0,0,0,2026-09-03T14:28:54.023757+00:00
run,lgvq_spatial_vggcorr_only_lr1000_s77,runs/lgvq_spatial_vggcorr_only_lr1000_s77,spatial,complete,metrics_only,exploratory checkpoint pruned; configs/logs/metrics/figures retained,configs/release/spatial_vggcorr_only_lr1000_s77.yaml,qwenfront_spatial_o2_4f196_vexpert109_alpha40_no_attention_v1_spatialgrid_v1_qualityidentity_v1_qwentrim25_v1_plainvgg16corr100_v1,4,518,478,2,232,246,109,123,109,2,0.4,0.52,0.9,0.2,0.03,0.01,0.015,80,32,1,13,0.6278347316618054,0.6278347316618054,0.45545723989487485,0.6671345314964863,8.542420387268066,6.747481822967529,0.5462988918124152,0.08153583984939017,runs/lgvq_spatial_vggcorr_only_lr1000_s77/best_observed_test_checkpoint.pt,1f8161163ebbb9d2dfdf1d5b88fe58e385ab888837247191ba8b35ddbe3e799a,optical_parallel16_energy_top2,"[0.2358870953321457,0.19982078671455383,0.3660394251346588,0.19825269281864166]","[0.5,0.0,0.5,0.0]",509881,0,0,0,0,2026-09-03T14:38:01.166888+00:00
run,lgvq_spatial_vggcorr_only_lr300,runs/lgvq_spatial_vggcorr_only_lr300,spatial,complete,metrics_only,exploratory checkpoint pruned; configs/logs/metrics/figures retained,configs/release/spatial_vggcorr_only_lr300.yaml,qwenfront_spatial_o2_4f196_vexpert109_alpha40_no_attention_v1_spatialgrid_v1_qualityidentity_v1_qwentrim25_v1_plainvgg16corr50_v1,4,518,478,2,232,246,109,123,109,2,0.4,0.52,0.9,0.2,0.03,0.01,0.015,80,32,1,,0.6262556133482757,0.6262556133482757,0.45350030519347645,0.6651755733520217,8.552772521972656,6.761240005493164,,,,,optical_parallel16_energy_top2,"[0.23499104380607605,0.19847670197486877,0.36693549156188965,0.19959677755832672]","[0.5,0.0,0.5,0.0]",104500,0,0,0,0,2026-09-03T14:22:02.282194+00:00
run,lgvq_spatial_vggcorr_read_lr050,runs/lgvq_spatial_vggcorr_read_lr050,spatial,complete,metrics_only,exploratory checkpoint pruned; configs/logs/metrics/figures retained,configs/release/spatial_vggcorr_read_lr050.yaml,qwenfront_spatial_o2_4f196_vexpert109_alpha40_no_attention_v1_spatialgrid_v1_qualityidentity_v1_qwentrim25_v1_plainvgg16corr25_v1,4,518,478,2,232,246,109,123,109,2,0.4,0.52,0.9,0.2,0.03,0.01,0.015,80,32,1,,0.6230546577133472,0.6230546577133472,0.4514146247880387,0.6632539503746556,8.572431564331055,6.777914524078369,,,,,optical_parallel16_energy_top2,"[0.23969534039497375,0.19802866876125336,0.36984768509864807,0.192428320646286]","[0.5,0.0,0.5,0.0]",48081,0,0,0,0,2026-09-03T14:16:54.222456+00:00
run,lgvq_spatial_vggcorr_read_lr100,runs/lgvq_spatial_vggcorr_read_lr100,spatial,complete,metrics_only,exploratory checkpoint pruned; configs/logs/metrics/figures retained,configs/release/spatial_vggcorr_read_lr100.yaml,qwenfront_spatial_o2_4f196_vexpert109_alpha40_no_attention_v1_spatialgrid_v1_qualityidentity_v1_qwentrim25_v1_plainvgg16corr50_v1,4,518,478,2,232,246,109,123,109,2,0.4,0.52,0.9,0.2,0.03,0.01,0.015,80,32,1,,0.6230546577133472,0.6230546577133472,0.4514146247880387,0.6632539503746556,8.572431564331055,6.777914524078369,,,,,optical_parallel16_energy_top2,"[0.23969534039497375,0.19802866876125336,0.36984768509864807,0.192428320646286]","[0.5,0.0,0.5,0.0]",48079,0,0,0,0,2026-09-03T14:16:52.870502+00:00
run,lgvq_spatial_vggcorr_read_lr300,runs/lgvq_spatial_vggcorr_read_lr300,spatial,complete,metrics_only,exploratory checkpoint pruned; configs/logs/metrics/figures retained,configs/release/spatial_vggcorr_read_lr300.yaml,qwenfront_spatial_o2_4f196_vexpert109_alpha40_no_attention_v1_spatialgrid_v1_qualityidentity_v1_qwentrim25_v1_plainvgg16corr100_v1,4,518,478,2,232,246,109,123,109,2,0.4,0.52,0.9,0.2,0.03,0.01,0.015,80,32,1,,0.6230545886446198,0.6230545886446198,0.45140175021763473,0.663254188578849,8.572428703308105,6.777908802032471,,,,,optical_parallel16_energy_top2,"[0.23969534039497375,0.19802866876125336,0.36984768509864807,0.192428320646286]","[0.5,0.0,0.5,0.0]",45452,0,0,0,0,2026-09-03T14:17:04.806097+00:00
run,lgvq_spatial_vggcorr_s75_all_lr010,runs/lgvq_spatial_vggcorr_s75_all_lr010,spatial,complete,metrics_only,exploratory checkpoint pruned; configs/logs/metrics/figures retained,configs/release/spatial_vggcorr_s75_all_lr010.yaml,qwenfront_spatial_o2_4f196_vexpert109_alpha40_no_attention_v1_spatialgrid_v1_qualityidentity_v1_qwentrim25_v1_plainvgg16corr100_local_v1,4,518,478,2,232,246,109,123,109,2,0.4,0.52,0.9,0.2,0.03,0.0001,0.0001,60,32,1,0,0.6283174875316568,0.6283174875316568,0.45590784985901267,0.6668238555634882,8.574335098266602,6.758529186248779,0.546895334807494,0.08142215272416287,runs/lgvq_spatial_vggcorr_s75_all_lr010/best_observed_test_checkpoint.pt,a2345e73e9fe273696addbcf18fac147ece9c0866cd74f7e961329f6a1f80669,optical_parallel16_energy_top2,"[0.22983871400356293,0.19758065044879913,0.35999104380607605,0.21258960664272308]","[0.5,0.0,0.5,0.0]",458913,0,0,0,0,2026-09-03T14:55:22.945040+00:00
run,lgvq_spatial_vggcorr_s75_read_lr010,runs/lgvq_spatial_vggcorr_s75_read_lr010,spatial,complete,metrics_only,exploratory checkpoint pruned; configs/logs/metrics/figures retained,configs/release/spatial_vggcorr_s75_read_lr010.yaml,qwenfront_spatial_o2_4f196_vexpert109_alpha40_no_attention_v1_spatialgrid_v1_qualityidentity_v1_qwentrim25_v1_plainvgg16corr100_local_v1,4,518,478,2,232,246,109,123,109,2,0.4,0.52,0.9,0.2,0.03,0.01,0.015,60,32,1,0,0.6283101317121935,0.6283101317121935,0.4558821007182048,0.66682351886914,8.57433795928955,6.75852632522583,0.5469092521560561,0.0814008795561374,runs/lgvq_spatial_vggcorr_s75_read_lr010/best_observed_test_checkpoint.pt,d33a30a26991c3ca6b203a5fd6ec67d544cfa2e538c08a35b9cdfecc9b758132,optical_parallel16_energy_top2,"[0.22983871400356293,0.19758065044879913,0.35999104380607605,0.21258960664272308]","[0.5,0.0,0.5,0.0]",455978,0,0,0,0,2026-09-03T14:52:18.668041+00:00
run,lgvq_spatial_vggcorr_s75_read_lr030,runs/lgvq_spatial_vggcorr_s75_read_lr030,spatial,complete,metrics_only,exploratory checkpoint pruned; configs/logs/metrics/figures retained,configs/release/spatial_vggcorr_s75_read_lr030.yaml,qwenfront_spatial_o2_4f196_vexpert109_alpha40_no_attention_v1_spatialgrid_v1_qualityidentity_v1_qwentrim25_v1_plainvgg16corr100_local_v1,4,518,478,2,232,246,109,123,109,2,0.4,0.52,0.9,0.2,0.03,0.01,0.015,60,32,1,0,0.6283101317121935,0.6283101317121935,0.4558821007182048,0.66682351886914,8.57433795928955,6.75852632522583,0.5469092521560561,0.0814008795561374,runs/lgvq_spatial_vggcorr_s75_read_lr030/best_observed_test_checkpoint.pt,9eee8cbf3064d7beedd18b19f29a19bf044609c8f34486195298e146ce575ae8,optical_parallel16_energy_top2,"[0.22983871400356293,0.19758065044879913,0.35999104380607605,0.21258960664272308]","[0.5,0.0,0.5,0.0]",455973,0,0,0,0,2026-09-03T14:52:22.231887+00:00
run,lgvq_spatial_vggcorr_s75_refine_lr100,runs/lgvq_spatial_vggcorr_s75_refine_lr100,spatial,complete,metrics_only,exploratory checkpoint pruned; configs/logs/metrics/figures retained,configs/release/spatial_vggcorr_s75_refine_lr100.yaml,qwenfront_spatial_o2_4f196_vexpert109_alpha40_no_attention_v1_spatialgrid_v1_qualityidentity_v1_qwentrim25_v1_plainvgg16corr100_v1,4,518,478,2,232,246,109,123,109,2,0.4,0.52,0.9,0.2,0.03,0.01,0.015,60,32,1,,0.6283101317121935,0.6283101317121935,0.4558821007182048,0.66682351886914,8.57433795928955,6.75852632522583,,,,,optical_parallel16_energy_top2,"[0.22983871400356293,0.19758065044879913,0.35999104380607605,0.21258960664272308]","[0.5,0.0,0.5,0.0]",90936,0,0,0,0,2026-09-03T14:33:40.064894+00:00
run,lgvq_spatial_vggcorr_s75_refine_lr300,runs/lgvq_spatial_vggcorr_s75_refine_lr300,spatial,complete,metrics_only,exploratory checkpoint pruned; configs/logs/metrics/figures retained,configs/release/spatial_vggcorr_s75_refine_lr300.yaml,qwenfront_spatial_o2_4f196_vexpert109_alpha40_no_attention_v1_spatialgrid_v1_qualityidentity_v1_qwentrim25_v1_plainvgg16corr100_v1,4,518,478,2,232,246,109,123,109,2,0.4,0.52,0.9,0.2,0.03,0.01,0.015,60,32,1,,0.6283101317121935,0.6283101317121935,0.4558821007182048,0.66682351886914,8.57433795928955,6.75852632522583,,,,,optical_parallel16_energy_top2,"[0.22983871400356293,0.19758065044879913,0.35999104380607605,0.21258960664272308]","[0.5,0.0,0.5,0.0]",90917,0,0,0,0,2026-09-03T14:33:47.388832+00:00
run,lgvq_spatial_vggcorr_s75_vision_lr100,runs/lgvq_spatial_vggcorr_s75_vision_lr100,spatial,complete,metrics_only,exploratory checkpoint pruned; configs/logs/metrics/figures retained,configs/release/spatial_vggcorr_s75_vision_lr100.yaml,qwenfront_spatial_o2_4f196_vexpert109_alpha40_no_attention_v1_spatialgrid_v1_qualityidentity_v1_qwentrim25_v1_plainvgg16corr100_v1,4,518,478,2,232,246,109,123,109,2,0.4,0.52,0.9,0.2,0.03,0.001,0.001,80,32,1,,0.6283174875316568,0.6283174875316568,0.45590784985901267,0.6668238555634882,8.574335098266602,6.758529186248779,,,,,optical_parallel16_energy_top2,"[0.22983871400356293,0.19758065044879913,0.35999104380607605,0.21258960664272308]","[0.5,0.0,0.5,0.0]",94823,0,0,0,0,2026-09-03T14:33:41.108885+00:00
run,lgvq_spatial_vggcorr_scaled475_final,runs/lgvq_spatial_vggcorr_scaled475_final,spatial,complete,keep_formal_dependency,spatial calibrated upstream,configs/release/spatial_vggcorr_scaled475_final.yaml,qwenfront_spatial_o2_4f196_vexpert109_alpha40_no_attention_v1_spatialgrid_v1_qualityidentity_v1_qwentrim25_v1_plainvgg16corr100_local_v1,4,518,478,2,232,246,109,123,109,2,0.4,0.52,0.9,0.2,0.03,0.01,0.015,80,32,1,,,0.637078693925406,0.4611299718187218,0.6693538184296536,8.710933685302734,6.7713446617126465,0.5473563340282285,0.08972235989717747,,,optical_parallel16_energy_top2,"[0.1877240091562271,0.19018816947937012,0.32571685314178467,0.2963709533214569]","[0.5,0.0,0.5,0.0]",46684035,2,45858135,0,0,2026-09-03T16:09:56.745472+00:00
run,lgvq_spatial_vggcorr_vision_lr050,runs/lgvq_spatial_vggcorr_vision_lr050,spatial,complete,metrics_only,exploratory checkpoint pruned; configs/logs/metrics/figures retained,configs/release/spatial_vggcorr_vision_lr050.yaml,qwenfront_spatial_o2_4f196_vexpert109_alpha40_no_attention_v1_spatialgrid_v1_qualityidentity_v1_qwentrim25_v1_plainvgg16corr100_v1,4,518,478,2,232,246,109,123,109,2,0.4,0.52,0.9,0.2,0.03,0.0003,0.0005,80,32,1,,0.6230546577133472,0.6230546577133472,0.4514146247880387,0.6632539503746556,8.572431564331055,6.777914524078369,,,,,optical_parallel16_energy_top2,"[0.23969534039497375,0.19802866876125336,0.36984768509864807,0.192428320646286]","[0.5,0.0,0.5,0.0]",46079,0,0,0,0,2026-09-03T14:25:59.126052+00:00
run,lgvq_spatial_vggcorr_vision_lr100,runs/lgvq_spatial_vggcorr_vision_lr100,spatial,complete,metrics_only,exploratory checkpoint pruned; configs/logs/metrics/figures retained,configs/release/spatial_vggcorr_vision_lr100.yaml,qwenfront_spatial_o2_4f196_vexpert109_alpha40_no_attention_v1_spatialgrid_v1_qualityidentity_v1_qwentrim25_v1_plainvgg16corr100_v1,4,518,478,2,232,246,109,123,109,2,0.4,0.52,0.9,0.2,0.03,0.001,0.001,80,32,1,,0.6235223220662716,0.6235223220662716,0.45137600107682685,0.6639481232705783,8.598162651062012,6.769031524658203,,,,,optical_parallel16_energy_top2,"[0.23073476552963257,0.2058691829442978,0.3259408473968506,0.23745520412921906]","[0.5,0.0,0.5,0.0]",48698,0,0,0,0,2026-09-03T14:26:04.577973+00:00
run,lgvq_spatial_vggcorr_vision_lr300,runs/lgvq_spatial_vggcorr_vision_lr300,spatial,complete,metrics_only,exploratory checkpoint pruned; configs/logs/metrics/figures retained,configs/release/spatial_vggcorr_vision_lr300.yaml,qwenfront_spatial_o2_4f196_vexpert109_alpha40_no_attention_v1_spatialgrid_v1_qualityidentity_v1_qwentrim25_v1_plainvgg16corr100_v1,4,518,478,2,232,246,109,123,109,2,0.4,0.52,0.9,0.2,0.03,0.003,0.003,80,32,1,,0.6273588826646894,0.6273588826646894,0.45420840656569295,0.6648127277463397,8.5920991897583,6.765458583831787,,,,,optical_parallel16_energy_top2,"[0.2432795763015747,0.20945340394973755,0.3566308319568634,0.19063620269298553]","[0.5,0.0,0.5,0.0]",48690,0,0,0,0,2026-09-03T14:26:11.189877+00:00
run,lgvq_temporal_qwenfront_o2_16f54_dc20,runs/lgvq_temporal_qwenfront_o2_16f54_dc20,temporal,complete,metrics_only,exploratory checkpoint pruned; configs/logs/metrics/figures retained,configs/release/temporal.yaml,qwenfront_temporal_o2_16f49_vexpert54_alpha50_no_attention_v1,16,518,478,4,114,120,54,60,109,2,0.5,0.57,0.9,0.2,0.03,0.01,0.015,100,64,5,55,0.8356229739001646,0.8356229739001646,0.6274605691753995,0.856667226126175,7.276498794555664,5.785087585449219,0.7477161712849802,0.08790680261518435,runs/lgvq_temporal_qwenfront_o2_16f54_dc20/best_observed_test_checkpoint.pt,931594fc67be4b213a34f261e1630282a041bab820940ed5b0b856ccd821cdc2,optical_parallel16_energy_top2,"[0.0,0.45228493213653564,0.04771505296230316,0.5]","[0.5,0.5,0.0,0.0]",384962,0,0,0,0,2026-09-03T09:25:37.077276+00:00
run,lgvq_temporal_qwenfront_o2_16f54_dc20_accuracy,runs/lgvq_temporal_qwenfront_o2_16f54_dc20_accuracy,temporal,complete,keep_formal_dependency,temporal initialization root,configs/release/temporal_accuracy.yaml,qwenfront_temporal_o2_16f49_vexpert54_alpha50_no_attention_v1,16,518,478,4,114,120,54,60,109,2,0.5,0.57,0.9,0.2,0.03,0.015,0.02,100,64,5,35,0.8405909979243616,0.8405909979243616,0.633062378277418,0.8596583581721791,7.217004776000977,5.630876064300537,0.6899158647402912,0.15067513318407044,runs/lgvq_temporal_qwenfront_o2_16f54_dc20_accuracy/best_observed_test_checkpoint.pt,6589cdde6e47dc7e89e00630f781f726ff488e89c7e51fd7613dec5c61e37dc3,optical_parallel16_energy_top2,"[5.600358417723328e-05,0.49910393357276917,0.0010080644860863686,0.4998319745063782]","[0.5,0.5,0.0,0.0]",281329113,22,280928604,20,120134760,2026-09-03T09:55:15.348656+00:00
run,lgvq_temporal_qwenfront_o2_16f54_dc20_balanced,runs/lgvq_temporal_qwenfront_o2_16f54_dc20_balanced,temporal,complete,metrics_only,exploratory checkpoint pruned; configs/logs/metrics/figures retained,configs/release/temporal16_balanced.yaml,qwenfront_temporal_o2_16f49_vexpert54_alpha50_no_attention_v1,16,518,478,4,114,120,54,60,109,2,0.5,0.57,0.9,0.2,0.08,0.01,0.024,60,64,5,0,0.8406834466777263,0.8406834466777263,0.6331396446098595,0.8596982702200134,7.214911937713623,5.6301589012146,0.6899158647402912,0.1507675819374351,runs/lgvq_temporal_qwenfront_o2_16f54_dc20_balanced/best_observed_test_checkpoint.pt,db3c5bde86f6cf002c896d51b0f5cedf3a4a4a682ba5cdc368f6b413816677e3,optical_parallel16_energy_top2,"[5.600358417723328e-05,0.49910393357276917,0.0010080644860863686,0.4998319745063782]","[0.5,0.5,0.0,0.0]",363078,0,0,0,0,2026-09-04T04:53:27.861336+00:00
run,lgvq_temporal_qwenfront_o2_16f54_dc20_balanced_standardized,runs/lgvq_temporal_qwenfront_o2_16f54_dc20_balanced_standardized,temporal,complete,keep_formal_dependency,formal temporal-16 source,configs/release/temporal16_balanced_standardized.yaml,qwenfront_temporal_o2_16f49_vexpert54_alpha50_no_attention_v1_srouterflatfield_v1_srouterstandardize_v1,16,518,478,4,114,120,54,60,109,2,0.5,0.57,0.9,0.2,0.08,0.01,0.024,60,64,5,0,0.8406834466777263,0.8406834466777263,0.6331396446098595,0.8596982722691338,7.2148966789245605,5.630147933959961,0.6899158647402912,0.1507675819374351,runs/lgvq_temporal_qwenfront_o2_16f54_dc20_balanced_standardized/best_observed_test_checkpoint.pt,e73b5da280fbe4b24cb00dda368247aa88ca3d432991df7451ee39fbba1e3bb4,optical_parallel16_energy_top2,"[5.600358417723328e-05,0.49910393357276917,0.0010080644860863686,0.4998319745063782]","[0.5,0.5,0.0,0.0]",286859909,16,286488759,12,72097752,2026-09-04T05:18:03.386704+00:00
run,lgvq_temporal_qwenfront_o2_36f37_dc20,runs/lgvq_temporal_qwenfront_o2_36f37_dc20,temporal,complete,keep_formal_dependency,formal temporal-36 source,configs/release/temporal36.yaml,qwenfront_temporal_o2_36f49_vexpert37_alpha50_no_attention_v1_srouterflatfield_v1_srouterstandardize_v1,36,518,478,6,77,79,37,40,109,2,0.5,0.57,0.9,0.2,0.08,0.02,0.032,100,48,5,,0.8484486239434331,0.8484486239434331,0.6436092326557009,0.870971324215095,6.933753967285156,5.254764080047607,,,,,optical_parallel36_energy_top2,"[0.260702908039093,0.2784249186515808,0.20681501924991608,0.2540571391582489]","[0.0,0.0,0.5,0.5]",296759184,12,296682930,9,55019106,2026-09-04T05:38:49.217680+00:00
run,lgvq_temporal_qwenfront_o2_36f37_dc20_accuracy,runs/lgvq_temporal_qwenfront_o2_36f37_dc20_accuracy,temporal,complete,metrics_only,exploratory checkpoint pruned; configs/logs/metrics/figures retained,configs/release/temporal36_accuracy.yaml,qwenfront_temporal_o2_36f49_vexpert37_alpha50_no_attention_v1_srouterflatfield_v1_srouterstandardize_v1,36,518,478,6,77,79,37,40,109,2,0.5,0.57,0.9,0.2,0.05,0.018,0.028,100,48,5,,0.8495004745709939,0.8495004745709939,0.645012904361724,0.8748668750317549,6.8350934982299805,5.2438249588012695,,,,,optical_parallel36_energy_top2,"[0.22635404765605927,0.27217742800712585,0.22162485122680664,0.27984368801116943]","[0.0,0.0,0.5,0.5]",67024,0,0,0,0,2026-09-04T05:38:31.257942+00:00
run,lgvq_temporal_qwenfront_o2_36f37_dc20_strong_balance,runs/lgvq_temporal_qwenfront_o2_36f37_dc20_strong_balance,temporal,complete,metrics_only,exploratory checkpoint pruned; configs/logs/metrics/figures retained,configs/release/temporal36_strong_balance.yaml,qwenfront_temporal_o2_36f49_vexpert37_alpha50_no_attention_v1_srouterflatfield_v1_srouterstandardize_v1,36,518,478,6,77,79,37,40,109,2,0.5,0.57,0.9,0.2,0.1,0.022,0.036,100,48,5,,0.8468435657775281,0.8468435657775281,0.638805842322246,0.8684203605556603,6.963222980499268,5.393791675567627,,,,,optical_parallel36_energy_top2,"[0.27016130089759827,0.25572481751441956,0.20338012278079987,0.2707337737083435]","[0.0,0.0,0.5,0.5]",70600,0,0,0,0,2026-09-04T05:38:36.073871+00:00
run,lgvq_temporal_qwenfront_o2_9f77_dc20_accuracy,runs/lgvq_temporal_qwenfront_o2_9f77_dc20_accuracy,temporal,complete,metrics_only,exploratory checkpoint pruned; configs/logs/metrics/figures retained,configs/release/temporal9_compact_accuracy.yaml,qwenfront_temporal_o2_9f49_vexpert77_alpha50_no_attention_v1,9,518,478,3,156,160,77,79,109,2,0.5,0.57,0.9,0.2,0.03,0.018,0.028,100,64,5,30,0.8121370536169404,0.8121370536169404,0.5987174935071116,0.8211909907764354,8.286829948425293,6.252115726470947,0.6082664278605218,0.20387062575641868,runs/lgvq_temporal_qwenfront_o2_9f77_dc20_accuracy/best_observed_test_checkpoint.pt,2e3231979a66acd1273796bdbcfa32f554792f892e31abfed97fb08e5d5cd8f9,optical_parallel16_energy_top2,"[0.4618677794933319,0.057945042848587036,0.44205495715141296,0.03813221678137779]","[0.5,0.5,0.0,0.0]",395143,0,0,0,0,2026-09-03T16:58:28.408514+00:00
run,lgvq_temporal_qwenfront_o2_9f77_dc20_balanced,runs/lgvq_temporal_qwenfront_o2_9f77_dc20_balanced,temporal,complete,metrics_only,exploratory checkpoint pruned; configs/logs/metrics/figures retained,configs/release/temporal9_compact_balanced.yaml,qwenfront_temporal_o2_9f49_vexpert77_alpha50_no_attention_v1,9,518,478,3,156,160,77,79,109,2,0.5,0.57,0.9,0.2,0.05,0.018,0.028,100,64,5,35,0.8175819294851641,0.8175819294851641,0.6061221836994348,0.8300770606868904,7.781591415405273,5.9277729988098145,0.650757998633612,0.16682393085155212,runs/lgvq_temporal_qwenfront_o2_9f77_dc20_balanced/best_observed_test_checkpoint.pt,56039361f9ab776b26ebfd585b4e2a8addbe396681ae57985b94cd1d7ef95ebb,optical_parallel16_energy_top2,"[0.2729988098144531,0.26702508330345154,0.21246515214443207,0.24751095473766327]","[0.5,0.5,0.0,0.0]",395306,0,0,0,0,2026-09-03T16:58:34.632522+00:00
run,lgvq_temporal_qwenfront_o2_9f77_dc20_compact,runs/lgvq_temporal_qwenfront_o2_9f77_dc20_compact,temporal,complete,metrics_only,exploratory checkpoint pruned; configs/logs/metrics/figures retained,configs/release/temporal9_compact.yaml,qwenfront_temporal_o2_9f49_vexpert77_alpha50_no_attention_v1,9,518,478,3,156,160,77,79,109,2,0.5,0.57,0.9,0.2,0.025,0.018,0.028,100,64,5,15,0.8139131264360625,0.8139131264360625,0.6013059156439063,0.8290014196977792,7.685084342956543,6.0264573097229,0.6672143947494382,0.14669873168662428,runs/lgvq_temporal_qwenfront_o2_9f77_dc20_compact/best_observed_test_checkpoint.pt,88d458c2f4d52ef2dcf92adfee722d385394c183bf6f45be8e56f9facd5d2f67,optical_parallel16_energy_top2,"[0.053166069090366364,0.5,0.05545599386096001,0.39137792587280273]","[0.5,0.5,0.0,0.0]",3669858,0,0,0,0,2026-09-03T16:58:32.648520+00:00
run,lgvq_temporal_qwenfront_o2_9f77_dc20_detector_standardized,runs/lgvq_temporal_qwenfront_o2_9f77_dc20_detector_standardized,temporal,complete,metrics_only,exploratory checkpoint pruned; configs/logs/metrics/figures retained,configs/release/temporal9_compact_detector_standardized.yaml,qwenfront_temporal_o2_9f49_vexpert77_alpha50_no_attention_v1_sroutercrop45_v1_srouterflatfield_v1_srouterstandardize_v1,9,518,478,3,156,160,77,79,109,2,0.5,0.57,0.9,0.2,0.08,0.018,0.05,100,64,5,0,0.8175764385057898,0.8175764385057898,0.6061093059773612,0.8300770665338497,7.7815775871276855,5.927766799926758,0.650757998633612,0.16681843987217781,runs/lgvq_temporal_qwenfront_o2_9f77_dc20_detector_standardized/best_observed_test_checkpoint.pt,16d29123b90329fcd8563a6764ff404a6300652fc3d04de5511f5cea4fd18828,optical_parallel9_energy_top2,"[0.2729988098144531,0.26702508330345154,0.21246515214443207,0.24751095473766327]","[0.5,0.5,0.0,0.0]",407604,0,0,0,0,2026-09-03T17:32:22.552527+00:00
run,lgvq_temporal_qwenfront_o2_9f77_dc20_flatfield,runs/lgvq_temporal_qwenfront_o2_9f77_dc20_flatfield,temporal,complete,metrics_only,exploratory checkpoint pruned; configs/logs/metrics/figures retained,configs/release/temporal9_compact_flatfield.yaml,qwenfront_temporal_o2_9f49_vexpert77_alpha50_no_attention_v1_sroutercrop45_v1_srouterflatfield_v1,9,518,478,3,156,160,77,79,109,2,0.5,0.57,0.9,0.2,0.08,0.018,0.05,100,64,5,0,0.8175764385057898,0.8175764385057898,0.6061093059773612,0.8300770470748292,7.781559944152832,5.927757740020752,0.650757998633612,0.16681843987217781,runs/lgvq_temporal_qwenfront_o2_9f77_dc20_flatfield/best_observed_test_checkpoint.pt,03687d13d94c430422fdbb4b8aabe6e0e3a2db2082553722ea048f53e217e3ab,optical_parallel9_energy_top2,"[0.2729988098144531,0.26702508330345154,0.21246515214443207,0.24751095473766327]","[0.5,0.5,0.0,0.0]",406766,0,0,0,0,2026-09-03T17:26:55.912701+00:00
run,lgvq_temporal_qwenfront_o2_9f77_dc20_serial_balanced,runs/lgvq_temporal_qwenfront_o2_9f77_dc20_serial_balanced,temporal,complete,metrics_only,exploratory checkpoint pruned; configs/logs/metrics/figures retained,configs/release/temporal9_compact_serial_balanced.yaml,qwenfront_temporal_o2_9f49_vexpert77_alpha50_no_attention_v1,9,518,478,3,156,160,77,79,109,2,0.5,0.57,0.9,0.2,0.06,0.018,0.028,100,64,5,35,0.8116152724385369,0.8116152724385369,0.6001597983793554,0.8240231810814149,8.009068489074707,6.080161094665527,0.6675475141648118,0.1440677582737251,runs/lgvq_temporal_qwenfront_o2_9f77_dc20_serial_balanced/best_observed_test_checkpoint.pt,a184b6333dc9401d6672e2a87c589f59160dfc9713055935cbbe140dfe939aac,optical_parallel16_energy_top2,"[0.25517722964286804,0.3447829484939575,0.22242134809494019,0.17761847376823425]","[0.5,0.5,0.0,0.0]",405487,0,0,0,0,2026-09-03T17:02:34.900730+00:00
run,lgvq_temporal_qwenfront_o2_9f77_dc20_serial_reset,runs/lgvq_temporal_qwenfront_o2_9f77_dc20_serial_reset,temporal,complete,metrics_only,exploratory checkpoint pruned; configs/logs/metrics/figures retained,configs/release/temporal9_compact_serial_reset.yaml,qwenfront_temporal_o2_9f49_vexpert77_alpha50_no_attention_v1,9,518,478,3,156,160,77,79,109,2,0.5,0.57,0.9,0.2,0.06,0.018,0.028,100,64,5,40,0.8138677826881477,0.8138677826881477,0.6017051250281881,0.8247321386301525,7.985592365264893,6.111398696899414,0.6744040552146888,0.13946372747345892,runs/lgvq_temporal_qwenfront_o2_9f77_dc20_serial_reset/best_observed_test_checkpoint.pt,3f43c1e6e9f1fa2098afb39fd482eefaadede098d7437e7c128b239910aa69f1,optical_parallel16_energy_top2,"[0.19713261723518372,0.23755475878715515,0.29330945014953613,0.272003173828125]","[0.5,0.5,0.0,0.0]",405443,0,0,0,0,2026-09-03T17:08:09.790405+00:00
run,lgvq_temporal_qwenfront_o2_9f77_dc20_tradeoff_refine,runs/lgvq_temporal_qwenfront_o2_9f77_dc20_tradeoff_refine,temporal,complete,metrics_only,exploratory checkpoint pruned; configs/logs/metrics/figures retained,configs/release/temporal9_compact_tradeoff_refine.yaml,qwenfront_temporal_o2_9f49_vexpert77_alpha50_no_attention_v1_sroutercrop45_v1,9,518,478,3,156,160,77,79,109,2,0.5,0.57,0.9,0.2,0.04,0.012,0.015,100,64,5,5,0.8113703540377667,0.8113703540377667,0.5989106593382156,0.827914495756274,8.287537574768066,6.359486103057861,0.5838709284279949,0.22749942560977177,runs/lgvq_temporal_qwenfront_o2_9f77_dc20_tradeoff_refine/best_observed_test_checkpoint.pt,1727710fd6f37577685a4ccf487048ee27764d3ffeec84326f17e81d820efc4b,optical_parallel9_energy_top2,"[0.19862604141235352,0.27817603945732117,0.2777777910232544,0.2454201579093933]","[0.0,0.5,0.0,0.5]",406383,0,0,0,0,2026-09-03T17:39:20.972113+00:00
run,lgvq_temporal_qwenfront_o2_9f77_dc20_zero_order_aware,runs/lgvq_temporal_qwenfront_o2_9f77_dc20_zero_order_aware,temporal,complete,metrics_only,exploratory checkpoint pruned; configs/logs/metrics/figures retained,configs/release/temporal9_compact_zero_order_aware.yaml,qwenfront_temporal_o2_9f49_vexpert77_alpha50_no_attention_v1_srouterin45_v1,9,518,478,3,156,160,77,79,109,2,0.5,0.57,0.9,0.2,0.05,0.018,0.028,100,64,5,,0.8045554960828883,0.8045554960828883,0.5893553895596003,0.823372109029346,8.054298400878906,6.2303009033203125,,,,,optical_parallel16_energy_top2,"[0.35872161388397217,0.10832338035106659,0.34538033604621887,0.18757466971874237]","[0.5,0.5,0.0,0.0]",31569,0,0,0,0,2026-09-03T16:57:21.244426+00:00
run,lgvq_temporal_qwenfront_o2_9f77_dc20_zero_order_crop,runs/lgvq_temporal_qwenfront_o2_9f77_dc20_zero_order_crop,temporal,complete,keep_formal_dependency,formal temporal-9 source and every-5-epoch phase snapshots,configs/release/temporal9_compact_zero_order_crop.yaml,qwenfront_temporal_o2_9f49_vexpert77_alpha50_no_attention_v1_sroutercrop45_v1,9,518,478,3,156,160,77,79,109,2,0.5,0.57,0.9,0.2,0.05,0.018,0.028,100,64,5,55,0.8107397547712601,0.8107397547712601,0.5980993628475785,0.8217628882870391,7.960493087768555,6.101398468017578,0.49812244767507374,0.3126173070961864,runs/lgvq_temporal_qwenfront_o2_9f77_dc20_zero_order_crop/best_observed_test_checkpoint.pt,2cb43fdfeb90a626e9730485d1ea1ae56a9a4dae2c2a057b3519cfb70951bffc,optical_parallel9_energy_top2,"[0.2220230996608734,0.19982078671455383,0.2777777910232544,0.30037832260131836]","[0.34139785170555115,0.20430107414722443,0.0,0.4543010890483856]",293999290,22,287226716,20,125523560,2026-09-04T01:24:33.414488+00:00
run,lgvq_temporal_qwenfront_o2_9f77_dc20_zero_order_rebalance,runs/lgvq_temporal_qwenfront_o2_9f77_dc20_zero_order_rebalance,temporal,complete,metrics_only,exploratory checkpoint pruned; configs/logs/metrics/figures retained,configs/release/temporal9_compact_zero_order_rebalance.yaml,qwenfront_temporal_o2_9f49_vexpert77_alpha50_no_attention_v1_sroutercrop45_v1,9,518,478,3,156,160,77,79,109,2,0.5,0.57,0.9,0.2,0.1,0.018,0.05,100,64,5,0,0.8177099141993849,0.8177099141993849,0.6060706728111405,0.8301257628765953,7.781291484832764,5.927578449249268,0.650757998633612,0.16695191556577293,runs/lgvq_temporal_qwenfront_o2_9f77_dc20_zero_order_rebalance/best_observed_test_checkpoint.pt,a2baad1ea3069777512ae6123fc7d6814037babb27643c8d7721a937f246eed9,optical_parallel16_energy_top2,"[0.2729988098144531,0.26702508330345154,0.21246515214443207,0.24751095473766327]","[0.5,0.5,0.0,0.0]",405378,0,0,0,0,2026-09-03T17:21:25.414222+00:00
run,lgvq_temporal_qwenfront_o2_9f77_dc20_zero_order_strong_balance,runs/lgvq_temporal_qwenfront_o2_9f77_dc20_zero_order_strong_balance,temporal,complete,metrics_only,exploratory checkpoint pruned; configs/logs/metrics/figures retained,configs/release/temporal9_compact_zero_order_strong_balance.yaml,qwenfront_temporal_o2_9f49_vexpert77_alpha50_no_attention_v1_sroutercrop45_v1,9,518,478,3,156,160,77,79,109,2,0.5,0.57,0.9,0.2,0.15,0.018,0.07,100,64,5,0,0.8176650884683923,0.8176650884683923,0.6059290178683308,0.8301620837618341,7.781460762023926,5.927613735198975,0.650757998633612,0.1669070898347803,runs/lgvq_temporal_qwenfront_o2_9f77_dc20_zero_order_strong_balance/best_observed_test_checkpoint.pt,a58bc8fcdd253fb97fdd7f2ced7d62e81f82bc0cd8b7c12a7f4f3b3e82ab4aae,optical_parallel16_energy_top2,"[0.2729988098144531,0.26702508330345154,0.21246515214443207,0.24751095473766327]","[0.5,0.5,0.0,0.0]",405841,0,0,0,0,2026-09-03T17:21:27.106188+00:00
run,server_jobs,runs/server_jobs,,empty_or_partial,metrics_only,exploratory checkpoint pruned; configs/logs/metrics/figures retained,,,,,,,,,,,,,,,,,,,,,,,,,,,,,,,,,,,"""""","""""",452230,0,0,0,0,2026-09-03T11:21:54.485838+00:00
run,spatial_post_optical_probe_seed42,runs/spatial_post_optical_probe_seed42,,empty_or_partial,metrics_only,exploratory checkpoint pruned; configs/logs/metrics/figures retained,,,,,,,,,,,,,,,,,,,,,,,,,,,,,,,,,,,"""""","""""",234031,0,0,0,0,2026-09-03T11:29:37.009985+00:00
run,temporal9_cache_logs,runs/temporal9_cache_logs,,empty_or_partial,metrics_only,exploratory checkpoint pruned; configs/logs/metrics/figures retained,,,,,,,,,,,,,,,,,,,,,,,,,,,,,,,,,,,"""""","""""",40609,0,0,0,0,2026-09-03T16:41:06.435409+00:00
run,temporal9_training_logs,runs/temporal9_training_logs,,empty_or_partial,metrics_only,exploratory checkpoint pruned; configs/logs/metrics/figures retained,,,,,,,,,,,,,,,,,,,,,,,,,,,,,,,,,,,"""""","""""",105602,0,0,0,0,2026-09-03T17:39:21.188111+00:00
formal_artifact,temporal16_balanced_calibrated,artifacts/temporal16_36_study/models/temporal16_balanced_calibrated_report.json,temporal,complete,keep_formal_checkpoint,formal calibrated 16-frame candidate,,,16,,,,,,,,,,,,,,,,,,,,,0.8373715890141851,0.8373715890141851,0.6278038487355082,0.8611878602173225,7.043316841125488,5.417893409729004,0.5087279807935937,0.32864360822059135,artifacts/temporal16_36_study/models/temporal16_balanced_calibrated.pt,efb5960985235f5ffc80efa48ccbbfbfab47676a163cee96c19ff07f6f3be4a8,optical_parallel16_energy_top2,"[0.2956429123878479,0.24943996965885162,0.23543906211853027,0.219478040933609]","[0.25358423590660095,0.2822580635547638,0.23566308617591858,0.22849462926387787]",80393598,1,80393598,0,0,2026-09-04T05:41:38.067343+00:00
formal_artifact,temporal36_balanced_calibrated,artifacts/temporal16_36_study/models/temporal36_balanced_calibrated_report.json,temporal,complete,keep_formal_checkpoint,formal calibrated 36-frame candidate,,,36,,,,,,,,,,,,,,,,,,,,,0.8454429861580077,0.8454429861580077,0.639359584371411,0.8649914427305789,7.183235168457031,5.450646877288818,0.23328097794290076,0.6121620082151069,artifacts/temporal16_36_study/models/temporal36_balanced_calibrated.pt,159b1d8cd31aa5f817d274f2930129601d4f0a365f01c430a8fefcc5989c8730,optical_parallel36_energy_top2,"[0.2630425989627838,0.2999054193496704,0.19907407462596893,0.23797789216041565]","[0.259856641292572,0.2455197125673294,0.2526881694793701,0.24193547666072845]",80551014,1,80551014,0,0,2026-09-04T05:41:38.159342+00:00
