run_id,epoch,stage,group,l2,relative_l2,lr,gradient_norm
20260908_v3_formal_caltech_fixed_s42,1,experts,electronic,0.0,0.0,0.0,0
20260908_v3_formal_caltech_fixed_s42,1,experts,fusion,0.0,0.0,0.0,0
20260908_v3_formal_caltech_fixed_s42,1,experts,router,0.0,0.0,0.0,0
20260908_v3_formal_caltech_fixed_s42,1,experts,global,0.0,0.0,0.0,0
20260908_v3_formal_caltech_fixed_s42,1,experts,readout,0.0,0.0,0.0,0
20260908_v3_formal_caltech_fixed_s42,2,experts,electronic,0.0,0.0,0.0,0
20260908_v3_formal_caltech_fixed_s42,2,experts,fusion,0.0,0.0,0.0,0
20260908_v3_formal_caltech_fixed_s42,2,experts,router,0.0,0.0,0.0,0
20260908_v3_formal_caltech_fixed_s42,2,experts,global,0.0,0.0,0.0,0
20260908_v3_formal_caltech_fixed_s42,2,experts,readout,0.0,0.0,0.0,0
20260908_v3_formal_caltech_fixed_s42,3,experts,electronic,0.0,0.0,0.0,0
20260908_v3_formal_caltech_fixed_s42,3,experts,fusion,0.0,0.0,0.0,0
20260908_v3_formal_caltech_fixed_s42,3,experts,router,0.0,0.0,0.0,0
20260908_v3_formal_caltech_fixed_s42,3,experts,global,0.0,0.0,0.0,0
20260908_v3_formal_caltech_fixed_s42,3,experts,readout,0.0,0.0,0.0,0
20260908_v3_formal_caltech_fixed_s42,4,experts,electronic,0.0,0.0,0.0,0
20260908_v3_formal_caltech_fixed_s42,4,experts,fusion,0.0,0.0,0.0,0
20260908_v3_formal_caltech_fixed_s42,4,experts,router,0.0,0.0,0.0,0
20260908_v3_formal_caltech_fixed_s42,4,experts,global,0.0,0.0,0.0,0
20260908_v3_formal_caltech_fixed_s42,4,experts,readout,0.0,0.0,0.0,0
20260908_v3_formal_caltech_fixed_s42,5,optics,electronic,0.0,0.0,0.0,0.0
20260908_v3_formal_caltech_fixed_s42,5,optics,fusion,0.0,0.0,0.0,0.0
20260908_v3_formal_caltech_fixed_s42,5,optics,router,0.09890243411064148,4.7939043724909425e-05,0.0005,0.016415975987911224
20260908_v3_formal_caltech_fixed_s42,5,optics,global,0.10493432730436325,0.0026803291402757168,0.00030000000000000003,0.767196536064148
20260908_v3_formal_caltech_fixed_s42,5,optics,readout,0.0,0.0,0.0,0.0
20260908_v3_formal_caltech_fixed_s42,6,optics,electronic,0.0,0.0,0.0,0.0
20260908_v3_formal_caltech_fixed_s42,6,optics,fusion,0.0,0.0,0.0,0.0
20260908_v3_formal_caltech_fixed_s42,6,optics,router,0.6144430041313171,0.0002977404510602355,0.009694891002992924,0.14234773814678192
20260908_v3_formal_caltech_fixed_s42,6,optics,global,0.6156268119812012,0.010094765573740005,0.005816934601795755,1.780084490776062
20260908_v3_formal_caltech_fixed_s42,6,optics,readout,0.0,0.0,0.0,0.0
20260908_v3_formal_caltech_fixed_s42,7,optics,electronic,0.0,0.0,0.0,0.0
20260908_v3_formal_caltech_fixed_s42,7,optics,fusion,0.0,0.0,0.0,0.0
20260908_v3_formal_caltech_fixed_s42,7,optics,router,0.3475610613822937,0.00016839822637848556,0.008826109761999027,0.10577868670225143
20260908_v3_formal_caltech_fixed_s42,7,optics,global,0.622359573841095,0.007749155163764954,0.005295665857199415,1.6586211919784546
20260908_v3_formal_caltech_fixed_s42,7,optics,readout,0.0,0.0,0.0,0.0
20260908_v3_formal_caltech_fixed_s42,8,optics,electronic,0.0,0.0,0.0,0.0
20260908_v3_formal_caltech_fixed_s42,8,optics,fusion,0.0,0.0,0.0,0.0
20260908_v3_formal_caltech_fixed_s42,8,optics,router,0.7646997570991516,0.0003704622504301369,0.00752619276354741,0.1160656213760376
20260908_v3_formal_caltech_fixed_s42,8,optics,global,0.5090876221656799,0.005190690979361534,0.004515715658128446,1.720617651939392
20260908_v3_formal_caltech_fixed_s42,8,optics,readout,0.0,0.0,0.0,0.0
20260908_v3_formal_caltech_fixed_s42,9,optics,electronic,0.0,0.0,0.0,0.0
20260908_v3_formal_caltech_fixed_s42,9,optics,fusion,0.0,0.0,0.0,0.0
20260908_v3_formal_caltech_fixed_s42,9,optics,router,0.2098904550075531,0.00010167333675781265,0.005993448193433091,0.1513475775718689
20260908_v3_formal_caltech_fixed_s42,9,optics,global,0.4511841833591461,0.0039406390860676765,0.0035960689160598547,1.6343317031860352
20260908_v3_formal_caltech_fixed_s42,9,optics,readout,0.0,0.0,0.0,0.0
20260908_v3_formal_caltech_fixed_s42,10,optics,electronic,0.0,0.0,0.0,0.0
20260908_v3_formal_caltech_fixed_s42,10,optics,fusion,0.0,0.0,0.0,0.0
20260908_v3_formal_caltech_fixed_s42,10,optics,router,0.3116312325000763,0.00015094727859832346,0.004461703130883879,0.29940783977508545
20260908_v3_formal_caltech_fixed_s42,10,optics,global,0.35726213455200195,0.0027909467462450266,0.0026770218785303274,2.2360973358154297
20260908_v3_formal_caltech_fixed_s42,10,optics,readout,0.0,0.0,0.0,0.0
20260908_v3_formal_caltech_fixed_s42,11,optics,electronic,0.0,0.0,0.0,0.0
20260908_v3_formal_caltech_fixed_s42,11,optics,fusion,0.0,0.0,0.0,0.0
20260908_v3_formal_caltech_fixed_s42,11,optics,router,0.17578299343585968,8.514281216775998e-05,0.00316463217575224,0.26938581466674805
20260908_v3_formal_caltech_fixed_s42,11,optics,global,0.21735960245132446,0.0015628206310793757,0.001898779305451344,2.2686917781829834
20260908_v3_formal_caltech_fixed_s42,11,optics,readout,0.0,0.0,0.0,0.0
20260908_v3_formal_caltech_fixed_s42,12,optics,electronic,0.0,0.0,0.0,0.0
20260908_v3_formal_caltech_fixed_s42,12,optics,fusion,0.0,0.0,0.0,0.0
20260908_v3_formal_caltech_fixed_s42,12,optics,router,0.07200103998184204,3.487421781755984e-05,0.0023001093371217874,0.12208615988492966
20260908_v3_formal_caltech_fixed_s42,12,optics,global,0.14342065155506134,0.000976738752797246,0.0013800656022730723,2.2616021633148193
20260908_v3_formal_caltech_fixed_s42,12,optics,readout,0.0,0.0,0.0,0.0
20260908_v3_formal_caltech_fixed_s42,13,joint,electronic,0.006686644162982702,9.107291407417506e-05,5e-06,70.96353912353516
20260908_v3_formal_caltech_fixed_s42,13,joint,fusion,0.0,0.0,0.0,0.0
20260908_v3_formal_caltech_fixed_s42,13,joint,router,0.030792739242315292,1.491464445280144e-05,0.0005,0.4325268864631653
20260908_v3_formal_caltech_fixed_s42,13,joint,global,0.03012380376458168,0.00019704991427715868,0.00030000000000000003,2.8806910514831543
20260908_v3_formal_caltech_fixed_s42,13,joint,readout,0.0007969366852194071,3.9996197301661596e-05,5e-06,27.55588722229004
20260908_v3_formal_caltech_fixed_s42,14,joint,electronic,0.03141108900308609,0.0004270264762453735,9.93917484850684e-05,26.251089096069336
20260908_v3_formal_caltech_fixed_s42,14,joint,fusion,0.0,0.0,0.0,0.0
20260908_v3_formal_caltech_fixed_s42,14,joint,router,0.33785849809646606,0.00016361946472898126,0.00993917484850684,0.0695255771279335
20260908_v3_formal_caltech_fixed_s42,14,joint,global,1.0062776803970337,0.005210245493799448,0.005963504909104104,1.0680149793624878
20260908_v3_formal_caltech_fixed_s42,14,joint,readout,0.0033286495599895716,0.00016706986934877932,9.93917484850684e-05,11.773292541503906
20260908_v3_formal_caltech_fixed_s42,15,joint,electronic,0.029242901131510735,0.00039691204437986016,9.75854924355444e-05,27.89468765258789
20260908_v3_formal_caltech_fixed_s42,15,joint,fusion,0.0,0.0,0.0,0.0
20260908_v3_formal_caltech_fixed_s42,15,joint,router,0.32973092794418335,0.00015967605577316135,0.00975854924355444,0.12462366372346878
20260908_v3_formal_caltech_fixed_s42,15,joint,global,1.0985901355743408,0.004207946360111237,0.005855129546132664,1.1157054901123047
20260908_v3_formal_caltech_fixed_s42,15,joint,readout,0.0038165838923305273,0.00019157615315634757,9.75854924355444e-05,9.925966262817383
20260908_v3_formal_caltech_fixed_s42,16,joint,electronic,0.02877846360206604,0.0003900467127095908,9.463616475035189e-05,22.776220321655273
20260908_v3_formal_caltech_fixed_s42,16,joint,fusion,0.0,0.0,0.0,0.0
20260908_v3_formal_caltech_fixed_s42,16,joint,router,0.2909011244773865,0.00014086932060308754,0.009463616475035188,0.09597809612751007
20260908_v3_formal_caltech_fixed_s42,16,joint,global,1.033557653427124,0.0030678261537104845,0.005678169885021113,0.8645116686820984
20260908_v3_formal_caltech_fixed_s42,16,joint,readout,0.0033312137238681316,0.00016722884902264923,9.463616475035189e-05,6.75124454498291
20260908_v3_formal_caltech_fixed_s42,17,joint,electronic,0.0266368817538023,0.0003605062374845147,9.063346208111827e-05,29.642662048339844
20260908_v3_formal_caltech_fixed_s42,17,joint,fusion,0.0,0.0,0.0,0.0
20260908_v3_formal_caltech_fixed_s42,17,joint,router,0.31042101979255676,0.00015030951180960983,0.009063346208111826,0.10143953561782837
20260908_v3_formal_caltech_fixed_s42,17,joint,global,1.0326019525527954,0.0025331105571240187,0.005438007724867096,1.0303531885147095
20260908_v3_formal_caltech_fixed_s42,17,joint,readout,0.0034136883914470673,0.0001713745150482282,9.063346208111827e-05,7.271363735198975
20260908_v3_formal_caltech_fixed_s42,18,joint,electronic,0.0252426415681839,0.0003412285877857357,8.569911692596261e-05,35.31600570678711
20260908_v3_formal_caltech_fixed_s42,18,joint,fusion,0.0,0.0,0.0,0.0
20260908_v3_formal_caltech_fixed_s42,18,joint,router,0.4474421739578247,0.00021664121595676988,0.008569911692596261,0.1818082332611084
20260908_v3_formal_caltech_fixed_s42,18,joint,global,0.985534131526947,0.002106167608872056,0.005141947015557757,1.1652289628982544
20260908_v3_formal_caltech_fixed_s42,18,joint,readout,0.0025188883300870657,0.00012646405957639217,8.569911692596261e-05,12.863802909851074
20260908_v3_formal_caltech_fixed_s42,19,joint,electronic,0.025058219209313393,0.00033847943996079266,7.998319543067591e-05,19.958515167236328
20260908_v3_formal_caltech_fixed_s42,19,joint,fusion,0.0,0.0,0.0,0.0
20260908_v3_formal_caltech_fixed_s42,19,joint,router,0.26953354477882385,0.00013049332483205944,0.007998319543067591,0.0551438070833683
20260908_v3_formal_caltech_fixed_s42,19,joint,global,0.7062411308288574,0.0013669799081981182,0.004798991725840555,0.7449803352355957
20260908_v3_formal_caltech_fixed_s42,19,joint,readout,0.002443223027512431,0.00012267386773601174,7.998319543067591e-05,10.031455039978027
20260908_v3_formal_caltech_fixed_s42,20,joint,electronic,0.02124171517789364,0.0002866679278668016,7.365953349069506e-05,30.355186462402344
20260908_v3_formal_caltech_fixed_s42,20,joint,fusion,0.0,0.0,0.0,0.0
20260908_v3_formal_caltech_fixed_s42,20,joint,router,0.30828097462654114,0.0001492422161391005,0.007365953349069505,0.10957679897546768
20260908_v3_formal_caltech_fixed_s42,20,joint,global,0.6820169687271118,0.0012277790810912848,0.004419572009441703,1.0618618726730347
20260908_v3_formal_caltech_fixed_s42,20,joint,readout,0.0025150247383862734,0.00012628649710677564,7.365953349069506e-05,12.795552253723145
20260908_v3_formal_caltech_fixed_s42,21,joint,electronic,0.02010093815624714,0.00027108180802315474,6.69204499537655e-05,13.738472938537598
20260908_v3_formal_caltech_fixed_s42,21,joint,fusion,0.0,0.0,0.0,0.0
20260908_v3_formal_caltech_fixed_s42,21,joint,router,0.2117462158203125,0.00010250280320178717,0.00669204499537655,0.11187932640314102
20260908_v3_formal_caltech_fixed_s42,21,joint,global,0.583137035369873,0.0009946185164153576,0.00401522699722593,0.45150893926620483
20260908_v3_formal_caltech_fixed_s42,21,joint,readout,0.0020378469489514828,0.0001023334771161899,6.69204499537655e-05,7.664848804473877
20260908_v3_formal_caltech_fixed_s42,22,joint,electronic,0.01891413703560829,0.00025493965949863195,5.997089770841662e-05,27.790056228637695
20260908_v3_formal_caltech_fixed_s42,22,joint,fusion,0.0,0.0,0.0,0.0
20260908_v3_formal_caltech_fixed_s42,22,joint,router,0.3726791739463806,0.0001804058119887486,0.005997089770841662,0.14171160757541656
20260908_v3_formal_caltech_fixed_s42,22,joint,global,0.5947344303131104,0.0009743744158186018,0.003598253862504997,0.9902956485748291
20260908_v3_formal_caltech_fixed_s42,22,joint,readout,0.002696729265153408,0.00013542825763579458,5.997089770841662e-05,11.859965324401855
20260908_v3_formal_caltech_fixed_s42,23,joint,electronic,0.015230556949973106,0.00020520736870821565,5.302223053871491e-05,24.747989654541016
20260908_v3_formal_caltech_fixed_s42,23,joint,fusion,0.0,0.0,0.0,0.0
20260908_v3_formal_caltech_fixed_s42,23,joint,router,0.13410890102386475,6.491566455224529e-05,0.0053022230538714915,0.056930072605609894
20260908_v3_formal_caltech_fixed_s42,23,joint,global,0.38516175746917725,0.0006118081510066986,0.003181333832322895,0.8179851174354553
20260908_v3_formal_caltech_fixed_s42,23,joint,readout,0.0016349991783499718,8.21126377559267e-05,5.302223053871491e-05,7.8396148681640625
20260908_v3_formal_caltech_fixed_s42,24,joint,electronic,0.015474631451070309,0.00020841321384068578,4.628577531129671e-05,27.52133560180664
20260908_v3_formal_caltech_fixed_s42,24,joint,fusion,0.0,0.0,0.0,0.0
20260908_v3_formal_caltech_fixed_s42,24,joint,router,0.17005231976509094,8.231115498347208e-05,0.0046285775311296715,0.13453641533851624
20260908_v3_formal_caltech_fixed_s42,24,joint,global,0.36830800771713257,0.000571400742046535,0.002777146518677803,0.9178699254989624
20260908_v3_formal_caltech_fixed_s42,24,joint,readout,0.0016742578009143472,8.408862049691379e-05,4.628577531129671e-05,9.960009574890137
20260908_v3_formal_caltech_fixed_s42,25,joint,electronic,0.011763607151806355,0.0001584217679919675,3.996640498102932e-05,26.02242088317871
20260908_v3_formal_caltech_fixed_s42,25,joint,fusion,0.0,0.0,0.0,0.0
20260908_v3_formal_caltech_fixed_s42,25,joint,router,0.17884325981140137,8.65635447553359e-05,0.003996640498102932,0.05814680829644203
20260908_v3_formal_caltech_fixed_s42,25,joint,global,0.30653128027915955,0.00046687759459018707,0.0023979842988617593,0.8985043168067932
20260908_v3_formal_caltech_fixed_s42,25,joint,readout,0.0015110374661162496,7.589266169816256e-05,3.996640498102932e-05,11.08537769317627
20260908_v3_formal_caltech_fixed_s42,26,joint,electronic,0.009738380089402199,0.0001311171508859843,3.4256307876752716e-05,31.661663055419922
20260908_v3_formal_caltech_fixed_s42,26,joint,fusion,0.0,0.0,0.0,0.0
20260908_v3_formal_caltech_fixed_s42,26,joint,router,0.14541956782341003,7.038500916678458e-05,0.003425630787675271,0.1081600934267044
20260908_v3_formal_caltech_fixed_s42,26,joint,global,0.25275683403015137,0.00037944785435684025,0.0020553784726051625,1.0001319646835327
20260908_v3_formal_caltech_fixed_s42,26,joint,readout,0.001143645029515028,5.7441724493401125e-05,3.4256307876752716e-05,11.37529182434082
20260908_v3_formal_caltech_fixed_s42,27,joint,electronic,0.008699562400579453,0.00011710634134942666,2.932914275917099e-05,15.745745658874512
20260908_v3_formal_caltech_fixed_s42,27,joint,fusion,0.0,0.0,0.0,0.0
20260908_v3_formal_caltech_fixed_s42,27,joint,router,0.0918930172920227,4.447704122867435e-05,0.002932914275917099,0.050892289727926254
20260908_v3_formal_caltech_fixed_s42,27,joint,global,0.20232757925987244,0.00030026093008928,0.0017597485655502594,0.5777137875556946
20260908_v3_formal_caltech_fixed_s42,27,joint,readout,0.0010949610732495785,5.499747931025922e-05,2.932914275917099e-05,6.132533550262451
20260908_v3_formal_caltech_fixed_s42,28,joint,electronic,0.0072756074368953705,9.793038771022111e-05,2.533475741063855e-05,17.481210708618164
20260908_v3_formal_caltech_fixed_s42,28,joint,fusion,0.0,0.0,0.0,0.0
20260908_v3_formal_caltech_fixed_s42,28,joint,router,0.06527484953403473,3.159328116453253e-05,0.0025334757410638547,0.08032532036304474
20260908_v3_formal_caltech_fixed_s42,28,joint,global,0.16142313182353973,0.0002373459137743339,0.001520085444638313,0.677815854549408
20260908_v3_formal_caltech_fixed_s42,28,joint,readout,0.0008693328127264977,4.3665826524375007e-05,2.533475741063855e-05,6.039834499359131
20260908_v3_formal_caltech_fixed_s42,29,joint,electronic,0.006920144893229008,9.314170893048868e-05,2.239463137812864e-05,27.171953201293945
20260908_v3_formal_caltech_fixed_s42,29,joint,fusion,0.0,0.0,0.0,0.0
20260908_v3_formal_caltech_fixed_s42,29,joint,router,0.08304569125175476,4.0194288885686547e-05,0.0022394631378128637,0.09554740786552429
20260908_v3_formal_caltech_fixed_s42,29,joint,global,0.15312522649765015,0.00022341174189932644,0.0013436778826877182,1.082397222518921
20260908_v3_formal_caltech_fixed_s42,29,joint,readout,0.0007115810294635594,3.574266520445235e-05,2.239463137812864e-05,10.252389907836914
20260908_v3_formal_caltech_fixed_s42,30,joint,electronic,0.006791761144995689,9.141069313045591e-05,2.0598181467309473e-05,10.281620979309082
20260908_v3_formal_caltech_fixed_s42,30,joint,fusion,0.0,0.0,0.0,0.0
20260908_v3_formal_caltech_fixed_s42,30,joint,router,0.06856340914964676,3.318472590763122e-05,0.002059818146730947,0.04186350479722023
20260908_v3_formal_caltech_fixed_s42,30,joint,global,0.1508951336145401,0.00021870204363949597,0.0012358908880385682,0.3717633783817291
20260908_v3_formal_caltech_fixed_s42,30,joint,readout,0.0006374248187057674,3.201834988431074e-05,2.0598181467309473e-05,4.246207237243652
20260908_v3_formal_caltech_direct_s42,1,experts,electronic,0.0,0.0,0.0,0.0
20260908_v3_formal_caltech_direct_s42,1,experts,fusion,0.0,0.0,0.0,0.0
20260908_v3_formal_caltech_direct_s42,1,experts,router,0.0,0.0,0.0,0.0
20260908_v3_formal_caltech_direct_s42,1,experts,expert,0.42909252643585205,0.0008933576173149049,0.001,0.43525469303131104
20260908_v3_formal_caltech_direct_s42,1,experts,global,0.0,0.0,0.0,0.0
20260908_v3_formal_caltech_direct_s42,1,experts,readout,0.0,0.0,0.0,0.0
20260908_v3_formal_caltech_direct_s42,2,experts,electronic,0.0,0.0,0.0,0.0
20260908_v3_formal_caltech_direct_s42,2,experts,fusion,0.0,0.0,0.0,0.0
20260908_v3_formal_caltech_direct_s42,2,experts,router,0.0,0.0,0.0,0.0
20260908_v3_formal_caltech_direct_s42,2,experts,expert,2.2304208278656006,0.0032071853056550026,0.017647571319721958,0.8898072838783264
20260908_v3_formal_caltech_direct_s42,2,experts,global,0.0,0.0,0.0,0.0
20260908_v3_formal_caltech_direct_s42,2,experts,readout,0.0,0.0,0.0,0.0
20260908_v3_formal_caltech_direct_s42,3,experts,electronic,0.0,0.0,0.0,0.0
20260908_v3_formal_caltech_direct_s42,3,experts,fusion,0.0,0.0,0.0,0.0
20260908_v3_formal_caltech_direct_s42,3,experts,router,0.0,0.0,0.0,0.0
20260908_v3_formal_caltech_direct_s42,3,experts,expert,1.0984272956848145,0.0014980662381276488,0.011973765452836507,1.0119104385375977
20260908_v3_formal_caltech_direct_s42,3,experts,global,0.0,0.0,0.0,0.0
20260908_v3_formal_caltech_direct_s42,3,experts,readout,0.0,0.0,0.0,0.0
20260908_v3_formal_caltech_direct_s42,4,experts,electronic,0.0,0.0,0.0,0.0
20260908_v3_formal_caltech_direct_s42,4,experts,fusion,0.0,0.0,0.0,0.0
20260908_v3_formal_caltech_direct_s42,4,experts,router,0.0,0.0,0.0,0.0
20260908_v3_formal_caltech_direct_s42,4,experts,expert,0.5792372226715088,0.0007771028904244304,0.006315388311241433,0.7648797631263733
20260908_v3_formal_caltech_direct_s42,4,experts,global,0.0,0.0,0.0,0.0
20260908_v3_formal_caltech_direct_s42,4,experts,readout,0.0,0.0,0.0,0.0
20260908_v3_formal_caltech_direct_s42,5,optics,electronic,0.0,0.0,0.0,0.0
20260908_v3_formal_caltech_direct_s42,5,optics,fusion,0.0,0.0,0.0,0.0
20260908_v3_formal_caltech_direct_s42,5,optics,router,0.1143360286951065,5.5419866839656606e-05,0.0005,0.12440754473209381
20260908_v3_formal_caltech_direct_s42,5,optics,expert,0.07880071550607681,0.00010500011558178812,0.001,1.8183473348617554
20260908_v3_formal_caltech_direct_s42,5,optics,global,0.10462777316570282,0.0026724988128989935,0.00030000000000000003,4.837320327758789
20260908_v3_formal_caltech_direct_s42,5,optics,readout,0.0,0.0,0.0,0.0
20260908_v3_formal_caltech_direct_s42,6,optics,electronic,0.0,0.0,0.0,0.0
20260908_v3_formal_caltech_direct_s42,6,optics,fusion,0.0,0.0,0.0,0.0
20260908_v3_formal_caltech_direct_s42,6,optics,router,0.2918514907360077,0.00014145203749649227,0.009694891002992924,0.10586398839950562
20260908_v3_formal_caltech_direct_s42,6,optics,expert,2.660755157470703,0.003424739232286811,0.01938978200598585,0.654046356678009
20260908_v3_formal_caltech_direct_s42,6,optics,global,0.5887097120285034,0.011055692099034786,0.005816934601795755,1.614982008934021
20260908_v3_formal_caltech_direct_s42,6,optics,readout,0.0,0.0,0.0,0.0
20260908_v3_formal_caltech_direct_s42,7,optics,electronic,0.0,0.0,0.0,0.0
20260908_v3_formal_caltech_direct_s42,7,optics,fusion,0.0,0.0,0.0,0.0
20260908_v3_formal_caltech_direct_s42,7,optics,router,0.27525022625923157,0.0001333950349362567,0.008826109761999027,0.047961439937353134
20260908_v3_formal_caltech_direct_s42,7,optics,expert,2.2638041973114014,0.00286286068148911,0.017652219523998054,0.767699122428894
20260908_v3_formal_caltech_direct_s42,7,optics,global,0.5483931303024292,0.007551966700702906,0.005295665857199415,1.89750337600708
20260908_v3_formal_caltech_direct_s42,7,optics,readout,0.0,0.0,0.0,0.0
20260908_v3_formal_caltech_direct_s42,8,optics,electronic,0.0,0.0,0.0,0.0
20260908_v3_formal_caltech_direct_s42,8,optics,fusion,0.0,0.0,0.0,0.0
20260908_v3_formal_caltech_direct_s42,8,optics,router,0.33434295654296875,0.00016202052938751876,0.00752619276354741,0.06312583386898041
20260908_v3_formal_caltech_direct_s42,8,optics,expert,1.465327262878418,0.0018304139375686646,0.01505238552709482,0.5319860577583313
20260908_v3_formal_caltech_direct_s42,8,optics,global,0.5150388479232788,0.005348276812583208,0.004515715658128446,1.1693696975708008
20260908_v3_formal_caltech_direct_s42,8,optics,readout,0.0,0.0,0.0,0.0
20260908_v3_formal_caltech_direct_s42,9,optics,electronic,0.0,0.0,0.0,0.0
20260908_v3_formal_caltech_direct_s42,9,optics,fusion,0.0,0.0,0.0,0.0
20260908_v3_formal_caltech_direct_s42,9,optics,router,0.35581281781196594,0.00017241842579096556,0.005993448193433091,0.08249926567077637
20260908_v3_formal_caltech_direct_s42,9,optics,expert,2.178790330886841,0.002695020753890276,0.011986896386866182,0.5965651273727417
20260908_v3_formal_caltech_direct_s42,9,optics,global,0.6233031749725342,0.005129125434905291,0.0035960689160598547,1.3335281610488892
20260908_v3_formal_caltech_direct_s42,9,optics,readout,0.0,0.0,0.0,0.0
20260908_v3_formal_caltech_direct_s42,10,optics,electronic,0.0,0.0,0.0,0.0
20260908_v3_formal_caltech_direct_s42,10,optics,fusion,0.0,0.0,0.0,0.0
20260908_v3_formal_caltech_direct_s42,10,optics,router,0.1932068169116974,9.362016862723976e-05,0.004461703130883879,0.04719196632504463
20260908_v3_formal_caltech_direct_s42,10,optics,expert,1.3981086015701294,0.0017107019666582346,0.008923406261767759,0.535774290561676
20260908_v3_formal_caltech_direct_s42,10,optics,global,0.43055832386016846,0.003053991822525859,0.0026770218785303274,1.1729505062103271
20260908_v3_formal_caltech_direct_s42,10,optics,readout,0.0,0.0,0.0,0.0
20260908_v3_formal_caltech_direct_s42,11,optics,electronic,0.0,0.0,0.0,0.0
20260908_v3_formal_caltech_direct_s42,11,optics,fusion,0.0,0.0,0.0,0.0
20260908_v3_formal_caltech_direct_s42,11,optics,router,0.1626482605934143,7.880850171204656e-05,0.00316463217575224,0.16053934395313263
20260908_v3_formal_caltech_direct_s42,11,optics,expert,0.8462526798248291,0.0010306620970368385,0.00632926435150448,0.7357082962989807
20260908_v3_formal_caltech_direct_s42,11,optics,global,0.24090604484081268,0.001549067092128098,0.001898779305451344,1.6188158988952637
20260908_v3_formal_caltech_direct_s42,11,optics,readout,0.0,0.0,0.0,0.0
20260908_v3_formal_caltech_direct_s42,12,optics,electronic,0.0,0.0,0.0,0.0
20260908_v3_formal_caltech_direct_s42,12,optics,fusion,0.0,0.0,0.0,0.0
20260908_v3_formal_caltech_direct_s42,12,optics,router,0.10647054761648178,5.158705243957229e-05,0.0023001093371217874,0.08433999866247177
20260908_v3_formal_caltech_direct_s42,12,optics,expert,0.5198767781257629,0.0006314944475889206,0.004600218674243575,0.7362216711044312
20260908_v3_formal_caltech_direct_s42,12,optics,global,0.17167186737060547,0.0010344297625124454,0.0013800656022730723,1.5134271383285522
20260908_v3_formal_caltech_direct_s42,12,optics,readout,0.0,0.0,0.0,0.0
20260908_v3_formal_caltech_direct_s42,13,joint,electronic,0.005082210060209036,6.92203248036094e-05,5e-06,98651.203125
20260908_v3_formal_caltech_direct_s42,13,joint,fusion,0.0,0.0,0.0,0.0
20260908_v3_formal_caltech_direct_s42,13,joint,router,0.09678346663713455,4.689178604166955e-05,0.0005,1779.6304931640625
20260908_v3_formal_caltech_direct_s42,13,joint,expert,0.10592716187238693,0.00012845393212046474,0.001,1.1717060804367065
20260908_v3_formal_caltech_direct_s42,13,joint,global,0.03190998360514641,0.00018338493828196079,0.00030000000000000003,2.609807252883911
20260908_v3_formal_caltech_direct_s42,13,joint,readout,0.0007969310972839594,3.999591717729345e-05,5e-06,33.242427825927734
20260908_v3_formal_caltech_direct_s42,14,joint,electronic,0.035263340920209885,0.00047935344628058374,9.93917484850684e-05,27.519866943359375
20260908_v3_formal_caltech_direct_s42,14,joint,fusion,0.0,0.0,0.0,0.0
20260908_v3_formal_caltech_direct_s42,14,joint,router,0.35923823714256287,0.00017403156380169094,0.00993917484850684,0.08905479311943054
20260908_v3_formal_caltech_direct_s42,14,joint,expert,2.1261446475982666,0.002550301142036915,0.01987834969701368,0.48505720496177673
20260908_v3_formal_caltech_direct_s42,14,joint,global,1.1029776334762573,0.004804247058928013,0.005963504909104104,0.9708118438720703
20260908_v3_formal_caltech_direct_s42,14,joint,readout,0.0037277033552527428,0.0001871024287538603,9.93917484850684e-05,16.808059692382812
20260908_v3_formal_caltech_direct_s42,15,joint,electronic,0.027769800275564194,0.00037680729292333126,9.75854924355444e-05,23.75042724609375
20260908_v3_formal_caltech_direct_s42,15,joint,fusion,0.0,0.0,0.0,0.0
20260908_v3_formal_caltech_direct_s42,15,joint,router,0.20366179943084717,9.864814637694508e-05,0.00975854924355444,0.05849863216280937
20260908_v3_formal_caltech_direct_s42,15,joint,expert,1.9742186069488525,0.0023398404009640217,0.01951709848710888,0.47675421833992004
20260908_v3_formal_caltech_direct_s42,15,joint,global,1.0219228267669678,0.003294699126854539,0.005855129546132664,0.9491888880729675
20260908_v3_formal_caltech_direct_s42,15,joint,readout,0.003394440282136202,0.0001703969610389322,9.75854924355444e-05,8.96368408203125
20260908_v3_formal_caltech_direct_s42,16,joint,electronic,0.028125694021582603,0.00038107598084025085,9.463616475035189e-05,25.187837600708008
20260908_v3_formal_caltech_direct_s42,16,joint,fusion,0.0,0.0,0.0,0.0
20260908_v3_formal_caltech_direct_s42,16,joint,router,0.26252248883247375,0.00012714821787085384,0.009463616475035188,0.12019924819469452
20260908_v3_formal_caltech_direct_s42,16,joint,expert,2.1800148487091064,0.002556596416980028,0.018927232950070375,0.4463050365447998
20260908_v3_formal_caltech_direct_s42,16,joint,global,1.0202839374542236,0.0026270640082657337,0.005678169885021113,0.8632402420043945
20260908_v3_formal_caltech_direct_s42,16,joint,readout,0.003016594797372818,0.00015144921781029552,9.463616475035189e-05,11.38036060333252
20260908_v3_formal_caltech_direct_s42,17,joint,electronic,0.027405187487602234,0.00037076964508742094,9.063346208111827e-05,21.591794967651367
20260908_v3_formal_caltech_direct_s42,17,joint,fusion,0.0,0.0,0.0,0.0
20260908_v3_formal_caltech_direct_s42,17,joint,router,0.29062408208847046,0.00014075235230848193,0.009063346208111826,0.050903692841529846
20260908_v3_formal_caltech_direct_s42,17,joint,expert,1.9735280275344849,0.0022939895279705524,0.018126692416223653,0.37310081720352173
20260908_v3_formal_caltech_direct_s42,17,joint,global,0.9105933308601379,0.0019961141515523195,0.005438007724867096,0.7318873405456543
20260908_v3_formal_caltech_direct_s42,17,joint,readout,0.0029838024638593197,0.0001498215860920027,9.063346208111827e-05,11.264101028442383
20260908_v3_formal_caltech_direct_s42,18,joint,electronic,0.026502037420868874,0.0003581960336305201,8.569911692596261e-05,27.16246795654297
20260908_v3_formal_caltech_direct_s42,18,joint,fusion,0.0,0.0,0.0,0.0
20260908_v3_formal_caltech_direct_s42,18,joint,router,0.28418874740600586,0.00013763117021881044,0.008569911692596261,0.057104941457509995
20260908_v3_formal_caltech_direct_s42,18,joint,expert,2.0402793884277344,0.0023552030324935913,0.017139823385192522,0.5301083326339722
20260908_v3_formal_caltech_direct_s42,18,joint,global,0.8175357580184937,0.0015977135626599193,0.005141947015557757,1.0461941957473755
20260908_v3_formal_caltech_direct_s42,18,joint,readout,0.002875344594940543,0.00014438951620832086,8.569911692596261e-05,14.093340873718262
20260908_v3_formal_caltech_direct_s42,19,joint,electronic,0.02863839454948902,0.0003867021296173334,7.998319543067591e-05,25.2235164642334
20260908_v3_formal_caltech_direct_s42,19,joint,fusion,0.0,0.0,0.0,0.0
20260908_v3_formal_caltech_direct_s42,19,joint,router,0.3393585979938507,0.00016434257850050926,0.007998319543067591,0.12265780568122864
20260908_v3_formal_caltech_direct_s42,19,joint,expert,1.812345266342163,0.002079289872199297,0.015996639086135182,0.4192962348461151
20260908_v3_formal_caltech_direct_s42,19,joint,global,0.7215993404388428,0.0012997519224882126,0.004798991725840555,0.8225582838058472
20260908_v3_formal_caltech_direct_s42,19,joint,readout,0.0023877474013715982,0.00011991419160040095,7.998319543067591e-05,11.531639099121094
20260908_v3_formal_caltech_direct_s42,20,joint,electronic,0.021701976656913757,0.0002927506575360894,7.365953349069506e-05,27.717159271240234
20260908_v3_formal_caltech_direct_s42,20,joint,fusion,0.0,0.0,0.0,0.0
20260908_v3_formal_caltech_direct_s42,20,joint,router,0.28524789214134216,0.000138128743856214,0.007365953349069505,0.09527542442083359
20260908_v3_formal_caltech_direct_s42,20,joint,expert,1.6966215372085571,0.001937007182277739,0.01473190669813901,0.49087992310523987
20260908_v3_formal_caltech_direct_s42,20,joint,global,0.6346046328544617,0.0010765045881271362,0.004419572009441703,0.9648492932319641
20260908_v3_formal_caltech_direct_s42,20,joint,readout,0.002895711688324809,0.00014543520228471607,7.365953349069506e-05,13.788335800170898
20260908_v3_formal_caltech_direct_s42,21,joint,electronic,0.018634753301739693,0.0002512216451577842,6.69204499537655e-05,10.510263442993164
20260908_v3_formal_caltech_direct_s42,21,joint,fusion,0.0,0.0,0.0,0.0
20260908_v3_formal_caltech_direct_s42,21,joint,router,0.18640336394309998,9.025896724779159e-05,0.00669204499537655,0.04050525650382042
20260908_v3_formal_caltech_direct_s42,21,joint,expert,1.4566030502319336,0.0016558533534407616,0.0133840899907531,0.2078161984682083
20260908_v3_formal_caltech_direct_s42,21,joint,global,0.5069459080696106,0.0008223885088227689,0.00401522699722593,0.3967339098453522
20260908_v3_formal_caltech_direct_s42,21,joint,readout,0.0018976784776896238,9.531637624604627e-05,6.69204499537655e-05,4.4322333335876465
20260908_v3_formal_caltech_direct_s42,22,joint,electronic,0.020846549421548843,0.00028089337865822017,5.997089770841662e-05,30.969890594482422
20260908_v3_formal_caltech_direct_s42,22,joint,fusion,0.0,0.0,0.0,0.0
20260908_v3_formal_caltech_direct_s42,22,joint,router,0.21152859926223755,0.00010242050484521315,0.005997089770841662,0.12039744853973389
20260908_v3_formal_caltech_direct_s42,22,joint,expert,1.6861469745635986,0.0019105449318885803,0.011994179541683324,0.5568820834159851
20260908_v3_formal_caltech_direct_s42,22,joint,global,0.5844553112983704,0.0009168365504592657,0.003598253862504997,1.1246429681777954
20260908_v3_formal_caltech_direct_s42,22,joint,readout,0.002381662605330348,0.00011963460565311834,5.997089770841662e-05,16.804285049438477
20260908_v3_formal_caltech_direct_s42,23,joint,electronic,0.01822112314403057,0.00024544456391595304,5.302223053871491e-05,21.549924850463867
20260908_v3_formal_caltech_direct_s42,23,joint,fusion,0.0,0.0,0.0,0.0
20260908_v3_formal_caltech_direct_s42,23,joint,router,0.19419468939304352,9.401849092682824e-05,0.0053022230538714915,0.052660033106803894
20260908_v3_formal_caltech_direct_s42,23,joint,expert,1.1214218139648438,0.0012670609867200255,0.010604446107742983,0.4026407301425934
20260908_v3_formal_caltech_direct_s42,23,joint,global,0.39573484659194946,0.0006051113014109433,0.003181333832322895,0.7044632434844971
20260908_v3_formal_caltech_direct_s42,23,joint,readout,0.002376128686591983,0.00011936324881389737,5.302223053871491e-05,8.678423881530762
20260908_v3_formal_caltech_direct_s42,24,joint,electronic,0.013690340332686901,0.00018433798686601222,4.628577531129671e-05,23.748661041259766
20260908_v3_formal_caltech_direct_s42,24,joint,fusion,0.0,0.0,0.0,0.0
20260908_v3_formal_caltech_direct_s42,24,joint,router,0.24835607409477234,0.00012023582530673593,0.0046285775311296715,0.14292402565479279
20260908_v3_formal_caltech_direct_s42,24,joint,expert,0.9694517850875854,0.001093188184313476,0.009257155062259343,0.3606427013874054
20260908_v3_formal_caltech_direct_s42,24,joint,global,0.33275651931762695,0.0004986441344954073,0.002777146518677803,0.6681792140007019
20260908_v3_formal_caltech_direct_s42,24,joint,readout,0.0016127261333167553,8.101911953417584e-05,4.628577531129671e-05,8.329793930053711
20260908_v3_formal_caltech_direct_s42,25,joint,electronic,0.01262976136058569,0.00017001279047690332,3.996640498102932e-05,27.545461654663086
20260908_v3_formal_caltech_direct_s42,25,joint,fusion,0.0,0.0,0.0,0.0
20260908_v3_formal_caltech_direct_s42,25,joint,router,0.14442078769207,6.991696136537939e-05,0.003996640498102932,0.0762893483042717
20260908_v3_formal_caltech_direct_s42,25,joint,expert,0.9290024638175964,0.0010460629127919674,0.007993280996205865,0.4977927803993225
20260908_v3_formal_caltech_direct_s42,25,joint,global,0.299564003944397,0.00044189917389303446,0.0023979842988617593,0.9649112224578857
20260908_v3_formal_caltech_direct_s42,25,joint,readout,0.001608705846592784,8.08226250228472e-05,3.996640498102932e-05,16.15856170654297
20260908_v3_formal_caltech_direct_s42,26,joint,electronic,0.009646299295127392,0.0001298264105571434,3.4256307876752716e-05,28.919527053833008
20260908_v3_formal_caltech_direct_s42,26,joint,fusion,0.0,0.0,0.0,0.0
20260908_v3_formal_caltech_direct_s42,26,joint,router,0.18703414499759674,9.054611291503534e-05,0.003425630787675271,0.05891253054141998
20260908_v3_formal_caltech_direct_s42,26,joint,expert,0.854694128036499,0.000961276120506227,0.006851261575350542,0.5511107444763184
20260908_v3_formal_caltech_direct_s42,26,joint,global,0.2629644572734833,0.0003831517824437469,0.0020553784726051625,0.9746607542037964
20260908_v3_formal_caltech_direct_s42,26,joint,readout,0.0009536778670735657,4.79145601275377e-05,3.4256307876752716e-05,11.167827606201172
20260908_v3_formal_caltech_direct_s42,27,joint,electronic,0.009337129071354866,0.00012565578799694777,2.932914275917099e-05,11.568975448608398
20260908_v3_formal_caltech_direct_s42,27,joint,fusion,0.0,0.0,0.0,0.0
20260908_v3_formal_caltech_direct_s42,27,joint,router,0.052818503230810165,2.5569883291609585e-05,0.002932914275917099,0.027743550017476082
20260908_v3_formal_caltech_direct_s42,27,joint,expert,0.5172383785247803,0.0005812272429466248,0.005865828551834198,0.24253055453300476
20260908_v3_formal_caltech_direct_s42,27,joint,global,0.1698663979768753,0.0002450709289405495,0.0017597485655502594,0.44048601388931274
20260908_v3_formal_caltech_direct_s42,27,joint,readout,0.001202354789711535,6.040942753315903e-05,2.932914275917099e-05,5.008746147155762
20260908_v3_formal_caltech_direct_s42,28,joint,electronic,0.007377734407782555,9.92779532680288e-05,2.533475741063855e-05,18.141380310058594
20260908_v3_formal_caltech_direct_s42,28,joint,fusion,0.0,0.0,0.0,0.0
20260908_v3_formal_caltech_direct_s42,28,joint,router,0.07866871356964111,3.808394103543833e-05,0.0025334757410638547,0.029537389054894447
20260908_v3_formal_caltech_direct_s42,28,joint,expert,0.5075974464416504,0.0005700877518393099,0.005066951482127709,0.36452728509902954
20260908_v3_formal_caltech_direct_s42,28,joint,global,0.16296835243701935,0.000233227270655334,0.001520085444638313,0.6494461297988892
20260908_v3_formal_caltech_direct_s42,28,joint,readout,0.0008220646996051073,4.1303377656731755e-05,2.533475741063855e-05,7.559130668640137
20260908_v3_formal_caltech_direct_s42,29,joint,electronic,0.006368149537593126,8.568660996388644e-05,2.239463137812864e-05,23.95395278930664
20260908_v3_formal_caltech_direct_s42,29,joint,fusion,0.0,0.0,0.0,0.0
20260908_v3_formal_caltech_direct_s42,29,joint,router,0.06756947189569473,3.271048262831755e-05,0.0022394631378128637,0.12382274866104126
20260908_v3_formal_caltech_direct_s42,29,joint,expert,0.43627241253852844,0.0004897030303254724,0.004478926275625727,0.4290485978126526
20260908_v3_formal_caltech_direct_s42,29,joint,global,0.13987475633621216,0.00019883735512848943,0.0013436778826877182,0.8343660235404968
20260908_v3_formal_caltech_direct_s42,29,joint,readout,0.0007990351296029985,4.0147057006834075e-05,2.239463137812864e-05,9.586702346801758
20260908_v3_formal_caltech_direct_s42,30,joint,electronic,0.006516490131616592,8.767726831138134e-05,2.0598181467309473e-05,5.109011173248291
20260908_v3_formal_caltech_direct_s42,30,joint,fusion,0.0,0.0,0.0,0.0
20260908_v3_formal_caltech_direct_s42,30,joint,router,0.06134684011340141,2.969800516439136e-05,0.002059818146730947,0.015386397019028664
20260908_v3_formal_caltech_direct_s42,30,joint,expert,0.35353490710258484,0.00039665051735937595,0.004119636293461894,0.09906373918056488
20260908_v3_formal_caltech_direct_s42,30,joint,global,0.11757738143205643,0.00016618805238977075,0.0012358908880385682,0.17759279906749725
20260908_v3_formal_caltech_direct_s42,30,joint,readout,0.0008615968399681151,4.3290856410749257e-05,2.0598181467309473e-05,2.687654972076416
20260908_v3_formal_caltech_qwen_lora_s42,1,experts,electronic,0.0,0.0,0.0,0.0
20260908_v3_formal_caltech_qwen_lora_s42,1,experts,fusion,0.0,0.0,0.0,0.0
20260908_v3_formal_caltech_qwen_lora_s42,1,experts,router,0.0,0.0,0.0,0.0
20260908_v3_formal_caltech_qwen_lora_s42,1,experts,global,0.0,0.0,0.0,0.0
20260908_v3_formal_caltech_qwen_lora_s42,1,experts,readout,0.0,0.0,0.0,0.0
20260908_v3_formal_caltech_qwen_lora_s42,1,experts,generator_context,0.004121454898267984,0.000337885256158188,5e-06,0.06311500817537308
20260908_v3_formal_caltech_qwen_lora_s42,1,experts,generator_decoder,0.007734291255474091,0.0002667274384293705,1.4999999999999999e-05,1.991821527481079
20260908_v3_formal_caltech_qwen_lora_s42,2,experts,electronic,0.0,0.0,0.0,0.0
20260908_v3_formal_caltech_qwen_lora_s42,2,experts,fusion,0.0,0.0,0.0,0.0
20260908_v3_formal_caltech_qwen_lora_s42,2,experts,router,0.0,0.0,0.0,0.0
20260908_v3_formal_caltech_qwen_lora_s42,2,experts,global,0.0,0.0,0.0,0.0
20260908_v3_formal_caltech_qwen_lora_s42,2,experts,readout,0.0,0.0,0.0,0.0
20260908_v3_formal_caltech_qwen_lora_s42,2,experts,generator_context,0.029869243502616882,0.0024232189171016216,8.82378565986098e-05,0.15536658465862274
20260908_v3_formal_caltech_qwen_lora_s42,2,experts,generator_decoder,0.031583257019519806,0.0010755097027868032,0.00026471356979582936,9.453047752380371
20260908_v3_formal_caltech_qwen_lora_s42,3,experts,electronic,0.0,0.0,0.0,0.0
20260908_v3_formal_caltech_qwen_lora_s42,3,experts,fusion,0.0,0.0,0.0,0.0
20260908_v3_formal_caltech_qwen_lora_s42,3,experts,router,0.0,0.0,0.0,0.0
20260908_v3_formal_caltech_qwen_lora_s42,3,experts,global,0.0,0.0,0.0,0.0
20260908_v3_formal_caltech_qwen_lora_s42,3,experts,readout,0.0,0.0,0.0,0.0
20260908_v3_formal_caltech_qwen_lora_s42,3,experts,generator_context,0.02191270887851715,0.001776607590727508,5.9868827264182535e-05,0.14226211607456207
20260908_v3_formal_caltech_qwen_lora_s42,3,experts,generator_decoder,0.01596086658537388,0.0005430469173006713,0.00017960648179254758,12.38924503326416
20260908_v3_formal_caltech_qwen_lora_s42,4,experts,electronic,0.0,0.0,0.0,0.0
20260908_v3_formal_caltech_qwen_lora_s42,4,experts,fusion,0.0,0.0,0.0,0.0
20260908_v3_formal_caltech_qwen_lora_s42,4,experts,router,0.0,0.0,0.0,0.0
20260908_v3_formal_caltech_qwen_lora_s42,4,experts,global,0.0,0.0,0.0,0.0
20260908_v3_formal_caltech_qwen_lora_s42,4,experts,readout,0.0,0.0,0.0,0.0
20260908_v3_formal_caltech_qwen_lora_s42,4,experts,generator_context,0.00870524626225233,0.0007053536828607321,3.1576941556207164e-05,0.11394193768501282
20260908_v3_formal_caltech_qwen_lora_s42,4,experts,generator_decoder,0.008124593645334244,0.0002760984352789819,9.473082466862147e-05,12.165521621704102
20260908_v3_formal_caltech_qwen_lora_s42,5,optics,electronic,0.0,0.0,0.0,0.0
20260908_v3_formal_caltech_qwen_lora_s42,5,optics,fusion,0.0,0.0,0.0,0.0
20260908_v3_formal_caltech_qwen_lora_s42,5,optics,router,0.1052788570523262,5.102976138005033e-05,0.0005,0.05201568454504013
20260908_v3_formal_caltech_qwen_lora_s42,5,optics,global,0.10469096899032593,0.0026741130277514458,0.00030000000000000003,2.2048113346099854
20260908_v3_formal_caltech_qwen_lora_s42,5,optics,readout,0.0,0.0,0.0,0.0
20260908_v3_formal_caltech_qwen_lora_s42,5,optics,generator_context,0.001439055078662932,0.0001166167639894411,5e-06,0.16370989382266998
20260908_v3_formal_caltech_qwen_lora_s42,5,optics,generator_decoder,0.0014929192839190364,5.071193663752638e-05,1.4999999999999999e-05,14.350067138671875
20260908_v3_formal_caltech_qwen_lora_s42,6,optics,electronic,0.0,0.0,0.0,0.0
20260908_v3_formal_caltech_qwen_lora_s42,6,optics,fusion,0.0,0.0,0.0,0.0
20260908_v3_formal_caltech_qwen_lora_s42,6,optics,router,0.4709697663784027,0.0002282563509652391,0.009694891002992924,0.05039099231362343
20260908_v3_formal_caltech_qwen_lora_s42,6,optics,global,0.6031885147094727,0.010963357985019684,0.005816934601795755,1.685835599899292
20260908_v3_formal_caltech_qwen_lora_s42,6,optics,readout,0.0,0.0,0.0,0.0
20260908_v3_formal_caltech_qwen_lora_s42,6,optics,generator_context,0.02724047191441059,0.0022034994326531887,9.694891002992926e-05,0.09603197872638702
20260908_v3_formal_caltech_qwen_lora_s42,6,optics,generator_decoder,0.040448665618896484,0.001369138597510755,0.0002908467300897877,14.37508773803711
20260908_v3_formal_caltech_qwen_lora_s42,7,optics,electronic,0.0,0.0,0.0,0.0
20260908_v3_formal_caltech_qwen_lora_s42,7,optics,fusion,0.0,0.0,0.0,0.0
20260908_v3_formal_caltech_qwen_lora_s42,7,optics,router,0.38864395022392273,0.00018833806097973138,0.008826109761999027,0.07967588305473328
20260908_v3_formal_caltech_qwen_lora_s42,7,optics,global,0.5517935156822205,0.007592272479087114,0.005295665857199415,1.5247271060943604
20260908_v3_formal_caltech_qwen_lora_s42,7,optics,readout,0.0,0.0,0.0,0.0
20260908_v3_formal_caltech_qwen_lora_s42,7,optics,generator_context,0.018378103151917458,0.0014862301759421825,8.826109761999026e-05,0.05831697955727577
20260908_v3_formal_caltech_qwen_lora_s42,7,optics,generator_decoder,0.027492988854646683,0.0009294529445469379,0.00026478329285997075,14.212553977966309
20260908_v3_formal_caltech_qwen_lora_s42,8,optics,electronic,0.0,0.0,0.0,0.0
20260908_v3_formal_caltech_qwen_lora_s42,8,optics,fusion,0.0,0.0,0.0,0.0
20260908_v3_formal_caltech_qwen_lora_s42,8,optics,router,0.614653468132019,0.0002978491538669914,0.00752619276354741,0.15911677479743958
20260908_v3_formal_caltech_qwen_lora_s42,8,optics,global,0.5048352479934692,0.005550266243517399,0.004515715658128446,1.778327226638794
20260908_v3_formal_caltech_qwen_lora_s42,8,optics,readout,0.0,0.0,0.0,0.0
20260908_v3_formal_caltech_qwen_lora_s42,8,optics,generator_context,0.01750475913286209,0.0014144484885036945,7.52619276354741e-05,0.08121471852064133
20260908_v3_formal_caltech_qwen_lora_s42,8,optics,generator_decoder,0.024464964866638184,0.0008265000651590526,0.00022578578290642228,14.832576751708984
20260908_v3_formal_caltech_qwen_lora_s42,9,optics,electronic,0.0,0.0,0.0,0.0
20260908_v3_formal_caltech_qwen_lora_s42,9,optics,fusion,0.0,0.0,0.0,0.0
20260908_v3_formal_caltech_qwen_lora_s42,9,optics,router,0.3441389501094818,0.00016675163351465017,0.005993448193433091,0.18920192122459412
20260908_v3_formal_caltech_qwen_lora_s42,9,optics,global,0.4523810148239136,0.004130322486162186,0.0035960689160598547,1.798099160194397
20260908_v3_formal_caltech_qwen_lora_s42,9,optics,readout,0.0,0.0,0.0,0.0
20260908_v3_formal_caltech_qwen_lora_s42,9,optics,generator_context,0.010049757547676563,0.0008109147311188281,5.993448193433091e-05,0.07675568014383316
20260908_v3_formal_caltech_qwen_lora_s42,9,optics,generator_decoder,0.018987882882356644,0.0006411281647160649,0.00017980344580299272,15.49539566040039
20260908_v3_formal_caltech_qwen_lora_s42,10,optics,electronic,0.0,0.0,0.0,0.0
20260908_v3_formal_caltech_qwen_lora_s42,10,optics,fusion,0.0,0.0,0.0,0.0
20260908_v3_formal_caltech_qwen_lora_s42,10,optics,router,0.32641732692718506,0.00015815705410204828,0.004461703130883879,0.15385867655277252
20260908_v3_formal_caltech_qwen_lora_s42,10,optics,global,0.301826536655426,0.0024702264927327633,0.0026770218785303274,1.453971266746521
20260908_v3_formal_caltech_qwen_lora_s42,10,optics,readout,0.0,0.0,0.0,0.0
20260908_v3_formal_caltech_qwen_lora_s42,10,optics,generator_context,0.010386260226368904,0.0008380726212635636,4.461703130883879e-05,0.06534745544195175
20260908_v3_formal_caltech_qwen_lora_s42,10,optics,generator_decoder,0.013366770930588245,0.000451182626420632,0.00013385109392651635,13.013833045959473
20260908_v3_formal_caltech_qwen_lora_s42,11,optics,electronic,0.0,0.0,0.0,0.0
20260908_v3_formal_caltech_qwen_lora_s42,11,optics,fusion,0.0,0.0,0.0,0.0
20260908_v3_formal_caltech_qwen_lora_s42,11,optics,router,0.19396653771400452,9.39781020861119e-05,0.00316463217575224,0.2605544626712799
20260908_v3_formal_caltech_qwen_lora_s42,11,optics,global,0.30001401901245117,0.00226201000623405,0.001898779305451344,1.8753381967544556
20260908_v3_formal_caltech_qwen_lora_s42,11,optics,readout,0.0,0.0,0.0,0.0
20260908_v3_formal_caltech_qwen_lora_s42,11,optics,generator_context,0.005747092422097921,0.000463696604128927,3.16463217575224e-05,0.1055070236325264
20260908_v3_formal_caltech_qwen_lora_s42,11,optics,generator_decoder,0.012083821929991245,0.00040781579446047544,9.493896527256719e-05,17.724538803100586
20260908_v3_formal_caltech_qwen_lora_s42,12,optics,electronic,0.0,0.0,0.0,0.0
20260908_v3_formal_caltech_qwen_lora_s42,12,optics,fusion,0.0,0.0,0.0,0.0
20260908_v3_formal_caltech_qwen_lora_s42,12,optics,router,0.13832077383995056,6.701798702124506e-05,0.0023001093371217874,0.13929013907909393
20260908_v3_formal_caltech_qwen_lora_s42,12,optics,global,0.21647560596466064,0.0015501749003306031,0.0013800656022730723,2.263045310974121
20260908_v3_formal_caltech_qwen_lora_s42,12,optics,readout,0.0,0.0,0.0,0.0
20260908_v3_formal_caltech_qwen_lora_s42,12,optics,generator_context,0.00466568861156702,0.00037637221976183355,2.3001093371217874e-05,0.07745862007141113
20260908_v3_formal_caltech_qwen_lora_s42,12,optics,generator_decoder,0.0109860235825181,0.00037065683864057064,6.900328011365362e-05,17.962594985961914
20260908_v3_formal_caltech_qwen_lora_s42,13,joint,electronic,0.006686884444206953,9.107618825510144e-05,5e-06,53.37439727783203
20260908_v3_formal_caltech_qwen_lora_s42,13,joint,fusion,0.0,0.0,0.0,0.0
20260908_v3_formal_caltech_qwen_lora_s42,13,joint,router,0.03929620981216431,1.9039904145756736e-05,0.0005,0.15175731480121613
20260908_v3_formal_caltech_qwen_lora_s42,13,joint,global,0.0473933145403862,0.0003260146186221391,0.00030000000000000003,2.2199599742889404
20260908_v3_formal_caltech_qwen_lora_s42,13,joint,readout,0.0007969323778524995,3.999597902293317e-05,5e-06,17.125579833984375
20260908_v3_formal_caltech_qwen_lora_s42,13,joint,generator_context,0.0008189594955183566,6.6054351918865e-05,5e-06,0.08905278146266937
20260908_v3_formal_caltech_qwen_lora_s42,13,joint,generator_decoder,0.002029938157647848,6.847999611636624e-05,1.4999999999999999e-05,18.930185317993164
20260908_v3_formal_caltech_qwen_lora_s42,14,joint,electronic,0.03232266381382942,0.0004394243296701461,9.93917484850684e-05,27.62796974182129
20260908_v3_formal_caltech_qwen_lora_s42,14,joint,fusion,0.0,0.0,0.0,0.0
20260908_v3_formal_caltech_qwen_lora_s42,14,joint,router,0.3918284475803375,0.000189817335922271,0.00993917484850684,0.07511954754590988
20260908_v3_formal_caltech_qwen_lora_s42,14,joint,global,1.1011676788330078,0.0058828010223805904,0.005963504909104104,1.0394651889801025
20260908_v3_formal_caltech_qwen_lora_s42,14,joint,readout,0.0032276303973048925,0.00016200072423089296,9.93917484850684e-05,16.152177810668945
20260908_v3_formal_caltech_qwen_lora_s42,14,joint,generator_context,0.009268183261156082,0.0007465500966645777,9.93917484850684e-05,0.03029332123696804
20260908_v3_formal_caltech_qwen_lora_s42,14,joint,generator_decoder,0.049676310271024704,0.0016712673241272569,0.0002981752454552052,8.478170394897461
20260908_v3_formal_caltech_qwen_lora_s42,15,joint,electronic,0.03175819665193558,0.00043095590081065893,9.75854924355444e-05,38.481361389160156
20260908_v3_formal_caltech_qwen_lora_s42,15,joint,fusion,0.0,0.0,0.0,0.0
20260908_v3_formal_caltech_qwen_lora_s42,15,joint,router,0.2835165858268738,0.00013731996295973659,0.00975854924355444,0.14793747663497925
20260908_v3_formal_caltech_qwen_lora_s42,15,joint,global,1.1195855140686035,0.004438871052116156,0.005855129546132664,1.5236752033233643
20260908_v3_formal_caltech_qwen_lora_s42,15,joint,readout,0.0035390800330787897,0.00017765996744856238,9.75854924355444e-05,12.667778015136719
20260908_v3_formal_caltech_qwen_lora_s42,15,joint,generator_context,0.011039316654205322,0.0008894947823137045,9.75854924355444e-05,0.05845072120428085
20260908_v3_formal_caltech_qwen_lora_s42,15,joint,generator_decoder,0.04868115857243538,0.001633174135349691,0.00029275647730663316,12.610302925109863
20260908_v3_formal_caltech_qwen_lora_s42,16,joint,electronic,0.02959112636744976,0.0004009223775938153,9.463616475035189e-05,26.5580997467041
20260908_v3_formal_caltech_qwen_lora_s42,16,joint,fusion,0.0,0.0,0.0,0.0
20260908_v3_formal_caltech_qwen_lora_s42,16,joint,router,0.4592164158821106,0.00022240349790081382,0.009463616475035188,0.21113716065883636
20260908_v3_formal_caltech_qwen_lora_s42,16,joint,global,1.051556944847107,0.0032245484180748463,0.005678169885021113,0.9973173141479492
20260908_v3_formal_caltech_qwen_lora_s42,16,joint,readout,0.0034915755968540907,0.000175299501279369,9.463616475035189e-05,7.707470417022705
20260908_v3_formal_caltech_qwen_lora_s42,16,joint,generator_context,0.009694418869912624,0.0007804738124832511,9.463616475035189e-05,0.05030610412359238
20260908_v3_formal_caltech_qwen_lora_s42,16,joint,generator_decoder,0.04969135671854019,0.0016626898432150483,0.00028390849425105564,7.664775371551514
20260908_v3_formal_caltech_qwen_lora_s42,17,joint,electronic,0.030256474390625954,0.00040931859984993935,9.063346208111827e-05,24.384485244750977
20260908_v3_formal_caltech_qwen_lora_s42,17,joint,fusion,0.0,0.0,0.0,0.0
20260908_v3_formal_caltech_qwen_lora_s42,17,joint,router,0.3128969073295593,0.0001515328767709434,0.009063346208111826,0.04322732985019684
20260908_v3_formal_caltech_qwen_lora_s42,17,joint,global,1.0349289178848267,0.002600545296445489,0.005438007724867096,0.8368561267852783
20260908_v3_formal_caltech_qwen_lora_s42,17,joint,readout,0.003349137492477894,0.00016816993593238294,9.063346208111827e-05,9.197127342224121
20260908_v3_formal_caltech_qwen_lora_s42,17,joint,generator_context,0.00979645550251007,0.0007888386026024818,9.063346208111827e-05,0.021177304908633232
20260908_v3_formal_caltech_qwen_lora_s42,17,joint,generator_decoder,0.04193849489092827,0.001399804139509797,0.0002719003862433548,5.903859615325928
20260908_v3_formal_caltech_qwen_lora_s42,18,joint,electronic,0.02754918485879898,0.0003722268738783896,8.569911692596261e-05,33.311004638671875
20260908_v3_formal_caltech_qwen_lora_s42,18,joint,fusion,0.0,0.0,0.0,0.0
20260908_v3_formal_caltech_qwen_lora_s42,18,joint,router,0.4794899523258209,0.00023219629656523466,0.008569911692596261,0.14524173736572266
20260908_v3_formal_caltech_qwen_lora_s42,18,joint,global,0.9064643383026123,0.0019712846260517836,0.005141947015557757,1.143182396888733
20260908_v3_formal_caltech_qwen_lora_s42,18,joint,readout,0.003338438691571355,0.0001676481479080394,8.569911692596261e-05,14.409820556640625
20260908_v3_formal_caltech_qwen_lora_s42,18,joint,generator_context,0.012173936702311039,0.0009799349354580045,8.569911692596261e-05,0.03463977202773094
20260908_v3_formal_caltech_qwen_lora_s42,18,joint,generator_decoder,0.03841390088200569,0.001279636169783771,0.0002570973507778878,8.711383819580078
20260908_v3_formal_caltech_qwen_lora_s42,19,joint,electronic,0.024882111698389053,0.00033588570659048855,7.998319543067591e-05,27.217111587524414
20260908_v3_formal_caltech_qwen_lora_s42,19,joint,fusion,0.0,0.0,0.0,0.0
20260908_v3_formal_caltech_qwen_lora_s42,19,joint,router,0.2305981069803238,0.00011166257900185883,0.007998319543067591,0.06275573372840881
20260908_v3_formal_caltech_qwen_lora_s42,19,joint,global,0.7141389846801758,0.0014017870416864753,0.004798991725840555,1.0487183332443237
20260908_v3_formal_caltech_qwen_lora_s42,19,joint,readout,0.0026731686666607857,0.0001342490577371791,7.998319543067591e-05,12.315773963928223
20260908_v3_formal_caltech_qwen_lora_s42,19,joint,generator_context,0.007995045743882656,0.0006433654925785959,7.998319543067591e-05,0.02369184046983719
20260908_v3_formal_caltech_qwen_lora_s42,19,joint,generator_decoder,0.03826812654733658,0.0012737722136080265,0.00023994958629202772,8.187155723571777
20260908_v3_formal_caltech_qwen_lora_s42,20,joint,electronic,0.022138306871056557,0.000298563449177891,7.365953349069506e-05,28.584157943725586
20260908_v3_formal_caltech_qwen_lora_s42,20,joint,fusion,0.0,0.0,0.0,0.0
20260908_v3_formal_caltech_qwen_lora_s42,20,joint,router,0.1959376186132431,9.48684464674443e-05,0.007365953349069505,0.08202972263097763
20260908_v3_formal_caltech_qwen_lora_s42,20,joint,global,0.6653717160224915,0.0012109176022931933,0.004419572009441703,0.9237834811210632
20260908_v3_formal_caltech_qwen_lora_s42,20,joint,readout,0.0024146742653101683,0.00012127554509788752,7.365953349069506e-05,14.530951499938965
20260908_v3_formal_caltech_qwen_lora_s42,20,joint,generator_context,0.005750163458287716,0.0004626460140570998,7.365953349069506e-05,0.025559041649103165
20260908_v3_formal_caltech_qwen_lora_s42,20,joint,generator_decoder,0.025050124153494835,0.0008326090755872428,0.00022097860047208512,7.759841442108154
20260908_v3_formal_caltech_qwen_lora_s42,21,joint,electronic,0.021838314831256866,0.00029431344592012465,6.69204499537655e-05,12.431756973266602
20260908_v3_formal_caltech_qwen_lora_s42,21,joint,fusion,0.0,0.0,0.0,0.0
20260908_v3_formal_caltech_qwen_lora_s42,21,joint,router,0.26782360672950745,0.00012966916256118566,0.00669204499537655,0.0500541627407074
20260908_v3_formal_caltech_qwen_lora_s42,21,joint,global,0.5237707495689392,0.0009012604714371264,0.00401522699722593,0.40808016061782837
20260908_v3_formal_caltech_qwen_lora_s42,21,joint,readout,0.0024438020773231983,0.00012274680193513632,6.69204499537655e-05,7.515437602996826
20260908_v3_formal_caltech_qwen_lora_s42,21,joint,generator_context,0.005436103790998459,0.00043719238601624966,6.69204499537655e-05,0.012247314676642418
20260908_v3_formal_caltech_qwen_lora_s42,21,joint,generator_decoder,0.023555150255560875,0.0007819257443770766,0.00020076134986129647,3.3568308353424072
20260908_v3_formal_caltech_qwen_lora_s42,22,joint,electronic,0.018730642274022102,0.0002523010189179331,5.997089770841662e-05,27.48931312561035
20260908_v3_formal_caltech_qwen_lora_s42,22,joint,fusion,0.0,0.0,0.0,0.0
20260908_v3_formal_caltech_qwen_lora_s42,22,joint,router,0.3160402178764343,0.00015301030362024903,0.005997089770841662,0.07841873914003372
20260908_v3_formal_caltech_qwen_lora_s42,22,joint,global,0.5317603945732117,0.0008776459144428372,0.003598253862504997,0.9403412938117981
20260908_v3_formal_caltech_qwen_lora_s42,22,joint,readout,0.0020210423972457647,0.00010152091999771073,5.997089770841662e-05,15.233304023742676
20260908_v3_formal_caltech_qwen_lora_s42,22,joint,generator_context,0.005436161998659372,0.0004369979433249682,5.997089770841662e-05,0.02255757339298725
20260908_v3_formal_caltech_qwen_lora_s42,22,joint,generator_decoder,0.025794735178351402,0.0008562706643715501,0.00017991269312524983,6.983217716217041
20260908_v3_formal_caltech_qwen_lora_s42,23,joint,electronic,0.016793517395853996,0.00022607317077927291,5.302223053871491e-05,22.888723373413086
20260908_v3_formal_caltech_qwen_lora_s42,23,joint,fusion,0.0,0.0,0.0,0.0
20260908_v3_formal_caltech_qwen_lora_s42,23,joint,router,0.27578702569007874,0.00013351540837902576,0.0053022230538714915,0.048331525176763535
20260908_v3_formal_caltech_qwen_lora_s42,23,joint,global,0.41925448179244995,0.0006704888073727489,0.003181333832322895,0.838654100894928
20260908_v3_formal_caltech_qwen_lora_s42,23,joint,readout,0.0017953974893316627,9.019124263431877e-05,5.302223053871491e-05,9.068846702575684
20260908_v3_formal_caltech_qwen_lora_s42,23,joint,generator_context,0.004446608945727348,0.0003573442518245429,5.302223053871491e-05,0.019330326467752457
20260908_v3_formal_caltech_qwen_lora_s42,23,joint,generator_decoder,0.01845356449484825,0.0006120416219346225,0.00015906669161614472,6.111822605133057
20260908_v3_formal_caltech_qwen_lora_s42,24,joint,electronic,0.014889239333570004,0.0002003610716201365,4.628577531129671e-05,28.798534393310547
20260908_v3_formal_caltech_qwen_lora_s42,24,joint,fusion,0.0,0.0,0.0,0.0
20260908_v3_formal_caltech_qwen_lora_s42,24,joint,router,0.1508409082889557,7.302006997633725e-05,0.0046285775311296715,0.12286106497049332
20260908_v3_formal_caltech_qwen_lora_s42,24,joint,global,0.37595754861831665,0.0005865524872206151,0.002777146518677803,0.9911565184593201
20260908_v3_formal_caltech_qwen_lora_s42,24,joint,readout,0.0018879019189625978,9.484345355303958e-05,4.628577531129671e-05,9.617491722106934
20260908_v3_formal_caltech_qwen_lora_s42,24,joint,generator_context,0.006322016939520836,0.0005078946123830974,4.628577531129671e-05,0.03009859472513199
20260908_v3_formal_caltech_qwen_lora_s42,24,joint,generator_decoder,0.01634269393980503,0.0005418536020442843,0.00013885732593389014,8.177118301391602
20260908_v3_formal_caltech_qwen_lora_s42,25,joint,electronic,0.011680387891829014,0.00015713933680672199,3.996640498102932e-05,36.59002685546875
20260908_v3_formal_caltech_qwen_lora_s42,25,joint,fusion,0.0,0.0,0.0,0.0
20260908_v3_formal_caltech_qwen_lora_s42,25,joint,router,0.12073716521263123,5.844562838319689e-05,0.003996640498102932,0.1168818548321724
20260908_v3_formal_caltech_qwen_lora_s42,25,joint,global,0.2774612605571747,0.00042475899681448936,0.0023979842988617593,1.2387175559997559
20260908_v3_formal_caltech_qwen_lora_s42,25,joint,readout,0.001604980556294322,8.06334282970056e-05,3.996640498102932e-05,16.43692398071289
20260908_v3_formal_caltech_qwen_lora_s42,25,joint,generator_context,0.007064145058393478,0.0005674693966284394,3.996640498102932e-05,0.0335477739572525
20260908_v3_formal_caltech_qwen_lora_s42,25,joint,generator_decoder,0.016314761713147163,0.0005406441632658243,0.00011989921494308794,8.859882354736328
20260908_v3_formal_caltech_qwen_lora_s42,26,joint,electronic,0.010090098716318607,0.0001357166765956208,3.4256307876752716e-05,23.794233322143555
20260908_v3_formal_caltech_qwen_lora_s42,26,joint,fusion,0.0,0.0,0.0,0.0
20260908_v3_formal_caltech_qwen_lora_s42,26,joint,router,0.15394829213619232,7.452152931364253e-05,0.003425630787675271,0.0896584615111351
20260908_v3_formal_caltech_qwen_lora_s42,26,joint,global,0.24421168863773346,0.0003683477989397943,0.0020553784726051625,0.802004337310791
20260908_v3_formal_caltech_qwen_lora_s42,26,joint,readout,0.0011118152178823948,5.585889448411763e-05,3.4256307876752716e-05,9.678239822387695
20260908_v3_formal_caltech_qwen_lora_s42,26,joint,generator_context,0.004713383968919516,0.0003784311702474952,3.4256307876752716e-05,0.018476221710443497
20260908_v3_formal_caltech_qwen_lora_s42,26,joint,generator_decoder,0.012668388895690441,0.0004196030495222658,0.00010276892363025812,5.978019714355469
20260908_v3_formal_caltech_qwen_lora_s42,27,joint,electronic,0.008556717075407505,0.0001150731768575497,2.932914275917099e-05,17.376100540161133
20260908_v3_formal_caltech_qwen_lora_s42,27,joint,fusion,0.0,0.0,0.0,0.0
20260908_v3_formal_caltech_qwen_lora_s42,27,joint,router,0.12776590883731842,6.184648373164237e-05,0.002932914275917099,0.08786607533693314
20260908_v3_formal_caltech_qwen_lora_s42,27,joint,global,0.18677163124084473,0.00027837121160700917,0.0017597485655502594,0.5844650268554688
20260908_v3_formal_caltech_qwen_lora_s42,27,joint,readout,0.0008829346625134349,4.436049857758917e-05,2.932914275917099e-05,7.222693920135498
20260908_v3_formal_caltech_qwen_lora_s42,27,joint,generator_context,0.0033258323092013597,0.0002669004024937749,2.932914275917099e-05,0.01662440225481987
20260908_v3_formal_caltech_qwen_lora_s42,27,joint,generator_decoder,0.010882343165576458,0.00036047829780727625,8.798742827751296e-05,4.21254301071167
20260908_v3_formal_caltech_qwen_lora_s42,28,joint,electronic,0.008009638637304306,0.00010769790969789028,2.533475741063855e-05,28.500228881835938
20260908_v3_formal_caltech_qwen_lora_s42,28,joint,fusion,0.0,0.0,0.0,0.0
20260908_v3_formal_caltech_qwen_lora_s42,28,joint,router,0.0621790811419487,3.0098191928118467e-05,0.0025334757410638547,0.0765751451253891
20260908_v3_formal_caltech_qwen_lora_s42,28,joint,global,0.17110885679721832,0.0002526058233343065,0.001520085444638313,1.0926196575164795
20260908_v3_formal_caltech_qwen_lora_s42,28,joint,readout,0.0009120156755670905,4.582276596920565e-05,2.533475741063855e-05,11.43636417388916
20260908_v3_formal_caltech_qwen_lora_s42,28,joint,generator_context,0.0033325369004160166,0.000267377239651978,2.533475741063855e-05,0.02500200644135475
20260908_v3_formal_caltech_qwen_lora_s42,28,joint,generator_decoder,0.00899109710007906,0.0002977109979838133,7.600427223191564e-05,7.1657257080078125
20260908_v3_formal_caltech_qwen_lora_s42,29,joint,electronic,0.006619020830839872,8.899284875951707e-05,2.239463137812864e-05,26.73573112487793
20260908_v3_formal_caltech_qwen_lora_s42,29,joint,fusion,0.0,0.0,0.0,0.0
20260908_v3_formal_caltech_qwen_lora_s42,29,joint,router,0.07664437592029572,3.710012242663652e-05,0.0022394631378128637,0.04366326704621315
20260908_v3_formal_caltech_qwen_lora_s42,29,joint,global,0.13762900233268738,0.00020158705592621118,0.0013436778826877182,1.044052243232727
20260908_v3_formal_caltech_qwen_lora_s42,29,joint,readout,0.0008475665235891938,4.258507760823704e-05,2.239463137812864e-05,11.836432456970215
20260908_v3_formal_caltech_qwen_lora_s42,29,joint,generator_context,0.002597162965685129,0.00020839483477175236,2.239463137812864e-05,0.02292088232934475
20260908_v3_formal_caltech_qwen_lora_s42,29,joint,generator_decoder,0.007691866252571344,0.00025472621200606227,6.718389413438591e-05,7.930240154266357
20260908_v3_formal_caltech_qwen_lora_s42,30,joint,electronic,0.007084186654537916,9.523839980829507e-05,2.0598181467309473e-05,8.93572998046875
20260908_v3_formal_caltech_qwen_lora_s42,30,joint,fusion,0.0,0.0,0.0,0.0
20260908_v3_formal_caltech_qwen_lora_s42,30,joint,router,0.04697726294398308,2.2739526684745215e-05,0.002059818146730947,0.053003739565610886
20260908_v3_formal_caltech_qwen_lora_s42,30,joint,global,0.1371905505657196,0.00019958284974563867,0.0012358908880385682,0.30832457542419434
20260908_v3_formal_caltech_qwen_lora_s42,30,joint,readout,0.0006286774296313524,3.158778781653382e-05,2.0598181467309473e-05,3.290663957595825
20260908_v3_formal_caltech_qwen_lora_s42,30,joint,generator_context,0.0032518019434064627,0.00026080262614414096,2.0598181467309473e-05,0.006854521110653877
20260908_v3_formal_caltech_qwen_lora_s42,30,joint,generator_decoder,0.007586166262626648,0.0002511547354515642,6.17945444019284e-05,2.232388734817505
20260908_v3_formal_caltech_clip_lora_s42,1,experts,electronic,0.0,0.0,0.0,0.0
20260908_v3_formal_caltech_clip_lora_s42,1,experts,fusion,0.0,0.0,0.0,0.0
20260908_v3_formal_caltech_clip_lora_s42,1,experts,router,0.0,0.0,0.0,0.0
20260908_v3_formal_caltech_clip_lora_s42,1,experts,global,0.0,0.0,0.0,0.0
20260908_v3_formal_caltech_clip_lora_s42,1,experts,readout,0.0,0.0,0.0,0.0
20260908_v3_formal_caltech_clip_lora_s42,1,experts,generator_context,0.0015671983128413558,0.00019616940699052066,5e-06,0.4234546720981598
20260908_v3_formal_caltech_clip_lora_s42,1,experts,generator_decoder,0.007732456084340811,0.0002666641375981271,1.4999999999999999e-05,2.0952627658843994
20260908_v3_formal_caltech_clip_lora_s42,2,experts,electronic,0.0,0.0,0.0,0.0
20260908_v3_formal_caltech_clip_lora_s42,2,experts,fusion,0.0,0.0,0.0,0.0
20260908_v3_formal_caltech_clip_lora_s42,2,experts,router,0.0,0.0,0.0,0.0
20260908_v3_formal_caltech_clip_lora_s42,2,experts,global,0.0,0.0,0.0,0.0
20260908_v3_formal_caltech_clip_lora_s42,2,experts,readout,0.0,0.0,0.0,0.0
20260908_v3_formal_caltech_clip_lora_s42,2,experts,generator_context,0.010949616320431232,0.0013706078752875328,8.82378565986098e-05,0.5343021750450134
20260908_v3_formal_caltech_clip_lora_s42,2,experts,generator_decoder,0.02888176590204239,0.0009856955148279667,0.00026471356979582936,9.148446083068848
20260908_v3_formal_caltech_clip_lora_s42,3,experts,electronic,0.0,0.0,0.0,0.0
20260908_v3_formal_caltech_clip_lora_s42,3,experts,fusion,0.0,0.0,0.0,0.0
20260908_v3_formal_caltech_clip_lora_s42,3,experts,router,0.0,0.0,0.0,0.0
20260908_v3_formal_caltech_clip_lora_s42,3,experts,global,0.0,0.0,0.0,0.0
20260908_v3_formal_caltech_clip_lora_s42,3,experts,readout,0.0,0.0,0.0,0.0
20260908_v3_formal_caltech_clip_lora_s42,3,experts,generator_context,0.006628846284002066,0.0008310385164804757,5.9868827264182535e-05,0.4402744770050049
20260908_v3_formal_caltech_clip_lora_s42,3,experts,generator_decoder,0.01817484013736248,0.0006195410387590528,0.00017960648179254758,12.20921802520752
20260908_v3_formal_caltech_clip_lora_s42,4,experts,electronic,0.0,0.0,0.0,0.0
20260908_v3_formal_caltech_clip_lora_s42,4,experts,fusion,0.0,0.0,0.0,0.0
20260908_v3_formal_caltech_clip_lora_s42,4,experts,router,0.0,0.0,0.0,0.0
20260908_v3_formal_caltech_clip_lora_s42,4,experts,global,0.0,0.0,0.0,0.0
20260908_v3_formal_caltech_clip_lora_s42,4,experts,readout,0.0,0.0,0.0,0.0
20260908_v3_formal_caltech_clip_lora_s42,4,experts,generator_context,0.0024932394735515118,0.000312607764499262,3.1576941556207164e-05,0.3801906704902649
20260908_v3_formal_caltech_clip_lora_s42,4,experts,generator_decoder,0.008364654146134853,0.0002849724842235446,9.473082466862147e-05,12.978728294372559
20260908_v3_formal_caltech_clip_lora_s42,5,optics,electronic,0.0,0.0,0.0,0.0
20260908_v3_formal_caltech_clip_lora_s42,5,optics,fusion,0.0,0.0,0.0,0.0
20260908_v3_formal_caltech_clip_lora_s42,5,optics,router,0.10880067199468613,5.27368210896384e-05,0.0005,0.1095275729894638
20260908_v3_formal_caltech_clip_lora_s42,5,optics,global,0.10467930138111115,0.002673815004527569,0.00030000000000000003,2.2807869911193848
20260908_v3_formal_caltech_clip_lora_s42,5,optics,readout,0.0,0.0,0.0,0.0
20260908_v3_formal_caltech_clip_lora_s42,5,optics,generator_context,0.0005092128412798047,6.384674634318799e-05,5e-06,0.5283979773521423
20260908_v3_formal_caltech_clip_lora_s42,5,optics,generator_decoder,0.0014474737690761685,4.9290705646853894e-05,1.4999999999999999e-05,15.233262062072754
20260908_v3_formal_caltech_clip_lora_s42,6,optics,electronic,0.0,0.0,0.0,0.0
20260908_v3_formal_caltech_clip_lora_s42,6,optics,fusion,0.0,0.0,0.0,0.0
20260908_v3_formal_caltech_clip_lora_s42,6,optics,router,0.3249976634979248,0.0001575094647705555,0.009694891002992924,0.24218963086605072
20260908_v3_formal_caltech_clip_lora_s42,6,optics,global,0.6022478342056274,0.010924485512077808,0.005816934601795755,1.9037517309188843
20260908_v3_formal_caltech_clip_lora_s42,6,optics,readout,0.0,0.0,0.0,0.0
20260908_v3_formal_caltech_clip_lora_s42,6,optics,generator_context,0.011413841508328915,0.00143193150870502,9.694891002992926e-05,0.26738062500953674
20260908_v3_formal_caltech_clip_lora_s42,6,optics,generator_decoder,0.03784928843379021,0.0012856819666922092,0.0002908467300897877,14.361970901489258
20260908_v3_formal_caltech_clip_lora_s42,7,optics,electronic,0.0,0.0,0.0,0.0
20260908_v3_formal_caltech_clip_lora_s42,7,optics,fusion,0.0,0.0,0.0,0.0
20260908_v3_formal_caltech_clip_lora_s42,7,optics,router,0.35694944858551025,0.00017297622980549932,0.008826109761999027,0.06810717284679413
20260908_v3_formal_caltech_clip_lora_s42,7,optics,global,0.5114102959632874,0.006986306980252266,0.005295665857199415,1.3018248081207275
20260908_v3_formal_caltech_clip_lora_s42,7,optics,readout,0.0,0.0,0.0,0.0
20260908_v3_formal_caltech_clip_lora_s42,7,optics,generator_context,0.007689310237765312,0.0009657336631789804,8.826109761999026e-05,0.1651371419429779
20260908_v3_formal_caltech_clip_lora_s42,7,optics,generator_decoder,0.028303420171141624,0.0009607586544007063,0.00026478329285997075,10.567049026489258
20260908_v3_formal_caltech_clip_lora_s42,8,optics,electronic,0.0,0.0,0.0,0.0
20260908_v3_formal_caltech_clip_lora_s42,8,optics,fusion,0.0,0.0,0.0,0.0
20260908_v3_formal_caltech_clip_lora_s42,8,optics,router,0.6401135921478271,0.00031017049332149327,0.00752619276354741,0.14769144356250763
20260908_v3_formal_caltech_clip_lora_s42,8,optics,global,0.47281011939048767,0.005121319089084864,0.004515715658128446,1.737985372543335
20260908_v3_formal_caltech_clip_lora_s42,8,optics,readout,0.0,0.0,0.0,0.0
20260908_v3_formal_caltech_clip_lora_s42,8,optics,generator_context,0.0054862466640770435,0.000688683707267046,7.52619276354741e-05,0.22116364538669586
20260908_v3_formal_caltech_clip_lora_s42,8,optics,generator_decoder,0.020541202276945114,0.0006967085064388812,0.00022578578290642228,14.270036697387695
20260908_v3_formal_caltech_clip_lora_s42,9,optics,electronic,0.0,0.0,0.0,0.0
20260908_v3_formal_caltech_clip_lora_s42,9,optics,fusion,0.0,0.0,0.0,0.0
20260908_v3_formal_caltech_clip_lora_s42,9,optics,router,0.2748905420303345,0.00013318934361450374,0.005993448193433091,0.09378360211849213
20260908_v3_formal_caltech_clip_lora_s42,9,optics,global,0.4106956720352173,0.0037095188163220882,0.0035960689160598547,1.8468692302703857
20260908_v3_formal_caltech_clip_lora_s42,9,optics,readout,0.0,0.0,0.0,0.0
20260908_v3_formal_caltech_clip_lora_s42,9,optics,generator_context,0.004633660428225994,0.0005817850469611585,5.993448193433091e-05,0.2357097864151001
20260908_v3_formal_caltech_clip_lora_s42,9,optics,generator_decoder,0.01961391046643257,0.0006646713009104133,0.00017980344580299272,15.753469467163086
20260908_v3_formal_caltech_clip_lora_s42,10,optics,electronic,0.0,0.0,0.0,0.0
20260908_v3_formal_caltech_clip_lora_s42,10,optics,fusion,0.0,0.0,0.0,0.0
20260908_v3_formal_caltech_clip_lora_s42,10,optics,router,0.1459452509880066,7.07110739313066e-05,0.004461703130883879,0.0682969018816948
20260908_v3_formal_caltech_clip_lora_s42,10,optics,global,0.2803737223148346,0.002213780302554369,0.0026770218785303274,1.5549542903900146
20260908_v3_formal_caltech_clip_lora_s42,10,optics,readout,0.0,0.0,0.0,0.0
20260908_v3_formal_caltech_clip_lora_s42,10,optics,generator_context,0.002861445304006338,0.000359328550985083,4.461703130883879e-05,0.1994931697845459
20260908_v3_formal_caltech_clip_lora_s42,10,optics,generator_decoder,0.0125303128734231,0.0004244995070621371,0.00013385109392651635,13.115471839904785
20260908_v3_formal_caltech_clip_lora_s42,11,optics,electronic,0.0,0.0,0.0,0.0
20260908_v3_formal_caltech_clip_lora_s42,11,optics,fusion,0.0,0.0,0.0,0.0
20260908_v3_formal_caltech_clip_lora_s42,11,optics,router,0.1285512000322342,6.228062557056546e-05,0.00316463217575224,0.08657877147197723
20260908_v3_formal_caltech_clip_lora_s42,11,optics,global,0.20621606707572937,0.001481216517277062,0.001898779305451344,2.308328628540039
20260908_v3_formal_caltech_clip_lora_s42,11,optics,readout,0.0,0.0,0.0,0.0
20260908_v3_formal_caltech_clip_lora_s42,11,optics,generator_context,0.002065595705062151,0.00025937665486708283,3.16463217575224e-05,0.22331134974956512
20260908_v3_formal_caltech_clip_lora_s42,11,optics,generator_decoder,0.009057410061359406,0.00030677361064590514,9.493896527256719e-05,18.1283016204834
20260908_v3_formal_caltech_clip_lora_s42,12,optics,electronic,0.0,0.0,0.0,0.0
20260908_v3_formal_caltech_clip_lora_s42,12,optics,fusion,0.0,0.0,0.0,0.0
20260908_v3_formal_caltech_clip_lora_s42,12,optics,router,0.08206119388341904,3.9755974285071716e-05,0.0023001093371217874,0.07702359557151794
20260908_v3_formal_caltech_clip_lora_s42,12,optics,global,0.1462283879518509,0.0009847477776929736,0.0013800656022730723,2.2050349712371826
20260908_v3_formal_caltech_clip_lora_s42,12,optics,readout,0.0,0.0,0.0,0.0
20260908_v3_formal_caltech_clip_lora_s42,12,optics,generator_context,0.002284782472997904,0.00028685841243714094,2.3001093371217874e-05,0.31901228427886963
20260908_v3_formal_caltech_clip_lora_s42,12,optics,generator_decoder,0.0070816935040056705,0.00023981872072909027,6.900328011365362e-05,16.450349807739258
20260908_v3_formal_caltech_clip_lora_s42,13,joint,electronic,0.006687221582978964,9.108077938435599e-05,5e-06,71.5611343383789
20260908_v3_formal_caltech_clip_lora_s42,13,joint,fusion,0.0,0.0,0.0,0.0
20260908_v3_formal_caltech_clip_lora_s42,13,joint,router,0.02047477290034294,9.919295735016931e-06,0.0005,0.1325463056564331
20260908_v3_formal_caltech_clip_lora_s42,13,joint,global,0.030992930755019188,0.0001989960001083091,0.00030000000000000003,2.6102819442749023
20260908_v3_formal_caltech_clip_lora_s42,13,joint,readout,0.0007969268481247127,3.999570253654383e-05,5e-06,22.83283233642578
20260908_v3_formal_caltech_clip_lora_s42,13,joint,generator_context,0.0005001432728022337,6.279251829255372e-05,5e-06,0.3627137839794159
20260908_v3_formal_caltech_clip_lora_s42,13,joint,generator_decoder,0.0014938105596229434,5.058418173575774e-05,1.4999999999999999e-05,24.823423385620117
20260908_v3_formal_caltech_clip_lora_s42,14,joint,electronic,0.0332779660820961,0.00045245105866342783,9.93917484850684e-05,33.867881774902344
20260908_v3_formal_caltech_clip_lora_s42,14,joint,fusion,0.0,0.0,0.0,0.0
20260908_v3_formal_caltech_clip_lora_s42,14,joint,router,0.6137158274650574,0.0002973014779854566,0.00993917484850684,0.16012009978294373
20260908_v3_formal_caltech_clip_lora_s42,14,joint,global,0.9191714525222778,0.004530010279268026,0.005963504909104104,1.308529257774353
20260908_v3_formal_caltech_clip_lora_s42,14,joint,readout,0.003904491662979126,0.0001959738292498514,9.93917484850684e-05,16.59442901611328
20260908_v3_formal_caltech_clip_lora_s42,14,joint,generator_context,0.007067946717143059,0.0008875097264535725,9.93917484850684e-05,0.1365342140197754
20260908_v3_formal_caltech_clip_lora_s42,14,joint,generator_decoder,0.040195729583501816,0.0013586996356025338,0.0002981752454552052,10.099178314208984
20260908_v3_formal_caltech_clip_lora_s42,15,joint,electronic,0.030344637110829353,0.000411813409300521,9.75854924355444e-05,26.733503341674805
20260908_v3_formal_caltech_clip_lora_s42,15,joint,fusion,0.0,0.0,0.0,0.0
20260908_v3_formal_caltech_clip_lora_s42,15,joint,router,0.4256435036659241,0.00020617568225134164,0.00975854924355444,0.1326511651277542
20260908_v3_formal_caltech_clip_lora_s42,15,joint,global,1.4619098901748657,0.00536454189568758,0.005855129546132664,1.0279191732406616
20260908_v3_formal_caltech_clip_lora_s42,15,joint,readout,0.003558001248165965,0.00017860338266473264,9.75854924355444e-05,7.99380350112915
20260908_v3_formal_caltech_clip_lora_s42,15,joint,generator_context,0.003981496207416058,0.0005000039818696678,9.75854924355444e-05,0.08884148299694061
20260908_v3_formal_caltech_clip_lora_s42,15,joint,generator_decoder,0.0619349367916584,0.00208687805570662,0.00029275647730663316,7.981391429901123
20260908_v3_formal_caltech_clip_lora_s42,16,joint,electronic,0.029212884604930878,0.0003957562439609319,9.463616475035189e-05,34.37972640991211
20260908_v3_formal_caltech_clip_lora_s42,16,joint,fusion,0.0,0.0,0.0,0.0
20260908_v3_formal_caltech_clip_lora_s42,16,joint,router,0.7741554975509644,0.0003749482857529074,0.009463616475035188,0.23822547495365143
20260908_v3_formal_caltech_clip_lora_s42,16,joint,global,1.3602399826049805,0.003910050727427006,0.005678169885021113,1.153536319732666
20260908_v3_formal_caltech_clip_lora_s42,16,joint,readout,0.0030437323730438948,0.00015281476953532547,9.463616475035189e-05,17.851016998291016
20260908_v3_formal_caltech_clip_lora_s42,16,joint,generator_context,0.00408893171697855,0.0005133555387146771,9.463616475035189e-05,0.09855672717094421
20260908_v3_formal_caltech_clip_lora_s42,16,joint,generator_decoder,0.05964578315615654,0.0019991726148873568,0.00028390849425105564,9.217801094055176
20260908_v3_formal_caltech_clip_lora_s42,17,joint,electronic,0.02642666921019554,0.00035746756475418806,9.063346208111827e-05,22.994905471801758
20260908_v3_formal_caltech_clip_lora_s42,17,joint,fusion,0.0,0.0,0.0,0.0
20260908_v3_formal_caltech_clip_lora_s42,17,joint,router,0.29685598611831665,0.00014376308536157012,0.009063346208111826,0.0676722601056099
20260908_v3_formal_caltech_clip_lora_s42,17,joint,global,1.0288676023483276,0.0024648127146065235,0.005438007724867096,0.8565274477005005
20260908_v3_formal_caltech_clip_lora_s42,17,joint,readout,0.0036813654005527496,0.0001848513347795233,9.063346208111827e-05,8.463479042053223
20260908_v3_formal_caltech_clip_lora_s42,17,joint,generator_context,0.005752780940383673,0.0007222624844871461,9.063346208111827e-05,0.07126834988594055
20260908_v3_formal_caltech_clip_lora_s42,17,joint,generator_decoder,0.04678277671337128,0.0015610895352438092,0.0002719003862433548,6.0204925537109375
20260908_v3_formal_caltech_clip_lora_s42,18,joint,electronic,0.02572650834918022,0.00034752817009575665,8.569911692596261e-05,40.104827880859375
20260908_v3_formal_caltech_clip_lora_s42,18,joint,fusion,0.0,0.0,0.0,0.0
20260908_v3_formal_caltech_clip_lora_s42,18,joint,router,0.5431351065635681,0.0002630051749292761,0.008569911692596261,0.09846864640712738
20260908_v3_formal_caltech_clip_lora_s42,18,joint,global,0.9157075881958008,0.001921561430208385,0.005141947015557757,1.3579044342041016
20260908_v3_formal_caltech_clip_lora_s42,18,joint,readout,0.002467389917001128,0.00012391188647598028,8.569911692596261e-05,16.24835968017578
20260908_v3_formal_caltech_clip_lora_s42,18,joint,generator_context,0.004040614701807499,0.0005073532229289412,8.569911692596261e-05,0.11167579889297485
20260908_v3_formal_caltech_clip_lora_s42,18,joint,generator_decoder,0.03882453218102455,0.0012944595655426383,0.0002570973507778878,9.722548484802246
20260908_v3_formal_caltech_clip_lora_s42,19,joint,electronic,0.026682164520025253,0.0003600944473873824,7.998319543067591e-05,30.631973266601562
20260908_v3_formal_caltech_clip_lora_s42,19,joint,fusion,0.0,0.0,0.0,0.0
20260908_v3_formal_caltech_clip_lora_s42,19,joint,router,0.374382346868515,0.0001812721893656999,0.007998319543067591,0.0850633904337883
20260908_v3_formal_caltech_clip_lora_s42,19,joint,global,0.7920023798942566,0.0015119027812033892,0.004798991725840555,1.1588716506958008
20260908_v3_formal_caltech_clip_lora_s42,19,joint,readout,0.001996606355533004,0.00010027927783085033,7.998319543067591e-05,11.5690336227417
20260908_v3_formal_caltech_clip_lora_s42,19,joint,generator_context,0.003079240908846259,0.00038660960854031146,7.998319543067591e-05,0.09807901084423065
20260908_v3_formal_caltech_clip_lora_s42,19,joint,generator_decoder,0.03237881883978844,0.0010774199618026614,0.00023994958629202772,8.042949676513672
20260908_v3_formal_caltech_clip_lora_s42,20,joint,electronic,0.02241303212940693,0.0003021893498953432,7.365953349069506e-05,22.671424865722656
20260908_v3_formal_caltech_clip_lora_s42,20,joint,fusion,0.0,0.0,0.0,0.0
20260908_v3_formal_caltech_clip_lora_s42,20,joint,router,0.2872055768966675,0.0001390373072354123,0.007365953349069505,0.04751542955636978
20260908_v3_formal_caltech_clip_lora_s42,20,joint,global,0.6207031607627869,0.0011055716313421726,0.004419572009441703,0.7537189722061157
20260908_v3_formal_caltech_clip_lora_s42,20,joint,readout,0.0022412536200135946,0.00011257507867412642,7.365953349069506e-05,7.599296569824219
20260908_v3_formal_caltech_clip_lora_s42,20,joint,generator_context,0.002318121725693345,0.00029107314185239375,7.365953349069506e-05,0.06967142969369888
20260908_v3_formal_caltech_clip_lora_s42,20,joint,generator_decoder,0.028895853087306023,0.0009607251267880201,0.00022097860047208512,5.700685977935791
20260908_v3_formal_caltech_clip_lora_s42,21,joint,electronic,0.02127213589847088,0.0002866160648409277,6.69204499537655e-05,18.13515281677246
20260908_v3_formal_caltech_clip_lora_s42,21,joint,fusion,0.0,0.0,0.0,0.0
20260908_v3_formal_caltech_clip_lora_s42,21,joint,router,0.30552318692207336,0.00014789073611609638,0.00669204499537655,0.04928721487522125
20260908_v3_formal_caltech_clip_lora_s42,21,joint,global,0.5608968734741211,0.000949036912061274,0.00401522699722593,0.5545405745506287
20260908_v3_formal_caltech_clip_lora_s42,21,joint,readout,0.0024814901407808065,0.00012465238978620619,6.69204499537655e-05,8.33095645904541
20260908_v3_formal_caltech_clip_lora_s42,21,joint,generator_context,0.0021869002375751734,0.00027456259704194963,6.69204499537655e-05,0.03790606930851936
20260908_v3_formal_caltech_clip_lora_s42,21,joint,generator_decoder,0.026113511994481087,0.0008675411227159202,0.00020076134986129647,4.270637035369873
20260908_v3_formal_caltech_clip_lora_s42,22,joint,electronic,0.019833724945783615,0.00026711358805187047,5.997089770841662e-05,36.725215911865234
20260908_v3_formal_caltech_clip_lora_s42,22,joint,fusion,0.0,0.0,0.0,0.0
20260908_v3_formal_caltech_clip_lora_s42,22,joint,router,0.467544823884964,0.00022631351021118462,0.005997089770841662,0.1166849285364151
20260908_v3_formal_caltech_clip_lora_s42,22,joint,global,0.5396833419799805,0.0008780772914178669,0.003598253862504997,1.240910291671753
20260908_v3_formal_caltech_clip_lora_s42,22,joint,readout,0.002244082745164633,0.00011273615382378921,5.997089770841662e-05,17.454465866088867
20260908_v3_formal_caltech_clip_lora_s42,22,joint,generator_context,0.0027530845254659653,0.00034564672387205064,5.997089770841662e-05,0.11617036163806915
20260908_v3_formal_caltech_clip_lora_s42,22,joint,generator_decoder,0.023810364305973053,0.0007902515935711563,0.00017991269312524983,8.556406021118164
20260908_v3_formal_caltech_clip_lora_s42,23,joint,electronic,0.016771478578448296,0.00022576877381652594,5.302223053871491e-05,21.361156463623047
20260908_v3_formal_caltech_clip_lora_s42,23,joint,fusion,0.0,0.0,0.0,0.0
20260908_v3_formal_caltech_clip_lora_s42,23,joint,router,0.3137003183364868,0.00015183798677753657,0.0053022230538714915,0.04242389649152756
20260908_v3_formal_caltech_clip_lora_s42,23,joint,global,0.3668421506881714,0.0005794631433673203,0.003181333832322895,0.7800347805023193
20260908_v3_formal_caltech_clip_lora_s42,23,joint,readout,0.002004415960982442,0.0001007020691758953,5.302223053871491e-05,8.037776947021484
20260908_v3_formal_caltech_clip_lora_s42,23,joint,generator_context,0.0023699691519141197,0.00029748849919997156,5.302223053871491e-05,0.046469464898109436
20260908_v3_formal_caltech_clip_lora_s42,23,joint,generator_decoder,0.020527971908450127,0.0006810117047280073,0.00015906669161614472,5.453914642333984
20260908_v3_formal_caltech_clip_lora_s42,24,joint,electronic,0.015299802646040916,0.00020587297331076115,4.628577531129671e-05,21.409427642822266
20260908_v3_formal_caltech_clip_lora_s42,24,joint,fusion,0.0,0.0,0.0,0.0
20260908_v3_formal_caltech_clip_lora_s42,24,joint,router,0.2308763563632965,0.00011174537212355062,0.0046285775311296715,0.10272012650966644
20260908_v3_formal_caltech_clip_lora_s42,24,joint,global,0.3340264558792114,0.0005155766266398132,0.002777146518677803,0.7398788928985596
20260908_v3_formal_caltech_clip_lora_s42,24,joint,readout,0.001617029425688088,8.124346641125157e-05,4.628577531129671e-05,8.153558731079102
20260908_v3_formal_caltech_clip_lora_s42,24,joint,generator_context,0.0023988052271306515,0.00030112656531855464,4.628577531129671e-05,0.05489875748753548
20260908_v3_formal_caltech_clip_lora_s42,24,joint,generator_decoder,0.01892678253352642,0.0006274508195929229,0.00013885732593389014,4.816316604614258
20260908_v3_formal_caltech_clip_lora_s42,25,joint,electronic,0.012351511046290398,0.00016617165238130838,3.996640498102932e-05,23.209821701049805
20260908_v3_formal_caltech_clip_lora_s42,25,joint,fusion,0.0,0.0,0.0,0.0
20260908_v3_formal_caltech_clip_lora_s42,25,joint,router,0.11024322360754013,5.335760579328053e-05,0.003996640498102932,0.029430605471134186
20260908_v3_formal_caltech_clip_lora_s42,25,joint,global,0.29261890053749084,0.0004436018643900752,0.0023979842988617593,0.8532612323760986
20260908_v3_formal_caltech_clip_lora_s42,25,joint,readout,0.0017827303381636739,8.957447425927967e-05,3.996640498102932e-05,7.534324645996094
20260908_v3_formal_caltech_clip_lora_s42,25,joint,generator_context,0.0024134640116244555,0.0003029548970516771,3.996640498102932e-05,0.07356979697942734
20260908_v3_formal_caltech_clip_lora_s42,25,joint,generator_decoder,0.0153806172311306,0.000509795208927244,0.00011989921494308794,6.177298545837402
20260908_v3_formal_caltech_clip_lora_s42,26,joint,electronic,0.010296817868947983,0.00013849516108166426,3.4256307876752716e-05,25.37615394592285
20260908_v3_formal_caltech_clip_lora_s42,26,joint,fusion,0.0,0.0,0.0,0.0
20260908_v3_formal_caltech_clip_lora_s42,26,joint,router,0.2917018532752991,0.00014118399121798575,0.003425630787675271,0.05680788308382034
20260908_v3_formal_caltech_clip_lora_s42,26,joint,global,0.25139331817626953,0.0003758049278985709,0.0020553784726051625,0.8132688403129578
20260908_v3_formal_caltech_clip_lora_s42,26,joint,readout,0.0010961095103994012,5.507751848199405e-05,3.4256307876752716e-05,9.563685417175293
20260908_v3_formal_caltech_clip_lora_s42,26,joint,generator_context,0.0015449271304532886,0.00019390152010601014,3.4256307876752716e-05,0.06922315806150436
20260908_v3_formal_caltech_clip_lora_s42,26,joint,generator_decoder,0.011783767491579056,0.0003906150523107499,0.00010276892363025812,6.2287163734436035
20260908_v3_formal_caltech_clip_lora_s42,27,joint,electronic,0.008527380414307117,0.00011467881995486096,2.932914275917099e-05,12.616272926330566
20260908_v3_formal_caltech_clip_lora_s42,27,joint,fusion,0.0,0.0,0.0,0.0
20260908_v3_formal_caltech_clip_lora_s42,27,joint,router,0.15661607682704926,7.579963858006522e-05,0.002932914275917099,0.04129521921277046
20260908_v3_formal_caltech_clip_lora_s42,27,joint,global,0.2013796716928482,0.0002976719115395099,0.0017597485655502594,0.47394639253616333
20260908_v3_formal_caltech_clip_lora_s42,27,joint,readout,0.0009968600934371352,5.009147207601927e-05,2.932914275917099e-05,4.335771083831787
20260908_v3_formal_caltech_clip_lora_s42,27,joint,generator_context,0.0020113217178732157,0.0002524055598769337,2.932914275917099e-05,0.03366587683558464
20260908_v3_formal_caltech_clip_lora_s42,27,joint,generator_decoder,0.010269558988511562,0.0003403083246666938,8.798742827751296e-05,3.417480230331421
20260908_v3_formal_caltech_clip_lora_s42,28,joint,electronic,0.007468318101018667,0.00010042831854661927,2.533475741063855e-05,19.653182983398438
20260908_v3_formal_caltech_clip_lora_s42,28,joint,fusion,0.0,0.0,0.0,0.0
20260908_v3_formal_caltech_clip_lora_s42,28,joint,router,0.12888017296791077,6.237536581465974e-05,0.0025334757410638547,0.09903981536626816
20260908_v3_formal_caltech_clip_lora_s42,28,joint,global,0.19054090976715088,0.0002790761354845017,0.001520085444638313,0.7006446123123169
20260908_v3_formal_caltech_clip_lora_s42,28,joint,readout,0.0009548728703521192,4.798290319740772e-05,2.533475741063855e-05,6.22983455657959
20260908_v3_formal_caltech_clip_lora_s42,28,joint,generator_context,0.0013469483237713575,0.00016899328329600394,2.533475741063855e-05,0.059388089925050735
20260908_v3_formal_caltech_clip_lora_s42,28,joint,generator_decoder,0.008983444422483444,0.0002975014504045248,7.600427223191564e-05,4.940040111541748
20260908_v3_formal_caltech_clip_lora_s42,29,joint,electronic,0.006455386057496071,8.680052997078747e-05,2.239463137812864e-05,21.142789840698242
20260908_v3_formal_caltech_clip_lora_s42,29,joint,fusion,0.0,0.0,0.0,0.0
20260908_v3_formal_caltech_clip_lora_s42,29,joint,router,0.09922122955322266,4.802097464562394e-05,0.0022394631378128637,0.03688915818929672
20260908_v3_formal_caltech_clip_lora_s42,29,joint,global,0.1418687403202057,0.00020622067677322775,0.0013436778826877182,0.7696112394332886
20260908_v3_formal_caltech_clip_lora_s42,29,joint,readout,0.0008803638047538698,4.4239604903850704e-05,2.239463137812864e-05,8.524728775024414
20260908_v3_formal_caltech_clip_lora_s42,29,joint,generator_context,0.0010995029006153345,0.0001379563909722492,2.239463137812864e-05,0.06299376487731934
20260908_v3_formal_caltech_clip_lora_s42,29,joint,generator_decoder,0.008255492895841599,0.00027341541135683656,6.718389413438591e-05,5.3790483474731445
20260908_v3_formal_caltech_clip_lora_s42,30,joint,electronic,0.006618416868150234,8.898802479961887e-05,2.0598181467309473e-05,11.349624633789062
20260908_v3_formal_caltech_clip_lora_s42,30,joint,fusion,0.0,0.0,0.0,0.0
20260908_v3_formal_caltech_clip_lora_s42,30,joint,router,0.10889169573783875,5.2700721425935626e-05,0.002059818146730947,0.03225643187761307
20260908_v3_formal_caltech_clip_lora_s42,30,joint,global,0.15114542841911316,0.00021828683384228498,0.0012358908880385682,0.4214920997619629
20260908_v3_formal_caltech_clip_lora_s42,30,joint,readout,0.0006127021624706686,3.079001544392668e-05,2.0598181467309473e-05,4.42376708984375
20260908_v3_formal_caltech_clip_lora_s42,30,joint,generator_context,0.0012672560987994075,0.0001589826715644449,2.0598181467309473e-05,0.029540464282035828
20260908_v3_formal_caltech_clip_lora_s42,30,joint,generator_decoder,0.008174858056008816,0.0002707114035729319,6.17945444019284e-05,2.7379586696624756
20260908_v3_formal_cifar_fixed_s42,1,experts,electronic,0.0,0.0,0.0,0
20260908_v3_formal_cifar_fixed_s42,1,experts,fusion,0.0,0.0,0.0,0
20260908_v3_formal_cifar_fixed_s42,1,experts,router,0.0,0.0,0.0,0
20260908_v3_formal_cifar_fixed_s42,1,experts,global,0.0,0.0,0.0,0
20260908_v3_formal_cifar_fixed_s42,1,experts,readout,0.0,0.0,0.0,0
20260908_v3_formal_cifar_fixed_s42,2,experts,electronic,0.0,0.0,0.0,0
20260908_v3_formal_cifar_fixed_s42,2,experts,fusion,0.0,0.0,0.0,0
20260908_v3_formal_cifar_fixed_s42,2,experts,router,0.0,0.0,0.0,0
20260908_v3_formal_cifar_fixed_s42,2,experts,global,0.0,0.0,0.0,0
20260908_v3_formal_cifar_fixed_s42,2,experts,readout,0.0,0.0,0.0,0
20260908_v3_formal_cifar_fixed_s42,3,experts,electronic,0.0,0.0,0.0,0
20260908_v3_formal_cifar_fixed_s42,3,experts,fusion,0.0,0.0,0.0,0
20260908_v3_formal_cifar_fixed_s42,3,experts,router,0.0,0.0,0.0,0
20260908_v3_formal_cifar_fixed_s42,3,experts,global,0.0,0.0,0.0,0
20260908_v3_formal_cifar_fixed_s42,3,experts,readout,0.0,0.0,0.0,0
20260908_v3_formal_cifar_fixed_s42,4,experts,electronic,0.0,0.0,0.0,0
20260908_v3_formal_cifar_fixed_s42,4,experts,fusion,0.0,0.0,0.0,0
20260908_v3_formal_cifar_fixed_s42,4,experts,router,0.0,0.0,0.0,0
20260908_v3_formal_cifar_fixed_s42,4,experts,global,0.0,0.0,0.0,0
20260908_v3_formal_cifar_fixed_s42,4,experts,readout,0.0,0.0,0.0,0
20260908_v3_formal_cifar_fixed_s42,5,optics,electronic,0.0,0.0,0.0,0.0
20260908_v3_formal_cifar_fixed_s42,5,optics,fusion,0.0,0.0,0.0,0.0
20260908_v3_formal_cifar_fixed_s42,5,optics,router,0.1039150282740593,5.036870061303489e-05,0.0005,0.04356253892183304
20260908_v3_formal_cifar_fixed_s42,5,optics,global,0.10550703853368759,0.0026949578896164894,0.00030000000000000003,0.674918532371521
20260908_v3_formal_cifar_fixed_s42,5,optics,readout,0.0,0.0,0.0,0.0
20260908_v3_formal_cifar_fixed_s42,6,optics,electronic,0.0,0.0,0.0,0.0
20260908_v3_formal_cifar_fixed_s42,6,optics,fusion,0.0,0.0,0.0,0.0
20260908_v3_formal_cifar_fixed_s42,6,optics,router,0.6404030323028564,0.0003103420604020357,0.009694891002992924,0.09695617854595184
20260908_v3_formal_cifar_fixed_s42,6,optics,global,0.7627744078636169,0.011866590939462185,0.005816934601795755,0.7800110578536987
20260908_v3_formal_cifar_fixed_s42,6,optics,readout,0.0,0.0,0.0,0.0
20260908_v3_formal_cifar_fixed_s42,7,optics,electronic,0.0,0.0,0.0,0.0
20260908_v3_formal_cifar_fixed_s42,7,optics,fusion,0.0,0.0,0.0,0.0
20260908_v3_formal_cifar_fixed_s42,7,optics,router,0.7319868206977844,0.00035463328822515905,0.008826109761999027,0.13001741468906403
20260908_v3_formal_cifar_fixed_s42,7,optics,global,0.6992732286453247,0.007272015791386366,0.005295665857199415,0.44846615195274353
20260908_v3_formal_cifar_fixed_s42,7,optics,readout,0.0,0.0,0.0,0.0
20260908_v3_formal_cifar_fixed_s42,8,optics,electronic,0.0,0.0,0.0,0.0
20260908_v3_formal_cifar_fixed_s42,8,optics,fusion,0.0,0.0,0.0,0.0
20260908_v3_formal_cifar_fixed_s42,8,optics,router,0.5584215521812439,0.0002705206861719489,0.00752619276354741,0.1555890589952469
20260908_v3_formal_cifar_fixed_s42,8,optics,global,0.8479189872741699,0.006177191622555256,0.004515715658128446,0.6394478678703308
20260908_v3_formal_cifar_fixed_s42,8,optics,readout,0.0,0.0,0.0,0.0
20260908_v3_formal_cifar_fixed_s42,9,optics,electronic,0.0,0.0,0.0,0.0
20260908_v3_formal_cifar_fixed_s42,9,optics,fusion,0.0,0.0,0.0,0.0
20260908_v3_formal_cifar_fixed_s42,9,optics,router,0.2625802159309387,0.0001271918008569628,0.005993448193433091,0.16898928582668304
20260908_v3_formal_cifar_fixed_s42,9,optics,global,0.539304792881012,0.0029693306423723698,0.0035960689160598547,0.5930362343788147
20260908_v3_formal_cifar_fixed_s42,9,optics,readout,0.0,0.0,0.0,0.0
20260908_v3_formal_cifar_fixed_s42,10,optics,electronic,0.0,0.0,0.0,0.0
20260908_v3_formal_cifar_fixed_s42,10,optics,fusion,0.0,0.0,0.0,0.0
20260908_v3_formal_cifar_fixed_s42,10,optics,router,0.23478476703166962,0.00011372070002835244,0.004461703130883879,0.08127380907535553
20260908_v3_formal_cifar_fixed_s42,10,optics,global,0.41709476709365845,0.0018837718525901437,0.0026770218785303274,0.5296247601509094
20260908_v3_formal_cifar_fixed_s42,10,optics,readout,0.0,0.0,0.0,0.0
20260908_v3_formal_cifar_fixed_s42,11,optics,electronic,0.0,0.0,0.0,0.0
20260908_v3_formal_cifar_fixed_s42,11,optics,fusion,0.0,0.0,0.0,0.0
20260908_v3_formal_cifar_fixed_s42,11,optics,router,0.16480976343154907,7.982510578585789e-05,0.00316463217575224,0.062090013176202774
20260908_v3_formal_cifar_fixed_s42,11,optics,global,0.3270993232727051,0.0012975983554497361,0.001898779305451344,0.694755494594574
20260908_v3_formal_cifar_fixed_s42,11,optics,readout,0.0,0.0,0.0,0.0
20260908_v3_formal_cifar_fixed_s42,12,optics,electronic,0.0,0.0,0.0,0.0
20260908_v3_formal_cifar_fixed_s42,12,optics,fusion,0.0,0.0,0.0,0.0
20260908_v3_formal_cifar_fixed_s42,12,optics,router,0.16344954073429108,7.916497270343825e-05,0.0023001093371217874,0.08254395425319672
20260908_v3_formal_cifar_fixed_s42,12,optics,global,0.23090466856956482,0.000842571200337261,0.0013800656022730723,0.681262195110321
20260908_v3_formal_cifar_fixed_s42,12,optics,readout,0.0,0.0,0.0,0.0
20260908_v3_formal_cifar_fixed_s42,13,joint,electronic,0.006686011794954538,9.106429934035987e-05,5e-06,15.79723072052002
20260908_v3_formal_cifar_fixed_s42,13,joint,fusion,0.0,0.0,0.0,0.0
20260908_v3_formal_cifar_fixed_s42,13,joint,router,0.01749965362250805,8.475632057525218e-06,0.0005,0.06009989231824875
20260908_v3_formal_cifar_fixed_s42,13,joint,global,0.04767866060137749,0.00016359350411221385,0.00030000000000000003,0.5555478930473328
20260908_v3_formal_cifar_fixed_s42,13,joint,readout,0.0007969370926730335,3.999621549155563e-05,5e-06,3.0007247924804688
20260908_v3_formal_cifar_fixed_s42,14,joint,electronic,0.03301670402288437,0.0004495483008213341,9.93917484850684e-05,9.17067813873291
20260908_v3_formal_cifar_fixed_s42,14,joint,fusion,0.0,0.0,0.0,0.0
20260908_v3_formal_cifar_fixed_s42,14,joint,router,0.3592425286769867,0.00017398112686350942,0.00993917484850684,0.058431774377822876
20260908_v3_formal_cifar_fixed_s42,14,joint,global,0.8701608777046204,0.002374015748500824,0.005963504909104104,0.29835575819015503
20260908_v3_formal_cifar_fixed_s42,14,joint,readout,0.002749841893091798,0.00013800871965941042,9.93917484850684e-05,2.2912020683288574
20260908_v3_formal_cifar_fixed_s42,15,joint,electronic,0.03304626792669296,0.0004497574991546571,9.75854924355444e-05,7.051228046417236
20260908_v3_formal_cifar_fixed_s42,15,joint,fusion,0.0,0.0,0.0,0.0
20260908_v3_formal_cifar_fixed_s42,15,joint,router,0.25948747992515564,0.00012566335499286652,0.00975854924355444,0.05235348269343376
20260908_v3_formal_cifar_fixed_s42,15,joint,global,0.7101149559020996,0.001613342436030507,0.005855129546132664,0.25886914134025574
20260908_v3_formal_cifar_fixed_s42,15,joint,readout,0.0033037099055945873,0.0001658125693211332,9.75854924355444e-05,2.298011064529419
20260908_v3_formal_cifar_fixed_s42,16,joint,electronic,0.030451659113168716,0.0004141333338338882,9.463616475035189e-05,7.30783748626709
20260908_v3_formal_cifar_fixed_s42,16,joint,fusion,0.0,0.0,0.0,0.0
20260908_v3_formal_cifar_fixed_s42,16,joint,router,0.32271119952201843,0.00015627496759407222,0.009463616475035188,0.0538865365087986
20260908_v3_formal_cifar_fixed_s42,16,joint,global,0.7798727750778198,0.0015548617811873555,0.005678169885021113,0.24860075116157532
20260908_v3_formal_cifar_fixed_s42,16,joint,readout,0.00311602302826941,0.00015640001220162958,9.463616475035189e-05,2.7094435691833496
20260908_v3_formal_cifar_fixed_s42,17,joint,electronic,0.028394322842359543,0.00038590296753682196,9.063346208111827e-05,6.941500663757324
20260908_v3_formal_cifar_fixed_s42,17,joint,fusion,0.0,0.0,0.0,0.0
20260908_v3_formal_cifar_fixed_s42,17,joint,router,0.29965847730636597,0.00014510851178783923,0.009063346208111826,0.04539269581437111
20260908_v3_formal_cifar_fixed_s42,17,joint,global,0.639208972454071,0.001160339917987585,0.005438007724867096,0.2606252431869507
20260908_v3_formal_cifar_fixed_s42,17,joint,readout,0.00253882585093379,0.00012743161641992629,9.063346208111827e-05,2.903632640838623
20260908_v3_formal_cifar_fixed_s42,18,joint,electronic,0.028131060302257538,0.000382067373720929,8.569911692596261e-05,7.930946350097656
20260908_v3_formal_cifar_fixed_s42,18,joint,fusion,0.0,0.0,0.0,0.0
20260908_v3_formal_cifar_fixed_s42,18,joint,router,0.3735143542289734,0.00018085999181494117,0.008569911692596261,0.042253199964761734
20260908_v3_formal_cifar_fixed_s42,18,joint,global,0.7180247902870178,0.0012171878479421139,0.005141947015557757,0.29497724771499634
20260908_v3_formal_cifar_fixed_s42,18,joint,readout,0.002746754325926304,0.00013787219359073788,8.569911692596261e-05,2.6795217990875244
20260908_v3_formal_cifar_fixed_s42,19,joint,electronic,0.026863943785429,0.00036465536686591804,7.998319543067591e-05,8.060105323791504
20260908_v3_formal_cifar_fixed_s42,19,joint,fusion,0.0,0.0,0.0,0.0
20260908_v3_formal_cifar_fixed_s42,19,joint,router,0.28706979751586914,0.00013899408804718405,0.007998319543067591,0.05572915077209473
20260908_v3_formal_cifar_fixed_s42,19,joint,global,0.5781185626983643,0.0009312151814810932,0.004798991725840555,0.2416113317012787
20260908_v3_formal_cifar_fixed_s42,19,joint,readout,0.0030383295379579067,0.0001525045809103176,7.998319543067591e-05,4.474483013153076
20260908_v3_formal_cifar_fixed_s42,20,joint,electronic,0.024494057521224022,0.0003322694101370871,7.365953349069506e-05,6.863961696624756
20260908_v3_formal_cifar_fixed_s42,20,joint,fusion,0.0,0.0,0.0,0.0
20260908_v3_formal_cifar_fixed_s42,20,joint,router,0.263418585062027,0.00012753692863043398,0.007365953349069505,0.045172642916440964
20260908_v3_formal_cifar_fixed_s42,20,joint,global,0.44747018814086914,0.0006935292039997876,0.004419572009441703,0.24740895628929138
20260908_v3_formal_cifar_fixed_s42,20,joint,readout,0.002950127702206373,0.00014808264677412808,7.365953349069506e-05,3.278078079223633
20260908_v3_formal_cifar_fixed_s42,21,joint,electronic,0.02097807265818119,0.00028440952883102,6.69204499537655e-05,9.703274726867676
20260908_v3_formal_cifar_fixed_s42,21,joint,fusion,0.0,0.0,0.0,0.0
20260908_v3_formal_cifar_fixed_s42,21,joint,router,0.23205696046352386,0.0001123482288676314,0.00669204499537655,0.04178588092327118
20260908_v3_formal_cifar_fixed_s42,21,joint,global,0.4713187515735626,0.0007092197774909437,0.00401522699722593,0.36326828598976135
20260908_v3_formal_cifar_fixed_s42,21,joint,readout,0.002334853634238243,0.00011720633483491838,6.69204499537655e-05,3.1916706562042236
20260908_v3_formal_cifar_fixed_s42,22,joint,electronic,0.019185280427336693,0.0002600208099465817,5.997089770841662e-05,11.418791770935059
20260908_v3_formal_cifar_fixed_s42,22,joint,fusion,0.0,0.0,0.0,0.0
20260908_v3_formal_cifar_fixed_s42,22,joint,router,0.3050570487976074,0.00014768086839467287,0.005997089770841662,0.09625805914402008
20260908_v3_formal_cifar_fixed_s42,22,joint,global,0.6024090051651001,0.0008859335212036967,0.003598253862504997,0.3502305746078491
20260908_v3_formal_cifar_fixed_s42,22,joint,readout,0.0023864961694926023,0.00011980013368884102,5.997089770841662e-05,4.5788798332214355
20260908_v3_formal_cifar_fixed_s42,23,joint,electronic,0.01717856526374817,0.00023275351850315928,5.302223053871491e-05,7.5167646408081055
20260908_v3_formal_cifar_fixed_s42,23,joint,fusion,0.0,0.0,0.0,0.0
20260908_v3_formal_cifar_fixed_s42,23,joint,router,0.22006066143512726,0.00010653064236976206,0.0053022230538714915,0.042594823986291885
20260908_v3_formal_cifar_fixed_s42,23,joint,global,0.45716747641563416,0.0006601841887459159,0.003181333832322895,0.2581311762332916
20260908_v3_formal_cifar_fixed_s42,23,joint,readout,0.0020087752491235733,0.00010084197856485844,5.302223053871491e-05,3.0059549808502197
20260908_v3_formal_cifar_fixed_s42,24,joint,electronic,0.012932808138430119,0.00017516965453978628,4.628577531129671e-05,10.351085662841797
20260908_v3_formal_cifar_fixed_s42,24,joint,fusion,0.0,0.0,0.0,0.0
20260908_v3_formal_cifar_fixed_s42,24,joint,router,0.31082046031951904,0.00015046028420329094,0.0046285775311296715,0.06421586871147156
20260908_v3_formal_cifar_fixed_s42,24,joint,global,0.44039204716682434,0.0006268833531066775,0.002777146518677803,0.3282396197319031
20260908_v3_formal_cifar_fixed_s42,24,joint,readout,0.0017647551139816642,8.859401714289561e-05,4.628577531129671e-05,3.4120585918426514
20260908_v3_formal_cifar_fixed_s42,25,joint,electronic,0.0122685506939888,0.00016613777552265674,3.996640498102932e-05,11.332531929016113
20260908_v3_formal_cifar_fixed_s42,25,joint,fusion,0.0,0.0,0.0,0.0
20260908_v3_formal_cifar_fixed_s42,25,joint,router,0.17382535338401794,8.414206968154758e-05,0.003996640498102932,0.10143713653087616
20260908_v3_formal_cifar_fixed_s42,25,joint,global,0.37992948293685913,0.0005346571560949087,0.0023979842988617593,0.3811757266521454
20260908_v3_formal_cifar_fixed_s42,25,joint,readout,0.001081454218365252,5.4291231208480895e-05,3.996640498102932e-05,9.230151176452637
20260908_v3_formal_cifar_fixed_s42,26,joint,electronic,0.010617842897772789,0.00014375714818015695,3.4256307876752716e-05,12.350400924682617
20260908_v3_formal_cifar_fixed_s42,26,joint,fusion,0.0,0.0,0.0,0.0
20260908_v3_formal_cifar_fixed_s42,26,joint,router,0.17304526269435883,8.376201003557071e-05,0.003425630787675271,0.08207223564386368
20260908_v3_formal_cifar_fixed_s42,26,joint,global,0.26411300897598267,0.00036828842712566257,0.0020553784726051625,0.4046158790588379
20260908_v3_formal_cifar_fixed_s42,26,joint,readout,0.0018216484459117055,9.145065996563062e-05,3.4256307876752716e-05,7.119002819061279
20260908_v3_formal_cifar_fixed_s42,27,joint,electronic,0.008689038455486298,0.00011762372014345601,2.932914275917099e-05,12.63929271697998
20260908_v3_formal_cifar_fixed_s42,27,joint,fusion,0.0,0.0,0.0,0.0
20260908_v3_formal_cifar_fixed_s42,27,joint,router,0.24271708726882935,0.00011748492397600785,0.002932914275917099,0.05841536819934845
20260908_v3_formal_cifar_fixed_s42,27,joint,global,0.2735021114349365,0.00037856391281820834,0.0017597485655502594,0.36966216564178467
20260908_v3_formal_cifar_fixed_s42,27,joint,readout,0.0009198129992000759,4.617767262971029e-05,2.932914275917099e-05,3.722499132156372
20260908_v3_formal_cifar_fixed_s42,28,joint,electronic,0.007683796342462301,0.00010400696919532493,2.533475741063855e-05,17.09990692138672
20260908_v3_formal_cifar_fixed_s42,28,joint,fusion,0.0,0.0,0.0,0.0
20260908_v3_formal_cifar_fixed_s42,28,joint,router,0.13039696216583252,6.31168732070364e-05,0.0025334757410638547,0.10311947017908096
20260908_v3_formal_cifar_fixed_s42,28,joint,global,0.2353484034538269,0.0003238024655729532,0.001520085444638313,0.5610686540603638
20260908_v3_formal_cifar_fixed_s42,28,joint,readout,0.0012678876519203186,6.365182343870401e-05,2.533475741063855e-05,10.005599021911621
20260908_v3_formal_cifar_fixed_s42,29,joint,electronic,0.007112638559192419,9.627430699765682e-05,2.239463137812864e-05,13.264860153198242
20260908_v3_formal_cifar_fixed_s42,29,joint,fusion,0.0,0.0,0.0,0.0
20260908_v3_formal_cifar_fixed_s42,29,joint,router,0.1417328268289566,6.860333087388426e-05,0.0022394631378128637,0.06860053539276123
20260908_v3_formal_cifar_fixed_s42,29,joint,global,0.19622263312339783,0.0002686074294615537,0.0013436778826877182,0.45799413323402405
20260908_v3_formal_cifar_fixed_s42,29,joint,readout,0.0006781023112125695,3.4043085179291666e-05,2.239463137812864e-05,5.2922258377075195
20260908_v3_formal_cifar_fixed_s42,30,joint,electronic,0.00583015289157629,7.890755659900606e-05,2.0598181467309473e-05,16.809040069580078
20260908_v3_formal_cifar_fixed_s42,30,joint,fusion,0.0,0.0,0.0,0.0
20260908_v3_formal_cifar_fixed_s42,30,joint,router,0.10608159750699997,5.134671300766058e-05,0.002059818146730947,0.09558286517858505
20260908_v3_formal_cifar_fixed_s42,30,joint,global,0.18300454318523407,0.00024940763250924647,0.0012358908880385682,0.6068913340568542
20260908_v3_formal_cifar_fixed_s42,30,joint,readout,0.0007895282469689846,3.963714334531687e-05,2.0598181467309473e-05,10.036971092224121
20260908_v3_formal_cifar_direct_s42,1,experts,electronic,0.0,0.0,0.0,0.0
20260908_v3_formal_cifar_direct_s42,1,experts,fusion,0.0,0.0,0.0,0.0
20260908_v3_formal_cifar_direct_s42,1,experts,router,0.0,0.0,0.0,0.0
20260908_v3_formal_cifar_direct_s42,1,experts,expert,0.43022701144218445,0.0008957195677794516,0.001,0.3474206328392029
20260908_v3_formal_cifar_direct_s42,1,experts,global,0.0,0.0,0.0,0.0
20260908_v3_formal_cifar_direct_s42,1,experts,readout,0.0,0.0,0.0,0.0
20260908_v3_formal_cifar_direct_s42,2,experts,electronic,0.0,0.0,0.0,0.0
20260908_v3_formal_cifar_direct_s42,2,experts,fusion,0.0,0.0,0.0,0.0
20260908_v3_formal_cifar_direct_s42,2,experts,router,0.0,0.0,0.0,0.0
20260908_v3_formal_cifar_direct_s42,2,experts,expert,1.7868512868881226,0.002571005839854479,0.017647571319721958,0.29071345925331116
20260908_v3_formal_cifar_direct_s42,2,experts,global,0.0,0.0,0.0,0.0
20260908_v3_formal_cifar_direct_s42,2,experts,readout,0.0,0.0,0.0,0.0
20260908_v3_formal_cifar_direct_s42,3,experts,electronic,0.0,0.0,0.0,0.0
20260908_v3_formal_cifar_direct_s42,3,experts,fusion,0.0,0.0,0.0,0.0
20260908_v3_formal_cifar_direct_s42,3,experts,router,0.0,0.0,0.0,0.0
20260908_v3_formal_cifar_direct_s42,3,experts,expert,1.179646372795105,0.001610758830793202,0.011973765452836507,0.3479025363922119
20260908_v3_formal_cifar_direct_s42,3,experts,global,0.0,0.0,0.0,0.0
20260908_v3_formal_cifar_direct_s42,3,experts,readout,0.0,0.0,0.0,0.0
20260908_v3_formal_cifar_direct_s42,4,experts,electronic,0.0,0.0,0.0,0.0
20260908_v3_formal_cifar_direct_s42,4,experts,fusion,0.0,0.0,0.0,0.0
20260908_v3_formal_cifar_direct_s42,4,experts,router,0.0,0.0,0.0,0.0
20260908_v3_formal_cifar_direct_s42,4,experts,expert,0.7805245518684387,0.001048580976203084,0.006315388311241433,0.34834274649620056
20260908_v3_formal_cifar_direct_s42,4,experts,global,0.0,0.0,0.0,0.0
20260908_v3_formal_cifar_direct_s42,4,experts,readout,0.0,0.0,0.0,0.0
20260908_v3_formal_cifar_direct_s42,5,optics,electronic,0.0,0.0,0.0,0.0
20260908_v3_formal_cifar_direct_s42,5,optics,fusion,0.0,0.0,0.0,0.0
20260908_v3_formal_cifar_direct_s42,5,optics,router,0.10321579873561859,5.0029775593429804e-05,0.0005,0.03281057998538017
20260908_v3_formal_cifar_direct_s42,5,optics,expert,0.10061992704868317,0.0001342426403425634,0.001,0.3391951322555542
20260908_v3_formal_cifar_direct_s42,5,optics,global,0.10559190809726715,0.0026971257757395506,0.00030000000000000003,0.995180070400238
20260908_v3_formal_cifar_direct_s42,5,optics,readout,0.0,0.0,0.0,0.0
20260908_v3_formal_cifar_direct_s42,6,optics,electronic,0.0,0.0,0.0,0.0
20260908_v3_formal_cifar_direct_s42,6,optics,fusion,0.0,0.0,0.0,0.0
20260908_v3_formal_cifar_direct_s42,6,optics,router,0.7860445976257324,0.0003809435584116727,0.009694891002992924,0.045704588294029236
20260908_v3_formal_cifar_direct_s42,6,optics,expert,4.864600658416748,0.006241482216864824,0.01938978200598585,0.2505902945995331
20260908_v3_formal_cifar_direct_s42,6,optics,global,0.9963927268981934,0.016895988956093788,0.005816934601795755,0.6013746857643127
20260908_v3_formal_cifar_direct_s42,6,optics,readout,0.0,0.0,0.0,0.0
20260908_v3_formal_cifar_direct_s42,7,optics,electronic,0.0,0.0,0.0,0.0
20260908_v3_formal_cifar_direct_s42,7,optics,fusion,0.0,0.0,0.0,0.0
20260908_v3_formal_cifar_direct_s42,7,optics,router,0.5390254855155945,0.00026115565560758114,0.008826109761999027,0.049304377287626266
20260908_v3_formal_cifar_direct_s42,7,optics,expert,1.7432736158370972,0.0021836559753865004,0.017652219523998054,0.2180834263563156
20260908_v3_formal_cifar_direct_s42,7,optics,global,0.5624275803565979,0.006266188807785511,0.005295665857199415,0.3984985053539276
20260908_v3_formal_cifar_direct_s42,7,optics,readout,0.0,0.0,0.0,0.0
20260908_v3_formal_cifar_direct_s42,8,optics,electronic,0.0,0.0,0.0,0.0
20260908_v3_formal_cifar_direct_s42,8,optics,fusion,0.0,0.0,0.0,0.0
20260908_v3_formal_cifar_direct_s42,8,optics,router,0.5168777704238892,0.00025039399042725563,0.00752619276354741,0.064979188144207
20260908_v3_formal_cifar_direct_s42,8,optics,expert,1.7130953073501587,0.002118056872859597,0.01505238552709482,0.258966326713562
20260908_v3_formal_cifar_direct_s42,8,optics,global,0.6233922839164734,0.004752890672534704,0.004515715658128446,0.5017829537391663
20260908_v3_formal_cifar_direct_s42,8,optics,readout,0.0,0.0,0.0,0.0
20260908_v3_formal_cifar_direct_s42,9,optics,electronic,0.0,0.0,0.0,0.0
20260908_v3_formal_cifar_direct_s42,9,optics,fusion,0.0,0.0,0.0,0.0
20260908_v3_formal_cifar_direct_s42,9,optics,router,0.31922075152397156,0.00015462418377865106,0.005993448193433091,0.05986824259161949
20260908_v3_formal_cifar_direct_s42,9,optics,expert,1.2215323448181152,0.0014966550515964627,0.011986896386866182,0.22241352498531342
20260908_v3_formal_cifar_direct_s42,9,optics,global,0.546877920627594,0.0031010129023343325,0.0035960689160598547,0.40483346581459045
20260908_v3_formal_cifar_direct_s42,9,optics,readout,0.0,0.0,0.0,0.0
20260908_v3_formal_cifar_direct_s42,10,optics,electronic,0.0,0.0,0.0,0.0
20260908_v3_formal_cifar_direct_s42,10,optics,fusion,0.0,0.0,0.0,0.0
20260908_v3_formal_cifar_direct_s42,10,optics,router,0.2581408619880676,0.0001250330824404955,0.004461703130883879,0.04217008501291275
20260908_v3_formal_cifar_direct_s42,10,optics,expert,0.8474873304367065,0.0010320950532332063,0.008923406261767759,0.1793142557144165
20260908_v3_formal_cifar_direct_s42,10,optics,global,0.38862520456314087,0.00179477094206959,0.0026770218785303274,0.3303975760936737
20260908_v3_formal_cifar_direct_s42,10,optics,readout,0.0,0.0,0.0,0.0
20260908_v3_formal_cifar_direct_s42,11,optics,electronic,0.0,0.0,0.0,0.0
20260908_v3_formal_cifar_direct_s42,11,optics,fusion,0.0,0.0,0.0,0.0
20260908_v3_formal_cifar_direct_s42,11,optics,router,0.20993053913116455,0.00010167842992814258,0.00316463217575224,0.055626560002565384
20260908_v3_formal_cifar_direct_s42,11,optics,expert,0.654987096786499,0.0007945203105919063,0.00632926435150448,0.2681315541267395
20260908_v3_formal_cifar_direct_s42,11,optics,global,0.299513041973114,0.001210560672916472,0.001898779305451344,0.49021345376968384
20260908_v3_formal_cifar_direct_s42,11,optics,readout,0.0,0.0,0.0,0.0
20260908_v3_formal_cifar_direct_s42,12,optics,electronic,0.0,0.0,0.0,0.0
20260908_v3_formal_cifar_direct_s42,12,optics,fusion,0.0,0.0,0.0,0.0
20260908_v3_formal_cifar_direct_s42,12,optics,router,0.10943978279829025,5.300563861965202e-05,0.0023001093371217874,0.07404696196317673
20260908_v3_formal_cifar_direct_s42,12,optics,expert,0.486557275056839,0.0005887922598049045,0.004600218674243575,0.2532725930213928
20260908_v3_formal_cifar_direct_s42,12,optics,global,0.22335104644298553,0.000828079879283905,0.0013800656022730723,0.4866219162940979
20260908_v3_formal_cifar_direct_s42,12,optics,readout,0.0,0.0,0.0,0.0
20260908_v3_formal_cifar_direct_s42,13,joint,electronic,0.006692815572023392,9.115697321249172e-05,5e-06,10.91325855255127
20260908_v3_formal_cifar_direct_s42,13,joint,fusion,0.0,0.0,0.0,0.0
20260908_v3_formal_cifar_direct_s42,13,joint,router,0.027392089366912842,1.3266816495161038e-05,0.0005,0.04308624938130379
20260908_v3_formal_cifar_direct_s42,13,joint,expert,0.12044695019721985,0.00014547289174515754,0.001,0.22887632250785828
20260908_v3_formal_cifar_direct_s42,13,joint,global,0.05221430957317352,0.00018184493819717318,0.00030000000000000003,0.4380173981189728
20260908_v3_formal_cifar_direct_s42,13,joint,readout,0.000796936103142798,3.999616819783114e-05,5e-06,4.2989959716796875
20260908_v3_formal_cifar_direct_s42,14,joint,electronic,0.030622635036706924,0.00041689167846925557,9.93917484850684e-05,5.034292221069336
20260908_v3_formal_cifar_direct_s42,14,joint,fusion,0.0,0.0,0.0,0.0
20260908_v3_formal_cifar_direct_s42,14,joint,router,0.3347838819026947,0.00016213866183534265,0.00993917484850684,0.033208295702934265
20260908_v3_formal_cifar_direct_s42,14,joint,expert,1.4851058721542358,0.0017756687011569738,0.01987834969701368,0.10204186290502548
20260908_v3_formal_cifar_direct_s42,14,joint,global,0.8299547433853149,0.0022866178769618273,0.005963504909104104,0.18666379153728485
20260908_v3_formal_cifar_direct_s42,14,joint,readout,0.0032217586413025856,0.00016169881564565003,9.93917484850684e-05,1.776300072669983
20260908_v3_formal_cifar_direct_s42,15,joint,electronic,0.035848468542099,0.0004876490856986493,9.75854924355444e-05,7.183539867401123
20260908_v3_formal_cifar_direct_s42,15,joint,fusion,0.0,0.0,0.0,0.0
20260908_v3_formal_cifar_direct_s42,15,joint,router,0.2948471009731293,0.0001427905954187736,0.00975854924355444,0.05329376086592674
20260908_v3_formal_cifar_direct_s42,15,joint,expert,1.8454335927963257,0.002184324897825718,0.01951709848710888,0.12548121809959412
20260908_v3_formal_cifar_direct_s42,15,joint,global,0.7935500144958496,0.001813568640500307,0.005855129546132664,0.26268070936203003
20260908_v3_formal_cifar_direct_s42,15,joint,readout,0.004366442561149597,0.0002191667299484834,9.75854924355444e-05,2.9177186489105225
20260908_v3_formal_cifar_direct_s42,16,joint,electronic,0.02912253886461258,0.00039588584331795573,9.463616475035189e-05,5.736101150512695
20260908_v3_formal_cifar_direct_s42,16,joint,fusion,0.0,0.0,0.0,0.0
20260908_v3_formal_cifar_direct_s42,16,joint,router,0.3037737011909485,0.00014710321556776762,0.009463616475035188,0.022450776770710945
20260908_v3_formal_cifar_direct_s42,16,joint,expert,2.0789029598236084,0.0024365787394344807,0.018927232950070375,0.10870777815580368
20260908_v3_formal_cifar_direct_s42,16,joint,global,0.7610990405082703,0.0015228826086968184,0.005678169885021113,0.20951835811138153
20260908_v3_formal_cifar_direct_s42,16,joint,readout,0.003443413646891713,0.00017284708155784756,9.463616475035189e-05,3.0477030277252197
20260908_v3_formal_cifar_direct_s42,17,joint,electronic,0.030134746804833412,0.00040932485717348754,9.063346208111827e-05,5.8027753829956055
20260908_v3_formal_cifar_direct_s42,17,joint,fusion,0.0,0.0,0.0,0.0
20260908_v3_formal_cifar_direct_s42,17,joint,router,0.36194854974746704,0.00017526208830531687,0.009063346208111826,0.04360787570476532
20260908_v3_formal_cifar_direct_s42,17,joint,expert,1.9465175867080688,0.002261021640151739,0.018126692416223653,0.11175403743982315
20260908_v3_formal_cifar_direct_s42,17,joint,global,0.6671283841133118,0.001213824492879212,0.005438007724867096,0.22492434084415436
20260908_v3_formal_cifar_direct_s42,17,joint,readout,0.002793779829517007,0.0001402464258717373,9.063346208111827e-05,3.051112651824951
20260908_v3_formal_cifar_direct_s42,18,joint,electronic,0.026104338467121124,0.00035436355392448604,8.569911692596261e-05,6.7318525314331055
20260908_v3_formal_cifar_direct_s42,18,joint,fusion,0.0,0.0,0.0,0.0
20260908_v3_formal_cifar_direct_s42,18,joint,router,0.30240535736083984,0.000146422884427011,0.008569911692596261,0.04140238091349602
20260908_v3_formal_cifar_direct_s42,18,joint,expert,2.386592149734497,0.002747388556599617,0.017139823385192522,0.12403438240289688
20260908_v3_formal_cifar_direct_s42,18,joint,global,0.7057003974914551,0.0011982963187620044,0.005141947015557757,0.24564039707183838
20260908_v3_formal_cifar_direct_s42,18,joint,readout,0.002439254429191351,0.0001224578300025314,8.569911692596261e-05,2.405797004699707
20260908_v3_formal_cifar_direct_s42,19,joint,electronic,0.024699877947568893,0.00033511247602291405,7.998319543067591e-05,7.045110702514648
20260908_v3_formal_cifar_direct_s42,19,joint,fusion,0.0,0.0,0.0,0.0
20260908_v3_formal_cifar_direct_s42,19,joint,router,0.27710801362991333,0.00013416535512078553,0.007998319543067591,0.04740678891539574
20260908_v3_formal_cifar_direct_s42,19,joint,expert,1.9034236669540405,0.002172008389607072,0.015996639086135182,0.10685072094202042
20260908_v3_formal_cifar_direct_s42,19,joint,global,0.6115785837173462,0.0009865999454632401,0.004798991725840555,0.20794525742530823
20260908_v3_formal_cifar_direct_s42,19,joint,readout,0.002324853790923953,0.00011671940592350438,7.998319543067591e-05,4.5440568923950195
20260908_v3_formal_cifar_direct_s42,20,joint,electronic,0.022140726447105408,0.00030025295563973486,7.365953349069506e-05,6.733981132507324
20260908_v3_formal_cifar_direct_s42,20,joint,fusion,0.0,0.0,0.0,0.0
20260908_v3_formal_cifar_direct_s42,20,joint,router,0.2805352509021759,0.00013581206439994276,0.007365953349069505,0.04076484963297844
20260908_v3_formal_cifar_direct_s42,20,joint,expert,1.4839483499526978,0.0016819215379655361,0.01473190669813901,0.1163947731256485
20260908_v3_formal_cifar_direct_s42,20,joint,global,0.46777406334877014,0.0007258220575749874,0.004419572009441703,0.23970484733581543
20260908_v3_formal_cifar_direct_s42,20,joint,readout,0.002309375209733844,0.00011594172974582762,7.365953349069506e-05,2.4847230911254883
20260908_v3_formal_cifar_direct_s42,21,joint,electronic,0.022186409682035446,0.00030072859954088926,6.69204499537655e-05,7.6371846199035645
20260908_v3_formal_cifar_direct_s42,21,joint,fusion,0.0,0.0,0.0,0.0
20260908_v3_formal_cifar_direct_s42,21,joint,router,0.3717111051082611,0.00017993951041717082,0.00669204499537655,0.05214163661003113
20260908_v3_formal_cifar_direct_s42,21,joint,expert,1.9575506448745728,0.002206724137067795,0.0133840899907531,0.13985149562358856
20260908_v3_formal_cifar_direct_s42,21,joint,global,0.6165159344673157,0.0009286648128181696,0.00401522699722593,0.26894962787628174
20260908_v3_formal_cifar_direct_s42,21,joint,readout,0.002508077071979642,0.00012591498671099544,6.69204499537655e-05,3.138638496398926
20260908_v3_formal_cifar_direct_s42,22,joint,electronic,0.016374990344047546,0.0002218715671915561,5.997089770841662e-05,9.584022521972656
20260908_v3_formal_cifar_direct_s42,22,joint,fusion,0.0,0.0,0.0,0.0
20260908_v3_formal_cifar_direct_s42,22,joint,router,0.29060742259025574,0.0001406700030202046,0.005997089770841662,0.08171570301055908
20260908_v3_formal_cifar_direct_s42,22,joint,expert,1.6621339321136475,0.0018653185106813908,0.011994179541683324,0.14989818632602692
20260908_v3_formal_cifar_direct_s42,22,joint,global,0.520526647567749,0.0007661914569325745,0.003598253862504997,0.2872859239578247
20260908_v3_formal_cifar_direct_s42,22,joint,readout,0.0017395536415278912,8.733540016692132e-05,5.997089770841662e-05,6.829471588134766
20260908_v3_formal_cifar_direct_s42,23,joint,electronic,0.016685500741004944,0.00022600125521421432,5.302223053871491e-05,7.328248500823975
20260908_v3_formal_cifar_direct_s42,23,joint,fusion,0.0,0.0,0.0,0.0
20260908_v3_formal_cifar_direct_s42,23,joint,router,0.3459393382072449,0.00016744514869060367,0.0053022230538714915,0.06372193247079849
20260908_v3_formal_cifar_direct_s42,23,joint,expert,1.4807339906692505,0.0016550221480429173,0.010604446107742983,0.13545042276382446
20260908_v3_formal_cifar_direct_s42,23,joint,global,0.4381270706653595,0.000633229676168412,0.003181333832322895,0.27321428060531616
20260908_v3_formal_cifar_direct_s42,23,joint,readout,0.0022361783776432276,0.00011227028880966827,5.302223053871491e-05,3.70627498626709
20260908_v3_formal_cifar_direct_s42,24,joint,electronic,0.013132249005138874,0.00017781826318241656,4.628577531129671e-05,8.250107765197754
20260908_v3_formal_cifar_direct_s42,24,joint,fusion,0.0,0.0,0.0,0.0
20260908_v3_formal_cifar_direct_s42,24,joint,router,0.263808012008667,0.00012768132728524506,0.0046285775311296715,0.07264731079339981
20260908_v3_formal_cifar_direct_s42,24,joint,expert,1.1873221397399902,0.0013226969167590141,0.009257155062259343,0.12282757461071014
20260908_v3_formal_cifar_direct_s42,24,joint,global,0.3629429042339325,0.0005170989315956831,0.002777146518677803,0.23786379396915436
20260908_v3_formal_cifar_direct_s42,24,joint,readout,0.0013058669865131378,6.556387234013528e-05,4.628577531129671e-05,2.4275195598602295
20260908_v3_formal_cifar_direct_s42,25,joint,electronic,0.011718402616679668,0.00015863392036408186,3.996640498102932e-05,8.505398750305176
20260908_v3_formal_cifar_direct_s42,25,joint,fusion,0.0,0.0,0.0,0.0
20260908_v3_formal_cifar_direct_s42,25,joint,router,0.22544819116592407,0.00010911482240771875,0.003996640498102932,0.051879823207855225
20260908_v3_formal_cifar_direct_s42,25,joint,expert,1.2265700101852417,0.0013624002458527684,0.007993280996205865,0.15381121635437012
20260908_v3_formal_cifar_direct_s42,25,joint,global,0.3737737834453583,0.0005264781648293138,0.0023979842988617593,0.30005258321762085
20260908_v3_formal_cifar_direct_s42,25,joint,readout,0.0009102343465201557,4.570086093735881e-05,3.996640498102932e-05,7.832272052764893
20260908_v3_formal_cifar_direct_s42,26,joint,electronic,0.010174917988479137,0.0001377169246552512,3.4256307876752716e-05,10.855209350585938
20260908_v3_formal_cifar_direct_s42,26,joint,fusion,0.0,0.0,0.0,0.0
20260908_v3_formal_cifar_direct_s42,26,joint,router,0.1957635134458542,9.474377293372527e-05,0.003425630787675271,0.0847439244389534
20260908_v3_formal_cifar_direct_s42,26,joint,expert,0.9409076571464539,0.0010426255175843835,0.006851261575350542,0.1759619265794754
20260908_v3_formal_cifar_direct_s42,26,joint,global,0.28776484727859497,0.0004016208404209465,0.0020553784726051625,0.3535778522491455
20260908_v3_formal_cifar_direct_s42,26,joint,readout,0.001485148910433054,7.456840830855072e-05,3.4256307876752716e-05,5.40212345123291
20260908_v3_formal_cifar_direct_s42,27,joint,electronic,0.008662142790853977,0.00011722378258127719,2.932914275917099e-05,9.728055000305176
20260908_v3_formal_cifar_direct_s42,27,joint,fusion,0.0,0.0,0.0,0.0
20260908_v3_formal_cifar_direct_s42,27,joint,router,0.1517525166273117,7.344123150687665e-05,0.002932914275917099,0.062138158828020096
20260908_v3_formal_cifar_direct_s42,27,joint,expert,0.8653092384338379,0.0009572101989760995,0.005865828551834198,0.16224056482315063
20260908_v3_formal_cifar_direct_s42,27,joint,global,0.2572270631790161,0.00035635405220091343,0.0017597485655502594,0.30623164772987366
20260908_v3_formal_cifar_direct_s42,27,joint,readout,0.0008112445357255638,4.073282616445795e-05,2.932914275917099e-05,5.105152130126953
20260908_v3_formal_cifar_direct_s42,28,joint,electronic,0.006862732581794262,9.287160355597734e-05,2.533475741063855e-05,16.35976219177246
20260908_v3_formal_cifar_direct_s42,28,joint,fusion,0.0,0.0,0.0,0.0
20260908_v3_formal_cifar_direct_s42,28,joint,router,0.14682193100452423,7.105443364707753e-05,0.0025334757410638547,0.09040232747793198
20260908_v3_formal_cifar_direct_s42,28,joint,expert,0.7266534566879272,0.0008027171134017408,0.005066951482127709,0.24079324305057526
20260908_v3_formal_cifar_direct_s42,28,joint,global,0.2182367742061615,0.0003005189646501094,0.001520085444638313,0.4564720392227173
20260908_v3_formal_cifar_direct_s42,28,joint,readout,0.0007732812664471567,3.882692544721067e-05,2.533475741063855e-05,8.902520179748535
20260908_v3_formal_cifar_direct_s42,29,joint,electronic,0.006764445453882217,9.153553401120007e-05,2.239463137812864e-05,9.975014686584473
20260908_v3_formal_cifar_direct_s42,29,joint,fusion,0.0,0.0,0.0,0.0
20260908_v3_formal_cifar_direct_s42,29,joint,router,0.11141325533390045,5.3918160119792446e-05,0.0022394631378128637,0.07053742557764053
20260908_v3_formal_cifar_direct_s42,29,joint,expert,0.6437641382217407,0.0007103526731953025,0.004478926275625727,0.18328367173671722
20260908_v3_formal_cifar_direct_s42,29,joint,global,0.18991714715957642,0.0002601979940664023,0.0013436778826877182,0.3428203761577606
20260908_v3_formal_cifar_direct_s42,29,joint,readout,0.0006381089915521443,3.204014865332283e-05,2.239463137812864e-05,6.750837326049805
20260908_v3_formal_cifar_direct_s42,30,joint,electronic,0.0062212515622377396,8.417472417932004e-05,2.0598181467309473e-05,12.702200889587402
20260908_v3_formal_cifar_direct_s42,30,joint,fusion,0.0,0.0,0.0,0.0
20260908_v3_formal_cifar_direct_s42,30,joint,router,0.1296643167734146,6.274953921092674e-05,0.002059818146730947,0.07854396849870682
20260908_v3_formal_cifar_direct_s42,30,joint,expert,0.6462292075157166,0.0007124356343410909,0.004119636293461894,0.2297351211309433
20260908_v3_formal_cifar_direct_s42,30,joint,global,0.1916135549545288,0.00026138187968172133,0.0012358908880385682,0.4490189254283905
20260908_v3_formal_cifar_direct_s42,30,joint,readout,0.0007994588231667876,4.01418874389492e-05,2.0598181467309473e-05,10.319008827209473
20260908_v3_formal_cifar_qwen_frozen_s42,1,experts,electronic,0.0,0.0,0.0,0.0
20260908_v3_formal_cifar_qwen_frozen_s42,1,experts,fusion,0.0,0.0,0.0,0.0
20260908_v3_formal_cifar_qwen_frozen_s42,1,experts,router,0.0,0.0,0.0,0.0
20260908_v3_formal_cifar_qwen_frozen_s42,1,experts,global,0.0,0.0,0.0,0.0
20260908_v3_formal_cifar_qwen_frozen_s42,1,experts,readout,0.0,0.0,0.0,0.0
20260908_v3_formal_cifar_qwen_frozen_s42,1,experts,generator_decoder,0.007788856979459524,0.00026860920479521155,1.4999999999999999e-05,1.614376425743103
20260908_v3_formal_cifar_qwen_frozen_s42,2,experts,electronic,0.0,0.0,0.0,0.0
20260908_v3_formal_cifar_qwen_frozen_s42,2,experts,fusion,0.0,0.0,0.0,0.0
20260908_v3_formal_cifar_qwen_frozen_s42,2,experts,router,0.0,0.0,0.0,0.0
20260908_v3_formal_cifar_qwen_frozen_s42,2,experts,global,0.0,0.0,0.0,0.0
20260908_v3_formal_cifar_qwen_frozen_s42,2,experts,readout,0.0,0.0,0.0,0.0
20260908_v3_formal_cifar_qwen_frozen_s42,2,experts,generator_decoder,0.035245630890131,0.0011911691399291158,0.00026471356979582936,4.462596416473389
20260908_v3_formal_cifar_qwen_frozen_s42,3,experts,electronic,0.0,0.0,0.0,0.0
20260908_v3_formal_cifar_qwen_frozen_s42,3,experts,fusion,0.0,0.0,0.0,0.0
20260908_v3_formal_cifar_qwen_frozen_s42,3,experts,router,0.0,0.0,0.0,0.0
20260908_v3_formal_cifar_qwen_frozen_s42,3,experts,global,0.0,0.0,0.0,0.0
20260908_v3_formal_cifar_qwen_frozen_s42,3,experts,readout,0.0,0.0,0.0,0.0
20260908_v3_formal_cifar_qwen_frozen_s42,3,experts,generator_decoder,0.019864842295646667,0.0006722854450345039,0.00017960648179254758,5.113508224487305
20260908_v3_formal_cifar_qwen_frozen_s42,4,experts,electronic,0.0,0.0,0.0,0.0
20260908_v3_formal_cifar_qwen_frozen_s42,4,experts,fusion,0.0,0.0,0.0,0.0
20260908_v3_formal_cifar_qwen_frozen_s42,4,experts,router,0.0,0.0,0.0,0.0
20260908_v3_formal_cifar_qwen_frozen_s42,4,experts,global,0.0,0.0,0.0,0.0
20260908_v3_formal_cifar_qwen_frozen_s42,4,experts,readout,0.0,0.0,0.0,0.0
20260908_v3_formal_cifar_qwen_frozen_s42,4,experts,generator_decoder,0.009648295119404793,0.00032640431891195476,9.473082466862147e-05,5.6199164390563965
20260908_v3_formal_cifar_qwen_frozen_s42,5,optics,electronic,0.0,0.0,0.0,0.0
20260908_v3_formal_cifar_qwen_frozen_s42,5,optics,fusion,0.0,0.0,0.0,0.0
20260908_v3_formal_cifar_qwen_frozen_s42,5,optics,router,0.10661117732524872,5.16755499120336e-05,0.0005,0.060939278453588486
20260908_v3_formal_cifar_qwen_frozen_s42,5,optics,global,0.10547833144664764,0.0026942244730889797,0.00030000000000000003,1.1472489833831787
20260908_v3_formal_cifar_qwen_frozen_s42,5,optics,readout,0.0,0.0,0.0,0.0
20260908_v3_formal_cifar_qwen_frozen_s42,5,optics,generator_decoder,0.0015217316104099154,5.147244519321248e-05,1.4999999999999999e-05,6.043591022491455
20260908_v3_formal_cifar_qwen_frozen_s42,6,optics,electronic,0.0,0.0,0.0,0.0
20260908_v3_formal_cifar_qwen_frozen_s42,6,optics,fusion,0.0,0.0,0.0,0.0
20260908_v3_formal_cifar_qwen_frozen_s42,6,optics,router,0.5012260675430298,0.0002429111918900162,0.009694891002992924,0.06541357189416885
20260908_v3_formal_cifar_qwen_frozen_s42,6,optics,global,0.8950455188751221,0.014559201896190643,0.005816934601795755,0.7222787141799927
20260908_v3_formal_cifar_qwen_frozen_s42,6,optics,readout,0.0,0.0,0.0,0.0
20260908_v3_formal_cifar_qwen_frozen_s42,6,optics,generator_decoder,0.07122698426246643,0.0024003908038139343,0.0002908467300897877,4.164139747619629
20260908_v3_formal_cifar_qwen_frozen_s42,7,optics,electronic,0.0,0.0,0.0,0.0
20260908_v3_formal_cifar_qwen_frozen_s42,7,optics,fusion,0.0,0.0,0.0,0.0
20260908_v3_formal_cifar_qwen_frozen_s42,7,optics,router,0.34549394249916077,0.00016739559941925108,0.008826109761999027,0.0577564537525177
20260908_v3_formal_cifar_qwen_frozen_s42,7,optics,global,0.7047090530395508,0.007707246579229832,0.005295665857199415,0.4917934238910675
20260908_v3_formal_cifar_qwen_frozen_s42,7,optics,readout,0.0,0.0,0.0,0.0
20260908_v3_formal_cifar_qwen_frozen_s42,7,optics,generator_decoder,0.046183690428733826,0.0015518785221502185,0.00026478329285997075,3.0920495986938477
20260908_v3_formal_cifar_qwen_frozen_s42,8,optics,electronic,0.0,0.0,0.0,0.0
20260908_v3_formal_cifar_qwen_frozen_s42,8,optics,fusion,0.0,0.0,0.0,0.0
20260908_v3_formal_cifar_qwen_frozen_s42,8,optics,router,0.46563783288002014,0.00022557769261766225,0.00752619276354741,0.050338346511125565
20260908_v3_formal_cifar_qwen_frozen_s42,8,optics,global,0.6830020546913147,0.005165956914424896,0.004515715658128446,0.5466144680976868
20260908_v3_formal_cifar_qwen_frozen_s42,8,optics,readout,0.0,0.0,0.0,0.0
20260908_v3_formal_cifar_qwen_frozen_s42,8,optics,generator_decoder,0.025981498882174492,0.0008721493068151176,0.00022578578290642228,4.266976356506348
20260908_v3_formal_cifar_qwen_frozen_s42,9,optics,electronic,0.0,0.0,0.0,0.0
20260908_v3_formal_cifar_qwen_frozen_s42,9,optics,fusion,0.0,0.0,0.0,0.0
20260908_v3_formal_cifar_qwen_frozen_s42,9,optics,router,0.4035053849220276,0.0001954606850631535,0.005993448193433091,0.09163391590118408
20260908_v3_formal_cifar_qwen_frozen_s42,9,optics,global,0.5255954265594482,0.0029721404425799847,0.0035960689160598547,0.4846903681755066
20260908_v3_formal_cifar_qwen_frozen_s42,9,optics,readout,0.0,0.0,0.0,0.0
20260908_v3_formal_cifar_qwen_frozen_s42,9,optics,generator_decoder,0.02102791517972946,0.0007049777777865529,0.00017980344580299272,3.4368667602539062
20260908_v3_formal_cifar_qwen_frozen_s42,10,optics,electronic,0.0,0.0,0.0,0.0
20260908_v3_formal_cifar_qwen_frozen_s42,10,optics,fusion,0.0,0.0,0.0,0.0
20260908_v3_formal_cifar_qwen_frozen_s42,10,optics,router,0.24257917702198029,0.00011749899567803368,0.004461703130883879,0.07990340143442154
20260908_v3_formal_cifar_qwen_frozen_s42,10,optics,global,0.4064999520778656,0.0018771931063383818,0.0026770218785303274,0.43719181418418884
20260908_v3_formal_cifar_qwen_frozen_s42,10,optics,readout,0.0,0.0,0.0,0.0
20260908_v3_formal_cifar_qwen_frozen_s42,10,optics,generator_decoder,0.014923371374607086,0.000499769754242152,0.00013385109392651635,3.101417303085327
20260908_v3_formal_cifar_qwen_frozen_s42,11,optics,electronic,0.0,0.0,0.0,0.0
20260908_v3_formal_cifar_qwen_frozen_s42,11,optics,fusion,0.0,0.0,0.0,0.0
20260908_v3_formal_cifar_qwen_frozen_s42,11,optics,router,0.11373092979192734,5.508736285264604e-05,0.00316463217575224,0.0736030787229538
20260908_v3_formal_cifar_qwen_frozen_s42,11,optics,global,0.305941641330719,0.0012374030193313956,0.001898779305451344,0.6364546418190002
20260908_v3_formal_cifar_qwen_frozen_s42,11,optics,readout,0.0,0.0,0.0,0.0
20260908_v3_formal_cifar_qwen_frozen_s42,11,optics,generator_decoder,0.010634700767695904,0.00035616857348941267,9.493896527256719e-05,4.576241970062256
20260908_v3_formal_cifar_qwen_frozen_s42,12,optics,electronic,0.0,0.0,0.0,0.0
20260908_v3_formal_cifar_qwen_frozen_s42,12,optics,fusion,0.0,0.0,0.0,0.0
20260908_v3_formal_cifar_qwen_frozen_s42,12,optics,router,0.13403911888599396,6.492368265753612e-05,0.0023001093371217874,0.08181962370872498
20260908_v3_formal_cifar_qwen_frozen_s42,12,optics,global,0.21534883975982666,0.0007993484032340348,0.0013800656022730723,0.5720764994621277
20260908_v3_formal_cifar_qwen_frozen_s42,12,optics,readout,0.0,0.0,0.0,0.0
20260908_v3_formal_cifar_qwen_frozen_s42,12,optics,generator_decoder,0.006682712584733963,0.00022366686607711017,6.900328011365362e-05,3.799863815307617
20260908_v3_formal_cifar_qwen_frozen_s42,13,joint,electronic,0.006688802037388086,9.110230894293636e-05,5e-06,15.108879089355469
20260908_v3_formal_cifar_qwen_frozen_s42,13,joint,fusion,0.0,0.0,0.0,0.0
20260908_v3_formal_cifar_qwen_frozen_s42,13,joint,router,0.018560055643320084,8.989683010440785e-06,0.0005,0.06750556826591492
20260908_v3_formal_cifar_qwen_frozen_s42,13,joint,global,0.049219608306884766,0.00017162173753604293,0.00030000000000000003,0.5619917511940002
20260908_v3_formal_cifar_qwen_frozen_s42,13,joint,readout,0.0007969359867274761,3.9996160921873525e-05,5e-06,3.479328155517578
20260908_v3_formal_cifar_qwen_frozen_s42,13,joint,generator_decoder,0.0018341261893510818,6.137036689324304e-05,1.4999999999999999e-05,3.861271381378174
20260908_v3_formal_cifar_qwen_frozen_s42,14,joint,electronic,0.029306666925549507,0.0003990877594333142,9.93917484850684e-05,6.747903347015381
20260908_v3_formal_cifar_qwen_frozen_s42,14,joint,fusion,0.0,0.0,0.0,0.0
20260908_v3_formal_cifar_qwen_frozen_s42,14,joint,router,0.22290264070034027,0.00010795806156238541,0.00993917484850684,0.03245504945516586
20260908_v3_formal_cifar_qwen_frozen_s42,14,joint,global,0.8173350691795349,0.002256210194900632,0.005963504909104104,0.2577279806137085
20260908_v3_formal_cifar_qwen_frozen_s42,14,joint,readout,0.0029326945077627897,0.00014718704915139824,9.93917484850684e-05,1.77275812625885
20260908_v3_formal_cifar_qwen_frozen_s42,14,joint,generator_decoder,0.041610900312662125,0.0013920877827331424,0.0002981752454552052,1.849198341369629
20260908_v3_formal_cifar_qwen_frozen_s42,15,joint,electronic,0.03564467281103134,0.0004850919358432293,9.75854924355444e-05,7.522863388061523
20260908_v3_formal_cifar_qwen_frozen_s42,15,joint,fusion,0.0,0.0,0.0,0.0
20260908_v3_formal_cifar_qwen_frozen_s42,15,joint,router,0.21470384299755096,0.0001039823837345466,0.00975854924355444,0.06420861184597015
20260908_v3_formal_cifar_qwen_frozen_s42,15,joint,global,0.722665548324585,0.0016549162101000547,0.005855129546132664,0.28400665521621704
20260908_v3_formal_cifar_qwen_frozen_s42,15,joint,readout,0.004384297877550125,0.00022005147184245288,9.75854924355444e-05,2.8309969902038574
20260908_v3_formal_cifar_qwen_frozen_s42,15,joint,generator_decoder,0.05039731413125992,0.0016790739027783275,0.00029275647730663316,1.685329794883728
20260908_v3_formal_cifar_qwen_frozen_s42,16,joint,electronic,0.03183148801326752,0.00043282689875923097,9.463616475035189e-05,8.60569953918457
20260908_v3_formal_cifar_qwen_frozen_s42,16,joint,fusion,0.0,0.0,0.0,0.0
20260908_v3_formal_cifar_qwen_frozen_s42,16,joint,router,0.29795414209365845,0.00014429491420742124,0.009463616475035188,0.04622775688767433
20260908_v3_formal_cifar_qwen_frozen_s42,16,joint,global,0.7820899486541748,0.0015675105387344956,0.005678169885021113,0.30182743072509766
20260908_v3_formal_cifar_qwen_frozen_s42,16,joint,readout,0.0033435318619012833,0.00016781430167611688,9.463616475035189e-05,3.047659158706665
20260908_v3_formal_cifar_qwen_frozen_s42,16,joint,generator_decoder,0.038550931960344315,0.0012815723894163966,0.00028390849425105564,2.18359375
20260908_v3_formal_cifar_qwen_frozen_s42,17,joint,electronic,0.026386547833681107,0.00035859295167028904,9.063346208111827e-05,7.315163612365723
20260908_v3_formal_cifar_qwen_frozen_s42,17,joint,fusion,0.0,0.0,0.0,0.0
20260908_v3_formal_cifar_qwen_frozen_s42,17,joint,router,0.3172091245651245,0.00015361550322268158,0.009063346208111826,0.06309252232313156
20260908_v3_formal_cifar_qwen_frozen_s42,17,joint,global,0.6801127195358276,0.0012391963973641396,0.005438007724867096,0.26826825737953186
20260908_v3_formal_cifar_qwen_frozen_s42,17,joint,readout,0.0022717935498803854,0.00011402583913877606,9.063346208111827e-05,3.698026657104492
20260908_v3_formal_cifar_qwen_frozen_s42,17,joint,generator_decoder,0.04835566133260727,0.001595781184732914,0.0002719003862433548,1.3991496562957764
20260908_v3_formal_cifar_qwen_frozen_s42,18,joint,electronic,0.027060778811573982,0.00036750445724464953,8.569911692596261e-05,8.449020385742188
20260908_v3_formal_cifar_qwen_frozen_s42,18,joint,fusion,0.0,0.0,0.0,0.0
20260908_v3_formal_cifar_qwen_frozen_s42,18,joint,router,0.3026137053966522,0.00014654074038844556,0.008569911692596261,0.05586820840835571
20260908_v3_formal_cifar_qwen_frozen_s42,18,joint,global,0.7180349826812744,0.0012207773979753256,0.005141947015557757,0.3013008236885071
20260908_v3_formal_cifar_qwen_frozen_s42,18,joint,readout,0.0028461567126214504,0.00014286045916378498,8.569911692596261e-05,3.0803229808807373
20260908_v3_formal_cifar_qwen_frozen_s42,18,joint,generator_decoder,0.044851142913103104,0.0014795062597841024,0.0002570973507778878,1.7484225034713745
20260908_v3_formal_cifar_qwen_frozen_s42,19,joint,electronic,0.025386163964867592,0.0003446393529884517,7.998319543067591e-05,8.130546569824219
20260908_v3_formal_cifar_qwen_frozen_s42,19,joint,fusion,0.0,0.0,0.0,0.0
20260908_v3_formal_cifar_qwen_frozen_s42,19,joint,router,0.30874109268188477,0.00014950736658647656,0.007998319543067591,0.058966439217329025
20260908_v3_formal_cifar_qwen_frozen_s42,19,joint,global,0.5088167190551758,0.0008217807626351714,0.004798991725840555,0.25612789392471313
20260908_v3_formal_cifar_qwen_frozen_s42,19,joint,readout,0.003105092328041792,0.00015585179789923131,7.998319543067591e-05,4.815823078155518
20260908_v3_formal_cifar_qwen_frozen_s42,19,joint,generator_decoder,0.03553174436092377,0.001165325054898858,0.00023994958629202772,1.3896838426589966
20260908_v3_formal_cifar_qwen_frozen_s42,20,joint,electronic,0.023199139162898064,0.0003147429379168898,7.365953349069506e-05,7.159778594970703
20260908_v3_formal_cifar_qwen_frozen_s42,20,joint,fusion,0.0,0.0,0.0,0.0
20260908_v3_formal_cifar_qwen_frozen_s42,20,joint,router,0.18206772208213806,8.815917681204155e-05,0.007365953349069505,0.051205359399318695
20260908_v3_formal_cifar_qwen_frozen_s42,20,joint,global,0.4285758435726166,0.0006657286430709064,0.004419572009441703,0.23525717854499817
20260908_v3_formal_cifar_qwen_frozen_s42,20,joint,readout,0.0029002109076827765,0.00014556608221028,7.365953349069506e-05,2.2590975761413574
20260908_v3_formal_cifar_qwen_frozen_s42,20,joint,generator_decoder,0.031824689358472824,0.0010416179429739714,0.00022097860047208512,1.3666796684265137
20260908_v3_formal_cifar_qwen_frozen_s42,21,joint,electronic,0.0232226625084877,0.0003149354306515306,6.69204499537655e-05,8.445663452148438
20260908_v3_formal_cifar_qwen_frozen_s42,21,joint,fusion,0.0,0.0,0.0,0.0
20260908_v3_formal_cifar_qwen_frozen_s42,21,joint,router,0.29052820801734924,0.00014067089068703353,0.00669204499537655,0.06680364161729813
20260908_v3_formal_cifar_qwen_frozen_s42,21,joint,global,0.5037315487861633,0.0007594318594783545,0.00401522699722593,0.28099295496940613
20260908_v3_formal_cifar_qwen_frozen_s42,21,joint,readout,0.0019409485394135118,9.742150723468512e-05,6.69204499537655e-05,3.303392171859741
20260908_v3_formal_cifar_qwen_frozen_s42,21,joint,generator_decoder,0.030000440776348114,0.0009809134062379599,0.00020076134986129647,1.636255145072937
20260908_v3_formal_cifar_qwen_frozen_s42,22,joint,electronic,0.019337238743901253,0.0002621523744892329,5.997089770841662e-05,9.079479217529297
20260908_v3_formal_cifar_qwen_frozen_s42,22,joint,fusion,0.0,0.0,0.0,0.0
20260908_v3_formal_cifar_qwen_frozen_s42,22,joint,router,0.2846100330352783,0.0001377962325932458,0.005997089770841662,0.07597903162240982
20260908_v3_formal_cifar_qwen_frozen_s42,22,joint,global,0.5429556965827942,0.0007996881613507867,0.003598253862504997,0.2951427400112152
20260908_v3_formal_cifar_qwen_frozen_s42,22,joint,readout,0.0022778823040425777,0.00011433619511080906,5.997089770841662e-05,3.306027412414551
20260908_v3_formal_cifar_qwen_frozen_s42,22,joint,generator_decoder,0.030317967757582664,0.0009905258193612099,0.00017991269312524983,1.7943440675735474
20260908_v3_formal_cifar_qwen_frozen_s42,23,joint,electronic,0.01703917793929577,0.00023092195624485612,5.302223053871491e-05,7.4134135246276855
20260908_v3_formal_cifar_qwen_frozen_s42,23,joint,fusion,0.0,0.0,0.0,0.0
20260908_v3_formal_cifar_qwen_frozen_s42,23,joint,router,0.1868171989917755,9.044439502758905e-05,0.0053022230538714915,0.045835450291633606
20260908_v3_formal_cifar_qwen_frozen_s42,23,joint,global,0.41602611541748047,0.0006016511470079422,0.003181333832322895,0.2613428831100464
20260908_v3_formal_cifar_qwen_frozen_s42,23,joint,readout,0.0020334222353994846,0.00010206701699644327,5.302223053871491e-05,2.7749273777008057
20260908_v3_formal_cifar_qwen_frozen_s42,23,joint,generator_decoder,0.028735747560858727,0.0009340722463093698,0.00015906669161614472,1.4077916145324707
20260908_v3_formal_cifar_qwen_frozen_s42,24,joint,electronic,0.013008393347263336,0.0001762357132975012,4.628577531129671e-05,8.68808650970459
20260908_v3_formal_cifar_qwen_frozen_s42,24,joint,fusion,0.0,0.0,0.0,0.0
20260908_v3_formal_cifar_qwen_frozen_s42,24,joint,router,0.17216941714286804,8.334887388627976e-05,0.0046285775311296715,0.06079256907105446
20260908_v3_formal_cifar_qwen_frozen_s42,24,joint,global,0.3866545557975769,0.0005510995397344232,0.002777146518677803,0.28404760360717773
20260908_v3_formal_cifar_qwen_frozen_s42,24,joint,readout,0.0016245722072198987,8.154776878654957e-05,4.628577531129671e-05,2.9146335124969482
20260908_v3_formal_cifar_qwen_frozen_s42,24,joint,generator_decoder,0.018807051703333855,0.000611211871728301,0.00013885732593389014,1.685115933418274
20260908_v3_formal_cifar_qwen_frozen_s42,25,joint,electronic,0.011017827317118645,0.00014924813876859844,3.996640498102932e-05,11.77798080444336
20260908_v3_formal_cifar_qwen_frozen_s42,25,joint,fusion,0.0,0.0,0.0,0.0
20260908_v3_formal_cifar_qwen_frozen_s42,25,joint,router,0.18891653418540955,9.145263175014406e-05,0.003996640498102932,0.10629715025424957
20260908_v3_formal_cifar_qwen_frozen_s42,25,joint,global,0.3636337220668793,0.0005122948787175119,0.0023979842988617593,0.36849555373191833
20260908_v3_formal_cifar_qwen_frozen_s42,25,joint,readout,0.0012780936667695642,6.415532698156312e-05,3.996640498102932e-05,8.649466514587402
20260908_v3_formal_cifar_qwen_frozen_s42,25,joint,generator_decoder,0.015608414076268673,0.0005069078179076314,0.00011989921494308794,2.2250864505767822
20260908_v3_formal_cifar_qwen_frozen_s42,26,joint,electronic,0.010168944485485554,0.00013771945668850094,3.4256307876752716e-05,10.373026847839355
20260908_v3_formal_cifar_qwen_frozen_s42,26,joint,fusion,0.0,0.0,0.0,0.0
20260908_v3_formal_cifar_qwen_frozen_s42,26,joint,router,0.12974105775356293,6.280453089857474e-05,0.003425630787675271,0.05525488406419754
20260908_v3_formal_cifar_qwen_frozen_s42,26,joint,global,0.24926535785198212,0.00034795247483998537,0.0020553784726051625,0.330166220664978
20260908_v3_formal_cifar_qwen_frozen_s42,26,joint,readout,0.0015115467831492424,7.587540312670171e-05,3.4256307876752716e-05,5.31657600402832
20260908_v3_formal_cifar_qwen_frozen_s42,26,joint,generator_decoder,0.014671954326331615,0.0004756127600558102,0.00010276892363025812,1.9158536195755005
20260908_v3_formal_cifar_qwen_frozen_s42,27,joint,electronic,0.009205983951687813,0.00012466021871659905,2.932914275917099e-05,9.800812721252441
20260908_v3_formal_cifar_qwen_frozen_s42,27,joint,fusion,0.0,0.0,0.0,0.0
20260908_v3_formal_cifar_qwen_frozen_s42,27,joint,router,0.1853373646736145,8.971546776592731e-05,0.002932914275917099,0.06562748551368713
20260908_v3_formal_cifar_qwen_frozen_s42,27,joint,global,0.23989564180374146,0.0003323945857118815,0.0017597485655502594,0.31862789392471313
20260908_v3_formal_cifar_qwen_frozen_s42,27,joint,readout,0.0010277479887008667,5.1590497605502605e-05,2.932914275917099e-05,4.001459121704102
20260908_v3_formal_cifar_qwen_frozen_s42,27,joint,generator_decoder,0.012463433668017387,0.00040413998067379,8.798742827751296e-05,1.8480947017669678
20260908_v3_formal_cifar_qwen_frozen_s42,28,joint,electronic,0.007721539121121168,0.0001045488752424717,2.533475741063855e-05,18.122716903686523
20260908_v3_formal_cifar_qwen_frozen_s42,28,joint,fusion,0.0,0.0,0.0,0.0
20260908_v3_formal_cifar_qwen_frozen_s42,28,joint,router,0.1231139749288559,5.959463305771351e-05,0.0025334757410638547,0.10097577422857285
20260908_v3_formal_cifar_qwen_frozen_s42,28,joint,global,0.22892503440380096,0.0003152734716422856,0.001520085444638313,0.5375438332557678
20260908_v3_formal_cifar_qwen_frozen_s42,28,joint,readout,0.001189170521683991,5.9692920331144705e-05,2.533475741063855e-05,7.842657089233398
20260908_v3_formal_cifar_qwen_frozen_s42,28,joint,generator_decoder,0.010085580870509148,0.00032673409441486,7.600427223191564e-05,3.215479612350464
20260908_v3_formal_cifar_qwen_frozen_s42,29,joint,electronic,0.007362343370914459,9.967787627829239e-05,2.239463137812864e-05,12.507338523864746
20260908_v3_formal_cifar_qwen_frozen_s42,29,joint,fusion,0.0,0.0,0.0,0.0
20260908_v3_formal_cifar_qwen_frozen_s42,29,joint,router,0.1542811542749405,7.468039984814823e-05,0.0022394631378128637,0.06582082062959671
20260908_v3_formal_cifar_qwen_frozen_s42,29,joint,global,0.21209938824176788,0.0002906218869611621,0.0013436778826877182,0.4460425078868866
20260908_v3_formal_cifar_qwen_frozen_s42,29,joint,readout,0.0006658483180217445,3.3423664717702195e-05,2.239463137812864e-05,5.985656261444092
20260908_v3_formal_cifar_qwen_frozen_s42,29,joint,generator_decoder,0.008667808957397938,0.0002805535914376378,6.718389413438591e-05,2.5066208839416504
20260908_v3_formal_cifar_qwen_frozen_s42,30,joint,electronic,0.0058501120656728745,7.919781637610868e-05,2.0598181467309473e-05,16.60303497314453
20260908_v3_formal_cifar_qwen_frozen_s42,30,joint,fusion,0.0,0.0,0.0,0.0
20260908_v3_formal_cifar_qwen_frozen_s42,30,joint,router,0.1346602439880371,6.518255395349115e-05,0.002059818146730947,0.09957870095968246
20260908_v3_formal_cifar_qwen_frozen_s42,30,joint,global,0.20041272044181824,0.0002733913715928793,0.0012358908880385682,0.5874959230422974
20260908_v3_formal_cifar_qwen_frozen_s42,30,joint,readout,0.0007130915764719248,3.579497570171952e-05,2.0598181467309473e-05,6.854658126831055
20260908_v3_formal_cifar_qwen_frozen_s42,30,joint,generator_decoder,0.00831702258437872,0.00026935257483273745,6.17945444019284e-05,3.4365360736846924
20260908_v3_formal_cifar_qwen_lora_s42,1,experts,electronic,0.0,0.0,0.0,0.0
20260908_v3_formal_cifar_qwen_lora_s42,1,experts,fusion,0.0,0.0,0.0,0.0
20260908_v3_formal_cifar_qwen_lora_s42,1,experts,router,0.0,0.0,0.0,0.0
20260908_v3_formal_cifar_qwen_lora_s42,1,experts,global,0.0,0.0,0.0,0.0
20260908_v3_formal_cifar_qwen_lora_s42,1,experts,readout,0.0,0.0,0.0,0.0
20260908_v3_formal_cifar_qwen_lora_s42,1,experts,generator_context,0.004119464661926031,0.0003377220709808171,5e-06,0.05695643275976181
20260908_v3_formal_cifar_qwen_lora_s42,1,experts,generator_decoder,0.007788856979459524,0.00026860920479521155,1.4999999999999999e-05,1.614376425743103
20260908_v3_formal_cifar_qwen_lora_s42,2,experts,electronic,0.0,0.0,0.0,0.0
20260908_v3_formal_cifar_qwen_lora_s42,2,experts,fusion,0.0,0.0,0.0,0.0
20260908_v3_formal_cifar_qwen_lora_s42,2,experts,router,0.0,0.0,0.0,0.0
20260908_v3_formal_cifar_qwen_lora_s42,2,experts,global,0.0,0.0,0.0,0.0
20260908_v3_formal_cifar_qwen_lora_s42,2,experts,readout,0.0,0.0,0.0,0.0
20260908_v3_formal_cifar_qwen_lora_s42,2,experts,generator_context,0.044337768107652664,0.0036051934584975243,8.82378565986098e-05,0.10549917817115784
20260908_v3_formal_cifar_qwen_lora_s42,2,experts,generator_decoder,0.03403066098690033,0.0011512773344293237,0.00026471356979582936,4.298517227172852
20260908_v3_formal_cifar_qwen_lora_s42,3,experts,electronic,0.0,0.0,0.0,0.0
20260908_v3_formal_cifar_qwen_lora_s42,3,experts,fusion,0.0,0.0,0.0,0.0
20260908_v3_formal_cifar_qwen_lora_s42,3,experts,router,0.0,0.0,0.0,0.0
20260908_v3_formal_cifar_qwen_lora_s42,3,experts,global,0.0,0.0,0.0,0.0
20260908_v3_formal_cifar_qwen_lora_s42,3,experts,readout,0.0,0.0,0.0,0.0
20260908_v3_formal_cifar_qwen_lora_s42,3,experts,generator_context,0.02064836584031582,0.0016800591256469488,5.9868827264182535e-05,0.060707058757543564
20260908_v3_formal_cifar_qwen_lora_s42,3,experts,generator_decoder,0.01628914102911949,0.0005516491364687681,0.00017960648179254758,4.99997615814209
20260908_v3_formal_cifar_qwen_lora_s42,4,experts,electronic,0.0,0.0,0.0,0.0
20260908_v3_formal_cifar_qwen_lora_s42,4,experts,fusion,0.0,0.0,0.0,0.0
20260908_v3_formal_cifar_qwen_lora_s42,4,experts,router,0.0,0.0,0.0,0.0
20260908_v3_formal_cifar_qwen_lora_s42,4,experts,global,0.0,0.0,0.0,0.0
20260908_v3_formal_cifar_qwen_lora_s42,4,experts,readout,0.0,0.0,0.0,0.0
20260908_v3_formal_cifar_qwen_lora_s42,4,experts,generator_context,0.006063047330826521,0.000493561674375087,3.1576941556207164e-05,0.05755488574504852
20260908_v3_formal_cifar_qwen_lora_s42,4,experts,generator_decoder,0.008834176696836948,0.00029906793497502804,9.473082466862147e-05,5.389867305755615
20260908_v3_formal_cifar_qwen_lora_s42,5,optics,electronic,0.0,0.0,0.0,0.0
20260908_v3_formal_cifar_qwen_lora_s42,5,optics,fusion,0.0,0.0,0.0,0.0
20260908_v3_formal_cifar_qwen_lora_s42,5,optics,router,0.10314124077558517,4.9993635911960155e-05,0.0005,0.026748716831207275
20260908_v3_formal_cifar_qwen_lora_s42,5,optics,global,0.1055622547864914,0.002696368144825101,0.00030000000000000003,1.0136569738388062
20260908_v3_formal_cifar_qwen_lora_s42,5,optics,readout,0.0,0.0,0.0,0.0
20260908_v3_formal_cifar_qwen_lora_s42,5,optics,generator_context,0.0011194697581231594,9.111204417422414e-05,5e-06,0.043623629957437515
20260908_v3_formal_cifar_qwen_lora_s42,5,optics,generator_decoder,0.0016656694933772087,5.6375782151008025e-05,1.4999999999999999e-05,4.898451805114746
20260908_v3_formal_cifar_qwen_lora_s42,6,optics,electronic,0.0,0.0,0.0,0.0
20260908_v3_formal_cifar_qwen_lora_s42,6,optics,fusion,0.0,0.0,0.0,0.0
20260908_v3_formal_cifar_qwen_lora_s42,6,optics,router,0.8086175322532654,0.00039188325172290206,0.009694891002992924,0.0704374834895134
20260908_v3_formal_cifar_qwen_lora_s42,6,optics,global,0.6206598281860352,0.01018145028501749,0.005816934601795755,0.8415936231613159
20260908_v3_formal_cifar_qwen_lora_s42,6,optics,readout,0.0,0.0,0.0,0.0
20260908_v3_formal_cifar_qwen_lora_s42,6,optics,generator_context,0.015208456665277481,0.0012383363209664822,9.694891002992926e-05,0.036497727036476135
20260908_v3_formal_cifar_qwen_lora_s42,6,optics,generator_decoder,0.039175234735012054,0.0013193710474297404,0.0002908467300897877,4.756376266479492
20260908_v3_formal_cifar_qwen_lora_s42,7,optics,electronic,0.0,0.0,0.0,0.0
20260908_v3_formal_cifar_qwen_lora_s42,7,optics,fusion,0.0,0.0,0.0,0.0
20260908_v3_formal_cifar_qwen_lora_s42,7,optics,router,0.5311760306358337,0.00025737419491633773,0.008826109761999027,0.04321060702204704
20260908_v3_formal_cifar_qwen_lora_s42,7,optics,global,0.561774730682373,0.0061090555973351,0.005295665857199415,0.5475189089775085
20260908_v3_formal_cifar_qwen_lora_s42,7,optics,readout,0.0,0.0,0.0,0.0
20260908_v3_formal_cifar_qwen_lora_s42,7,optics,generator_context,0.013732070103287697,0.001117986161261797,8.826109761999026e-05,0.02163398452103138
20260908_v3_formal_cifar_qwen_lora_s42,7,optics,generator_decoder,0.029769089072942734,0.0010009364923462272,0.00026478329285997075,3.462282657623291
20260908_v3_formal_cifar_qwen_lora_s42,8,optics,electronic,0.0,0.0,0.0,0.0
20260908_v3_formal_cifar_qwen_lora_s42,8,optics,fusion,0.0,0.0,0.0,0.0
20260908_v3_formal_cifar_qwen_lora_s42,8,optics,router,0.412832111120224,0.00019997413619421422,0.00752619276354741,0.059920020401477814
20260908_v3_formal_cifar_qwen_lora_s42,8,optics,global,0.7105151414871216,0.005318411625921726,0.004515715658128446,0.5219174027442932
20260908_v3_formal_cifar_qwen_lora_s42,8,optics,readout,0.0,0.0,0.0,0.0
20260908_v3_formal_cifar_qwen_lora_s42,8,optics,generator_context,0.015851885080337524,0.001289397943764925,7.52619276354741e-05,0.021949805319309235
20260908_v3_formal_cifar_qwen_lora_s42,8,optics,generator_decoder,0.031841959804296494,0.0010686172172427177,0.00022578578290642228,3.7491159439086914
20260908_v3_formal_cifar_qwen_lora_s42,9,optics,electronic,0.0,0.0,0.0,0.0
20260908_v3_formal_cifar_qwen_lora_s42,9,optics,fusion,0.0,0.0,0.0,0.0
20260908_v3_formal_cifar_qwen_lora_s42,9,optics,router,0.3182017207145691,0.00015411946515087038,0.005993448193433091,0.09247095882892609
20260908_v3_formal_cifar_qwen_lora_s42,9,optics,global,0.520810067653656,0.0029157898388803005,0.0035960689160598547,0.5043872594833374
20260908_v3_formal_cifar_qwen_lora_s42,9,optics,readout,0.0,0.0,0.0,0.0
20260908_v3_formal_cifar_qwen_lora_s42,9,optics,generator_context,0.007291218265891075,0.000593301432672888,5.993448193433091e-05,0.0225394107401371
20260908_v3_formal_cifar_qwen_lora_s42,9,optics,generator_decoder,0.01828300952911377,0.0006127897067926824,0.00017980344580299272,3.6297218799591064
20260908_v3_formal_cifar_qwen_lora_s42,10,optics,electronic,0.0,0.0,0.0,0.0
20260908_v3_formal_cifar_qwen_lora_s42,10,optics,fusion,0.0,0.0,0.0,0.0
20260908_v3_formal_cifar_qwen_lora_s42,10,optics,router,0.1950274109840393,9.445705654798076e-05,0.004461703130883879,0.06567322462797165
20260908_v3_formal_cifar_qwen_lora_s42,10,optics,global,0.4214048385620117,0.001929335412569344,0.0026770218785303274,0.49364936351776123
20260908_v3_formal_cifar_qwen_lora_s42,10,optics,readout,0.0,0.0,0.0,0.0
20260908_v3_formal_cifar_qwen_lora_s42,10,optics,generator_context,0.007791315205395222,0.0006338133825920522,4.461703130883879e-05,0.016547195613384247
20260908_v3_formal_cifar_qwen_lora_s42,10,optics,generator_decoder,0.01399147231131792,0.00046869966899976134,0.00013385109392651635,3.406597852706909
20260908_v3_formal_cifar_qwen_lora_s42,11,optics,electronic,0.0,0.0,0.0,0.0
20260908_v3_formal_cifar_qwen_lora_s42,11,optics,fusion,0.0,0.0,0.0,0.0
20260908_v3_formal_cifar_qwen_lora_s42,11,optics,router,0.1532343327999115,7.421201007673517e-05,0.00316463217575224,0.06996805965900421
20260908_v3_formal_cifar_qwen_lora_s42,11,optics,global,0.3117939829826355,0.001251884619705379,0.001898779305451344,0.680357813835144
20260908_v3_formal_cifar_qwen_lora_s42,11,optics,readout,0.0,0.0,0.0,0.0
20260908_v3_formal_cifar_qwen_lora_s42,11,optics,generator_context,0.0037384117022156715,0.00030414998764172196,3.16463217575224e-05,0.018952108919620514
20260908_v3_formal_cifar_qwen_lora_s42,11,optics,generator_decoder,0.009448710829019547,0.000316404621116817,9.493896527256719e-05,4.404042720794678
20260908_v3_formal_cifar_qwen_lora_s42,12,optics,electronic,0.0,0.0,0.0,0.0
20260908_v3_formal_cifar_qwen_lora_s42,12,optics,fusion,0.0,0.0,0.0,0.0
20260908_v3_formal_cifar_qwen_lora_s42,12,optics,router,0.13548500835895538,6.561537156812847e-05,0.0023001093371217874,0.07372882962226868
20260908_v3_formal_cifar_qwen_lora_s42,12,optics,global,0.22406624257564545,0.0008262093178927898,0.0013800656022730723,0.6232402324676514
20260908_v3_formal_cifar_qwen_lora_s42,12,optics,readout,0.0,0.0,0.0,0.0
20260908_v3_formal_cifar_qwen_lora_s42,12,optics,generator_context,0.003931887447834015,0.0003198147169314325,2.3001093371217874e-05,0.02115420624613762
20260908_v3_formal_cifar_qwen_lora_s42,12,optics,generator_decoder,0.007564375642687082,0.00025322390138171613,6.900328011365362e-05,4.389103412628174
20260908_v3_formal_cifar_qwen_lora_s42,13,joint,electronic,0.0066873738542199135,9.108285303227603e-05,5e-06,15.592436790466309
20260908_v3_formal_cifar_qwen_lora_s42,13,joint,fusion,0.0,0.0,0.0,0.0
20260908_v3_formal_cifar_qwen_lora_s42,13,joint,router,0.0212349034845829,1.0284037671226542e-05,0.0005,0.0480569489300251
20260908_v3_formal_cifar_qwen_lora_s42,13,joint,global,0.048220884054899216,0.00016714735829737037,0.00030000000000000003,0.5898174047470093
20260908_v3_formal_cifar_qwen_lora_s42,13,joint,readout,0.0007969227153807878,3.999549517175183e-05,5e-06,3.394674777984619
20260908_v3_formal_cifar_qwen_lora_s42,13,joint,generator_context,0.0011211007367819548,9.119691821979359e-05,5e-06,0.023821132257580757
20260908_v3_formal_cifar_qwen_lora_s42,13,joint,generator_decoder,0.001670877798460424,5.5934488045750186e-05,1.4999999999999999e-05,3.683412790298462
20260908_v3_formal_cifar_qwen_lora_s42,14,joint,electronic,0.031933847814798355,0.0004348087531980127,9.93917484850684e-05,7.4820170402526855
20260908_v3_formal_cifar_qwen_lora_s42,14,joint,fusion,0.0,0.0,0.0,0.0
20260908_v3_formal_cifar_qwen_lora_s42,14,joint,router,0.46793779730796814,0.0002266108785988763,0.00993917484850684,0.07608327269554138
20260908_v3_formal_cifar_qwen_lora_s42,14,joint,global,0.7972145676612854,0.0021912758238613605,0.005963504909104104,0.2489984631538391
20260908_v3_formal_cifar_qwen_lora_s42,14,joint,readout,0.0036807297728955746,0.00018473791715223342,9.93917484850684e-05,2.2183966636657715
20260908_v3_formal_cifar_qwen_lora_s42,14,joint,generator_context,0.0050561754032969475,0.00041104271076619625,9.93917484850684e-05,0.010374336503446102
20260908_v3_formal_cifar_qwen_lora_s42,14,joint,generator_decoder,0.03057030774652958,0.0010223019635304809,0.0002981752454552052,1.785637617111206
20260908_v3_formal_cifar_qwen_lora_s42,15,joint,electronic,0.03585706651210785,0.0004878818290308118,9.75854924355444e-05,7.651646137237549
20260908_v3_formal_cifar_qwen_lora_s42,15,joint,fusion,0.0,0.0,0.0,0.0
20260908_v3_formal_cifar_qwen_lora_s42,15,joint,router,0.2470175325870514,0.00011961987911490723,0.00975854924355444,0.07315566390752792
20260908_v3_formal_cifar_qwen_lora_s42,15,joint,global,0.7461610436439514,0.0017033879412338138,0.005855129546132664,0.243140310049057
20260908_v3_formal_cifar_qwen_lora_s42,15,joint,readout,0.0037623101379722357,0.00018884528253693134,9.75854924355444e-05,2.1877281665802
20260908_v3_formal_cifar_qwen_lora_s42,15,joint,generator_context,0.01639789529144764,0.0013326817424967885,9.75854924355444e-05,0.01455069798976183
20260908_v3_formal_cifar_qwen_lora_s42,15,joint,generator_decoder,0.07168975472450256,0.002374784555286169,0.00029275647730663316,1.4705160856246948
20260908_v3_formal_cifar_qwen_lora_s42,16,joint,electronic,0.03197765350341797,0.0004347245558165014,9.463616475035189e-05,7.333496570587158
20260908_v3_formal_cifar_qwen_lora_s42,16,joint,fusion,0.0,0.0,0.0,0.0
20260908_v3_formal_cifar_qwen_lora_s42,16,joint,router,0.37854501605033875,0.00018330052262172103,0.009463616475035188,0.055656950920820236
20260908_v3_formal_cifar_qwen_lora_s42,16,joint,global,0.8113227486610413,0.001622379757463932,0.005678169885021113,0.236528679728508
20260908_v3_formal_cifar_qwen_lora_s42,16,joint,readout,0.003333965316414833,0.00016735176905058324,9.463616475035189e-05,3.118190288543701
20260908_v3_formal_cifar_qwen_lora_s42,16,joint,generator_context,0.010120835155248642,0.0008214588742703199,9.463616475035189e-05,0.0067776162177324295
20260908_v3_formal_cifar_qwen_lora_s42,16,joint,generator_decoder,0.05895804613828659,0.0019504075171425939,0.00028390849425105564,1.353851079940796
20260908_v3_formal_cifar_qwen_lora_s42,17,joint,electronic,0.027719711884856224,0.0003766173613257706,9.063346208111827e-05,7.660460472106934
20260908_v3_formal_cifar_qwen_lora_s42,17,joint,fusion,0.0,0.0,0.0,0.0
20260908_v3_formal_cifar_qwen_lora_s42,17,joint,router,0.37414032220840454,0.00018116162391379476,0.009063346208111826,0.05229998379945755
20260908_v3_formal_cifar_qwen_lora_s42,17,joint,global,0.6992769837379456,0.0012720738304778934,0.005438007724867096,0.24953150749206543
20260908_v3_formal_cifar_qwen_lora_s42,17,joint,readout,0.0027945400215685368,0.0001402792549924925,9.063346208111827e-05,2.5294289588928223
20260908_v3_formal_cifar_qwen_lora_s42,17,joint,generator_context,0.007026138715445995,0.0005706613301299512,9.063346208111827e-05,0.009167206473648548
20260908_v3_formal_cifar_qwen_lora_s42,17,joint,generator_decoder,0.050577420741319656,0.001666390337049961,0.0002719003862433548,1.2462643384933472
20260908_v3_formal_cifar_qwen_lora_s42,18,joint,electronic,0.029701050370931625,0.0004032602591905743,8.569911692596261e-05,7.060102939605713
20260908_v3_formal_cifar_qwen_lora_s42,18,joint,fusion,0.0,0.0,0.0,0.0
20260908_v3_formal_cifar_qwen_lora_s42,18,joint,router,0.3732379972934723,0.00018070836085826159,0.008569911692596261,0.04221928119659424
20260908_v3_formal_cifar_qwen_lora_s42,18,joint,global,0.764106273651123,0.0012970432871952653,0.005141947015557757,0.2627061903476715
20260908_v3_formal_cifar_qwen_lora_s42,18,joint,readout,0.0030543666798621416,0.00015332862676586956,8.569911692596261e-05,2.349766492843628
20260908_v3_formal_cifar_qwen_lora_s42,18,joint,generator_context,0.008841114118695259,0.0007177879451774061,8.569911692596261e-05,0.008963515982031822
20260908_v3_formal_cifar_qwen_lora_s42,18,joint,generator_decoder,0.048110902309417725,0.0015820720000192523,0.0002570973507778878,1.48861563205719
20260908_v3_formal_cifar_qwen_lora_s42,19,joint,electronic,0.025782054290175438,0.0003499060694593936,7.998319543067591e-05,8.65837574005127
20260908_v3_formal_cifar_qwen_lora_s42,19,joint,fusion,0.0,0.0,0.0,0.0
20260908_v3_formal_cifar_qwen_lora_s42,19,joint,router,0.2973674535751343,0.00014395976904779673,0.007998319543067591,0.05671035125851631
20260908_v3_formal_cifar_qwen_lora_s42,19,joint,global,0.5833035111427307,0.0009406379540450871,0.004798991725840555,0.25312644243240356
20260908_v3_formal_cifar_qwen_lora_s42,19,joint,readout,0.00358625128865242,0.0001800300960894674,7.998319543067591e-05,4.144661903381348
20260908_v3_formal_cifar_qwen_lora_s42,19,joint,generator_context,0.007572350092232227,0.0006141351186670363,7.998319543067591e-05,0.008015090599656105
20260908_v3_formal_cifar_qwen_lora_s42,19,joint,generator_decoder,0.03941118344664574,0.0012903022579848766,0.00023994958629202772,1.3298856019973755
20260908_v3_formal_cifar_qwen_lora_s42,20,joint,electronic,0.02154652215540409,0.0002922525745816529,7.365953349069506e-05,7.7403340339660645
20260908_v3_formal_cifar_qwen_lora_s42,20,joint,fusion,0.0,0.0,0.0,0.0
20260908_v3_formal_cifar_qwen_lora_s42,20,joint,router,0.30221617221832275,0.0001462990912841633,0.007365953349069505,0.04539351910352707
20260908_v3_formal_cifar_qwen_lora_s42,20,joint,global,0.4888187348842621,0.0007581692771054804,0.004419572009441703,0.2695748507976532
20260908_v3_formal_cifar_qwen_lora_s42,20,joint,readout,0.0024831127375364304,0.00012465541658457369,7.365953349069506e-05,2.345560073852539
20260908_v3_formal_cifar_qwen_lora_s42,20,joint,generator_context,0.006189247593283653,0.0005021330434828997,7.365953349069506e-05,0.007696578279137611
20260908_v3_formal_cifar_qwen_lora_s42,20,joint,generator_decoder,0.030925076454877853,0.0010091791627928615,0.00022097860047208512,1.4402297735214233
20260908_v3_formal_cifar_qwen_lora_s42,21,joint,electronic,0.023149937391281128,0.00031389141804538667,6.69204499537655e-05,8.456254005432129
20260908_v3_formal_cifar_qwen_lora_s42,21,joint,fusion,0.0,0.0,0.0,0.0
20260908_v3_formal_cifar_qwen_lora_s42,21,joint,router,0.25360506772994995,0.00012276152847334743,0.00669204499537655,0.06173262745141983
20260908_v3_formal_cifar_qwen_lora_s42,21,joint,global,0.5541593432426453,0.0008342941291630268,0.00401522699722593,0.29321542382240295
20260908_v3_formal_cifar_qwen_lora_s42,21,joint,readout,0.0023002915550023317,0.00011548086331458762,6.69204499537655e-05,3.2300634384155273
20260908_v3_formal_cifar_qwen_lora_s42,21,joint,generator_context,0.00776419322937727,0.0006296015926636755,6.69204499537655e-05,0.008797329850494862
20260908_v3_formal_cifar_qwen_lora_s42,21,joint,generator_decoder,0.03136547654867172,0.0010203723795711994,0.00020076134986129647,1.5789666175842285
20260908_v3_formal_cifar_qwen_lora_s42,22,joint,electronic,0.017366640269756317,0.00023536404478363693,5.997089770841662e-05,8.232625961303711
20260908_v3_formal_cifar_qwen_lora_s42,22,joint,fusion,0.0,0.0,0.0,0.0
20260908_v3_formal_cifar_qwen_lora_s42,22,joint,router,0.3188805878162384,0.00015435199020430446,0.005997089770841662,0.05727018415927887
20260908_v3_formal_cifar_qwen_lora_s42,22,joint,global,0.5186234712600708,0.0007630300242453814,0.003598253862504997,0.2745472192764282
20260908_v3_formal_cifar_qwen_lora_s42,22,joint,readout,0.0020295637659728527,0.00010189563181484118,5.997089770841662e-05,3.484452724456787
20260908_v3_formal_cifar_qwen_lora_s42,22,joint,generator_context,0.0063004097901284695,0.0005104068550281227,5.997089770841662e-05,0.009087136946618557
20260908_v3_formal_cifar_qwen_lora_s42,22,joint,generator_decoder,0.03546936437487602,0.0011495512444525957,0.00017991269312524983,1.3348907232284546
20260908_v3_formal_cifar_qwen_lora_s42,23,joint,electronic,0.01734035648405552,0.00023493095068261027,5.302223053871491e-05,9.225519180297852
20260908_v3_formal_cifar_qwen_lora_s42,23,joint,fusion,0.0,0.0,0.0,0.0
20260908_v3_formal_cifar_qwen_lora_s42,23,joint,router,0.27322956919670105,0.00013225289876572788,0.0053022230538714915,0.06837139278650284
20260908_v3_formal_cifar_qwen_lora_s42,23,joint,global,0.545998752117157,0.0007887773681432009,0.003181333832322895,0.32925185561180115
20260908_v3_formal_cifar_qwen_lora_s42,23,joint,readout,0.002270881785079837,0.00011401181109249592,5.302223053871491e-05,3.3560492992401123
20260908_v3_formal_cifar_qwen_lora_s42,23,joint,generator_context,0.007903321646153927,0.0006405120366252959,5.302223053871491e-05,0.013518528081476688
20260908_v3_formal_cifar_qwen_lora_s42,23,joint,generator_decoder,0.03197881579399109,0.0010367893846705556,0.00015906669161614472,1.7776283025741577
20260908_v3_formal_cifar_qwen_lora_s42,24,joint,electronic,0.01309795118868351,0.00017739135364536196,4.628577531129671e-05,10.46453857421875
20260908_v3_formal_cifar_qwen_lora_s42,24,joint,fusion,0.0,0.0,0.0,0.0
20260908_v3_formal_cifar_qwen_lora_s42,24,joint,router,0.1734759658575058,8.396272460231557e-05,0.0046285775311296715,0.061343371868133545
20260908_v3_formal_cifar_qwen_lora_s42,24,joint,global,0.40695199370384216,0.0005794724565930665,0.002777146518677803,0.3472830653190613
20260908_v3_formal_cifar_qwen_lora_s42,24,joint,readout,0.0012318931985646486,6.185011443449184e-05,4.628577531129671e-05,4.275087833404541
20260908_v3_formal_cifar_qwen_lora_s42,24,joint,generator_context,0.005431255325675011,0.0004401474434416741,4.628577531129671e-05,0.007987722754478455
20260908_v3_formal_cifar_qwen_lora_s42,24,joint,generator_decoder,0.019043684005737305,0.0006157937459647655,0.00013885732593389014,1.762510895729065
20260908_v3_formal_cifar_qwen_lora_s42,25,joint,electronic,0.011618416756391525,0.00015733066538814455,3.996640498102932e-05,10.851516723632812
20260908_v3_formal_cifar_qwen_lora_s42,25,joint,fusion,0.0,0.0,0.0,0.0
20260908_v3_formal_cifar_qwen_lora_s42,25,joint,router,0.2127230167388916,0.00010295410902472213,0.003996640498102932,0.06196479871869087
20260908_v3_formal_cifar_qwen_lora_s42,25,joint,global,0.37401434779167175,0.0005264788051135838,0.0023979842988617593,0.378620982170105
20260908_v3_formal_cifar_qwen_lora_s42,25,joint,readout,0.001052569830790162,5.284720828058198e-05,3.996640498102932e-05,7.988731384277344
20260908_v3_formal_cifar_qwen_lora_s42,25,joint,generator_context,0.006040471140295267,0.000489331316202879,3.996640498102932e-05,0.0080537935718894
20260908_v3_formal_cifar_qwen_lora_s42,25,joint,generator_decoder,0.01536832470446825,0.0004955478943884373,0.00011989921494308794,1.8547321557998657
20260908_v3_formal_cifar_qwen_lora_s42,26,joint,electronic,0.011124416254460812,0.00015061706653796136,3.4256307876752716e-05,11.056658744812012
20260908_v3_formal_cifar_qwen_lora_s42,26,joint,fusion,0.0,0.0,0.0,0.0
20260908_v3_formal_cifar_qwen_lora_s42,26,joint,router,0.13255587220191956,6.415334792109206e-05,0.003425630787675271,0.051078490912914276
20260908_v3_formal_cifar_qwen_lora_s42,26,joint,global,0.297247052192688,0.00041459238855168223,0.0020553784726051625,0.38189801573753357
20260908_v3_formal_cifar_qwen_lora_s42,26,joint,readout,0.001678907428868115,8.429624722339213e-05,3.4256307876752716e-05,6.795837879180908
20260908_v3_formal_cifar_qwen_lora_s42,26,joint,generator_context,0.005304311867803335,0.0004296518163755536,3.4256307876752716e-05,0.01047568954527378
20260908_v3_formal_cifar_qwen_lora_s42,26,joint,generator_decoder,0.017790749669075012,0.000573613855522126,0.00010276892363025812,1.9377714395523071
20260908_v3_formal_cifar_qwen_lora_s42,27,joint,electronic,0.008813093416392803,0.00011930207983823493,2.932914275917099e-05,11.524153709411621
20260908_v3_formal_cifar_qwen_lora_s42,27,joint,fusion,0.0,0.0,0.0,0.0
20260908_v3_formal_cifar_qwen_lora_s42,27,joint,router,0.249977245926857,0.00012097947910660878,0.002932914275917099,0.06453533470630646
20260908_v3_formal_cifar_qwen_lora_s42,27,joint,global,0.24982155859470367,0.0003458838618826121,0.0017597485655502594,0.3805949091911316
20260908_v3_formal_cifar_qwen_lora_s42,27,joint,readout,0.0009182843496091664,4.6105997171252966e-05,2.932914275917099e-05,4.056736469268799
20260908_v3_formal_cifar_qwen_lora_s42,27,joint,generator_context,0.00420816894620657,0.0003409378114156425,2.932914275917099e-05,0.011526203714311123
20260908_v3_formal_cifar_qwen_lora_s42,27,joint,generator_decoder,0.015532048419117928,0.0005006867577321827,8.798742827751296e-05,1.9182682037353516
20260908_v3_formal_cifar_qwen_lora_s42,28,joint,electronic,0.007296188734471798,9.875773685052991e-05,2.533475741063855e-05,15.84638500213623
20260908_v3_formal_cifar_qwen_lora_s42,28,joint,fusion,0.0,0.0,0.0,0.0
20260908_v3_formal_cifar_qwen_lora_s42,28,joint,router,0.12631107866764069,6.112846313044429e-05,0.0025334757410638547,0.09664195030927658
20260908_v3_formal_cifar_qwen_lora_s42,28,joint,global,0.2411493957042694,0.0003318765084259212,0.001520085444638313,0.5174580812454224
20260908_v3_formal_cifar_qwen_lora_s42,28,joint,readout,0.0007841732003726065,3.9372411265503615e-05,2.533475741063855e-05,8.486603736877441
20260908_v3_formal_cifar_qwen_lora_s42,28,joint,generator_context,0.004739496391266584,0.0003837987605948001,2.533475741063855e-05,0.015315724536776543
20260908_v3_formal_cifar_qwen_lora_s42,28,joint,generator_decoder,0.01015066634863615,0.0003264529223088175,7.600427223191564e-05,2.4902079105377197
20260908_v3_formal_cifar_qwen_lora_s42,29,joint,electronic,0.007393233478069305,0.00010006523370975628,2.239463137812864e-05,12.438044548034668
20260908_v3_formal_cifar_qwen_lora_s42,29,joint,fusion,0.0,0.0,0.0,0.0
20260908_v3_formal_cifar_qwen_lora_s42,29,joint,router,0.1044280156493187,5.053786298958585e-05,0.0022394631378128637,0.051845140755176544
20260908_v3_formal_cifar_qwen_lora_s42,29,joint,global,0.2208116054534912,0.00030233702273108065,0.0013436778826877182,0.4441107511520386
20260908_v3_formal_cifar_qwen_lora_s42,29,joint,readout,0.0007801638566888869,3.9171067328425124e-05,2.239463137812864e-05,6.109610557556152
20260908_v3_formal_cifar_qwen_lora_s42,29,joint,generator_context,0.004246416501700878,0.00034371818765066564,2.239463137812864e-05,0.017603611573576927
20260908_v3_formal_cifar_qwen_lora_s42,29,joint,generator_decoder,0.010192060843110085,0.0003278573858551681,6.718389413438591e-05,2.389390230178833
20260908_v3_formal_cifar_qwen_lora_s42,30,joint,electronic,0.005655541084706783,7.653787906747311e-05,2.0598181467309473e-05,17.116153717041016
20260908_v3_formal_cifar_qwen_lora_s42,30,joint,fusion,0.0,0.0,0.0,0.0
20260908_v3_formal_cifar_qwen_lora_s42,30,joint,router,0.10279308259487152,4.974623880116269e-05,0.002059818146730947,0.09073510766029358
20260908_v3_formal_cifar_qwen_lora_s42,30,joint,global,0.17761211097240448,0.00024212240532506257,0.0012358908880385682,0.5839763879776001
20260908_v3_formal_cifar_qwen_lora_s42,30,joint,readout,0.0006610861164517701,3.319248207844794e-05,2.0598181467309473e-05,7.6577935218811035
20260908_v3_formal_cifar_qwen_lora_s42,30,joint,generator_context,0.004413063172250986,0.00035726247006095946,2.0598181467309473e-05,0.012442152015864849
20260908_v3_formal_cifar_qwen_lora_s42,30,joint,generator_decoder,0.007250857073813677,0.00023296623839996755,6.17945444019284e-05,3.087250232696533
20260908_v3_formal_cifar_clip_frozen_s42,1,experts,electronic,0.0,0.0,0.0,0.0
20260908_v3_formal_cifar_clip_frozen_s42,1,experts,fusion,0.0,0.0,0.0,0.0
20260908_v3_formal_cifar_clip_frozen_s42,1,experts,router,0.0,0.0,0.0,0.0
20260908_v3_formal_cifar_clip_frozen_s42,1,experts,global,0.0,0.0,0.0,0.0
20260908_v3_formal_cifar_clip_frozen_s42,1,experts,readout,0.0,0.0,0.0,0.0
20260908_v3_formal_cifar_clip_frozen_s42,1,experts,generator_decoder,0.007795029319822788,0.0002688220702111721,1.4999999999999999e-05,1.968103289604187
20260908_v3_formal_cifar_clip_frozen_s42,2,experts,electronic,0.0,0.0,0.0,0.0
20260908_v3_formal_cifar_clip_frozen_s42,2,experts,fusion,0.0,0.0,0.0,0.0
20260908_v3_formal_cifar_clip_frozen_s42,2,experts,router,0.0,0.0,0.0,0.0
20260908_v3_formal_cifar_clip_frozen_s42,2,experts,global,0.0,0.0,0.0,0.0
20260908_v3_formal_cifar_clip_frozen_s42,2,experts,readout,0.0,0.0,0.0,0.0
20260908_v3_formal_cifar_clip_frozen_s42,2,experts,generator_decoder,0.03234271705150604,0.0010974881006404757,0.00026471356979582936,4.306397438049316
20260908_v3_formal_cifar_clip_frozen_s42,3,experts,electronic,0.0,0.0,0.0,0.0
20260908_v3_formal_cifar_clip_frozen_s42,3,experts,fusion,0.0,0.0,0.0,0.0
20260908_v3_formal_cifar_clip_frozen_s42,3,experts,router,0.0,0.0,0.0,0.0
20260908_v3_formal_cifar_clip_frozen_s42,3,experts,global,0.0,0.0,0.0,0.0
20260908_v3_formal_cifar_clip_frozen_s42,3,experts,readout,0.0,0.0,0.0,0.0
20260908_v3_formal_cifar_clip_frozen_s42,3,experts,generator_decoder,0.016850514337420464,0.0005723969079554081,0.00017960648179254758,4.933169841766357
20260908_v3_formal_cifar_clip_frozen_s42,4,experts,electronic,0.0,0.0,0.0,0.0
20260908_v3_formal_cifar_clip_frozen_s42,4,experts,fusion,0.0,0.0,0.0,0.0
20260908_v3_formal_cifar_clip_frozen_s42,4,experts,router,0.0,0.0,0.0,0.0
20260908_v3_formal_cifar_clip_frozen_s42,4,experts,global,0.0,0.0,0.0,0.0
20260908_v3_formal_cifar_clip_frozen_s42,4,experts,readout,0.0,0.0,0.0,0.0
20260908_v3_formal_cifar_clip_frozen_s42,4,experts,generator_decoder,0.009314105845987797,0.0003161020576953888,9.473082466862147e-05,5.095982551574707
20260908_v3_formal_cifar_clip_frozen_s42,5,optics,electronic,0.0,0.0,0.0,0.0
20260908_v3_formal_cifar_clip_frozen_s42,5,optics,fusion,0.0,0.0,0.0,0.0
20260908_v3_formal_cifar_clip_frozen_s42,5,optics,router,0.10303260385990143,4.994097980670631e-05,0.0005,0.02338368445634842
20260908_v3_formal_cifar_clip_frozen_s42,5,optics,global,0.10555581748485565,0.0026962037663906813,0.00030000000000000003,1.0259994268417358
20260908_v3_formal_cifar_clip_frozen_s42,5,optics,readout,0.0,0.0,0.0,0.0
20260908_v3_formal_cifar_clip_frozen_s42,5,optics,generator_decoder,0.0017391430446878076,5.902846169192344e-05,1.4999999999999999e-05,5.625674247741699
20260908_v3_formal_cifar_clip_frozen_s42,6,optics,electronic,0.0,0.0,0.0,0.0
20260908_v3_formal_cifar_clip_frozen_s42,6,optics,fusion,0.0,0.0,0.0,0.0
20260908_v3_formal_cifar_clip_frozen_s42,6,optics,router,0.9232091903686523,0.00044741237070411444,0.009694891002992924,0.036512237042188644
20260908_v3_formal_cifar_clip_frozen_s42,6,optics,global,0.6521864533424377,0.010634833946824074,0.005816934601795755,0.7087540626525879
20260908_v3_formal_cifar_clip_frozen_s42,6,optics,readout,0.0,0.0,0.0,0.0
20260908_v3_formal_cifar_clip_frozen_s42,6,optics,generator_decoder,0.05143153667449951,0.001737475278787315,0.0002908467300897877,4.402123928070068
20260908_v3_formal_cifar_clip_frozen_s42,7,optics,electronic,0.0,0.0,0.0,0.0
20260908_v3_formal_cifar_clip_frozen_s42,7,optics,fusion,0.0,0.0,0.0,0.0
20260908_v3_formal_cifar_clip_frozen_s42,7,optics,router,0.379460871219635,0.00018385800649411976,0.008826109761999027,0.06805909425020218
20260908_v3_formal_cifar_clip_frozen_s42,7,optics,global,0.5871970653533936,0.006391117814928293,0.005295665857199415,0.5293098092079163
20260908_v3_formal_cifar_clip_frozen_s42,7,optics,readout,0.0,0.0,0.0,0.0
20260908_v3_formal_cifar_clip_frozen_s42,7,optics,generator_decoder,0.031227095052599907,0.0010526420082896948,0.00026478329285997075,3.3724091053009033
20260908_v3_formal_cifar_clip_frozen_s42,8,optics,electronic,0.0,0.0,0.0,0.0
20260908_v3_formal_cifar_clip_frozen_s42,8,optics,fusion,0.0,0.0,0.0,0.0
20260908_v3_formal_cifar_clip_frozen_s42,8,optics,router,0.46582457423210144,0.0002256800071336329,0.00752619276354741,0.07873206585645676
20260908_v3_formal_cifar_clip_frozen_s42,8,optics,global,0.7188419103622437,0.0053915176540613174,0.004515715658128446,0.6016968488693237
20260908_v3_formal_cifar_clip_frozen_s42,8,optics,readout,0.0,0.0,0.0,0.0
20260908_v3_formal_cifar_clip_frozen_s42,8,optics,generator_decoder,0.029569603502750397,0.0009942814940586686,0.00022578578290642228,4.006030082702637
20260908_v3_formal_cifar_clip_frozen_s42,9,optics,electronic,0.0,0.0,0.0,0.0
20260908_v3_formal_cifar_clip_frozen_s42,9,optics,fusion,0.0,0.0,0.0,0.0
20260908_v3_formal_cifar_clip_frozen_s42,9,optics,router,0.27541178464889526,0.00013341866724658757,0.005993448193433091,0.09221304208040237
20260908_v3_formal_cifar_clip_frozen_s42,9,optics,global,0.512241780757904,0.0028709813486784697,0.0035960689160598547,0.5462060570716858
20260908_v3_formal_cifar_clip_frozen_s42,9,optics,readout,0.0,0.0,0.0,0.0
20260908_v3_formal_cifar_clip_frozen_s42,9,optics,generator_decoder,0.023709960281848907,0.0007967771962285042,0.00017980344580299272,3.568326950073242
20260908_v3_formal_cifar_clip_frozen_s42,10,optics,electronic,0.0,0.0,0.0,0.0
20260908_v3_formal_cifar_clip_frozen_s42,10,optics,fusion,0.0,0.0,0.0,0.0
20260908_v3_formal_cifar_clip_frozen_s42,10,optics,router,0.22329142689704895,0.00010816347639774904,0.004461703130883879,0.07481962442398071
20260908_v3_formal_cifar_clip_frozen_s42,10,optics,global,0.41542038321495056,0.0019041429040953517,0.0026770218785303274,0.49727654457092285
20260908_v3_formal_cifar_clip_frozen_s42,10,optics,readout,0.0,0.0,0.0,0.0
20260908_v3_formal_cifar_clip_frozen_s42,10,optics,generator_decoder,0.015166274271905422,0.0005092147621326149,0.00013385109392651635,3.6364762783050537
20260908_v3_formal_cifar_clip_frozen_s42,11,optics,electronic,0.0,0.0,0.0,0.0
20260908_v3_formal_cifar_clip_frozen_s42,11,optics,fusion,0.0,0.0,0.0,0.0
20260908_v3_formal_cifar_clip_frozen_s42,11,optics,router,0.13580112159252167,6.578023749170825e-05,0.00316463217575224,0.09380755573511124
20260908_v3_formal_cifar_clip_frozen_s42,11,optics,global,0.3112732172012329,0.0012503613252192736,0.001898779305451344,0.5850223302841187
20260908_v3_formal_cifar_clip_frozen_s42,11,optics,readout,0.0,0.0,0.0,0.0
20260908_v3_formal_cifar_clip_frozen_s42,11,optics,generator_decoder,0.010236227884888649,0.00034333759685978293,9.493896527256719e-05,3.9817819595336914
20260908_v3_formal_cifar_clip_frozen_s42,12,optics,electronic,0.0,0.0,0.0,0.0
20260908_v3_formal_cifar_clip_frozen_s42,12,optics,fusion,0.0,0.0,0.0,0.0
20260908_v3_formal_cifar_clip_frozen_s42,12,optics,router,0.11520986258983612,5.580531069426797e-05,0.0023001093371217874,0.0828043594956398
20260908_v3_formal_cifar_clip_frozen_s42,12,optics,global,0.22044186294078827,0.0008127870387397707,0.0013800656022730723,0.5847744941711426
20260908_v3_formal_cifar_clip_frozen_s42,12,optics,readout,0.0,0.0,0.0,0.0
20260908_v3_formal_cifar_clip_frozen_s42,12,optics,generator_decoder,0.007309064269065857,0.00024511630181223154,6.900328011365362e-05,3.6851277351379395
20260908_v3_formal_cifar_clip_frozen_s42,13,joint,electronic,0.006689403671771288,9.111050167120993e-05,5e-06,15.096100807189941
20260908_v3_formal_cifar_clip_frozen_s42,13,joint,fusion,0.0,0.0,0.0,0.0
20260908_v3_formal_cifar_clip_frozen_s42,13,joint,router,0.023049715906381607,1.1164669558638707e-05,0.0005,0.04997669532895088
20260908_v3_formal_cifar_clip_frozen_s42,13,joint,global,0.05155829340219498,0.0001786563516361639,0.00030000000000000003,0.6185882091522217
20260908_v3_formal_cifar_clip_frozen_s42,13,joint,readout,0.0007969267317093909,3.999569526058622e-05,5e-06,4.52697229385376
20260908_v3_formal_cifar_clip_frozen_s42,13,joint,generator_decoder,0.001757328980602324,5.891718319617212e-05,1.4999999999999999e-05,3.71419358253479
20260908_v3_formal_cifar_clip_frozen_s42,14,joint,electronic,0.03207651153206825,0.00043678830843418837,9.93917484850684e-05,6.249882221221924
20260908_v3_formal_cifar_clip_frozen_s42,14,joint,fusion,0.0,0.0,0.0,0.0
20260908_v3_formal_cifar_clip_frozen_s42,14,joint,router,0.23848876357078552,0.00011550795898074284,0.00993917484850684,0.03378043323755264
20260908_v3_formal_cifar_clip_frozen_s42,14,joint,global,0.7912120223045349,0.002173063578084111,0.005963504909104104,0.23700551688671112
20260908_v3_formal_cifar_clip_frozen_s42,14,joint,readout,0.0028585251420736313,0.00014346890384331346,9.93917484850684e-05,1.9157646894454956
20260908_v3_formal_cifar_clip_frozen_s42,14,joint,generator_decoder,0.041669003665447235,0.0013964422978460789,0.0002981752454552052,1.6523069143295288
20260908_v3_formal_cifar_clip_frozen_s42,15,joint,electronic,0.031735241413116455,0.0004318260180298239,9.75854924355444e-05,9.611157417297363
20260908_v3_formal_cifar_clip_frozen_s42,15,joint,fusion,0.0,0.0,0.0,0.0
20260908_v3_formal_cifar_clip_frozen_s42,15,joint,router,0.2502921521663666,0.00012121613690396771,0.00975854924355444,0.060898344963788986
20260908_v3_formal_cifar_clip_frozen_s42,15,joint,global,0.7403873801231384,0.0016892236890271306,0.005855129546132664,0.3523050844669342
20260908_v3_formal_cifar_clip_frozen_s42,15,joint,readout,0.002656928962096572,0.00013335530820768327,9.75854924355444e-05,4.824052810668945
20260908_v3_formal_cifar_clip_frozen_s42,15,joint,generator_decoder,0.049427613615989685,0.0016495008021593094,0.00029275647730663316,2.142719268798828
20260908_v3_formal_cifar_clip_frozen_s42,16,joint,electronic,0.028709301725029945,0.00039033900247886777,9.463616475035189e-05,7.630926132202148
20260908_v3_formal_cifar_clip_frozen_s42,16,joint,fusion,0.0,0.0,0.0,0.0
20260908_v3_formal_cifar_clip_frozen_s42,16,joint,router,0.3256939947605133,0.00015772470214869827,0.009463616475035188,0.041058290749788284
20260908_v3_formal_cifar_clip_frozen_s42,16,joint,global,0.8967624306678772,0.0017926329746842384,0.005678169885021113,0.3017677366733551
20260908_v3_formal_cifar_clip_frozen_s42,16,joint,readout,0.0032591409981250763,0.00016359503206331283,9.463616475035189e-05,3.0109033584594727
20260908_v3_formal_cifar_clip_frozen_s42,16,joint,generator_decoder,0.052999675273895264,0.0017623408930376172,0.00028390849425105564,1.814394474029541
20260908_v3_formal_cifar_clip_frozen_s42,17,joint,electronic,0.027405982837080956,0.00037241613608784974,9.063346208111827e-05,6.48367166519165
20260908_v3_formal_cifar_clip_frozen_s42,17,joint,fusion,0.0,0.0,0.0,0.0
20260908_v3_formal_cifar_clip_frozen_s42,17,joint,router,0.26770809292793274,0.00012963941844645888,0.009063346208111826,0.03336255997419357
20260908_v3_formal_cifar_clip_frozen_s42,17,joint,global,0.6377768516540527,0.00115954817738384,0.005438007724867096,0.24011889100074768
20260908_v3_formal_cifar_clip_frozen_s42,17,joint,readout,0.002533452119678259,0.00012717503705061972,9.063346208111827e-05,4.006209850311279
20260908_v3_formal_cifar_clip_frozen_s42,17,joint,generator_decoder,0.045950308442115784,0.0015174663858488202,0.0002719003862433548,1.1390461921691895
20260908_v3_formal_cifar_clip_frozen_s42,18,joint,electronic,0.0255295243114233,0.0003466172784101218,8.569911692596261e-05,8.61178207397461
20260908_v3_formal_cifar_clip_frozen_s42,18,joint,fusion,0.0,0.0,0.0,0.0
20260908_v3_formal_cifar_clip_frozen_s42,18,joint,router,0.3077738881111145,0.0001490334834670648,0.008569911692596261,0.041206423193216324
20260908_v3_formal_cifar_clip_frozen_s42,18,joint,global,0.6830840706825256,0.0011591702932491899,0.005141947015557757,0.3352392613887787
20260908_v3_formal_cifar_clip_frozen_s42,18,joint,readout,0.002599130617454648,0.0001304733450524509,8.569911692596261e-05,4.163168430328369
20260908_v3_formal_cifar_clip_frozen_s42,18,joint,generator_decoder,0.04235813021659851,0.0013989349827170372,0.0002570973507778878,1.738469123840332
20260908_v3_formal_cifar_clip_frozen_s42,19,joint,electronic,0.0252333153039217,0.0003424345050007105,7.998319543067591e-05,9.114916801452637
20260908_v3_formal_cifar_clip_frozen_s42,19,joint,fusion,0.0,0.0,0.0,0.0
20260908_v3_formal_cifar_clip_frozen_s42,19,joint,router,0.4994494318962097,0.0002418424264760688,0.007998319543067591,0.05896790698170662
20260908_v3_formal_cifar_clip_frozen_s42,19,joint,global,0.5634089112281799,0.0009084503981284797,0.004798991725840555,0.27740609645843506
20260908_v3_formal_cifar_clip_frozen_s42,19,joint,readout,0.002892796415835619,0.00014521987759508193,7.998319543067591e-05,5.2880353927612305
20260908_v3_formal_cifar_clip_frozen_s42,19,joint,generator_decoder,0.037978146225214005,0.0012482143938541412,0.00023994958629202772,1.3563798666000366
20260908_v3_formal_cifar_clip_frozen_s42,20,joint,electronic,0.022025536745786667,0.0002987369371112436,7.365953349069506e-05,7.932908535003662
20260908_v3_formal_cifar_clip_frozen_s42,20,joint,fusion,0.0,0.0,0.0,0.0
20260908_v3_formal_cifar_clip_frozen_s42,20,joint,router,0.25425654649734497,0.00012310882448218763,0.007365953349069505,0.057266563177108765
20260908_v3_formal_cifar_clip_frozen_s42,20,joint,global,0.45792433619499207,0.0007101803203113377,0.004419572009441703,0.2668651044368744
20260908_v3_formal_cifar_clip_frozen_s42,20,joint,readout,0.0026374186854809523,0.00013240032421890646,7.365953349069506e-05,3.173783779144287
20260908_v3_formal_cifar_clip_frozen_s42,20,joint,generator_decoder,0.03629177063703537,0.001193508505821228,0.00022097860047208512,1.5904760360717773
20260908_v3_formal_cifar_clip_frozen_s42,21,joint,electronic,0.02059318497776985,0.00027919327840209007,6.69204499537655e-05,9.248039245605469
20260908_v3_formal_cifar_clip_frozen_s42,21,joint,fusion,0.0,0.0,0.0,0.0
20260908_v3_formal_cifar_clip_frozen_s42,21,joint,router,0.2647649943828583,0.00012819236144423485,0.00669204499537655,0.07064454257488251
20260908_v3_formal_cifar_clip_frozen_s42,21,joint,global,0.5110413432121277,0.0007693538209423423,0.00401522699722593,0.3325951099395752
20260908_v3_formal_cifar_clip_frozen_s42,21,joint,readout,0.0021178480237722397,0.00010632155317580327,6.69204499537655e-05,3.3654255867004395
20260908_v3_formal_cifar_clip_frozen_s42,21,joint,generator_decoder,0.03398869186639786,0.0011137629626318812,0.00020076134986129647,1.9597063064575195
20260908_v3_formal_cifar_clip_frozen_s42,22,joint,electronic,0.018718695268034935,0.0002536654646974057,5.997089770841662e-05,8.927753448486328
20260908_v3_formal_cifar_clip_frozen_s42,22,joint,fusion,0.0,0.0,0.0,0.0
20260908_v3_formal_cifar_clip_frozen_s42,22,joint,router,0.3029465675354004,0.0001466682879254222,0.005997089770841662,0.06398822367191315
20260908_v3_formal_cifar_clip_frozen_s42,22,joint,global,0.6233395338058472,0.0009170544217340648,0.003598253862504997,0.2975006699562073
20260908_v3_formal_cifar_clip_frozen_s42,22,joint,readout,0.002498903078958392,0.00012545585923362523,5.997089770841662e-05,4.256547927856445
20260908_v3_formal_cifar_clip_frozen_s42,22,joint,generator_decoder,0.04174348711967468,0.0013590460876002908,0.00017991269312524983,1.3372300863265991
20260908_v3_formal_cifar_clip_frozen_s42,23,joint,electronic,0.016505304723978043,0.00022360197908710688,5.302223053871491e-05,8.913763046264648
20260908_v3_formal_cifar_clip_frozen_s42,23,joint,fusion,0.0,0.0,0.0,0.0
20260908_v3_formal_cifar_clip_frozen_s42,23,joint,router,0.24128851294517517,0.00011681183968903497,0.0053022230538714915,0.08347827196121216
20260908_v3_formal_cifar_clip_frozen_s42,23,joint,global,0.44999587535858154,0.0006500944145955145,0.003181333832322895,0.31291377544403076
20260908_v3_formal_cifar_clip_frozen_s42,23,joint,readout,0.001631581806577742,8.191440429072827e-05,5.302223053871491e-05,3.6312973499298096
20260908_v3_formal_cifar_clip_frozen_s42,23,joint,generator_decoder,0.02283225767314434,0.0007451635901816189,0.00015906669161614472,1.5426273345947266
20260908_v3_formal_cifar_clip_frozen_s42,24,joint,electronic,0.01204389426857233,0.00016310108185280114,4.628577531129671e-05,8.688679695129395
20260908_v3_formal_cifar_clip_frozen_s42,24,joint,fusion,0.0,0.0,0.0,0.0
20260908_v3_formal_cifar_clip_frozen_s42,24,joint,router,0.20780456066131592,0.0001005971062113531,0.0046285775311296715,0.056844230741262436
20260908_v3_formal_cifar_clip_frozen_s42,24,joint,global,0.34841087460517883,0.0004961380618624389,0.002777146518677803,0.31082838773727417
20260908_v3_formal_cifar_clip_frozen_s42,24,joint,readout,0.0013914789305999875,6.985999789321795e-05,4.628577531129671e-05,3.133871555328369
20260908_v3_formal_cifar_clip_frozen_s42,24,joint,generator_decoder,0.019057130441069603,0.0006204546079970896,0.00013885732593389014,1.6080076694488525
20260908_v3_formal_cifar_clip_frozen_s42,25,joint,electronic,0.011924093589186668,0.00016144989058375359,3.996640498102932e-05,10.325228691101074
20260908_v3_formal_cifar_clip_frozen_s42,25,joint,fusion,0.0,0.0,0.0,0.0
20260908_v3_formal_cifar_clip_frozen_s42,25,joint,router,0.1803700029850006,8.731507114134729e-05,0.003996640498102932,0.07413928210735321
20260908_v3_formal_cifar_clip_frozen_s42,25,joint,global,0.3603367805480957,0.0005072557833045721,0.0023979842988617593,0.342612087726593
20260908_v3_formal_cifar_clip_frozen_s42,25,joint,readout,0.0011504279682412744,5.7758927141549066e-05,3.996640498102932e-05,7.3910651206970215
20260908_v3_formal_cifar_clip_frozen_s42,25,joint,generator_decoder,0.02141372300684452,0.0006949208909645677,0.00011989921494308794,1.8935662508010864
20260908_v3_formal_cifar_clip_frozen_s42,26,joint,electronic,0.010698562487959862,0.000144826146424748,3.4256307876752716e-05,10.059163093566895
20260908_v3_formal_cifar_clip_frozen_s42,26,joint,fusion,0.0,0.0,0.0,0.0
20260908_v3_formal_cifar_clip_frozen_s42,26,joint,router,0.1532057672739029,7.416449079755694e-05,0.003425630787675271,0.04698599502444267
20260908_v3_formal_cifar_clip_frozen_s42,26,joint,global,0.2770867645740509,0.0003865225298795849,0.0020553784726051625,0.32775193452835083
20260908_v3_formal_cifar_clip_frozen_s42,26,joint,readout,0.0016543525271117687,8.305970550281927e-05,3.4256307876752716e-05,6.76539945602417
20260908_v3_formal_cifar_clip_frozen_s42,26,joint,generator_decoder,0.016230741515755653,0.000526920601259917,0.00010276892363025812,1.7755489349365234
20260908_v3_formal_cifar_clip_frozen_s42,27,joint,electronic,0.00902915932238102,0.0001222079008584842,2.932914275917099e-05,10.718886375427246
20260908_v3_formal_cifar_clip_frozen_s42,27,joint,fusion,0.0,0.0,0.0,0.0
20260908_v3_formal_cifar_clip_frozen_s42,27,joint,router,0.14726166427135468,7.12869077688083e-05,0.002932914275917099,0.05898432433605194
20260908_v3_formal_cifar_clip_frozen_s42,27,joint,global,0.2510455548763275,0.00034759979462251067,0.0017597485655502594,0.33771181106567383
20260908_v3_formal_cifar_clip_frozen_s42,27,joint,readout,0.0009276002529077232,4.6571982238674536e-05,2.932914275917099e-05,3.728684425354004
20260908_v3_formal_cifar_clip_frozen_s42,27,joint,generator_decoder,0.011327511630952358,0.00036779209040105343,8.798742827751296e-05,1.6878505945205688
20260908_v3_formal_cifar_clip_frozen_s42,28,joint,electronic,0.007294687908142805,9.872317605186254e-05,2.533475741063855e-05,19.105161666870117
20260908_v3_formal_cifar_clip_frozen_s42,28,joint,fusion,0.0,0.0,0.0,0.0
20260908_v3_formal_cifar_clip_frozen_s42,28,joint,router,0.12547777593135834,6.0740338085452095e-05,0.0025334757410638547,0.1021256223320961
20260908_v3_formal_cifar_clip_frozen_s42,28,joint,global,0.2425163984298706,0.0003337706148158759,0.001520085444638313,0.5404870510101318
20260908_v3_formal_cifar_clip_frozen_s42,28,joint,readout,0.0008630313095636666,4.3329637264832854e-05,2.533475741063855e-05,9.23478889465332
20260908_v3_formal_cifar_clip_frozen_s42,28,joint,generator_decoder,0.010165034793317318,0.00032952919718809426,7.600427223191564e-05,2.8961639404296875
20260908_v3_formal_cifar_clip_frozen_s42,29,joint,electronic,0.006952002644538879,9.408233017893508e-05,2.239463137812864e-05,13.071906089782715
20260908_v3_formal_cifar_clip_frozen_s42,29,joint,fusion,0.0,0.0,0.0,0.0
20260908_v3_formal_cifar_clip_frozen_s42,29,joint,router,0.12492337822914124,6.0470418247859925e-05,0.0022394631378128637,0.08128689974546432
20260908_v3_formal_cifar_clip_frozen_s42,29,joint,global,0.19013600051403046,0.0002603494212962687,0.0013436778826877182,0.4289843738079071
20260908_v3_formal_cifar_clip_frozen_s42,29,joint,readout,0.0007481222273781896,3.756021033041179e-05,2.239463137812864e-05,6.0040130615234375
20260908_v3_formal_cifar_clip_frozen_s42,29,joint,generator_decoder,0.008284141309559345,0.00026897425414063036,6.718389413438591e-05,2.3633477687835693
20260908_v3_formal_cifar_clip_frozen_s42,30,joint,electronic,0.005752828903496265,7.784627086948603e-05,2.0598181467309473e-05,15.512296676635742
20260908_v3_formal_cifar_clip_frozen_s42,30,joint,fusion,0.0,0.0,0.0,0.0
20260908_v3_formal_cifar_clip_frozen_s42,30,joint,router,0.14771652221679688,7.150337478378788e-05,0.002059818146730947,0.0840674564242363
20260908_v3_formal_cifar_clip_frozen_s42,30,joint,global,0.19255338609218597,0.00026250164955854416,0.0012358908880385682,0.5230545401573181
20260908_v3_formal_cifar_clip_frozen_s42,30,joint,readout,0.0006933128461241722,3.4808501368388534e-05,2.0598181467309473e-05,8.887528419494629
20260908_v3_formal_cifar_clip_frozen_s42,30,joint,generator_decoder,0.007605959195643663,0.0002467720187269151,6.17945444019284e-05,2.769217014312744
20260908_v3_formal_cifar_clip_lora_s42,1,experts,electronic,0.0,0.0,0.0,0.0
20260908_v3_formal_cifar_clip_lora_s42,1,experts,fusion,0.0,0.0,0.0,0.0
20260908_v3_formal_cifar_clip_lora_s42,1,experts,router,0.0,0.0,0.0,0.0
20260908_v3_formal_cifar_clip_lora_s42,1,experts,global,0.0,0.0,0.0,0.0
20260908_v3_formal_cifar_clip_lora_s42,1,experts,readout,0.0,0.0,0.0,0.0
20260908_v3_formal_cifar_clip_lora_s42,1,experts,generator_context,0.001567196799442172,0.0001961692178156227,5e-06,0.571319043636322
20260908_v3_formal_cifar_clip_lora_s42,1,experts,generator_decoder,0.007795029319822788,0.0002688220702111721,1.4999999999999999e-05,1.968103289604187
20260908_v3_formal_cifar_clip_lora_s42,2,experts,electronic,0.0,0.0,0.0,0.0
20260908_v3_formal_cifar_clip_lora_s42,2,experts,fusion,0.0,0.0,0.0,0.0
20260908_v3_formal_cifar_clip_lora_s42,2,experts,router,0.0,0.0,0.0,0.0
20260908_v3_formal_cifar_clip_lora_s42,2,experts,global,0.0,0.0,0.0,0.0
20260908_v3_formal_cifar_clip_lora_s42,2,experts,readout,0.0,0.0,0.0,0.0
20260908_v3_formal_cifar_clip_lora_s42,2,experts,generator_context,0.008948291651904583,0.0011189774377271533,8.82378565986098e-05,0.2492905855178833
20260908_v3_formal_cifar_clip_lora_s42,2,experts,generator_decoder,0.03256834298372269,0.0011038826778531075,0.00026471356979582936,4.323256492614746
20260908_v3_formal_cifar_clip_lora_s42,3,experts,electronic,0.0,0.0,0.0,0.0
20260908_v3_formal_cifar_clip_lora_s42,3,experts,fusion,0.0,0.0,0.0,0.0
20260908_v3_formal_cifar_clip_lora_s42,3,experts,router,0.0,0.0,0.0,0.0
20260908_v3_formal_cifar_clip_lora_s42,3,experts,global,0.0,0.0,0.0,0.0
20260908_v3_formal_cifar_clip_lora_s42,3,experts,readout,0.0,0.0,0.0,0.0
20260908_v3_formal_cifar_clip_lora_s42,3,experts,generator_context,0.006599515210837126,0.0008259351598098874,5.9868827264182535e-05,0.19130705296993256
20260908_v3_formal_cifar_clip_lora_s42,3,experts,generator_decoder,0.016473103314638138,0.0005590267828665674,0.00017960648179254758,5.026573181152344
20260908_v3_formal_cifar_clip_lora_s42,4,experts,electronic,0.0,0.0,0.0,0.0
20260908_v3_formal_cifar_clip_lora_s42,4,experts,fusion,0.0,0.0,0.0,0.0
20260908_v3_formal_cifar_clip_lora_s42,4,experts,router,0.0,0.0,0.0,0.0
20260908_v3_formal_cifar_clip_lora_s42,4,experts,global,0.0,0.0,0.0,0.0
20260908_v3_formal_cifar_clip_lora_s42,4,experts,readout,0.0,0.0,0.0,0.0
20260908_v3_formal_cifar_clip_lora_s42,4,experts,generator_context,0.003379654139280319,0.0004231328493915498,3.1576941556207164e-05,0.2636430263519287
20260908_v3_formal_cifar_clip_lora_s42,4,experts,generator_decoder,0.008921406231820583,0.00030243987566791475,9.473082466862147e-05,5.363431453704834
20260908_v3_formal_cifar_clip_lora_s42,5,optics,electronic,0.0,0.0,0.0,0.0
20260908_v3_formal_cifar_clip_lora_s42,5,optics,fusion,0.0,0.0,0.0,0.0
20260908_v3_formal_cifar_clip_lora_s42,5,optics,router,0.10410826653242111,5.046236401540227e-05,0.0005,0.06474384665489197
20260908_v3_formal_cifar_clip_lora_s42,5,optics,global,0.10546693950891495,0.002693933667615056,0.00030000000000000003,1.1670589447021484
20260908_v3_formal_cifar_clip_lora_s42,5,optics,readout,0.0,0.0,0.0,0.0
20260908_v3_formal_cifar_clip_lora_s42,5,optics,generator_context,0.0005413580220192671,6.775747169740498e-05,5e-06,0.1910366714000702
20260908_v3_formal_cifar_clip_lora_s42,5,optics,generator_decoder,0.0015012280782684684,5.089325350127183e-05,1.4999999999999999e-05,5.579957485198975
20260908_v3_formal_cifar_clip_lora_s42,6,optics,electronic,0.0,0.0,0.0,0.0
20260908_v3_formal_cifar_clip_lora_s42,6,optics,fusion,0.0,0.0,0.0,0.0
20260908_v3_formal_cifar_clip_lora_s42,6,optics,router,0.7375485897064209,0.0003574490547180176,0.009694891002992924,0.05773777514696121
20260908_v3_formal_cifar_clip_lora_s42,6,optics,global,1.0632092952728271,0.017618313431739807,0.005816934601795755,0.8780258893966675
20260908_v3_formal_cifar_clip_lora_s42,6,optics,readout,0.0,0.0,0.0,0.0
20260908_v3_formal_cifar_clip_lora_s42,6,optics,generator_context,0.003999178763478994,0.0005007297149859369,9.694891002992926e-05,0.14931444823741913
20260908_v3_formal_cifar_clip_lora_s42,6,optics,generator_decoder,0.057501170784235,0.0019408547086641192,0.0002908467300897877,5.891532897949219
20260908_v3_formal_cifar_clip_lora_s42,7,optics,electronic,0.0,0.0,0.0,0.0
20260908_v3_formal_cifar_clip_lora_s42,7,optics,fusion,0.0,0.0,0.0,0.0
20260908_v3_formal_cifar_clip_lora_s42,7,optics,router,0.33884263038635254,0.00016418215818703175,0.008826109761999027,0.08431316167116165
20260908_v3_formal_cifar_clip_lora_s42,7,optics,global,0.5998730659484863,0.006511953193694353,0.005295665857199415,0.559715986251831
20260908_v3_formal_cifar_clip_lora_s42,7,optics,readout,0.0,0.0,0.0,0.0
20260908_v3_formal_cifar_clip_lora_s42,7,optics,generator_context,0.004526146221905947,0.000566581729799509,8.826109761999026e-05,0.11949305236339569
20260908_v3_formal_cifar_clip_lora_s42,7,optics,generator_decoder,0.04968368634581566,0.0016713043441995978,0.00026478329285997075,3.5848464965820312
20260908_v3_formal_cifar_clip_lora_s42,8,optics,electronic,0.0,0.0,0.0,0.0
20260908_v3_formal_cifar_clip_lora_s42,8,optics,fusion,0.0,0.0,0.0,0.0
20260908_v3_formal_cifar_clip_lora_s42,8,optics,router,0.6091374158859253,0.00029509630985558033,0.00752619276354741,0.13087867200374603
20260908_v3_formal_cifar_clip_lora_s42,8,optics,global,0.6803260445594788,0.005105733871459961,0.004515715658128446,0.5698379278182983
20260908_v3_formal_cifar_clip_lora_s42,8,optics,readout,0.0,0.0,0.0,0.0
20260908_v3_formal_cifar_clip_lora_s42,8,optics,generator_context,0.007128699216991663,0.0008924159337766469,7.52619276354741e-05,0.11158332228660583
20260908_v3_formal_cifar_clip_lora_s42,8,optics,generator_decoder,0.030877169221639633,0.0010385975474491715,0.00022578578290642228,3.7455508708953857
20260908_v3_formal_cifar_clip_lora_s42,9,optics,electronic,0.0,0.0,0.0,0.0
20260908_v3_formal_cifar_clip_lora_s42,9,optics,fusion,0.0,0.0,0.0,0.0
20260908_v3_formal_cifar_clip_lora_s42,9,optics,router,0.4427639842033386,0.00021446638857014477,0.005993448193433091,0.11978092044591904
20260908_v3_formal_cifar_clip_lora_s42,9,optics,global,0.549159586429596,0.00308101624250412,0.0035960689160598547,0.5514169931411743
20260908_v3_formal_cifar_clip_lora_s42,9,optics,readout,0.0,0.0,0.0,0.0
20260908_v3_formal_cifar_clip_lora_s42,9,optics,generator_context,0.002924644388258457,0.00036599827581085265,5.993448193433091e-05,0.0966583862900734
20260908_v3_formal_cifar_clip_lora_s42,9,optics,generator_decoder,0.020205967128276825,0.0006778606912121177,0.00017980344580299272,3.600261926651001
20260908_v3_formal_cifar_clip_lora_s42,10,optics,electronic,0.0,0.0,0.0,0.0
20260908_v3_formal_cifar_clip_lora_s42,10,optics,fusion,0.0,0.0,0.0,0.0
20260908_v3_formal_cifar_clip_lora_s42,10,optics,router,0.19114018976688385,9.258063801098615e-05,0.004461703130883879,0.05487072095274925
20260908_v3_formal_cifar_clip_lora_s42,10,optics,global,0.392829954624176,0.0018011387437582016,0.0026770218785303274,0.43475088477134705
20260908_v3_formal_cifar_clip_lora_s42,10,optics,readout,0.0,0.0,0.0,0.0
20260908_v3_formal_cifar_clip_lora_s42,10,optics,generator_context,0.0021220948547124863,0.0002655841817613691,4.461703130883879e-05,0.06972000002861023
20260908_v3_formal_cifar_clip_lora_s42,10,optics,generator_decoder,0.016509858891367912,0.0005538741243071854,0.00013385109392651635,2.8252644538879395
20260908_v3_formal_cifar_clip_lora_s42,11,optics,electronic,0.0,0.0,0.0,0.0
20260908_v3_formal_cifar_clip_lora_s42,11,optics,fusion,0.0,0.0,0.0,0.0
20260908_v3_formal_cifar_clip_lora_s42,11,optics,router,0.1414802074432373,6.85246050124988e-05,0.00316463217575224,0.07346943020820618
20260908_v3_formal_cifar_clip_lora_s42,11,optics,global,0.32936301827430725,0.0013236586237326264,0.001898779305451344,0.755164623260498
20260908_v3_formal_cifar_clip_lora_s42,11,optics,readout,0.0,0.0,0.0,0.0
20260908_v3_formal_cifar_clip_lora_s42,11,optics,generator_context,0.002866443246603012,0.00035870529245585203,3.16463217575224e-05,0.1223309114575386
20260908_v3_formal_cifar_clip_lora_s42,11,optics,generator_decoder,0.010391217656433582,0.0003485694760456681,9.493896527256719e-05,4.905304908752441
20260908_v3_formal_cifar_clip_lora_s42,12,optics,electronic,0.0,0.0,0.0,0.0
20260908_v3_formal_cifar_clip_lora_s42,12,optics,fusion,0.0,0.0,0.0,0.0
20260908_v3_formal_cifar_clip_lora_s42,12,optics,router,0.0996169000864029,4.8247064114548266e-05,0.0023001093371217874,0.0824357271194458
20260908_v3_formal_cifar_clip_lora_s42,12,optics,global,0.23278631269931793,0.0008585960604250431,0.0013800656022730723,0.6135132908821106
20260908_v3_formal_cifar_clip_lora_s42,12,optics,readout,0.0,0.0,0.0,0.0
20260908_v3_formal_cifar_clip_lora_s42,12,optics,generator_context,0.0016921706264838576,0.00021174899302423,2.3001093371217874e-05,0.11354584246873856
20260908_v3_formal_cifar_clip_lora_s42,12,optics,generator_decoder,0.007032180670648813,0.00023586797760799527,6.900328011365362e-05,4.213776588439941
20260908_v3_formal_cifar_clip_lora_s42,13,joint,electronic,0.006687139626592398,9.107966616284102e-05,5e-06,14.092083930969238
20260908_v3_formal_cifar_clip_lora_s42,13,joint,fusion,0.0,0.0,0.0,0.0
20260908_v3_formal_cifar_clip_lora_s42,13,joint,router,0.01741725578904152,8.435602467216086e-06,0.0005,0.056381456553936005
20260908_v3_formal_cifar_clip_lora_s42,13,joint,global,0.05033362656831741,0.00017445196863263845,0.00030000000000000003,0.5148742198944092
20260908_v3_formal_cifar_clip_lora_s42,13,joint,readout,0.0007969345897436142,3.999609180027619e-05,5e-06,3.7168564796447754
20260908_v3_formal_cifar_clip_lora_s42,13,joint,generator_context,0.0003458452702034265,4.327694114181213e-05,5e-06,0.0860585942864418
20260908_v3_formal_cifar_clip_lora_s42,13,joint,generator_decoder,0.0014959300169721246,5.017233706894331e-05,1.4999999999999999e-05,3.80110239982605
20260908_v3_formal_cifar_clip_lora_s42,14,joint,electronic,0.03145555034279823,0.00042836155625991523,9.93917484850684e-05,6.13219690322876
20260908_v3_formal_cifar_clip_lora_s42,14,joint,fusion,0.0,0.0,0.0,0.0
20260908_v3_formal_cifar_clip_lora_s42,14,joint,router,0.28825438022613525,0.0001396059087710455,0.00993917484850684,0.05613461881875992
20260908_v3_formal_cifar_clip_lora_s42,14,joint,global,0.7660776376724243,0.0021041561849415302,0.005963504909104104,0.2051078826189041
20260908_v3_formal_cifar_clip_lora_s42,14,joint,readout,0.003700233530253172,0.00018571634427644312,9.93917484850684e-05,1.8081072568893433
20260908_v3_formal_cifar_clip_lora_s42,14,joint,generator_context,0.0038469061255455017,0.0004811403632629663,9.93917484850684e-05,0.043967343866825104
20260908_v3_formal_cifar_clip_lora_s42,14,joint,generator_decoder,0.034464411437511444,0.0011541548883542418,0.0002981752454552052,1.4712178707122803
20260908_v3_formal_cifar_clip_lora_s42,15,joint,electronic,0.03577246144413948,0.00048679925384931266,9.75854924355444e-05,6.710527420043945
20260908_v3_formal_cifar_clip_lora_s42,15,joint,fusion,0.0,0.0,0.0,0.0
20260908_v3_formal_cifar_clip_lora_s42,15,joint,router,0.30947208404541016,0.00014987916802056134,0.00975854924355444,0.05635824427008629
20260908_v3_formal_cifar_clip_lora_s42,15,joint,global,0.7276268005371094,0.001660213340073824,0.005855129546132664,0.22989076375961304
20260908_v3_formal_cifar_clip_lora_s42,15,joint,readout,0.004267376847565174,0.00021419783297460526,9.75854924355444e-05,2.3589327335357666
20260908_v3_formal_cifar_clip_lora_s42,15,joint,generator_context,0.0032219234853982925,0.0004028031835332513,9.75854924355444e-05,0.026679787784814835
20260908_v3_formal_cifar_clip_lora_s42,15,joint,generator_decoder,0.042534831911325455,0.001419456792064011,0.00029275647730663316,1.3411798477172852
20260908_v3_formal_cifar_clip_lora_s42,16,joint,electronic,0.03039952740073204,0.000413450034102425,9.463616475035189e-05,7.579071998596191
20260908_v3_formal_cifar_clip_lora_s42,16,joint,fusion,0.0,0.0,0.0,0.0
20260908_v3_formal_cifar_clip_lora_s42,16,joint,router,0.460475891828537,0.00022299560077954084,0.009463616475035188,0.053751301020383835
20260908_v3_formal_cifar_clip_lora_s42,16,joint,global,0.7314159870147705,0.0014620850561186671,0.005678169885021113,0.2092883139848709
20260908_v3_formal_cifar_clip_lora_s42,16,joint,readout,0.0038387079257518053,0.0001926887343870476,9.463616475035189e-05,2.2050464153289795
20260908_v3_formal_cifar_clip_lora_s42,16,joint,generator_context,0.006012497004121542,0.0007515817414969206,9.463616475035189e-05,0.03161981329321861
20260908_v3_formal_cifar_clip_lora_s42,16,joint,generator_decoder,0.0503852404654026,0.0016754932003095746,0.00028390849425105564,1.3573353290557861
20260908_v3_formal_cifar_clip_lora_s42,17,joint,electronic,0.02743063122034073,0.0003727444855030626,9.063346208111827e-05,7.025396823883057
20260908_v3_formal_cifar_clip_lora_s42,17,joint,fusion,0.0,0.0,0.0,0.0
20260908_v3_formal_cifar_clip_lora_s42,17,joint,router,0.36633315682411194,0.0001774003467289731,0.009063346208111826,0.05823643505573273
20260908_v3_formal_cifar_clip_lora_s42,17,joint,global,0.6471720337867737,0.001177031546831131,0.005438007724867096,0.2482302039861679
20260908_v3_formal_cifar_clip_lora_s42,17,joint,readout,0.002452528104186058,0.00012311369937378913,9.063346208111827e-05,2.606022357940674
20260908_v3_formal_cifar_clip_lora_s42,17,joint,generator_context,0.0028180161025375128,0.00035211065551266074,9.063346208111827e-05,0.026619412004947662
20260908_v3_formal_cifar_clip_lora_s42,17,joint,generator_decoder,0.03818826749920845,0.0012649059062823653,0.0002719003862433548,1.4943292140960693
20260908_v3_formal_cifar_clip_lora_s42,18,joint,electronic,0.026345543563365936,0.0003577707684598863,8.569911692596261e-05,8.440159797668457
20260908_v3_formal_cifar_clip_lora_s42,18,joint,fusion,0.0,0.0,0.0,0.0
20260908_v3_formal_cifar_clip_lora_s42,18,joint,router,0.35451391339302063,0.0001716676924843341,0.008569911692596261,0.05801039934158325
20260908_v3_formal_cifar_clip_lora_s42,18,joint,global,0.6807276606559753,0.0011555759701877832,0.005141947015557757,0.2811545133590698
20260908_v3_formal_cifar_clip_lora_s42,18,joint,readout,0.0024704819079488516,0.0001240164419868961,8.569911692596261e-05,2.8837883472442627
20260908_v3_formal_cifar_clip_lora_s42,18,joint,generator_context,0.004798000678420067,0.0005995348328724504,8.569911692596261e-05,0.04047122970223427
20260908_v3_formal_cifar_clip_lora_s42,18,joint,generator_decoder,0.03988124057650566,0.0013166932621970773,0.0002570973507778878,1.6475352048873901
20260908_v3_formal_cifar_clip_lora_s42,19,joint,electronic,0.022419672459363937,0.0003042780444957316,7.998319543067591e-05,8.197640419006348
20260908_v3_formal_cifar_clip_lora_s42,19,joint,fusion,0.0,0.0,0.0,0.0
20260908_v3_formal_cifar_clip_lora_s42,19,joint,router,0.2767713963985443,0.00013401634350884706,0.007998319543067591,0.0539497435092926
20260908_v3_formal_cifar_clip_lora_s42,19,joint,global,0.5804337859153748,0.0009360763360746205,0.004798991725840555,0.26116394996643066
20260908_v3_formal_cifar_clip_lora_s42,19,joint,readout,0.0032162151765078306,0.00016144842084031552,7.998319543067591e-05,4.207805156707764
20260908_v3_formal_cifar_clip_lora_s42,19,joint,generator_context,0.004063471220433712,0.000507378310430795,7.998319543067591e-05,0.05574631318449974
20260908_v3_formal_cifar_clip_lora_s42,19,joint,generator_decoder,0.039983831346035004,0.0013140803202986717,0.00023994958629202772,1.4520691633224487
20260908_v3_formal_cifar_clip_lora_s42,20,joint,electronic,0.02240031026303768,0.0003038688737433404,7.365953349069506e-05,7.901812553405762
20260908_v3_formal_cifar_clip_lora_s42,20,joint,fusion,0.0,0.0,0.0,0.0
20260908_v3_formal_cifar_clip_lora_s42,20,joint,router,0.23333391547203064,0.000112976944365073,0.007365953349069505,0.07053638994693756
20260908_v3_formal_cifar_clip_lora_s42,20,joint,global,0.4834100902080536,0.0007497849292121828,0.004419572009441703,0.2703879177570343
20260908_v3_formal_cifar_clip_lora_s42,20,joint,readout,0.002430741675198078,0.00012202314246678725,7.365953349069506e-05,2.7090492248535156
20260908_v3_formal_cifar_clip_lora_s42,20,joint,generator_context,0.012265758588910103,0.0015286963898688555,7.365953349069506e-05,0.04149443656206131
20260908_v3_formal_cifar_clip_lora_s42,20,joint,generator_decoder,0.04137187451124191,0.0013516315957531333,0.00022097860047208512,1.4876641035079956
20260908_v3_formal_cifar_clip_lora_s42,21,joint,electronic,0.020954210311174393,0.00028415367705747485,6.69204499537655e-05,8.862792015075684
20260908_v3_formal_cifar_clip_lora_s42,21,joint,fusion,0.0,0.0,0.0,0.0
20260908_v3_formal_cifar_clip_lora_s42,21,joint,router,0.3142029047012329,0.00015212554717436433,0.00669204499537655,0.07029734551906586
20260908_v3_formal_cifar_clip_lora_s42,21,joint,global,0.5409271121025085,0.0008143831510096788,0.00401522699722593,0.29035884141921997
20260908_v3_formal_cifar_clip_lora_s42,21,joint,readout,0.002084223786368966,0.00010463006037753075,6.69204499537655e-05,3.285634994506836
20260908_v3_formal_cifar_clip_lora_s42,21,joint,generator_context,0.0034000456798821688,0.0004235526721458882,6.69204499537655e-05,0.04608367756009102
20260908_v3_formal_cifar_clip_lora_s42,21,joint,generator_decoder,0.03353258967399597,0.0010918023763224483,0.00020076134986129647,1.5007413625717163
20260908_v3_formal_cifar_clip_lora_s42,22,joint,electronic,0.017919911071658134,0.00024293157912325114,5.997089770841662e-05,9.924235343933105
20260908_v3_formal_cifar_clip_lora_s42,22,joint,fusion,0.0,0.0,0.0,0.0
20260908_v3_formal_cifar_clip_lora_s42,22,joint,router,0.2086043357849121,0.00010099016799358651,0.005997089770841662,0.06761287152767181
20260908_v3_formal_cifar_clip_lora_s42,22,joint,global,0.5555850267410278,0.0008173623937182128,0.003598253862504997,0.3151778280735016
20260908_v3_formal_cifar_clip_lora_s42,22,joint,readout,0.0017843571258708835,8.957776299212128e-05,5.997089770841662e-05,3.7746081352233887
20260908_v3_formal_cifar_clip_lora_s42,22,joint,generator_context,0.003089155536144972,0.0003849513886962086,5.997089770841662e-05,0.05055764690041542
20260908_v3_formal_cifar_clip_lora_s42,22,joint,generator_decoder,0.025116432458162308,0.0008192405221052468,0.00017991269312524983,1.7335678339004517
20260908_v3_formal_cifar_clip_lora_s42,23,joint,electronic,0.016309738159179688,0.00022104008530732244,5.302223053871491e-05,8.298219680786133
20260908_v3_formal_cifar_clip_lora_s42,23,joint,fusion,0.0,0.0,0.0,0.0
20260908_v3_formal_cifar_clip_lora_s42,23,joint,router,0.2593451142311096,0.00012554810382425785,0.0053022230538714915,0.08376670628786087
20260908_v3_formal_cifar_clip_lora_s42,23,joint,global,0.4227680563926697,0.0006107547669671476,0.003181333832322895,0.2671363949775696
20260908_v3_formal_cifar_clip_lora_s42,23,joint,readout,0.001997931394726038,0.00010030211706180125,5.302223053871491e-05,2.7992444038391113
20260908_v3_formal_cifar_clip_lora_s42,23,joint,generator_context,0.004399391822516918,0.0005476260557770729,5.302223053871491e-05,0.04197727516293526
20260908_v3_formal_cifar_clip_lora_s42,23,joint,generator_decoder,0.02244352176785469,0.0007316669216379523,0.00015906669161614472,1.3897122144699097
20260908_v3_formal_cifar_clip_lora_s42,24,joint,electronic,0.013573478907346725,0.00018388335593044758,4.628577531129671e-05,8.34574031829834
20260908_v3_formal_cifar_clip_lora_s42,24,joint,fusion,0.0,0.0,0.0,0.0
20260908_v3_formal_cifar_clip_lora_s42,24,joint,router,0.21572019159793854,0.00010442094935569912,0.0046285775311296715,0.06226740777492523
20260908_v3_formal_cifar_clip_lora_s42,24,joint,global,0.38557684421539307,0.0005490880575962365,0.002777146518677803,0.2660234868526459
20260908_v3_formal_cifar_clip_lora_s42,24,joint,readout,0.0012828237377107143,6.440233119064942e-05,4.628577531129671e-05,2.3449132442474365
20260908_v3_formal_cifar_clip_lora_s42,24,joint,generator_context,0.0028659335803240538,0.0003566972736734897,4.628577531129671e-05,0.044913891702890396
20260908_v3_formal_cifar_clip_lora_s42,24,joint,generator_decoder,0.02379930391907692,0.0007745924522168934,0.00013885732593389014,1.5067673921585083
20260908_v3_formal_cifar_clip_lora_s42,25,joint,electronic,0.01170414499938488,0.00015853183867875487,3.996640498102932e-05,11.373390197753906
20260908_v3_formal_cifar_clip_lora_s42,25,joint,fusion,0.0,0.0,0.0,0.0
20260908_v3_formal_cifar_clip_lora_s42,25,joint,router,0.21627101302146912,0.00010468542313901708,0.003996640498102932,0.07406412810087204
20260908_v3_formal_cifar_clip_lora_s42,25,joint,global,0.40034961700439453,0.0005636119749397039,0.0023979842988617593,0.3584386706352234
20260908_v3_formal_cifar_clip_lora_s42,25,joint,readout,0.001026983023621142,5.1559203711804e-05,3.996640498102932e-05,7.266430377960205
20260908_v3_formal_cifar_clip_lora_s42,25,joint,generator_context,0.002802548697218299,0.00034905533539131284,3.996640498102932e-05,0.08902445435523987
20260908_v3_formal_cifar_clip_lora_s42,25,joint,generator_decoder,0.015257698483765125,0.0004963681567460299,0.00011989921494308794,2.100367546081543
20260908_v3_formal_cifar_clip_lora_s42,26,joint,electronic,0.011187093332409859,0.0001514984469395131,3.4256307876752716e-05,11.252001762390137
20260908_v3_formal_cifar_clip_lora_s42,26,joint,fusion,0.0,0.0,0.0,0.0
20260908_v3_formal_cifar_clip_lora_s42,26,joint,router,0.17632126808166504,8.534447260899469e-05,0.003425630787675271,0.06496360898017883
20260908_v3_formal_cifar_clip_lora_s42,26,joint,global,0.2755325436592102,0.00038432885776273906,0.0020553784726051625,0.3686276972293854
20260908_v3_formal_cifar_clip_lora_s42,26,joint,readout,0.0017743645003065467,8.908384916139767e-05,3.4256307876752716e-05,5.64029598236084
20260908_v3_formal_cifar_clip_lora_s42,26,joint,generator_context,0.003639567643404007,0.0004532512975856662,3.4256307876752716e-05,0.04986026510596275
20260908_v3_formal_cifar_clip_lora_s42,26,joint,generator_decoder,0.013232698664069176,0.00043092487612739205,0.00010276892363025812,2.1892824172973633
20260908_v3_formal_cifar_clip_lora_s42,27,joint,electronic,0.009333131834864616,0.00012637236795853823,2.932914275917099e-05,12.796586036682129
20260908_v3_formal_cifar_clip_lora_s42,27,joint,fusion,0.0,0.0,0.0,0.0
20260908_v3_formal_cifar_clip_lora_s42,27,joint,router,0.20423662662506104,9.885455801850185e-05,0.002932914275917099,0.06722579151391983
20260908_v3_formal_cifar_clip_lora_s42,27,joint,global,0.25704750418663025,0.0003559185133781284,0.0017597485655502594,0.3968251347541809
20260908_v3_formal_cifar_clip_lora_s42,27,joint,readout,0.0008321774657815695,4.1780982428463176e-05,2.932914275917099e-05,4.890283584594727
20260908_v3_formal_cifar_clip_lora_s42,27,joint,generator_context,0.002182300668209791,0.00027177613810636103,2.932914275917099e-05,0.05378210172057152
20260908_v3_formal_cifar_clip_lora_s42,27,joint,generator_decoder,0.011138005182147026,0.0003621792420744896,8.798742827751296e-05,2.0257961750030518
20260908_v3_formal_cifar_clip_lora_s42,28,joint,electronic,0.007275499869138002,9.85051883617416e-05,2.533475741063855e-05,17.23805809020996
20260908_v3_formal_cifar_clip_lora_s42,28,joint,fusion,0.0,0.0,0.0,0.0
20260908_v3_formal_cifar_clip_lora_s42,28,joint,router,0.1694062501192093,8.199478179449216e-05,0.0025334757410638547,0.09946350753307343
20260908_v3_formal_cifar_clip_lora_s42,28,joint,global,0.23998087644577026,0.0003303071716800332,0.001520085444638313,0.5689218640327454
20260908_v3_formal_cifar_clip_lora_s42,28,joint,readout,0.0008458149968646467,4.2465751903364435e-05,2.533475741063855e-05,9.833868980407715
20260908_v3_formal_cifar_clip_lora_s42,28,joint,generator_context,0.004088980611413717,0.0005092868232168257,2.533475741063855e-05,0.06425721943378448
20260908_v3_formal_cifar_clip_lora_s42,28,joint,generator_decoder,0.00951191782951355,0.0003093755221925676,7.600427223191564e-05,2.930521249771118
20260908_v3_formal_cifar_clip_lora_s42,29,joint,electronic,0.00719429599121213,9.739739471115172e-05,2.239463137812864e-05,12.255412101745605
20260908_v3_formal_cifar_clip_lora_s42,29,joint,fusion,0.0,0.0,0.0,0.0
20260908_v3_formal_cifar_clip_lora_s42,29,joint,router,0.1286744773387909,6.227973790373653e-05,0.0022394631378128637,0.0662989392876625
20260908_v3_formal_cifar_clip_lora_s42,29,joint,global,0.20320995151996613,0.000278286577668041,0.0013436778826877182,0.4087660014629364
20260908_v3_formal_cifar_clip_lora_s42,29,joint,readout,0.0007690941565670073,3.861400546156801e-05,2.239463137812864e-05,7.063965320587158
20260908_v3_formal_cifar_clip_lora_s42,29,joint,generator_context,0.0024216510355472565,0.000301474763546139,2.239463137812864e-05,0.04475291818380356
20260908_v3_formal_cifar_clip_lora_s42,29,joint,generator_decoder,0.008112601935863495,0.00026358969626016915,6.718389413438591e-05,2.342148542404175
20260908_v3_formal_cifar_clip_lora_s42,30,joint,electronic,0.0058851162903010845,7.966855628183112e-05,2.0598181467309473e-05,16.984453201293945
20260908_v3_formal_cifar_clip_lora_s42,30,joint,fusion,0.0,0.0,0.0,0.0
20260908_v3_formal_cifar_clip_lora_s42,30,joint,router,0.1356397420167923,6.565009243786335e-05,0.002059818146730947,0.10183312743902206
20260908_v3_formal_cifar_clip_lora_s42,30,joint,global,0.18035052716732025,0.000245895265834406,0.0012358908880385682,0.5722892880439758
20260908_v3_formal_cifar_clip_lora_s42,30,joint,readout,0.0007961742230691016,3.9973594539333135e-05,2.0598181467309473e-05,9.601863861083984
20260908_v3_formal_cifar_clip_lora_s42,30,joint,generator_context,0.001970213372260332,0.0002453852794133127,2.0598181467309473e-05,0.05323882773518562
20260908_v3_formal_cifar_clip_lora_s42,30,joint,generator_decoder,0.007547782734036446,0.00024543036124669015,6.17945444019284e-05,3.1207711696624756
20260908_v3_formal_imagenette_fixed_s42,1,experts,electronic,0.0,0.0,0.0,0
20260908_v3_formal_imagenette_fixed_s42,1,experts,fusion,0.0,0.0,0.0,0
20260908_v3_formal_imagenette_fixed_s42,1,experts,router,0.0,0.0,0.0,0
20260908_v3_formal_imagenette_fixed_s42,1,experts,global,0.0,0.0,0.0,0
20260908_v3_formal_imagenette_fixed_s42,1,experts,readout,0.0,0.0,0.0,0
20260908_v3_formal_imagenette_fixed_s42,2,experts,electronic,0.0,0.0,0.0,0
20260908_v3_formal_imagenette_fixed_s42,2,experts,fusion,0.0,0.0,0.0,0
20260908_v3_formal_imagenette_fixed_s42,2,experts,router,0.0,0.0,0.0,0
20260908_v3_formal_imagenette_fixed_s42,2,experts,global,0.0,0.0,0.0,0
20260908_v3_formal_imagenette_fixed_s42,2,experts,readout,0.0,0.0,0.0,0
20260908_v3_formal_imagenette_fixed_s42,3,experts,electronic,0.0,0.0,0.0,0
20260908_v3_formal_imagenette_fixed_s42,3,experts,fusion,0.0,0.0,0.0,0
20260908_v3_formal_imagenette_fixed_s42,3,experts,router,0.0,0.0,0.0,0
20260908_v3_formal_imagenette_fixed_s42,3,experts,global,0.0,0.0,0.0,0
20260908_v3_formal_imagenette_fixed_s42,3,experts,readout,0.0,0.0,0.0,0
20260908_v3_formal_imagenette_fixed_s42,4,experts,electronic,0.0,0.0,0.0,0
20260908_v3_formal_imagenette_fixed_s42,4,experts,fusion,0.0,0.0,0.0,0
20260908_v3_formal_imagenette_fixed_s42,4,experts,router,0.0,0.0,0.0,0
20260908_v3_formal_imagenette_fixed_s42,4,experts,global,0.0,0.0,0.0,0
20260908_v3_formal_imagenette_fixed_s42,4,experts,readout,0.0,0.0,0.0,0
20260908_v3_formal_imagenette_fixed_s42,5,optics,electronic,0.0,0.0,0.0,0.0
20260908_v3_formal_imagenette_fixed_s42,5,optics,fusion,0.0,0.0,0.0,0.0
20260908_v3_formal_imagenette_fixed_s42,5,optics,router,0.09803587198257446,4.751900996780023e-05,0.0005,0.013389253057539463
20260908_v3_formal_imagenette_fixed_s42,5,optics,global,0.10489963740110397,0.00267944298684597,0.00030000000000000003,0.5962290167808533
20260908_v3_formal_imagenette_fixed_s42,5,optics,readout,0.0,0.0,0.0,0.0
20260908_v3_formal_imagenette_fixed_s42,6,optics,electronic,0.0,0.0,0.0,0.0
20260908_v3_formal_imagenette_fixed_s42,6,optics,fusion,0.0,0.0,0.0,0.0
20260908_v3_formal_imagenette_fixed_s42,6,optics,router,0.49383431673049927,0.0002393282193224877,0.009694891002992924,0.013253362849354744
20260908_v3_formal_imagenette_fixed_s42,6,optics,global,0.6293414831161499,0.010184240527451038,0.005816934601795755,0.3315903842449188
20260908_v3_formal_imagenette_fixed_s42,6,optics,readout,0.0,0.0,0.0,0.0
20260908_v3_formal_imagenette_fixed_s42,7,optics,electronic,0.0,0.0,0.0,0.0
20260908_v3_formal_imagenette_fixed_s42,7,optics,fusion,0.0,0.0,0.0,0.0
20260908_v3_formal_imagenette_fixed_s42,7,optics,router,0.369527131319046,0.00017905871209222823,0.008826109761999027,0.02681431919336319
20260908_v3_formal_imagenette_fixed_s42,7,optics,global,0.6204323172569275,0.006635162979364395,0.005295665857199415,0.3421788513660431
20260908_v3_formal_imagenette_fixed_s42,7,optics,readout,0.0,0.0,0.0,0.0
20260908_v3_formal_imagenette_fixed_s42,8,optics,electronic,0.0,0.0,0.0,0.0
20260908_v3_formal_imagenette_fixed_s42,8,optics,fusion,0.0,0.0,0.0,0.0
20260908_v3_formal_imagenette_fixed_s42,8,optics,router,0.3120953440666199,0.00015120870375540107,0.00752619276354741,0.018122175708413124
20260908_v3_formal_imagenette_fixed_s42,8,optics,global,0.6503798365592957,0.0047952039167284966,0.004515715658128446,0.3102465569972992
20260908_v3_formal_imagenette_fixed_s42,8,optics,readout,0.0,0.0,0.0,0.0
20260908_v3_formal_imagenette_fixed_s42,9,optics,electronic,0.0,0.0,0.0,0.0
20260908_v3_formal_imagenette_fixed_s42,9,optics,fusion,0.0,0.0,0.0,0.0
20260908_v3_formal_imagenette_fixed_s42,9,optics,router,0.26253435015678406,0.00012718993821181357,0.005993448193433091,0.021832404658198357
20260908_v3_formal_imagenette_fixed_s42,9,optics,global,0.5623151063919067,0.003111422760412097,0.0035960689160598547,0.32178860902786255
20260908_v3_formal_imagenette_fixed_s42,9,optics,readout,0.0,0.0,0.0,0.0
20260908_v3_formal_imagenette_fixed_s42,10,optics,electronic,0.0,0.0,0.0,0.0
20260908_v3_formal_imagenette_fixed_s42,10,optics,fusion,0.0,0.0,0.0,0.0
20260908_v3_formal_imagenette_fixed_s42,10,optics,router,0.1434020698070526,6.946836219867691e-05,0.004461703130883879,0.0332651324570179
20260908_v3_formal_imagenette_fixed_s42,10,optics,global,0.3933233618736267,0.0017804306698963046,0.0026770218785303274,0.2939932942390442
20260908_v3_formal_imagenette_fixed_s42,10,optics,readout,0.0,0.0,0.0,0.0
20260908_v3_formal_imagenette_fixed_s42,11,optics,electronic,0.0,0.0,0.0,0.0
20260908_v3_formal_imagenette_fixed_s42,11,optics,fusion,0.0,0.0,0.0,0.0
20260908_v3_formal_imagenette_fixed_s42,11,optics,router,0.2548319697380066,0.0001234458904946223,0.00316463217575224,0.03341023996472359
20260908_v3_formal_imagenette_fixed_s42,11,optics,global,0.3360360562801361,0.001335587934590876,0.001898779305451344,0.3566395342350006
20260908_v3_formal_imagenette_fixed_s42,11,optics,readout,0.0,0.0,0.0,0.0
20260908_v3_formal_imagenette_fixed_s42,12,optics,electronic,0.0,0.0,0.0,0.0
20260908_v3_formal_imagenette_fixed_s42,12,optics,fusion,0.0,0.0,0.0,0.0
20260908_v3_formal_imagenette_fixed_s42,12,optics,router,0.15489928424358368,7.503484084736556e-05,0.0023001093371217874,0.03901819884777069
20260908_v3_formal_imagenette_fixed_s42,12,optics,global,0.2392149120569229,0.0008730755071155727,0.0013800656022730723,0.36675548553466797
20260908_v3_formal_imagenette_fixed_s42,12,optics,readout,0.0,0.0,0.0,0.0
20260908_v3_formal_imagenette_fixed_s42,13,joint,electronic,0.006687445100396872,9.108382801059633e-05,5e-06,12.573333740234375
20260908_v3_formal_imagenette_fixed_s42,13,joint,fusion,0.0,0.0,0.0,0.0
20260908_v3_formal_imagenette_fixed_s42,13,joint,router,0.038579270243644714,1.8688078853301704e-05,0.0005,0.03327859938144684
20260908_v3_formal_imagenette_fixed_s42,13,joint,global,0.04859558492898941,0.00016679269901942462,0.00030000000000000003,0.43659141659736633
20260908_v3_formal_imagenette_fixed_s42,13,joint,readout,0.0007969175931066275,3.9995236875256523e-05,5e-06,3.7320263385772705
20260908_v3_formal_imagenette_fixed_s42,14,joint,electronic,0.032810028642416,0.00044645630987361073,9.93917484850684e-05,5.902768611907959
20260908_v3_formal_imagenette_fixed_s42,14,joint,fusion,0.0,0.0,0.0,0.0
20260908_v3_formal_imagenette_fixed_s42,14,joint,router,0.47567513585090637,0.00023040386440698057,0.00993917484850684,0.04241875559091568
20260908_v3_formal_imagenette_fixed_s42,14,joint,global,0.7925958037376404,0.002161684213206172,0.005963504909104104,0.19760991632938385
20260908_v3_formal_imagenette_fixed_s42,14,joint,readout,0.004291575867682695,0.00021536360145546496,9.93917484850684e-05,2.6337015628814697
20260908_v3_formal_imagenette_fixed_s42,15,joint,electronic,0.03237883374094963,0.0004399665631353855,9.75854924355444e-05,7.431693077087402
20260908_v3_formal_imagenette_fixed_s42,15,joint,fusion,0.0,0.0,0.0,0.0
20260908_v3_formal_imagenette_fixed_s42,15,joint,router,0.32312023639678955,0.00015650468412786722,0.00975854924355444,0.01741551235318184
20260908_v3_formal_imagenette_fixed_s42,15,joint,global,0.8586167693138123,0.0019477998139336705,0.005855129546132664,0.2831685543060303
20260908_v3_formal_imagenette_fixed_s42,15,joint,readout,0.004727216903120279,0.00023723063350189477,9.75854924355444e-05,2.160548448562622
20260908_v3_formal_imagenette_fixed_s42,16,joint,electronic,0.030776135623455048,0.00041764520574361086,9.463616475035189e-05,8.005964279174805
20260908_v3_formal_imagenette_fixed_s42,16,joint,fusion,0.0,0.0,0.0,0.0
20260908_v3_formal_imagenette_fixed_s42,16,joint,router,0.3209010064601898,0.0001554242626298219,0.009463616475035188,0.02252846211194992
20260908_v3_formal_imagenette_fixed_s42,16,joint,global,0.9064565896987915,0.0018040084978565574,0.005678169885021113,0.23876813054084778
20260908_v3_formal_imagenette_fixed_s42,16,joint,readout,0.002625343855470419,0.0001317468413617462,9.463616475035189e-05,2.5022411346435547
20260908_v3_formal_imagenette_fixed_s42,17,joint,electronic,0.026942327618598938,0.00036519140121527016,9.063346208111827e-05,7.368880271911621
20260908_v3_formal_imagenette_fixed_s42,17,joint,fusion,0.0,0.0,0.0,0.0
20260908_v3_formal_imagenette_fixed_s42,17,joint,router,0.4226416051387787,0.00020468528964556754,0.009063346208111826,0.01076765637844801
20260908_v3_formal_imagenette_fixed_s42,17,joint,global,0.6706751585006714,0.0012156445300206542,0.005438007724867096,0.2442597895860672
20260908_v3_formal_imagenette_fixed_s42,17,joint,readout,0.0026806523092091084,0.00013451342238113284,9.063346208111827e-05,5.69644021987915
20260908_v3_formal_imagenette_fixed_s42,18,joint,electronic,0.02755330502986908,0.0003729386953637004,8.569911692596261e-05,12.06694221496582
20260908_v3_formal_imagenette_fixed_s42,18,joint,fusion,0.0,0.0,0.0,0.0
20260908_v3_formal_imagenette_fixed_s42,18,joint,router,0.5464595556259155,0.0002646383654791862,0.008569911692596261,0.05143114924430847
20260908_v3_formal_imagenette_fixed_s42,18,joint,global,1.1332440376281738,0.0019188780570402741,0.005141947015557757,0.34055864810943604
20260908_v3_formal_imagenette_fixed_s42,18,joint,readout,0.003072369610890746,0.00015416961105074733,8.569911692596261e-05,10.231298446655273
20260908_v3_formal_imagenette_fixed_s42,19,joint,electronic,0.026862749829888344,0.00036327834823168814,7.998319543067591e-05,5.693719387054443
20260908_v3_formal_imagenette_fixed_s42,19,joint,fusion,0.0,0.0,0.0,0.0
20260908_v3_formal_imagenette_fixed_s42,19,joint,router,0.48569968342781067,0.00023519605747424066,0.007998319543067591,0.02158607728779316
20260908_v3_formal_imagenette_fixed_s42,19,joint,global,0.6204894781112671,0.000998660922050476,0.004798991725840555,0.1679694801568985
20260908_v3_formal_imagenette_fixed_s42,19,joint,readout,0.0034262428525835276,0.0001719207939459011,7.998319543067591e-05,2.021135091781616
20260908_v3_formal_imagenette_fixed_s42,20,joint,electronic,0.022602606564760208,0.0003053565451409668,7.365953349069506e-05,6.698654651641846
20260908_v3_formal_imagenette_fixed_s42,20,joint,fusion,0.0,0.0,0.0,0.0
20260908_v3_formal_imagenette_fixed_s42,20,joint,router,0.21404631435871124,0.00010364491754444316,0.007365953349069505,0.0233899112790823
20260908_v3_formal_imagenette_fixed_s42,20,joint,global,0.4857958257198334,0.0007527247653342783,0.004419572009441703,0.1814689189195633
20260908_v3_formal_imagenette_fixed_s42,20,joint,readout,0.003090969054028392,0.00015509162039961666,7.365953349069506e-05,4.811366558074951
20260908_v3_formal_imagenette_fixed_s42,21,joint,electronic,0.021991603076457977,0.00029692138195969164,6.69204499537655e-05,5.0595903396606445
20260908_v3_formal_imagenette_fixed_s42,21,joint,fusion,0.0,0.0,0.0,0.0
20260908_v3_formal_imagenette_fixed_s42,21,joint,router,0.1999683529138565,9.68209860729985e-05,0.00669204499537655,0.017009541392326355
20260908_v3_formal_imagenette_fixed_s42,21,joint,global,0.4025265872478485,0.0006056612473912537,0.00401522699722593,0.1440117359161377
20260908_v3_formal_imagenette_fixed_s42,21,joint,readout,0.002026595640927553,0.00010168584412895143,6.69204499537655e-05,3.0477383136749268
20260908_v3_formal_imagenette_fixed_s42,22,joint,electronic,0.018357019871473312,0.00024768791627138853,5.997089770841662e-05,5.727502822875977
20260908_v3_formal_imagenette_fixed_s42,22,joint,fusion,0.0,0.0,0.0,0.0
20260908_v3_formal_imagenette_fixed_s42,22,joint,router,0.2718585729598999,0.00013162194227334112,0.005997089770841662,0.01847079023718834
20260908_v3_formal_imagenette_fixed_s42,22,joint,global,0.40850183367729187,0.0006008074269630015,0.003598253862504997,0.1767427623271942
20260908_v3_formal_imagenette_fixed_s42,22,joint,readout,0.0017627028282731771,8.844152034725994e-05,5.997089770841662e-05,2.559749126434326
20260908_v3_formal_imagenette_fixed_s42,23,joint,electronic,0.01772763766348362,0.0002390780282439664,5.302223053871491e-05,9.8272705078125
20260908_v3_formal_imagenette_fixed_s42,23,joint,fusion,0.0,0.0,0.0,0.0
20260908_v3_formal_imagenette_fixed_s42,23,joint,router,0.41681164503097534,0.0002017937513301149,0.0053022230538714915,0.047482654452323914
20260908_v3_formal_imagenette_fixed_s42,23,joint,global,0.4141000211238861,0.0005982971633784473,0.003181333832322895,0.24098913371562958
20260908_v3_formal_imagenette_fixed_s42,23,joint,readout,0.0018643514486029744,9.353955101687461e-05,5.302223053871491e-05,4.340323448181152
20260908_v3_formal_imagenette_fixed_s42,24,joint,electronic,0.014269717037677765,0.00019237236119806767,4.628577531129671e-05,13.423995971679688
20260908_v3_formal_imagenette_fixed_s42,24,joint,fusion,0.0,0.0,0.0,0.0
20260908_v3_formal_imagenette_fixed_s42,24,joint,router,0.3014433979988098,0.0001459333871025592,0.0046285775311296715,0.02444261498749256
20260908_v3_formal_imagenette_fixed_s42,24,joint,global,0.4249531030654907,0.0006053374381735921,0.002777146518677803,0.34831419587135315
20260908_v3_formal_imagenette_fixed_s42,24,joint,readout,0.0017542961286380887,8.801826334092766e-05,4.628577531129671e-05,8.737215995788574
20260908_v3_formal_imagenette_fixed_s42,25,joint,electronic,0.01156423706561327,0.00015586894005537033,3.996640498102932e-05,12.063471794128418
20260908_v3_formal_imagenette_fixed_s42,25,joint,fusion,0.0,0.0,0.0,0.0
20260908_v3_formal_imagenette_fixed_s42,25,joint,router,0.2095082700252533,0.00010142200335394591,0.003996640498102932,0.052209120243787766
20260908_v3_formal_imagenette_fixed_s42,25,joint,global,0.32202452421188354,0.0004535788611974567,0.0023979842988617593,0.28228726983070374
20260908_v3_formal_imagenette_fixed_s42,25,joint,readout,0.0014717875747010112,7.38443632144481e-05,3.996640498102932e-05,3.312727212905884
20260908_v3_formal_imagenette_fixed_s42,26,joint,electronic,0.009337149560451508,0.00012582143244799227,3.4256307876752716e-05,12.21841812133789
20260908_v3_formal_imagenette_fixed_s42,26,joint,fusion,0.0,0.0,0.0,0.0
20260908_v3_formal_imagenette_fixed_s42,26,joint,router,0.15845151245594025,7.670210470678285e-05,0.003425630787675271,0.0407196469604969
20260908_v3_formal_imagenette_fixed_s42,26,joint,global,0.2858310341835022,0.00039901304990053177,0.0020553784726051625,0.2834250032901764
20260908_v3_formal_imagenette_fixed_s42,26,joint,readout,0.0012167097302153707,6.104617932578549e-05,3.4256307876752716e-05,5.536360740661621
20260908_v3_formal_imagenette_fixed_s42,27,joint,electronic,0.008928988128900528,0.00012031267397105694,2.932914275917099e-05,12.45833969116211
20260908_v3_formal_imagenette_fixed_s42,27,joint,fusion,0.0,0.0,0.0,0.0
20260908_v3_formal_imagenette_fixed_s42,27,joint,router,0.17600712180137634,8.519754192093387e-05,0.002932914275917099,0.04268837720155716
20260908_v3_formal_imagenette_fixed_s42,27,joint,global,0.24226193130016327,0.00033573718974366784,0.0017597485655502594,0.3119918704032898
20260908_v3_formal_imagenette_fixed_s42,27,joint,readout,0.0009224372333846986,4.6281526010716334e-05,2.932914275917099e-05,5.100338935852051
20260908_v3_formal_imagenette_fixed_s42,28,joint,electronic,0.0073553877882659435,9.909653454087675e-05,2.533475741063855e-05,12.322332382202148
20260908_v3_formal_imagenette_fixed_s42,28,joint,fusion,0.0,0.0,0.0,0.0
20260908_v3_formal_imagenette_fixed_s42,28,joint,router,0.1268252283334732,6.139031756902114e-05,0.0025334757410638547,0.029187172651290894
20260908_v3_formal_imagenette_fixed_s42,28,joint,global,0.22817152738571167,0.0003143372305203229,0.001520085444638313,0.3483497202396393
20260908_v3_formal_imagenette_fixed_s42,28,joint,readout,0.0010609336895868182,5.322967263055034e-05,2.533475741063855e-05,5.585707187652588
20260908_v3_formal_imagenette_fixed_s42,29,joint,electronic,0.00600630696862936,8.09125995147042e-05,2.239463137812864e-05,8.994330406188965
20260908_v3_formal_imagenette_fixed_s42,29,joint,fusion,0.0,0.0,0.0,0.0
20260908_v3_formal_imagenette_fixed_s42,29,joint,router,0.08020113408565521,3.882082455675118e-05,0.0022394631378128637,0.043695755302906036
20260908_v3_formal_imagenette_fixed_s42,29,joint,global,0.16850557923316956,0.0002309815026819706,0.0013436778826877182,0.25467604398727417
20260908_v3_formal_imagenette_fixed_s42,29,joint,readout,0.0006860049907118082,3.4418582799844444e-05,2.239463137812864e-05,2.538424015045166
20260908_v3_formal_imagenette_fixed_s42,30,joint,electronic,0.005726395640522242,7.71323248045519e-05,2.0598181467309473e-05,12.311835289001465
20260908_v3_formal_imagenette_fixed_s42,30,joint,fusion,0.0,0.0,0.0,0.0
20260908_v3_formal_imagenette_fixed_s42,30,joint,router,0.09594099223613739,4.643867214326747e-05,0.002059818146730947,0.04545452073216438
20260908_v3_formal_imagenette_fixed_s42,30,joint,global,0.1681351661682129,0.0002294864971190691,0.0012358908880385682,0.35569584369659424
20260908_v3_formal_imagenette_fixed_s42,30,joint,readout,0.0007720158318988979,3.8733749534003437e-05,2.0598181467309473e-05,5.461365699768066
20260908_v3_formal_imagenette_direct_s42,1,experts,electronic,0.0,0.0,0.0,0.0
20260908_v3_formal_imagenette_direct_s42,1,experts,fusion,0.0,0.0,0.0,0.0
20260908_v3_formal_imagenette_direct_s42,1,experts,router,0.0,0.0,0.0,0.0
20260908_v3_formal_imagenette_direct_s42,1,experts,expert,0.4289954900741577,0.0008931555785238743,0.001,0.33903923630714417
20260908_v3_formal_imagenette_direct_s42,1,experts,global,0.0,0.0,0.0,0.0
20260908_v3_formal_imagenette_direct_s42,1,experts,readout,0.0,0.0,0.0,0.0
20260908_v3_formal_imagenette_direct_s42,2,experts,electronic,0.0,0.0,0.0,0.0
20260908_v3_formal_imagenette_direct_s42,2,experts,fusion,0.0,0.0,0.0,0.0
20260908_v3_formal_imagenette_direct_s42,2,experts,router,0.0,0.0,0.0,0.0
20260908_v3_formal_imagenette_direct_s42,2,experts,expert,1.8574154376983643,0.0026756650768220425,0.017647571319721958,0.2112230360507965
20260908_v3_formal_imagenette_direct_s42,2,experts,global,0.0,0.0,0.0,0.0
20260908_v3_formal_imagenette_direct_s42,2,experts,readout,0.0,0.0,0.0,0.0
20260908_v3_formal_imagenette_direct_s42,3,experts,electronic,0.0,0.0,0.0,0.0
20260908_v3_formal_imagenette_direct_s42,3,experts,fusion,0.0,0.0,0.0,0.0
20260908_v3_formal_imagenette_direct_s42,3,experts,router,0.0,0.0,0.0,0.0
20260908_v3_formal_imagenette_direct_s42,3,experts,expert,1.2294539213180542,0.0016817132709547877,0.011973765452836507,0.2131483256816864
20260908_v3_formal_imagenette_direct_s42,3,experts,global,0.0,0.0,0.0,0.0
20260908_v3_formal_imagenette_direct_s42,3,experts,readout,0.0,0.0,0.0,0.0
20260908_v3_formal_imagenette_direct_s42,4,experts,electronic,0.0,0.0,0.0,0.0
20260908_v3_formal_imagenette_direct_s42,4,experts,fusion,0.0,0.0,0.0,0.0
20260908_v3_formal_imagenette_direct_s42,4,experts,router,0.0,0.0,0.0,0.0
20260908_v3_formal_imagenette_direct_s42,4,experts,expert,0.56769198179245,0.0007640184485353529,0.006315388311241433,0.28159087896347046
20260908_v3_formal_imagenette_direct_s42,4,experts,global,0.0,0.0,0.0,0.0
20260908_v3_formal_imagenette_direct_s42,4,experts,readout,0.0,0.0,0.0,0.0
20260908_v3_formal_imagenette_direct_s42,5,optics,electronic,0.0,0.0,0.0,0.0
20260908_v3_formal_imagenette_direct_s42,5,optics,fusion,0.0,0.0,0.0,0.0
20260908_v3_formal_imagenette_direct_s42,5,optics,router,0.10511920601129532,5.0952377932844684e-05,0.0005,0.02990144118666649
20260908_v3_formal_imagenette_direct_s42,5,optics,expert,0.10481710731983185,0.00014010485028848052,0.001,0.2558821737766266
20260908_v3_formal_imagenette_direct_s42,5,optics,global,0.1050013080239296,0.0026820399798452854,0.00030000000000000003,0.7268340587615967
20260908_v3_formal_imagenette_direct_s42,5,optics,readout,0.0,0.0,0.0,0.0
20260908_v3_formal_imagenette_direct_s42,6,optics,electronic,0.0,0.0,0.0,0.0
20260908_v3_formal_imagenette_direct_s42,6,optics,fusion,0.0,0.0,0.0,0.0
20260908_v3_formal_imagenette_direct_s42,6,optics,router,0.3633898198604584,0.00017612033116165549,0.009694891002992924,0.024066172540187836
20260908_v3_formal_imagenette_direct_s42,6,optics,expert,1.8576161861419678,0.0023905658163130283,0.01938978200598585,0.12897677719593048
20260908_v3_formal_imagenette_direct_s42,6,optics,global,0.631671667098999,0.01086616050451994,0.005816934601795755,0.26039931178092957
20260908_v3_formal_imagenette_direct_s42,6,optics,readout,0.0,0.0,0.0,0.0
20260908_v3_formal_imagenette_direct_s42,7,optics,electronic,0.0,0.0,0.0,0.0
20260908_v3_formal_imagenette_direct_s42,7,optics,fusion,0.0,0.0,0.0,0.0
20260908_v3_formal_imagenette_direct_s42,7,optics,router,0.35783860087394714,0.00017341123020742089,0.008826109761999027,0.013507179915904999
20260908_v3_formal_imagenette_direct_s42,7,optics,expert,1.8609788417816162,0.0023458462674170732,0.017652219523998054,0.09509120881557465
20260908_v3_formal_imagenette_direct_s42,7,optics,global,0.5887240767478943,0.006504826247692108,0.005295665857199415,0.18599385023117065
20260908_v3_formal_imagenette_direct_s42,7,optics,readout,0.0,0.0,0.0,0.0
20260908_v3_formal_imagenette_direct_s42,8,optics,electronic,0.0,0.0,0.0,0.0
20260908_v3_formal_imagenette_direct_s42,8,optics,fusion,0.0,0.0,0.0,0.0
20260908_v3_formal_imagenette_direct_s42,8,optics,router,0.37367767095565796,0.0001810703397495672,0.00752619276354741,0.04433615878224373
20260908_v3_formal_imagenette_direct_s42,8,optics,expert,2.0456414222717285,0.002523730043321848,0.01505238552709482,0.12434645742177963
20260908_v3_formal_imagenette_direct_s42,8,optics,global,0.6557618379592896,0.004919547587633133,0.004515715658128446,0.23183903098106384
20260908_v3_formal_imagenette_direct_s42,8,optics,readout,0.0,0.0,0.0,0.0
20260908_v3_formal_imagenette_direct_s42,9,optics,electronic,0.0,0.0,0.0,0.0
20260908_v3_formal_imagenette_direct_s42,9,optics,fusion,0.0,0.0,0.0,0.0
20260908_v3_formal_imagenette_direct_s42,9,optics,router,0.45956864953041077,0.00022266739688348025,0.005993448193433091,0.04516869783401489
20260908_v3_formal_imagenette_direct_s42,9,optics,expert,1.3822673559188843,0.0016889246180653572,0.011986896386866182,0.1177460327744484
20260908_v3_formal_imagenette_direct_s42,9,optics,global,0.550933301448822,0.0030843436252325773,0.0035960689160598547,0.2282632440328598
20260908_v3_formal_imagenette_direct_s42,9,optics,readout,0.0,0.0,0.0,0.0
20260908_v3_formal_imagenette_direct_s42,10,optics,electronic,0.0,0.0,0.0,0.0
20260908_v3_formal_imagenette_direct_s42,10,optics,fusion,0.0,0.0,0.0,0.0
20260908_v3_formal_imagenette_direct_s42,10,optics,router,0.20409318804740906,9.888147906167433e-05,0.004461703130883879,0.034896571189165115
20260908_v3_formal_imagenette_direct_s42,10,optics,expert,0.9080676436424255,0.0011026071151718497,0.008923406261767759,0.15997304022312164
20260908_v3_formal_imagenette_direct_s42,10,optics,global,0.393285870552063,0.0017968951724469662,0.0026770218785303274,0.29801303148269653
20260908_v3_formal_imagenette_direct_s42,10,optics,readout,0.0,0.0,0.0,0.0
20260908_v3_formal_imagenette_direct_s42,11,optics,electronic,0.0,0.0,0.0,0.0
20260908_v3_formal_imagenette_direct_s42,11,optics,fusion,0.0,0.0,0.0,0.0
20260908_v3_formal_imagenette_direct_s42,11,optics,router,0.21719296276569366,0.00010522632510401309,0.00316463217575224,0.07627567648887634
20260908_v3_formal_imagenette_direct_s42,11,optics,expert,0.7847403883934021,0.0009491655509918928,0.00632926435150448,0.16384008526802063
20260908_v3_formal_imagenette_direct_s42,11,optics,global,0.32257556915283203,0.0012916999403387308,0.001898779305451344,0.28259798884391785
20260908_v3_formal_imagenette_direct_s42,11,optics,readout,0.0,0.0,0.0,0.0
20260908_v3_formal_imagenette_direct_s42,12,optics,electronic,0.0,0.0,0.0,0.0
20260908_v3_formal_imagenette_direct_s42,12,optics,fusion,0.0,0.0,0.0,0.0
20260908_v3_formal_imagenette_direct_s42,12,optics,router,0.14414800703525543,6.983472849242389e-05,0.0023001093371217874,0.04402382671833038
20260908_v3_formal_imagenette_direct_s42,12,optics,expert,0.530017614364624,0.0006393348448909819,0.004600218674243575,0.14396904408931732
20260908_v3_formal_imagenette_direct_s42,12,optics,global,0.24586473405361176,0.0009036989067681134,0.0013800656022730723,0.25035902857780457
20260908_v3_formal_imagenette_direct_s42,12,optics,readout,0.0,0.0,0.0,0.0
20260908_v3_formal_imagenette_direct_s42,13,joint,electronic,0.006689589004963636,9.111302642850205e-05,5e-06,8.302736282348633
20260908_v3_formal_imagenette_direct_s42,13,joint,fusion,0.0,0.0,0.0,0.0
20260908_v3_formal_imagenette_direct_s42,13,joint,router,0.026337740942835808,1.2759564015141223e-05,0.0005,0.035179611295461655
20260908_v3_formal_imagenette_direct_s42,13,joint,expert,0.09339934587478638,0.00011245712812524289,0.001,0.16073419153690338
20260908_v3_formal_imagenette_direct_s42,13,joint,global,0.04553203284740448,0.00015730943414382637,0.00030000000000000003,0.2709232568740845
20260908_v3_formal_imagenette_direct_s42,13,joint,readout,0.0007968961726874113,3.999416367150843e-05,5e-06,3.1216485500335693
20260908_v3_formal_imagenette_direct_s42,14,joint,electronic,0.0352768748998642,0.0004799463786184788,9.93917484850684e-05,4.5159993171691895
20260908_v3_formal_imagenette_direct_s42,14,joint,fusion,0.0,0.0,0.0,0.0
20260908_v3_formal_imagenette_direct_s42,14,joint,router,0.26437586545944214,0.00012807556777261198,0.00993917484850684,0.015122716315090656
20260908_v3_formal_imagenette_direct_s42,14,joint,expert,1.2114766836166382,0.001443436834961176,0.01987834969701368,0.08195982128381729
20260908_v3_formal_imagenette_direct_s42,14,joint,global,0.789757251739502,0.0021634683944284916,0.005963504909104104,0.1986108124256134
20260908_v3_formal_imagenette_direct_s42,14,joint,readout,0.006221093703061342,0.00031222065445035696,9.93917484850684e-05,2.764310836791992
20260908_v3_formal_imagenette_direct_s42,15,joint,electronic,0.03483465686440468,0.0004734541289508343,9.75854924355444e-05,6.323062419891357
20260908_v3_formal_imagenette_direct_s42,15,joint,fusion,0.0,0.0,0.0,0.0
20260908_v3_formal_imagenette_direct_s42,15,joint,router,0.3128349781036377,0.00015154594439081848,0.00975854924355444,0.016739632934331894
20260908_v3_formal_imagenette_direct_s42,15,joint,expert,2.4797585010528564,0.002922249026596546,0.01951709848710888,0.11589707434177399
20260908_v3_formal_imagenette_direct_s42,15,joint,global,0.845810055732727,0.0019247860182076693,0.005855129546132664,0.21425093710422516
20260908_v3_formal_imagenette_direct_s42,15,joint,readout,0.004321753047406673,0.00021689037384930998,9.75854924355444e-05,3.463304042816162
20260908_v3_formal_imagenette_direct_s42,16,joint,electronic,0.03456934168934822,0.0004692637885455042,9.463616475035189e-05,5.340771675109863
20260908_v3_formal_imagenette_direct_s42,16,joint,fusion,0.0,0.0,0.0,0.0
20260908_v3_formal_imagenette_direct_s42,16,joint,router,0.30803248286247253,0.00014922807167749852,0.009463616475035188,0.013116935268044472
20260908_v3_formal_imagenette_direct_s42,16,joint,expert,2.168506145477295,0.0025274830404669046,0.018927232950070375,0.09743273258209229
20260908_v3_formal_imagenette_direct_s42,16,joint,global,0.8054649233818054,0.001606474630534649,0.005678169885021113,0.16111621260643005
20260908_v3_formal_imagenette_direct_s42,16,joint,readout,0.0035077298525720835,0.00017604208551347256,9.463616475035189e-05,2.389805555343628
20260908_v3_formal_imagenette_direct_s42,17,joint,electronic,0.027010248973965645,0.00036630334216170013,9.063346208111827e-05,5.779786109924316
20260908_v3_formal_imagenette_direct_s42,17,joint,fusion,0.0,0.0,0.0,0.0
20260908_v3_formal_imagenette_direct_s42,17,joint,router,0.2598429024219513,0.0001258908014278859,0.009063346208111826,0.01745017245411873
20260908_v3_formal_imagenette_direct_s42,17,joint,expert,1.851897120475769,0.0021407785825431347,0.018126692416223653,0.09582105278968811
20260908_v3_formal_imagenette_direct_s42,17,joint,global,0.6895304918289185,0.0012516448041424155,0.005438007724867096,0.19244340062141418
20260908_v3_formal_imagenette_direct_s42,17,joint,readout,0.0018777496879920363,9.424325253348798e-05,9.063346208111827e-05,4.1982269287109375
20260908_v3_formal_imagenette_direct_s42,18,joint,electronic,0.026355264708399773,0.00035703423782251775,8.569911692596261e-05,6.115771293640137
20260908_v3_formal_imagenette_direct_s42,18,joint,fusion,0.0,0.0,0.0,0.0
20260908_v3_formal_imagenette_direct_s42,18,joint,router,0.20259599387645721,9.817034879233688e-05,0.008569911692596261,0.015813808888196945
20260908_v3_formal_imagenette_direct_s42,18,joint,expert,1.8998748064041138,0.0021778945811092854,0.017139823385192522,0.10013964027166367
20260908_v3_formal_imagenette_direct_s42,18,joint,global,0.690270721912384,0.0011700389441102743,0.005141947015557757,0.1999339908361435
20260908_v3_formal_imagenette_direct_s42,18,joint,readout,0.002642472041770816,0.00013262868742458522,8.569911692596261e-05,4.929565906524658
20260908_v3_formal_imagenette_direct_s42,19,joint,electronic,0.02888808213174343,0.0003909934312105179,7.998319543067591e-05,5.233649253845215
20260908_v3_formal_imagenette_direct_s42,19,joint,fusion,0.0,0.0,0.0,0.0
20260908_v3_formal_imagenette_direct_s42,19,joint,router,0.4360450208187103,0.00021131841640453786,0.007998319543067591,0.013140547089278698
20260908_v3_formal_imagenette_direct_s42,19,joint,expert,2.136324167251587,0.002431780332699418,0.015996639086135182,0.0814640149474144
20260908_v3_formal_imagenette_direct_s42,19,joint,global,0.6234439015388489,0.0010045160306617618,0.004798991725840555,0.15455274283885956
20260908_v3_formal_imagenette_direct_s42,19,joint,readout,0.0037110422272235155,0.00018625098164193332,7.998319543067591e-05,2.178415060043335
20260908_v3_formal_imagenette_direct_s42,20,joint,electronic,0.021849025040864944,0.00029549296596087515,7.365953349069506e-05,5.170082092285156
20260908_v3_formal_imagenette_direct_s42,20,joint,fusion,0.0,0.0,0.0,0.0
20260908_v3_formal_imagenette_direct_s42,20,joint,router,0.1482868194580078,7.187743176473305e-05,0.007365953349069505,0.008346045389771461
20260908_v3_formal_imagenette_direct_s42,20,joint,expert,1.2211862802505493,0.0013829369563609362,0.01473190669813901,0.07340898364782333
20260908_v3_formal_imagenette_direct_s42,20,joint,global,0.42893654108047485,0.0006651579169556499,0.004419572009441703,0.14457549154758453
20260908_v3_formal_imagenette_direct_s42,20,joint,readout,0.002481048461049795,0.00012451762449927628,7.365953349069506e-05,5.707254409790039
20260908_v3_formal_imagenette_direct_s42,21,joint,electronic,0.02215033955872059,0.00029938569059595466,6.69204499537655e-05,4.092166900634766
20260908_v3_formal_imagenette_direct_s42,21,joint,fusion,0.0,0.0,0.0,0.0
20260908_v3_formal_imagenette_direct_s42,21,joint,router,0.3556886911392212,0.0001724486064631492,0.00669204499537655,0.006063343957066536
20260908_v3_formal_imagenette_direct_s42,21,joint,expert,1.3126126527786255,0.0014781445497646928,0.0133840899907531,0.06429561972618103
20260908_v3_formal_imagenette_direct_s42,21,joint,global,0.41027480363845825,0.0006177675095386803,0.00401522699722593,0.11940079927444458
20260908_v3_formal_imagenette_direct_s42,21,joint,readout,0.001972404308617115,9.899292490445077e-05,6.69204499537655e-05,2.52483868598938
20260908_v3_formal_imagenette_direct_s42,22,joint,electronic,0.017375027760863304,0.0002346749242860824,5.997089770841662e-05,5.135865211486816
20260908_v3_formal_imagenette_direct_s42,22,joint,fusion,0.0,0.0,0.0,0.0
20260908_v3_formal_imagenette_direct_s42,22,joint,router,0.1858682930469513,9.013614908326417e-05,0.005997089770841662,0.004623726475983858
20260908_v3_formal_imagenette_direct_s42,22,joint,expert,1.3033215999603271,0.001462058280594647,0.011994179541683324,0.08737076818943024
20260908_v3_formal_imagenette_direct_s42,22,joint,global,0.3698236048221588,0.0005443345289677382,0.003598253862504997,0.14474298059940338
20260908_v3_formal_imagenette_direct_s42,22,joint,readout,0.002160017378628254,0.00010841033508768305,5.997089770841662e-05,2.7729477882385254
20260908_v3_formal_imagenette_direct_s42,23,joint,electronic,0.017361639067530632,0.000234354316489771,5.302223053871491e-05,6.428130149841309
20260908_v3_formal_imagenette_direct_s42,23,joint,fusion,0.0,0.0,0.0,0.0
20260908_v3_formal_imagenette_direct_s42,23,joint,router,0.22446610033512115,0.00010887847020057961,0.0053022230538714915,0.01107968483120203
20260908_v3_formal_imagenette_direct_s42,23,joint,expert,1.3568997383117676,0.0015172204002738,0.010604446107742983,0.1064581349492073
20260908_v3_formal_imagenette_direct_s42,23,joint,global,0.4104013741016388,0.0005932759959250689,0.003181333832322895,0.18030768632888794
20260908_v3_formal_imagenette_direct_s42,23,joint,readout,0.002062187995761633,0.00010349736112402752,5.302223053871491e-05,2.655238151550293
20260908_v3_formal_imagenette_direct_s42,24,joint,electronic,0.012726225890219212,0.00017169484635815024,4.628577531129671e-05,13.58825397491455
20260908_v3_formal_imagenette_direct_s42,24,joint,fusion,0.0,0.0,0.0,0.0
20260908_v3_formal_imagenette_direct_s42,24,joint,router,0.20845644176006317,0.0001011341591947712,0.0046285775311296715,0.023132244125008583
20260908_v3_formal_imagenette_direct_s42,24,joint,expert,1.4095927476882935,0.0015722691314294934,0.009257155062259343,0.18829670548439026
20260908_v3_formal_imagenette_direct_s42,24,joint,global,0.399427592754364,0.0005692979320883751,0.002777146518677803,0.3456019461154938
20260908_v3_formal_imagenette_direct_s42,24,joint,readout,0.0015979032032191753,8.019572851480916e-05,4.628577531129671e-05,13.536953926086426
20260908_v3_formal_imagenette_direct_s42,25,joint,electronic,0.011732479557394981,0.00015826815797481686,3.996640498102932e-05,9.749070167541504
20260908_v3_formal_imagenette_direct_s42,25,joint,fusion,0.0,0.0,0.0,0.0
20260908_v3_formal_imagenette_direct_s42,25,joint,router,0.12205885350704193,5.922925265622325e-05,0.003996640498102932,0.011006204411387444
20260908_v3_formal_imagenette_direct_s42,25,joint,expert,1.0426734685897827,0.0011603053426370025,0.007993280996205865,0.13855262100696564
20260908_v3_formal_imagenette_direct_s42,25,joint,global,0.30605173110961914,0.00043126934906467795,0.0023979842988617593,0.23280127346515656
20260908_v3_formal_imagenette_direct_s42,25,joint,readout,0.0012076825369149446,6.061115345801227e-05,3.996640498102932e-05,3.8862833976745605
20260908_v3_formal_imagenette_direct_s42,26,joint,electronic,0.008376345038414001,0.00011296395678073168,3.4256307876752716e-05,10.668745040893555
20260908_v3_formal_imagenette_direct_s42,26,joint,fusion,0.0,0.0,0.0,0.0
20260908_v3_formal_imagenette_direct_s42,26,joint,router,0.20775313675403595,0.00010083042434416711,0.003425630787675271,0.020243432372808456
20260908_v3_formal_imagenette_direct_s42,26,joint,expert,0.9570834636688232,0.0010631607146933675,0.006851261575350542,0.134168803691864
20260908_v3_formal_imagenette_direct_s42,26,joint,global,0.28274989128112793,0.0003948531812056899,0.0020553784726051625,0.22566331923007965
20260908_v3_formal_imagenette_direct_s42,26,joint,readout,0.0010669236071407795,5.3546194976661354e-05,3.4256307876752716e-05,4.567192077636719
20260908_v3_formal_imagenette_direct_s42,27,joint,electronic,0.008645067922770977,0.00011657625873340294,2.932914275917099e-05,15.008218765258789
20260908_v3_formal_imagenette_direct_s42,27,joint,fusion,0.0,0.0,0.0,0.0
20260908_v3_formal_imagenette_direct_s42,27,joint,router,0.17985309660434723,8.730373519938439e-05,0.002932914275917099,0.046253956854343414
20260908_v3_formal_imagenette_direct_s42,27,joint,expert,0.9697615504264832,0.001075586536899209,0.005865828551834198,0.17301295697689056
20260908_v3_formal_imagenette_direct_s42,27,joint,global,0.2755539119243622,0.00038200613926164806,0.0017597485655502594,0.3062818646430969
20260908_v3_formal_imagenette_direct_s42,27,joint,readout,0.0007990594604052603,4.0102637285599485e-05,2.932914275917099e-05,9.768866539001465
20260908_v3_formal_imagenette_direct_s42,28,joint,electronic,0.007422385737299919,0.00010008371464209631,2.533475741063855e-05,10.042428016662598
20260908_v3_formal_imagenette_direct_s42,28,joint,fusion,0.0,0.0,0.0,0.0
20260908_v3_formal_imagenette_direct_s42,28,joint,router,0.10761823505163193,5.224731648922898e-05,0.0025334757410638547,0.020999722182750702
20260908_v3_formal_imagenette_direct_s42,28,joint,expert,0.6888234615325928,0.0007632833439856768,0.005066951482127709,0.14796938002109528
20260908_v3_formal_imagenette_direct_s42,28,joint,global,0.19156059622764587,0.00026398716727271676,0.001520085444638313,0.275530606508255
20260908_v3_formal_imagenette_direct_s42,28,joint,readout,0.0007920184289105237,3.974816354457289e-05,2.533475741063855e-05,4.837169170379639
20260908_v3_formal_imagenette_direct_s42,29,joint,electronic,0.005883165635168552,7.932451990200207e-05,2.239463137812864e-05,8.162281036376953
20260908_v3_formal_imagenette_direct_s42,29,joint,fusion,0.0,0.0,0.0,0.0
20260908_v3_formal_imagenette_direct_s42,29,joint,router,0.14206650853157043,6.898035644553602e-05,0.0022394631378128637,0.01804354600608349
20260908_v3_formal_imagenette_direct_s42,29,joint,expert,0.569369375705719,0.0006304168491624296,0.004478926275625727,0.14164352416992188
20260908_v3_formal_imagenette_direct_s42,29,joint,global,0.16441377997398376,0.00022544566309079528,0.0013436778826877182,0.2514294981956482
20260908_v3_formal_imagenette_direct_s42,29,joint,readout,0.0006029919604770839,3.0262019208748825e-05,2.239463137812864e-05,3.4492454528808594
20260908_v3_formal_imagenette_direct_s42,30,joint,electronic,0.005658170208334923,7.628087041666731e-05,2.0598181467309473e-05,11.08714485168457
20260908_v3_formal_imagenette_direct_s42,30,joint,fusion,0.0,0.0,0.0,0.0
20260908_v3_formal_imagenette_direct_s42,30,joint,router,0.11710622161626816,5.6867596867959946e-05,0.002059818146730947,0.027303239330649376
20260908_v3_formal_imagenette_direct_s42,30,joint,expert,0.6000373959541321,0.000663949700538069,0.004119636293461894,0.17522133886814117
20260908_v3_formal_imagenette_direct_s42,30,joint,global,0.1767030656337738,0.00024124659830704331,0.0012358908880385682,0.33283600211143494
20260908_v3_formal_imagenette_direct_s42,30,joint,readout,0.000790791236795485,3.9686601667199284e-05,2.0598181467309473e-05,8.159533500671387
20260908_v3_formal_imagenette_qwen_lora_s42,1,experts,electronic,0.0,0.0,0.0,0.0
20260908_v3_formal_imagenette_qwen_lora_s42,1,experts,fusion,0.0,0.0,0.0,0.0
20260908_v3_formal_imagenette_qwen_lora_s42,1,experts,router,0.0,0.0,0.0,0.0
20260908_v3_formal_imagenette_qwen_lora_s42,1,experts,global,0.0,0.0,0.0,0.0
20260908_v3_formal_imagenette_qwen_lora_s42,1,experts,readout,0.0,0.0,0.0,0.0
20260908_v3_formal_imagenette_qwen_lora_s42,1,experts,generator_context,0.0041174390353262424,0.00033755600452423096,5e-06,0.05359286814928055
20260908_v3_formal_imagenette_qwen_lora_s42,1,experts,generator_decoder,0.007827079854905605,0.00026992737548425794,1.4999999999999999e-05,1.4806410074234009
20260908_v3_formal_imagenette_qwen_lora_s42,2,experts,electronic,0.0,0.0,0.0,0.0
20260908_v3_formal_imagenette_qwen_lora_s42,2,experts,fusion,0.0,0.0,0.0,0.0
20260908_v3_formal_imagenette_qwen_lora_s42,2,experts,router,0.0,0.0,0.0,0.0
20260908_v3_formal_imagenette_qwen_lora_s42,2,experts,global,0.0,0.0,0.0,0.0
20260908_v3_formal_imagenette_qwen_lora_s42,2,experts,readout,0.0,0.0,0.0,0.0
20260908_v3_formal_imagenette_qwen_lora_s42,2,experts,generator_context,0.020148472860455513,0.0016420703614130616,8.82378565986098e-05,0.055561669170856476
20260908_v3_formal_imagenette_qwen_lora_s42,2,experts,generator_decoder,0.03148192539811134,0.0010621229885146022,0.00026471356979582936,3.0751311779022217
20260908_v3_formal_imagenette_qwen_lora_s42,3,experts,electronic,0.0,0.0,0.0,0.0
20260908_v3_formal_imagenette_qwen_lora_s42,3,experts,fusion,0.0,0.0,0.0,0.0
20260908_v3_formal_imagenette_qwen_lora_s42,3,experts,router,0.0,0.0,0.0,0.0
20260908_v3_formal_imagenette_qwen_lora_s42,3,experts,global,0.0,0.0,0.0,0.0
20260908_v3_formal_imagenette_qwen_lora_s42,3,experts,readout,0.0,0.0,0.0,0.0
20260908_v3_formal_imagenette_qwen_lora_s42,3,experts,generator_context,0.011117702350020409,0.0009049461805261672,5.9868827264182535e-05,0.04008261114358902
20260908_v3_formal_imagenette_qwen_lora_s42,3,experts,generator_decoder,0.01921902410686016,0.0006497398717328906,0.00017960648179254758,3.395956516265869
20260908_v3_formal_imagenette_qwen_lora_s42,4,experts,electronic,0.0,0.0,0.0,0.0
20260908_v3_formal_imagenette_qwen_lora_s42,4,experts,fusion,0.0,0.0,0.0,0.0
20260908_v3_formal_imagenette_qwen_lora_s42,4,experts,router,0.0,0.0,0.0,0.0
20260908_v3_formal_imagenette_qwen_lora_s42,4,experts,global,0.0,0.0,0.0,0.0
20260908_v3_formal_imagenette_qwen_lora_s42,4,experts,readout,0.0,0.0,0.0,0.0
20260908_v3_formal_imagenette_qwen_lora_s42,4,experts,generator_context,0.007176701910793781,0.0005838756915181875,3.1576941556207164e-05,0.04957428202033043
20260908_v3_formal_imagenette_qwen_lora_s42,4,experts,generator_decoder,0.008838261477649212,0.00029865605756640434,9.473082466862147e-05,3.9342448711395264
20260908_v3_formal_imagenette_qwen_lora_s42,5,optics,electronic,0.0,0.0,0.0,0.0
20260908_v3_formal_imagenette_qwen_lora_s42,5,optics,fusion,0.0,0.0,0.0,0.0
20260908_v3_formal_imagenette_qwen_lora_s42,5,optics,router,0.10139597207307816,4.91476857860107e-05,0.0005,0.018901890143752098
20260908_v3_formal_imagenette_qwen_lora_s42,5,optics,global,0.10495687276124954,0.002680904930457473,0.00030000000000000003,0.6612457036972046
20260908_v3_formal_imagenette_qwen_lora_s42,5,optics,readout,0.0,0.0,0.0,0.0
20260908_v3_formal_imagenette_qwen_lora_s42,5,optics,generator_context,0.0009765451541170478,7.945518882479519e-05,5e-06,0.0326516330242157
20260908_v3_formal_imagenette_qwen_lora_s42,5,optics,generator_decoder,0.0014997712569311261,5.068636892247014e-05,1.4999999999999999e-05,3.4490668773651123
20260908_v3_formal_imagenette_qwen_lora_s42,6,optics,electronic,0.0,0.0,0.0,0.0
20260908_v3_formal_imagenette_qwen_lora_s42,6,optics,fusion,0.0,0.0,0.0,0.0
20260908_v3_formal_imagenette_qwen_lora_s42,6,optics,router,0.20970632135868073,0.00010162649414269254,0.009694891002992924,0.013173100538551807
20260908_v3_formal_imagenette_qwen_lora_s42,6,optics,global,0.4868122339248657,0.008210145868360996,0.005816934601795755,0.3468995988368988
20260908_v3_formal_imagenette_qwen_lora_s42,6,optics,readout,0.0,0.0,0.0,0.0
20260908_v3_formal_imagenette_qwen_lora_s42,6,optics,generator_context,0.009343020617961884,0.0007599670789204538,9.694891002992926e-05,0.017386218532919884
20260908_v3_formal_imagenette_qwen_lora_s42,6,optics,generator_decoder,0.038840632885694504,0.0013072395231574774,0.0002908467300897877,2.2194578647613525
20260908_v3_formal_imagenette_qwen_lora_s42,7,optics,electronic,0.0,0.0,0.0,0.0
20260908_v3_formal_imagenette_qwen_lora_s42,7,optics,fusion,0.0,0.0,0.0,0.0
20260908_v3_formal_imagenette_qwen_lora_s42,7,optics,router,0.39064282178878784,0.00018929725047200918,0.008826109761999027,0.018839526921510696
20260908_v3_formal_imagenette_qwen_lora_s42,7,optics,global,0.708063542842865,0.007811194751411676,0.005295665857199415,0.264175146818161
20260908_v3_formal_imagenette_qwen_lora_s42,7,optics,readout,0.0,0.0,0.0,0.0
20260908_v3_formal_imagenette_qwen_lora_s42,7,optics,generator_context,0.010391971096396446,0.0008438025834038854,8.826109761999026e-05,0.014554161578416824
20260908_v3_formal_imagenette_qwen_lora_s42,7,optics,generator_decoder,0.03215024247765541,0.001079461188055575,0.00026478329285997075,1.9406483173370361
20260908_v3_formal_imagenette_qwen_lora_s42,8,optics,electronic,0.0,0.0,0.0,0.0
20260908_v3_formal_imagenette_qwen_lora_s42,8,optics,fusion,0.0,0.0,0.0,0.0
20260908_v3_formal_imagenette_qwen_lora_s42,8,optics,router,0.5163874626159668,0.00025022344198077917,0.00752619276354741,0.02758208103477955
20260908_v3_formal_imagenette_qwen_lora_s42,8,optics,global,1.0031434297561646,0.007394695654511452,0.004515715658128446,0.3126417398452759
20260908_v3_formal_imagenette_qwen_lora_s42,8,optics,readout,0.0,0.0,0.0,0.0
20260908_v3_formal_imagenette_qwen_lora_s42,8,optics,generator_context,0.013651142828166485,0.0011056584771722555,7.52619276354741e-05,0.026527568697929382
20260908_v3_formal_imagenette_qwen_lora_s42,8,optics,generator_decoder,0.0479377917945385,0.0016055317828431726,0.00022578578290642228,2.0868947505950928
20260908_v3_formal_imagenette_qwen_lora_s42,9,optics,electronic,0.0,0.0,0.0,0.0
20260908_v3_formal_imagenette_qwen_lora_s42,9,optics,fusion,0.0,0.0,0.0,0.0
20260908_v3_formal_imagenette_qwen_lora_s42,9,optics,router,0.27458125352859497,0.00013303761079441756,0.005993448193433091,0.021049337461590767
20260908_v3_formal_imagenette_qwen_lora_s42,9,optics,global,0.5955944061279297,0.003294369438663125,0.0035960689160598547,0.31772729754447937
20260908_v3_formal_imagenette_qwen_lora_s42,9,optics,readout,0.0,0.0,0.0,0.0
20260908_v3_formal_imagenette_qwen_lora_s42,9,optics,generator_context,0.009904302656650543,0.0008016920182853937,5.993448193433091e-05,0.021055713295936584
20260908_v3_formal_imagenette_qwen_lora_s42,9,optics,generator_decoder,0.02638458088040352,0.000882296881172806,0.00017980344580299272,2.536125421524048
20260908_v3_formal_imagenette_qwen_lora_s42,10,optics,electronic,0.0,0.0,0.0,0.0
20260908_v3_formal_imagenette_qwen_lora_s42,10,optics,fusion,0.0,0.0,0.0,0.0
20260908_v3_formal_imagenette_qwen_lora_s42,10,optics,router,0.1972387731075287,9.555926226312295e-05,0.004461703130883879,0.03488025441765785
20260908_v3_formal_imagenette_qwen_lora_s42,10,optics,global,0.40562668442726135,0.001837424235418439,0.0026770218785303274,0.4151982069015503
20260908_v3_formal_imagenette_qwen_lora_s42,10,optics,readout,0.0,0.0,0.0,0.0
20260908_v3_formal_imagenette_qwen_lora_s42,10,optics,generator_context,0.006056185811758041,0.0004905422101728618,4.461703130883879e-05,0.02272418513894081
20260908_v3_formal_imagenette_qwen_lora_s42,10,optics,generator_decoder,0.016862384974956512,0.0005633834516629577,0.00013385109392651635,2.9093682765960693
20260908_v3_formal_imagenette_qwen_lora_s42,11,optics,electronic,0.0,0.0,0.0,0.0
20260908_v3_formal_imagenette_qwen_lora_s42,11,optics,fusion,0.0,0.0,0.0,0.0
20260908_v3_formal_imagenette_qwen_lora_s42,11,optics,router,0.2702339291572571,0.00013091889559291303,0.00316463217575224,0.06763148307800293
20260908_v3_formal_imagenette_qwen_lora_s42,11,optics,global,0.32464927434921265,0.0012911888770759106,0.001898779305451344,0.38186395168304443
20260908_v3_formal_imagenette_qwen_lora_s42,11,optics,readout,0.0,0.0,0.0,0.0
20260908_v3_formal_imagenette_qwen_lora_s42,11,optics,generator_context,0.011367708444595337,0.0009190858108922839,3.16463217575224e-05,0.024434108287096024
20260908_v3_formal_imagenette_qwen_lora_s42,11,optics,generator_decoder,0.011518347077071667,0.00038459888310171664,9.493896527256719e-05,2.987605333328247
20260908_v3_formal_imagenette_qwen_lora_s42,12,optics,electronic,0.0,0.0,0.0,0.0
20260908_v3_formal_imagenette_qwen_lora_s42,12,optics,fusion,0.0,0.0,0.0,0.0
20260908_v3_formal_imagenette_qwen_lora_s42,12,optics,router,0.15938471257686615,7.721419387962669e-05,0.0023001093371217874,0.03710450604557991
20260908_v3_formal_imagenette_qwen_lora_s42,12,optics,global,0.23254232108592987,0.0008499165996909142,0.0013800656022730723,0.3522081673145294
20260908_v3_formal_imagenette_qwen_lora_s42,12,optics,readout,0.0,0.0,0.0,0.0
20260908_v3_formal_imagenette_qwen_lora_s42,12,optics,generator_context,0.006583536975085735,0.0005318298353813589,2.3001093371217874e-05,0.03281460702419281
20260908_v3_formal_imagenette_qwen_lora_s42,12,optics,generator_decoder,0.008017989806830883,0.0002676388539839536,6.900328011365362e-05,2.5792977809906006
20260908_v3_formal_imagenette_qwen_lora_s42,13,joint,electronic,0.006686468608677387,9.107052756007761e-05,5e-06,11.89819049835205
20260908_v3_formal_imagenette_qwen_lora_s42,13,joint,fusion,0.0,0.0,0.0,0.0
20260908_v3_formal_imagenette_qwen_lora_s42,13,joint,router,0.01880735158920288,9.111218787438702e-06,0.0005,0.03403671458363533
20260908_v3_formal_imagenette_qwen_lora_s42,13,joint,global,0.045305151492357254,0.00015575008001178503,0.00030000000000000003,0.4563218653202057
20260908_v3_formal_imagenette_qwen_lora_s42,13,joint,readout,0.0007969336002133787,3.999604086857289e-05,5e-06,3.7219512462615967
20260908_v3_formal_imagenette_qwen_lora_s42,13,joint,generator_context,0.0008051092736423016,6.508774822577834e-05,5e-06,0.03251466527581215
20260908_v3_formal_imagenette_qwen_lora_s42,13,joint,generator_decoder,0.001474692253395915,4.922399966744706e-05,1.4999999999999999e-05,3.2939610481262207
20260908_v3_formal_imagenette_qwen_lora_s42,14,joint,electronic,0.03383046016097069,0.0004602924163918942,9.93917484850684e-05,4.6225385665893555
20260908_v3_formal_imagenette_qwen_lora_s42,14,joint,fusion,0.0,0.0,0.0,0.0
20260908_v3_formal_imagenette_qwen_lora_s42,14,joint,router,0.24474982917308807,0.00011856354103656486,0.00993917484850684,0.015309960581362247
20260908_v3_formal_imagenette_qwen_lora_s42,14,joint,global,0.8027980327606201,0.002193488646298647,0.005963504909104104,0.17450998723506927
20260908_v3_formal_imagenette_qwen_lora_s42,14,joint,readout,0.004962529055774212,0.000249066244577989,9.93917484850684e-05,2.089355707168579
20260908_v3_formal_imagenette_qwen_lora_s42,14,joint,generator_context,0.014635653235018253,0.001179219107143581,9.93917484850684e-05,0.015012022107839584
20260908_v3_formal_imagenette_qwen_lora_s42,14,joint,generator_decoder,0.05553397163748741,0.001847879379056394,0.0002981752454552052,1.1256567239761353
20260908_v3_formal_imagenette_qwen_lora_s42,15,joint,electronic,0.030899038538336754,0.00041981376125477254,9.75854924355444e-05,7.644039154052734
20260908_v3_formal_imagenette_qwen_lora_s42,15,joint,fusion,0.0,0.0,0.0,0.0
20260908_v3_formal_imagenette_qwen_lora_s42,15,joint,router,0.2112666666507721,0.00010233963985228911,0.00975854924355444,0.02127821557223797
20260908_v3_formal_imagenette_qwen_lora_s42,15,joint,global,0.8198394775390625,0.0018632151186466217,0.005855129546132664,0.25828009843826294
20260908_v3_formal_imagenette_qwen_lora_s42,15,joint,readout,0.004887258633971214,0.0002453115303069353,9.75854924355444e-05,2.530911684036255
20260908_v3_formal_imagenette_qwen_lora_s42,15,joint,generator_context,0.014065633527934551,0.0011337952455505729,9.75854924355444e-05,0.017926670610904694
20260908_v3_formal_imagenette_qwen_lora_s42,15,joint,generator_decoder,0.046143364161252975,0.001531583140604198,0.00029275647730663316,1.8672339916229248
20260908_v3_formal_imagenette_qwen_lora_s42,16,joint,electronic,0.03086327388882637,0.0004186615697108209,9.463616475035189e-05,6.426711082458496
20260908_v3_formal_imagenette_qwen_lora_s42,16,joint,fusion,0.0,0.0,0.0,0.0
20260908_v3_formal_imagenette_qwen_lora_s42,16,joint,router,0.345540314912796,0.00016737743862904608,0.009463616475035188,0.02855738066136837
20260908_v3_formal_imagenette_qwen_lora_s42,16,joint,global,0.8170375227928162,0.0016276729293167591,0.005678169885021113,0.2149219661951065
20260908_v3_formal_imagenette_qwen_lora_s42,16,joint,readout,0.0020615553949028254,0.00010348026262363419,9.463616475035189e-05,2.194108724594116
20260908_v3_formal_imagenette_qwen_lora_s42,16,joint,generator_context,0.017030000686645508,0.0013734424719586968,9.463616475035189e-05,0.01161700114607811
20260908_v3_formal_imagenette_qwen_lora_s42,16,joint,generator_decoder,0.040877342224121094,0.0013520483626052737,0.00028390849425105564,1.4079012870788574
20260908_v3_formal_imagenette_qwen_lora_s42,17,joint,electronic,0.028925368562340736,0.000391870504245162,9.063346208111827e-05,7.340712070465088
20260908_v3_formal_imagenette_qwen_lora_s42,17,joint,fusion,0.0,0.0,0.0,0.0
20260908_v3_formal_imagenette_qwen_lora_s42,17,joint,router,0.31260186433792114,0.0001514198665972799,0.009063346208111826,0.038494717329740524
20260908_v3_formal_imagenette_qwen_lora_s42,17,joint,global,0.6534769535064697,0.0011848581489175558,0.005438007724867096,0.205026313662529
20260908_v3_formal_imagenette_qwen_lora_s42,17,joint,readout,0.0024725752882659435,0.00012411085481289774,9.063346208111827e-05,4.348270893096924
20260908_v3_formal_imagenette_qwen_lora_s42,17,joint,generator_context,0.008172084577381611,0.0006573454011231661,9.063346208111827e-05,0.020339669659733772
20260908_v3_formal_imagenette_qwen_lora_s42,17,joint,generator_decoder,0.04756834730505943,0.0015664423117414117,0.0002719003862433548,1.252396583557129
20260908_v3_formal_imagenette_qwen_lora_s42,18,joint,electronic,0.026472004130482674,0.00035813794238492846,8.569911692596261e-05,5.839665412902832
20260908_v3_formal_imagenette_qwen_lora_s42,18,joint,fusion,0.0,0.0,0.0,0.0
20260908_v3_formal_imagenette_qwen_lora_s42,18,joint,router,0.20202945172786713,9.785880683921278e-05,0.008569911692596261,0.015283524990081787
20260908_v3_formal_imagenette_qwen_lora_s42,18,joint,global,0.7285786271095276,0.0012337339576333761,0.005141947015557757,0.1895541548728943
20260908_v3_formal_imagenette_qwen_lora_s42,18,joint,readout,0.00260449992492795,0.0001307329657720402,8.569911692596261e-05,3.9933667182922363
20260908_v3_formal_imagenette_qwen_lora_s42,18,joint,generator_context,0.02002522721886635,0.0016052466817200184,8.569911692596261e-05,0.021985484287142754
20260908_v3_formal_imagenette_qwen_lora_s42,18,joint,generator_decoder,0.0454021580517292,0.0014849146828055382,0.0002570973507778878,1.1115905046463013
20260908_v3_formal_imagenette_qwen_lora_s42,19,joint,electronic,0.027415581047534943,0.00037053399137221277,7.998319543067591e-05,6.0818939208984375
20260908_v3_formal_imagenette_qwen_lora_s42,19,joint,fusion,0.0,0.0,0.0,0.0
20260908_v3_formal_imagenette_qwen_lora_s42,19,joint,router,0.3279111981391907,0.00015881775470916182,0.007998319543067591,0.023410987108945847
20260908_v3_formal_imagenette_qwen_lora_s42,19,joint,global,0.6139093041419983,0.0009883566526696086,0.004798991725840555,0.19070999324321747
20260908_v3_formal_imagenette_qwen_lora_s42,19,joint,readout,0.0033262274228036404,0.0001669592602411285,7.998319543067591e-05,1.9657347202301025
20260908_v3_formal_imagenette_qwen_lora_s42,19,joint,generator_context,0.014472422190010548,0.0011592248920351267,7.998319543067591e-05,0.015820277854800224
20260908_v3_formal_imagenette_qwen_lora_s42,19,joint,generator_decoder,0.03716946765780449,0.0012124574277549982,0.00023994958629202772,1.3099688291549683
20260908_v3_formal_imagenette_qwen_lora_s42,20,joint,electronic,0.023896396160125732,0.00032268385984934866,7.365953349069506e-05,6.911273002624512
20260908_v3_formal_imagenette_qwen_lora_s42,20,joint,fusion,0.0,0.0,0.0,0.0
20260908_v3_formal_imagenette_qwen_lora_s42,20,joint,router,0.252713143825531,0.00012239530042279512,0.007365953349069505,0.01806042157113552
20260908_v3_formal_imagenette_qwen_lora_s42,20,joint,global,0.487172394990921,0.0007549682632088661,0.004419572009441703,0.2120051383972168
20260908_v3_formal_imagenette_qwen_lora_s42,20,joint,readout,0.00312965945340693,0.00015708971477579325,7.365953349069506e-05,5.372180938720703
20260908_v3_formal_imagenette_qwen_lora_s42,20,joint,generator_context,0.008795187808573246,0.0007055204478092492,7.365953349069506e-05,0.01171804778277874
20260908_v3_formal_imagenette_qwen_lora_s42,20,joint,generator_decoder,0.04184478521347046,0.0013578638900071383,0.00022097860047208512,1.2710325717926025
20260908_v3_formal_imagenette_qwen_lora_s42,21,joint,electronic,0.02083844132721424,0.00028125380049459636,6.69204499537655e-05,4.746184825897217
20260908_v3_formal_imagenette_qwen_lora_s42,21,joint,fusion,0.0,0.0,0.0,0.0
20260908_v3_formal_imagenette_qwen_lora_s42,21,joint,router,0.17628498375415802,8.537588291801512e-05,0.00669204499537655,0.02106231078505516
20260908_v3_formal_imagenette_qwen_lora_s42,21,joint,global,0.39344528317451477,0.0005920635885559022,0.00401522699722593,0.1497427225112915
20260908_v3_formal_imagenette_qwen_lora_s42,21,joint,readout,0.002019817242398858,0.00010138420475414023,6.69204499537655e-05,3.5651443004608154
20260908_v3_formal_imagenette_qwen_lora_s42,21,joint,generator_context,0.0077824643813073635,0.0006223141681402922,6.69204499537655e-05,0.009890692308545113
20260908_v3_formal_imagenette_qwen_lora_s42,21,joint,generator_decoder,0.027753131464123726,0.0008987976470962167,0.00020076134986129647,0.8220559358596802
20260908_v3_formal_imagenette_qwen_lora_s42,22,joint,electronic,0.01782095991075039,0.00024036910326685756,5.997089770841662e-05,6.4173665046691895
20260908_v3_formal_imagenette_qwen_lora_s42,22,joint,fusion,0.0,0.0,0.0,0.0
20260908_v3_formal_imagenette_qwen_lora_s42,22,joint,router,0.28964829444885254,0.0001402754569426179,0.005997089770841662,0.03016076423227787
20260908_v3_formal_imagenette_qwen_lora_s42,22,joint,global,0.503913938999176,0.0007412368431687355,0.003598253862504997,0.18432527780532837
20260908_v3_formal_imagenette_qwen_lora_s42,22,joint,readout,0.001792150316759944,8.995264215627685e-05,5.997089770841662e-05,1.955016851425171
20260908_v3_formal_imagenette_qwen_lora_s42,22,joint,generator_context,0.015736987814307213,0.001258914009667933,5.997089770841662e-05,0.026101473718881607
20260908_v3_formal_imagenette_qwen_lora_s42,22,joint,generator_decoder,0.025232506915926933,0.0008166488260030746,0.00017991269312524983,1.2856051921844482
20260908_v3_formal_imagenette_qwen_lora_s42,23,joint,electronic,0.016259461641311646,0.0002192123793065548,5.302223053871491e-05,6.407872200012207
20260908_v3_formal_imagenette_qwen_lora_s42,23,joint,fusion,0.0,0.0,0.0,0.0
20260908_v3_formal_imagenette_qwen_lora_s42,23,joint,router,0.17460864782333374,8.455020724795759e-05,0.0053022230538714915,0.03516747057437897
20260908_v3_formal_imagenette_qwen_lora_s42,23,joint,global,0.394288033246994,0.0005696481675840914,0.003181333832322895,0.20044557750225067
20260908_v3_formal_imagenette_qwen_lora_s42,23,joint,readout,0.002138307550922036,0.00010732262308010831,5.302223053871491e-05,2.508399724960327
20260908_v3_formal_imagenette_qwen_lora_s42,23,joint,generator_context,0.016779374331235886,0.0013368299696594477,5.302223053871491e-05,0.05119228735566139
20260908_v3_formal_imagenette_qwen_lora_s42,23,joint,generator_decoder,0.02232789620757103,0.0007208928000181913,0.00015906669161614472,1.1843329668045044
20260908_v3_formal_imagenette_qwen_lora_s42,24,joint,electronic,0.013214046135544777,0.00017807846597861499,4.628577531129671e-05,11.233674049377441
20260908_v3_formal_imagenette_qwen_lora_s42,24,joint,fusion,0.0,0.0,0.0,0.0
20260908_v3_formal_imagenette_qwen_lora_s42,24,joint,router,0.1539013683795929,7.452130375895649e-05,0.0046285775311296715,0.030744502320885658
20260908_v3_formal_imagenette_qwen_lora_s42,24,joint,global,0.3779611587524414,0.0005383495008572936,0.002777146518677803,0.3002471327781677
20260908_v3_formal_imagenette_qwen_lora_s42,24,joint,readout,0.0018655449384823442,9.363124991068617e-05,4.628577531129671e-05,7.233386039733887
20260908_v3_formal_imagenette_qwen_lora_s42,24,joint,generator_context,0.011424819007515907,0.000911197392269969,4.628577531129671e-05,0.01675538346171379
20260908_v3_formal_imagenette_qwen_lora_s42,24,joint,generator_decoder,0.018872620537877083,0.0006085422355681658,0.00013885732593389014,2.035893678665161
20260908_v3_formal_imagenette_qwen_lora_s42,25,joint,electronic,0.010968444868922234,0.0001477757905377075,3.996640498102932e-05,11.375627517700195
20260908_v3_formal_imagenette_qwen_lora_s42,25,joint,fusion,0.0,0.0,0.0,0.0
20260908_v3_formal_imagenette_qwen_lora_s42,25,joint,router,0.24009671807289124,0.0001162535700132139,0.003996640498102932,0.048726968467235565
20260908_v3_formal_imagenette_qwen_lora_s42,25,joint,global,0.32902055978775024,0.0004633550997823477,0.0023979842988617593,0.3212544620037079
20260908_v3_formal_imagenette_qwen_lora_s42,25,joint,readout,0.0011361155193299055,5.702099224436097e-05,3.996640498102932e-05,4.398216724395752
20260908_v3_formal_imagenette_qwen_lora_s42,25,joint,generator_context,0.005635711830109358,0.0004496689361985773,3.996640498102932e-05,0.021385814994573593
20260908_v3_formal_imagenette_qwen_lora_s42,25,joint,generator_decoder,0.012986687012016773,0.000417724484577775,0.00011989921494308794,1.9469138383865356
20260908_v3_formal_imagenette_qwen_lora_s42,26,joint,electronic,0.009654595516622066,0.00013004698848817497,3.4256307876752716e-05,12.365342140197754
20260908_v3_formal_imagenette_qwen_lora_s42,26,joint,fusion,0.0,0.0,0.0,0.0
20260908_v3_formal_imagenette_qwen_lora_s42,26,joint,router,0.1759449988603592,8.519060065736994e-05,0.003425630787675271,0.035065826028585434
20260908_v3_formal_imagenette_qwen_lora_s42,26,joint,global,0.3199819028377533,0.0004465989477466792,0.0020553784726051625,0.27271977066993713
20260908_v3_formal_imagenette_qwen_lora_s42,26,joint,readout,0.0011957273818552494,6.001217843731865e-05,3.4256307876752716e-05,5.167663097381592
20260908_v3_formal_imagenette_qwen_lora_s42,26,joint,generator_context,0.009551919996738434,0.0007624335121363401,3.4256307876752716e-05,0.02502673678100109
20260908_v3_formal_imagenette_qwen_lora_s42,26,joint,generator_decoder,0.01305566169321537,0.0004203027638141066,0.00010276892363025812,1.6836943626403809
20260908_v3_formal_imagenette_qwen_lora_s42,27,joint,electronic,0.009719211608171463,0.00013089567073620856,2.932914275917099e-05,12.0917387008667
20260908_v3_formal_imagenette_qwen_lora_s42,27,joint,fusion,0.0,0.0,0.0,0.0
20260908_v3_formal_imagenette_qwen_lora_s42,27,joint,router,0.10037112981081009,4.859767432208173e-05,0.002932914275917099,0.027427025139331818
20260908_v3_formal_imagenette_qwen_lora_s42,27,joint,global,0.25109392404556274,0.00034791577490977943,0.0017597485655502594,0.3143630027770996
20260908_v3_formal_imagenette_qwen_lora_s42,27,joint,readout,0.0009992446284741163,5.015076749259606e-05,2.932914275917099e-05,6.1162543296813965
20260908_v3_formal_imagenette_qwen_lora_s42,27,joint,generator_context,0.004075122065842152,0.00032446387922391295,2.932914275917099e-05,0.020788902416825294
20260908_v3_formal_imagenette_qwen_lora_s42,27,joint,generator_decoder,0.0117577463388443,0.00037727277958765626,8.798742827751296e-05,1.7919875383377075
20260908_v3_formal_imagenette_qwen_lora_s42,28,joint,electronic,0.007378267124295235,9.936132846632972e-05,2.533475741063855e-05,9.461590766906738
20260908_v3_formal_imagenette_qwen_lora_s42,28,joint,fusion,0.0,0.0,0.0,0.0
20260908_v3_formal_imagenette_qwen_lora_s42,28,joint,router,0.09271936118602753,4.4892512960359454e-05,0.0025334757410638547,0.026422077789902687
20260908_v3_formal_imagenette_qwen_lora_s42,28,joint,global,0.21846985816955566,0.0003009279607795179,0.001520085444638313,0.2771924138069153
20260908_v3_formal_imagenette_qwen_lora_s42,28,joint,readout,0.0008869892917573452,4.451583299669437e-05,2.533475741063855e-05,3.8637800216674805
20260908_v3_formal_imagenette_qwen_lora_s42,28,joint,generator_context,0.008259827271103859,0.0006580070476047695,2.533475741063855e-05,0.016261937096714973
20260908_v3_formal_imagenette_qwen_lora_s42,28,joint,generator_decoder,0.009415887296199799,0.00030215707374736667,7.600427223191564e-05,1.6907528638839722
20260908_v3_formal_imagenette_qwen_lora_s42,29,joint,electronic,0.005827946122735739,7.848213135730475e-05,2.239463137812864e-05,8.725096702575684
20260908_v3_formal_imagenette_qwen_lora_s42,29,joint,fusion,0.0,0.0,0.0,0.0
20260908_v3_formal_imagenette_qwen_lora_s42,29,joint,router,0.09381283074617386,4.542158785625361e-05,0.0022394631378128637,0.03302019461989403
20260908_v3_formal_imagenette_qwen_lora_s42,29,joint,global,0.16074855625629425,0.00022031615662854165,0.0013436778826877182,0.24747328460216522
20260908_v3_formal_imagenette_qwen_lora_s42,29,joint,readout,0.0007316814735531807,3.672136153909378e-05,2.239463137812864e-05,3.277323007583618
20260908_v3_formal_imagenette_qwen_lora_s42,29,joint,generator_context,0.004490699153393507,0.0003571234701666981,2.239463137812864e-05,0.01204053033143282
20260908_v3_formal_imagenette_qwen_lora_s42,29,joint,generator_decoder,0.008096108213067055,0.00025939851184375584,6.718389413438591e-05,1.4344111680984497
20260908_v3_formal_imagenette_qwen_lora_s42,30,joint,electronic,0.005965338554233313,8.032550977077335e-05,2.0598181467309473e-05,10.385972023010254
20260908_v3_formal_imagenette_qwen_lora_s42,30,joint,fusion,0.0,0.0,0.0,0.0
20260908_v3_formal_imagenette_qwen_lora_s42,30,joint,router,0.07709884643554688,3.732887125806883e-05,0.002059818146730947,0.03299611061811447
20260908_v3_formal_imagenette_qwen_lora_s42,30,joint,global,0.16254520416259766,0.00022181228268891573,0.0012358908880385682,0.33105868101119995
20260908_v3_formal_imagenette_qwen_lora_s42,30,joint,readout,0.0008347069378942251,4.189166065771133e-05,2.0598181467309473e-05,5.014490127563477
20260908_v3_formal_imagenette_qwen_lora_s42,30,joint,generator_context,0.00833999551832676,0.0006637651240453124,2.0598181467309473e-05,0.026180431246757507
20260908_v3_formal_imagenette_qwen_lora_s42,30,joint,generator_decoder,0.007307630963623524,0.00023406227410305291,6.17945444019284e-05,1.8568514585494995
20260908_v3_formal_imagenette_clip_lora_s42,1,experts,electronic,0.0,0.0,0.0,0.0
20260908_v3_formal_imagenette_clip_lora_s42,1,experts,fusion,0.0,0.0,0.0,0.0
20260908_v3_formal_imagenette_clip_lora_s42,1,experts,router,0.0,0.0,0.0,0.0
20260908_v3_formal_imagenette_clip_lora_s42,1,experts,global,0.0,0.0,0.0,0.0
20260908_v3_formal_imagenette_clip_lora_s42,1,experts,readout,0.0,0.0,0.0,0.0
20260908_v3_formal_imagenette_clip_lora_s42,1,experts,generator_context,0.0015669194981455803,0.00019613451149780303,5e-06,0.4088360369205475
20260908_v3_formal_imagenette_clip_lora_s42,1,experts,generator_decoder,0.007822967134416103,0.0002697855525184423,1.4999999999999999e-05,1.6192177534103394
20260908_v3_formal_imagenette_clip_lora_s42,2,experts,electronic,0.0,0.0,0.0,0.0
20260908_v3_formal_imagenette_clip_lora_s42,2,experts,fusion,0.0,0.0,0.0,0.0
20260908_v3_formal_imagenette_clip_lora_s42,2,experts,router,0.0,0.0,0.0,0.0
20260908_v3_formal_imagenette_clip_lora_s42,2,experts,global,0.0,0.0,0.0,0.0
20260908_v3_formal_imagenette_clip_lora_s42,2,experts,readout,0.0,0.0,0.0,0.0
20260908_v3_formal_imagenette_clip_lora_s42,2,experts,generator_context,0.006613598670810461,0.0008276489679701626,8.82378565986098e-05,0.22221723198890686
20260908_v3_formal_imagenette_clip_lora_s42,2,experts,generator_decoder,0.030061785131692886,0.001020445371977985,0.00026471356979582936,3.171801805496216
20260908_v3_formal_imagenette_clip_lora_s42,3,experts,electronic,0.0,0.0,0.0,0.0
20260908_v3_formal_imagenette_clip_lora_s42,3,experts,fusion,0.0,0.0,0.0,0.0
20260908_v3_formal_imagenette_clip_lora_s42,3,experts,router,0.0,0.0,0.0,0.0
20260908_v3_formal_imagenette_clip_lora_s42,3,experts,global,0.0,0.0,0.0,0.0
20260908_v3_formal_imagenette_clip_lora_s42,3,experts,readout,0.0,0.0,0.0,0.0
20260908_v3_formal_imagenette_clip_lora_s42,3,experts,generator_context,0.006675962824374437,0.000836051651276648,5.9868827264182535e-05,0.14752629399299622
20260908_v3_formal_imagenette_clip_lora_s42,3,experts,generator_decoder,0.023470940068364143,0.0007965858676470816,0.00017960648179254758,3.472316265106201
20260908_v3_formal_imagenette_clip_lora_s42,4,experts,electronic,0.0,0.0,0.0,0.0
20260908_v3_formal_imagenette_clip_lora_s42,4,experts,fusion,0.0,0.0,0.0,0.0
20260908_v3_formal_imagenette_clip_lora_s42,4,experts,router,0.0,0.0,0.0,0.0
20260908_v3_formal_imagenette_clip_lora_s42,4,experts,global,0.0,0.0,0.0,0.0
20260908_v3_formal_imagenette_clip_lora_s42,4,experts,readout,0.0,0.0,0.0,0.0
20260908_v3_formal_imagenette_clip_lora_s42,4,experts,generator_context,0.0029842578805983067,0.0003739992971532047,3.1576941556207164e-05,0.16671641170978546
20260908_v3_formal_imagenette_clip_lora_s42,4,experts,generator_decoder,0.008895954117178917,0.00030189630342647433,9.473082466862147e-05,4.164590835571289
20260908_v3_formal_imagenette_clip_lora_s42,5,optics,electronic,0.0,0.0,0.0,0.0
20260908_v3_formal_imagenette_clip_lora_s42,5,optics,fusion,0.0,0.0,0.0,0.0
20260908_v3_formal_imagenette_clip_lora_s42,5,optics,router,0.10194707661867142,4.941481165587902e-05,0.0005,0.034995708614587784
20260908_v3_formal_imagenette_clip_lora_s42,5,optics,global,0.10494741797447205,0.0026806634850800037,0.00030000000000000003,0.6350936889648438
20260908_v3_formal_imagenette_clip_lora_s42,5,optics,readout,0.0,0.0,0.0,0.0
20260908_v3_formal_imagenette_clip_lora_s42,5,optics,generator_context,0.0004715756222140044,5.910624531679787e-05,5e-06,0.13557378947734833
20260908_v3_formal_imagenette_clip_lora_s42,5,optics,generator_decoder,0.0015846756286919117,5.376384069677442e-05,1.4999999999999999e-05,3.009718894958496
20260908_v3_formal_imagenette_clip_lora_s42,6,optics,electronic,0.0,0.0,0.0,0.0
20260908_v3_formal_imagenette_clip_lora_s42,6,optics,fusion,0.0,0.0,0.0,0.0
20260908_v3_formal_imagenette_clip_lora_s42,6,optics,router,0.5076584219932556,0.0002460270479787141,0.009694891002992924,0.028361110016703606
20260908_v3_formal_imagenette_clip_lora_s42,6,optics,global,0.718508243560791,0.011932014487683773,0.005816934601795755,0.4788115918636322
20260908_v3_formal_imagenette_clip_lora_s42,6,optics,readout,0.0,0.0,0.0,0.0
20260908_v3_formal_imagenette_clip_lora_s42,6,optics,generator_context,0.005558579228818417,0.0006968558882363141,9.694891002992926e-05,0.07526925206184387
20260908_v3_formal_imagenette_clip_lora_s42,6,optics,generator_decoder,0.043396562337875366,0.001466346438974142,0.0002908467300897877,2.730797290802002
20260908_v3_formal_imagenette_clip_lora_s42,7,optics,electronic,0.0,0.0,0.0,0.0
20260908_v3_formal_imagenette_clip_lora_s42,7,optics,fusion,0.0,0.0,0.0,0.0
20260908_v3_formal_imagenette_clip_lora_s42,7,optics,router,0.7795684933662415,0.0003777579986490309,0.008826109761999027,0.058238234370946884
20260908_v3_formal_imagenette_clip_lora_s42,7,optics,global,0.716697096824646,0.0076966797932982445,0.005295665857199415,0.30748987197875977
20260908_v3_formal_imagenette_clip_lora_s42,7,optics,readout,0.0,0.0,0.0,0.0
20260908_v3_formal_imagenette_clip_lora_s42,7,optics,generator_context,0.004099095240235329,0.0005140232970006764,8.826109761999026e-05,0.05633600056171417
20260908_v3_formal_imagenette_clip_lora_s42,7,optics,generator_decoder,0.04286788031458855,0.001445513335056603,0.00026478329285997075,2.00559139251709
20260908_v3_formal_imagenette_clip_lora_s42,8,optics,electronic,0.0,0.0,0.0,0.0
20260908_v3_formal_imagenette_clip_lora_s42,8,optics,fusion,0.0,0.0,0.0,0.0
20260908_v3_formal_imagenette_clip_lora_s42,8,optics,router,0.6686328053474426,0.0003239437937736511,0.00752619276354741,0.04410547390580177
20260908_v3_formal_imagenette_clip_lora_s42,8,optics,global,0.5975779294967651,0.004410285037010908,0.004515715658128446,0.3571285903453827
20260908_v3_formal_imagenette_clip_lora_s42,8,optics,readout,0.0,0.0,0.0,0.0
20260908_v3_formal_imagenette_clip_lora_s42,8,optics,generator_context,0.004336017183959484,0.0005438293446786702,7.52619276354741e-05,0.08756572008132935
20260908_v3_formal_imagenette_clip_lora_s42,8,optics,generator_decoder,0.04036157205700874,0.0013574734330177307,0.00022578578290642228,2.2994577884674072
20260908_v3_formal_imagenette_clip_lora_s42,9,optics,electronic,0.0,0.0,0.0,0.0
20260908_v3_formal_imagenette_clip_lora_s42,9,optics,fusion,0.0,0.0,0.0,0.0
20260908_v3_formal_imagenette_clip_lora_s42,9,optics,router,0.22843162715435028,0.00011065522994613275,0.005993448193433091,0.024474823847413063
20260908_v3_formal_imagenette_clip_lora_s42,9,optics,global,0.5434877276420593,0.003017507493495941,0.0035960689160598547,0.30498573184013367
20260908_v3_formal_imagenette_clip_lora_s42,9,optics,readout,0.0,0.0,0.0,0.0
20260908_v3_formal_imagenette_clip_lora_s42,9,optics,generator_context,0.0033877980895340443,0.0004249566700309515,5.993448193433091e-05,0.052072711288928986
20260908_v3_formal_imagenette_clip_lora_s42,9,optics,generator_decoder,0.02786264568567276,0.0009350902982987463,0.00017980344580299272,2.0440433025360107
20260908_v3_formal_imagenette_clip_lora_s42,10,optics,electronic,0.0,0.0,0.0,0.0
20260908_v3_formal_imagenette_clip_lora_s42,10,optics,fusion,0.0,0.0,0.0,0.0
20260908_v3_formal_imagenette_clip_lora_s42,10,optics,router,0.14189141988754272,6.873230449855328e-05,0.004461703130883879,0.014584392309188843
20260908_v3_formal_imagenette_clip_lora_s42,10,optics,global,0.3762245178222656,0.001707252929918468,0.0026770218785303274,0.3049603998661041
20260908_v3_formal_imagenette_clip_lora_s42,10,optics,readout,0.0,0.0,0.0,0.0
20260908_v3_formal_imagenette_clip_lora_s42,10,optics,generator_context,0.00211329385638237,0.0002650785609148443,4.461703130883879e-05,0.03758009895682335
20260908_v3_formal_imagenette_clip_lora_s42,10,optics,generator_decoder,0.01581462286412716,0.0005309934495016932,0.00013385109392651635,2.2190468311309814
20260908_v3_formal_imagenette_clip_lora_s42,11,optics,electronic,0.0,0.0,0.0,0.0
20260908_v3_formal_imagenette_clip_lora_s42,11,optics,fusion,0.0,0.0,0.0,0.0
20260908_v3_formal_imagenette_clip_lora_s42,11,optics,router,0.16786788403987885,8.131431241054088e-05,0.00316463217575224,0.09525156021118164
20260908_v3_formal_imagenette_clip_lora_s42,11,optics,global,0.3391767144203186,0.0013512413715943694,0.001898779305451344,0.36945149302482605
20260908_v3_formal_imagenette_clip_lora_s42,11,optics,readout,0.0,0.0,0.0,0.0
20260908_v3_formal_imagenette_clip_lora_s42,11,optics,generator_context,0.0022055853623896837,0.0002766826655715704,3.16463217575224e-05,0.04644698277115822
20260908_v3_formal_imagenette_clip_lora_s42,11,optics,generator_decoder,0.010645314119756222,0.000357320619514212,9.493896527256719e-05,2.6677846908569336
20260908_v3_formal_imagenette_clip_lora_s42,12,optics,electronic,0.0,0.0,0.0,0.0
20260908_v3_formal_imagenette_clip_lora_s42,12,optics,fusion,0.0,0.0,0.0,0.0
20260908_v3_formal_imagenette_clip_lora_s42,12,optics,router,0.11503975093364716,5.572353256866336e-05,0.0023001093371217874,0.03987044468522072
20260908_v3_formal_imagenette_clip_lora_s42,12,optics,global,0.24126502871513367,0.0008825807017274201,0.0013800656022730723,0.44336768984794617
20260908_v3_formal_imagenette_clip_lora_s42,12,optics,readout,0.0,0.0,0.0,0.0
20260908_v3_formal_imagenette_clip_lora_s42,12,optics,generator_context,0.0017338719917461276,0.0002175049012294039,2.3001093371217874e-05,0.05782265216112137
20260908_v3_formal_imagenette_clip_lora_s42,12,optics,generator_decoder,0.006955609656870365,0.0002335240424145013,6.900328011365362e-05,3.0955135822296143
20260908_v3_formal_imagenette_clip_lora_s42,13,joint,electronic,0.006687935441732407,9.109050006372854e-05,5e-06,12.79100227355957
20260908_v3_formal_imagenette_clip_lora_s42,13,joint,fusion,0.0,0.0,0.0,0.0
20260908_v3_formal_imagenette_clip_lora_s42,13,joint,router,0.026464207097887993,1.281883396586636e-05,0.0005,0.049371179193258286
20260908_v3_formal_imagenette_clip_lora_s42,13,joint,global,0.04759569093585014,0.00016373334801755846,0.00030000000000000003,0.47366663813591003
20260908_v3_formal_imagenette_clip_lora_s42,13,joint,readout,0.0007969149155542254,3.999510227004066e-05,5e-06,3.262958526611328
20260908_v3_formal_imagenette_clip_lora_s42,13,joint,generator_context,0.0003866191837005317,4.850449113291688e-05,5e-06,0.0624232143163681
20260908_v3_formal_imagenette_clip_lora_s42,13,joint,generator_decoder,0.0015513674588873982,5.207566573517397e-05,1.4999999999999999e-05,3.1815757751464844
20260908_v3_formal_imagenette_clip_lora_s42,14,joint,electronic,0.03830046206712723,0.0005210943636484444,9.93917484850684e-05,5.36178731918335
20260908_v3_formal_imagenette_clip_lora_s42,14,joint,fusion,0.0,0.0,0.0,0.0
20260908_v3_formal_imagenette_clip_lora_s42,14,joint,router,0.17566174268722534,8.508509199600667e-05,0.00993917484850684,0.017981719225645065
20260908_v3_formal_imagenette_clip_lora_s42,14,joint,global,0.7853943109512329,0.0021463718730956316,0.005963504909104104,0.21749062836170197
20260908_v3_formal_imagenette_clip_lora_s42,14,joint,readout,0.005000369157642126,0.00025095490855164826,9.93917484850684e-05,3.013425827026367
20260908_v3_formal_imagenette_clip_lora_s42,14,joint,generator_context,0.0031130437273532152,0.0003903825127054006,9.93917484850684e-05,0.027852702885866165
20260908_v3_formal_imagenette_clip_lora_s42,14,joint,generator_decoder,0.04749368503689766,0.0015888344496488571,0.0002981752454552052,1.164803147315979
20260908_v3_formal_imagenette_clip_lora_s42,15,joint,electronic,0.03538726270198822,0.00048070604680106044,9.75854924355444e-05,6.420596599578857
20260908_v3_formal_imagenette_clip_lora_s42,15,joint,fusion,0.0,0.0,0.0,0.0
20260908_v3_formal_imagenette_clip_lora_s42,15,joint,router,0.19140152633190155,9.270905138691887e-05,0.00975854924355444,0.027255607768893242
20260908_v3_formal_imagenette_clip_lora_s42,15,joint,global,0.7849080562591553,0.0017840806394815445,0.005855129546132664,0.22897537052631378
20260908_v3_formal_imagenette_clip_lora_s42,15,joint,readout,0.005072678904980421,0.000254574028076604,9.75854924355444e-05,1.9392611980438232
20260908_v3_formal_imagenette_clip_lora_s42,15,joint,generator_context,0.00283223669975996,0.00035523984115570784,9.75854924355444e-05,0.023827962577342987
20260908_v3_formal_imagenette_clip_lora_s42,15,joint,generator_decoder,0.04954211413860321,0.0016538630006834865,0.00029275647730663316,1.3782235383987427
20260908_v3_formal_imagenette_clip_lora_s42,16,joint,electronic,0.02835003472864628,0.00038454317837022245,9.463616475035189e-05,7.534658908843994
20260908_v3_formal_imagenette_clip_lora_s42,16,joint,fusion,0.0,0.0,0.0,0.0
20260908_v3_formal_imagenette_clip_lora_s42,16,joint,router,0.4200054705142975,0.00020343677897471935,0.009463616475035188,0.0536501370370388
20260908_v3_formal_imagenette_clip_lora_s42,16,joint,global,0.7203690409660339,0.0014358466723933816,0.005678169885021113,0.22629083693027496
20260908_v3_formal_imagenette_clip_lora_s42,16,joint,readout,0.002555576851591468,0.0001282521552639082,9.463616475035189e-05,2.093514919281006
20260908_v3_formal_imagenette_clip_lora_s42,16,joint,generator_context,0.0029382093343883753,0.000368541048374027,9.463616475035189e-05,0.029136940836906433
20260908_v3_formal_imagenette_clip_lora_s42,16,joint,generator_decoder,0.049867693334817886,0.0016525581013411283,0.00028390849425105564,1.4776712656021118
20260908_v3_formal_imagenette_clip_lora_s42,17,joint,electronic,0.028897494077682495,0.00039150379598140717,9.063346208111827e-05,6.8793840408325195
20260908_v3_formal_imagenette_clip_lora_s42,17,joint,fusion,0.0,0.0,0.0,0.0
20260908_v3_formal_imagenette_clip_lora_s42,17,joint,router,0.2550216317176819,0.00012352204066701233,0.009063346208111826,0.023011857643723488
20260908_v3_formal_imagenette_clip_lora_s42,17,joint,global,0.6582498550415039,0.001194374868646264,0.005438007724867096,0.2212137132883072
20260908_v3_formal_imagenette_clip_lora_s42,17,joint,readout,0.00272276415489614,0.00013663757999893278,9.063346208111827e-05,4.873292446136475
20260908_v3_formal_imagenette_clip_lora_s42,17,joint,generator_context,0.0032312138937413692,0.0004052416479680687,9.063346208111827e-05,0.02098693884909153
20260908_v3_formal_imagenette_clip_lora_s42,17,joint,generator_decoder,0.05782244727015495,0.0019065168453380466,0.0002719003862433548,1.003720760345459
20260908_v3_formal_imagenette_clip_lora_s42,18,joint,electronic,0.026342639699578285,0.00035641618887893856,8.569911692596261e-05,7.423293590545654
20260908_v3_formal_imagenette_clip_lora_s42,18,joint,fusion,0.0,0.0,0.0,0.0
20260908_v3_formal_imagenette_clip_lora_s42,18,joint,router,0.44624146819114685,0.00021614611614495516,0.008569911692596261,0.017857706174254417
20260908_v3_formal_imagenette_clip_lora_s42,18,joint,global,0.7425141930580139,0.0012580194743350148,0.005141947015557757,0.25226259231567383
20260908_v3_formal_imagenette_clip_lora_s42,18,joint,readout,0.0031121803913265467,0.00015618008910678327,8.569911692596261e-05,4.988969802856445
20260908_v3_formal_imagenette_clip_lora_s42,18,joint,generator_context,0.0036475621163845062,0.00045751105062663555,8.569911692596261e-05,0.014023720286786556
20260908_v3_formal_imagenette_clip_lora_s42,18,joint,generator_decoder,0.04026974365115166,0.001325101824477315,0.0002570973507778878,1.2628732919692993
20260908_v3_formal_imagenette_clip_lora_s42,19,joint,electronic,0.03156575188040733,0.0004266505129635334,7.998319543067591e-05,5.440850257873535
20260908_v3_formal_imagenette_clip_lora_s42,19,joint,fusion,0.0,0.0,0.0,0.0
20260908_v3_formal_imagenette_clip_lora_s42,19,joint,router,0.2724032998085022,0.00013193949416745454,0.007998319543067591,0.009563096798956394
20260908_v3_formal_imagenette_clip_lora_s42,19,joint,global,0.6949934959411621,0.00111920025665313,0.004798991725840555,0.20072689652442932
20260908_v3_formal_imagenette_clip_lora_s42,19,joint,readout,0.0032431376166641712,0.00016274629160761833,7.998319543067591e-05,2.9326858520507812
20260908_v3_formal_imagenette_clip_lora_s42,19,joint,generator_context,0.004194186069071293,0.0005260168691165745,7.998319543067591e-05,0.02548578940331936
20260908_v3_formal_imagenette_clip_lora_s42,19,joint,generator_decoder,0.043238893151283264,0.001415270147845149,0.00023994958629202772,0.97026127576828
20260908_v3_formal_imagenette_clip_lora_s42,20,joint,electronic,0.023445967584848404,0.00031658218358643353,7.365953349069506e-05,7.556088447570801
20260908_v3_formal_imagenette_clip_lora_s42,20,joint,fusion,0.0,0.0,0.0,0.0
20260908_v3_formal_imagenette_clip_lora_s42,20,joint,router,0.2086152285337448,0.00010104670218424872,0.007365953349069505,0.021643824875354767
20260908_v3_formal_imagenette_clip_lora_s42,20,joint,global,0.5363503098487854,0.0008314542355947196,0.004419572009441703,0.20003648102283478
20260908_v3_formal_imagenette_clip_lora_s42,20,joint,readout,0.0028486335650086403,0.00014294426364358515,7.365953349069506e-05,5.816585540771484
20260908_v3_formal_imagenette_clip_lora_s42,20,joint,generator_context,0.0027746977284550667,0.00034796117688529193,7.365953349069506e-05,0.017091387882828712
20260908_v3_formal_imagenette_clip_lora_s42,20,joint,generator_decoder,0.03403950482606888,0.001111822435632348,0.00022097860047208512,0.9607837796211243
20260908_v3_formal_imagenette_clip_lora_s42,21,joint,electronic,0.01946522295475006,0.00026271698880009353,6.69204499537655e-05,5.213387966156006
20260908_v3_formal_imagenette_clip_lora_s42,21,joint,fusion,0.0,0.0,0.0,0.0
20260908_v3_formal_imagenette_clip_lora_s42,21,joint,router,0.15646575391292572,7.578829536214471e-05,0.00669204499537655,0.008536883629858494
20260908_v3_formal_imagenette_clip_lora_s42,21,joint,global,0.37902766466140747,0.000570493342820555,0.00401522699722593,0.16799984872341156
20260908_v3_formal_imagenette_clip_lora_s42,21,joint,readout,0.0022505191154778004,0.00011293208081042394,6.69204499537655e-05,2.809131622314453
20260908_v3_formal_imagenette_clip_lora_s42,21,joint,generator_context,0.0021237554028630257,0.0002662910846993327,6.69204499537655e-05,0.011311281472444534
20260908_v3_formal_imagenette_clip_lora_s42,21,joint,generator_decoder,0.023723822087049484,0.0007739680004306138,0.00020076134986129647,0.8422169089317322
20260908_v3_formal_imagenette_clip_lora_s42,22,joint,electronic,0.019990064203739166,0.00026960665127262473,5.997089770841662e-05,5.401363849639893
20260908_v3_formal_imagenette_clip_lora_s42,22,joint,fusion,0.0,0.0,0.0,0.0
20260908_v3_formal_imagenette_clip_lora_s42,22,joint,router,0.1279803365468979,6.199534254847094e-05,0.005997089770841662,0.007016003131866455
20260908_v3_formal_imagenette_clip_lora_s42,22,joint,global,0.40403226017951965,0.0005944131989963353,0.003598253862504997,0.18393301963806152
20260908_v3_formal_imagenette_clip_lora_s42,22,joint,readout,0.001830206485465169,9.184076043311507e-05,5.997089770841662e-05,2.4451584815979004
20260908_v3_formal_imagenette_clip_lora_s42,22,joint,generator_context,0.0020626031327992678,0.0002586579939816147,5.997089770841662e-05,0.012801695615053177
20260908_v3_formal_imagenette_clip_lora_s42,22,joint,generator_decoder,0.025083908811211586,0.0008169820066541433,0.00017991269312524983,0.9011801481246948
20260908_v3_formal_imagenette_clip_lora_s42,23,joint,electronic,0.01707729697227478,0.00023018087085802108,5.302223053871491e-05,6.0211100578308105
20260908_v3_formal_imagenette_clip_lora_s42,23,joint,fusion,0.0,0.0,0.0,0.0
20260908_v3_formal_imagenette_clip_lora_s42,23,joint,router,0.14012081921100616,6.788242899347097e-05,0.0053022230538714915,0.008376219309866428
20260908_v3_formal_imagenette_clip_lora_s42,23,joint,global,0.43828848004341125,0.000633342016953975,0.003181333832322895,0.18166296184062958
20260908_v3_formal_imagenette_clip_lora_s42,23,joint,readout,0.002188472542911768,0.00010981946252286434,5.302223053871491e-05,2.5892486572265625
20260908_v3_formal_imagenette_clip_lora_s42,23,joint,generator_context,0.0022386794444173574,0.0002807210257742554,5.302223053871491e-05,0.018619857728481293
20260908_v3_formal_imagenette_clip_lora_s42,23,joint,generator_decoder,0.025194214656949043,0.0008189718937501311,0.00015906669161614472,1.0701158046722412
20260908_v3_formal_imagenette_clip_lora_s42,24,joint,electronic,0.014798475429415703,0.0001993708428926766,4.628577531129671e-05,9.878756523132324
20260908_v3_formal_imagenette_clip_lora_s42,24,joint,fusion,0.0,0.0,0.0,0.0
20260908_v3_formal_imagenette_clip_lora_s42,24,joint,router,0.08608082681894302,4.170534884906374e-05,0.0046285775311296715,0.008556882850825787
20260908_v3_formal_imagenette_clip_lora_s42,24,joint,global,0.3486344516277313,0.0004966598353348672,0.002777146518677803,0.2912922501564026
20260908_v3_formal_imagenette_clip_lora_s42,24,joint,readout,0.001902044634334743,9.544409113004804e-05,4.628577531129671e-05,6.774702072143555
20260908_v3_formal_imagenette_clip_lora_s42,24,joint,generator_context,0.0017612348310649395,0.00022085268574301153,4.628577531129671e-05,0.01713406853377819
20260908_v3_formal_imagenette_clip_lora_s42,24,joint,generator_decoder,0.020507998764514923,0.0006653628661297262,0.00013885732593389014,1.3932616710662842
20260908_v3_formal_imagenette_clip_lora_s42,25,joint,electronic,0.011497306637465954,0.00015486121992580593,3.996640498102932e-05,9.650516510009766
20260908_v3_formal_imagenette_clip_lora_s42,25,joint,fusion,0.0,0.0,0.0,0.0
20260908_v3_formal_imagenette_clip_lora_s42,25,joint,router,0.18270258605480194,8.852620521793142e-05,0.003996640498102932,0.00864752009510994
20260908_v3_formal_imagenette_clip_lora_s42,25,joint,global,0.3088730275630951,0.00043509251554496586,0.0023979842988617593,0.26899462938308716
20260908_v3_formal_imagenette_clip_lora_s42,25,joint,readout,0.0012548748636618257,6.296939682215452e-05,3.996640498102932e-05,3.4621293544769287
20260908_v3_formal_imagenette_clip_lora_s42,25,joint,generator_context,0.002670522313565016,0.00033491276553831995,3.996640498102932e-05,0.018128851428627968
20260908_v3_formal_imagenette_clip_lora_s42,25,joint,generator_decoder,0.016279924660921097,0.0005278325406834483,0.00011989921494308794,1.3475589752197266
20260908_v3_formal_imagenette_clip_lora_s42,26,joint,electronic,0.009447275660932064,0.00012720974336843938,3.4256307876752716e-05,10.861467361450195
20260908_v3_formal_imagenette_clip_lora_s42,26,joint,fusion,0.0,0.0,0.0,0.0
20260908_v3_formal_imagenette_clip_lora_s42,26,joint,router,0.1020863726735115,4.94681517011486e-05,0.003425630787675271,0.009584394283592701
20260908_v3_formal_imagenette_clip_lora_s42,26,joint,global,0.2940787374973297,0.00041053927270695567,0.0020553784726051625,0.2818150520324707
20260908_v3_formal_imagenette_clip_lora_s42,26,joint,readout,0.001250474015250802,6.274800398387015e-05,3.4256307876752716e-05,6.382543563842773
20260908_v3_formal_imagenette_clip_lora_s42,26,joint,generator_context,0.0017581696156412363,0.00022048814571462572,3.4256307876752716e-05,0.037278253585100174
20260908_v3_formal_imagenette_clip_lora_s42,26,joint,generator_decoder,0.01416646596044302,0.0004589854215737432,0.00010276892363025812,1.5274159908294678
20260908_v3_formal_imagenette_clip_lora_s42,27,joint,electronic,0.008889248594641685,0.00011969515617238358,2.932914275917099e-05,13.025215148925781
20260908_v3_formal_imagenette_clip_lora_s42,27,joint,fusion,0.0,0.0,0.0,0.0
20260908_v3_formal_imagenette_clip_lora_s42,27,joint,router,0.09902623295783997,4.798886220669374e-05,0.002932914275917099,0.01198255829513073
20260908_v3_formal_imagenette_clip_lora_s42,27,joint,global,0.27819904685020447,0.00038553387275896966,0.0017597485655502594,0.3316590189933777
20260908_v3_formal_imagenette_clip_lora_s42,27,joint,readout,0.0008313752477988601,4.1718125430634245e-05,2.932914275917099e-05,8.99973201751709
20260908_v3_formal_imagenette_clip_lora_s42,27,joint,generator_context,0.0017936030635610223,0.00022495027224067599,2.932914275917099e-05,0.0213560052216053
20260908_v3_formal_imagenette_clip_lora_s42,27,joint,generator_decoder,0.014492316171526909,0.00046882484457455575,8.798742827751296e-05,1.6744059324264526
20260908_v3_formal_imagenette_clip_lora_s42,28,joint,electronic,0.007381587754935026,9.9384349596221e-05,2.533475741063855e-05,7.983047008514404
20260908_v3_formal_imagenette_clip_lora_s42,28,joint,fusion,0.0,0.0,0.0,0.0
20260908_v3_formal_imagenette_clip_lora_s42,28,joint,router,0.07995834201574326,3.8751364627387375e-05,0.0025334757410638547,0.011837656609714031
20260908_v3_formal_imagenette_clip_lora_s42,28,joint,global,0.2047138512134552,0.0002820136141963303,0.001520085444638313,0.25925442576408386
20260908_v3_formal_imagenette_clip_lora_s42,28,joint,readout,0.000871741387527436,4.3742144043790177e-05,2.533475741063855e-05,3.1992366313934326
20260908_v3_formal_imagenette_clip_lora_s42,28,joint,generator_context,0.001269347034394741,0.00015919354336801916,2.533475741063855e-05,0.020437823608517647
20260908_v3_formal_imagenette_clip_lora_s42,28,joint,generator_decoder,0.010759412311017513,0.00034779010456986725,7.600427223191564e-05,1.25786554813385
20260908_v3_formal_imagenette_clip_lora_s42,29,joint,electronic,0.006130464840680361,8.253145642811432e-05,2.239463137812864e-05,9.065471649169922
20260908_v3_formal_imagenette_clip_lora_s42,29,joint,fusion,0.0,0.0,0.0,0.0
20260908_v3_formal_imagenette_clip_lora_s42,29,joint,router,0.06876897066831589,3.333084532641806e-05,0.0022394631378128637,0.010426991619169712
20260908_v3_formal_imagenette_clip_lora_s42,29,joint,global,0.15336118638515472,0.000210214639082551,0.0013436778826877182,0.26994287967681885
20260908_v3_formal_imagenette_clip_lora_s42,29,joint,readout,0.000599226332269609,3.006785482284613e-05,2.239463137812864e-05,2.693983793258667
20260908_v3_formal_imagenette_clip_lora_s42,29,joint,generator_context,0.001655034371651709,0.00020754746219608933,2.239463137812864e-05,0.015014507807791233
20260908_v3_formal_imagenette_clip_lora_s42,29,joint,generator_decoder,0.011581526137888432,0.0003740604151971638,6.718389413438591e-05,1.2398364543914795
20260908_v3_formal_imagenette_clip_lora_s42,30,joint,electronic,0.006107410416007042,8.221789175877348e-05,2.0598181467309473e-05,11.03905200958252
20260908_v3_formal_imagenette_clip_lora_s42,30,joint,fusion,0.0,0.0,0.0,0.0
20260908_v3_formal_imagenette_clip_lora_s42,30,joint,router,0.1470760554075241,7.128871220629662e-05,0.002059818146730947,0.025032561272382736
20260908_v3_formal_imagenette_clip_lora_s42,30,joint,global,0.1711837202310562,0.00023362194770015776,0.0012358908880385682,0.33012276887893677
20260908_v3_formal_imagenette_clip_lora_s42,30,joint,readout,0.0008581143338233232,4.305756010580808e-05,2.0598181467309473e-05,5.6364569664001465
20260908_v3_formal_imagenette_clip_lora_s42,30,joint,generator_context,0.001955320592969656,0.00024517992278560996,2.0598181467309473e-05,0.02599281631410122
20260908_v3_formal_imagenette_clip_lora_s42,30,joint,generator_decoder,0.008432946167886257,0.0002725162776187062,6.17945444019284e-05,1.501749873161316
20260908_v3_devdet_base_s42,1,experts,electronic,0.0,0.0,0.0,0.0
20260908_v3_devdet_base_s42,1,experts,fusion,0.0,0.0,0.0,0.0
20260908_v3_devdet_base_s42,1,experts,router,0.0,0.0,0.0,0.0
20260908_v3_devdet_base_s42,1,experts,global,0.0,0.0,0.0,0.0
20260908_v3_devdet_base_s42,1,experts,readout,0.0,0.0,0.0,0.0
20260908_v3_devdet_base_s42,1,experts,generator_context,0.004119464661926031,0.0003377220709808171,5e-06,0.05695643275976181
20260908_v3_devdet_base_s42,1,experts,generator_decoder,0.007788856979459524,0.00026860920479521155,1.4999999999999999e-05,1.614376425743103
20260908_v3_devdet_base_s42,2,experts,electronic,0.0,0.0,0.0,0.0
20260908_v3_devdet_base_s42,2,experts,fusion,0.0,0.0,0.0,0.0
20260908_v3_devdet_base_s42,2,experts,router,0.0,0.0,0.0,0.0
20260908_v3_devdet_base_s42,2,experts,global,0.0,0.0,0.0,0.0
20260908_v3_devdet_base_s42,2,experts,readout,0.0,0.0,0.0,0.0
20260908_v3_devdet_base_s42,2,experts,generator_context,0.019089020788669586,0.0015613232972100377,5.92047124933972e-05,0.07773681730031967
20260908_v3_devdet_base_s42,2,experts,generator_decoder,0.05099213868379593,0.0017554615624248981,0.00017761413748019158,2.2315142154693604
20260908_v3_devdet_base_s42,3,optics,electronic,0.0,0.0,0.0,0.0
20260908_v3_devdet_base_s42,3,optics,fusion,0.0,0.0,0.0,0.0
20260908_v3_devdet_base_s42,3,optics,router,0.09825548529624939,4.762546086567454e-05,0.0005,0.014524934813380241
20260908_v3_devdet_base_s42,3,optics,global,0.10553300380706787,0.0026956209912896156,0.00030000000000000003,0.8839016556739807
20260908_v3_devdet_base_s42,3,optics,readout,0.0,0.0,0.0,0.0
20260908_v3_devdet_base_s42,3,optics,generator_context,0.0032556545920670033,0.0002661098260432482,5e-06,0.09100332856178284
20260908_v3_devdet_base_s42,3,optics,generator_decoder,0.00471933837980032,0.00016202821279875934,1.4999999999999999e-05,2.686296224594116
20260908_v3_devdet_base_s42,4,optics,electronic,0.0,0.0,0.0,0.0
20260908_v3_devdet_base_s42,4,optics,fusion,0.0,0.0,0.0,0.0
20260908_v3_devdet_base_s42,4,optics,router,0.41619300842285156,0.00020172083168290555,0.008814421345169958,0.03499835729598999
20260908_v3_devdet_base_s42,4,optics,global,0.6222895979881287,0.013935085386037827,0.005288652807101975,0.7016055583953857
20260908_v3_devdet_base_s42,4,optics,readout,0.0,0.0,0.0,0.0
20260908_v3_devdet_base_s42,4,optics,generator_context,0.02842700108885765,0.0023199785500764847,8.814421345169958e-05,0.10784599184989929
20260908_v3_devdet_base_s42,4,optics,generator_decoder,0.07013960927724838,0.0023896158672869205,0.00026443264035509875,3.0842463970184326
20260908_v3_devdet_base_s42,5,optics,electronic,0.0,0.0,0.0,0.0
20260908_v3_devdet_base_s42,5,optics,fusion,0.0,0.0,0.0,0.0
20260908_v3_devdet_base_s42,5,optics,router,0.26388487219810486,0.00012789371248800308,0.005960483754074137,0.038647737354040146
20260908_v3_devdet_base_s42,5,optics,global,0.4494742155075073,0.00887963268905878,0.0035762902524444826,0.598633348941803
20260908_v3_devdet_base_s42,5,optics,readout,0.0,0.0,0.0,0.0
20260908_v3_devdet_base_s42,5,optics,generator_context,0.01308107003569603,0.0010691407369449735,5.960483754074138e-05,0.05703084543347359
20260908_v3_devdet_base_s42,5,optics,generator_decoder,0.027626601979136467,0.0009349795873276889,0.00017881451262222411,2.5908634662628174
20260908_v3_devdet_base_s42,6,optics,electronic,0.0,0.0,0.0,0.0
20260908_v3_devdet_base_s42,6,optics,fusion,0.0,0.0,0.0,0.0
20260908_v3_devdet_base_s42,6,optics,router,0.219612255692482,0.00010643492714734748,0.003129970971822676,0.10983366519212723
20260908_v3_devdet_base_s42,6,optics,global,0.308780312538147,0.005714488215744495,0.0018779825830936056,0.8163419365882874
20260908_v3_devdet_base_s42,6,optics,readout,0.0,0.0,0.0,0.0
20260908_v3_devdet_base_s42,6,optics,generator_context,0.008708542212843895,0.0007113955798558891,3.129970971822676e-05,0.050879236310720444
20260908_v3_devdet_base_s42,6,optics,generator_decoder,0.013227161020040512,0.00044759403681382537,9.389912915468027e-05,3.710414409637451
20260908_v3_devdet_base_s42,7,joint,electronic,0.006686633452773094,9.107276855502278e-05,5e-06,16.089523315429688
20260908_v3_devdet_base_s42,7,joint,fusion,0.0,0.0,0.0,0.0
20260908_v3_devdet_base_s42,7,joint,router,0.04907219111919403,2.378292629146017e-05,0.0005,0.086164690554142
20260908_v3_devdet_base_s42,7,joint,global,0.041536517441272736,0.0007398741436190903,0.00030000000000000003,0.7169718742370605
20260908_v3_devdet_base_s42,7,joint,readout,0.0007969337166287005,3.9996048144530505e-05,5e-06,3.191699504852295
20260908_v3_devdet_base_s42,7,joint,generator_context,0.0014080487890169024,0.00011496946535771713,5e-06,0.08081621676683426
20260908_v3_devdet_base_s42,7,joint,generator_decoder,0.002076424891129136,7.031279528746381e-05,1.4999999999999999e-05,3.684652090072632
20260908_v3_devdet_base_s42,8,joint,electronic,0.030778732150793076,0.0004191590123809874,9.803251647457719e-05,13.439789772033691
20260908_v3_devdet_base_s42,8,joint,fusion,0.0,0.0,0.0,0.0
20260908_v3_devdet_base_s42,8,joint,router,0.4363248944282532,0.000211455873795785,0.009803251647457718,0.05730153247714043
20260908_v3_devdet_base_s42,8,joint,global,0.8309327960014343,0.013228349387645721,0.005881950988474631,0.5761615037918091
20260908_v3_devdet_base_s42,8,joint,readout,0.003396790474653244,0.0001704739115666598,9.803251647457719e-05,3.4316399097442627
20260908_v3_devdet_base_s42,8,joint,generator_context,0.025282060727477074,0.002065974520519376,9.803251647457719e-05,0.03888333588838577
20260908_v3_devdet_base_s42,8,joint,generator_decoder,0.04740540310740471,0.0016032204730436206,0.0002940975494237315,2.672180414199829
20260908_v3_devdet_base_s42,9,joint,electronic,0.02664260007441044,0.0003627808182500303,9.232361546944919e-05,3.895571231842041
20260908_v3_devdet_base_s42,9,joint,fusion,0.0,0.0,0.0,0.0
20260908_v3_devdet_base_s42,9,joint,router,0.1448073834180832,7.017596362857148e-05,0.009232361546944918,0.026392420753836632
20260908_v3_devdet_base_s42,9,joint,global,0.39268937706947327,0.005436066538095474,0.005539416928166951,0.19181083142757416
20260908_v3_devdet_base_s42,9,joint,readout,0.0024222396314144135,0.00012156715820310637,9.232361546944919e-05,0.783371090888977
20260908_v3_devdet_base_s42,9,joint,generator_context,0.00811116024851799,0.0006623989902436733,9.232361546944919e-05,0.011154469102621078
20260908_v3_devdet_base_s42,9,joint,generator_decoder,0.04312681034207344,0.0014555762754753232,0.0002769708464083475,0.7931102514266968
20260908_v3_devdet_base_s42,10,joint,electronic,0.02431132085621357,0.0003310417232569307,8.343490541840899e-05,8.270258903503418
20260908_v3_devdet_base_s42,10,joint,fusion,0.0,0.0,0.0,0.0
20260908_v3_devdet_base_s42,10,joint,router,0.4160026013851166,0.00020159906125627458,0.008343490541840899,0.03277860954403877
20260908_v3_devdet_base_s42,10,joint,global,0.5475515723228455,0.006710167042911053,0.00500609432510454,0.3254573941230774
20260908_v3_devdet_base_s42,10,joint,readout,0.001954943872988224,9.811404743231833e-05,8.343490541840899e-05,2.1940622329711914
20260908_v3_devdet_base_s42,10,joint,generator_context,0.01048775389790535,0.0008563855662941933,8.343490541840899e-05,0.020479844883084297
20260908_v3_devdet_base_s42,10,joint,generator_decoder,0.0324493870139122,0.0010934623423963785,0.00025030471625522697,1.7841178178787231
20260908_v3_devdet_base_s42,11,joint,electronic,0.02450014464557171,0.0003335289948154241,7.224080585084071e-05,7.719049453735352
20260908_v3_devdet_base_s42,11,joint,fusion,0.0,0.0,0.0,0.0
20260908_v3_devdet_base_s42,11,joint,router,0.2686023414134979,0.00013016875891480595,0.007224080585084072,0.03716230019927025
20260908_v3_devdet_base_s42,11,joint,global,0.6142821311950684,0.006669570226222277,0.004334448351050443,0.3093222677707672
20260908_v3_devdet_base_s42,11,joint,readout,0.0021009158808737993,0.00010544046381255612,7.224080585084071e-05,2.47479248046875
20260908_v3_devdet_base_s42,11,joint,generator_context,0.013167383149266243,0.0010755655821412802,7.224080585084071e-05,0.02476355992257595
20260908_v3_devdet_base_s42,11,joint,generator_decoder,0.03592956066131592,0.0012089136289432645,0.00021672241755252213,1.6365331411361694
20260908_v3_devdet_base_s42,12,joint,electronic,0.01849490776658058,0.0002517617540434003,5.9842527090801006e-05,5.8437323570251465
20260908_v3_devdet_base_s42,12,joint,fusion,0.0,0.0,0.0,0.0
20260908_v3_devdet_base_s42,12,joint,router,0.16124626994132996,7.81408671173267e-05,0.0059842527090801,0.023091040551662445
20260908_v3_devdet_base_s42,12,joint,global,0.35045096278190613,0.003439452266320586,0.00359055162544806,0.26073339581489563
20260908_v3_devdet_base_s42,12,joint,readout,0.0023087074514478445,0.00011586998880375177,5.9842527090801006e-05,1.7939527034759521
20260908_v3_devdet_base_s42,12,joint,generator_context,0.00515363086014986,0.0004209753533359617,5.9842527090801006e-05,0.015056966803967953
20260908_v3_devdet_base_s42,12,joint,generator_decoder,0.023569857701659203,0.0007934763561934233,0.00017952758127240298,1.183897614479065
20260908_v3_devdet_base_s42,13,joint,electronic,0.016457466408610344,0.00022401641763281077,4.745973959848877e-05,8.036625862121582
20260908_v3_devdet_base_s42,13,joint,fusion,0.0,0.0,0.0,0.0
20260908_v3_devdet_base_s42,13,joint,router,0.1506602019071579,7.300928700715303e-05,0.004745973959848876,0.046501852571964264
20260908_v3_devdet_base_s42,13,joint,global,0.38408592343330383,0.0034769398625940084,0.002847584375909326,0.34218108654022217
20260908_v3_devdet_base_s42,13,joint,readout,0.0019596396014094353,9.834964293986559e-05,4.745973959848877e-05,2.7530136108398438
20260908_v3_devdet_base_s42,13,joint,generator_context,0.006356084253638983,0.0005191343952901661,4.745973959848877e-05,0.018028149381279945
20260908_v3_devdet_base_s42,13,joint,generator_decoder,0.019628416746854782,0.0006601008353754878,0.00014237921879546627,1.5220105648040771
20260908_v3_devdet_base_s42,14,joint,electronic,0.010677800513803959,0.00014532660134136677,3.631058989340081e-05,9.654975891113281
20260908_v3_devdet_base_s42,14,joint,fusion,0.0,0.0,0.0,0.0
20260908_v3_devdet_base_s42,14,joint,router,0.26509037613868713,0.00012846107711084187,0.0036310589893400807,0.07402089238166809
20260908_v3_devdet_base_s42,14,joint,global,0.3104249835014343,0.0026371506974101067,0.0021786353936040486,0.37346455454826355
20260908_v3_devdet_base_s42,14,joint,readout,0.0010371172102168202,5.205038178246468e-05,3.631058989340081e-05,3.101125478744507
20260908_v3_devdet_base_s42,14,joint,generator_context,0.005349364131689072,0.00043688842561095953,3.631058989340081e-05,0.02103635109961033
20260908_v3_devdet_base_s42,14,joint,generator_decoder,0.012737089768052101,0.0004282539011910558,0.00010893176968020242,1.806746482849121
20260908_v3_devdet_base_s42,15,joint,electronic,0.009190722368657589,0.00012507855717558414,2.74918663938988e-05,9.856206893920898
20260908_v3_devdet_base_s42,15,joint,fusion,0.0,0.0,0.0,0.0
20260908_v3_devdet_base_s42,15,joint,router,0.1313503086566925,6.365111039485782e-05,0.0027491866393898803,0.07173734903335571
20260908_v3_devdet_base_s42,15,joint,global,0.22810162603855133,0.0018461714498698711,0.001649511983633928,0.40276238322257996
20260908_v3_devdet_base_s42,15,joint,readout,0.0010938610648736358,5.4898631788091734e-05,2.74918663938988e-05,3.7235820293426514
20260908_v3_devdet_base_s42,15,joint,generator_context,0.004051086958497763,0.00033088409691117704,2.74918663938988e-05,0.01691972091794014
20260908_v3_devdet_base_s42,15,joint,generator_decoder,0.010789445601403713,0.00036274883314035833,8.247559918169639e-05,1.9237134456634521
20260908_v3_devdet_base_s42,16,joint,electronic,0.0074198488146066666,0.00010097587801283225,2.1871103760009226e-05,10.669116973876953
20260908_v3_devdet_base_s42,16,joint,fusion,0.0,0.0,0.0,0.0
20260908_v3_devdet_base_s42,16,joint,router,0.12501193583011627,6.0579874116228893e-05,0.0021871103760009226,0.06461089104413986
20260908_v3_devdet_base_s42,16,joint,global,0.1838235706090927,0.0014345551608130336,0.0013122662256005535,0.39885061979293823
20260908_v3_devdet_base_s42,16,joint,readout,0.0009382858406752348,4.7090568841667846e-05,2.1871103760009226e-05,3.2967095375061035
20260908_v3_devdet_base_s42,16,joint,generator_context,0.0033148378133773804,0.00027074594981968403,2.1871103760009226e-05,0.016909845173358917
20260908_v3_devdet_base_s42,16,joint,generator_decoder,0.008095821365714073,0.00027229083934798837,6.561331128002767e-05,1.9298968315124512
20260908_v3_devdet_slow_e_s42,1,experts,electronic,0.0,0.0,0.0,0.0
20260908_v3_devdet_slow_e_s42,1,experts,fusion,0.0,0.0,0.0,0.0
20260908_v3_devdet_slow_e_s42,1,experts,router,0.0,0.0,0.0,0.0
20260908_v3_devdet_slow_e_s42,1,experts,global,0.0,0.0,0.0,0.0
20260908_v3_devdet_slow_e_s42,1,experts,readout,0.0,0.0,0.0,0.0
20260908_v3_devdet_slow_e_s42,1,experts,generator_context,0.004119464661926031,0.0003377220709808171,5e-06,0.05695643275976181
20260908_v3_devdet_slow_e_s42,1,experts,generator_decoder,0.007788856979459524,0.00026860920479521155,1.4999999999999999e-05,1.614376425743103
20260908_v3_devdet_slow_e_s42,2,experts,electronic,0.0,0.0,0.0,0.0
20260908_v3_devdet_slow_e_s42,2,experts,fusion,0.0,0.0,0.0,0.0
20260908_v3_devdet_slow_e_s42,2,experts,router,0.0,0.0,0.0,0.0
20260908_v3_devdet_slow_e_s42,2,experts,global,0.0,0.0,0.0,0.0
20260908_v3_devdet_slow_e_s42,2,experts,readout,0.0,0.0,0.0,0.0
20260908_v3_devdet_slow_e_s42,2,experts,generator_context,0.019089020788669586,0.0015613232972100377,5.92047124933972e-05,0.07773681730031967
20260908_v3_devdet_slow_e_s42,2,experts,generator_decoder,0.05099213868379593,0.0017554615624248981,0.00017761413748019158,2.2315142154693604
20260908_v3_devdet_slow_e_s42,3,optics,electronic,0.0,0.0,0.0,0.0
20260908_v3_devdet_slow_e_s42,3,optics,fusion,0.0,0.0,0.0,0.0
20260908_v3_devdet_slow_e_s42,3,optics,router,0.09825548529624939,4.762546086567454e-05,0.0005,0.014524934813380241
20260908_v3_devdet_slow_e_s42,3,optics,global,0.10553300380706787,0.0026956209912896156,0.00030000000000000003,0.8839016556739807
20260908_v3_devdet_slow_e_s42,3,optics,readout,0.0,0.0,0.0,0.0
20260908_v3_devdet_slow_e_s42,3,optics,generator_context,0.0032556545920670033,0.0002661098260432482,5e-06,0.09100332856178284
20260908_v3_devdet_slow_e_s42,3,optics,generator_decoder,0.00471933837980032,0.00016202821279875934,1.4999999999999999e-05,2.686296224594116
20260908_v3_devdet_slow_e_s42,4,optics,electronic,0.0,0.0,0.0,0.0
20260908_v3_devdet_slow_e_s42,4,optics,fusion,0.0,0.0,0.0,0.0
20260908_v3_devdet_slow_e_s42,4,optics,router,0.41619300842285156,0.00020172083168290555,0.008814421345169958,0.03499835729598999
20260908_v3_devdet_slow_e_s42,4,optics,global,0.6222895979881287,0.013935085386037827,0.005288652807101975,0.7016055583953857
20260908_v3_devdet_slow_e_s42,4,optics,readout,0.0,0.0,0.0,0.0
20260908_v3_devdet_slow_e_s42,4,optics,generator_context,0.02842700108885765,0.0023199785500764847,8.814421345169958e-05,0.10784599184989929
20260908_v3_devdet_slow_e_s42,4,optics,generator_decoder,0.07013960927724838,0.0023896158672869205,0.00026443264035509875,3.0842463970184326
20260908_v3_devdet_slow_e_s42,5,optics,electronic,0.0,0.0,0.0,0.0
20260908_v3_devdet_slow_e_s42,5,optics,fusion,0.0,0.0,0.0,0.0
20260908_v3_devdet_slow_e_s42,5,optics,router,0.26388487219810486,0.00012789371248800308,0.005960483754074137,0.038647737354040146
20260908_v3_devdet_slow_e_s42,5,optics,global,0.4494742155075073,0.00887963268905878,0.0035762902524444826,0.598633348941803
20260908_v3_devdet_slow_e_s42,5,optics,readout,0.0,0.0,0.0,0.0
20260908_v3_devdet_slow_e_s42,5,optics,generator_context,0.01308107003569603,0.0010691407369449735,5.960483754074138e-05,0.05703084543347359
20260908_v3_devdet_slow_e_s42,5,optics,generator_decoder,0.027626601979136467,0.0009349795873276889,0.00017881451262222411,2.5908634662628174
20260908_v3_devdet_slow_e_s42,6,optics,electronic,0.0,0.0,0.0,0.0
20260908_v3_devdet_slow_e_s42,6,optics,fusion,0.0,0.0,0.0,0.0
20260908_v3_devdet_slow_e_s42,6,optics,router,0.219612255692482,0.00010643492714734748,0.003129970971822676,0.10983366519212723
20260908_v3_devdet_slow_e_s42,6,optics,global,0.308780312538147,0.005714488215744495,0.0018779825830936056,0.8163419365882874
20260908_v3_devdet_slow_e_s42,6,optics,readout,0.0,0.0,0.0,0.0
20260908_v3_devdet_slow_e_s42,6,optics,generator_context,0.008708542212843895,0.0007113955798558891,3.129970971822676e-05,0.050879236310720444
20260908_v3_devdet_slow_e_s42,6,optics,generator_decoder,0.013227161020040512,0.00044759403681382537,9.389912915468027e-05,3.710414409637451
20260908_v3_devdet_slow_e_s42,7,joint,electronic,0.0006683040992356837,9.10238395590568e-06,5.000000000000001e-07,16.089523315429688
20260908_v3_devdet_slow_e_s42,7,joint,fusion,0.0,0.0,0.0,0.0
20260908_v3_devdet_slow_e_s42,7,joint,router,0.04907219111919403,2.378292629146017e-05,0.0005,0.086164690554142
20260908_v3_devdet_slow_e_s42,7,joint,global,0.041536517441272736,0.0007398741436190903,0.00030000000000000003,0.7169718742370605
20260908_v3_devdet_slow_e_s42,7,joint,readout,7.956276385812089e-05,3.993049631390022e-06,5.000000000000001e-07,3.191699504852295
20260908_v3_devdet_slow_e_s42,7,joint,generator_context,0.0014080487890169024,0.00011496946535771713,5e-06,0.08081621676683426
20260908_v3_devdet_slow_e_s42,7,joint,generator_decoder,0.002076424891129136,7.031279528746381e-05,1.4999999999999999e-05,3.684652090072632
20260908_v3_devdet_slow_e_s42,8,joint,electronic,0.0028946250677108765,3.94252419937402e-05,9.803251647457718e-06,17.436464309692383
20260908_v3_devdet_slow_e_s42,8,joint,fusion,0.0,0.0,0.0,0.0
20260908_v3_devdet_slow_e_s42,8,joint,router,0.611109733581543,0.0002961590944323689,0.009803251647457718,0.11741521209478378
20260908_v3_devdet_slow_e_s42,8,joint,global,0.8551529049873352,0.013579295948147774,0.005881950988474631,0.7121955156326294
20260908_v3_devdet_slow_e_s42,8,joint,readout,0.00027591639081947505,1.384751703881193e-05,9.803251647457718e-06,4.355047225952148
20260908_v3_devdet_slow_e_s42,8,joint,generator_context,0.0254282858222723,0.0020773466676473618,9.803251647457719e-05,0.044044140726327896
20260908_v3_devdet_slow_e_s42,8,joint,generator_decoder,0.05445875599980354,0.0018421399872750044,0.0002940975494237315,3.3609836101531982
20260908_v3_devdet_slow_e_s42,9,joint,electronic,0.0028988465201109648,3.948240555473603e-05,9.232361546944919e-06,8.9990816116333
20260908_v3_devdet_slow_e_s42,9,joint,fusion,0.0,0.0,0.0,0.0
20260908_v3_devdet_slow_e_s42,9,joint,router,0.35080957412719727,0.00016999088984448463,0.009232361546944918,0.04733745753765106
20260908_v3_devdet_slow_e_s42,9,joint,global,0.4739556908607483,0.00645082863047719,0.005539416928166951,0.3376384973526001
20260908_v3_devdet_slow_e_s42,9,joint,readout,0.00026977667585015297,1.3539418432628736e-05,9.232361546944919e-06,1.6719485521316528
20260908_v3_devdet_slow_e_s42,9,joint,generator_context,0.018309814855456352,0.0014958216343075037,9.232361546944919e-05,0.024849189445376396
20260908_v3_devdet_slow_e_s42,9,joint,generator_decoder,0.03698701784014702,0.0012513089459389448,0.0002769708464083475,1.9832959175109863
20260908_v3_devdet_slow_e_s42,10,joint,electronic,0.002602213993668556,3.5442306398181245e-05,8.3434905418409e-06,14.777883529663086
20260908_v3_devdet_slow_e_s42,10,joint,fusion,0.0,0.0,0.0,0.0
20260908_v3_devdet_slow_e_s42,10,joint,router,0.6483666896820068,0.00031413882970809937,0.008343490541840899,0.07423311471939087
20260908_v3_devdet_slow_e_s42,10,joint,global,0.5802530646324158,0.006970537826418877,0.00500609432510454,0.5772696137428284
20260908_v3_devdet_slow_e_s42,10,joint,readout,0.0002722503268159926,1.3663572644873057e-05,8.3434905418409e-06,3.430666208267212
20260908_v3_devdet_slow_e_s42,10,joint,generator_context,0.016251420602202415,0.001327159465290606,8.343490541840899e-05,0.03789805993437767
20260908_v3_devdet_slow_e_s42,10,joint,generator_decoder,0.03242107108235359,0.001093825907446444,0.00025030471625522697,3.1178877353668213
20260908_v3_devdet_slow_e_s42,11,joint,electronic,0.0024136346764862537,3.2873529562493786e-05,7.2240805850840725e-06,14.41295337677002
20260908_v3_devdet_slow_e_s42,11,joint,fusion,0.0,0.0,0.0,0.0
20260908_v3_devdet_slow_e_s42,11,joint,router,0.33670589327812195,0.00016312631487380713,0.007224080585084072,0.052167706191539764
20260908_v3_devdet_slow_e_s42,11,joint,global,0.5949208736419678,0.006377583369612694,0.004334448351050443,0.5912267565727234
20260908_v3_devdet_slow_e_s42,11,joint,readout,0.00022058356262277812,1.1070555046899244e-05,7.2240805850840725e-06,3.58965802192688
20260908_v3_devdet_slow_e_s42,11,joint,generator_context,0.012612942606210709,0.0010301138972863555,7.224080585084071e-05,0.03736501187086105
20260908_v3_devdet_slow_e_s42,11,joint,generator_decoder,0.02848101034760475,0.0009620291530154645,0.00021672241755252213,3.565781593322754
20260908_v3_devdet_slow_e_s42,12,joint,electronic,0.0018078116700053215,2.4622209821245633e-05,5.9842527090801e-06,9.820040702819824
20260908_v3_devdet_slow_e_s42,12,joint,fusion,0.0,0.0,0.0,0.0
20260908_v3_devdet_slow_e_s42,12,joint,router,0.5828039050102234,0.0002823551185429096,0.0059842527090801,0.03403627499938011
20260908_v3_devdet_slow_e_s42,12,joint,global,0.42086875438690186,0.004087089095264673,0.00359055162544806,0.37252992391586304
20260908_v3_devdet_slow_e_s42,12,joint,readout,0.00021706255211029202,1.0893849321291782e-05,5.9842527090801e-06,3.873243570327759
20260908_v3_devdet_slow_e_s42,12,joint,generator_context,0.005785596091300249,0.00047257987898774445,5.9842527090801006e-05,0.018613357096910477
20260908_v3_devdet_slow_e_s42,12,joint,generator_decoder,0.022323591634631157,0.0007536466000601649,0.00017952758127240298,2.205202579498291
20260908_v3_devdet_slow_e_s42,13,joint,electronic,0.0014653591206297278,1.9957949916715734e-05,4.745973959848877e-06,12.836661338806152
20260908_v3_devdet_slow_e_s42,13,joint,fusion,0.0,0.0,0.0,0.0
20260908_v3_devdet_slow_e_s42,13,joint,router,0.24914610385894775,0.00012070332741132006,0.004745973959848876,0.04461977258324623
20260908_v3_devdet_slow_e_s42,13,joint,global,0.43801480531692505,0.003920380957424641,0.002847584375909326,0.5090762972831726
20260908_v3_devdet_slow_e_s42,13,joint,readout,0.0001658359105931595,8.32290061225649e-06,4.745973959848877e-06,6.855563163757324
20260908_v3_devdet_slow_e_s42,13,joint,generator_context,0.008108767680823803,0.0006622719811275601,4.745973959848877e-05,0.02800648659467697
20260908_v3_devdet_slow_e_s42,13,joint,generator_decoder,0.01718509942293167,0.0005798728088848293,0.00014237921879546627,2.804196834564209
20260908_v3_devdet_slow_e_s42,14,joint,electronic,0.0011229402152821422,1.529415021650493e-05,3.6310589893400812e-06,13.268465995788574
20260908_v3_devdet_slow_e_s42,14,joint,fusion,0.0,0.0,0.0,0.0
20260908_v3_devdet_slow_e_s42,14,joint,router,0.3025149703025818,0.00014655562699772418,0.0036310589893400807,0.06337954103946686
20260908_v3_devdet_slow_e_s42,14,joint,global,0.31102991104125977,0.002610488561913371,0.0021786353936040486,0.5132644772529602
20260908_v3_devdet_slow_e_s42,14,joint,readout,0.00010318608838133514,5.1786546464427374e-06,3.6310589893400812e-06,3.946791410446167
20260908_v3_devdet_slow_e_s42,14,joint,generator_context,0.007115615997463465,0.0005812838207930326,3.631058989340081e-05,0.025199176743626595
20260908_v3_devdet_slow_e_s42,14,joint,generator_decoder,0.011995397508144379,0.0004048704286105931,0.00010893176968020242,2.836566686630249
20260908_v3_devdet_slow_e_s42,15,joint,electronic,0.0007420938345603645,1.0107077287102584e-05,2.74918663938988e-06,16.713367462158203
20260908_v3_devdet_slow_e_s42,15,joint,fusion,0.0,0.0,0.0,0.0
20260908_v3_devdet_slow_e_s42,15,joint,router,0.12376546859741211,5.995880565023981e-05,0.0027491866393898803,0.12019806355237961
20260908_v3_devdet_slow_e_s42,15,joint,global,0.21680718660354614,0.0017352561699226499,0.001649511983633928,0.5671298503875732
20260908_v3_devdet_slow_e_s42,15,joint,readout,8.36916733533144e-05,4.2002752707048785e-06,2.74918663938988e-06,4.819612503051758
20260908_v3_devdet_slow_e_s42,15,joint,generator_context,0.00812739972025156,0.0006640231586061418,2.74918663938988e-05,0.03546923026442528
20260908_v3_devdet_slow_e_s42,15,joint,generator_decoder,0.008780401200056076,0.0002965398889500648,8.247559918169639e-05,3.4984023571014404
20260908_v3_devdet_slow_e_s42,16,joint,electronic,0.0007143178372643888,9.7287556855008e-06,2.1871103760009226e-06,15.457454681396484
20260908_v3_devdet_slow_e_s42,16,joint,fusion,0.0,0.0,0.0,0.0
20260908_v3_devdet_slow_e_s42,16,joint,router,0.08459503203630447,4.0982522477861494e-05,0.0021871103760009226,0.05721865966916084
20260908_v3_devdet_slow_e_s42,16,joint,global,0.19594715535640717,0.0015130438841879368,0.0013122662256005535,0.5631639361381531
20260908_v3_devdet_slow_e_s42,16,joint,readout,0.0001027080143103376,5.15465808348381e-06,2.1871103760009226e-06,4.267374515533447
20260908_v3_devdet_slow_e_s42,16,joint,generator_context,0.004841916263103485,0.000395591021515429,2.1871103760009226e-05,0.03762723505496979
20260908_v3_devdet_slow_e_s42,16,joint,generator_decoder,0.007035220041871071,0.0002375838375883177,6.561331128002767e-05,3.6582069396972656
20260908_v3_devdet_high_g_s42,1,experts,electronic,0.0,0.0,0.0,0.0
20260908_v3_devdet_high_g_s42,1,experts,fusion,0.0,0.0,0.0,0.0
20260908_v3_devdet_high_g_s42,1,experts,router,0.0,0.0,0.0,0.0
20260908_v3_devdet_high_g_s42,1,experts,global,0.0,0.0,0.0,0.0
20260908_v3_devdet_high_g_s42,1,experts,readout,0.0,0.0,0.0,0.0
20260908_v3_devdet_high_g_s42,1,experts,generator_context,0.041194651275873184,0.0033772210590541363,5e-05,0.05695643275976181
20260908_v3_devdet_high_g_s42,1,experts,generator_decoder,0.007788856979459524,0.00026860920479521155,1.4999999999999999e-05,1.614376425743103
20260908_v3_devdet_high_g_s42,2,experts,electronic,0.0,0.0,0.0,0.0
20260908_v3_devdet_high_g_s42,2,experts,fusion,0.0,0.0,0.0,0.0
20260908_v3_devdet_high_g_s42,2,experts,router,0.0,0.0,0.0,0.0
20260908_v3_devdet_high_g_s42,2,experts,global,0.0,0.0,0.0,0.0
20260908_v3_devdet_high_g_s42,2,experts,readout,0.0,0.0,0.0,0.0
20260908_v3_devdet_high_g_s42,2,experts,generator_context,0.25811076164245605,0.01892269402742386,0.000592047124933972,0.11417222023010254
20260908_v3_devdet_high_g_s42,2,experts,generator_decoder,0.046955086290836334,0.001616999739781022,0.00017761413748019158,2.2857930660247803
20260908_v3_devdet_high_g_s42,3,optics,electronic,0.0,0.0,0.0,0.0
20260908_v3_devdet_high_g_s42,3,optics,fusion,0.0,0.0,0.0,0.0
20260908_v3_devdet_high_g_s42,3,optics,router,0.10213099420070648,4.95039603265468e-05,0.0005,0.03530682623386383
20260908_v3_devdet_high_g_s42,3,optics,global,0.10554645955562592,0.0026959648821502924,0.00030000000000000003,0.8674522042274475
20260908_v3_devdet_high_g_s42,3,optics,readout,0.0,0.0,0.0,0.0
20260908_v3_devdet_high_g_s42,3,optics,generator_context,0.015529136173427105,0.0010956861078739166,5e-05,0.1312430053949356
20260908_v3_devdet_high_g_s42,3,optics,generator_decoder,0.004464972764253616,0.00015342178812716156,1.4999999999999999e-05,3.0171518325805664
20260908_v3_devdet_high_g_s42,4,optics,electronic,0.0,0.0,0.0,0.0
20260908_v3_devdet_high_g_s42,4,optics,fusion,0.0,0.0,0.0,0.0
20260908_v3_devdet_high_g_s42,4,optics,router,0.3320712447166443,0.00016094878083094954,0.008814421345169958,0.027546029537916183
20260908_v3_devdet_high_g_s42,4,optics,global,0.6104506850242615,0.013690566644072533,0.005288652807101975,0.6529351472854614
20260908_v3_devdet_high_g_s42,4,optics,readout,0.0,0.0,0.0,0.0
20260908_v3_devdet_high_g_s42,4,optics,generator_context,0.35159042477607727,0.022723238915205002,0.0008814421345169958,0.08739688247442245
20260908_v3_devdet_high_g_s42,4,optics,generator_decoder,0.07196736335754395,0.0024558142758905888,0.00026443264035509875,2.4802770614624023
20260908_v3_devdet_high_g_s42,5,optics,electronic,0.0,0.0,0.0,0.0
20260908_v3_devdet_high_g_s42,5,optics,fusion,0.0,0.0,0.0,0.0
20260908_v3_devdet_high_g_s42,5,optics,router,0.30892422795295715,0.00014972426288295537,0.005960483754074137,0.045505233108997345
20260908_v3_devdet_high_g_s42,5,optics,global,0.4888717830181122,0.009639493189752102,0.0035762902524444826,0.5578886866569519
20260908_v3_devdet_high_g_s42,5,optics,readout,0.0,0.0,0.0,0.0
20260908_v3_devdet_high_g_s42,5,optics,generator_context,0.14982521533966064,0.008396386168897152,0.0005960483754074138,0.13060447573661804
20260908_v3_devdet_high_g_s42,5,optics,generator_decoder,0.02775774523615837,0.000940382422413677,0.00017881451262222411,2.944734811782837
20260908_v3_devdet_high_g_s42,6,optics,electronic,0.0,0.0,0.0,0.0
20260908_v3_devdet_high_g_s42,6,optics,fusion,0.0,0.0,0.0,0.0
20260908_v3_devdet_high_g_s42,6,optics,router,0.19936804473400116,9.662497905083e-05,0.003129970971822676,0.06871065497398376
20260908_v3_devdet_high_g_s42,6,optics,global,0.269217848777771,0.004953630268573761,0.0018779825830936056,0.6874361634254456
20260908_v3_devdet_high_g_s42,6,optics,readout,0.0,0.0,0.0,0.0
20260908_v3_devdet_high_g_s42,6,optics,generator_context,0.07639732211828232,0.004191123880445957,0.0003129970971822676,0.13690835237503052
20260908_v3_devdet_high_g_s42,6,optics,generator_decoder,0.012955185025930405,0.00043913783156313,9.389912915468027e-05,3.0641496181488037
20260908_v3_devdet_high_g_s42,7,joint,electronic,0.006690830923616886,9.112994302995503e-05,5e-06,15.490975379943848
20260908_v3_devdet_high_g_s42,7,joint,fusion,0.0,0.0,0.0,0.0
20260908_v3_devdet_high_g_s42,7,joint,router,0.03680640831589699,1.7838407075032592e-05,0.0005,0.09131599962711334
20260908_v3_devdet_high_g_s42,7,joint,global,0.04220651835203171,0.0007508164853788912,0.00030000000000000003,0.6959326863288879
20260908_v3_devdet_high_g_s42,7,joint,readout,0.0007969362195581198,3.9996171835809946e-05,5e-06,3.5235860347747803
20260908_v3_devdet_high_g_s42,7,joint,generator_context,0.009063160978257656,0.000495150510687381,5e-05,0.10593967884778976
20260908_v3_devdet_high_g_s42,7,joint,generator_decoder,0.0017833675956353545,6.0436188505264e-05,1.4999999999999999e-05,3.4352641105651855
20260908_v3_devdet_high_g_s42,8,joint,electronic,0.030518317595124245,0.00041559699457138777,9.803251647457719e-05,10.66712760925293
20260908_v3_devdet_high_g_s42,8,joint,fusion,0.0,0.0,0.0,0.0
20260908_v3_devdet_high_g_s42,8,joint,router,0.7416350841522217,0.00035942046088166535,0.009803251647457718,0.05821605026721954
20260908_v3_devdet_high_g_s42,8,joint,global,0.9030386209487915,0.014421236701309681,0.005881950988474631,0.501584529876709
20260908_v3_devdet_high_g_s42,8,joint,readout,0.004453117959201336,0.00022349541541188955,9.803251647457719e-05,2.54689884185791
20260908_v3_devdet_high_g_s42,8,joint,generator_context,0.0798504427075386,0.004348577931523323,0.000980325164745772,0.04059229791164398
20260908_v3_devdet_high_g_s42,8,joint,generator_decoder,0.05302753672003746,0.0017988354666158557,0.0002940975494237315,2.4223833084106445
20260908_v3_devdet_high_g_s42,9,joint,electronic,0.025301862508058548,0.00034447296638973057,9.232361546944919e-05,5.156907558441162
20260908_v3_devdet_high_g_s42,9,joint,fusion,0.0,0.0,0.0,0.0
20260908_v3_devdet_high_g_s42,9,joint,router,0.23564797639846802,0.00011419662769185379,0.009232361546944918,0.03963911533355713
20260908_v3_devdet_high_g_s42,9,joint,global,0.6064910292625427,0.00841622706502676,0.005539416928166951,0.24506564438343048
20260908_v3_devdet_high_g_s42,9,joint,readout,0.002118969103321433,0.00010634851059876382,9.232361546944919e-05,1.8177891969680786
20260908_v3_devdet_high_g_s42,9,joint,generator_context,0.0309455506503582,0.001681290683336556,0.0009232361546944918,0.019974367693066597
20260908_v3_devdet_high_g_s42,9,joint,generator_decoder,0.04430244117975235,0.0015023344894871116,0.0002769708464083475,1.180298924446106
20260908_v3_devdet_high_g_s42,10,joint,electronic,0.02431298978626728,0.000331009243382141,8.343490541840899e-05,9.404617309570312
20260908_v3_devdet_high_g_s42,10,joint,fusion,0.0,0.0,0.0,0.0
20260908_v3_devdet_high_g_s42,10,joint,router,0.32062554359436035,0.00015537257422693074,0.008343490541840899,0.036749422550201416
20260908_v3_devdet_high_g_s42,10,joint,global,0.5728896260261536,0.006982616614550352,0.00500609432510454,0.3779104948043823
20260908_v3_devdet_high_g_s42,10,joint,readout,0.003106095362454653,0.00015589120448566973,8.343490541840899e-05,2.9570491313934326
20260908_v3_devdet_high_g_s42,10,joint,generator_context,0.04196365922689438,0.0022778979036957026,0.0008343490541840899,0.026930544525384903
20260908_v3_devdet_high_g_s42,10,joint,generator_decoder,0.029550790786743164,0.0010014857398346066,0.00025030471625522697,1.978510856628418
20260908_v3_devdet_high_g_s42,11,joint,electronic,0.023951223120093346,0.00032602285500615835,7.224080585084071e-05,7.9770708084106445
20260908_v3_devdet_high_g_s42,11,joint,fusion,0.0,0.0,0.0,0.0
20260908_v3_devdet_high_g_s42,11,joint,router,0.5938441157341003,0.0002877685474231839,0.007224080585084072,0.03399406000971794
20260908_v3_devdet_high_g_s42,11,joint,global,0.5355178713798523,0.005802118685096502,0.004334448351050443,0.36476022005081177
20260908_v3_devdet_high_g_s42,11,joint,readout,0.002391075948253274,0.00012000607966911048,7.224080585084071e-05,2.458256959915161
20260908_v3_devdet_high_g_s42,11,joint,generator_context,0.026054902002215385,0.0014134113444015384,0.0007224080585084072,0.01924702152609825
20260908_v3_devdet_high_g_s42,11,joint,generator_decoder,0.03112618811428547,0.0010516600450500846,0.00021672241755252213,1.6041901111602783
20260908_v3_devdet_high_g_s42,12,joint,electronic,0.020221920683979988,0.00027527299243956804,5.9842527090801006e-05,4.550783157348633
20260908_v3_devdet_high_g_s42,12,joint,fusion,0.0,0.0,0.0,0.0
20260908_v3_devdet_high_g_s42,12,joint,router,0.14973485469818115,7.255817035911605e-05,0.0059842527090801,0.020573915913701057
20260908_v3_devdet_high_g_s42,12,joint,global,0.35670018196105957,0.0034943341743201017,0.00359055162544806,0.20833946764469147
20260908_v3_devdet_high_g_s42,12,joint,readout,0.002626662841066718,0.0001318282593274489,5.9842527090801006e-05,2.1604971885681152
20260908_v3_devdet_high_g_s42,12,joint,generator_context,0.014401819556951523,0.0007811278337612748,0.00059842527090801,0.015239633619785309
20260908_v3_devdet_high_g_s42,12,joint,generator_decoder,0.025245895609259605,0.0008526956080459058,0.00017952758127240298,1.0141581296920776
20260908_v3_devdet_high_g_s42,13,joint,electronic,0.013966333121061325,0.0001900898350868374,4.745973959848877e-05,7.837751388549805
20260908_v3_devdet_high_g_s42,13,joint,fusion,0.0,0.0,0.0,0.0
20260908_v3_devdet_high_g_s42,13,joint,router,0.1865692436695099,9.04064072528854e-05,0.004745973959848876,0.037410225719213486
20260908_v3_devdet_high_g_s42,13,joint,global,0.36615189909935,0.0033101157750934362,0.002847584375909326,0.3627811372280121
20260908_v3_devdet_high_g_s42,13,joint,readout,0.0011913706548511982,5.9792178944917396e-05,4.745973959848877e-05,3.25823974609375
20260908_v3_devdet_high_g_s42,13,joint,generator_context,0.013359805569052696,0.0007247243775054812,0.00047459739598488767,0.022899512201547623
20260908_v3_devdet_high_g_s42,13,joint,generator_decoder,0.019199341535568237,0.0006481633172370493,0.00014237921879546627,1.6951614618301392
20260908_v3_devdet_high_g_s42,14,joint,electronic,0.011263331398367882,0.00015328208974096924,3.631058989340081e-05,9.539031028747559
20260908_v3_devdet_high_g_s42,14,joint,fusion,0.0,0.0,0.0,0.0
20260908_v3_devdet_high_g_s42,14,joint,router,0.32745540142059326,0.0001586730795679614,0.0036310589893400807,0.07077199220657349
20260908_v3_devdet_high_g_s42,14,joint,global,0.30419883131980896,0.0025820822920650244,0.0021786353936040486,0.36745426058769226
20260908_v3_devdet_high_g_s42,14,joint,readout,0.0009114311542361975,4.574264676193707e-05,3.631058989340081e-05,3.3073391914367676
20260908_v3_devdet_high_g_s42,14,joint,generator_context,0.017326366156339645,0.0009394574444741011,0.0003631058989340081,0.02422376163303852
20260908_v3_devdet_high_g_s42,14,joint,generator_decoder,0.012704302556812763,0.00042921898420900106,0.00010893176968020242,1.8408973217010498
20260908_v3_devdet_high_g_s42,15,joint,electronic,0.008472316898405552,0.00011529384210007265,2.74918663938988e-05,11.118285179138184
20260908_v3_devdet_high_g_s42,15,joint,fusion,0.0,0.0,0.0,0.0
20260908_v3_devdet_high_g_s42,15,joint,router,0.1302662044763565,6.312209734460339e-05,0.0027491866393898803,0.07332581281661987
20260908_v3_devdet_high_g_s42,15,joint,global,0.22091814875602722,0.001785758649930358,0.001649511983633928,0.47471681237220764
20260908_v3_devdet_high_g_s42,15,joint,readout,0.0009717144421301782,4.8768251872388646e-05,2.74918663938988e-05,3.654834508895874
20260908_v3_devdet_high_g_s42,15,joint,generator_context,0.017092034220695496,0.0009268964058719575,0.000274918663938988,0.031989969313144684
20260908_v3_devdet_high_g_s42,15,joint,generator_decoder,0.01033882424235344,0.0003491362149361521,8.247559918169639e-05,2.3189682960510254
20260908_v3_devdet_high_g_s42,16,joint,electronic,0.007424166426062584,0.00010102659871336073,2.1871103760009226e-05,9.848084449768066
20260908_v3_devdet_high_g_s42,16,joint,fusion,0.0,0.0,0.0,0.0
20260908_v3_devdet_high_g_s42,16,joint,router,0.08746030926704407,4.237989560351707e-05,0.0021871103760009226,0.051832713186740875
20260908_v3_devdet_high_g_s42,16,joint,global,0.20402973890304565,0.0015900296857580543,0.0013122662256005535,0.4538666903972626
20260908_v3_devdet_high_g_s42,16,joint,readout,0.0010598907247185707,5.319331830833107e-05,2.1871103760009226e-05,4.026843070983887
20260908_v3_devdet_high_g_s42,16,joint,generator_context,0.013911088928580284,0.0007543872925452888,0.00021871103760009224,0.03793940320611
20260908_v3_devdet_high_g_s42,16,joint,generator_decoder,0.008785833604633808,0.0002964740269817412,6.561331128002767e-05,2.142681121826172
20260908_v3_devdet_slow_e_high_g_s42,1,experts,electronic,0.0,0.0,0.0,0.0
20260908_v3_devdet_slow_e_high_g_s42,1,experts,fusion,0.0,0.0,0.0,0.0
20260908_v3_devdet_slow_e_high_g_s42,1,experts,router,0.0,0.0,0.0,0.0
20260908_v3_devdet_slow_e_high_g_s42,1,experts,global,0.0,0.0,0.0,0.0
20260908_v3_devdet_slow_e_high_g_s42,1,experts,readout,0.0,0.0,0.0,0.0
20260908_v3_devdet_slow_e_high_g_s42,1,experts,generator_context,0.041194651275873184,0.0033772210590541363,5e-05,0.05695643275976181
20260908_v3_devdet_slow_e_high_g_s42,1,experts,generator_decoder,0.007788856979459524,0.00026860920479521155,1.4999999999999999e-05,1.614376425743103
20260908_v3_devdet_slow_e_high_g_s42,2,experts,electronic,0.0,0.0,0.0,0.0
20260908_v3_devdet_slow_e_high_g_s42,2,experts,fusion,0.0,0.0,0.0,0.0
20260908_v3_devdet_slow_e_high_g_s42,2,experts,router,0.0,0.0,0.0,0.0
20260908_v3_devdet_slow_e_high_g_s42,2,experts,global,0.0,0.0,0.0,0.0
20260908_v3_devdet_slow_e_high_g_s42,2,experts,readout,0.0,0.0,0.0,0.0
20260908_v3_devdet_slow_e_high_g_s42,2,experts,generator_context,0.25811076164245605,0.01892269402742386,0.000592047124933972,0.11417222023010254
20260908_v3_devdet_slow_e_high_g_s42,2,experts,generator_decoder,0.046955086290836334,0.001616999739781022,0.00017761413748019158,2.2857930660247803
20260908_v3_devdet_slow_e_high_g_s42,3,optics,electronic,0.0,0.0,0.0,0.0
20260908_v3_devdet_slow_e_high_g_s42,3,optics,fusion,0.0,0.0,0.0,0.0
20260908_v3_devdet_slow_e_high_g_s42,3,optics,router,0.10213099420070648,4.95039603265468e-05,0.0005,0.03530682623386383
20260908_v3_devdet_slow_e_high_g_s42,3,optics,global,0.10554645955562592,0.0026959648821502924,0.00030000000000000003,0.8674522042274475
20260908_v3_devdet_slow_e_high_g_s42,3,optics,readout,0.0,0.0,0.0,0.0
20260908_v3_devdet_slow_e_high_g_s42,3,optics,generator_context,0.015529136173427105,0.0010956861078739166,5e-05,0.1312430053949356
20260908_v3_devdet_slow_e_high_g_s42,3,optics,generator_decoder,0.004464972764253616,0.00015342178812716156,1.4999999999999999e-05,3.0171518325805664
20260908_v3_devdet_slow_e_high_g_s42,4,optics,electronic,0.0,0.0,0.0,0.0
20260908_v3_devdet_slow_e_high_g_s42,4,optics,fusion,0.0,0.0,0.0,0.0
20260908_v3_devdet_slow_e_high_g_s42,4,optics,router,0.3320712447166443,0.00016094878083094954,0.008814421345169958,0.027546029537916183
20260908_v3_devdet_slow_e_high_g_s42,4,optics,global,0.6104506850242615,0.013690566644072533,0.005288652807101975,0.6529351472854614
20260908_v3_devdet_slow_e_high_g_s42,4,optics,readout,0.0,0.0,0.0,0.0
20260908_v3_devdet_slow_e_high_g_s42,4,optics,generator_context,0.35159042477607727,0.022723238915205002,0.0008814421345169958,0.08739688247442245
20260908_v3_devdet_slow_e_high_g_s42,4,optics,generator_decoder,0.07196736335754395,0.0024558142758905888,0.00026443264035509875,2.4802770614624023
20260908_v3_devdet_slow_e_high_g_s42,5,optics,electronic,0.0,0.0,0.0,0.0
20260908_v3_devdet_slow_e_high_g_s42,5,optics,fusion,0.0,0.0,0.0,0.0
20260908_v3_devdet_slow_e_high_g_s42,5,optics,router,0.30892422795295715,0.00014972426288295537,0.005960483754074137,0.045505233108997345
20260908_v3_devdet_slow_e_high_g_s42,5,optics,global,0.4888717830181122,0.009639493189752102,0.0035762902524444826,0.5578886866569519
20260908_v3_devdet_slow_e_high_g_s42,5,optics,readout,0.0,0.0,0.0,0.0
20260908_v3_devdet_slow_e_high_g_s42,5,optics,generator_context,0.14982521533966064,0.008396386168897152,0.0005960483754074138,0.13060447573661804
20260908_v3_devdet_slow_e_high_g_s42,5,optics,generator_decoder,0.02775774523615837,0.000940382422413677,0.00017881451262222411,2.944734811782837
20260908_v3_devdet_slow_e_high_g_s42,6,optics,electronic,0.0,0.0,0.0,0.0
20260908_v3_devdet_slow_e_high_g_s42,6,optics,fusion,0.0,0.0,0.0,0.0
20260908_v3_devdet_slow_e_high_g_s42,6,optics,router,0.19936804473400116,9.662497905083e-05,0.003129970971822676,0.06871065497398376
20260908_v3_devdet_slow_e_high_g_s42,6,optics,global,0.269217848777771,0.004953630268573761,0.0018779825830936056,0.6874361634254456
20260908_v3_devdet_slow_e_high_g_s42,6,optics,readout,0.0,0.0,0.0,0.0
20260908_v3_devdet_slow_e_high_g_s42,6,optics,generator_context,0.07639732211828232,0.004191123880445957,0.0003129970971822676,0.13690835237503052
20260908_v3_devdet_slow_e_high_g_s42,6,optics,generator_decoder,0.012955185025930405,0.00043913783156313,9.389912915468027e-05,3.0641496181488037
20260908_v3_devdet_slow_e_high_g_s42,7,joint,electronic,0.0006686967681162059,9.107731784752104e-06,5.000000000000001e-07,15.490975379943848
20260908_v3_devdet_slow_e_high_g_s42,7,joint,fusion,0.0,0.0,0.0,0.0
20260908_v3_devdet_slow_e_high_g_s42,7,joint,router,0.03680640831589699,1.7838407075032592e-05,0.0005,0.09131599962711334
20260908_v3_devdet_slow_e_high_g_s42,7,joint,global,0.04220651835203171,0.0007508164853788912,0.00030000000000000003,0.6959326863288879
20260908_v3_devdet_slow_e_high_g_s42,7,joint,readout,7.956306217238307e-05,3.993064638052601e-06,5.000000000000001e-07,3.5235860347747803
20260908_v3_devdet_slow_e_high_g_s42,7,joint,generator_context,0.009063160978257656,0.000495150510687381,5e-05,0.10593967884778976
20260908_v3_devdet_slow_e_high_g_s42,7,joint,generator_decoder,0.0017833675956353545,6.0436188505264e-05,1.4999999999999999e-05,3.4352641105651855
20260908_v3_devdet_slow_e_high_g_s42,8,joint,electronic,0.0026061953976750374,3.5496344935381785e-05,9.803251647457718e-06,19.84287452697754
20260908_v3_devdet_slow_e_high_g_s42,8,joint,fusion,0.0,0.0,0.0,0.0
20260908_v3_devdet_slow_e_high_g_s42,8,joint,router,0.5805508494377136,0.00028136459877714515,0.009803251647457718,0.15865017473697662
20260908_v3_devdet_slow_e_high_g_s42,8,joint,global,0.9047499895095825,0.014244996942579746,0.005881950988474631,0.7970278859138489
20260908_v3_devdet_slow_e_high_g_s42,8,joint,readout,0.0003106250078417361,1.5589484974043444e-05,9.803251647457718e-06,5.803207874298096
20260908_v3_devdet_slow_e_high_g_s42,8,joint,generator_context,0.12758319079875946,0.00694833230227232,0.000980325164745772,0.09280459582805634
20260908_v3_devdet_slow_e_high_g_s42,8,joint,generator_decoder,0.0504487007856369,0.00170844083186239,0.0002940975494237315,3.7493386268615723
20260908_v3_devdet_slow_e_high_g_s42,9,joint,electronic,0.0030868451576679945,4.204264405416325e-05,9.232361546944919e-06,7.742660045623779
20260908_v3_devdet_slow_e_high_g_s42,9,joint,fusion,0.0,0.0,0.0,0.0
20260908_v3_devdet_slow_e_high_g_s42,9,joint,router,0.41538792848587036,0.00020129319455008954,0.009232361546944918,0.0415058396756649
20260908_v3_devdet_slow_e_high_g_s42,9,joint,global,0.513015627861023,0.00695062754675746,0.005539416928166951,0.3247396945953369
20260908_v3_devdet_slow_e_high_g_s42,9,joint,readout,0.0002558837295509875,1.2842162504966836e-05,9.232361546944919e-06,1.660133719444275
20260908_v3_devdet_slow_e_high_g_s42,9,joint,generator_context,0.06338243186473846,0.00342764426022768,0.0009232361546944918,0.030380485579371452
20260908_v3_devdet_slow_e_high_g_s42,9,joint,generator_decoder,0.03262686729431152,0.001104825409129262,0.0002769708464083475,1.603538990020752
20260908_v3_devdet_slow_e_high_g_s42,10,joint,electronic,0.0027557562571018934,3.753325290745124e-05,8.3434905418409e-06,15.668425559997559
20260908_v3_devdet_slow_e_high_g_s42,10,joint,fusion,0.0,0.0,0.0,0.0
20260908_v3_devdet_slow_e_high_g_s42,10,joint,router,0.48685169219970703,0.00023591096396557987,0.008343490541840899,0.057539310306310654
20260908_v3_devdet_slow_e_high_g_s42,10,joint,global,0.7289509773254395,0.008677426725625992,0.00500609432510454,0.6580456495285034
20260908_v3_devdet_slow_e_high_g_s42,10,joint,readout,0.0002789460413623601,1.3999595466884784e-05,8.3434905418409e-06,3.862745761871338
20260908_v3_devdet_slow_e_high_g_s42,10,joint,generator_context,0.10345131903886795,0.0055094147101044655,0.0008343490541840899,0.05463755130767822
20260908_v3_devdet_slow_e_high_g_s42,10,joint,generator_decoder,0.035910625010728836,0.0012153665302321315,0.00025030471625522697,3.161665201187134
20260908_v3_devdet_slow_e_high_g_s42,11,joint,electronic,0.0026943653356283903,3.6697008908959106e-05,7.2240805850840725e-06,11.734550476074219
20260908_v3_devdet_slow_e_high_g_s42,11,joint,fusion,0.0,0.0,0.0,0.0
20260908_v3_devdet_slow_e_high_g_s42,11,joint,router,0.3768990933895111,0.0001826264342525974,0.007224080585084072,0.048520974814891815
20260908_v3_devdet_slow_e_high_g_s42,11,joint,global,0.6339314579963684,0.006749618332833052,0.004334448351050443,0.4973093569278717
20260908_v3_devdet_slow_e_high_g_s42,11,joint,readout,0.00024544628104195,1.2318342669459525e-05,7.2240805850840725e-06,2.6837267875671387
20260908_v3_devdet_slow_e_high_g_s42,11,joint,generator_context,0.06519243121147156,0.003458186984062195,0.0007224080585084072,0.0383562371134758
20260908_v3_devdet_slow_e_high_g_s42,11,joint,generator_decoder,0.03947959467768669,0.0013333559036254883,0.00021672241755252213,2.2265286445617676
20260908_v3_devdet_slow_e_high_g_s42,12,joint,electronic,0.0018454373348504305,2.5134806492133066e-05,5.9842527090801e-06,9.428934097290039
20260908_v3_devdet_slow_e_high_g_s42,12,joint,fusion,0.0,0.0,0.0,0.0
20260908_v3_devdet_slow_e_high_g_s42,12,joint,router,0.23615238070487976,0.00011442331742728129,0.0059842527090801,0.05405191704630852
20260908_v3_devdet_slow_e_high_g_s42,12,joint,global,0.38127872347831726,0.0036777404602617025,0.00359055162544806,0.3863692879676819
20260908_v3_devdet_slow_e_high_g_s42,12,joint,readout,0.0002429676242172718,1.2193946531624533e-05,5.9842527090801e-06,3.799470901489258
20260908_v3_devdet_slow_e_high_g_s42,12,joint,generator_context,0.032684650272130966,0.0017296351725235581,0.00059842527090801,0.03382299840450287
20260908_v3_devdet_slow_e_high_g_s42,12,joint,generator_decoder,0.024980930611491203,0.0008437949582003057,0.00017952758127240298,2.114349603652954
20260908_v3_devdet_slow_e_high_g_s42,13,joint,electronic,0.0014455971540883183,1.9688895918079652e-05,4.745973959848877e-06,10.675459861755371
20260908_v3_devdet_slow_e_high_g_s42,13,joint,fusion,0.0,0.0,0.0,0.0
20260908_v3_devdet_slow_e_high_g_s42,13,joint,router,0.2555515170097351,0.0001238206314155832,0.004745973959848876,0.04200106859207153
20260908_v3_devdet_slow_e_high_g_s42,13,joint,global,0.378961980342865,0.0033721234649419785,0.002847584375909326,0.42152243852615356
20260908_v3_devdet_slow_e_high_g_s42,13,joint,readout,0.00016094902821350843,8.077630809566472e-06,4.745973959848877e-06,3.1989498138427734
20260908_v3_devdet_slow_e_high_g_s42,13,joint,generator_context,0.0260775163769722,0.0013769939541816711,0.00047459739598488767,0.035196222364902496
20260908_v3_devdet_slow_e_high_g_s42,13,joint,generator_decoder,0.022019030526280403,0.0007426650845445693,0.00014237921879546627,2.364149332046509
20260908_v3_devdet_slow_e_high_g_s42,14,joint,electronic,0.001038376591168344,1.4142595318844542e-05,3.6310589893400812e-06,13.996689796447754
20260908_v3_devdet_slow_e_high_g_s42,14,joint,fusion,0.0,0.0,0.0,0.0
20260908_v3_devdet_slow_e_high_g_s42,14,joint,router,0.17146237194538116,8.307627285830677e-05,0.0036310589893400807,0.09175646305084229
20260908_v3_devdet_slow_e_high_g_s42,14,joint,global,0.2747836112976074,0.0022966002579778433,0.0021786353936040486,0.5262559056282043
20260908_v3_devdet_slow_e_high_g_s42,14,joint,readout,0.00012206721294205636,6.126252173999092e-06,3.6310589893400812e-06,4.7501068115234375
20260908_v3_devdet_slow_e_high_g_s42,14,joint,generator_context,0.024088898673653603,0.0012726432178169489,0.0003631058989340081,0.03821912407875061
20260908_v3_devdet_slow_e_high_g_s42,14,joint,generator_decoder,0.010129174217581749,0.00034130457788705826,0.00010893176968020242,2.7119083404541016
20260908_v3_devdet_slow_e_high_g_s42,15,joint,electronic,0.0007555193733423948,1.0290033969795331e-05,2.74918663938988e-06,21.864225387573242
20260908_v3_devdet_slow_e_high_g_s42,15,joint,fusion,0.0,0.0,0.0,0.0
20260908_v3_devdet_slow_e_high_g_s42,15,joint,router,0.27802664041519165,0.00013470707926899195,0.0027491866393898803,0.17999416589736938
20260908_v3_devdet_slow_e_high_g_s42,15,joint,global,0.22985270619392395,0.0018325402634218335,0.001649511983633928,0.6599060297012329
20260908_v3_devdet_slow_e_high_g_s42,15,joint,readout,9.378472896059975e-05,4.706825620814925e-06,2.74918663938988e-06,4.077719688415527
20260908_v3_devdet_slow_e_high_g_s42,15,joint,generator_context,0.016677411273121834,0.0008817986818030477,0.000274918663938988,0.0426330529153347
20260908_v3_devdet_slow_e_high_g_s42,15,joint,generator_decoder,0.008265776559710503,0.00027855957159772515,8.247559918169639e-05,3.076662540435791
20260908_v3_devdet_slow_e_high_g_s42,16,joint,electronic,0.0006825633463449776,9.296344614995178e-06,2.1871103760009226e-06,16.27155876159668
20260908_v3_devdet_slow_e_high_g_s42,16,joint,fusion,0.0,0.0,0.0,0.0
20260908_v3_devdet_slow_e_high_g_s42,16,joint,router,0.14588890969753265,7.068488048389554e-05,0.0021871103760009226,0.07723863422870636
20260908_v3_devdet_slow_e_high_g_s42,16,joint,global,0.19781607389450073,0.0015222221845760942,0.0013122662256005535,0.5998027324676514
20260908_v3_devdet_slow_e_high_g_s42,16,joint,readout,9.813516226131469e-05,4.925166194880148e-06,2.1871103760009226e-06,4.515504837036133
20260908_v3_devdet_slow_e_high_g_s42,16,joint,generator_context,0.01345983799546957,0.0007118884241208434,0.00021871103760009224,0.03972069174051285
20260908_v3_devdet_slow_e_high_g_s42,16,joint,generator_decoder,0.007747926749289036,0.00026119814720004797,6.561331128002767e-05,3.0687801837921143
20260908_v3_devdet_frozen_e_s42,1,experts,electronic,0.0,0.0,0.0,0.0
20260908_v3_devdet_frozen_e_s42,1,experts,fusion,0.0,0.0,0.0,0.0
20260908_v3_devdet_frozen_e_s42,1,experts,router,0.0,0.0,0.0,0.0
20260908_v3_devdet_frozen_e_s42,1,experts,global,0.0,0.0,0.0,0.0
20260908_v3_devdet_frozen_e_s42,1,experts,readout,0.0,0.0,0.0,0.0
20260908_v3_devdet_frozen_e_s42,1,experts,generator_context,0.041194651275873184,0.0033772210590541363,5e-05,0.05695643275976181
20260908_v3_devdet_frozen_e_s42,1,experts,generator_decoder,0.007788856979459524,0.00026860920479521155,1.4999999999999999e-05,1.614376425743103
20260908_v3_devdet_frozen_e_s42,2,experts,electronic,0.0,0.0,0.0,0.0
20260908_v3_devdet_frozen_e_s42,2,experts,fusion,0.0,0.0,0.0,0.0
20260908_v3_devdet_frozen_e_s42,2,experts,router,0.0,0.0,0.0,0.0
20260908_v3_devdet_frozen_e_s42,2,experts,global,0.0,0.0,0.0,0.0
20260908_v3_devdet_frozen_e_s42,2,experts,readout,0.0,0.0,0.0,0.0
20260908_v3_devdet_frozen_e_s42,2,experts,generator_context,0.25811076164245605,0.01892269402742386,0.000592047124933972,0.11417222023010254
20260908_v3_devdet_frozen_e_s42,2,experts,generator_decoder,0.046955086290836334,0.001616999739781022,0.00017761413748019158,2.2857930660247803
20260908_v3_devdet_frozen_e_s42,3,optics,electronic,0.0,0.0,0.0,0.0
20260908_v3_devdet_frozen_e_s42,3,optics,fusion,0.0,0.0,0.0,0.0
20260908_v3_devdet_frozen_e_s42,3,optics,router,0.10213099420070648,4.95039603265468e-05,0.0005,0.03530682623386383
20260908_v3_devdet_frozen_e_s42,3,optics,global,0.10554645955562592,0.0026959648821502924,0.00030000000000000003,0.8674522042274475
20260908_v3_devdet_frozen_e_s42,3,optics,readout,0.0,0.0,0.0,0.0
20260908_v3_devdet_frozen_e_s42,3,optics,generator_context,0.015529136173427105,0.0010956861078739166,5e-05,0.1312430053949356
20260908_v3_devdet_frozen_e_s42,3,optics,generator_decoder,0.004464972764253616,0.00015342178812716156,1.4999999999999999e-05,3.0171518325805664
20260908_v3_devdet_frozen_e_s42,4,optics,electronic,0.0,0.0,0.0,0.0
20260908_v3_devdet_frozen_e_s42,4,optics,fusion,0.0,0.0,0.0,0.0
20260908_v3_devdet_frozen_e_s42,4,optics,router,0.3320712447166443,0.00016094878083094954,0.008814421345169958,0.027546029537916183
20260908_v3_devdet_frozen_e_s42,4,optics,global,0.6104506850242615,0.013690566644072533,0.005288652807101975,0.6529351472854614
20260908_v3_devdet_frozen_e_s42,4,optics,readout,0.0,0.0,0.0,0.0
20260908_v3_devdet_frozen_e_s42,4,optics,generator_context,0.35159042477607727,0.022723238915205002,0.0008814421345169958,0.08739688247442245
20260908_v3_devdet_frozen_e_s42,4,optics,generator_decoder,0.07196736335754395,0.0024558142758905888,0.00026443264035509875,2.4802770614624023
20260908_v3_devdet_frozen_e_s42,5,optics,electronic,0.0,0.0,0.0,0.0
20260908_v3_devdet_frozen_e_s42,5,optics,fusion,0.0,0.0,0.0,0.0
20260908_v3_devdet_frozen_e_s42,5,optics,router,0.30892422795295715,0.00014972426288295537,0.005960483754074137,0.045505233108997345
20260908_v3_devdet_frozen_e_s42,5,optics,global,0.4888717830181122,0.009639493189752102,0.0035762902524444826,0.5578886866569519
20260908_v3_devdet_frozen_e_s42,5,optics,readout,0.0,0.0,0.0,0.0
20260908_v3_devdet_frozen_e_s42,5,optics,generator_context,0.14982521533966064,0.008396386168897152,0.0005960483754074138,0.13060447573661804
20260908_v3_devdet_frozen_e_s42,5,optics,generator_decoder,0.02775774523615837,0.000940382422413677,0.00017881451262222411,2.944734811782837
20260908_v3_devdet_frozen_e_s42,6,optics,electronic,0.0,0.0,0.0,0.0
20260908_v3_devdet_frozen_e_s42,6,optics,fusion,0.0,0.0,0.0,0.0
20260908_v3_devdet_frozen_e_s42,6,optics,router,0.19936804473400116,9.662497905083e-05,0.003129970971822676,0.06871065497398376
20260908_v3_devdet_frozen_e_s42,6,optics,global,0.269217848777771,0.004953630268573761,0.0018779825830936056,0.6874361634254456
20260908_v3_devdet_frozen_e_s42,6,optics,readout,0.0,0.0,0.0,0.0
20260908_v3_devdet_frozen_e_s42,6,optics,generator_context,0.07639732211828232,0.004191123880445957,0.0003129970971822676,0.13690835237503052
20260908_v3_devdet_frozen_e_s42,6,optics,generator_decoder,0.012955185025930405,0.00043913783156313,9.389912915468027e-05,3.0641496181488037
20260908_v3_devdet_frozen_e_s42,7,joint,electronic,0.0,0.0,0.0,0.0
20260908_v3_devdet_frozen_e_s42,7,joint,fusion,0.0,0.0,0.0,0.0
20260908_v3_devdet_frozen_e_s42,7,joint,router,0.03680640831589699,1.7838407075032592e-05,0.0005,0.09131599962711334
20260908_v3_devdet_frozen_e_s42,7,joint,global,0.04220651835203171,0.0007508164853788912,0.00030000000000000003,0.6959326863288879
20260908_v3_devdet_frozen_e_s42,7,joint,readout,0.0,0.0,0.0,0.0
20260908_v3_devdet_frozen_e_s42,7,joint,generator_context,0.009063160978257656,0.000495150510687381,5e-05,0.10593967884778976
20260908_v3_devdet_frozen_e_s42,7,joint,generator_decoder,0.0017833675956353545,6.0436188505264e-05,1.4999999999999999e-05,3.4352641105651855
20260908_v3_devdet_frozen_e_s42,8,joint,electronic,0.0,0.0,0.0,0.0
20260908_v3_devdet_frozen_e_s42,8,joint,fusion,0.0,0.0,0.0,0.0
20260908_v3_devdet_frozen_e_s42,8,joint,router,0.9117422699928284,0.0004418684693519026,0.009803251647457718,0.1513034999370575
20260908_v3_devdet_frozen_e_s42,8,joint,global,1.1340867280960083,0.0179721899330616,0.005881950988474631,0.7820200324058533
20260908_v3_devdet_frozen_e_s42,8,joint,readout,0.0,0.0,0.0,0.0
20260908_v3_devdet_frozen_e_s42,8,joint,generator_context,0.06803198158740997,0.0037021487951278687,0.000980325164745772,0.06694039702415466
20260908_v3_devdet_frozen_e_s42,8,joint,generator_decoder,0.054605383425951004,0.0018497488927096128,0.0002940975494237315,3.468686819076538
20260908_v3_devdet_frozen_e_s42,9,joint,electronic,0.0,0.0,0.0,0.0
20260908_v3_devdet_frozen_e_s42,9,joint,fusion,0.0,0.0,0.0,0.0
20260908_v3_devdet_frozen_e_s42,9,joint,router,0.40761837363243103,0.0001975245395442471,0.009232361546944918,0.056401170790195465
20260908_v3_devdet_frozen_e_s42,9,joint,global,0.5354024767875671,0.007228170987218618,0.005539416928166951,0.3322930932044983
20260908_v3_devdet_frozen_e_s42,9,joint,readout,0.0,0.0,0.0,0.0
20260908_v3_devdet_frozen_e_s42,9,joint,generator_context,0.050569359213113785,0.0027411712799221277,0.0009232361546944918,0.030075203627347946
20260908_v3_devdet_frozen_e_s42,9,joint,generator_decoder,0.03772042691707611,0.0012775486102327704,0.0002769708464083475,1.68497633934021
20260908_v3_devdet_frozen_e_s42,10,joint,electronic,0.0,0.0,0.0,0.0
20260908_v3_devdet_frozen_e_s42,10,joint,fusion,0.0,0.0,0.0,0.0
20260908_v3_devdet_frozen_e_s42,10,joint,router,0.5973142981529236,0.0002894096542149782,0.008343490541840899,0.06178475543856621
20260908_v3_devdet_frozen_e_s42,10,joint,global,0.6135638952255249,0.0073046027682721615,0.00500609432510454,0.5797051191329956
20260908_v3_devdet_frozen_e_s42,10,joint,readout,0.0,0.0,0.0,0.0
20260908_v3_devdet_frozen_e_s42,10,joint,generator_context,0.07072131335735321,0.003813772462308407,0.0008343490541840899,0.04239710792899132
20260908_v3_devdet_frozen_e_s42,10,joint,generator_decoder,0.030328121036291122,0.0010266182944178581,0.00025030471625522697,3.050657272338867
20260908_v3_devdet_frozen_e_s42,11,joint,electronic,0.0,0.0,0.0,0.0
20260908_v3_devdet_frozen_e_s42,11,joint,fusion,0.0,0.0,0.0,0.0
20260908_v3_devdet_frozen_e_s42,11,joint,router,0.46297118067741394,0.00022430188255384564,0.007224080585084072,0.05812928453087807
20260908_v3_devdet_frozen_e_s42,11,joint,global,0.626316487789154,0.006661670748144388,0.004334448351050443,0.5210683345794678
20260908_v3_devdet_frozen_e_s42,11,joint,readout,0.0,0.0,0.0,0.0
20260908_v3_devdet_frozen_e_s42,11,joint,generator_context,0.08033820986747742,0.004301657900214195,0.0007224080585084072,0.03712162747979164
20260908_v3_devdet_frozen_e_s42,11,joint,generator_decoder,0.040407683700323105,0.0013631475158035755,0.00021672241755252213,2.7115325927734375
20260908_v3_devdet_frozen_e_s42,12,joint,electronic,0.0,0.0,0.0,0.0
20260908_v3_devdet_frozen_e_s42,12,joint,fusion,0.0,0.0,0.0,0.0
20260908_v3_devdet_frozen_e_s42,12,joint,router,0.2595427632331848,0.00012574074207805097,0.0059842527090801,0.057321034371852875
20260908_v3_devdet_frozen_e_s42,12,joint,global,0.37592074275016785,0.0036294502206146717,0.00359055162544806,0.3846198320388794
20260908_v3_devdet_frozen_e_s42,12,joint,readout,0.0,0.0,0.0,0.0
20260908_v3_devdet_frozen_e_s42,12,joint,generator_context,0.06890054792165756,0.0036764959804713726,0.00059842527090801,0.031000811606645584
20260908_v3_devdet_frozen_e_s42,12,joint,generator_decoder,0.020904749631881714,0.0007052600267343223,0.00017952758127240298,1.988425612449646
20260908_v3_devdet_frozen_e_s42,13,joint,electronic,0.0,0.0,0.0,0.0
20260908_v3_devdet_frozen_e_s42,13,joint,fusion,0.0,0.0,0.0,0.0
20260908_v3_devdet_frozen_e_s42,13,joint,router,0.39714235067367554,0.00019239995162934065,0.004745973959848876,0.04621843248605728
20260908_v3_devdet_frozen_e_s42,13,joint,global,0.3863292634487152,0.003443037159740925,0.002847584375909326,0.47301921248435974
20260908_v3_devdet_frozen_e_s42,13,joint,readout,0.0,0.0,0.0,0.0
20260908_v3_devdet_frozen_e_s42,13,joint,generator_context,0.05470866709947586,0.0029072589240968227,0.00047459739598488767,0.031031863763928413
20260908_v3_devdet_frozen_e_s42,13,joint,generator_decoder,0.01608160138130188,0.0005428505246527493,0.00014237921879546627,2.487642288208008
20260908_v3_devdet_frozen_e_s42,14,joint,electronic,0.0,0.0,0.0,0.0
20260908_v3_devdet_frozen_e_s42,14,joint,fusion,0.0,0.0,0.0,0.0
20260908_v3_devdet_frozen_e_s42,14,joint,router,0.19381394982337952,9.389276965521276e-05,0.0036310589893400807,0.0798601433634758
20260908_v3_devdet_frozen_e_s42,14,joint,global,0.2900312542915344,0.002423858502879739,0.0021786353936040486,0.6465074419975281
20260908_v3_devdet_frozen_e_s42,14,joint,readout,0.0,0.0,0.0,0.0
20260908_v3_devdet_frozen_e_s42,14,joint,generator_context,0.03288496658205986,0.0017447698628529906,0.0003631058989340081,0.035211529582738876
20260908_v3_devdet_frozen_e_s42,14,joint,generator_decoder,0.01415208913385868,0.0004775378911290318,0.00010893176968020242,2.7125563621520996
20260908_v3_devdet_frozen_e_s42,15,joint,electronic,0.0,0.0,0.0,0.0
20260908_v3_devdet_frozen_e_s42,15,joint,fusion,0.0,0.0,0.0,0.0
20260908_v3_devdet_frozen_e_s42,15,joint,router,0.1267329752445221,6.139490869827569e-05,0.0027491866393898803,0.12475404143333435
20260908_v3_devdet_frozen_e_s42,15,joint,global,0.23860584199428558,0.0019024100620299578,0.001649511983633928,0.6920324563980103
20260908_v3_devdet_frozen_e_s42,15,joint,readout,0.0,0.0,0.0,0.0
20260908_v3_devdet_frozen_e_s42,15,joint,generator_context,0.024293283000588417,0.0012899789726361632,0.000274918663938988,0.03252364695072174
20260908_v3_devdet_frozen_e_s42,15,joint,generator_decoder,0.009523151442408562,0.0003210674040019512,8.247559918169639e-05,3.6127817630767822
20260908_v3_devdet_frozen_e_s42,16,joint,electronic,0.0,0.0,0.0,0.0
20260908_v3_devdet_frozen_e_s42,16,joint,fusion,0.0,0.0,0.0,0.0
20260908_v3_devdet_frozen_e_s42,16,joint,router,0.1266036331653595,6.133205170044675e-05,0.0021871103760009226,0.054600540548563004
20260908_v3_devdet_frozen_e_s42,16,joint,global,0.1903793215751648,0.0014645678456872702,0.0013122662256005535,0.6192513108253479
20260908_v3_devdet_frozen_e_s42,16,joint,readout,0.0,0.0,0.0,0.0
20260908_v3_devdet_frozen_e_s42,16,joint,generator_context,0.030024314299225807,0.0015936853596940637,0.00021871103760009224,0.036450572311878204
20260908_v3_devdet_frozen_e_s42,16,joint,generator_decoder,0.007128143683075905,0.0002405208651907742,6.561331128002767e-05,3.213475227355957
20260908_v3_devdet_encoder_focus_s42,1,experts,electronic,0.0,0.0,0.0,0.0
20260908_v3_devdet_encoder_focus_s42,1,experts,fusion,0.0,0.0,0.0,0.0
20260908_v3_devdet_encoder_focus_s42,1,experts,router,0.0,0.0,0.0,0.0
20260908_v3_devdet_encoder_focus_s42,1,experts,global,0.0,0.0,0.0,0.0
20260908_v3_devdet_encoder_focus_s42,1,experts,readout,0.0,0.0,0.0,0.0
20260908_v3_devdet_encoder_focus_s42,1,experts,generator_context,0.041194651275873184,0.0033772210590541363,5e-05,0.05695643275976181
20260908_v3_devdet_encoder_focus_s42,1,experts,generator_decoder,0.007788856979459524,0.00026860920479521155,1.4999999999999999e-05,1.614376425743103
20260908_v3_devdet_encoder_focus_s42,2,experts,electronic,0.0,0.0,0.0,0.0
20260908_v3_devdet_encoder_focus_s42,2,experts,fusion,0.0,0.0,0.0,0.0
20260908_v3_devdet_encoder_focus_s42,2,experts,router,0.0,0.0,0.0,0.0
20260908_v3_devdet_encoder_focus_s42,2,experts,global,0.0,0.0,0.0,0.0
20260908_v3_devdet_encoder_focus_s42,2,experts,readout,0.0,0.0,0.0,0.0
20260908_v3_devdet_encoder_focus_s42,2,experts,generator_context,0.25811076164245605,0.01892269402742386,0.000592047124933972,0.11417222023010254
20260908_v3_devdet_encoder_focus_s42,2,experts,generator_decoder,0.046955086290836334,0.001616999739781022,0.00017761413748019158,2.2857930660247803
20260908_v3_devdet_encoder_focus_s42,3,optics,electronic,0.0,0.0,0.0,0.0
20260908_v3_devdet_encoder_focus_s42,3,optics,fusion,0.0,0.0,0.0,0.0
20260908_v3_devdet_encoder_focus_s42,3,optics,router,0.10213099420070648,4.95039603265468e-05,0.0005,0.03530682623386383
20260908_v3_devdet_encoder_focus_s42,3,optics,global,0.10554645955562592,0.0026959648821502924,0.00030000000000000003,0.8674522042274475
20260908_v3_devdet_encoder_focus_s42,3,optics,readout,0.0,0.0,0.0,0.0
20260908_v3_devdet_encoder_focus_s42,3,optics,generator_context,0.015529136173427105,0.0010956861078739166,5e-05,0.1312430053949356
20260908_v3_devdet_encoder_focus_s42,3,optics,generator_decoder,0.0,0.0,0.0,0.0
20260908_v3_devdet_encoder_focus_s42,4,optics,electronic,0.0,0.0,0.0,0.0
20260908_v3_devdet_encoder_focus_s42,4,optics,fusion,0.0,0.0,0.0,0.0
20260908_v3_devdet_encoder_focus_s42,4,optics,router,0.3328598737716675,0.00016133014287333935,0.008814421345169958,0.03686174377799034
20260908_v3_devdet_encoder_focus_s42,4,optics,global,0.5824018120765686,0.01306438073515892,0.005288652807101975,0.6811091899871826
20260908_v3_devdet_encoder_focus_s42,4,optics,readout,0.0,0.0,0.0,0.0
20260908_v3_devdet_encoder_focus_s42,4,optics,generator_context,0.34821367263793945,0.0220593623816967,0.0008814421345169958,0.18525457382202148
20260908_v3_devdet_encoder_focus_s42,4,optics,generator_decoder,0.0,0.0,0.0,0.0
20260908_v3_devdet_encoder_focus_s42,5,optics,electronic,0.0,0.0,0.0,0.0
20260908_v3_devdet_encoder_focus_s42,5,optics,fusion,0.0,0.0,0.0,0.0
20260908_v3_devdet_encoder_focus_s42,5,optics,router,0.3093780279159546,0.00014994350203778595,0.005960483754074137,0.05634712800383568
20260908_v3_devdet_encoder_focus_s42,5,optics,global,0.4327806234359741,0.008581789210438728,0.0035762902524444826,0.6245063543319702
20260908_v3_devdet_encoder_focus_s42,5,optics,readout,0.0,0.0,0.0,0.0
20260908_v3_devdet_encoder_focus_s42,5,optics,generator_context,0.22051545977592468,0.012404155917465687,0.0005960483754074138,0.1695064902305603
20260908_v3_devdet_encoder_focus_s42,5,optics,generator_decoder,0.0,0.0,0.0,0.0
20260908_v3_devdet_encoder_focus_s42,6,optics,electronic,0.0,0.0,0.0,0.0
20260908_v3_devdet_encoder_focus_s42,6,optics,fusion,0.0,0.0,0.0,0.0
20260908_v3_devdet_encoder_focus_s42,6,optics,router,0.15322963893413544,7.426339288940653e-05,0.003129970971822676,0.06627248972654343
20260908_v3_devdet_encoder_focus_s42,6,optics,global,0.25386831164360046,0.004690333269536495,0.0018779825830936056,0.6712620258331299
20260908_v3_devdet_encoder_focus_s42,6,optics,readout,0.0,0.0,0.0,0.0
20260908_v3_devdet_encoder_focus_s42,6,optics,generator_context,0.07238025218248367,0.003966299816966057,0.0003129970971822676,0.194337397813797
20260908_v3_devdet_encoder_focus_s42,6,optics,generator_decoder,0.0,0.0,0.0,0.0
20260908_v3_devdet_encoder_focus_s42,7,joint,electronic,0.006689905188977718,9.111733379540965e-05,5e-06,16.186519622802734
20260908_v3_devdet_encoder_focus_s42,7,joint,fusion,0.0,0.0,0.0,0.0
20260908_v3_devdet_encoder_focus_s42,7,joint,router,0.035193249583244324,1.7056438082363456e-05,0.0005,0.05256491154432297
20260908_v3_devdet_encoder_focus_s42,7,joint,global,0.050452496856451035,0.0008954671793617308,0.00030000000000000003,0.8234123587608337
20260908_v3_devdet_encoder_focus_s42,7,joint,readout,0.0007969288271851838,3.999580076197162e-05,5e-06,3.9120426177978516
20260908_v3_devdet_encoder_focus_s42,7,joint,generator_context,0.008489139378070831,0.00046414221287705004,5e-05,0.20627695322036743
20260908_v3_devdet_encoder_focus_s42,7,joint,generator_decoder,0.0,0.0,0.0,0.0
20260908_v3_devdet_encoder_focus_s42,8,joint,electronic,0.03091265819966793,0.00042101473081856966,9.803251647457719e-05,15.22836971282959
20260908_v3_devdet_encoder_focus_s42,8,joint,fusion,0.0,0.0,0.0,0.0
20260908_v3_devdet_encoder_focus_s42,8,joint,router,0.5798186659812927,0.0002810013247653842,0.009803251647457718,0.08614187687635422
20260908_v3_devdet_encoder_focus_s42,8,joint,global,1.013769268989563,0.015843523666262627,0.005881950988474631,0.676734983921051
20260908_v3_devdet_encoder_focus_s42,8,joint,readout,0.0034685947466641665,0.00017408470739610493,9.803251647457719e-05,6.10054874420166
20260908_v3_devdet_encoder_focus_s42,8,joint,generator_context,0.10959607362747192,0.005978506524115801,0.000980325164745772,0.13377928733825684
20260908_v3_devdet_encoder_focus_s42,8,joint,generator_decoder,0.0,0.0,0.0,0.0
20260908_v3_devdet_encoder_focus_s42,9,joint,electronic,0.026999693363904953,0.00036764578544534743,9.232361546944919e-05,5.07989501953125
20260908_v3_devdet_encoder_focus_s42,9,joint,fusion,0.0,0.0,0.0,0.0
20260908_v3_devdet_encoder_focus_s42,9,joint,router,0.32406386733055115,0.00015704461839050055,0.009232361546944918,0.03421768918633461
20260908_v3_devdet_encoder_focus_s42,9,joint,global,0.4275134205818176,0.005780891515314579,0.005539416928166951,0.21608386933803558
20260908_v3_devdet_encoder_focus_s42,9,joint,readout,0.002485295757651329,0.00012473895912989974,9.232361546944919e-05,1.3303643465042114
20260908_v3_devdet_encoder_focus_s42,9,joint,generator_context,0.055226728320121765,0.0029915529303252697,0.0009232361546944918,0.04788099601864815
20260908_v3_devdet_encoder_focus_s42,9,joint,generator_decoder,0.0,0.0,0.0,0.0
20260908_v3_devdet_encoder_focus_s42,10,joint,electronic,0.023416800424456596,0.0003188147966284305,8.343490541840899e-05,14.110167503356934
20260908_v3_devdet_encoder_focus_s42,10,joint,fusion,0.0,0.0,0.0,0.0
20260908_v3_devdet_encoder_focus_s42,10,joint,router,0.339876651763916,0.00016470013360958546,0.008343490541840899,0.0831327736377716
20260908_v3_devdet_encoder_focus_s42,10,joint,global,0.5465531349182129,0.006540430709719658,0.00500609432510454,0.4905567765235901
20260908_v3_devdet_encoder_focus_s42,10,joint,readout,0.003641583025455475,0.00018277142953593284,8.343490541840899e-05,4.205142021179199
20260908_v3_devdet_encoder_focus_s42,10,joint,generator_context,0.07695344090461731,0.004149433691054583,0.0008343490541840899,0.10131927579641342
20260908_v3_devdet_encoder_focus_s42,10,joint,generator_decoder,0.0,0.0,0.0,0.0
20260908_v3_devdet_encoder_focus_s42,11,joint,electronic,0.025637639686465263,0.00034901441540569067,7.224080585084071e-05,7.287597179412842
20260908_v3_devdet_encoder_focus_s42,11,joint,fusion,0.0,0.0,0.0,0.0
20260908_v3_devdet_encoder_focus_s42,11,joint,router,0.25306108593940735,0.00012262881500646472,0.007224080585084072,0.038395464420318604
20260908_v3_devdet_encoder_focus_s42,11,joint,global,0.5322725772857666,0.005697985179722309,0.004334448351050443,0.32614797353744507
20260908_v3_devdet_encoder_focus_s42,11,joint,readout,0.0020997740793973207,0.00010538742935750633,7.224080585084071e-05,2.2135987281799316
20260908_v3_devdet_encoder_focus_s42,11,joint,generator_context,0.056861672550439835,0.003051188075914979,0.0007224080585084072,0.06885815411806107
20260908_v3_devdet_encoder_focus_s42,11,joint,generator_decoder,0.0,0.0,0.0,0.0
20260908_v3_devdet_encoder_focus_s42,12,joint,electronic,0.017878474667668343,0.00024337867216672748,5.9842527090801006e-05,6.036628723144531
20260908_v3_devdet_encoder_focus_s42,12,joint,fusion,0.0,0.0,0.0,0.0
20260908_v3_devdet_encoder_focus_s42,12,joint,router,0.14220425486564636,6.890852091601118e-05,0.0059842527090801,0.027273105457425117
20260908_v3_devdet_encoder_focus_s42,12,joint,global,0.3591880202293396,0.003489789320155978,0.00359055162544806,0.24932783842086792
20260908_v3_devdet_encoder_focus_s42,12,joint,readout,0.0021927456837147474,0.00011005454871337861,5.9842527090801006e-05,1.8107059001922607
20260908_v3_devdet_encoder_focus_s42,12,joint,generator_context,0.047789447009563446,0.0025579023640602827,0.00059842527090801,0.05165044590830803
20260908_v3_devdet_encoder_focus_s42,12,joint,generator_decoder,0.0,0.0,0.0,0.0
20260908_v3_devdet_encoder_focus_s42,13,joint,electronic,0.017184101045131683,0.000233906990615651,4.745973959848877e-05,10.339512825012207
20260908_v3_devdet_encoder_focus_s42,13,joint,fusion,0.0,0.0,0.0,0.0
20260908_v3_devdet_encoder_focus_s42,13,joint,router,0.19081318378448486,9.246171248378232e-05,0.004745973959848876,0.047602079808712006
20260908_v3_devdet_encoder_focus_s42,13,joint,global,0.3655233383178711,0.003282096702605486,0.002847584375909326,0.4653889536857605
20260908_v3_devdet_encoder_focus_s42,13,joint,readout,0.0012967769289389253,6.508603837573901e-05,4.745973959848877e-05,4.400028228759766
20260908_v3_devdet_encoder_focus_s42,13,joint,generator_context,0.03905118629336357,0.002088427310809493,0.00047459739598488767,0.10659022629261017
20260908_v3_devdet_encoder_focus_s42,13,joint,generator_decoder,0.0,0.0,0.0,0.0
20260908_v3_devdet_encoder_focus_s42,14,joint,electronic,0.01054409146308899,0.0001434994483133778,3.631058989340081e-05,9.734070777893066
20260908_v3_devdet_encoder_focus_s42,14,joint,fusion,0.0,0.0,0.0,0.0
20260908_v3_devdet_encoder_focus_s42,14,joint,router,0.21234098076820374,0.0001028935585054569,0.0036310589893400807,0.08275149762630463
20260908_v3_devdet_encoder_focus_s42,14,joint,global,0.2898615002632141,0.0024448675103485584,0.0021786353936040486,0.38990518450737
20260908_v3_devdet_encoder_focus_s42,14,joint,readout,0.0010827394435182214,5.434317790786736e-05,3.631058989340081e-05,2.378544569015503
20260908_v3_devdet_encoder_focus_s42,14,joint,generator_context,0.026589635759592056,0.0014217834686860442,0.0003631058989340081,0.06290531158447266
20260908_v3_devdet_encoder_focus_s42,14,joint,generator_decoder,0.0,0.0,0.0,0.0
20260908_v3_devdet_encoder_focus_s42,15,joint,electronic,0.008141934871673584,0.00011080160766141489,2.74918663938988e-05,10.048955917358398
20260908_v3_devdet_encoder_focus_s42,15,joint,fusion,0.0,0.0,0.0,0.0
20260908_v3_devdet_encoder_focus_s42,15,joint,router,0.10121197998523712,4.904401794192381e-05,0.0027491866393898803,0.08661632239818573
20260908_v3_devdet_encoder_focus_s42,15,joint,global,0.2220728099346161,0.001785711501725018,0.001649511983633928,0.4049754738807678
20260908_v3_devdet_encoder_focus_s42,15,joint,readout,0.000997914932668209,5.0086015107808635e-05,2.74918663938988e-05,3.1482179164886475
20260908_v3_devdet_encoder_focus_s42,15,joint,generator_context,0.02654501236975193,0.0014202549355104566,0.000274918663938988,0.08507459610700607
20260908_v3_devdet_encoder_focus_s42,15,joint,generator_decoder,0.0,0.0,0.0,0.0
20260908_v3_devdet_encoder_focus_s42,16,joint,electronic,0.0076538193970918655,0.00010415574070066214,2.1871103760009226e-05,10.802926063537598
20260908_v3_devdet_encoder_focus_s42,16,joint,fusion,0.0,0.0,0.0,0.0
20260908_v3_devdet_encoder_focus_s42,16,joint,router,0.11263547837734222,5.4579173593083397e-05,0.0021871103760009226,0.04976991191506386
20260908_v3_devdet_encoder_focus_s42,16,joint,global,0.1885482221841812,0.0014620957663282752,0.0013122662256005535,0.43544802069664
20260908_v3_devdet_encoder_focus_s42,16,joint,readout,0.0010655000805854797,5.34782993781846e-05,2.1871103760009226e-05,3.954742908477783
20260908_v3_devdet_encoder_focus_s42,16,joint,generator_context,0.02513524889945984,0.001343919662758708,0.00021871103760009224,0.0925733894109726
20260908_v3_devdet_encoder_focus_s42,16,joint,generator_decoder,0.0,0.0,0.0,0.0
