owner,runs_root,run_name,run_path,file_count,bytes,gib,checkpoint_count,checkpoint_bytes,best_checkpoint_count,best_checkpoint_paths,has_metrics,has_config,latest_modified_utc,classification,retention_recommendation
experiments/d2nn_cifar100_cifar10_fixed_feedback_contrastive_20stage400,experiments/d2nn_cifar100_cifar10_fixed_feedback_contrastive_20stage400/runs,main,experiments/d2nn_cifar100_cifar10_fixed_feedback_contrastive_20stage400/runs/main,104,6095951481,5.677297,59,6095713591,10,finetune/bp/seed_1234/checkpoints/best_validation.pt|finetune/bp/seed_2345/checkpoints/best_validation.pt|finetune/bp/seed_3456/checkpoints/best_validation.pt|finetune/fa_pretrained/seed_1234/checkpoints/best_validation.pt|finetune/fa_pretrained/seed_2345/checkpoints/best_validation.pt|finetune/fa_pretrained/seed_3456/checkpoints/best_validation.pt|finetune/fa_random/seed_1234/checkpoints/best_validation.pt|finetune/fa_random/seed_2345/checkpoints/best_validation.pt|finetune/fa_random/seed_3456/checkpoints/best_validation.pt|pretrain/checkpoints/pretrained_best_validation.pt,true,true,2026-08-18T08:00:12.249887+00:00,formal_candidate,keep_best_checkpoints_and_metrics; review other checkpoints
experiments/d2nn_cifar100c10_fixed_feedback_20stage400,experiments/d2nn_cifar100c10_fixed_feedback_20stage400/runs,diagnostic_optical09_skip01_20260815,experiments/d2nn_cifar100c10_fixed_feedback_20stage400/runs/diagnostic_optical09_skip01_20260815,10,522800901,0.486896,5,517559032,1,pretrain/checkpoints/pretrained_best_validation.pt,false,true,2026-08-15T02:35:10.335078+00:00,checkpoint_without_clear_best,manual review before pruning
experiments/d2nn_cifar100c10_fixed_feedback_20stage400,experiments/d2nn_cifar100c10_fixed_feedback_20stage400/runs,main,experiments/d2nn_cifar100c10_fixed_feedback_20stage400/runs/main,167,7667614998,7.141023,73,7556261149,10,finetune/bp/seed_1234/checkpoints/best_validation.pt|finetune/bp/seed_2345/checkpoints/best_validation.pt|finetune/bp/seed_3456/checkpoints/best_validation.pt|finetune/fa_pretrained/seed_1234/checkpoints/best_validation.pt|finetune/fa_pretrained/seed_2345/checkpoints/best_validation.pt|finetune/fa_pretrained/seed_3456/checkpoints/best_validation.pt|finetune/fa_random/seed_1234/checkpoints/best_validation.pt|finetune/fa_random/seed_2345/checkpoints/best_validation.pt|finetune/fa_random/seed_3456/checkpoints/best_validation.pt|pretrain/checkpoints/pretrained_best_validation.pt,true,true,2026-08-15T06:52:46.138960+00:00,formal_candidate,keep_best_checkpoints_and_metrics; review other checkpoints
experiments/d2nn_cifar10_high_performance_optical_backbone,experiments/d2nn_cifar10_high_performance_optical_backbone/runs,a02_pool16,experiments/d2nn_cifar10_high_performance_optical_backbone/runs/a02_pool16,6,36550933,0.034041,3,36537050,1,seed_1234/best.pt,false,true,2026-08-18T09:27:41.402680+00:00,checkpoint_without_clear_best,manual review before pruning
experiments/d2nn_cifar10_high_performance_optical_backbone,experiments/d2nn_cifar10_high_performance_optical_backbone/runs,a03_cifar100_pretrain,experiments/d2nn_cifar10_high_performance_optical_backbone/runs/a03_cifar100_pretrain,15,91958121,0.085643,10,91858508,1,seed_1234/best.pt,false,true,2026-08-18T10:25:15.648865+00:00,checkpoint_without_clear_best,manual review before pruning
experiments/d2nn_cifar10_high_performance_optical_backbone,experiments/d2nn_cifar10_high_performance_optical_backbone/runs,a04_cifar100_to_cifar10,experiments/d2nn_cifar10_high_performance_optical_backbone/runs/a04_cifar100_to_cifar10,12,60474385,0.056321,7,60406546,1,seed_1234/best.pt,false,true,2026-08-18T11:02:32.429657+00:00,checkpoint_without_clear_best,manual review before pruning
experiments/d2nn_cifar10_high_performance_optical_backbone,experiments/d2nn_cifar10_high_performance_optical_backbone/runs,a05_refine_a01,experiments/d2nn_cifar10_high_performance_optical_backbone/runs/a05_refine_a01,10,43185585,0.040220,5,43140118,1,seed_1234/best.pt,false,true,2026-08-18T10:38:33.330072+00:00,checkpoint_without_clear_best,manual review before pruning
experiments/d2nn_cifar10_high_performance_optical_backbone,experiments/d2nn_cifar10_high_performance_optical_backbone/runs,a07_high_optical_cifar100_to_cifar10,experiments/d2nn_cifar10_high_performance_optical_backbone/runs/a07_high_optical_cifar100_to_cifar10,12,60475077,0.056322,7,60407186,1,seed_1234/best.pt,false,true,2026-08-18T13:54:09.006950+00:00,checkpoint_without_clear_best,manual review before pruning
experiments/d2nn_cifar10_high_performance_optical_backbone,experiments/d2nn_cifar10_high_performance_optical_backbone/runs,a08_pointwise_electronic_residual,experiments/d2nn_cifar10_high_performance_optical_backbone/runs/a08_pointwise_electronic_residual,12,60736484,0.056565,7,60665458,1,seed_1234/best.pt,false,true,2026-08-18T18:59:11.971634+00:00,checkpoint_without_clear_best,manual review before pruning
experiments/d2nn_cifar10_high_performance_optical_backbone,experiments/d2nn_cifar10_high_performance_optical_backbone/runs,a09_depthwise_electronic_residual,experiments/d2nn_cifar10_high_performance_optical_backbone/runs/a09_depthwise_electronic_residual,11,52237497,0.048650,6,52183892,1,seed_1234/best.pt,false,true,2026-08-18T18:47:14.075105+00:00,checkpoint_without_clear_best,manual review before pruning
experiments/d2nn_cifar10_high_performance_optical_backbone,experiments/d2nn_cifar10_high_performance_optical_backbone/runs,a10_depthwise_unet_skips,experiments/d2nn_cifar10_high_performance_optical_backbone/runs/a10_depthwise_unet_skips,12,60981059,0.056793,7,60909934,1,seed_1234/best.pt,false,true,2026-08-18T19:14:16.831841+00:00,checkpoint_without_clear_best,manual review before pruning
experiments/d2nn_cifar10_high_performance_optical_backbone,experiments/d2nn_cifar10_high_performance_optical_backbone/runs,a11_pointwise_conv_readout,experiments/d2nn_cifar10_high_performance_optical_backbone/runs/a11_pointwise_conv_readout,9,33948887,0.031617,4,33918200,1,seed_1234/best.pt,false,true,2026-08-18T19:42:56.660270+00:00,checkpoint_without_clear_best,manual review before pruning
experiments/d2nn_cifar10_high_performance_optical_backbone,experiments/d2nn_cifar10_high_performance_optical_backbone/runs,a12_pointwise_dual_pool_readout,experiments/d2nn_cifar10_high_performance_optical_backbone/runs/a12_pointwise_dual_pool_readout,9,39423942,0.036716,4,39393432,1,seed_1234/best.pt,false,true,2026-08-18T19:52:02.096380+00:00,checkpoint_without_clear_best,manual review before pruning
experiments/d2nn_cifar10_high_performance_optical_backbone,experiments/d2nn_cifar10_high_performance_optical_backbone/runs,a13_lowres_electronic_residual,experiments/d2nn_cifar10_high_performance_optical_backbone/runs/a13_lowres_electronic_residual,46,349126795,0.325150,28,348845640,4,seed_1234/best.pt|seed_2026/best.pt|seed_2027/best.pt|seed_2028/best.pt,false,true,2026-08-19T09:27:59.449733+00:00,checkpoint_without_clear_best,manual review before pruning
experiments/d2nn_cifar10_high_performance_optical_backbone,experiments/d2nn_cifar10_high_performance_optical_backbone/runs,formal_a13_high_performance,experiments/d2nn_cifar10_high_performance_optical_backbone/runs/formal_a13_high_performance,92,344428516,0.320774,58,343749640,13,bp/seed_2026/best.pt|bp/seed_2027/best.pt|bp/seed_2028/best.pt|common/head_warmup_best.pt|fa_pretrained/seed_2026/best.pt|fa_pretrained/seed_2027/best.pt|fa_pretrained/seed_2028/best.pt|fa_random/seed_2026/best.pt|fa_random/seed_2027/best.pt|fa_random/seed_2028/best.pt|noft/seed_2026/best.pt|noft/seed_2027/best.pt|noft/seed_2028/best.pt,false,false,2026-08-19T13:03:03.389467+00:00,checkpoint_without_clear_best,manual review before pruning
experiments/d2nn_cifar10_high_performance_optical_backbone,experiments/d2nn_cifar10_high_performance_optical_backbone/runs,formal_pilot,experiments/d2nn_cifar10_high_performance_optical_backbone/runs/formal_pilot,65,145206442,0.135234,31,144927585,13,bp/seed_2026/best.pt|bp/seed_2027/best.pt|bp/seed_2028/best.pt|common/head_warmup_best.pt|fa_pretrained/seed_2026/best.pt|fa_pretrained/seed_2027/best.pt|fa_pretrained/seed_2028/best.pt|fa_random/seed_2026/best.pt|fa_random/seed_2027/best.pt|fa_random/seed_2028/best.pt|noft/seed_2026/best.pt|noft/seed_2027/best.pt|noft/seed_2028/best.pt,false,false,2026-08-18T13:10:21.888943+00:00,checkpoint_without_clear_best,manual review before pruning
experiments/d2nn_cifar10_high_performance_optical_backbone,experiments/d2nn_cifar10_high_performance_optical_backbone/runs,formal_smoke,experiments/d2nn_cifar10_high_performance_optical_backbone/runs/formal_smoke,20,38590807,0.035940,8,38566359,5,bp/seed_99/best.pt|common/head_warmup_best.pt|fa_pretrained/seed_99/best.pt|fa_random/seed_99/best.pt|noft/seed_99/best.pt,false,false,2026-08-18T12:01:43.966909+00:00,checkpoint_without_clear_best,manual review before pruning
experiments/d2nn_cifar10_high_performance_optical_backbone,experiments/d2nn_cifar10_high_performance_optical_backbone/runs,main_rgb8,experiments/d2nn_cifar10_high_performance_optical_backbone/runs/main_rgb8,15,86416743,0.080482,10,86317132,1,seed_1234/best.pt,false,true,2026-08-18T10:08:44.975709+00:00,checkpoint_without_clear_best,manual review before pruning
experiments/d2nn_cifar10_high_performance_optical_backbone,experiments/d2nn_cifar10_high_performance_optical_backbone/runs,p03_deployment_robustness_formal,experiments/d2nn_cifar10_high_performance_optical_backbone/runs/p03_deployment_robustness_formal,40,506615,0.000472,0,0,0,,false,false,2026-08-19T15:11:52.770972+00:00,unclassified,manual review
experiments/d2nn_cifar10_high_performance_optical_backbone,experiments/d2nn_cifar10_high_performance_optical_backbone/runs,p03_deployment_robustness_screen,experiments/d2nn_cifar10_high_performance_optical_backbone/runs/p03_deployment_robustness_screen,8,56881,0.000053,0,0,0,,false,false,2026-08-19T14:52:02.904594+00:00,unclassified,manual review
experiments/d2nn_cifar10_high_performance_optical_backbone,experiments/d2nn_cifar10_high_performance_optical_backbone/runs,p03b_deployment_subpixel_screen,experiments/d2nn_cifar10_high_performance_optical_backbone/runs/p03b_deployment_subpixel_screen,8,46458,0.000043,0,0,0,,false,false,2026-08-19T14:56:20.238764+00:00,unclassified,manual review
experiments/d2nn_cifar10_high_performance_optical_backbone,experiments/d2nn_cifar10_high_performance_optical_backbone/runs,p04_deployment_adaptation_screen,experiments/d2nn_cifar10_high_performance_optical_backbone/runs/p04_deployment_adaptation_screen,47,94379739,0.087898,16,94285408,16,bp/seed_2026/deployment_seed_9101/global_shift_0p125px/best.pt|bp/seed_2026/deployment_seed_9101/global_shift_0p25px/best.pt|bp/seed_2026/deployment_seed_9101/layerwise_shift_0p125px/best.pt|bp/seed_2026/deployment_seed_9101/layerwise_shift_0p25px/best.pt|fa_pretrained/seed_2026/deployment_seed_9101/global_shift_0p125px/best.pt|fa_pretrained/seed_2026/deployment_seed_9101/global_shift_0p25px/best.pt|fa_pretrained/seed_2026/deployment_seed_9101/layerwise_shift_0p125px/best.pt|fa_pretrained/seed_2026/deployment_seed_9101/layerwise_shift_0p25px/best.pt|fa_random/seed_2026/deployment_seed_9101/global_shift_0p125px/best.pt|fa_random/seed_2026/deployment_seed_9101/global_shift_0p25px/best.pt|fa_random/seed_2026/deployment_seed_9101/layerwise_shift_0p125px/best.pt|fa_random/seed_2026/deployment_seed_9101/layerwise_shift_0p25px/best.pt|noft/seed_2026/deployment_seed_9101/global_shift_0p125px/best.pt|noft/seed_2026/deployment_seed_9101/global_shift_0p25px/best.pt|noft/seed_2026/deployment_seed_9101/layerwise_shift_0p125px/best.pt|noft/seed_2026/deployment_seed_9101/layerwise_shift_0p25px/best.pt,false,false,2026-08-20T01:01:10.974410+00:00,checkpoint_without_clear_best,manual review before pruning
experiments/d2nn_cifar10_high_performance_optical_backbone,experiments/d2nn_cifar10_high_performance_optical_backbone/runs,p04b_deployment_adaptation_large_shift_screen,experiments/d2nn_cifar10_high_performance_optical_backbone/runs/p04b_deployment_adaptation_large_shift_screen,68,141547195,0.131826,24,141428112,24,bp/seed_2026/deployment_seed_9101/global_shift_0p5px/best.pt|bp/seed_2026/deployment_seed_9101/global_shift_1px/best.pt|bp/seed_2026/deployment_seed_9101/global_shift_2px/best.pt|bp/seed_2026/deployment_seed_9101/layerwise_shift_0p5px/best.pt|bp/seed_2026/deployment_seed_9101/layerwise_shift_1px/best.pt|bp/seed_2026/deployment_seed_9101/layerwise_shift_2px/best.pt|fa_pretrained/seed_2026/deployment_seed_9101/global_shift_0p5px/best.pt|fa_pretrained/seed_2026/deployment_seed_9101/global_shift_1px/best.pt|fa_pretrained/seed_2026/deployment_seed_9101/global_shift_2px/best.pt|fa_pretrained/seed_2026/deployment_seed_9101/layerwise_shift_0p5px/best.pt|fa_pretrained/seed_2026/deployment_seed_9101/layerwise_shift_1px/best.pt|fa_pretrained/seed_2026/deployment_seed_9101/layerwise_shift_2px/best.pt|fa_random/seed_2026/deployment_seed_9101/global_shift_0p5px/best.pt|fa_random/seed_2026/deployment_seed_9101/global_shift_1px/best.pt|fa_random/seed_2026/deployment_seed_9101/global_shift_2px/best.pt|fa_random/seed_2026/deployment_seed_9101/layerwise_shift_0p5px/best.pt|fa_random/seed_2026/deployment_seed_9101/layerwise_shift_1px/best.pt|fa_random/seed_2026/deployment_seed_9101/layerwise_shift_2px/best.pt|noft/seed_2026/deployment_seed_9101/global_shift_0p5px/best.pt|noft/seed_2026/deployment_seed_9101/global_shift_1px/best.pt|noft/seed_2026/deployment_seed_9101/global_shift_2px/best.pt|noft/seed_2026/deployment_seed_9101/layerwise_shift_0p5px/best.pt|noft/seed_2026/deployment_seed_9101/layerwise_shift_1px/best.pt|noft/seed_2026/deployment_seed_9101/layerwise_shift_2px/best.pt,false,false,2026-08-20T03:08:48.933236+00:00,checkpoint_without_clear_best,manual review before pruning
experiments/d2nn_cifar10_high_performance_optical_backbone,experiments/d2nn_cifar10_high_performance_optical_backbone/runs,p05_misalignment_vaccination,experiments/d2nn_cifar10_high_performance_optical_backbone/runs/p05_misalignment_vaccination,24,24358827,0.022686,2,24238780,1,seed_2026/best.pt,false,false,2026-08-20T15:51:29.513200+00:00,checkpoint_without_clear_best,manual review before pruning
experiments/d2nn_cifar10_high_performance_optical_backbone,experiments/d2nn_cifar10_high_performance_optical_backbone/runs,p05b_vaccinated_deployment_adaptation,experiments/d2nn_cifar10_high_performance_optical_backbone/runs/p05b_vaccinated_deployment_adaptation,46,94365839,0.087885,16,94285408,16,bp/seed_2026/deployment_seed_9301/heldout_global_shift_1px/best.pt|bp/seed_2026/deployment_seed_9301/heldout_global_shift_2px/best.pt|bp/seed_2026/deployment_seed_9301/heldout_layerwise_shift_1px/best.pt|bp/seed_2026/deployment_seed_9301/heldout_layerwise_shift_2px/best.pt|fa_pretrained/seed_2026/deployment_seed_9301/heldout_global_shift_1px/best.pt|fa_pretrained/seed_2026/deployment_seed_9301/heldout_global_shift_2px/best.pt|fa_pretrained/seed_2026/deployment_seed_9301/heldout_layerwise_shift_1px/best.pt|fa_pretrained/seed_2026/deployment_seed_9301/heldout_layerwise_shift_2px/best.pt|fa_random/seed_2026/deployment_seed_9301/heldout_global_shift_1px/best.pt|fa_random/seed_2026/deployment_seed_9301/heldout_global_shift_2px/best.pt|fa_random/seed_2026/deployment_seed_9301/heldout_layerwise_shift_1px/best.pt|fa_random/seed_2026/deployment_seed_9301/heldout_layerwise_shift_2px/best.pt|noft/seed_2026/deployment_seed_9301/heldout_global_shift_1px/best.pt|noft/seed_2026/deployment_seed_9301/heldout_global_shift_2px/best.pt|noft/seed_2026/deployment_seed_9301/heldout_layerwise_shift_1px/best.pt|noft/seed_2026/deployment_seed_9301/heldout_layerwise_shift_2px/best.pt,false,false,2026-08-20T17:24:26.417822+00:00,checkpoint_without_clear_best,manual review before pruning
experiments/d2nn_cifar10_high_performance_optical_backbone,experiments/d2nn_cifar10_high_performance_optical_backbone/runs,p06_general_backbone,experiments/d2nn_cifar10_high_performance_optical_backbone/runs/p06_general_backbone,1,1851,0.000002,0,0,0,,false,false,2026-08-21T02:29:24.858399+00:00,unclassified,manual review
experiments/d2nn_cifar10_high_performance_optical_backbone,experiments/d2nn_cifar10_high_performance_optical_backbone/runs,p06_imagenet_100k_balanced_refine,experiments/d2nn_cifar10_high_performance_optical_backbone/runs/p06_imagenet_100k_balanced_refine,21,276545706,0.257553,14,276433324,1,checkpoints/best.pt,false,false,2026-08-21T05:33:28.640341+00:00,checkpoint_without_clear_best,manual review before pruning
experiments/d2nn_cifar10_high_performance_optical_backbone,experiments/d2nn_cifar10_high_performance_optical_backbone/runs,p06_imagenet_100k_contrastive_refine,experiments/d2nn_cifar10_high_performance_optical_backbone/runs/p06_imagenet_100k_contrastive_refine,8,59226207,0.055159,3,59205314,1,checkpoints/best.pt,false,false,2026-08-21T04:33:35.275669+00:00,checkpoint_without_clear_best,manual review before pruning
experiments/d2nn_cifar10_high_performance_optical_backbone,experiments/d2nn_cifar10_high_performance_optical_backbone/runs,p06_imagenet_100k_screen,experiments/d2nn_cifar10_high_performance_optical_backbone/runs/p06_imagenet_100k_screen,15,166260057,0.154842,9,166211598,1,checkpoints/best.pt,false,false,2026-08-21T03:57:12.397194+00:00,checkpoint_without_clear_best,manual review before pruning
experiments/d2nn_cifar10_high_performance_optical_backbone,experiments/d2nn_cifar10_high_performance_optical_backbone/runs,p06_imagenet_8x224_epoch4_shift_screen,experiments/d2nn_cifar10_high_performance_optical_backbone/runs/p06_imagenet_8x224_epoch4_shift_screen,2,1072,0.000001,0,0,0,,false,false,2026-08-22T05:18:06.283039+00:00,unclassified,manual review
experiments/d2nn_cifar10_high_performance_optical_backbone,experiments/d2nn_cifar10_high_performance_optical_backbone/runs,p06_imagenet_8x224_full_decoupled_mlp,experiments/d2nn_cifar10_high_performance_optical_backbone/runs/p06_imagenet_8x224_full_decoupled_mlp,17,324801350,0.302495,8,324669200,1,checkpoints/best.pt,false,false,2026-08-22T10:00:59.711373+00:00,checkpoint_without_clear_best,manual review before pruning
experiments/d2nn_cifar10_high_performance_optical_backbone,experiments/d2nn_cifar10_high_performance_optical_backbone/runs,p06_imagenet_8x224_full_spatial,experiments/d2nn_cifar10_high_performance_optical_backbone/runs/p06_imagenet_8x224_full_spatial,23,587963571,0.547584,14,587786348,1,checkpoints/best.pt,false,false,2026-08-22T09:47:44.374830+00:00,checkpoint_without_clear_best,manual review before pruning
experiments/d2nn_cifar10_high_performance_optical_backbone,experiments/d2nn_cifar10_high_performance_optical_backbone/runs,p06_imagenet_8x224_screen_mlp,experiments/d2nn_cifar10_high_performance_optical_backbone/runs/p06_imagenet_8x224_screen_mlp,12,186249572,0.173458,5,186215398,1,checkpoints/best.pt,false,false,2026-08-22T02:33:26.483328+00:00,checkpoint_without_clear_best,manual review before pruning
experiments/d2nn_cifar10_high_performance_optical_backbone,experiments/d2nn_cifar10_high_performance_optical_backbone/runs,p06_imagenet_8x224_screen_projected,experiments/d2nn_cifar10_high_performance_optical_backbone/runs/p06_imagenet_8x224_screen_projected,12,174409261,0.162431,5,174375614,1,checkpoints/best.pt,false,false,2026-08-22T02:33:30.787351+00:00,checkpoint_without_clear_best,manual review before pruning
experiments/d2nn_cifar10_high_performance_optical_backbone,experiments/d2nn_cifar10_high_performance_optical_backbone/runs,p06_imagenet_8x224_screen_spatial,experiments/d2nn_cifar10_high_performance_optical_backbone/runs/p06_imagenet_8x224_screen_spatial,12,209937131,0.195519,5,209903294,1,checkpoints/best.pt,false,false,2026-08-22T02:43:20.271122+00:00,checkpoint_without_clear_best,manual review before pruning
experiments/d2nn_cifar10_high_performance_optical_backbone,experiments/d2nn_cifar10_high_performance_optical_backbone/runs,p06_imagenet_8x224_screen_supervised_mlp,experiments/d2nn_cifar10_high_performance_optical_backbone/runs/p06_imagenet_8x224_screen_supervised_mlp,12,186249567,0.173458,5,186215398,1,checkpoints/best.pt,false,false,2026-08-22T02:33:26.447328+00:00,checkpoint_without_clear_best,manual review before pruning
experiments/d2nn_cifar10_high_performance_optical_backbone,experiments/d2nn_cifar10_high_performance_optical_backbone/runs,p06_imagenet_8x224_smoke,experiments/d2nn_cifar10_high_performance_optical_backbone/runs/p06_imagenet_8x224_smoke,8,86738508,0.080782,3,86728198,1,checkpoints/best.pt,false,false,2026-08-22T02:12:09.990764+00:00,checkpoint_without_clear_best,manual review before pruning
experiments/d2nn_cifar10_high_performance_optical_backbone,experiments/d2nn_cifar10_high_performance_optical_backbone/runs,p06_imagenet_capacity_12x192,experiments/d2nn_cifar10_high_performance_optical_backbone/runs/p06_imagenet_capacity_12x192,17,283941282,0.264441,8,283848400,1,checkpoints/best.pt,false,false,2026-08-21T19:31:20.724985+00:00,checkpoint_without_clear_best,manual review before pruning
experiments/d2nn_cifar10_high_performance_optical_backbone,experiments/d2nn_cifar10_high_performance_optical_backbone/runs,p06_imagenet_capacity_12x192_smoke,experiments/d2nn_cifar10_high_performance_optical_backbone/runs/p06_imagenet_capacity_12x192_smoke,8,97138108,0.090467,3,97125966,1,checkpoints/best.pt,false,false,2026-08-21T16:46:51.209757+00:00,checkpoint_without_clear_best,manual review before pruning
experiments/d2nn_cifar10_high_performance_optical_backbone,experiments/d2nn_cifar10_high_performance_optical_backbone/runs,p06_imagenet_full_stage1,experiments/d2nn_cifar10_high_performance_optical_backbone/runs/p06_imagenet_full_stage1,21,236986283,0.220711,12,236874416,1,checkpoints/best.pt,false,false,2026-08-21T13:53:19.271876+00:00,checkpoint_without_clear_best,manual review before pruning
experiments/d2nn_cifar10_high_performance_optical_backbone,experiments/d2nn_cifar10_high_performance_optical_backbone/runs,p06_imagenet_smoke,experiments/d2nn_cifar10_high_performance_optical_backbone/runs/p06_imagenet_smoke,10,87268161,0.081275,5,87253206,1,checkpoints/best.pt,false,false,2026-08-21T03:24:00.990182+00:00,checkpoint_without_clear_best,manual review before pruning
experiments/d2nn_cifar10_high_performance_optical_backbone,experiments/d2nn_cifar10_high_performance_optical_backbone/runs,p06_imagenet_smoke_pre_ampfix,experiments/d2nn_cifar10_high_performance_optical_backbone/runs/p06_imagenet_smoke_pre_ampfix,10,87268493,0.081275,5,87253206,1,checkpoints/best.pt,false,false,2026-08-21T03:22:05.531213+00:00,checkpoint_without_clear_best,manual review before pruning
experiments/d2nn_cifar10_high_performance_optical_backbone,experiments/d2nn_cifar10_high_performance_optical_backbone/runs,p07_teacher_free_allstage_pool5,experiments/d2nn_cifar10_high_performance_optical_backbone/runs/p07_teacher_free_allstage_pool5,43,1336107636,1.244347,34,1335838860,1,checkpoints/best.pt,false,false,2026-08-22T22:28:33.745714+00:00,checkpoint_without_clear_best,manual review before pruning
experiments/d2nn_cifar10_high_performance_optical_backbone,experiments/d2nn_cifar10_high_performance_optical_backbone/runs,p07_teacher_free_formal_linear,experiments/d2nn_cifar10_high_performance_optical_backbone/runs/p07_teacher_free_formal_linear,42,1449098354,1.349578,33,1448740190,1,checkpoints/best.pt,false,false,2026-08-23T00:34:43.825770+00:00,checkpoint_without_clear_best,manual review before pruning
experiments/d2nn_cifar10_high_performance_optical_backbone,experiments/d2nn_cifar10_high_performance_optical_backbone/runs,p07_teacher_free_head_screens,experiments/d2nn_cifar10_high_performance_optical_backbone/runs/p07_teacher_free_head_screens,2,1890,0.000002,0,0,0,,false,false,2026-08-22T10:58:27.614210+00:00,unclassified,manual review
experiments/d2nn_cifar10_high_performance_optical_backbone,experiments/d2nn_cifar10_high_performance_optical_backbone/runs,p07_teacher_free_screen_conv_mlp,experiments/d2nn_cifar10_high_performance_optical_backbone/runs/p07_teacher_free_screen_conv_mlp,14,172311980,0.160478,7,172283762,1,checkpoints/best.pt,false,false,2026-08-22T10:55:48.233110+00:00,checkpoint_without_clear_best,manual review before pruning
experiments/d2nn_cifar10_high_performance_optical_backbone,experiments/d2nn_cifar10_high_performance_optical_backbone/runs,p07_teacher_free_screen_linear,experiments/d2nn_cifar10_high_performance_optical_backbone/runs/p07_teacher_free_screen_linear,14,258695623,0.240929,7,258668042,1,checkpoints/best.pt,false,false,2026-08-22T10:55:06.315586+00:00,checkpoint_without_clear_best,manual review before pruning
experiments/d2nn_cifar10_high_performance_optical_backbone,experiments/d2nn_cifar10_high_performance_optical_backbone/runs,p07_teacher_free_screen_mlp,experiments/d2nn_cifar10_high_performance_optical_backbone/runs/p07_teacher_free_screen_mlp,14,194880368,0.181496,7,194852698,1,checkpoints/best.pt,false,false,2026-08-22T10:54:25.082001+00:00,checkpoint_without_clear_best,manual review before pruning
experiments/d2nn_cifar10_high_performance_optical_backbone,experiments/d2nn_cifar10_high_performance_optical_backbone/runs,smoke,experiments/d2nn_cifar10_high_performance_optical_backbone/runs/smoke,7,464393,0.000432,3,459526,1,seed_1234/best.pt,false,true,2026-08-18T09:08:25.776352+00:00,checkpoint_without_clear_best,manual review before pruning
experiments/d2nn_mnist4_single_layer_17um,experiments/d2nn_mnist4_single_layer_17um/runs,mnist4_single_layer_17um_5cm,experiments/d2nn_mnist4_single_layer_17um/runs/mnist4_single_layer_17um_5cm,105,97050520,0.090385,2,5493104,1,checkpoints/best.pt,true,true,2026-08-26T07:15:21.842942+00:00,formal_candidate,keep_best_checkpoints_and_metrics; review other checkpoints
experiments/d2nn_mnist4_single_layer_17um,experiments/d2nn_mnist4_single_layer_17um/runs,smoke_mnist4_single_layer_17um_5cm,experiments/d2nn_mnist4_single_layer_17um/runs/smoke_mnist4_single_layer_17um_5cm,25,16239808,0.015124,2,5492720,1,checkpoints/best.pt,true,true,2026-08-26T03:57:15.174263+00:00,formal_candidate,keep_best_checkpoints_and_metrics; review other checkpoints
experiments/d2nn_mnist4_single_layer_17um_10cm,experiments/d2nn_mnist4_single_layer_17um_10cm/runs,mnist4_single_layer_17um_10cm_notebook_mse,experiments/d2nn_mnist4_single_layer_17um_10cm/runs/mnist4_single_layer_17um_10cm_notebook_mse,468,526768561,0.490591,2,5493488,1,checkpoints/best.pt,true,true,2026-08-26T11:29:49.468304+00:00,formal_candidate,keep_best_checkpoints_and_metrics; review other checkpoints
experiments/d2nn_mnist4_single_layer_17um_10cm,experiments/d2nn_mnist4_single_layer_17um_10cm/runs,smoke_mnist4_single_layer_17um_10cm_notebook_mse,experiments/d2nn_mnist4_single_layer_17um_10cm/runs/smoke_mnist4_single_layer_17um_10cm_notebook_mse,33,20844716,0.019413,2,5493488,1,checkpoints/best.pt,true,true,2026-08-26T09:57:49.056250+00:00,formal_candidate,keep_best_checkpoints_and_metrics; review other checkpoints
experiments/d2nn_mnist4_single_layer_17um_10cm_v2,experiments/d2nn_mnist4_single_layer_17um_10cm_v2/runs,mnist4_single_layer_17um_10cm_v2_angle_roi,experiments/d2nn_mnist4_single_layer_17um_10cm_v2/runs/mnist4_single_layer_17um_10cm_v2_angle_roi,480,544573740,0.507174,6,16485456,3,checkpoints/best.pt|mask_candidates/checkpoints/post_robust_best.pt|mask_candidates/checkpoints/pre_robust_best.pt,true,true,2026-08-26T15:03:31.415383+00:00,formal_candidate,keep_best_checkpoints_and_metrics; review other checkpoints
experiments/d2nn_mnist4_single_layer_17um_10cm_v2,experiments/d2nn_mnist4_single_layer_17um_10cm_v2/runs,mnist4_single_layer_17um_10cm_v2_angle_roi_ccd_robust,experiments/d2nn_mnist4_single_layer_17um_10cm_v2/runs/mnist4_single_layer_17um_10cm_v2_angle_roi_ccd_robust,9,5710430,0.005318,2,5496816,1,checkpoints/best.pt,false,true,2026-08-30T08:43:41.930582+00:00,checkpoint_without_clear_best,manual review before pruning
experiments/d2nn_mnist4_single_layer_17um_10cm_v2,experiments/d2nn_mnist4_single_layer_17um_10cm_v2/runs,mnist4_single_layer_17um_10cm_v2_angle_roi_ccd_robust_rv3,experiments/d2nn_mnist4_single_layer_17um_10cm_v2/runs/mnist4_single_layer_17um_10cm_v2_angle_roi_ccd_robust_rv3,2672,976896916,0.909806,2,5497456,1,checkpoints/best.pt,true,true,2026-08-30T09:09:00.130312+00:00,formal_candidate,keep_best_checkpoints_and_metrics; review other checkpoints
experiments/d2nn_mnist4_single_layer_17um_10cm_v2,experiments/d2nn_mnist4_single_layer_17um_10cm_v2/runs,mnist4_single_layer_17um_10cm_v2_mse_ce100_corner_kspace,experiments/d2nn_mnist4_single_layer_17um_10cm_v2/runs/mnist4_single_layer_17um_10cm_v2_mse_ce100_corner_kspace,466,474629300,0.442033,2,5494896,1,checkpoints/best.pt,true,true,2026-08-26T14:31:31.732716+00:00,formal_candidate,keep_best_checkpoints_and_metrics; review other checkpoints
experiments/d2nn_mnist4_single_layer_17um_10cm_v2,experiments/d2nn_mnist4_single_layer_17um_10cm_v2/runs,mnist4_single_layer_17um_10cm_v2_mse_ce_corner_kspace,experiments/d2nn_mnist4_single_layer_17um_10cm_v2/runs/mnist4_single_layer_17um_10cm_v2_mse_ce_corner_kspace,466,474628689,0.442032,2,5494896,1,checkpoints/best.pt,true,true,2026-08-26T14:16:15.890761+00:00,formal_candidate,keep_best_checkpoints_and_metrics; review other checkpoints
experiments/d2nn_mnist4_single_layer_17um_10cm_v2,experiments/d2nn_mnist4_single_layer_17um_10cm_v2/runs,mnist4_single_layer_17um_10cm_v2_notebook_mse_corner_kspace,experiments/d2nn_mnist4_single_layer_17um_10cm_v2/runs/mnist4_single_layer_17um_10cm_v2_notebook_mse_corner_kspace,10,5619616,0.005234,2,5494768,1,checkpoints/best.pt,false,true,2026-08-26T13:57:14.100409+00:00,checkpoint_without_clear_best,manual review before pruning
experiments/d2nn_mnist4_single_layer_17um_10cm_v2,experiments/d2nn_mnist4_single_layer_17um_10cm_v2/runs,mnist4_single_layer_17um_10cm_v2_notebook_mse_light_robust,experiments/d2nn_mnist4_single_layer_17um_10cm_v2/runs/mnist4_single_layer_17um_10cm_v2_notebook_mse_light_robust,10,5628877,0.005242,2,5494768,1,checkpoints/best.pt,false,true,2026-08-26T13:43:21.257251+00:00,checkpoint_without_clear_best,manual review before pruning
experiments/d2nn_mnist4_single_layer_17um_10cm_v2,experiments/d2nn_mnist4_single_layer_17um_10cm_v2/runs,mnist4_single_layer_17um_10cm_v2_robust_raw,experiments/d2nn_mnist4_single_layer_17um_10cm_v2/runs/mnist4_single_layer_17um_10cm_v2_robust_raw,10,5610599,0.005225,2,5494384,1,checkpoints/best.pt,false,true,2026-08-26T13:23:16.799535+00:00,checkpoint_without_clear_best,manual review before pruning
experiments/d2nn_mnist4_single_layer_17um_10cm_v2,experiments/d2nn_mnist4_single_layer_17um_10cm_v2/runs,smoke_mnist4_single_layer_17um_10cm_v2,experiments/d2nn_mnist4_single_layer_17um_10cm_v2/runs/smoke_mnist4_single_layer_17um_10cm_v2,33,20852427,0.019420,2,5494384,1,checkpoints/best.pt,true,true,2026-08-26T13:18:19.213392+00:00,formal_candidate,keep_best_checkpoints_and_metrics; review other checkpoints
experiments/grocery10_d2nn2_classification_baseline,experiments/grocery10_d2nn2_classification_baseline/runs,grocery10_d2nn2_classification,experiments/grocery10_d2nn2_classification_baseline/runs/grocery10_d2nn2_classification,101,118425196,0.110292,13,69549354,2,checkpoints/best_train_loss.pt|figures/phase_masks/epoch_best_phase_masks.pt,true,true,2026-07-27T17:04:20.963607+00:00,formal_candidate,keep_best_checkpoints_and_metrics; review other checkpoints
experiments/grocery10_d2nn2_classification_baseline,experiments/grocery10_d2nn2_classification_baseline/runs,grocery10_d2nn2_grayscale448_classification,experiments/grocery10_d2nn2_classification_baseline/runs/grocery10_d2nn2_grayscale448_classification,101,157084040,0.146296,13,79785578,2,checkpoints/best_train_loss.pt|figures/phase_masks/epoch_best_phase_masks.pt,true,true,2026-07-28T03:23:08.822006+00:00,formal_candidate,keep_best_checkpoints_and_metrics; review other checkpoints
experiments/grocery10_d2nn2_classification_baseline,experiments/grocery10_d2nn2_classification_baseline/runs,grocery10_d2nn2_grayscale448_smoke,experiments/grocery10_d2nn2_classification_baseline/runs/grocery10_d2nn2_grayscale448_smoke,38,48570206,0.045235,4,37546472,2,checkpoints/best_train_loss.pt|figures/phase_masks/epoch_best_phase_masks.pt,true,true,2026-07-28T02:09:56.029823+00:00,formal_candidate,keep_best_checkpoints_and_metrics; review other checkpoints
experiments/grocery10_d2nn2_classification_baseline,experiments/grocery10_d2nn2_classification_baseline/runs,grocery10_d2nn2_opt_fullcoverage_mild,experiments/grocery10_d2nn2_classification_baseline/runs/grocery10_d2nn2_opt_fullcoverage_mild,32,63685538,0.059312,8,49093744,1,checkpoints/best_train_loss.pt,true,true,2026-07-27T17:15:22.886951+00:00,formal_candidate,keep_best_checkpoints_and_metrics; review other checkpoints
experiments/grocery10_d2nn2_classification_baseline,experiments/grocery10_d2nn2_classification_baseline/runs,grocery10_d2nn2_opt_fullcoverage_strong,experiments/grocery10_d2nn2_classification_baseline/runs/grocery10_d2nn2_opt_fullcoverage_strong,20,37216202,0.034660,4,32729256,1,checkpoints/best_train_loss.pt,true,true,2026-07-27T17:11:21.146619+00:00,formal_candidate,keep_best_checkpoints_and_metrics; review other checkpoints
experiments/grocery10_d2nn2_classification_baseline,experiments/grocery10_d2nn2_classification_baseline/runs,grocery10_d2nn2_opt_rgb_detector_mse,experiments/grocery10_d2nn2_classification_baseline/runs/grocery10_d2nn2_opt_rgb_detector_mse,26,52388314,0.048790,6,40911756,1,checkpoints/best_train_loss.pt,true,true,2026-07-27T18:05:01.962677+00:00,formal_candidate,keep_best_checkpoints_and_metrics; review other checkpoints
experiments/grocery10_d2nn2_classification_baseline,experiments/grocery10_d2nn2_classification_baseline/runs,grocery10_d2nn2_opt_rgb_gallery,experiments/grocery10_d2nn2_classification_baseline/runs/grocery10_d2nn2_opt_rgb_gallery,44,92046723,0.085725,12,65458360,1,checkpoints/best_train_loss.pt,true,true,2026-07-27T18:04:46.906760+00:00,formal_candidate,keep_best_checkpoints_and_metrics; review other checkpoints
experiments/grocery10_d2nn2_classification_baseline,experiments/grocery10_d2nn2_classification_baseline/runs,grocery10_d2nn2_opt_rgb_quadrant,experiments/grocery10_d2nn2_classification_baseline/runs/grocery10_d2nn2_opt_rgb_quadrant,107,133508083,0.124339,15,77731726,2,checkpoints/best_train_loss.pt|figures/phase_masks/epoch_best_phase_masks.pt,true,true,2026-07-27T17:39:49.378016+00:00,formal_candidate,keep_best_checkpoints_and_metrics; review other checkpoints
experiments/grocery10_d2nn2_classification_baseline,experiments/grocery10_d2nn2_classification_baseline/runs,grocery10_d2nn2_smoke,experiments/grocery10_d2nn2_classification_baseline/runs/grocery10_d2nn2_smoke,38,39948592,0.037205,4,32729256,2,checkpoints/best_train_loss.pt|figures/phase_masks/epoch_best_phase_masks.pt,true,true,2026-07-27T16:57:22.646890+00:00,formal_candidate,keep_best_checkpoints_and_metrics; review other checkpoints
experiments/grocery10_electronic_classification_baselines,experiments/grocery10_electronic_classification_baselines/runs,efficientnet_b0_direct_classification,experiments/grocery10_electronic_classification_baselines/runs/efficientnet_b0_direct_classification,17,98115764,0.091377,2,97558089,1,best_train_loss_checkpoint.pt,true,true,2026-07-28T03:21:49.070251+00:00,formal_candidate,keep_best_checkpoints_and_metrics; review other checkpoints
experiments/grocery10_electronic_classification_baselines,experiments/grocery10_electronic_classification_baselines/runs,efficientnet_b0_direct_classification_smoke,experiments/grocery10_electronic_classification_baselines/runs/efficientnet_b0_direct_classification_smoke,17,97808466,0.091091,2,97558089,1,best_train_loss_checkpoint.pt,true,true,2026-07-28T02:10:21.725637+00:00,formal_candidate,keep_best_checkpoints_and_metrics; review other checkpoints
experiments/grocery10_electronic_classification_baselines,experiments/grocery10_electronic_classification_baselines/runs,mobilenet_v3_small_direct_classification,experiments/grocery10_electronic_classification_baselines/runs/mobilenet_v3_small_direct_classification,17,23512954,0.021898,2,22950798,1,best_train_loss_checkpoint.pt,true,true,2026-07-28T03:20:12.658561+00:00,formal_candidate,keep_best_checkpoints_and_metrics; review other checkpoints
experiments/grocery10_electronic_classification_baselines,experiments/grocery10_electronic_classification_baselines/runs,mobilenet_v3_small_direct_classification_smoke,experiments/grocery10_electronic_classification_baselines/runs/mobilenet_v3_small_direct_classification_smoke,17,23202832,0.021609,2,22950734,1,best_train_loss_checkpoint.pt,true,true,2026-07-28T02:10:28.865586+00:00,formal_candidate,keep_best_checkpoints_and_metrics; review other checkpoints
experiments/grocery10_electronic_classification_baselines,experiments/grocery10_electronic_classification_baselines/runs,resnet18_direct_classification,experiments/grocery10_electronic_classification_baselines/runs/resnet18_direct_classification,17,269219776,0.250730,2,268668980,1,best_train_loss_checkpoint.pt,true,true,2026-07-28T03:28:41.368646+00:00,formal_candidate,keep_best_checkpoints_and_metrics; review other checkpoints
experiments/grocery10_electronic_classification_baselines,experiments/grocery10_electronic_classification_baselines/runs,resnet18_direct_classification_smoke,experiments/grocery10_electronic_classification_baselines/runs/resnet18_direct_classification_smoke,17,268916865,0.250448,2,268668980,1,best_train_loss_checkpoint.pt,true,true,2026-07-28T02:10:14.865687+00:00,formal_candidate,keep_best_checkpoints_and_metrics; review other checkpoints
experiments/grocery10_electronic_retrieval_baselines,experiments/grocery10_electronic_retrieval_baselines/runs,comparison,experiments/grocery10_electronic_retrieval_baselines/runs/comparison,2,2886,0.000003,0,0,0,,false,false,2026-07-27T16:44:22.609411+00:00,unclassified,manual review
experiments/grocery10_electronic_retrieval_baselines,experiments/grocery10_electronic_retrieval_baselines/runs,efficientnet_b0_imagenet,experiments/grocery10_electronic_retrieval_baselines/runs/efficientnet_b0_imagenet,17,100000103,0.093132,2,99218185,1,best_train_loss_checkpoint.pt,true,true,2026-07-27T16:34:51.923645+00:00,formal_candidate,keep_best_checkpoints_and_metrics; review other checkpoints
experiments/grocery10_electronic_retrieval_baselines,experiments/grocery10_electronic_retrieval_baselines/runs,efficientnet_b0_smoke,experiments/grocery10_electronic_retrieval_baselines/runs/efficientnet_b0_smoke,17,99533006,0.092697,2,99218185,1,best_train_loss_checkpoint.pt,true,true,2026-07-27T16:20:16.671567+00:00,formal_candidate,keep_best_checkpoints_and_metrics; review other checkpoints
experiments/grocery10_electronic_retrieval_baselines,experiments/grocery10_electronic_retrieval_baselines/runs,mobilenet_v3_small_imagenet,experiments/grocery10_electronic_retrieval_baselines/runs/mobilenet_v3_small_imagenet,17,24479244,0.022798,2,23698574,1,best_train_loss_checkpoint.pt,true,true,2026-07-27T16:42:23.167503+00:00,formal_candidate,keep_best_checkpoints_and_metrics; review other checkpoints
experiments/grocery10_electronic_retrieval_baselines,experiments/grocery10_electronic_retrieval_baselines/runs,mobilenet_v3_small_smoke,experiments/grocery10_electronic_retrieval_baselines/runs/mobilenet_v3_small_smoke,17,24013582,0.022364,2,23698574,1,best_train_loss_checkpoint.pt,true,true,2026-07-27T16:20:24.027537+00:00,formal_candidate,keep_best_checkpoints_and_metrics; review other checkpoints
experiments/grocery10_electronic_retrieval_baselines,experiments/grocery10_electronic_retrieval_baselines/runs,resnet18_imagenet,experiments/grocery10_electronic_retrieval_baselines/runs/resnet18_imagenet,17,270094341,0.251545,2,269333876,1,best_train_loss_checkpoint.pt,true,true,2026-07-27T16:43:43.808841+00:00,formal_candidate,keep_best_checkpoints_and_metrics; review other checkpoints
experiments/grocery10_electronic_retrieval_baselines,experiments/grocery10_electronic_retrieval_baselines/runs,resnet18_smoke,experiments/grocery10_electronic_retrieval_baselines/runs/resnet18_smoke,17,269648270,0.251130,2,269333876,1,best_train_loss_checkpoint.pt,true,true,2026-07-27T16:20:07.151606+00:00,formal_candidate,keep_best_checkpoints_and_metrics; review other checkpoints
experiments/lgvq_four_stage_optical_electronic_109_no_attention_vqa,experiments/lgvq_four_stage_optical_electronic_109_no_attention_vqa/runs,lgvq_oeo109_alpha50,experiments/lgvq_four_stage_optical_electronic_109_no_attention_vqa/runs/lgvq_oeo109_alpha50,15,44292377,0.041250,2,43901236,1,best_observed_test_checkpoint.pt,true,true,2026-09-02T19:17:24.665148+00:00,formal_candidate,keep_best_checkpoints_and_metrics; review other checkpoints
experiments/lgvq_four_stage_optical_electronic_109_no_attention_vqa,experiments/lgvq_four_stage_optical_electronic_109_no_attention_vqa/runs,lgvq_oeo109_alpha50_kd,experiments/lgvq_four_stage_optical_electronic_109_no_attention_vqa/runs/lgvq_oeo109_alpha50_kd,14,44297675,0.041255,2,43902772,1,best_observed_test_checkpoint.pt,true,true,2026-09-02T16:03:26.989604+00:00,formal_candidate,keep_best_checkpoints_and_metrics; review other checkpoints
experiments/lgvq_four_stage_optical_electronic_109_no_attention_vqa,experiments/lgvq_four_stage_optical_electronic_109_no_attention_vqa/runs,lgvq_oeo109_alpha50_kd015,experiments/lgvq_four_stage_optical_electronic_109_no_attention_vqa/runs/lgvq_oeo109_alpha50_kd015,14,44297847,0.041256,2,43902836,1,best_observed_test_checkpoint.pt,true,true,2026-09-02T16:00:35.567134+00:00,formal_candidate,keep_best_checkpoints_and_metrics; review other checkpoints
experiments/lgvq_four_stage_optical_electronic_109_no_attention_vqa,experiments/lgvq_four_stage_optical_electronic_109_no_attention_vqa/runs,lgvq_oeo109_alpha50_kd035_center100_v2,experiments/lgvq_four_stage_optical_electronic_109_no_attention_vqa/runs/lgvq_oeo109_alpha50_kd035_center100_v2,14,55128659,0.051343,2,54733236,1,best_observed_test_checkpoint.pt,true,true,2026-09-02T16:23:53.520066+00:00,formal_candidate,keep_best_checkpoints_and_metrics; review other checkpoints
experiments/lgvq_four_stage_optical_electronic_109_no_attention_vqa,experiments/lgvq_four_stage_optical_electronic_109_no_attention_vqa/runs,lgvq_oeo109_alpha50_kd050,experiments/lgvq_four_stage_optical_electronic_109_no_attention_vqa/runs/lgvq_oeo109_alpha50_kd050,14,44297352,0.041255,2,43902836,1,best_observed_test_checkpoint.pt,true,true,2026-09-02T16:00:36.751122+00:00,formal_candidate,keep_best_checkpoints_and_metrics; review other checkpoints
experiments/lgvq_four_stage_optical_electronic_109_no_attention_vqa,experiments/lgvq_four_stage_optical_electronic_109_no_attention_vqa/runs,lgvq_oeo109_alpha50_kd075,experiments/lgvq_four_stage_optical_electronic_109_no_attention_vqa/runs/lgvq_oeo109_alpha50_kd075,14,44297762,0.041256,2,43902836,1,best_observed_test_checkpoint.pt,true,true,2026-09-02T16:03:24.281626+00:00,formal_candidate,keep_best_checkpoints_and_metrics; review other checkpoints
experiments/lgvq_four_stage_optical_electronic_109_no_attention_vqa,experiments/lgvq_four_stage_optical_electronic_109_no_attention_vqa/runs,lgvq_oeo109_alpha50_kd075_center100_v2,experiments/lgvq_four_stage_optical_electronic_109_no_attention_vqa/runs/lgvq_oeo109_alpha50_kd075_center100_v2,14,55127956,0.051342,2,54733236,1,best_observed_test_checkpoint.pt,true,true,2026-09-02T16:26:30.891250+00:00,formal_candidate,keep_best_checkpoints_and_metrics; review other checkpoints
experiments/lgvq_four_stage_optical_electronic_109_no_attention_vqa,experiments/lgvq_four_stage_optical_electronic_109_no_attention_vqa/runs,lgvq_oeo109_alpha50_kd075_center100_v3,experiments/lgvq_four_stage_optical_electronic_109_no_attention_vqa/runs/lgvq_oeo109_alpha50_kd075_center100_v3,14,41758243,0.038890,2,41363380,1,best_observed_test_checkpoint.pt,true,true,2026-09-02T16:49:26.240447+00:00,formal_candidate,keep_best_checkpoints_and_metrics; review other checkpoints
experiments/lgvq_four_stage_optical_electronic_109_no_attention_vqa,experiments/lgvq_four_stage_optical_electronic_109_no_attention_vqa/runs,lgvq_oeo109_alpha50_kd075_center100_v3_warmv1,experiments/lgvq_four_stage_optical_electronic_109_no_attention_vqa/runs/lgvq_oeo109_alpha50_kd075_center100_v3_warmv1,15,41776993,0.038908,2,41369140,1,best_observed_test_checkpoint.pt,true,true,2026-09-02T17:11:12.765943+00:00,formal_candidate,keep_best_checkpoints_and_metrics; review other checkpoints
experiments/lgvq_four_stage_optical_electronic_109_no_attention_vqa,experiments/lgvq_four_stage_optical_electronic_109_no_attention_vqa/runs,lgvq_oeo109_alpha50_kd075_center100_v3_warmv1_batch96,experiments/lgvq_four_stage_optical_electronic_109_no_attention_vqa/runs/lgvq_oeo109_alpha50_kd075_center100_v3_warmv1_batch96,15,41823322,0.038951,2,41369140,1,best_observed_test_checkpoint.pt,true,true,2026-09-02T17:21:22.546199+00:00,formal_candidate,keep_best_checkpoints_and_metrics; review other checkpoints
experiments/lgvq_four_stage_optical_electronic_109_no_attention_vqa,experiments/lgvq_four_stage_optical_electronic_109_no_attention_vqa/runs,lgvq_oeo109_alpha50_kd075_center100_v3_warmv1_seed43,experiments/lgvq_four_stage_optical_electronic_109_no_attention_vqa/runs/lgvq_oeo109_alpha50_kd075_center100_v3_warmv1_seed43,15,41777064,0.038908,2,41369140,1,best_observed_test_checkpoint.pt,true,true,2026-09-02T17:14:22.211080+00:00,formal_candidate,keep_best_checkpoints_and_metrics; review other checkpoints
experiments/lgvq_four_stage_optical_electronic_109_no_attention_vqa,experiments/lgvq_four_stage_optical_electronic_109_no_attention_vqa/runs,lgvq_oeo109_alpha50_kd075_center100_v3_warmv1_seed44,experiments/lgvq_four_stage_optical_electronic_109_no_attention_vqa/runs/lgvq_oeo109_alpha50_kd075_center100_v3_warmv1_seed44,15,41777127,0.038908,2,41369140,1,best_observed_test_checkpoint.pt,true,true,2026-09-02T17:13:34.407751+00:00,formal_candidate,keep_best_checkpoints_and_metrics; review other checkpoints
experiments/lgvq_four_stage_optical_electronic_109_no_attention_vqa,experiments/lgvq_four_stage_optical_electronic_109_no_attention_vqa/runs,lgvq_oeo109_alpha50_kd075_center100_v4stats,experiments/lgvq_four_stage_optical_electronic_109_no_attention_vqa/runs/lgvq_oeo109_alpha50_kd075_center100_v4stats,15,44455159,0.041402,2,44060340,1,best_observed_test_checkpoint.pt,true,true,2026-09-02T17:32:02.041834+00:00,formal_candidate,keep_best_checkpoints_and_metrics; review other checkpoints
experiments/lgvq_four_stage_optical_electronic_109_no_attention_vqa,experiments/lgvq_four_stage_optical_electronic_109_no_attention_vqa/runs,lgvq_oeo109_alpha50_kd075_center100_v4stats_spatial2,experiments/lgvq_four_stage_optical_electronic_109_no_attention_vqa/runs/lgvq_oeo109_alpha50_kd075_center100_v4stats_spatial2,15,44455948,0.041403,2,44060596,1,best_observed_test_checkpoint.pt,true,true,2026-09-02T17:35:51.845216+00:00,formal_candidate,keep_best_checkpoints_and_metrics; review other checkpoints
experiments/lgvq_four_stage_optical_electronic_109_no_attention_vqa,experiments/lgvq_four_stage_optical_electronic_109_no_attention_vqa/runs,lgvq_oeo109_alpha50_kd075_center100_v4stats_warmv1,experiments/lgvq_four_stage_optical_electronic_109_no_attention_vqa/runs/lgvq_oeo109_alpha50_kd075_center100_v4stats_warmv1,16,44476821,0.041422,2,44066356,1,best_observed_test_checkpoint.pt,true,true,2026-09-02T19:17:24.665148+00:00,formal_candidate,keep_best_checkpoints_and_metrics; review other checkpoints
experiments/lgvq_four_stage_optical_electronic_109_no_attention_vqa,experiments/lgvq_four_stage_optical_electronic_109_no_attention_vqa/runs,lgvq_oeo109_alpha50_kd075_center100_v4stats_warmv1_spatial2,experiments/lgvq_four_stage_optical_electronic_109_no_attention_vqa/runs/lgvq_oeo109_alpha50_kd075_center100_v4stats_warmv1_spatial2,2,4593,0.000004,0,0,0,,false,true,2026-09-02T19:17:24.665148+00:00,unclassified,manual review
experiments/lgvq_four_stage_optical_electronic_109_no_attention_vqa,experiments/lgvq_four_stage_optical_electronic_109_no_attention_vqa/runs,lgvq_oeo109_alpha50_kd075_corr1_center100_v3,experiments/lgvq_four_stage_optical_electronic_109_no_attention_vqa/runs/lgvq_oeo109_alpha50_kd075_corr1_center100_v3,14,41757812,0.038890,2,41363380,1,best_observed_test_checkpoint.pt,true,true,2026-09-02T16:59:01.394740+00:00,formal_candidate,keep_best_checkpoints_and_metrics; review other checkpoints
experiments/lgvq_four_stage_optical_electronic_109_no_attention_vqa,experiments/lgvq_four_stage_optical_electronic_109_no_attention_vqa/runs,lgvq_oeo109_alpha50_kd075_corr1_center100_v3_warmv1,experiments/lgvq_four_stage_optical_electronic_109_no_attention_vqa/runs/lgvq_oeo109_alpha50_kd075_corr1_center100_v3_warmv1,15,41777014,0.038908,2,41369140,1,best_observed_test_checkpoint.pt,true,true,2026-09-02T17:14:22.859071+00:00,formal_candidate,keep_best_checkpoints_and_metrics; review other checkpoints
experiments/lgvq_four_stage_optical_electronic_109_no_attention_vqa,experiments/lgvq_four_stage_optical_electronic_109_no_attention_vqa/runs,lgvq_oeo109_alpha50_kd075_corr1_center65_v3,experiments/lgvq_four_stage_optical_electronic_109_no_attention_vqa/runs/lgvq_oeo109_alpha50_kd075_corr1_center65_v3,14,41758229,0.038890,2,41363380,1,best_observed_test_checkpoint.pt,true,true,2026-09-02T16:59:54.628334+00:00,formal_candidate,keep_best_checkpoints_and_metrics; review other checkpoints
experiments/lgvq_four_stage_optical_electronic_109_no_attention_vqa,experiments/lgvq_four_stage_optical_electronic_109_no_attention_vqa/runs,lgvq_oeo109_alpha50_kd075_lr5e4_v3,experiments/lgvq_four_stage_optical_electronic_109_no_attention_vqa/runs/lgvq_oeo109_alpha50_kd075_lr5e4_v3,14,41759115,0.038891,2,41363380,1,best_observed_test_checkpoint.pt,true,true,2026-09-02T16:49:33.144461+00:00,formal_candidate,keep_best_checkpoints_and_metrics; review other checkpoints
experiments/lgvq_four_stage_optical_electronic_109_no_attention_vqa,experiments/lgvq_four_stage_optical_electronic_109_no_attention_vqa/runs,lgvq_oeo109_alpha50_kd075_seed43_v2,experiments/lgvq_four_stage_optical_electronic_109_no_attention_vqa/runs/lgvq_oeo109_alpha50_kd075_seed43_v2,14,55128549,0.051342,2,54733172,1,best_observed_test_checkpoint.pt,true,true,2026-09-02T16:23:38.687715+00:00,formal_candidate,keep_best_checkpoints_and_metrics; review other checkpoints
experiments/lgvq_four_stage_optical_electronic_109_no_attention_vqa,experiments/lgvq_four_stage_optical_electronic_109_no_attention_vqa/runs,lgvq_oeo109_alpha50_kd075_seed43_v3,experiments/lgvq_four_stage_optical_electronic_109_no_attention_vqa/runs/lgvq_oeo109_alpha50_kd075_seed43_v3,14,41758179,0.038890,2,41363380,1,best_observed_test_checkpoint.pt,true,true,2026-09-02T16:46:04.635972+00:00,formal_candidate,keep_best_checkpoints_and_metrics; review other checkpoints
experiments/lgvq_four_stage_optical_electronic_109_no_attention_vqa,experiments/lgvq_four_stage_optical_electronic_109_no_attention_vqa/runs,lgvq_oeo109_alpha50_kd075_v2,experiments/lgvq_four_stage_optical_electronic_109_no_attention_vqa/runs/lgvq_oeo109_alpha50_kd075_v2,14,55128415,0.051342,2,54733172,1,best_observed_test_checkpoint.pt,true,true,2026-09-02T16:23:50.988007+00:00,formal_candidate,keep_best_checkpoints_and_metrics; review other checkpoints
experiments/lgvq_four_stage_optical_electronic_109_no_attention_vqa,experiments/lgvq_four_stage_optical_electronic_109_no_attention_vqa/runs,lgvq_oeo109_alpha50_kd075_v3,experiments/lgvq_four_stage_optical_electronic_109_no_attention_vqa/runs/lgvq_oeo109_alpha50_kd075_v3,15,41759547,0.038892,2,41363380,1,best_observed_test_checkpoint.pt,true,true,2026-09-02T19:17:24.665148+00:00,formal_candidate,keep_best_checkpoints_and_metrics; review other checkpoints
experiments/lgvq_four_stage_optical_electronic_109_no_attention_vqa,experiments/lgvq_four_stage_optical_electronic_109_no_attention_vqa/runs,lgvq_oeo109_alpha50_kd075_v3_warmv1,experiments/lgvq_four_stage_optical_electronic_109_no_attention_vqa/runs/lgvq_oeo109_alpha50_kd075_v3_warmv1,15,41777449,0.038908,2,41369012,1,best_observed_test_checkpoint.pt,true,true,2026-09-02T17:11:03.154104+00:00,formal_candidate,keep_best_checkpoints_and_metrics; review other checkpoints
experiments/lgvq_four_stage_optical_electronic_109_no_attention_vqa,experiments/lgvq_four_stage_optical_electronic_109_no_attention_vqa/runs,lgvq_oeo109_alpha50_kd150_center100_v3,experiments/lgvq_four_stage_optical_electronic_109_no_attention_vqa/runs/lgvq_oeo109_alpha50_kd150_center100_v3,15,41758716,0.038891,2,41363636,1,best_observed_test_checkpoint.pt,true,true,2026-09-02T17:25:57.619628+00:00,formal_candidate,keep_best_checkpoints_and_metrics; review other checkpoints
experiments/lgvq_four_stage_optical_electronic_109_no_attention_vqa,experiments/lgvq_four_stage_optical_electronic_109_no_attention_vqa/runs,lgvq_oeo109_alpha50_kd150_center100_v4stats,experiments/lgvq_four_stage_optical_electronic_109_no_attention_vqa/runs/lgvq_oeo109_alpha50_kd150_center100_v4stats,15,44455364,0.041402,2,44060340,1,best_observed_test_checkpoint.pt,true,true,2026-09-02T17:31:49.829856+00:00,formal_candidate,keep_best_checkpoints_and_metrics; review other checkpoints
experiments/lgvq_four_stage_optical_electronic_109_no_attention_vqa,experiments/lgvq_four_stage_optical_electronic_109_no_attention_vqa/runs,lgvq_oeo109_alpha50_kd150_center100_v4stats_epoch200,experiments/lgvq_four_stage_optical_electronic_109_no_attention_vqa/runs/lgvq_oeo109_alpha50_kd150_center100_v4stats_epoch200,7,22141564,0.020621,1,22032876,1,best_observed_test_checkpoint.pt,true,true,2026-09-02T17:55:41.639287+00:00,formal_candidate,keep_best_checkpoints_and_metrics; review other checkpoints
experiments/lgvq_four_stage_optical_electronic_109_no_attention_vqa,experiments/lgvq_four_stage_optical_electronic_109_no_attention_vqa/runs,lgvq_oeo109_alpha50_kd150_center100_v4stats_spatial2,experiments/lgvq_four_stage_optical_electronic_109_no_attention_vqa/runs/lgvq_oeo109_alpha50_kd150_center100_v4stats_spatial2,15,44455857,0.041403,2,44060596,1,best_observed_test_checkpoint.pt,true,true,2026-09-02T17:49:51.121262+00:00,formal_candidate,keep_best_checkpoints_and_metrics; review other checkpoints
experiments/lgvq_four_stage_optical_electronic_109_no_attention_vqa,experiments/lgvq_four_stage_optical_electronic_109_no_attention_vqa/runs,lgvq_oeo109_alpha50_kd300_center100_v3,experiments/lgvq_four_stage_optical_electronic_109_no_attention_vqa/runs/lgvq_oeo109_alpha50_kd300_center100_v3,15,41758571,0.038891,2,41363636,1,best_observed_test_checkpoint.pt,true,true,2026-09-02T19:17:24.665148+00:00,formal_candidate,keep_best_checkpoints_and_metrics; review other checkpoints
experiments/lgvq_four_stage_optical_electronic_109_no_attention_vqa,experiments/lgvq_four_stage_optical_electronic_109_no_attention_vqa/runs,lgvq_oeo109_alpha50_kd300_center100_v3_epoch200,experiments/lgvq_four_stage_optical_electronic_109_no_attention_vqa/runs/lgvq_oeo109_alpha50_kd300_center100_v3_epoch200,7,20796487,0.019368,1,20684476,1,best_observed_test_checkpoint.pt,true,true,2026-09-02T17:55:41.631287+00:00,formal_candidate,keep_best_checkpoints_and_metrics; review other checkpoints
experiments/lgvq_four_stage_optical_electronic_109_no_attention_vqa,experiments/lgvq_four_stage_optical_electronic_109_no_attention_vqa/runs,lgvq_oeo109_alpha50_kd300_center100_v3_seed43,experiments/lgvq_four_stage_optical_electronic_109_no_attention_vqa/runs/lgvq_oeo109_alpha50_kd300_center100_v3_seed43,15,41759064,0.038891,2,41363764,1,best_observed_test_checkpoint.pt,true,true,2026-09-02T17:41:19.207886+00:00,formal_candidate,keep_best_checkpoints_and_metrics; review other checkpoints
experiments/lgvq_four_stage_optical_electronic_109_no_attention_vqa,experiments/lgvq_four_stage_optical_electronic_109_no_attention_vqa/runs,lgvq_oeo109_alpha50_kd300_center100_v3_spatial2,experiments/lgvq_four_stage_optical_electronic_109_no_attention_vqa/runs/lgvq_oeo109_alpha50_kd300_center100_v3_spatial2,15,41758993,0.038891,2,41363828,1,best_observed_test_checkpoint.pt,true,true,2026-09-02T17:40:01.596236+00:00,formal_candidate,keep_best_checkpoints_and_metrics; review other checkpoints
experiments/lgvq_four_stage_optical_electronic_109_no_attention_vqa,experiments/lgvq_four_stage_optical_electronic_109_no_attention_vqa/runs,lgvq_oeo109_alpha50_kd300_center100_v4stats,experiments/lgvq_four_stage_optical_electronic_109_no_attention_vqa/runs/lgvq_oeo109_alpha50_kd300_center100_v4stats,15,44455893,0.041403,2,44060596,1,best_observed_test_checkpoint.pt,true,true,2026-09-02T17:48:42.289637+00:00,formal_candidate,keep_best_checkpoints_and_metrics; review other checkpoints
experiments/lgvq_four_stage_optical_electronic_109_no_attention_vqa,experiments/lgvq_four_stage_optical_electronic_109_no_attention_vqa/runs,lgvq_oeo109_alpha50_kd300_center100_v4stats_spatial2,experiments/lgvq_four_stage_optical_electronic_109_no_attention_vqa/runs/lgvq_oeo109_alpha50_kd300_center100_v4stats_spatial2,15,44455835,0.041403,2,44060596,1,best_observed_test_checkpoint.pt,true,true,2026-09-02T17:51:03.872860+00:00,formal_candidate,keep_best_checkpoints_and_metrics; review other checkpoints
experiments/lgvq_four_stage_optical_electronic_109_no_attention_vqa,experiments/lgvq_four_stage_optical_electronic_109_no_attention_vqa/runs,lgvq_oeo109_alpha50_kd600_center100_v3,experiments/lgvq_four_stage_optical_electronic_109_no_attention_vqa/runs/lgvq_oeo109_alpha50_kd600_center100_v3,15,41758633,0.038891,2,41363764,1,best_observed_test_checkpoint.pt,true,true,2026-09-02T17:39:50.624284+00:00,formal_candidate,keep_best_checkpoints_and_metrics; review other checkpoints
experiments/lgvq_four_stage_optical_electronic_109_no_attention_vqa,experiments/lgvq_four_stage_optical_electronic_109_no_attention_vqa/runs,lgvq_oeo109_alpha50_kd_v3,experiments/lgvq_four_stage_optical_electronic_109_no_attention_vqa/runs/lgvq_oeo109_alpha50_kd_v3,6,20777579,0.019351,1,20684220,1,best_observed_test_checkpoint.pt,true,true,2026-09-02T16:44:59.871793+00:00,formal_candidate,keep_best_checkpoints_and_metrics; review other checkpoints
experiments/lgvq_four_stage_optical_electronic_109_no_attention_vqa,experiments/lgvq_four_stage_optical_electronic_109_no_attention_vqa/runs,lgvq_oeo109_alpha50_seed43,experiments/lgvq_four_stage_optical_electronic_109_no_attention_vqa/runs/lgvq_oeo109_alpha50_seed43,14,44290575,0.041249,2,43901236,1,best_observed_test_checkpoint.pt,true,true,2026-09-02T15:28:19.998478+00:00,formal_candidate,keep_best_checkpoints_and_metrics; review other checkpoints
experiments/lgvq_four_stage_optical_electronic_109_no_attention_vqa,experiments/lgvq_four_stage_optical_electronic_109_no_attention_vqa/runs,lgvq_oeo109_alpha50_seed44,experiments/lgvq_four_stage_optical_electronic_109_no_attention_vqa/runs/lgvq_oeo109_alpha50_seed44,14,44290840,0.041249,2,43901236,1,best_observed_test_checkpoint.pt,true,true,2026-09-02T15:31:01.865169+00:00,formal_candidate,keep_best_checkpoints_and_metrics; review other checkpoints
experiments/lgvq_four_stage_optical_electronic_109_no_attention_vqa,experiments/lgvq_four_stage_optical_electronic_109_no_attention_vqa/runs,lgvq_oeo109_alpha50_v2,experiments/lgvq_four_stage_optical_electronic_109_no_attention_vqa/runs/lgvq_oeo109_alpha50_v2,2,4013,0.000004,0,0,0,,false,true,2026-09-02T19:17:24.665148+00:00,unclassified,manual review
experiments/lgvq_four_stage_optical_electronic_109_no_attention_vqa,experiments/lgvq_four_stage_optical_electronic_109_no_attention_vqa/runs,lgvq_oeo109_alpha50_v3,experiments/lgvq_four_stage_optical_electronic_109_no_attention_vqa/runs/lgvq_oeo109_alpha50_v3,2,4061,0.000004,0,0,0,,false,true,2026-09-02T16:49:22+00:00,unclassified,manual review
experiments/lgvq_four_stage_optical_electronic_109_no_attention_vqa,experiments/lgvq_four_stage_optical_electronic_109_no_attention_vqa/runs,lgvq_oeo109_alpha65_kd015,experiments/lgvq_four_stage_optical_electronic_109_no_attention_vqa/runs/lgvq_oeo109_alpha65_kd015,14,44297202,0.041255,2,43902836,1,best_observed_test_checkpoint.pt,true,true,2026-09-02T16:06:13.708299+00:00,formal_candidate,keep_best_checkpoints_and_metrics; review other checkpoints
experiments/lgvq_four_stage_optical_electronic_109_no_attention_vqa,experiments/lgvq_four_stage_optical_electronic_109_no_attention_vqa/runs,lgvq_oeo109_alpha65_kd075_center100_v2,experiments/lgvq_four_stage_optical_electronic_109_no_attention_vqa/runs/lgvq_oeo109_alpha65_kd075_center100_v2,14,55128699,0.051343,2,54733236,1,best_observed_test_checkpoint.pt,true,true,2026-09-02T16:26:35.135324+00:00,formal_candidate,keep_best_checkpoints_and_metrics; review other checkpoints
experiments/lgvq_four_stage_optical_electronic_109_no_attention_vqa,experiments/lgvq_four_stage_optical_electronic_109_no_attention_vqa/runs,lgvq_oeo109_alpha65_kd075_center100_v3,experiments/lgvq_four_stage_optical_electronic_109_no_attention_vqa/runs/lgvq_oeo109_alpha65_kd075_center100_v3,14,41758181,0.038890,2,41363380,1,best_observed_test_checkpoint.pt,true,true,2026-09-02T16:49:27.408449+00:00,formal_candidate,keep_best_checkpoints_and_metrics; review other checkpoints
experiments/optical_mlp_mixer_moe9_imagenet1k_clip_distill,experiments/optical_mlp_mixer_moe9_imagenet1k_clip_distill/runs,optical_mlp_mixer_moe9_imagenet1k_clip_distill,experiments/optical_mlp_mixer_moe9_imagenet1k_clip_distill/runs/optical_mlp_mixer_moe9_imagenet1k_clip_distill,3631,28260427492,26.319574,1769,22395766473,1,checkpoints/best.pt,false,false,2026-07-26T07:40:45.923114+00:00,checkpoint_without_clear_best,manual review before pruning
experiments/qwen3_vl_2b_bdd100k_timeofday3_optical_fullstack4_token64_residual,experiments/qwen3_vl_2b_bdd100k_timeofday3_optical_fullstack4_token64_residual/runs,qwen3_vl_2b_bdd100k_timeofday3_optical_fullstack4_token64,experiments/qwen3_vl_2b_bdd100k_timeofday3_optical_fullstack4_token64_residual/runs/qwen3_vl_2b_bdd100k_timeofday3_optical_fullstack4_token64,141,50943912,0.047445,7,28682600,3,checkpoints/language_optical_stack_best.pt|checkpoints/student_mlp_best.pt|checkpoints/vision_optical_stack_best.pt,false,false,2026-07-29T13:50:39.769416+00:00,checkpoint_without_clear_best,manual review before pruning
experiments/qwen3_vl_2b_bdd100k_timeofday3_optical_fullstack4_token64_residual,experiments/qwen3_vl_2b_bdd100k_timeofday3_optical_fullstack4_token64_residual/runs,qwen3_vl_2b_bdd100k_timeofday3_optical_fullstack4_token64_residual,experiments/qwen3_vl_2b_bdd100k_timeofday3_optical_fullstack4_token64_residual/runs/qwen3_vl_2b_bdd100k_timeofday3_optical_fullstack4_token64_residual,141,51180118,0.047665,7,28682728,3,checkpoints/language_optical_stack_best.pt|checkpoints/student_mlp_best.pt|checkpoints/vision_optical_stack_best.pt,false,false,2026-07-29T13:51:25.893266+00:00,checkpoint_without_clear_best,manual review before pruning
experiments/qwen3_vl_2b_cifar10_vision_homogeneous_moe9,experiments/qwen3_vl_2b_cifar10_vision_homogeneous_moe9/runs,qwen3_vl_2b_cifar10_vision_homogeneous_moe9,experiments/qwen3_vl_2b_cifar10_vision_homogeneous_moe9/runs/qwen3_vl_2b_cifar10_vision_homogeneous_moe9,3893,2393851085,2.229448,1048,850175789,4,checkpoints/student_head_best.pt|checkpoints/vision_homogeneous_moe_best.pt|hardware_last_stage_oneshot/student_package/checkpoints/student_head_best.pt|hardware_last_stage_oneshot/student_package/checkpoints/vision_homogeneous_moe_best.pt,false,false,2026-07-29T13:52:30.721048+00:00,checkpoint_without_clear_best,manual review before pruning
experiments/qwen3_vl_2b_cifar10_vision_homogeneous_moe9,experiments/qwen3_vl_2b_cifar10_vision_homogeneous_moe9/runs,qwen3_vl_2b_cifar10_vision_homogeneous_moe9_batch_8,experiments/qwen3_vl_2b_cifar10_vision_homogeneous_moe9/runs/qwen3_vl_2b_cifar10_vision_homogeneous_moe9_batch_8,3894,2482819884,2.312306,1048,850174204,4,checkpoints/student_head_best.pt|checkpoints/vision_homogeneous_moe_best.pt|hardware_last_stage_oneshot/student_package/checkpoints/student_head_best.pt|hardware_last_stage_oneshot/student_package/checkpoints/vision_homogeneous_moe_best.pt,false,false,2026-07-29T13:52:35.817031+00:00,checkpoint_without_clear_best,manual review before pruning
experiments/qwen3_vl_2b_cifar10_vision_homogeneous_moe9,experiments/qwen3_vl_2b_cifar10_vision_homogeneous_moe9/runs,qwen3_vl_2b_cifar10_vision_homogeneous_moe9_nodropout,experiments/qwen3_vl_2b_cifar10_vision_homogeneous_moe9/runs/qwen3_vl_2b_cifar10_vision_homogeneous_moe9_nodropout,1181,809399855,0.753812,145,80747248,2,checkpoints/student_head_best.pt|checkpoints/vision_homogeneous_moe_best.pt,false,false,2026-07-29T13:52:41.949009+00:00,checkpoint_without_clear_best,manual review before pruning
experiments/qwen3_vl_2b_flickr30k_image_text_matching_multimodal_homogeneous_moe9,experiments/qwen3_vl_2b_flickr30k_image_text_matching_multimodal_homogeneous_moe9/runs,qwen3_vl_2b_flickr30k_itm_vision_electronic_language_homogeneous_moe9,experiments/qwen3_vl_2b_flickr30k_image_text_matching_multimodal_homogeneous_moe9/runs/qwen3_vl_2b_flickr30k_itm_vision_electronic_language_homogeneous_moe9,59,108279641,0.100843,25,53438240,2,checkpoints/student_head_best.pt|checkpoints/vision_moe_best.pt,true,false,2026-07-29T13:48:36.013787+00:00,formal_candidate,keep_best_checkpoints_and_metrics; review other checkpoints
experiments/qwen3_vl_2b_flickr30k_image_text_matching_multimodal_homogeneous_moe9,experiments/qwen3_vl_2b_flickr30k_image_text_matching_multimodal_homogeneous_moe9/runs,qwen3_vl_2b_flickr30k_itm_vision_language_homogeneous_moe9,experiments/qwen3_vl_2b_flickr30k_image_text_matching_multimodal_homogeneous_moe9/runs/qwen3_vl_2b_flickr30k_itm_vision_language_homogeneous_moe9,79,197202333,0.183659,37,118353624,3,checkpoints/language_moe_best.pt|checkpoints/student_head_best.pt|checkpoints/vision_moe_best.pt,true,false,2026-07-29T13:49:18.889663+00:00,formal_candidate,keep_best_checkpoints_and_metrics; review other checkpoints
experiments/qwen3_vl_2b_flickr30k_image_text_matching_multimodal_homogeneous_moe9,experiments/qwen3_vl_2b_flickr30k_image_text_matching_multimodal_homogeneous_moe9/runs,qwen3_vl_2b_flickr30k_itm_vision_language_homogeneous_moe9_smoke,experiments/qwen3_vl_2b_flickr30k_image_text_matching_multimodal_homogeneous_moe9/runs/qwen3_vl_2b_flickr30k_itm_vision_language_homogeneous_moe9_smoke,31,29642153,0.027606,10,29601396,3,checkpoints/language_moe_best.pt|checkpoints/student_head_best.pt|checkpoints/vision_moe_best.pt,true,false,2026-07-29T13:49:37.649608+00:00,formal_candidate,keep_best_checkpoints_and_metrics; review other checkpoints
experiments/qwen3_vl_2b_kadid10k_mos_multimodal_electronic_router_moe16_224,experiments/qwen3_vl_2b_kadid10k_mos_multimodal_electronic_router_moe16_224/runs,qwen3_vl_2b_kadid10k_mos_multimodal_electronic_router_moe16_224,experiments/qwen3_vl_2b_kadid10k_mos_multimodal_electronic_router_moe16_224/runs/qwen3_vl_2b_kadid10k_mos_multimodal_electronic_router_moe16_224,193,1388961967,1.293572,108,1369211142,3,checkpoints/language_moe_best.pt|checkpoints/student_head_best.pt|checkpoints/vision_moe_best.pt,false,false,2026-07-26T19:38:42.629469+00:00,checkpoint_without_clear_best,manual review before pruning
experiments/qwen3_vl_2b_kadid10k_mos_multimodal_electronic_router_moe16_224,experiments/qwen3_vl_2b_kadid10k_mos_multimodal_electronic_router_moe16_224/runs,qwen3_vl_2b_kadid10k_mos_multimodal_electronic_router_moe16_224_smoke,experiments/qwen3_vl_2b_kadid10k_mos_multimodal_electronic_router_moe16_224/runs/qwen3_vl_2b_kadid10k_mos_multimodal_electronic_router_moe16_224_smoke,4,11321,0.000011,0,0,0,,false,false,2026-07-26T17:55:24.110034+00:00,unclassified,manual review
experiments/qwen3_vl_2b_kadid10k_mos_multimodal_electronic_router_moe16_224,experiments/qwen3_vl_2b_kadid10k_mos_multimodal_electronic_router_moe16_224/runs,qwen3_vl_2b_kadid10k_mos_multimodal_electronic_router_moe16_224_task_driven_no_sam_no_wd,experiments/qwen3_vl_2b_kadid10k_mos_multimodal_electronic_router_moe16_224/runs/qwen3_vl_2b_kadid10k_mos_multimodal_electronic_router_moe16_224_task_driven_no_sam_no_wd,6,16110,0.000015,0,0,0,,false,false,2026-07-27T10:12:51.960836+00:00,unclassified,manual review
experiments/qwen3_vl_2b_lgvq_o2_109_highalpha_vqa,experiments/qwen3_vl_2b_lgvq_o2_109_highalpha_vqa/runs,o2_109_alpha20,experiments/qwen3_vl_2b_lgvq_o2_109_highalpha_vqa/runs/o2_109_alpha20,13,80905341,0.075349,2,80682902,1,best_observed_test_checkpoint.pt,true,true,2026-09-02T13:23:10.927709+00:00,formal_candidate,keep_best_checkpoints_and_metrics; review other checkpoints
experiments/qwen3_vl_2b_lgvq_o2_109_highalpha_vqa,experiments/qwen3_vl_2b_lgvq_o2_109_highalpha_vqa/runs,o2_109_alpha35,experiments/qwen3_vl_2b_lgvq_o2_109_highalpha_vqa/runs/o2_109_alpha35,13,80904011,0.075348,2,80681908,1,best_observed_test_checkpoint.pt,true,true,2026-09-02T13:27:29.623244+00:00,formal_candidate,keep_best_checkpoints_and_metrics; review other checkpoints
experiments/qwen3_vl_2b_lgvq_o2_109_highalpha_vqa,experiments/qwen3_vl_2b_lgvq_o2_109_highalpha_vqa/runs,o2_109_alpha50,experiments/qwen3_vl_2b_lgvq_o2_109_highalpha_vqa/runs/o2_109_alpha50,15,121205037,0.112881,3,121029812,2,best_observed_test_checkpoint.pt|best_reference_compliant_checkpoint.pt,true,true,2026-09-02T13:42:40.145343+00:00,formal_candidate,keep_best_checkpoints_and_metrics; review other checkpoints
experiments/qwen3_vl_2b_lgvq_o2_109_highalpha_vqa,experiments/qwen3_vl_2b_lgvq_o2_109_highalpha_vqa/runs,o2_109_alpha50_initial_complete,experiments/qwen3_vl_2b_lgvq_o2_109_highalpha_vqa/runs/o2_109_alpha50_initial_complete,13,80904444,0.075348,2,80681908,1,best_observed_test_checkpoint.pt,true,true,2026-09-02T13:31:01.673522+00:00,formal_candidate,keep_best_checkpoints_and_metrics; review other checkpoints
experiments/qwen3_vl_2b_lgvq_o2_109_highalpha_vqa,experiments/qwen3_vl_2b_lgvq_o2_109_highalpha_vqa/runs,o2_109_alpha65,experiments/qwen3_vl_2b_lgvq_o2_109_highalpha_vqa/runs/o2_109_alpha65,13,80904931,0.075349,2,80681908,1,best_observed_test_checkpoint.pt,true,true,2026-09-02T13:47:34.630833+00:00,formal_candidate,keep_best_checkpoints_and_metrics; review other checkpoints
experiments/qwen3_vl_2b_lgvq_single_metric_o2_16frame_54,experiments/qwen3_vl_2b_lgvq_single_metric_o2_16frame_54/runs,_logs_spatial_tune,experiments/qwen3_vl_2b_lgvq_single_metric_o2_16frame_54/runs/_logs_spatial_tune,124,795095,0.000740,0,0,0,,false,false,2026-09-03T15:54:34.135257+00:00,unclassified,manual review
experiments/qwen3_vl_2b_lgvq_single_metric_o2_16frame_54,experiments/qwen3_vl_2b_lgvq_single_metric_o2_16frame_54/runs,deep_kd_r050_w05,experiments/qwen3_vl_2b_lgvq_single_metric_o2_16frame_54/runs/deep_kd_r050_w05,1,42456,0.000040,0,0,0,,false,false,2026-09-03T12:18:40.642262+00:00,unclassified,manual review
experiments/qwen3_vl_2b_lgvq_single_metric_o2_16frame_54,experiments/qwen3_vl_2b_lgvq_single_metric_o2_16frame_54/runs,deep_kd_r050_w3,experiments/qwen3_vl_2b_lgvq_single_metric_o2_16frame_54/runs/deep_kd_r050_w3,1,39578,0.000037,0,0,0,,false,false,2026-09-03T12:18:40.698261+00:00,unclassified,manual review
experiments/qwen3_vl_2b_lgvq_single_metric_o2_16frame_54,experiments/qwen3_vl_2b_lgvq_single_metric_o2_16frame_54/runs,deep_kd_r100_w1,experiments/qwen3_vl_2b_lgvq_single_metric_o2_16frame_54/runs/deep_kd_r100_w1,1,29829,0.000028,0,0,0,,false,false,2026-09-03T12:18:40.262264+00:00,unclassified,manual review
experiments/qwen3_vl_2b_lgvq_single_metric_o2_16frame_54,experiments/qwen3_vl_2b_lgvq_single_metric_o2_16frame_54/runs,deep_kd_r100_w10,experiments/qwen3_vl_2b_lgvq_single_metric_o2_16frame_54/runs/deep_kd_r100_w10,1,29406,0.000027,0,0,0,,false,false,2026-09-03T12:18:40.378264+00:00,unclassified,manual review
experiments/qwen3_vl_2b_lgvq_single_metric_o2_16frame_54,experiments/qwen3_vl_2b_lgvq_single_metric_o2_16frame_54/runs,deep_kd_r100_w3,experiments/qwen3_vl_2b_lgvq_single_metric_o2_16frame_54/runs/deep_kd_r100_w3,1,40794,0.000038,0,0,0,,false,false,2026-09-03T12:18:40.686261+00:00,unclassified,manual review
experiments/qwen3_vl_2b_lgvq_single_metric_o2_16frame_54,experiments/qwen3_vl_2b_lgvq_single_metric_o2_16frame_54/runs,deep_kd_r200_w3,experiments/qwen3_vl_2b_lgvq_single_metric_o2_16frame_54/runs/deep_kd_r200_w3,1,40774,0.000038,0,0,0,,false,false,2026-09-03T12:18:40.562262+00:00,unclassified,manual review
experiments/qwen3_vl_2b_lgvq_single_metric_o2_16frame_54,experiments/qwen3_vl_2b_lgvq_single_metric_o2_16frame_54/runs,deep_r050_a,experiments/qwen3_vl_2b_lgvq_single_metric_o2_16frame_54/runs/deep_r050_a,0,0,0.000000,0,0,0,,false,false,2026-09-03T12:07:26.205876+00:00,unclassified,manual review
experiments/qwen3_vl_2b_lgvq_single_metric_o2_16frame_54,experiments/qwen3_vl_2b_lgvq_single_metric_o2_16frame_54/runs,deep_r050_a_v2,experiments/qwen3_vl_2b_lgvq_single_metric_o2_16frame_54/runs/deep_r050_a_v2,0,0,0.000000,0,0,0,,false,false,2026-09-03T12:10:15.951219+00:00,unclassified,manual review
experiments/qwen3_vl_2b_lgvq_single_metric_o2_16frame_54,experiments/qwen3_vl_2b_lgvq_single_metric_o2_16frame_54/runs,deep_r050_a_v3,experiments/qwen3_vl_2b_lgvq_single_metric_o2_16frame_54/runs/deep_r050_a_v3,0,0,0.000000,0,0,0,,false,false,2026-09-03T12:12:39.305452+00:00,unclassified,manual review
experiments/qwen3_vl_2b_lgvq_single_metric_o2_16frame_54,experiments/qwen3_vl_2b_lgvq_single_metric_o2_16frame_54/runs,deep_r050_a_v4,experiments/qwen3_vl_2b_lgvq_single_metric_o2_16frame_54/runs/deep_r050_a_v4,1,38365,0.000036,0,0,0,,false,false,2026-09-03T12:15:51.483576+00:00,unclassified,manual review
experiments/qwen3_vl_2b_lgvq_single_metric_o2_16frame_54,experiments/qwen3_vl_2b_lgvq_single_metric_o2_16frame_54/runs,deep_r100_a,experiments/qwen3_vl_2b_lgvq_single_metric_o2_16frame_54/runs/deep_r100_a,0,0,0.000000,0,0,0,,false,false,2026-09-03T12:07:26.353873+00:00,unclassified,manual review
experiments/qwen3_vl_2b_lgvq_single_metric_o2_16frame_54,experiments/qwen3_vl_2b_lgvq_single_metric_o2_16frame_54/runs,deep_r100_a_v2,experiments/qwen3_vl_2b_lgvq_single_metric_o2_16frame_54/runs/deep_r100_a_v2,0,0,0.000000,0,0,0,,false,false,2026-09-03T12:10:16.011219+00:00,unclassified,manual review
experiments/qwen3_vl_2b_lgvq_single_metric_o2_16frame_54,experiments/qwen3_vl_2b_lgvq_single_metric_o2_16frame_54/runs,deep_r100_a_v3,experiments/qwen3_vl_2b_lgvq_single_metric_o2_16frame_54/runs/deep_r100_a_v3,1,666,0.000001,0,0,0,,false,false,2026-09-03T12:13:46.936736+00:00,unclassified,manual review
experiments/qwen3_vl_2b_lgvq_single_metric_o2_16frame_54,experiments/qwen3_vl_2b_lgvq_single_metric_o2_16frame_54/runs,deep_r100_a_v4,experiments/qwen3_vl_2b_lgvq_single_metric_o2_16frame_54/runs/deep_r100_a_v4,1,36423,0.000034,0,0,0,,false,false,2026-09-03T12:15:51.503576+00:00,unclassified,manual review
experiments/qwen3_vl_2b_lgvq_single_metric_o2_16frame_54,experiments/qwen3_vl_2b_lgvq_single_metric_o2_16frame_54/runs,deep_r100_fast,experiments/qwen3_vl_2b_lgvq_single_metric_o2_16frame_54/runs/deep_r100_fast,0,0,0.000000,0,0,0,,false,false,2026-09-03T12:07:26.433872+00:00,unclassified,manual review
experiments/qwen3_vl_2b_lgvq_single_metric_o2_16frame_54,experiments/qwen3_vl_2b_lgvq_single_metric_o2_16frame_54/runs,deep_r100_fast_v2,experiments/qwen3_vl_2b_lgvq_single_metric_o2_16frame_54/runs/deep_r100_fast_v2,0,0,0.000000,0,0,0,,false,false,2026-09-03T12:10:16.235215+00:00,unclassified,manual review
experiments/qwen3_vl_2b_lgvq_single_metric_o2_16frame_54,experiments/qwen3_vl_2b_lgvq_single_metric_o2_16frame_54/runs,deep_r100_fast_v3,experiments/qwen3_vl_2b_lgvq_single_metric_o2_16frame_54/runs/deep_r100_fast_v3,0,0,0.000000,0,0,0,,false,false,2026-09-03T12:12:39.341452+00:00,unclassified,manual review
experiments/qwen3_vl_2b_lgvq_single_metric_o2_16frame_54,experiments/qwen3_vl_2b_lgvq_single_metric_o2_16frame_54/runs,deep_r100_fast_v4,experiments/qwen3_vl_2b_lgvq_single_metric_o2_16frame_54/runs/deep_r100_fast_v4,1,37194,0.000035,0,0,0,,false,false,2026-09-03T12:15:51.383577+00:00,unclassified,manual review
experiments/qwen3_vl_2b_lgvq_single_metric_o2_16frame_54,experiments/qwen3_vl_2b_lgvq_single_metric_o2_16frame_54/runs,deep_r100_rank,experiments/qwen3_vl_2b_lgvq_single_metric_o2_16frame_54/runs/deep_r100_rank,0,0,0.000000,0,0,0,,false,false,2026-09-03T12:07:26.173877+00:00,unclassified,manual review
experiments/qwen3_vl_2b_lgvq_single_metric_o2_16frame_54,experiments/qwen3_vl_2b_lgvq_single_metric_o2_16frame_54/runs,deep_r100_rank_v2,experiments/qwen3_vl_2b_lgvq_single_metric_o2_16frame_54/runs/deep_r100_rank_v2,1,666,0.000001,0,0,0,,false,false,2026-09-03T12:11:32.986224+00:00,unclassified,manual review
experiments/qwen3_vl_2b_lgvq_single_metric_o2_16frame_54,experiments/qwen3_vl_2b_lgvq_single_metric_o2_16frame_54/runs,deep_r100_rank_v3,experiments/qwen3_vl_2b_lgvq_single_metric_o2_16frame_54/runs/deep_r100_rank_v3,0,0,0.000000,0,0,0,,false,false,2026-09-03T12:12:39.449450+00:00,unclassified,manual review
experiments/qwen3_vl_2b_lgvq_single_metric_o2_16frame_54,experiments/qwen3_vl_2b_lgvq_single_metric_o2_16frame_54/runs,deep_r100_rank_v4,experiments/qwen3_vl_2b_lgvq_single_metric_o2_16frame_54/runs/deep_r100_rank_v4,1,36856,0.000034,0,0,0,,false,false,2026-09-03T12:15:51.279578+00:00,unclassified,manual review
experiments/qwen3_vl_2b_lgvq_single_metric_o2_16frame_54,experiments/qwen3_vl_2b_lgvq_single_metric_o2_16frame_54/runs,deep_r200_a,experiments/qwen3_vl_2b_lgvq_single_metric_o2_16frame_54/runs/deep_r200_a,0,0,0.000000,0,0,0,,false,false,2026-09-03T12:07:26.221876+00:00,unclassified,manual review
experiments/qwen3_vl_2b_lgvq_single_metric_o2_16frame_54,experiments/qwen3_vl_2b_lgvq_single_metric_o2_16frame_54/runs,deep_r200_a_v2,experiments/qwen3_vl_2b_lgvq_single_metric_o2_16frame_54/runs/deep_r200_a_v2,0,0,0.000000,0,0,0,,false,false,2026-09-03T12:10:16.047218+00:00,unclassified,manual review
experiments/qwen3_vl_2b_lgvq_single_metric_o2_16frame_54,experiments/qwen3_vl_2b_lgvq_single_metric_o2_16frame_54/runs,deep_r200_a_v3,experiments/qwen3_vl_2b_lgvq_single_metric_o2_16frame_54/runs/deep_r200_a_v3,0,0,0.000000,0,0,0,,false,false,2026-09-03T12:12:39.489450+00:00,unclassified,manual review
experiments/qwen3_vl_2b_lgvq_single_metric_o2_16frame_54,experiments/qwen3_vl_2b_lgvq_single_metric_o2_16frame_54/runs,deep_r200_a_v4,experiments/qwen3_vl_2b_lgvq_single_metric_o2_16frame_54/runs/deep_r200_a_v4,1,25439,0.000024,0,0,0,,false,false,2026-09-03T12:15:51.139579+00:00,unclassified,manual review
experiments/qwen3_vl_2b_lgvq_single_metric_o2_16frame_54,experiments/qwen3_vl_2b_lgvq_single_metric_o2_16frame_54/runs,deep_r200_reg,experiments/qwen3_vl_2b_lgvq_single_metric_o2_16frame_54/runs/deep_r200_reg,0,0,0.000000,0,0,0,,false,false,2026-09-03T12:07:26.517870+00:00,unclassified,manual review
experiments/qwen3_vl_2b_lgvq_single_metric_o2_16frame_54,experiments/qwen3_vl_2b_lgvq_single_metric_o2_16frame_54/runs,deep_r200_reg_v2,experiments/qwen3_vl_2b_lgvq_single_metric_o2_16frame_54/runs/deep_r200_reg_v2,0,0,0.000000,0,0,0,,false,false,2026-09-03T12:10:16.995205+00:00,unclassified,manual review
experiments/qwen3_vl_2b_lgvq_single_metric_o2_16frame_54,experiments/qwen3_vl_2b_lgvq_single_metric_o2_16frame_54/runs,deep_r200_reg_v3,experiments/qwen3_vl_2b_lgvq_single_metric_o2_16frame_54/runs/deep_r200_reg_v3,0,0,0.000000,0,0,0,,false,false,2026-09-03T12:12:39.537450+00:00,unclassified,manual review
experiments/qwen3_vl_2b_lgvq_single_metric_o2_16frame_54,experiments/qwen3_vl_2b_lgvq_single_metric_o2_16frame_54/runs,deep_r200_reg_v4,experiments/qwen3_vl_2b_lgvq_single_metric_o2_16frame_54/runs/deep_r200_reg_v4,1,25424,0.000024,0,0,0,,false,false,2026-09-03T12:15:51.035580+00:00,unclassified,manual review
experiments/qwen3_vl_2b_lgvq_single_metric_o2_16frame_54,experiments/qwen3_vl_2b_lgvq_single_metric_o2_16frame_54/runs,lgvq_spatial_balanced_router_b010,experiments/qwen3_vl_2b_lgvq_single_metric_o2_16frame_54/runs/lgvq_spatial_balanced_router_b010,16,406020,0.000378,0,0,0,,true,true,2026-09-04T14:42:09.732602+00:00,metadata_only,keep small metadata; no checkpoint to prune
experiments/qwen3_vl_2b_lgvq_single_metric_o2_16frame_54,experiments/qwen3_vl_2b_lgvq_single_metric_o2_16frame_54/runs,lgvq_spatial_balanced_router_b025,experiments/qwen3_vl_2b_lgvq_single_metric_o2_16frame_54/runs/lgvq_spatial_balanced_router_b025,16,406163,0.000378,0,0,0,,true,true,2026-09-04T14:42:09.764602+00:00,metadata_only,keep small metadata; no checkpoint to prune
experiments/qwen3_vl_2b_lgvq_single_metric_o2_16frame_54,experiments/qwen3_vl_2b_lgvq_single_metric_o2_16frame_54/runs,lgvq_spatial_balanced_router_b050,experiments/qwen3_vl_2b_lgvq_single_metric_o2_16frame_54/runs/lgvq_spatial_balanced_router_b050,16,406066,0.000378,0,0,0,,true,true,2026-09-04T14:42:09.788602+00:00,metadata_only,keep small metadata; no checkpoint to prune
experiments/qwen3_vl_2b_lgvq_single_metric_o2_16frame_54,experiments/qwen3_vl_2b_lgvq_single_metric_o2_16frame_54/runs,lgvq_spatial_balanced_router_std_light,experiments/qwen3_vl_2b_lgvq_single_metric_o2_16frame_54/runs/lgvq_spatial_balanced_router_std_light,16,462555,0.000431,0,0,0,,true,true,2026-09-04T14:42:09.812601+00:00,metadata_only,keep small metadata; no checkpoint to prune
experiments/qwen3_vl_2b_lgvq_single_metric_o2_16frame_54,experiments/qwen3_vl_2b_lgvq_single_metric_o2_16frame_54/runs,lgvq_spatial_balanced_router_std_mid,experiments/qwen3_vl_2b_lgvq_single_metric_o2_16frame_54/runs/lgvq_spatial_balanced_router_std_mid,16,462390,0.000431,0,0,0,,true,true,2026-09-04T14:42:09.840601+00:00,metadata_only,keep small metadata; no checkpoint to prune
experiments/qwen3_vl_2b_lgvq_single_metric_o2_16frame_54,experiments/qwen3_vl_2b_lgvq_single_metric_o2_16frame_54/runs,lgvq_spatial_balanced_router_std_strong,experiments/qwen3_vl_2b_lgvq_single_metric_o2_16frame_54/runs/lgvq_spatial_balanced_router_std_strong,34,253191721,0.235803,16,252187536,2,best_observed_test_checkpoint.pt|spatial_balanced_formal_checkpoint.pt,true,true,2026-09-04T02:08:22.475764+00:00,formal_candidate,keep_best_checkpoints_and_metrics; review other checkpoints
experiments/qwen3_vl_2b_lgvq_single_metric_o2_16frame_54,experiments/qwen3_vl_2b_lgvq_single_metric_o2_16frame_54/runs,lgvq_spatial_balanced_router_strong_b10,experiments/qwen3_vl_2b_lgvq_single_metric_o2_16frame_54/runs/lgvq_spatial_balanced_router_strong_b10,16,518886,0.000483,0,0,0,,true,true,2026-09-04T14:42:09.868601+00:00,metadata_only,keep small metadata; no checkpoint to prune
experiments/qwen3_vl_2b_lgvq_single_metric_o2_16frame_54,experiments/qwen3_vl_2b_lgvq_single_metric_o2_16frame_54/runs,lgvq_spatial_balanced_router_strong_b2,experiments/qwen3_vl_2b_lgvq_single_metric_o2_16frame_54/runs/lgvq_spatial_balanced_router_strong_b2,16,518928,0.000483,0,0,0,,true,true,2026-09-04T14:42:09.900601+00:00,metadata_only,keep small metadata; no checkpoint to prune
experiments/qwen3_vl_2b_lgvq_single_metric_o2_16frame_54,experiments/qwen3_vl_2b_lgvq_single_metric_o2_16frame_54/runs,lgvq_spatial_balanced_router_strong_b5,experiments/qwen3_vl_2b_lgvq_single_metric_o2_16frame_54/runs/lgvq_spatial_balanced_router_strong_b5,16,518848,0.000483,0,0,0,,true,true,2026-09-04T14:42:09.928600+00:00,metadata_only,keep small metadata; no checkpoint to prune
experiments/qwen3_vl_2b_lgvq_single_metric_o2_16frame_54,experiments/qwen3_vl_2b_lgvq_single_metric_o2_16frame_54/runs,lgvq_spatial_fresh_a30_clean_s64,experiments/qwen3_vl_2b_lgvq_single_metric_o2_16frame_54/runs/lgvq_spatial_fresh_a30_clean_s64,8,63283,0.000059,0,0,0,,true,true,2026-09-04T14:42:09.948600+00:00,metadata_only,keep small metadata; no checkpoint to prune
experiments/qwen3_vl_2b_lgvq_single_metric_o2_16frame_54,experiments/qwen3_vl_2b_lgvq_single_metric_o2_16frame_54/runs,lgvq_spatial_fresh_a30_robust1_s65,experiments/qwen3_vl_2b_lgvq_single_metric_o2_16frame_54/runs/lgvq_spatial_fresh_a30_robust1_s65,8,53944,0.000050,0,0,0,,true,true,2026-09-04T14:42:09.964600+00:00,metadata_only,keep small metadata; no checkpoint to prune
experiments/qwen3_vl_2b_lgvq_single_metric_o2_16frame_54,experiments/qwen3_vl_2b_lgvq_single_metric_o2_16frame_54/runs,lgvq_spatial_fresh_a40_clean_s62,experiments/qwen3_vl_2b_lgvq_single_metric_o2_16frame_54/runs/lgvq_spatial_fresh_a40_clean_s62,8,53748,0.000050,0,0,0,,true,true,2026-09-04T14:42:09.976600+00:00,metadata_only,keep small metadata; no checkpoint to prune
experiments/qwen3_vl_2b_lgvq_single_metric_o2_16frame_54,experiments/qwen3_vl_2b_lgvq_single_metric_o2_16frame_54/runs,lgvq_spatial_fresh_a40_robust2_s63,experiments/qwen3_vl_2b_lgvq_single_metric_o2_16frame_54/runs/lgvq_spatial_fresh_a40_robust2_s63,8,60168,0.000056,0,0,0,,true,true,2026-09-04T14:42:09.992600+00:00,metadata_only,keep small metadata; no checkpoint to prune
experiments/qwen3_vl_2b_lgvq_single_metric_o2_16frame_54,experiments/qwen3_vl_2b_lgvq_single_metric_o2_16frame_54/runs,lgvq_spatial_fresh_a50_clean_s60,experiments/qwen3_vl_2b_lgvq_single_metric_o2_16frame_54/runs/lgvq_spatial_fresh_a50_clean_s60,8,60416,0.000056,0,0,0,,true,true,2026-09-04T14:42:10.008600+00:00,metadata_only,keep small metadata; no checkpoint to prune
experiments/qwen3_vl_2b_lgvq_single_metric_o2_16frame_54,experiments/qwen3_vl_2b_lgvq_single_metric_o2_16frame_54/runs,lgvq_spatial_fresh_a50_robust2_s61,experiments/qwen3_vl_2b_lgvq_single_metric_o2_16frame_54/runs/lgvq_spatial_fresh_a50_robust2_s61,8,60274,0.000056,0,0,0,,true,true,2026-09-04T14:42:10.020600+00:00,metadata_only,keep small metadata; no checkpoint to prune
experiments/qwen3_vl_2b_lgvq_single_metric_o2_16frame_54,experiments/qwen3_vl_2b_lgvq_single_metric_o2_16frame_54/runs,lgvq_spatial_identity_q05_a40_clean,experiments/qwen3_vl_2b_lgvq_single_metric_o2_16frame_54/runs/lgvq_spatial_identity_q05_a40_clean,8,66462,0.000062,0,0,0,,true,true,2026-09-04T14:42:10.036600+00:00,metadata_only,keep small metadata; no checkpoint to prune
experiments/qwen3_vl_2b_lgvq_single_metric_o2_16frame_54,experiments/qwen3_vl_2b_lgvq_single_metric_o2_16frame_54/runs,lgvq_spatial_identity_q10_a30_clean,experiments/qwen3_vl_2b_lgvq_single_metric_o2_16frame_54/runs/lgvq_spatial_identity_q10_a30_clean,8,60582,0.000056,0,0,0,,true,true,2026-09-04T14:42:10.052599+00:00,metadata_only,keep small metadata; no checkpoint to prune
experiments/qwen3_vl_2b_lgvq_single_metric_o2_16frame_54,experiments/qwen3_vl_2b_lgvq_single_metric_o2_16frame_54/runs,lgvq_spatial_identity_q10_a40_clean,experiments/qwen3_vl_2b_lgvq_single_metric_o2_16frame_54/runs/lgvq_spatial_identity_q10_a40_clean,8,67262,0.000063,0,0,0,,true,true,2026-09-04T14:42:10.068599+00:00,metadata_only,keep small metadata; no checkpoint to prune
experiments/qwen3_vl_2b_lgvq_single_metric_o2_16frame_54,experiments/qwen3_vl_2b_lgvq_single_metric_o2_16frame_54/runs,lgvq_spatial_identity_q10_a40_robust1,experiments/qwen3_vl_2b_lgvq_single_metric_o2_16frame_54/runs/lgvq_spatial_identity_q10_a40_robust1,8,60174,0.000056,0,0,0,,true,true,2026-09-04T14:42:10.080599+00:00,metadata_only,keep small metadata; no checkpoint to prune
experiments/qwen3_vl_2b_lgvq_single_metric_o2_16frame_54,experiments/qwen3_vl_2b_lgvq_single_metric_o2_16frame_54/runs,lgvq_spatial_identity_q10_a50_clean,experiments/qwen3_vl_2b_lgvq_single_metric_o2_16frame_54/runs/lgvq_spatial_identity_q10_a50_clean,8,66939,0.000062,0,0,0,,true,true,2026-09-04T14:42:10.096599+00:00,metadata_only,keep small metadata; no checkpoint to prune
experiments/qwen3_vl_2b_lgvq_single_metric_o2_16frame_54,experiments/qwen3_vl_2b_lgvq_single_metric_o2_16frame_54/runs,lgvq_spatial_identity_q25_a40_b064,experiments/qwen3_vl_2b_lgvq_single_metric_o2_16frame_54/runs/lgvq_spatial_identity_q25_a40_b064,8,143776,0.000134,0,0,0,,true,true,2026-09-04T14:42:10.112599+00:00,metadata_only,keep small metadata; no checkpoint to prune
experiments/qwen3_vl_2b_lgvq_single_metric_o2_16frame_54,experiments/qwen3_vl_2b_lgvq_single_metric_o2_16frame_54/runs,lgvq_spatial_identity_q25_a40_b128,experiments/qwen3_vl_2b_lgvq_single_metric_o2_16frame_54/runs/lgvq_spatial_identity_q25_a40_b128,15,551737,0.000514,0,0,0,,true,true,2026-09-04T14:42:10.144599+00:00,metadata_only,keep small metadata; no checkpoint to prune
experiments/qwen3_vl_2b_lgvq_single_metric_o2_16frame_54,experiments/qwen3_vl_2b_lgvq_single_metric_o2_16frame_54/runs,lgvq_spatial_identity_q25_a40_b192,experiments/qwen3_vl_2b_lgvq_single_metric_o2_16frame_54/runs/lgvq_spatial_identity_q25_a40_b192,8,130766,0.000122,0,0,0,,true,true,2026-09-04T14:42:10.184598+00:00,metadata_only,keep small metadata; no checkpoint to prune
experiments/qwen3_vl_2b_lgvq_single_metric_o2_16frame_54,experiments/qwen3_vl_2b_lgvq_single_metric_o2_16frame_54/runs,lgvq_spatial_identity_q25_a40_clean,experiments/qwen3_vl_2b_lgvq_single_metric_o2_16frame_54/runs/lgvq_spatial_identity_q25_a40_clean,49,311826069,0.290411,34,311274228,1,best_observed_test_checkpoint.pt,true,true,2026-09-03T13:03:13.418874+00:00,formal_candidate,keep_best_checkpoints_and_metrics; review other checkpoints
experiments/qwen3_vl_2b_lgvq_single_metric_o2_16frame_54,experiments/qwen3_vl_2b_lgvq_single_metric_o2_16frame_54/runs,lgvq_spatial_identity_q25_a40_clean_s75,experiments/qwen3_vl_2b_lgvq_single_metric_o2_16frame_54/runs/lgvq_spatial_identity_q25_a40_clean_s75,8,73869,0.000069,0,0,0,,true,true,2026-09-04T14:42:10.208598+00:00,metadata_only,keep small metadata; no checkpoint to prune
experiments/qwen3_vl_2b_lgvq_single_metric_o2_16frame_54,experiments/qwen3_vl_2b_lgvq_single_metric_o2_16frame_54/runs,lgvq_spatial_identity_q25_a40_clean_s76,experiments/qwen3_vl_2b_lgvq_single_metric_o2_16frame_54/runs/lgvq_spatial_identity_q25_a40_clean_s76,8,72908,0.000068,0,0,0,,true,true,2026-09-04T14:42:10.224598+00:00,metadata_only,keep small metadata; no checkpoint to prune
experiments/qwen3_vl_2b_lgvq_single_metric_o2_16frame_54,experiments/qwen3_vl_2b_lgvq_single_metric_o2_16frame_54/runs,lgvq_spatial_identity_q25_a40_clean_s77,experiments/qwen3_vl_2b_lgvq_single_metric_o2_16frame_54/runs/lgvq_spatial_identity_q25_a40_clean_s77,8,63560,0.000059,0,0,0,,true,true,2026-09-04T14:42:10.240598+00:00,metadata_only,keep small metadata; no checkpoint to prune
experiments/qwen3_vl_2b_lgvq_single_metric_o2_16frame_54,experiments/qwen3_vl_2b_lgvq_single_metric_o2_16frame_54/runs,lgvq_spatial_identity_q25_a40_clean_s78,experiments/qwen3_vl_2b_lgvq_single_metric_o2_16frame_54/runs/lgvq_spatial_identity_q25_a40_clean_s78,8,76389,0.000071,0,0,0,,true,true,2026-09-04T14:42:10.256598+00:00,metadata_only,keep small metadata; no checkpoint to prune
experiments/qwen3_vl_2b_lgvq_single_metric_o2_16frame_54,experiments/qwen3_vl_2b_lgvq_single_metric_o2_16frame_54/runs,lgvq_spatial_identity_q25_a40_clean_s79,experiments/qwen3_vl_2b_lgvq_single_metric_o2_16frame_54/runs/lgvq_spatial_identity_q25_a40_clean_s79,8,63528,0.000059,0,0,0,,true,true,2026-09-04T14:42:10.268598+00:00,metadata_only,keep small metadata; no checkpoint to prune
experiments/qwen3_vl_2b_lgvq_single_metric_o2_16frame_54,experiments/qwen3_vl_2b_lgvq_single_metric_o2_16frame_54/runs,lgvq_spatial_identity_q25_a40_corr200,experiments/qwen3_vl_2b_lgvq_single_metric_o2_16frame_54/runs/lgvq_spatial_identity_q25_a40_corr200,8,53874,0.000050,0,0,0,,true,true,2026-09-04T14:42:10.284598+00:00,metadata_only,keep small metadata; no checkpoint to prune
experiments/qwen3_vl_2b_lgvq_single_metric_o2_16frame_54,experiments/qwen3_vl_2b_lgvq_single_metric_o2_16frame_54/runs,lgvq_spatial_identity_q25_a40_latecorr025,experiments/qwen3_vl_2b_lgvq_single_metric_o2_16frame_54/runs/lgvq_spatial_identity_q25_a40_latecorr025,8,83027,0.000077,0,0,0,,true,true,2026-09-04T14:42:10.296597+00:00,metadata_only,keep small metadata; no checkpoint to prune
experiments/qwen3_vl_2b_lgvq_single_metric_o2_16frame_54,experiments/qwen3_vl_2b_lgvq_single_metric_o2_16frame_54/runs,lgvq_spatial_identity_q25_a40_latecorr050,experiments/qwen3_vl_2b_lgvq_single_metric_o2_16frame_54/runs/lgvq_spatial_identity_q25_a40_latecorr050,8,68985,0.000064,0,0,0,,true,true,2026-09-04T14:42:10.316597+00:00,metadata_only,keep small metadata; no checkpoint to prune
experiments/qwen3_vl_2b_lgvq_single_metric_o2_16frame_54,experiments/qwen3_vl_2b_lgvq_single_metric_o2_16frame_54/runs,lgvq_spatial_identity_q25_a40_latecorr050_hard,experiments/qwen3_vl_2b_lgvq_single_metric_o2_16frame_54/runs/lgvq_spatial_identity_q25_a40_latecorr050_hard,8,164713,0.000153,0,0,0,,true,true,2026-09-04T14:42:10.332597+00:00,metadata_only,keep small metadata; no checkpoint to prune
experiments/qwen3_vl_2b_lgvq_single_metric_o2_16frame_54,experiments/qwen3_vl_2b_lgvq_single_metric_o2_16frame_54/runs,lgvq_spatial_identity_q25_a40_latecorr050_hard_srcc,experiments/qwen3_vl_2b_lgvq_single_metric_o2_16frame_54/runs/lgvq_spatial_identity_q25_a40_latecorr050_hard_srcc,8,168351,0.000157,0,0,0,,true,true,2026-09-04T14:42:10.352597+00:00,metadata_only,keep small metadata; no checkpoint to prune
experiments/qwen3_vl_2b_lgvq_single_metric_o2_16frame_54,experiments/qwen3_vl_2b_lgvq_single_metric_o2_16frame_54/runs,lgvq_spatial_identity_q25_a40_latecorr050_lr100,experiments/qwen3_vl_2b_lgvq_single_metric_o2_16frame_54/runs/lgvq_spatial_identity_q25_a40_latecorr050_lr100,8,66371,0.000062,0,0,0,,true,true,2026-09-04T14:42:10.376597+00:00,metadata_only,keep small metadata; no checkpoint to prune
experiments/qwen3_vl_2b_lgvq_single_metric_o2_16frame_54,experiments/qwen3_vl_2b_lgvq_single_metric_o2_16frame_54/runs,lgvq_spatial_identity_q25_a40_latecorr050_srcc,experiments/qwen3_vl_2b_lgvq_single_metric_o2_16frame_54/runs/lgvq_spatial_identity_q25_a40_latecorr050_srcc,8,28693,0.000027,0,0,0,,true,true,2026-09-04T14:42:10.388597+00:00,metadata_only,keep small metadata; no checkpoint to prune
experiments/qwen3_vl_2b_lgvq_single_metric_o2_16frame_54,experiments/qwen3_vl_2b_lgvq_single_metric_o2_16frame_54/runs,lgvq_spatial_identity_q25_a40_latecorr100,experiments/qwen3_vl_2b_lgvq_single_metric_o2_16frame_54/runs/lgvq_spatial_identity_q25_a40_latecorr100,8,47488,0.000044,0,0,0,,true,true,2026-09-04T14:42:10.404597+00:00,metadata_only,keep small metadata; no checkpoint to prune
experiments/qwen3_vl_2b_lgvq_single_metric_o2_16frame_54,experiments/qwen3_vl_2b_lgvq_single_metric_o2_16frame_54/runs,lgvq_spatial_identity_q25_a40_latecorr100_hard,experiments/qwen3_vl_2b_lgvq_single_metric_o2_16frame_54/runs/lgvq_spatial_identity_q25_a40_latecorr100_hard,8,161796,0.000151,0,0,0,,true,true,2026-09-04T14:42:10.416596+00:00,metadata_only,keep small metadata; no checkpoint to prune
experiments/qwen3_vl_2b_lgvq_single_metric_o2_16frame_54,experiments/qwen3_vl_2b_lgvq_single_metric_o2_16frame_54/runs,lgvq_spatial_identity_q25_a40_multiscale,experiments/qwen3_vl_2b_lgvq_single_metric_o2_16frame_54/runs/lgvq_spatial_identity_q25_a40_multiscale,8,54041,0.000050,0,0,0,,true,true,2026-09-04T14:42:10.436596+00:00,metadata_only,keep small metadata; no checkpoint to prune
experiments/qwen3_vl_2b_lgvq_single_metric_o2_16frame_54,experiments/qwen3_vl_2b_lgvq_single_metric_o2_16frame_54/runs,lgvq_spatial_identity_q25_a40_rank050,experiments/qwen3_vl_2b_lgvq_single_metric_o2_16frame_54/runs/lgvq_spatial_identity_q25_a40_rank050,8,178765,0.000166,0,0,0,,true,true,2026-09-04T14:42:10.460596+00:00,metadata_only,keep small metadata; no checkpoint to prune
experiments/qwen3_vl_2b_lgvq_single_metric_o2_16frame_54,experiments/qwen3_vl_2b_lgvq_single_metric_o2_16frame_54/runs,lgvq_spatial_identity_q25_a40_rank100,experiments/qwen3_vl_2b_lgvq_single_metric_o2_16frame_54/runs/lgvq_spatial_identity_q25_a40_rank100,8,211081,0.000197,0,0,0,,true,true,2026-09-04T14:42:10.488596+00:00,metadata_only,keep small metadata; no checkpoint to prune
experiments/qwen3_vl_2b_lgvq_single_metric_o2_16frame_54,experiments/qwen3_vl_2b_lgvq_single_metric_o2_16frame_54/runs,lgvq_spatial_identity_q25_a40_soft000,experiments/qwen3_vl_2b_lgvq_single_metric_o2_16frame_54/runs/lgvq_spatial_identity_q25_a40_soft000,8,60863,0.000057,0,0,0,,true,true,2026-09-04T14:42:10.524596+00:00,metadata_only,keep small metadata; no checkpoint to prune
experiments/qwen3_vl_2b_lgvq_single_metric_o2_16frame_54,experiments/qwen3_vl_2b_lgvq_single_metric_o2_16frame_54/runs,lgvq_spatial_identity_q25_a40_softsrcc_b128_w050,experiments/qwen3_vl_2b_lgvq_single_metric_o2_16frame_54/runs/lgvq_spatial_identity_q25_a40_softsrcc_b128_w050,15,559037,0.000521,0,0,0,,true,true,2026-09-04T14:42:10.548595+00:00,metadata_only,keep small metadata; no checkpoint to prune
experiments/qwen3_vl_2b_lgvq_single_metric_o2_16frame_54,experiments/qwen3_vl_2b_lgvq_single_metric_o2_16frame_54/runs,lgvq_spatial_identity_q25_a40_softsrcc_b128_w100,experiments/qwen3_vl_2b_lgvq_single_metric_o2_16frame_54/runs/lgvq_spatial_identity_q25_a40_softsrcc_b128_w100,8,127224,0.000118,0,0,0,,true,true,2026-09-04T14:42:10.592595+00:00,metadata_only,keep small metadata; no checkpoint to prune
experiments/qwen3_vl_2b_lgvq_single_metric_o2_16frame_54,experiments/qwen3_vl_2b_lgvq_single_metric_o2_16frame_54/runs,lgvq_spatial_identity_q25_a40_soup_base_b128,experiments/qwen3_vl_2b_lgvq_single_metric_o2_16frame_54/runs/lgvq_spatial_identity_q25_a40_soup_base_b128,1,48983,0.000046,0,0,0,,false,false,2026-09-04T14:42:10.616595+00:00,unclassified,manual review
experiments/qwen3_vl_2b_lgvq_single_metric_o2_16frame_54,experiments/qwen3_vl_2b_lgvq_single_metric_o2_16frame_54/runs,lgvq_spatial_identity_q25_a40_stemall_lr020,experiments/qwen3_vl_2b_lgvq_single_metric_o2_16frame_54/runs/lgvq_spatial_identity_q25_a40_stemall_lr020,9,67833,0.000063,0,0,0,,true,true,2026-09-04T14:42:10.616595+00:00,metadata_only,keep small metadata; no checkpoint to prune
experiments/qwen3_vl_2b_lgvq_single_metric_o2_16frame_54,experiments/qwen3_vl_2b_lgvq_single_metric_o2_16frame_54/runs,lgvq_spatial_identity_q25_a40_stemonly_lr010,experiments/qwen3_vl_2b_lgvq_single_metric_o2_16frame_54/runs/lgvq_spatial_identity_q25_a40_stemonly_lr010,9,132537,0.000123,0,0,0,,true,true,2026-09-04T14:42:10.624595+00:00,metadata_only,keep small metadata; no checkpoint to prune
experiments/qwen3_vl_2b_lgvq_single_metric_o2_16frame_54,experiments/qwen3_vl_2b_lgvq_single_metric_o2_16frame_54/runs,lgvq_spatial_identity_q25_a40_stemonly_lr050,experiments/qwen3_vl_2b_lgvq_single_metric_o2_16frame_54/runs/lgvq_spatial_identity_q25_a40_stemonly_lr050,9,138264,0.000129,0,0,0,,true,true,2026-09-04T14:42:10.636595+00:00,metadata_only,keep small metadata; no checkpoint to prune
experiments/qwen3_vl_2b_lgvq_single_metric_o2_16frame_54,experiments/qwen3_vl_2b_lgvq_single_metric_o2_16frame_54/runs,lgvq_spatial_identity_q25_a40_stemonly_lr100,experiments/qwen3_vl_2b_lgvq_single_metric_o2_16frame_54/runs/lgvq_spatial_identity_q25_a40_stemonly_lr100,9,118917,0.000111,0,0,0,,true,true,2026-09-04T14:42:10.648595+00:00,metadata_only,keep small metadata; no checkpoint to prune
experiments/qwen3_vl_2b_lgvq_single_metric_o2_16frame_54,experiments/qwen3_vl_2b_lgvq_single_metric_o2_16frame_54/runs,lgvq_spatial_identity_q25_a40_stemread_lr010,experiments/qwen3_vl_2b_lgvq_single_metric_o2_16frame_54/runs/lgvq_spatial_identity_q25_a40_stemread_lr010,9,76073,0.000071,0,0,0,,true,true,2026-09-04T14:42:10.660594+00:00,metadata_only,keep small metadata; no checkpoint to prune
experiments/qwen3_vl_2b_lgvq_single_metric_o2_16frame_54,experiments/qwen3_vl_2b_lgvq_single_metric_o2_16frame_54/runs,lgvq_spatial_identity_q25_a40_stemread_lr050,experiments/qwen3_vl_2b_lgvq_single_metric_o2_16frame_54/runs/lgvq_spatial_identity_q25_a40_stemread_lr050,9,73435,0.000068,0,0,0,,true,true,2026-09-04T14:42:10.668594+00:00,metadata_only,keep small metadata; no checkpoint to prune
experiments/qwen3_vl_2b_lgvq_single_metric_o2_16frame_54,experiments/qwen3_vl_2b_lgvq_single_metric_o2_16frame_54/runs,lgvq_spatial_identity_q25_a40_warm_srcc_all20,experiments/qwen3_vl_2b_lgvq_single_metric_o2_16frame_54/runs/lgvq_spatial_identity_q25_a40_warm_srcc_all20,15,458876,0.000427,0,0,0,,true,true,2026-09-04T14:42:10.680594+00:00,metadata_only,keep small metadata; no checkpoint to prune
experiments/qwen3_vl_2b_lgvq_single_metric_o2_16frame_54,experiments/qwen3_vl_2b_lgvq_single_metric_o2_16frame_54/runs,lgvq_spatial_identity_q25_a40_warm_srcc_all50,experiments/qwen3_vl_2b_lgvq_single_metric_o2_16frame_54/runs/lgvq_spatial_identity_q25_a40_warm_srcc_all50,15,458974,0.000427,0,0,0,,true,true,2026-09-04T14:42:10.708594+00:00,metadata_only,keep small metadata; no checkpoint to prune
experiments/qwen3_vl_2b_lgvq_single_metric_o2_16frame_54,experiments/qwen3_vl_2b_lgvq_single_metric_o2_16frame_54/runs,lgvq_spatial_identity_q25_a40_warm_srcc_readout,experiments/qwen3_vl_2b_lgvq_single_metric_o2_16frame_54/runs/lgvq_spatial_identity_q25_a40_warm_srcc_readout,15,456107,0.000425,0,0,0,,true,true,2026-09-04T14:42:10.732594+00:00,metadata_only,keep small metadata; no checkpoint to prune
experiments/qwen3_vl_2b_lgvq_single_metric_o2_16frame_54,experiments/qwen3_vl_2b_lgvq_single_metric_o2_16frame_54/runs,lgvq_spatial_qwenfront_o2_4f109_dc20,experiments/qwen3_vl_2b_lgvq_single_metric_o2_16frame_54/runs/lgvq_spatial_qwenfront_o2_4f109_dc20,16,402784,0.000375,0,0,0,,true,true,2026-09-04T14:42:10.760594+00:00,metadata_only,keep small metadata; no checkpoint to prune
experiments/qwen3_vl_2b_lgvq_single_metric_o2_16frame_54,experiments/qwen3_vl_2b_lgvq_single_metric_o2_16frame_54/runs,lgvq_spatial_qwenfront_o2_4f109_dc20_batch8_probe_20260903,experiments/qwen3_vl_2b_lgvq_single_metric_o2_16frame_54/runs/lgvq_spatial_qwenfront_o2_4f109_dc20_batch8_probe_20260903,7,17162,0.000016,0,0,0,,true,true,2026-09-04T14:42:10.784594+00:00,metadata_only,keep small metadata; no checkpoint to prune
experiments/qwen3_vl_2b_lgvq_single_metric_o2_16frame_54,experiments/qwen3_vl_2b_lgvq_single_metric_o2_16frame_54/runs,lgvq_spatial_qwenfront_o2_4f109_dc20_highres14,experiments/qwen3_vl_2b_lgvq_single_metric_o2_16frame_54/runs/lgvq_spatial_qwenfront_o2_4f109_dc20_highres14,7,107416,0.000100,0,0,0,,true,true,2026-09-04T14:42:10.788594+00:00,metadata_only,keep small metadata; no checkpoint to prune
experiments/qwen3_vl_2b_lgvq_single_metric_o2_16frame_54,experiments/qwen3_vl_2b_lgvq_single_metric_o2_16frame_54/runs,lgvq_spatial_qwenfront_o2_4f109_dc20_highres14_balanced,experiments/qwen3_vl_2b_lgvq_single_metric_o2_16frame_54/runs/lgvq_spatial_qwenfront_o2_4f109_dc20_highres14_balanced,7,87323,0.000081,0,0,0,,true,true,2026-09-04T14:42:10.812593+00:00,metadata_only,keep small metadata; no checkpoint to prune
experiments/qwen3_vl_2b_lgvq_single_metric_o2_16frame_54,experiments/qwen3_vl_2b_lgvq_single_metric_o2_16frame_54/runs,lgvq_spatial_qwenfront_o2_4f109_dc20_highres14_quality,experiments/qwen3_vl_2b_lgvq_single_metric_o2_16frame_54/runs/lgvq_spatial_qwenfront_o2_4f109_dc20_highres14_quality,7,107397,0.000100,0,0,0,,true,true,2026-09-04T14:42:10.840593+00:00,metadata_only,keep small metadata; no checkpoint to prune
experiments/qwen3_vl_2b_lgvq_single_metric_o2_16frame_54,experiments/qwen3_vl_2b_lgvq_single_metric_o2_16frame_54/runs,lgvq_spatial_qwenfront_o2_4f109_dc20_multiscale_warm_best,experiments/qwen3_vl_2b_lgvq_single_metric_o2_16frame_54/runs/lgvq_spatial_qwenfront_o2_4f109_dc20_multiscale_warm_best,7,33690,0.000031,0,0,0,,true,true,2026-09-04T14:42:10.884593+00:00,metadata_only,keep small metadata; no checkpoint to prune
experiments/qwen3_vl_2b_lgvq_single_metric_o2_16frame_54,experiments/qwen3_vl_2b_lgvq_single_metric_o2_16frame_54/runs,lgvq_spatial_qwenfront_o2_4f109_dc20_multiscale_warm_seed42,experiments/qwen3_vl_2b_lgvq_single_metric_o2_16frame_54/runs/lgvq_spatial_qwenfront_o2_4f109_dc20_multiscale_warm_seed42,7,36830,0.000034,0,0,0,,true,true,2026-09-04T14:42:10.904593+00:00,metadata_only,keep small metadata; no checkpoint to prune
experiments/qwen3_vl_2b_lgvq_single_metric_o2_16frame_54,experiments/qwen3_vl_2b_lgvq_single_metric_o2_16frame_54/runs,lgvq_spatial_qwenfront_o2_4f109_dc20_pyramid_r050_rank,experiments/qwen3_vl_2b_lgvq_single_metric_o2_16frame_54/runs/lgvq_spatial_qwenfront_o2_4f109_dc20_pyramid_r050_rank,8,36104,0.000034,0,0,0,,true,true,2026-09-04T14:42:10.932592+00:00,metadata_only,keep small metadata; no checkpoint to prune
experiments/qwen3_vl_2b_lgvq_single_metric_o2_16frame_54,experiments/qwen3_vl_2b_lgvq_single_metric_o2_16frame_54/runs,lgvq_spatial_qwenfront_o2_4f109_dc20_pyramid_r075_fast,experiments/qwen3_vl_2b_lgvq_single_metric_o2_16frame_54/runs/lgvq_spatial_qwenfront_o2_4f109_dc20_pyramid_r075_fast,8,36501,0.000034,0,0,0,,true,true,2026-09-04T14:42:10.948592+00:00,metadata_only,keep small metadata; no checkpoint to prune
experiments/qwen3_vl_2b_lgvq_single_metric_o2_16frame_54,experiments/qwen3_vl_2b_lgvq_single_metric_o2_16frame_54/runs,lgvq_spatial_qwenfront_o2_4f109_dc20_pyramid_r100_kd1,experiments/qwen3_vl_2b_lgvq_single_metric_o2_16frame_54/runs/lgvq_spatial_qwenfront_o2_4f109_dc20_pyramid_r100_kd1,8,36099,0.000034,0,0,0,,true,true,2026-09-04T14:42:10.968592+00:00,metadata_only,keep small metadata; no checkpoint to prune
experiments/qwen3_vl_2b_lgvq_single_metric_o2_16frame_54,experiments/qwen3_vl_2b_lgvq_single_metric_o2_16frame_54/runs,lgvq_spatial_qwenfront_o2_4f109_dc20_pyramid_r100_rank,experiments/qwen3_vl_2b_lgvq_single_metric_o2_16frame_54/runs/lgvq_spatial_qwenfront_o2_4f109_dc20_pyramid_r100_rank,8,40764,0.000038,0,0,0,,true,true,2026-09-04T14:42:11.004592+00:00,metadata_only,keep small metadata; no checkpoint to prune
experiments/qwen3_vl_2b_lgvq_single_metric_o2_16frame_54,experiments/qwen3_vl_2b_lgvq_single_metric_o2_16frame_54/runs,lgvq_spatial_qwenfront_o2_4f109_dc20_pyramid_r200_kd2,experiments/qwen3_vl_2b_lgvq_single_metric_o2_16frame_54/runs/lgvq_spatial_qwenfront_o2_4f109_dc20_pyramid_r200_kd2,8,36529,0.000034,0,0,0,,true,true,2026-09-04T14:42:11.032592+00:00,metadata_only,keep small metadata; no checkpoint to prune
experiments/qwen3_vl_2b_lgvq_single_metric_o2_16frame_54,experiments/qwen3_vl_2b_lgvq_single_metric_o2_16frame_54/runs,lgvq_spatial_qwenfront_o2_4f109_dc20_pyramid_r200_rank,experiments/qwen3_vl_2b_lgvq_single_metric_o2_16frame_54/runs/lgvq_spatial_qwenfront_o2_4f109_dc20_pyramid_r200_rank,8,39907,0.000037,0,0,0,,true,true,2026-09-04T14:42:11.060591+00:00,metadata_only,keep small metadata; no checkpoint to prune
experiments/qwen3_vl_2b_lgvq_single_metric_o2_16frame_54,experiments/qwen3_vl_2b_lgvq_single_metric_o2_16frame_54/runs,lgvq_spatial_qwenfront_o2_4f109_dc20_readout_only_best,experiments/qwen3_vl_2b_lgvq_single_metric_o2_16frame_54/runs/lgvq_spatial_qwenfront_o2_4f109_dc20_readout_only_best,8,33349,0.000031,0,0,0,,true,true,2026-09-04T14:42:11.084591+00:00,metadata_only,keep small metadata; no checkpoint to prune
experiments/qwen3_vl_2b_lgvq_single_metric_o2_16frame_54,experiments/qwen3_vl_2b_lgvq_single_metric_o2_16frame_54/runs,lgvq_spatial_qwenfront_o2_4f109_dc20_readout_only_r008_best,experiments/qwen3_vl_2b_lgvq_single_metric_o2_16frame_54/runs/lgvq_spatial_qwenfront_o2_4f109_dc20_readout_only_r008_best,15,352388,0.000328,0,0,0,,true,true,2026-09-04T14:42:11.108591+00:00,metadata_only,keep small metadata; no checkpoint to prune
experiments/qwen3_vl_2b_lgvq_single_metric_o2_16frame_54,experiments/qwen3_vl_2b_lgvq_single_metric_o2_16frame_54/runs,lgvq_spatial_qwenfront_o2_4f109_dc20_readout_only_r012_seed42,experiments/qwen3_vl_2b_lgvq_single_metric_o2_16frame_54/runs/lgvq_spatial_qwenfront_o2_4f109_dc20_readout_only_r012_seed42,15,356081,0.000332,0,0,0,,true,true,2026-09-04T14:42:11.148591+00:00,metadata_only,keep small metadata; no checkpoint to prune
experiments/qwen3_vl_2b_lgvq_single_metric_o2_16frame_54,experiments/qwen3_vl_2b_lgvq_single_metric_o2_16frame_54/runs,lgvq_spatial_qwenfront_o2_4f109_dc20_readout_only_seed42,experiments/qwen3_vl_2b_lgvq_single_metric_o2_16frame_54/runs/lgvq_spatial_qwenfront_o2_4f109_dc20_readout_only_seed42,8,33766,0.000031,0,0,0,,true,true,2026-09-04T14:42:11.188590+00:00,metadata_only,keep small metadata; no checkpoint to prune
experiments/qwen3_vl_2b_lgvq_single_metric_o2_16frame_54,experiments/qwen3_vl_2b_lgvq_single_metric_o2_16frame_54/runs,lgvq_spatial_qwenfront_o2_4f109_dc20_residual_only_best,experiments/qwen3_vl_2b_lgvq_single_metric_o2_16frame_54/runs/lgvq_spatial_qwenfront_o2_4f109_dc20_residual_only_best,8,33152,0.000031,0,0,0,,true,true,2026-09-04T14:42:11.208590+00:00,metadata_only,keep small metadata; no checkpoint to prune
experiments/qwen3_vl_2b_lgvq_single_metric_o2_16frame_54,experiments/qwen3_vl_2b_lgvq_single_metric_o2_16frame_54/runs,lgvq_spatial_qwenfront_o2_4f109_dc20_residual_only_r008_best,experiments/qwen3_vl_2b_lgvq_single_metric_o2_16frame_54/runs/lgvq_spatial_qwenfront_o2_4f109_dc20_residual_only_r008_best,15,364306,0.000339,0,0,0,,true,true,2026-09-04T14:42:11.232590+00:00,metadata_only,keep small metadata; no checkpoint to prune
experiments/qwen3_vl_2b_lgvq_single_metric_o2_16frame_54,experiments/qwen3_vl_2b_lgvq_single_metric_o2_16frame_54/runs,lgvq_spatial_qwenfront_o2_4f109_dc20_residual_only_r012_seed42,experiments/qwen3_vl_2b_lgvq_single_metric_o2_16frame_54/runs/lgvq_spatial_qwenfront_o2_4f109_dc20_residual_only_r012_seed42,15,355507,0.000331,0,0,0,,true,true,2026-09-04T14:42:11.264590+00:00,metadata_only,keep small metadata; no checkpoint to prune
experiments/qwen3_vl_2b_lgvq_single_metric_o2_16frame_54,experiments/qwen3_vl_2b_lgvq_single_metric_o2_16frame_54/runs,lgvq_spatial_qwenfront_o2_4f109_dc20_residual_only_r030_seed42,experiments/qwen3_vl_2b_lgvq_single_metric_o2_16frame_54/runs/lgvq_spatial_qwenfront_o2_4f109_dc20_residual_only_r030_seed42,15,386790,0.000360,0,0,0,,true,true,2026-09-04T14:42:11.308589+00:00,metadata_only,keep small metadata; no checkpoint to prune
experiments/qwen3_vl_2b_lgvq_single_metric_o2_16frame_54,experiments/qwen3_vl_2b_lgvq_single_metric_o2_16frame_54/runs,lgvq_spatial_qwenfront_o2_4f109_dc20_residual_only_r050_seed42,experiments/qwen3_vl_2b_lgvq_single_metric_o2_16frame_54/runs/lgvq_spatial_qwenfront_o2_4f109_dc20_residual_only_r050_seed42,15,386803,0.000360,0,0,0,,true,true,2026-09-04T14:42:11.348589+00:00,metadata_only,keep small metadata; no checkpoint to prune
experiments/qwen3_vl_2b_lgvq_single_metric_o2_16frame_54,experiments/qwen3_vl_2b_lgvq_single_metric_o2_16frame_54/runs,lgvq_spatial_qwenfront_o2_4f109_dc20_residual_only_seed42,experiments/qwen3_vl_2b_lgvq_single_metric_o2_16frame_54/runs/lgvq_spatial_qwenfront_o2_4f109_dc20_residual_only_seed42,8,34002,0.000032,0,0,0,,true,true,2026-09-04T14:42:11.388589+00:00,metadata_only,keep small metadata; no checkpoint to prune
experiments/qwen3_vl_2b_lgvq_single_metric_o2_16frame_54,experiments/qwen3_vl_2b_lgvq_single_metric_o2_16frame_54/runs,lgvq_spatial_qwenfront_o2_4f109_dc20_residual_rank_r030_seed42,experiments/qwen3_vl_2b_lgvq_single_metric_o2_16frame_54/runs/lgvq_spatial_qwenfront_o2_4f109_dc20_residual_rank_r030_seed42,15,386771,0.000360,0,0,0,,true,true,2026-09-04T14:42:11.408588+00:00,metadata_only,keep small metadata; no checkpoint to prune
experiments/qwen3_vl_2b_lgvq_single_metric_o2_16frame_54,experiments/qwen3_vl_2b_lgvq_single_metric_o2_16frame_54/runs,lgvq_spatial_qwenfront_o2_4f109_dc20_residual_rank_r050_seed42,experiments/qwen3_vl_2b_lgvq_single_metric_o2_16frame_54/runs/lgvq_spatial_qwenfront_o2_4f109_dc20_residual_rank_r050_seed42,15,386878,0.000360,0,0,0,,true,true,2026-09-04T14:42:11.452588+00:00,metadata_only,keep small metadata; no checkpoint to prune
experiments/qwen3_vl_2b_lgvq_single_metric_o2_16frame_54,experiments/qwen3_vl_2b_lgvq_single_metric_o2_16frame_54/runs,lgvq_spatial_qwenfront_o2_4f109_dc20_residual_rank_r075_seed42,experiments/qwen3_vl_2b_lgvq_single_metric_o2_16frame_54/runs/lgvq_spatial_qwenfront_o2_4f109_dc20_residual_rank_r075_seed42,15,386700,0.000360,0,0,0,,true,true,2026-09-04T14:42:11.488588+00:00,metadata_only,keep small metadata; no checkpoint to prune
experiments/qwen3_vl_2b_lgvq_single_metric_o2_16frame_54,experiments/qwen3_vl_2b_lgvq_single_metric_o2_16frame_54/runs,lgvq_spatial_qwenfront_o2_4f109_dc20_residual_rank_r100_seed42,experiments/qwen3_vl_2b_lgvq_single_metric_o2_16frame_54/runs/lgvq_spatial_qwenfront_o2_4f109_dc20_residual_rank_r100_seed42,15,386859,0.000360,0,0,0,,true,true,2026-09-04T14:42:11.516588+00:00,metadata_only,keep small metadata; no checkpoint to prune
experiments/qwen3_vl_2b_lgvq_single_metric_o2_16frame_54,experiments/qwen3_vl_2b_lgvq_single_metric_o2_16frame_54/runs,lgvq_spatial_qwenfront_o2_4f109_dc20_residual_warm_best,experiments/qwen3_vl_2b_lgvq_single_metric_o2_16frame_54/runs/lgvq_spatial_qwenfront_o2_4f109_dc20_residual_warm_best,7,28657,0.000027,0,0,0,,true,true,2026-09-04T14:42:11.544587+00:00,metadata_only,keep small metadata; no checkpoint to prune
experiments/qwen3_vl_2b_lgvq_single_metric_o2_16frame_54,experiments/qwen3_vl_2b_lgvq_single_metric_o2_16frame_54/runs,lgvq_spatial_qwenfront_o2_4f109_dc20_residual_warm_seed42,experiments/qwen3_vl_2b_lgvq_single_metric_o2_16frame_54/runs/lgvq_spatial_qwenfront_o2_4f109_dc20_residual_warm_seed42,7,28729,0.000027,0,0,0,,true,true,2026-09-04T14:42:11.556587+00:00,metadata_only,keep small metadata; no checkpoint to prune
experiments/qwen3_vl_2b_lgvq_single_metric_o2_16frame_54,experiments/qwen3_vl_2b_lgvq_single_metric_o2_16frame_54/runs,lgvq_spatial_qwenfront_o2_4f109_dc20_spatialgrid,experiments/qwen3_vl_2b_lgvq_single_metric_o2_16frame_54/runs/lgvq_spatial_qwenfront_o2_4f109_dc20_spatialgrid,7,79407,0.000074,0,0,0,,true,true,2026-09-04T14:42:11.572587+00:00,metadata_only,keep small metadata; no checkpoint to prune
experiments/qwen3_vl_2b_lgvq_single_metric_o2_16frame_54,experiments/qwen3_vl_2b_lgvq_single_metric_o2_16frame_54/runs,lgvq_spatial_qwenfront_o2_4f109_dc20_spatialgrid_linear_probe_20260903_171607,experiments/qwen3_vl_2b_lgvq_single_metric_o2_16frame_54/runs/lgvq_spatial_qwenfront_o2_4f109_dc20_spatialgrid_linear_probe_20260903_171607,7,93568,0.000087,0,0,0,,true,true,2026-09-04T14:42:11.596587+00:00,metadata_only,keep small metadata; no checkpoint to prune
experiments/qwen3_vl_2b_lgvq_single_metric_o2_16frame_54,experiments/qwen3_vl_2b_lgvq_single_metric_o2_16frame_54/runs,lgvq_spatial_qwenfront_o2_4f109_dc20_stemwarm,experiments/qwen3_vl_2b_lgvq_single_metric_o2_16frame_54/runs/lgvq_spatial_qwenfront_o2_4f109_dc20_stemwarm,15,405977,0.000378,0,0,0,,true,true,2026-09-04T14:42:11.640587+00:00,metadata_only,keep small metadata; no checkpoint to prune
experiments/qwen3_vl_2b_lgvq_single_metric_o2_16frame_54,experiments/qwen3_vl_2b_lgvq_single_metric_o2_16frame_54/runs,lgvq_spatial_qwenfront_o2_4f109_dc20_stemwarm_seed42,experiments/qwen3_vl_2b_lgvq_single_metric_o2_16frame_54/runs/lgvq_spatial_qwenfront_o2_4f109_dc20_stemwarm_seed42,14,402704,0.000375,0,0,0,,true,true,2026-09-04T14:42:11.684586+00:00,metadata_only,keep small metadata; no checkpoint to prune
experiments/qwen3_vl_2b_lgvq_single_metric_o2_16frame_54,experiments/qwen3_vl_2b_lgvq_single_metric_o2_16frame_54/runs,lgvq_spatial_qwenfront_o2_4f109_dc20_stemwarm_seed43,experiments/qwen3_vl_2b_lgvq_single_metric_o2_16frame_54/runs/lgvq_spatial_qwenfront_o2_4f109_dc20_stemwarm_seed43,14,403322,0.000376,0,0,0,,true,true,2026-09-04T14:42:11.724586+00:00,metadata_only,keep small metadata; no checkpoint to prune
experiments/qwen3_vl_2b_lgvq_single_metric_o2_16frame_54,experiments/qwen3_vl_2b_lgvq_single_metric_o2_16frame_54/runs,lgvq_spatial_qwenfront_o2_4f109_dc20_stemwarm_seed44,experiments/qwen3_vl_2b_lgvq_single_metric_o2_16frame_54/runs/lgvq_spatial_qwenfront_o2_4f109_dc20_stemwarm_seed44,14,403106,0.000375,0,0,0,,true,true,2026-09-04T14:42:11.772586+00:00,metadata_only,keep small metadata; no checkpoint to prune
experiments/qwen3_vl_2b_lgvq_single_metric_o2_16frame_54,experiments/qwen3_vl_2b_lgvq_single_metric_o2_16frame_54/runs,lgvq_spatial_refine_all_m050,experiments/qwen3_vl_2b_lgvq_single_metric_o2_16frame_54/runs/lgvq_spatial_refine_all_m050,8,105444,0.000098,0,0,0,,true,true,2026-09-04T14:42:11.800585+00:00,metadata_only,keep small metadata; no checkpoint to prune
experiments/qwen3_vl_2b_lgvq_single_metric_o2_16frame_54,experiments/qwen3_vl_2b_lgvq_single_metric_o2_16frame_54/runs,lgvq_spatial_refine_only_m025,experiments/qwen3_vl_2b_lgvq_single_metric_o2_16frame_54/runs/lgvq_spatial_refine_only_m025,8,112659,0.000105,0,0,0,,true,true,2026-09-04T14:42:11.812585+00:00,metadata_only,keep small metadata; no checkpoint to prune
experiments/qwen3_vl_2b_lgvq_single_metric_o2_16frame_54,experiments/qwen3_vl_2b_lgvq_single_metric_o2_16frame_54/runs,lgvq_spatial_refine_only_m050,experiments/qwen3_vl_2b_lgvq_single_metric_o2_16frame_54/runs/lgvq_spatial_refine_only_m050,8,117809,0.000110,0,0,0,,true,true,2026-09-04T14:42:11.820585+00:00,metadata_only,keep small metadata; no checkpoint to prune
experiments/qwen3_vl_2b_lgvq_single_metric_o2_16frame_54,experiments/qwen3_vl_2b_lgvq_single_metric_o2_16frame_54/runs,lgvq_spatial_refine_only_m100,experiments/qwen3_vl_2b_lgvq_single_metric_o2_16frame_54/runs/lgvq_spatial_refine_only_m100,8,99319,0.000092,0,0,0,,true,true,2026-09-04T14:42:11.832585+00:00,metadata_only,keep small metadata; no checkpoint to prune
experiments/qwen3_vl_2b_lgvq_single_metric_o2_16frame_54,experiments/qwen3_vl_2b_lgvq_single_metric_o2_16frame_54/runs,lgvq_spatial_refine_rank_m050,experiments/qwen3_vl_2b_lgvq_single_metric_o2_16frame_54/runs/lgvq_spatial_refine_rank_m050,8,96705,0.000090,0,0,0,,true,true,2026-09-04T14:42:11.840585+00:00,metadata_only,keep small metadata; no checkpoint to prune
experiments/qwen3_vl_2b_lgvq_single_metric_o2_16frame_54,experiments/qwen3_vl_2b_lgvq_single_metric_o2_16frame_54/runs,lgvq_spatial_refine_readout_m050,experiments/qwen3_vl_2b_lgvq_single_metric_o2_16frame_54/runs/lgvq_spatial_refine_readout_m050,8,113268,0.000105,0,0,0,,true,true,2026-09-04T14:42:11.852585+00:00,metadata_only,keep small metadata; no checkpoint to prune
experiments/qwen3_vl_2b_lgvq_single_metric_o2_16frame_54,experiments/qwen3_vl_2b_lgvq_single_metric_o2_16frame_54/runs,lgvq_spatial_skip_b000_seed42,experiments/qwen3_vl_2b_lgvq_single_metric_o2_16frame_54/runs/lgvq_spatial_skip_b000_seed42,8,51577,0.000048,0,0,0,,true,true,2026-09-04T14:42:11.868585+00:00,metadata_only,keep small metadata; no checkpoint to prune
experiments/qwen3_vl_2b_lgvq_single_metric_o2_16frame_54,experiments/qwen3_vl_2b_lgvq_single_metric_o2_16frame_54/runs,lgvq_spatial_skip_b005_seed42,experiments/qwen3_vl_2b_lgvq_single_metric_o2_16frame_54/runs/lgvq_spatial_skip_b005_seed42,8,51631,0.000048,0,0,0,,true,true,2026-09-04T14:42:11.872585+00:00,metadata_only,keep small metadata; no checkpoint to prune
experiments/qwen3_vl_2b_lgvq_single_metric_o2_16frame_54,experiments/qwen3_vl_2b_lgvq_single_metric_o2_16frame_54/runs,lgvq_spatial_skip_b010_seed42,experiments/qwen3_vl_2b_lgvq_single_metric_o2_16frame_54/runs/lgvq_spatial_skip_b010_seed42,8,43940,0.000041,0,0,0,,true,true,2026-09-04T14:42:11.876585+00:00,metadata_only,keep small metadata; no checkpoint to prune
experiments/qwen3_vl_2b_lgvq_single_metric_o2_16frame_54,experiments/qwen3_vl_2b_lgvq_single_metric_o2_16frame_54/runs,lgvq_spatial_skip_b020_seed42,experiments/qwen3_vl_2b_lgvq_single_metric_o2_16frame_54/runs/lgvq_spatial_skip_b020_seed42,8,51895,0.000048,0,0,0,,true,true,2026-09-04T14:42:11.884585+00:00,metadata_only,keep small metadata; no checkpoint to prune
experiments/qwen3_vl_2b_lgvq_single_metric_o2_16frame_54,experiments/qwen3_vl_2b_lgvq_single_metric_o2_16frame_54/runs,lgvq_spatial_skip_b035_seed42,experiments/qwen3_vl_2b_lgvq_single_metric_o2_16frame_54/runs/lgvq_spatial_skip_b035_seed42,8,51735,0.000048,0,0,0,,true,true,2026-09-04T14:42:11.888585+00:00,metadata_only,keep small metadata; no checkpoint to prune
experiments/qwen3_vl_2b_lgvq_single_metric_o2_16frame_54,experiments/qwen3_vl_2b_lgvq_single_metric_o2_16frame_54/runs,lgvq_spatial_skip_b050_seed42,experiments/qwen3_vl_2b_lgvq_single_metric_o2_16frame_54/runs/lgvq_spatial_skip_b050_seed42,8,44113,0.000041,0,0,0,,true,true,2026-09-04T14:42:11.892585+00:00,metadata_only,keep small metadata; no checkpoint to prune
experiments/qwen3_vl_2b_lgvq_single_metric_o2_16frame_54,experiments/qwen3_vl_2b_lgvq_single_metric_o2_16frame_54/runs,lgvq_spatial_tune_alpha50_clean_seed42,experiments/qwen3_vl_2b_lgvq_single_metric_o2_16frame_54/runs/lgvq_spatial_tune_alpha50_clean_seed42,8,40925,0.000038,0,0,0,,true,true,2026-09-04T14:42:11.904585+00:00,metadata_only,keep small metadata; no checkpoint to prune
experiments/qwen3_vl_2b_lgvq_single_metric_o2_16frame_54,experiments/qwen3_vl_2b_lgvq_single_metric_o2_16frame_54/runs,lgvq_spatial_tune_alpha50_robust1_seed42,experiments/qwen3_vl_2b_lgvq_single_metric_o2_16frame_54/runs/lgvq_spatial_tune_alpha50_robust1_seed42,8,46459,0.000043,0,0,0,,true,true,2026-09-04T14:42:11.908585+00:00,metadata_only,keep small metadata; no checkpoint to prune
experiments/qwen3_vl_2b_lgvq_single_metric_o2_16frame_54,experiments/qwen3_vl_2b_lgvq_single_metric_o2_16frame_54/runs,lgvq_spatial_tune_alpha50_robust2_seed42,experiments/qwen3_vl_2b_lgvq_single_metric_o2_16frame_54/runs/lgvq_spatial_tune_alpha50_robust2_seed42,8,46473,0.000043,0,0,0,,true,true,2026-09-04T14:42:11.916584+00:00,metadata_only,keep small metadata; no checkpoint to prune
experiments/qwen3_vl_2b_lgvq_single_metric_o2_16frame_54,experiments/qwen3_vl_2b_lgvq_single_metric_o2_16frame_54/runs,lgvq_spatial_tune_strict_distill_seed42,experiments/qwen3_vl_2b_lgvq_single_metric_o2_16frame_54/runs/lgvq_spatial_tune_strict_distill_seed42,8,80843,0.000075,0,0,0,,true,true,2026-09-04T14:42:11.920584+00:00,metadata_only,keep small metadata; no checkpoint to prune
experiments/qwen3_vl_2b_lgvq_single_metric_o2_16frame_54,experiments/qwen3_vl_2b_lgvq_single_metric_o2_16frame_54/runs,lgvq_spatial_tune_strict_rank2_seed42,experiments/qwen3_vl_2b_lgvq_single_metric_o2_16frame_54/runs/lgvq_spatial_tune_strict_rank2_seed42,8,93958,0.000088,0,0,0,,true,true,2026-09-04T14:42:11.928584+00:00,metadata_only,keep small metadata; no checkpoint to prune
experiments/qwen3_vl_2b_lgvq_single_metric_o2_16frame_54,experiments/qwen3_vl_2b_lgvq_single_metric_o2_16frame_54/runs,lgvq_spatial_tune_strict_rank_seed42,experiments/qwen3_vl_2b_lgvq_single_metric_o2_16frame_54/runs/lgvq_spatial_tune_strict_rank_seed42,8,91686,0.000085,0,0,0,,true,true,2026-09-04T14:42:11.936584+00:00,metadata_only,keep small metadata; no checkpoint to prune
experiments/qwen3_vl_2b_lgvq_single_metric_o2_16frame_54,experiments/qwen3_vl_2b_lgvq_single_metric_o2_16frame_54/runs,lgvq_spatial_vggcontext_crop65_lr1000,experiments/qwen3_vl_2b_lgvq_single_metric_o2_16frame_54/runs/lgvq_spatial_vggcontext_crop65_lr1000,9,44888,0.000042,0,0,0,,true,true,2026-09-04T14:42:11.944584+00:00,metadata_only,keep small metadata; no checkpoint to prune
experiments/qwen3_vl_2b_lgvq_single_metric_o2_16frame_54,experiments/qwen3_vl_2b_lgvq_single_metric_o2_16frame_54/runs,lgvq_spatial_vggcontext_full_lr1000,experiments/qwen3_vl_2b_lgvq_single_metric_o2_16frame_54/runs/lgvq_spatial_vggcontext_full_lr1000,9,74731,0.000070,0,0,0,,true,true,2026-09-04T14:42:11.952584+00:00,metadata_only,keep small metadata; no checkpoint to prune
experiments/qwen3_vl_2b_lgvq_single_metric_o2_16frame_54,experiments/qwen3_vl_2b_lgvq_single_metric_o2_16frame_54/runs,lgvq_spatial_vggcontext_full_lr300,experiments/qwen3_vl_2b_lgvq_single_metric_o2_16frame_54/runs/lgvq_spatial_vggcontext_full_lr300,9,52775,0.000049,0,0,0,,true,true,2026-09-04T14:42:11.960584+00:00,metadata_only,keep small metadata; no checkpoint to prune
experiments/qwen3_vl_2b_lgvq_single_metric_o2_16frame_54,experiments/qwen3_vl_2b_lgvq_single_metric_o2_16frame_54/runs,lgvq_spatial_vggcorr_crop65_lr100,experiments/qwen3_vl_2b_lgvq_single_metric_o2_16frame_54/runs/lgvq_spatial_vggcorr_crop65_lr100,9,88288,0.000082,0,0,0,,true,true,2026-09-04T14:42:11.968584+00:00,metadata_only,keep small metadata; no checkpoint to prune
experiments/qwen3_vl_2b_lgvq_single_metric_o2_16frame_54,experiments/qwen3_vl_2b_lgvq_single_metric_o2_16frame_54/runs,lgvq_spatial_vggcorr_crop65_lr1000,experiments/qwen3_vl_2b_lgvq_single_metric_o2_16frame_54/runs/lgvq_spatial_vggcorr_crop65_lr1000,9,69408,0.000065,0,0,0,,true,true,2026-09-04T14:42:11.980584+00:00,metadata_only,keep small metadata; no checkpoint to prune
experiments/qwen3_vl_2b_lgvq_single_metric_o2_16frame_54,experiments/qwen3_vl_2b_lgvq_single_metric_o2_16frame_54/runs,lgvq_spatial_vggcorr_crop65_lr1000_s93,experiments/qwen3_vl_2b_lgvq_single_metric_o2_16frame_54/runs/lgvq_spatial_vggcorr_crop65_lr1000_s93,9,88311,0.000082,0,0,0,,true,true,2026-09-04T14:42:11.984584+00:00,metadata_only,keep small metadata; no checkpoint to prune
experiments/qwen3_vl_2b_lgvq_single_metric_o2_16frame_54,experiments/qwen3_vl_2b_lgvq_single_metric_o2_16frame_54/runs,lgvq_spatial_vggcorr_crop65_lr300,experiments/qwen3_vl_2b_lgvq_single_metric_o2_16frame_54/runs/lgvq_spatial_vggcorr_crop65_lr300,9,90938,0.000085,0,0,0,,true,true,2026-09-04T14:42:11.996584+00:00,metadata_only,keep small metadata; no checkpoint to prune
experiments/qwen3_vl_2b_lgvq_single_metric_o2_16frame_54,experiments/qwen3_vl_2b_lgvq_single_metric_o2_16frame_54/runs,lgvq_spatial_vggcorr_only_lr100,experiments/qwen3_vl_2b_lgvq_single_metric_o2_16frame_54/runs/lgvq_spatial_vggcorr_only_lr100,10,105219,0.000098,0,0,0,,true,true,2026-09-04T14:42:12.004584+00:00,metadata_only,keep small metadata; no checkpoint to prune
experiments/qwen3_vl_2b_lgvq_single_metric_o2_16frame_54,experiments/qwen3_vl_2b_lgvq_single_metric_o2_16frame_54/runs,lgvq_spatial_vggcorr_only_lr1000,experiments/qwen3_vl_2b_lgvq_single_metric_o2_16frame_54/runs/lgvq_spatial_vggcorr_only_lr1000,9,99268,0.000092,0,0,0,,true,true,2026-09-04T14:42:12.016584+00:00,metadata_only,keep small metadata; no checkpoint to prune
experiments/qwen3_vl_2b_lgvq_single_metric_o2_16frame_54,experiments/qwen3_vl_2b_lgvq_single_metric_o2_16frame_54/runs,lgvq_spatial_vggcorr_only_lr1000_s75,experiments/qwen3_vl_2b_lgvq_single_metric_o2_16frame_54/runs/lgvq_spatial_vggcorr_only_lr1000_s75,18,515342,0.000480,0,0,0,,true,true,2026-09-04T14:42:12.028584+00:00,metadata_only,keep small metadata; no checkpoint to prune
experiments/qwen3_vl_2b_lgvq_single_metric_o2_16frame_54,experiments/qwen3_vl_2b_lgvq_single_metric_o2_16frame_54/runs,lgvq_spatial_vggcorr_only_lr1000_s76,experiments/qwen3_vl_2b_lgvq_single_metric_o2_16frame_54/runs/lgvq_spatial_vggcorr_only_lr1000_s76,9,126492,0.000118,0,0,0,,true,true,2026-09-04T14:42:12.052583+00:00,metadata_only,keep small metadata; no checkpoint to prune
experiments/qwen3_vl_2b_lgvq_single_metric_o2_16frame_54,experiments/qwen3_vl_2b_lgvq_single_metric_o2_16frame_54/runs,lgvq_spatial_vggcorr_only_lr1000_s77,experiments/qwen3_vl_2b_lgvq_single_metric_o2_16frame_54/runs/lgvq_spatial_vggcorr_only_lr1000_s77,16,509881,0.000475,0,0,0,,true,true,2026-09-04T14:42:12.064583+00:00,metadata_only,keep small metadata; no checkpoint to prune
experiments/qwen3_vl_2b_lgvq_single_metric_o2_16frame_54,experiments/qwen3_vl_2b_lgvq_single_metric_o2_16frame_54/runs,lgvq_spatial_vggcorr_only_lr300,experiments/qwen3_vl_2b_lgvq_single_metric_o2_16frame_54/runs/lgvq_spatial_vggcorr_only_lr300,9,104500,0.000097,0,0,0,,true,true,2026-09-04T14:42:12.084583+00:00,metadata_only,keep small metadata; no checkpoint to prune
experiments/qwen3_vl_2b_lgvq_single_metric_o2_16frame_54,experiments/qwen3_vl_2b_lgvq_single_metric_o2_16frame_54/runs,lgvq_spatial_vggcorr_read_lr050,experiments/qwen3_vl_2b_lgvq_single_metric_o2_16frame_54/runs/lgvq_spatial_vggcorr_read_lr050,9,48081,0.000045,0,0,0,,true,true,2026-09-04T14:42:12.096583+00:00,metadata_only,keep small metadata; no checkpoint to prune
experiments/qwen3_vl_2b_lgvq_single_metric_o2_16frame_54,experiments/qwen3_vl_2b_lgvq_single_metric_o2_16frame_54/runs,lgvq_spatial_vggcorr_read_lr100,experiments/qwen3_vl_2b_lgvq_single_metric_o2_16frame_54/runs/lgvq_spatial_vggcorr_read_lr100,9,48079,0.000045,0,0,0,,true,true,2026-09-04T14:42:12.104583+00:00,metadata_only,keep small metadata; no checkpoint to prune
experiments/qwen3_vl_2b_lgvq_single_metric_o2_16frame_54,experiments/qwen3_vl_2b_lgvq_single_metric_o2_16frame_54/runs,lgvq_spatial_vggcorr_read_lr300,experiments/qwen3_vl_2b_lgvq_single_metric_o2_16frame_54/runs/lgvq_spatial_vggcorr_read_lr300,9,45452,0.000042,0,0,0,,true,true,2026-09-04T14:42:12.108583+00:00,metadata_only,keep small metadata; no checkpoint to prune
experiments/qwen3_vl_2b_lgvq_single_metric_o2_16frame_54,experiments/qwen3_vl_2b_lgvq_single_metric_o2_16frame_54/runs,lgvq_spatial_vggcorr_s75_all_lr010,experiments/qwen3_vl_2b_lgvq_single_metric_o2_16frame_54/runs/lgvq_spatial_vggcorr_s75_all_lr010,16,458913,0.000427,0,0,0,,true,true,2026-09-04T14:42:12.120583+00:00,metadata_only,keep small metadata; no checkpoint to prune
experiments/qwen3_vl_2b_lgvq_single_metric_o2_16frame_54,experiments/qwen3_vl_2b_lgvq_single_metric_o2_16frame_54/runs,lgvq_spatial_vggcorr_s75_read_lr010,experiments/qwen3_vl_2b_lgvq_single_metric_o2_16frame_54/runs/lgvq_spatial_vggcorr_s75_read_lr010,16,455978,0.000425,0,0,0,,true,true,2026-09-04T14:42:12.148582+00:00,metadata_only,keep small metadata; no checkpoint to prune
experiments/qwen3_vl_2b_lgvq_single_metric_o2_16frame_54,experiments/qwen3_vl_2b_lgvq_single_metric_o2_16frame_54/runs,lgvq_spatial_vggcorr_s75_read_lr030,experiments/qwen3_vl_2b_lgvq_single_metric_o2_16frame_54/runs/lgvq_spatial_vggcorr_s75_read_lr030,16,455973,0.000425,0,0,0,,true,true,2026-09-04T14:42:12.172582+00:00,metadata_only,keep small metadata; no checkpoint to prune
experiments/qwen3_vl_2b_lgvq_single_metric_o2_16frame_54,experiments/qwen3_vl_2b_lgvq_single_metric_o2_16frame_54/runs,lgvq_spatial_vggcorr_s75_refine_lr100,experiments/qwen3_vl_2b_lgvq_single_metric_o2_16frame_54/runs/lgvq_spatial_vggcorr_s75_refine_lr100,9,90936,0.000085,0,0,0,,true,true,2026-09-04T14:42:12.192582+00:00,metadata_only,keep small metadata; no checkpoint to prune
experiments/qwen3_vl_2b_lgvq_single_metric_o2_16frame_54,experiments/qwen3_vl_2b_lgvq_single_metric_o2_16frame_54/runs,lgvq_spatial_vggcorr_s75_refine_lr300,experiments/qwen3_vl_2b_lgvq_single_metric_o2_16frame_54/runs/lgvq_spatial_vggcorr_s75_refine_lr300,9,90917,0.000085,0,0,0,,true,true,2026-09-04T14:42:12.200582+00:00,metadata_only,keep small metadata; no checkpoint to prune
experiments/qwen3_vl_2b_lgvq_single_metric_o2_16frame_54,experiments/qwen3_vl_2b_lgvq_single_metric_o2_16frame_54/runs,lgvq_spatial_vggcorr_s75_vision_lr100,experiments/qwen3_vl_2b_lgvq_single_metric_o2_16frame_54/runs/lgvq_spatial_vggcorr_s75_vision_lr100,9,94823,0.000088,0,0,0,,true,true,2026-09-04T14:42:12.212582+00:00,metadata_only,keep small metadata; no checkpoint to prune
experiments/qwen3_vl_2b_lgvq_single_metric_o2_16frame_54,experiments/qwen3_vl_2b_lgvq_single_metric_o2_16frame_54/runs,lgvq_spatial_vggcorr_scaled475_final,experiments/qwen3_vl_2b_lgvq_single_metric_o2_16frame_54/runs/lgvq_spatial_vggcorr_scaled475_final,17,46684035,0.043478,2,45858135,2,best_observed_test_calibrated_checkpoint.pt|best_observed_test_checkpoint.pt,true,true,2026-09-03T16:09:56.745472+00:00,formal_candidate,keep_best_checkpoints_and_metrics; review other checkpoints
experiments/qwen3_vl_2b_lgvq_single_metric_o2_16frame_54,experiments/qwen3_vl_2b_lgvq_single_metric_o2_16frame_54/runs,lgvq_spatial_vggcorr_vision_lr050,experiments/qwen3_vl_2b_lgvq_single_metric_o2_16frame_54/runs/lgvq_spatial_vggcorr_vision_lr050,9,46079,0.000043,0,0,0,,true,true,2026-09-04T14:42:12.220582+00:00,metadata_only,keep small metadata; no checkpoint to prune
experiments/qwen3_vl_2b_lgvq_single_metric_o2_16frame_54,experiments/qwen3_vl_2b_lgvq_single_metric_o2_16frame_54/runs,lgvq_spatial_vggcorr_vision_lr100,experiments/qwen3_vl_2b_lgvq_single_metric_o2_16frame_54/runs/lgvq_spatial_vggcorr_vision_lr100,9,48698,0.000045,0,0,0,,true,true,2026-09-04T14:42:12.224582+00:00,metadata_only,keep small metadata; no checkpoint to prune
experiments/qwen3_vl_2b_lgvq_single_metric_o2_16frame_54,experiments/qwen3_vl_2b_lgvq_single_metric_o2_16frame_54/runs,lgvq_spatial_vggcorr_vision_lr300,experiments/qwen3_vl_2b_lgvq_single_metric_o2_16frame_54/runs/lgvq_spatial_vggcorr_vision_lr300,9,48690,0.000045,0,0,0,,true,true,2026-09-04T14:42:12.232582+00:00,metadata_only,keep small metadata; no checkpoint to prune
experiments/qwen3_vl_2b_lgvq_single_metric_o2_16frame_54,experiments/qwen3_vl_2b_lgvq_single_metric_o2_16frame_54/runs,lgvq_temporal_qwenfront_o2_16f54_dc20,experiments/qwen3_vl_2b_lgvq_single_metric_o2_16frame_54/runs/lgvq_temporal_qwenfront_o2_16f54_dc20,14,384962,0.000359,0,0,0,,true,true,2026-09-04T14:42:12.248582+00:00,metadata_only,keep small metadata; no checkpoint to prune
experiments/qwen3_vl_2b_lgvq_single_metric_o2_16frame_54,experiments/qwen3_vl_2b_lgvq_single_metric_o2_16frame_54/runs,lgvq_temporal_qwenfront_o2_16f54_dc20_accuracy,experiments/qwen3_vl_2b_lgvq_single_metric_o2_16frame_54/runs/lgvq_temporal_qwenfront_o2_16f54_dc20_accuracy,38,281329113,0.262008,22,280928604,1,best_observed_test_checkpoint.pt,true,true,2026-09-03T09:55:15.348656+00:00,formal_candidate,keep_best_checkpoints_and_metrics; review other checkpoints
experiments/qwen3_vl_2b_lgvq_single_metric_o2_16frame_54,experiments/qwen3_vl_2b_lgvq_single_metric_o2_16frame_54/runs,lgvq_temporal_qwenfront_o2_16f54_dc20_balanced,experiments/qwen3_vl_2b_lgvq_single_metric_o2_16frame_54/runs/lgvq_temporal_qwenfront_o2_16f54_dc20_balanced,16,363078,0.000338,0,0,0,,true,true,2026-09-04T14:42:12.272582+00:00,metadata_only,keep small metadata; no checkpoint to prune
experiments/qwen3_vl_2b_lgvq_single_metric_o2_16frame_54,experiments/qwen3_vl_2b_lgvq_single_metric_o2_16frame_54/runs,lgvq_temporal_qwenfront_o2_16f54_dc20_balanced_standardized,experiments/qwen3_vl_2b_lgvq_single_metric_o2_16frame_54/runs/lgvq_temporal_qwenfront_o2_16f54_dc20_balanced_standardized,34,286859909,0.267159,16,286488759,2,best_observed_test_checkpoint.pt|calibrated_best_candidate.pt,true,true,2026-09-04T05:18:03.386704+00:00,formal_candidate,keep_best_checkpoints_and_metrics; review other checkpoints
experiments/qwen3_vl_2b_lgvq_single_metric_o2_16frame_54,experiments/qwen3_vl_2b_lgvq_single_metric_o2_16frame_54/runs,lgvq_temporal_qwenfront_o2_36f37_dc20,experiments/qwen3_vl_2b_lgvq_single_metric_o2_16frame_54/runs/lgvq_temporal_qwenfront_o2_36f37_dc20,24,296759184,0.276379,12,296682930,1,best_observed_test_checkpoint.pt,true,true,2026-09-04T05:38:49.217680+00:00,formal_candidate,keep_best_checkpoints_and_metrics; review other checkpoints
experiments/qwen3_vl_2b_lgvq_single_metric_o2_16frame_54,experiments/qwen3_vl_2b_lgvq_single_metric_o2_16frame_54/runs,lgvq_temporal_qwenfront_o2_36f37_dc20_accuracy,experiments/qwen3_vl_2b_lgvq_single_metric_o2_16frame_54/runs/lgvq_temporal_qwenfront_o2_36f37_dc20_accuracy,9,67024,0.000062,0,0,0,,true,true,2026-09-04T14:42:12.296581+00:00,metadata_only,keep small metadata; no checkpoint to prune
experiments/qwen3_vl_2b_lgvq_single_metric_o2_16frame_54,experiments/qwen3_vl_2b_lgvq_single_metric_o2_16frame_54/runs,lgvq_temporal_qwenfront_o2_36f37_dc20_strong_balance,experiments/qwen3_vl_2b_lgvq_single_metric_o2_16frame_54/runs/lgvq_temporal_qwenfront_o2_36f37_dc20_strong_balance,9,70600,0.000066,0,0,0,,true,true,2026-09-04T14:42:12.312581+00:00,metadata_only,keep small metadata; no checkpoint to prune
experiments/qwen3_vl_2b_lgvq_single_metric_o2_16frame_54,experiments/qwen3_vl_2b_lgvq_single_metric_o2_16frame_54/runs,lgvq_temporal_qwenfront_o2_9f77_dc20_accuracy,experiments/qwen3_vl_2b_lgvq_single_metric_o2_16frame_54/runs/lgvq_temporal_qwenfront_o2_9f77_dc20_accuracy,16,395143,0.000368,0,0,0,,true,true,2026-09-04T14:42:12.340581+00:00,metadata_only,keep small metadata; no checkpoint to prune
experiments/qwen3_vl_2b_lgvq_single_metric_o2_16frame_54,experiments/qwen3_vl_2b_lgvq_single_metric_o2_16frame_54/runs,lgvq_temporal_qwenfront_o2_9f77_dc20_balanced,experiments/qwen3_vl_2b_lgvq_single_metric_o2_16frame_54/runs/lgvq_temporal_qwenfront_o2_9f77_dc20_balanced,16,395306,0.000368,0,0,0,,true,true,2026-09-04T14:42:12.384581+00:00,metadata_only,keep small metadata; no checkpoint to prune
experiments/qwen3_vl_2b_lgvq_single_metric_o2_16frame_54,experiments/qwen3_vl_2b_lgvq_single_metric_o2_16frame_54/runs,lgvq_temporal_qwenfront_o2_9f77_dc20_compact,experiments/qwen3_vl_2b_lgvq_single_metric_o2_16frame_54/runs/lgvq_temporal_qwenfront_o2_9f77_dc20_compact,24,3669858,0.003418,0,0,0,,true,true,2026-09-04T14:42:12.444580+00:00,metadata_only,keep small metadata; no checkpoint to prune
experiments/qwen3_vl_2b_lgvq_single_metric_o2_16frame_54,experiments/qwen3_vl_2b_lgvq_single_metric_o2_16frame_54/runs,lgvq_temporal_qwenfront_o2_9f77_dc20_detector_standardized,experiments/qwen3_vl_2b_lgvq_single_metric_o2_16frame_54/runs/lgvq_temporal_qwenfront_o2_9f77_dc20_detector_standardized,17,407604,0.000380,0,0,0,,true,true,2026-09-04T14:42:12.484580+00:00,metadata_only,keep small metadata; no checkpoint to prune
experiments/qwen3_vl_2b_lgvq_single_metric_o2_16frame_54,experiments/qwen3_vl_2b_lgvq_single_metric_o2_16frame_54/runs,lgvq_temporal_qwenfront_o2_9f77_dc20_flatfield,experiments/qwen3_vl_2b_lgvq_single_metric_o2_16frame_54/runs/lgvq_temporal_qwenfront_o2_9f77_dc20_flatfield,17,406766,0.000379,0,0,0,,true,true,2026-09-04T14:42:12.528579+00:00,metadata_only,keep small metadata; no checkpoint to prune
experiments/qwen3_vl_2b_lgvq_single_metric_o2_16frame_54,experiments/qwen3_vl_2b_lgvq_single_metric_o2_16frame_54/runs,lgvq_temporal_qwenfront_o2_9f77_dc20_serial_balanced,experiments/qwen3_vl_2b_lgvq_single_metric_o2_16frame_54/runs/lgvq_temporal_qwenfront_o2_9f77_dc20_serial_balanced,16,405487,0.000378,0,0,0,,true,true,2026-09-04T14:42:12.572579+00:00,metadata_only,keep small metadata; no checkpoint to prune
experiments/qwen3_vl_2b_lgvq_single_metric_o2_16frame_54,experiments/qwen3_vl_2b_lgvq_single_metric_o2_16frame_54/runs,lgvq_temporal_qwenfront_o2_9f77_dc20_serial_reset,experiments/qwen3_vl_2b_lgvq_single_metric_o2_16frame_54/runs/lgvq_temporal_qwenfront_o2_9f77_dc20_serial_reset,16,405443,0.000378,0,0,0,,true,true,2026-09-04T14:42:12.616579+00:00,metadata_only,keep small metadata; no checkpoint to prune
experiments/qwen3_vl_2b_lgvq_single_metric_o2_16frame_54,experiments/qwen3_vl_2b_lgvq_single_metric_o2_16frame_54/runs,lgvq_temporal_qwenfront_o2_9f77_dc20_tradeoff_refine,experiments/qwen3_vl_2b_lgvq_single_metric_o2_16frame_54/runs/lgvq_temporal_qwenfront_o2_9f77_dc20_tradeoff_refine,16,406383,0.000378,0,0,0,,true,true,2026-09-04T14:42:12.668578+00:00,metadata_only,keep small metadata; no checkpoint to prune
experiments/qwen3_vl_2b_lgvq_single_metric_o2_16frame_54,experiments/qwen3_vl_2b_lgvq_single_metric_o2_16frame_54/runs,lgvq_temporal_qwenfront_o2_9f77_dc20_zero_order_aware,experiments/qwen3_vl_2b_lgvq_single_metric_o2_16frame_54/runs/lgvq_temporal_qwenfront_o2_9f77_dc20_zero_order_aware,10,31569,0.000029,0,0,0,,true,true,2026-09-04T14:42:12.696578+00:00,metadata_only,keep small metadata; no checkpoint to prune
experiments/qwen3_vl_2b_lgvq_single_metric_o2_16frame_54,experiments/qwen3_vl_2b_lgvq_single_metric_o2_16frame_54/runs,lgvq_temporal_qwenfront_o2_9f77_dc20_zero_order_crop,experiments/qwen3_vl_2b_lgvq_single_metric_o2_16frame_54/runs/lgvq_temporal_qwenfront_o2_9f77_dc20_zero_order_crop,60,293999290,0.273808,22,287226716,1,best_observed_test_checkpoint.pt,true,true,2026-09-04T01:24:33.414488+00:00,formal_candidate,keep_best_checkpoints_and_metrics; review other checkpoints
experiments/qwen3_vl_2b_lgvq_single_metric_o2_16frame_54,experiments/qwen3_vl_2b_lgvq_single_metric_o2_16frame_54/runs,lgvq_temporal_qwenfront_o2_9f77_dc20_zero_order_rebalance,experiments/qwen3_vl_2b_lgvq_single_metric_o2_16frame_54/runs/lgvq_temporal_qwenfront_o2_9f77_dc20_zero_order_rebalance,16,405378,0.000378,0,0,0,,true,true,2026-09-04T14:42:12.716578+00:00,metadata_only,keep small metadata; no checkpoint to prune
experiments/qwen3_vl_2b_lgvq_single_metric_o2_16frame_54,experiments/qwen3_vl_2b_lgvq_single_metric_o2_16frame_54/runs,lgvq_temporal_qwenfront_o2_9f77_dc20_zero_order_strong_balance,experiments/qwen3_vl_2b_lgvq_single_metric_o2_16frame_54/runs/lgvq_temporal_qwenfront_o2_9f77_dc20_zero_order_strong_balance,16,405841,0.000378,0,0,0,,true,true,2026-09-04T14:42:12.752578+00:00,metadata_only,keep small metadata; no checkpoint to prune
experiments/qwen3_vl_2b_lgvq_single_metric_o2_16frame_54,experiments/qwen3_vl_2b_lgvq_single_metric_o2_16frame_54/runs,server_jobs,experiments/qwen3_vl_2b_lgvq_single_metric_o2_16frame_54/runs/server_jobs,69,452230,0.000421,0,0,0,,false,false,2026-09-04T14:31:40.321412+00:00,unclassified,manual review
experiments/qwen3_vl_2b_lgvq_single_metric_o2_16frame_54,experiments/qwen3_vl_2b_lgvq_single_metric_o2_16frame_54/runs,spatial_post_optical_probe_seed42,experiments/qwen3_vl_2b_lgvq_single_metric_o2_16frame_54/runs/spatial_post_optical_probe_seed42,3,234031,0.000218,0,0,0,,false,false,2026-09-03T11:29:37.009985+00:00,unclassified,manual review
experiments/qwen3_vl_2b_lgvq_single_metric_o2_16frame_54,experiments/qwen3_vl_2b_lgvq_single_metric_o2_16frame_54/runs,temporal9_cache_logs,experiments/qwen3_vl_2b_lgvq_single_metric_o2_16frame_54/runs/temporal9_cache_logs,18,40609,0.000038,0,0,0,,false,false,2026-09-03T16:41:06.435409+00:00,unclassified,manual review
experiments/qwen3_vl_2b_lgvq_single_metric_o2_16frame_54,experiments/qwen3_vl_2b_lgvq_single_metric_o2_16frame_54/runs,temporal9_training_logs,experiments/qwen3_vl_2b_lgvq_single_metric_o2_16frame_54/runs/temporal9_training_logs,12,105602,0.000098,0,0,0,,false,false,2026-09-03T17:39:21.188111+00:00,unclassified,manual review
experiments/qwen3_vl_2b_lgvq_spatiotemporal_optical_router_vqa,experiments/qwen3_vl_2b_lgvq_spatiotemporal_optical_router_vqa/runs,lgvq_o2,experiments/qwen3_vl_2b_lgvq_spatiotemporal_optical_router_vqa/runs/lgvq_o2,1,51424287,0.047893,1,51424287,1,best_observed_test_checkpoint.pt,false,false,2026-09-02T12:29:01.489083+00:00,checkpoint_without_clear_best,manual review before pruning
experiments/qwen3_vl_2b_openmoji_instruction_four_stage_optical_editing,experiments/qwen3_vl_2b_openmoji_instruction_four_stage_optical_editing/runs,pilot_gpu,experiments/qwen3_vl_2b_openmoji_instruction_four_stage_optical_editing/runs/pilot_gpu,157,160509059,0.149486,3,150367897,1,checkpoints/best_train_loss.pt,true,true,2026-08-18T09:17:38.352338+00:00,formal_candidate,keep_best_checkpoints_and_metrics; review other checkpoints
experiments/qwen3_vl_2b_openmoji_instruction_four_stage_optical_editing,experiments/qwen3_vl_2b_openmoji_instruction_four_stage_optical_editing/runs,smoke,experiments/qwen3_vl_2b_openmoji_instruction_four_stage_optical_editing/runs/smoke,31,150699679,0.140350,3,150367897,1,checkpoints/best_train_loss.pt,true,true,2026-08-18T08:57:17.552322+00:00,formal_candidate,keep_best_checkpoints_and_metrics; review other checkpoints
experiments/qwen3_vl_2b_spaq_single_attribute_multimodal_electronic_router_moe16_224,experiments/qwen3_vl_2b_spaq_single_attribute_multimodal_electronic_router_moe16_224/runs,_benchmark_epoch40_sam_3way_batch4,experiments/qwen3_vl_2b_spaq_single_attribute_multimodal_electronic_router_moe16_224/runs/_benchmark_epoch40_sam_3way_batch4,14,39312839,0.036613,3,39104512,3,checkpoints/language_moe_best.pt|checkpoints/student_head_best.pt|checkpoints/vision_moe_best.pt,false,false,2026-07-26T09:41:36.546448+00:00,checkpoint_without_clear_best,manual review before pruning
experiments/qwen3_vl_2b_spaq_single_attribute_multimodal_electronic_router_moe16_224,experiments/qwen3_vl_2b_spaq_single_attribute_multimodal_electronic_router_moe16_224/runs,qwen3_vl_2b_spaq_mos_moe16_224_epoch40_regularized_finetune_sam_3way_batch8,experiments/qwen3_vl_2b_spaq_single_attribute_multimodal_electronic_router_moe16_224/runs/qwen3_vl_2b_spaq_mos_moe16_224_epoch40_regularized_finetune_sam_3way_batch8,161,890552164,0.829391,66,860525424,3,checkpoints/language_moe_best.pt|checkpoints/student_head_best.pt|checkpoints/vision_moe_best.pt,false,false,2026-07-26T13:19:41.170518+00:00,checkpoint_without_clear_best,manual review before pruning
experiments/qwen3_vl_2b_spaq_single_attribute_multimodal_electronic_router_moe16_224,experiments/qwen3_vl_2b_spaq_single_attribute_multimodal_electronic_router_moe16_224/runs,qwen3_vl_2b_spaq_mos_moe16_224_epoch77_regularized_finetune,experiments/qwen3_vl_2b_spaq_single_attribute_multimodal_electronic_router_moe16_224/runs/qwen3_vl_2b_spaq_mos_moe16_224_epoch77_regularized_finetune,44,278429338,0.259308,21,273798460,3,checkpoints/language_moe_best.pt|checkpoints/student_head_best.pt|checkpoints/vision_moe_best.pt,false,false,2026-07-26T09:32:43.939593+00:00,checkpoint_without_clear_best,manual review before pruning
experiments/qwen3_vl_2b_spaq_single_attribute_multimodal_electronic_router_moe16_224,experiments/qwen3_vl_2b_spaq_single_attribute_multimodal_electronic_router_moe16_224/runs,qwen3_vl_2b_spaq_mos_moe16_224_epoch77_regularized_finetune_sam,experiments/qwen3_vl_2b_spaq_single_attribute_multimodal_electronic_router_moe16_224/runs/qwen3_vl_2b_spaq_mos_moe16_224_epoch77_regularized_finetune_sam,50,318398995,0.296532,24,312912840,3,checkpoints/language_moe_best.pt|checkpoints/student_head_best.pt|checkpoints/vision_moe_best.pt,false,false,2026-07-26T12:50:55.182327+00:00,checkpoint_without_clear_best,manual review before pruning
experiments/qwen3_vl_2b_spaq_single_attribute_multimodal_electronic_router_moe16_224,experiments/qwen3_vl_2b_spaq_single_attribute_multimodal_electronic_router_moe16_224/runs,qwen3_vl_2b_spaq_mos_moe16_224_epoch90_aggressive_rank_nin_sam_3way_batch8,experiments/qwen3_vl_2b_spaq_single_attribute_multimodal_electronic_router_moe16_224/runs/qwen3_vl_2b_spaq_mos_moe16_224_epoch90_aggressive_rank_nin_sam_3way_batch8,82,596147953,0.555206,45,586724892,3,checkpoints/language_moe_best.pt|checkpoints/student_head_best.pt|checkpoints/vision_moe_best.pt,false,false,2026-07-26T16:45:09.498747+00:00,checkpoint_without_clear_best,manual review before pruning
experiments/qwen3_vl_2b_spaq_single_attribute_multimodal_electronic_router_moe16_224,experiments/qwen3_vl_2b_spaq_single_attribute_multimodal_electronic_router_moe16_224/runs,qwen3_vl_2b_spaq_mos_multimodal_electronic_router_moe16_224,experiments/qwen3_vl_2b_spaq_single_attribute_multimodal_electronic_router_moe16_224/runs/qwen3_vl_2b_spaq_mos_multimodal_electronic_router_moe16_224,78,478720350,0.445843,39,469505906,3,checkpoints/language_moe_best.pt|checkpoints/student_head_best.pt|checkpoints/vision_moe_best.pt,false,false,2026-07-25T20:58:21.261977+00:00,checkpoint_without_clear_best,manual review before pruning
experiments/qwen3_vl_2b_synthetic_instruction_four_stage_optical_editing,experiments/qwen3_vl_2b_synthetic_instruction_four_stage_optical_editing/runs,pilot_gpu,experiments/qwen3_vl_2b_synthetic_instruction_four_stage_optical_editing/runs/pilot_gpu,13,156263464,0.145532,3,156176613,1,checkpoints/best_train_loss.pt,true,true,2026-08-18T07:08:39.823725+00:00,formal_candidate,keep_best_checkpoints_and_metrics; review other checkpoints
experiments/qwen3_vl_2b_synthetic_instruction_four_stage_optical_editing,experiments/qwen3_vl_2b_synthetic_instruction_four_stage_optical_editing/runs,smoke,experiments/qwen3_vl_2b_synthetic_instruction_four_stage_optical_editing/runs/smoke,12,156227374,0.145498,3,156176549,1,checkpoints/best_train_loss.pt,true,true,2026-08-18T07:02:37.278215+00:00,formal_candidate,keep_best_checkpoints_and_metrics; review other checkpoints
experiments/qwen3_vl_2b_synthetic_instruction_four_stage_optical_editing,experiments/qwen3_vl_2b_synthetic_instruction_four_stage_optical_editing/runs,v1,experiments/qwen3_vl_2b_synthetic_instruction_four_stage_optical_editing/runs/v1,193,193382104,0.180101,3,156177381,1,checkpoints/best_train_loss.pt,true,true,2026-08-18T12:14:27.971055+00:00,formal_candidate,keep_best_checkpoints_and_metrics; review other checkpoints
experiments/qwen3_vl_2b_synthetic_instruction_four_stage_optical_editing,experiments/qwen3_vl_2b_synthetic_instruction_four_stage_optical_editing/runs,v1_pre_epoch_test_archive,experiments/qwen3_vl_2b_synthetic_instruction_four_stage_optical_editing/runs/v1_pre_epoch_test_archive,12,136250098,0.126893,2,135552901,1,checkpoints/best_train_loss.pt,true,true,2026-08-18T07:29:45.942669+00:00,formal_candidate,keep_best_checkpoints_and_metrics; review other checkpoints
experiments/qwen3_vl_embedding_2b_abo_product_retrieval_optical_moe16,experiments/qwen3_vl_embedding_2b_abo_product_retrieval_optical_moe16/runs,qwen3_vl_embedding_2b_abo_product_retrieval_multimodal_moe16_3000,experiments/qwen3_vl_embedding_2b_abo_product_retrieval_optical_moe16/runs/qwen3_vl_embedding_2b_abo_product_retrieval_multimodal_moe16_3000,27,282284099,0.262898,7,270131756,3,checkpoints/stage1_best_train_loss.pt|checkpoints/stage2_best_train_loss.pt|checkpoints/teacher_adapter_best.pt,true,true,2026-07-31T00:02:38.012897+00:00,formal_candidate,keep_best_checkpoints_and_metrics; review other checkpoints
experiments/qwen3_vl_embedding_2b_abo_product_retrieval_optical_moe16,experiments/qwen3_vl_embedding_2b_abo_product_retrieval_optical_moe16/runs,qwen3_vl_embedding_2b_abo_product_retrieval_multimodal_moe16_smoke,experiments/qwen3_vl_embedding_2b_abo_product_retrieval_optical_moe16/runs/qwen3_vl_embedding_2b_abo_product_retrieval_multimodal_moe16_smoke,23,248856922,0.231766,7,248771116,3,checkpoints/stage1_best_train_loss.pt|checkpoints/stage2_best_train_loss.pt|checkpoints/teacher_adapter_best.pt,true,true,2026-07-30T13:23:16.048090+00:00,formal_candidate,keep_best_checkpoints_and_metrics; review other checkpoints
experiments/qwen3_vl_embedding_2b_abo_product_retrieval_optical_moe16,experiments/qwen3_vl_embedding_2b_abo_product_retrieval_optical_moe16/runs,qwen3_vl_embedding_2b_abo_product_retrieval_optical_moe16_3000,experiments/qwen3_vl_embedding_2b_abo_product_retrieval_optical_moe16/runs/qwen3_vl_embedding_2b_abo_product_retrieval_optical_moe16_3000,30,140008576,0.130393,5,128035750,2,checkpoints/stage1_best_train_loss.pt|checkpoints/stage2_best_train_loss.pt,true,true,2026-07-30T08:57:28.121109+00:00,formal_candidate,keep_best_checkpoints_and_metrics; review other checkpoints
experiments/qwen3_vl_embedding_2b_abo_product_retrieval_optical_moe16,experiments/qwen3_vl_embedding_2b_abo_product_retrieval_optical_moe16/runs,qwen3_vl_embedding_2b_abo_product_retrieval_optical_moe16_500,experiments/qwen3_vl_embedding_2b_abo_product_retrieval_optical_moe16/runs/qwen3_vl_embedding_2b_abo_product_retrieval_optical_moe16_500,27,120111701,0.111863,5,114535846,2,checkpoints/stage1_best_train_loss.pt|checkpoints/stage2_best_train_loss.pt,true,true,2026-07-29T14:58:18.026413+00:00,formal_candidate,keep_best_checkpoints_and_metrics; review other checkpoints
experiments/qwen3_vl_embedding_2b_abo_product_retrieval_optical_moe16,experiments/qwen3_vl_embedding_2b_abo_product_retrieval_optical_moe16/runs,qwen3_vl_embedding_2b_abo_product_retrieval_optical_moe16_smoke,experiments/qwen3_vl_embedding_2b_abo_product_retrieval_optical_moe16/runs/qwen3_vl_embedding_2b_abo_product_retrieval_optical_moe16_smoke,26,115606727,0.107667,5,111943846,2,checkpoints/stage1_best_train_loss.pt|checkpoints/stage2_best_train_loss.pt,true,true,2026-07-29T14:35:16.456993+00:00,formal_candidate,keep_best_checkpoints_and_metrics; review other checkpoints
experiments/qwen3_vl_embedding_2b_awa2_animal10_optical_retrieval,experiments/qwen3_vl_embedding_2b_awa2_animal10_optical_retrieval/runs,awa2_10class_finetune_epoch50,experiments/qwen3_vl_embedding_2b_awa2_animal10_optical_retrieval/runs/awa2_10class_finetune_epoch50,46,306505003,0.285455,13,225209312,5,best_continuation_from_epoch_0030.pt|best_observed_test_checkpoint.pt|best_train_loss_checkpoint.pt|ema_best_observed_test_checkpoint.pt|ema_best_train_loss_checkpoint.pt,true,true,2026-08-11T14:25:04.808891+00:00,formal_candidate,keep_best_checkpoints_and_metrics; review other checkpoints
experiments/qwen3_vl_embedding_2b_awa2_animal10_optical_retrieval,experiments/qwen3_vl_embedding_2b_awa2_animal10_optical_retrieval/runs,awa2_50class_pretrain,experiments/qwen3_vl_embedding_2b_awa2_animal10_optical_retrieval/runs/awa2_50class_pretrain,41,254081962,0.236632,10,150754262,2,best_train_loss_checkpoint.pt|ema_best_train_loss_checkpoint.pt,true,true,2026-08-11T13:58:02.083553+00:00,formal_candidate,keep_best_checkpoints_and_metrics; review other checkpoints
experiments/qwen3_vl_embedding_2b_bdd100k_bench2drive_e2e_optical_moe16,experiments/qwen3_vl_embedding_2b_bdd100k_bench2drive_e2e_optical_moe16/runs,_smoke,experiments/qwen3_vl_embedding_2b_bdd100k_bench2drive_e2e_optical_moe16/runs/_smoke,29,148335744,0.138148,10,147087600,3,qwen_bench2drive_base_scratch_runtime/checkpoints/bc_policy_best.pt|qwen_bench2drive_base_scratch_runtime/checkpoints/bc_stage1_best.pt|qwen_bench2drive_base_scratch_runtime/checkpoints/bc_stage2_best.pt,false,true,2026-08-02T08:32:36.504812+00:00,checkpoint_without_clear_best,manual review before pruning
experiments/qwen3_vl_embedding_2b_bdd100k_bench2drive_e2e_optical_moe16,experiments/qwen3_vl_embedding_2b_bdd100k_bench2drive_e2e_optical_moe16/runs,carla_runtime,experiments/qwen3_vl_embedding_2b_bdd100k_bench2drive_e2e_optical_moe16/runs/carla_runtime,4,967,0.000001,0,0,0,,false,false,2026-08-02T08:29:25.935105+00:00,unclassified,manual review
experiments/qwen3_vl_embedding_2b_bdd100k_bench2drive_e2e_optical_moe16,experiments/qwen3_vl_embedding_2b_bdd100k_bench2drive_e2e_optical_moe16/runs,qwen3_vl_embedding_2b_bdd100k_bench2drive_e2e_optical_moe16,experiments/qwen3_vl_embedding_2b_bdd100k_bench2drive_e2e_optical_moe16/runs/qwen3_vl_embedding_2b_bdd100k_bench2drive_e2e_optical_moe16,1,5609,0.000005,0,0,0,,false,true,2026-07-30T08:58:19.716384+00:00,unclassified,manual review
experiments/qwen3_vl_embedding_2b_bdd100k_bench2drive_e2e_optical_moe16,experiments/qwen3_vl_embedding_2b_bdd100k_bench2drive_e2e_optical_moe16/runs,qwen3_vl_embedding_2b_bench2drive_base_scratch_moe16,experiments/qwen3_vl_embedding_2b_bdd100k_bench2drive_e2e_optical_moe16/runs/qwen3_vl_embedding_2b_bench2drive_base_scratch_moe16,5,17283,0.000016,0,0,0,,false,true,2026-08-02T07:27:33.361936+00:00,unclassified,manual review
experiments/qwen3_vl_embedding_2b_caltech101_balanced_optical_fusion_ablation,experiments/qwen3_vl_embedding_2b_caltech101_balanced_optical_fusion_ablation/runs,alpha_free_scale_matched,experiments/qwen3_vl_embedding_2b_caltech101_balanced_optical_fusion_ablation/runs/alpha_free_scale_matched,53,371952611,0.346408,17,324473755,4,best_observed_test_checkpoint.pt|best_train_loss_checkpoint.pt|ema_best_observed_test_checkpoint.pt|ema_best_train_loss_checkpoint.pt,true,true,2026-09-02T05:18:09.912290+00:00,formal_candidate,keep_best_checkpoints_and_metrics; review other checkpoints
experiments/qwen3_vl_embedding_2b_caltech101_balanced_optical_fusion_ablation,experiments/qwen3_vl_embedding_2b_caltech101_balanced_optical_fusion_ablation/runs,alpha_high_gt_0p5,experiments/qwen3_vl_embedding_2b_caltech101_balanced_optical_fusion_ablation/runs/alpha_high_gt_0p5,53,369214133,0.343857,17,324473755,4,best_observed_test_checkpoint.pt|best_train_loss_checkpoint.pt|ema_best_observed_test_checkpoint.pt|ema_best_train_loss_checkpoint.pt,true,true,2026-09-02T05:18:17.376243+00:00,formal_candidate,keep_best_checkpoints_and_metrics; review other checkpoints
experiments/qwen3_vl_embedding_2b_caltech101_balanced_optical_fusion_ablation,experiments/qwen3_vl_embedding_2b_caltech101_balanced_optical_fusion_ablation/runs,alpha_low_lt_0p5,experiments/qwen3_vl_embedding_2b_caltech101_balanced_optical_fusion_ablation/runs/alpha_low_lt_0p5,53,371901692,0.346360,17,324473755,4,best_observed_test_checkpoint.pt|best_train_loss_checkpoint.pt|ema_best_observed_test_checkpoint.pt|ema_best_train_loss_checkpoint.pt,true,true,2026-09-02T05:18:13.916265+00:00,formal_candidate,keep_best_checkpoints_and_metrics; review other checkpoints
experiments/qwen3_vl_embedding_2b_caltech101_balanced_optical_fusion_ablation,experiments/qwen3_vl_embedding_2b_caltech101_balanced_optical_fusion_ablation/runs,electronic_only_retrained,experiments/qwen3_vl_embedding_2b_caltech101_balanced_optical_fusion_ablation/runs/electronic_only_retrained,20,150162050,0.139849,6,149608288,4,best_observed_test_checkpoint.pt|best_train_loss_checkpoint.pt|ema_best_observed_test_checkpoint.pt|ema_best_train_loss_checkpoint.pt,true,true,2026-09-02T04:56:02.328753+00:00,formal_candidate,keep_best_checkpoints_and_metrics; review other checkpoints
experiments/qwen3_vl_embedding_2b_caltech101_balanced_optical_fusion_ablation,experiments/qwen3_vl_embedding_2b_caltech101_balanced_optical_fusion_ablation/runs,epoch010_eval_free_remove_optical,experiments/qwen3_vl_embedding_2b_caltech101_balanced_optical_fusion_ablation/runs/epoch010_eval_free_remove_optical,11,815228,0.000759,0,0,0,,true,true,2026-09-02T04:52:52.289953+00:00,metadata_only,keep small metadata; no checkpoint to prune
experiments/qwen3_vl_embedding_2b_caltech101_balanced_optical_fusion_ablation,experiments/qwen3_vl_embedding_2b_caltech101_balanced_optical_fusion_ablation/runs,epoch010_eval_high_remove_optical,experiments/qwen3_vl_embedding_2b_caltech101_balanced_optical_fusion_ablation/runs/epoch010_eval_high_remove_optical,11,815517,0.000760,0,0,0,,true,true,2026-09-02T04:55:38.996900+00:00,metadata_only,keep small metadata; no checkpoint to prune
experiments/qwen3_vl_embedding_2b_caltech101_balanced_optical_fusion_ablation,experiments/qwen3_vl_embedding_2b_caltech101_balanced_optical_fusion_ablation/runs,epoch010_eval_low_remove_optical,experiments/qwen3_vl_embedding_2b_caltech101_balanced_optical_fusion_ablation/runs/epoch010_eval_low_remove_optical,11,814833,0.000759,0,0,0,,true,true,2026-09-02T04:54:08.365472+00:00,metadata_only,keep small metadata; no checkpoint to prune
experiments/qwen3_vl_embedding_2b_caltech101_balanced_optical_fusion_ablation,experiments/qwen3_vl_embedding_2b_caltech101_balanced_optical_fusion_ablation/runs,final_eval_free_remove_optical,experiments/qwen3_vl_embedding_2b_caltech101_balanced_optical_fusion_ablation/runs/final_eval_free_remove_optical,11,815249,0.000759,0,0,0,,true,true,2026-09-02T05:15:45.185204+00:00,metadata_only,keep small metadata; no checkpoint to prune
experiments/qwen3_vl_embedding_2b_caltech101_balanced_optical_fusion_ablation,experiments/qwen3_vl_embedding_2b_caltech101_balanced_optical_fusion_ablation/runs,final_eval_high_remove_optical,experiments/qwen3_vl_embedding_2b_caltech101_balanced_optical_fusion_ablation/runs/final_eval_high_remove_optical,11,815538,0.000760,0,0,0,,true,true,2026-09-02T05:17:21.080598+00:00,metadata_only,keep small metadata; no checkpoint to prune
experiments/qwen3_vl_embedding_2b_caltech101_balanced_optical_fusion_ablation,experiments/qwen3_vl_embedding_2b_caltech101_balanced_optical_fusion_ablation/runs,final_eval_low_remove_optical,experiments/qwen3_vl_embedding_2b_caltech101_balanced_optical_fusion_ablation/runs/final_eval_low_remove_optical,11,814854,0.000759,0,0,0,,true,true,2026-09-02T05:16:30.076920+00:00,metadata_only,keep small metadata; no checkpoint to prune
experiments/qwen3_vl_embedding_2b_caltech101_balanced_optical_fusion_ablation,experiments/qwen3_vl_embedding_2b_caltech101_balanced_optical_fusion_ablation/runs,logs,experiments/qwen3_vl_embedding_2b_caltech101_balanced_optical_fusion_ablation/runs/logs,5,1510976,0.001407,0,0,0,,false,false,2026-09-02T11:21:07.065632+00:00,unclassified,manual review
experiments/qwen3_vl_embedding_2b_caltech101_electronic_retrieval,experiments/qwen3_vl_embedding_2b_caltech101_electronic_retrieval/runs,caltech101_target10_electronic_direct,experiments/qwen3_vl_embedding_2b_caltech101_electronic_retrieval/runs/caltech101_target10_electronic_direct,5,102157,0.000095,0,0,0,,false,true,2026-08-16T00:46:20.760201+00:00,unclassified,manual review
experiments/qwen3_vl_embedding_2b_caltech101_electronic_retrieval,experiments/qwen3_vl_embedding_2b_caltech101_electronic_retrieval/runs,caltech101_target10_electronic_token_mixer,experiments/qwen3_vl_embedding_2b_caltech101_electronic_retrieval/runs/caltech101_target10_electronic_token_mixer,18,150200577,0.139885,6,149624500,4,best_observed_test_checkpoint.pt|best_train_loss_checkpoint.pt|ema_best_observed_test_checkpoint.pt|ema_best_train_loss_checkpoint.pt,true,true,2026-08-16T06:21:05.710029+00:00,formal_candidate,keep_best_checkpoints_and_metrics; review other checkpoints
experiments/qwen3_vl_embedding_2b_caltech101_electronic_retrieval,experiments/qwen3_vl_embedding_2b_caltech101_electronic_retrieval/runs,caltech101_target10_electronic_token_mixer_2layer,experiments/qwen3_vl_embedding_2b_caltech101_electronic_retrieval/runs/caltech101_target10_electronic_token_mixer_2layer,18,123097113,0.114643,6,122524628,4,best_observed_test_checkpoint.pt|best_train_loss_checkpoint.pt|ema_best_observed_test_checkpoint.pt|ema_best_train_loss_checkpoint.pt,true,true,2026-08-16T08:07:52.747737+00:00,formal_candidate,keep_best_checkpoints_and_metrics; review other checkpoints
experiments/qwen3_vl_embedding_2b_caltech101_electronic_retrieval,experiments/qwen3_vl_embedding_2b_caltech101_electronic_retrieval/runs,caltech101_target10_electronic_token_mixer_2layer_no_deepstack,experiments/qwen3_vl_embedding_2b_caltech101_electronic_retrieval/runs/caltech101_target10_electronic_token_mixer_2layer_no_deepstack,18,123096989,0.114643,6,122524628,4,best_observed_test_checkpoint.pt|best_train_loss_checkpoint.pt|ema_best_observed_test_checkpoint.pt|ema_best_train_loss_checkpoint.pt,true,true,2026-08-16T09:35:15.331180+00:00,formal_candidate,keep_best_checkpoints_and_metrics; review other checkpoints
experiments/qwen3_vl_embedding_2b_caltech101_electronic_retrieval,experiments/qwen3_vl_embedding_2b_caltech101_electronic_retrieval/runs,caltech101_target10_electronic_vision2d_no_deepstack,experiments/qwen3_vl_embedding_2b_caltech101_electronic_retrieval/runs/caltech101_target10_electronic_vision2d_no_deepstack,23,123496965,0.115016,6,122638242,4,best_observed_test_checkpoint.pt|best_train_loss_checkpoint.pt|ema_best_observed_test_checkpoint.pt|ema_best_train_loss_checkpoint.pt,true,true,2026-08-26T13:03:03.545310+00:00,formal_candidate,keep_best_checkpoints_and_metrics; review other checkpoints
experiments/qwen3_vl_embedding_2b_caltech101_electronic_retrieval,experiments/qwen3_vl_embedding_2b_caltech101_electronic_retrieval/runs,caltech101_target10_mlp_all_data,experiments/qwen3_vl_embedding_2b_caltech101_electronic_retrieval/runs/caltech101_target10_mlp_all_data,25,83839360,0.078081,6,64313300,4,best_observed_test_checkpoint.pt|best_train_loss_checkpoint.pt|ema_best_observed_test_checkpoint.pt|ema_best_train_loss_checkpoint.pt,true,true,2026-08-17T12:21:10.697334+00:00,formal_candidate,keep_best_checkpoints_and_metrics; review other checkpoints
experiments/qwen3_vl_embedding_2b_caltech101_electronic_retrieval,experiments/qwen3_vl_embedding_2b_caltech101_electronic_retrieval/runs,caltech101_target10_mlp_all_data_teacher_kd,experiments/qwen3_vl_embedding_2b_caltech101_electronic_retrieval/runs/caltech101_target10_mlp_all_data_teacher_kd,19,64883912,0.060428,6,64313300,4,best_observed_test_checkpoint.pt|best_train_loss_checkpoint.pt|ema_best_observed_test_checkpoint.pt|ema_best_train_loss_checkpoint.pt,true,true,2026-08-16T03:25:22.795861+00:00,formal_candidate,keep_best_checkpoints_and_metrics; review other checkpoints
experiments/qwen3_vl_embedding_2b_caltech101_electronic_retrieval,experiments/qwen3_vl_embedding_2b_caltech101_electronic_retrieval/runs,smoke_target10_electronic,experiments/qwen3_vl_embedding_2b_caltech101_electronic_retrieval/runs/smoke_target10_electronic,28,358440787,0.333824,6,329636036,4,best_observed_test_checkpoint.pt|best_train_loss_checkpoint.pt|ema_best_observed_test_checkpoint.pt|ema_best_train_loss_checkpoint.pt,true,true,2026-08-16T00:48:05.058648+00:00,formal_candidate,keep_best_checkpoints_and_metrics; review other checkpoints
experiments/qwen3_vl_embedding_2b_caltech101_electronic_retrieval,experiments/qwen3_vl_embedding_2b_caltech101_electronic_retrieval/runs,smoke_target10_electronic_token_mixer,experiments/qwen3_vl_embedding_2b_caltech101_electronic_retrieval/runs/smoke_target10_electronic_token_mixer,26,168886881,0.157288,6,149624500,4,best_observed_test_checkpoint.pt|best_train_loss_checkpoint.pt|ema_best_observed_test_checkpoint.pt|ema_best_train_loss_checkpoint.pt,true,true,2026-08-16T03:44:25.800532+00:00,formal_candidate,keep_best_checkpoints_and_metrics; review other checkpoints
experiments/qwen3_vl_embedding_2b_caltech101_electronic_retrieval,experiments/qwen3_vl_embedding_2b_caltech101_electronic_retrieval/runs,smoke_target10_electronic_token_mixer_2layer,experiments/qwen3_vl_embedding_2b_caltech101_electronic_retrieval/runs/smoke_target10_electronic_token_mixer_2layer,26,140056017,0.130437,6,122524628,4,best_observed_test_checkpoint.pt|best_train_loss_checkpoint.pt|ema_best_observed_test_checkpoint.pt|ema_best_train_loss_checkpoint.pt,true,true,2026-08-16T05:40:02.347812+00:00,formal_candidate,keep_best_checkpoints_and_metrics; review other checkpoints
experiments/qwen3_vl_embedding_2b_caltech101_electronic_retrieval,experiments/qwen3_vl_embedding_2b_caltech101_electronic_retrieval/runs,smoke_target10_electronic_token_mixer_2layer_no_deepstack,experiments/qwen3_vl_embedding_2b_caltech101_electronic_retrieval/runs/smoke_target10_electronic_token_mixer_2layer_no_deepstack,26,142064769,0.132308,6,122524628,4,best_observed_test_checkpoint.pt|best_train_loss_checkpoint.pt|ema_best_observed_test_checkpoint.pt|ema_best_train_loss_checkpoint.pt,true,true,2026-08-16T08:02:47.010836+00:00,formal_candidate,keep_best_checkpoints_and_metrics; review other checkpoints
experiments/qwen3_vl_embedding_2b_caltech101_electronic_retrieval,experiments/qwen3_vl_embedding_2b_caltech101_electronic_retrieval/runs,smoke_target10_electronic_vision2d_no_deepstack,experiments/qwen3_vl_embedding_2b_caltech101_electronic_retrieval/runs/smoke_target10_electronic_vision2d_no_deepstack,26,140371954,0.130732,6,122635220,4,best_observed_test_checkpoint.pt|best_train_loss_checkpoint.pt|ema_best_observed_test_checkpoint.pt|ema_best_train_loss_checkpoint.pt,true,true,2026-08-16T09:00:55.320495+00:00,formal_candidate,keep_best_checkpoints_and_metrics; review other checkpoints
experiments/qwen3_vl_embedding_2b_caltech101_electronic_retrieval,experiments/qwen3_vl_embedding_2b_caltech101_electronic_retrieval/runs,smoke_target10_mlp,experiments/qwen3_vl_embedding_2b_caltech101_electronic_retrieval/runs/smoke_target10_mlp,26,84066730,0.078293,6,64313300,4,best_observed_test_checkpoint.pt|best_train_loss_checkpoint.pt|ema_best_observed_test_checkpoint.pt|ema_best_train_loss_checkpoint.pt,true,true,2026-08-16T01:33:35.580733+00:00,formal_candidate,keep_best_checkpoints_and_metrics; review other checkpoints
experiments/qwen3_vl_embedding_2b_caltech101_electronic_retrieval,experiments/qwen3_vl_embedding_2b_caltech101_electronic_retrieval/runs,smoke_target10_mlp_teacher,experiments/qwen3_vl_embedding_2b_caltech101_electronic_retrieval/runs/smoke_target10_mlp_teacher,28,91876679,0.085567,6,64313300,4,best_observed_test_checkpoint.pt|best_train_loss_checkpoint.pt|ema_best_observed_test_checkpoint.pt|ema_best_train_loss_checkpoint.pt,true,true,2026-08-16T02:18:20.581867+00:00,formal_candidate,keep_best_checkpoints_and_metrics; review other checkpoints
experiments/qwen3_vl_embedding_2b_caltech101_four_layer_optical_retrieval,experiments/qwen3_vl_embedding_2b_caltech101_four_layer_optical_retrieval/runs,caltech101_four_layer_moe4_joint,experiments/qwen3_vl_embedding_2b_caltech101_four_layer_optical_retrieval/runs/caltech101_four_layer_moe4_joint,42,288631706,0.268809,14,273146392,4,best_observed_test_checkpoint.pt|best_train_loss_checkpoint.pt|ema_best_observed_test_checkpoint.pt|ema_best_train_loss_checkpoint.pt,true,true,2026-08-17T14:23:49.353350+00:00,formal_candidate,keep_best_checkpoints_and_metrics; review other checkpoints
experiments/qwen3_vl_embedding_2b_caltech101_four_layer_optical_retrieval,experiments/qwen3_vl_embedding_2b_caltech101_four_layer_optical_retrieval/runs,caltech101_four_layer_moe4_joint_17um_strong_phase,experiments/qwen3_vl_embedding_2b_caltech101_four_layer_optical_retrieval/runs/caltech101_four_layer_moe4_joint_17um_strong_phase,77,379749051,0.353669,20,325338328,4,best_observed_test_checkpoint.pt|best_train_loss_checkpoint.pt|ema_best_observed_test_checkpoint.pt|ema_best_train_loss_checkpoint.pt,true,true,2026-08-21T13:09:04.720731+00:00,formal_candidate,keep_best_checkpoints_and_metrics; review other checkpoints
experiments/qwen3_vl_embedding_2b_caltech101_four_layer_optical_retrieval_10cm_ccd_noise1,experiments/qwen3_vl_embedding_2b_caltech101_four_layer_optical_retrieval_10cm_ccd_noise1/runs,noise_medium_mu0p03_sigma0p025_phase0p03,experiments/qwen3_vl_embedding_2b_caltech101_four_layer_optical_retrieval_10cm_ccd_noise1/runs/noise_medium_mu0p03_sigma0p025_phase0p03,53,337618148,0.314431,16,290541142,3,best_continuation_from_epoch_0008.pt|best_train_loss_checkpoint.pt|ema_best_train_loss_checkpoint.pt,true,true,2026-08-29T06:12:37.952584+00:00,formal_candidate,keep_best_checkpoints_and_metrics; review other checkpoints
experiments/qwen3_vl_embedding_2b_caltech101_four_layer_optical_retrieval_10cm_ccd_noise1,experiments/qwen3_vl_embedding_2b_caltech101_four_layer_optical_retrieval_10cm_ccd_noise1/runs,noise_medium_mu0p03_sigma0p025_phase0p08_dc0p03,experiments/qwen3_vl_embedding_2b_caltech101_four_layer_optical_retrieval_10cm_ccd_noise1/runs/noise_medium_mu0p03_sigma0p025_phase0p08_dc0p03,53,340515324,0.317130,16,290541142,3,best_continuation_from_epoch_0008.pt|best_train_loss_checkpoint.pt|ema_best_train_loss_checkpoint.pt,true,true,2026-08-29T06:12:37.952584+00:00,formal_candidate,keep_best_checkpoints_and_metrics; review other checkpoints
experiments/qwen3_vl_embedding_2b_caltech101_four_layer_optical_retrieval_10cm_ccd_noise1,experiments/qwen3_vl_embedding_2b_caltech101_four_layer_optical_retrieval_10cm_ccd_noise1/runs,noise_mild_mu0p01_sigma0p01_phase0p03,experiments/qwen3_vl_embedding_2b_caltech101_four_layer_optical_retrieval_10cm_ccd_noise1/runs/noise_mild_mu0p01_sigma0p01_phase0p03,53,337618956,0.314432,16,290541142,3,best_continuation_from_epoch_0008.pt|best_train_loss_checkpoint.pt|ema_best_train_loss_checkpoint.pt,true,true,2026-08-29T06:12:37.892583+00:00,formal_candidate,keep_best_checkpoints_and_metrics; review other checkpoints
experiments/qwen3_vl_embedding_2b_caltech101_four_layer_optical_retrieval_10cm_ccd_noise1,experiments/qwen3_vl_embedding_2b_caltech101_four_layer_optical_retrieval_10cm_ccd_noise1/runs,noise_strong_mu0p06_sigma0p05_phase0p03,experiments/qwen3_vl_embedding_2b_caltech101_four_layer_optical_retrieval_10cm_ccd_noise1/runs/noise_strong_mu0p06_sigma0p05_phase0p03,53,335687183,0.312633,16,290541142,3,best_continuation_from_epoch_0008.pt|best_train_loss_checkpoint.pt|ema_best_train_loss_checkpoint.pt,true,true,2026-08-29T06:12:37.740582+00:00,formal_candidate,keep_best_checkpoints_and_metrics; review other checkpoints
experiments/qwen3_vl_embedding_2b_caltech101_four_layer_optical_retrieval_10cm_ccd_noise1,experiments/qwen3_vl_embedding_2b_caltech101_four_layer_optical_retrieval_10cm_ccd_noise1/runs,noise_strong_quick_last_stage_metadata,experiments/qwen3_vl_embedding_2b_caltech101_four_layer_optical_retrieval_10cm_ccd_noise1/runs/noise_strong_quick_last_stage_metadata,3,40046,0.000037,0,0,0,,false,false,2026-08-29T07:52:03.498899+00:00,unclassified,manual review
experiments/qwen3_vl_embedding_2b_caltech101_four_layer_optical_retrieval_10cm_ccd_noise1,experiments/qwen3_vl_embedding_2b_caltech101_four_layer_optical_retrieval_10cm_ccd_noise1/runs,noise_strong_stage_hardware_canonical_ccd,experiments/qwen3_vl_embedding_2b_caltech101_four_layer_optical_retrieval_10cm_ccd_noise1/runs/noise_strong_stage_hardware_canonical_ccd,3,40046,0.000037,0,0,0,,false,false,2026-08-29T13:48:01.375461+00:00,unclassified,manual review
experiments/qwen3_vl_embedding_2b_caltech101_four_layer_optical_retrieval_10cm_early_robust_tradeoff,experiments/qwen3_vl_embedding_2b_caltech101_four_layer_optical_retrieval_10cm_early_robust_tradeoff/runs,accuracy_first_floor0p1_leak0to5,experiments/qwen3_vl_embedding_2b_caltech101_four_layer_optical_retrieval_10cm_early_robust_tradeoff/runs/accuracy_first_floor0p1_leak0to5,125,640757762,0.596752,40,486731838,3,best_continuation_from_epoch_0003.pt|best_train_loss_checkpoint.pt|ema_best_train_loss_checkpoint.pt,true,true,2026-08-30T03:58:05.429583+00:00,formal_candidate,keep_best_checkpoints_and_metrics; review other checkpoints
experiments/qwen3_vl_embedding_2b_caltech101_four_layer_optical_retrieval_10cm_early_robust_tradeoff,experiments/qwen3_vl_embedding_2b_caltech101_four_layer_optical_retrieval_10cm_early_robust_tradeoff/runs,accuracy_first_full_agreement_metadata,experiments/qwen3_vl_embedding_2b_caltech101_four_layer_optical_retrieval_10cm_early_robust_tradeoff/runs/accuracy_first_full_agreement_metadata,3,507805,0.000473,0,0,0,,false,false,2026-08-30T08:43:08.422866+00:00,unclassified,manual review
experiments/qwen3_vl_embedding_2b_caltech101_four_layer_optical_retrieval_10cm_early_robust_tradeoff,experiments/qwen3_vl_embedding_2b_caltech101_four_layer_optical_retrieval_10cm_early_robust_tradeoff/runs,accuracy_first_full_metadata,experiments/qwen3_vl_embedding_2b_caltech101_four_layer_optical_retrieval_10cm_early_robust_tradeoff/runs/accuracy_first_full_metadata,3,507805,0.000473,0,0,0,,false,false,2026-08-30T04:41:18.898972+00:00,unclassified,manual review
experiments/qwen3_vl_embedding_2b_caltech101_four_layer_optical_retrieval_10cm_early_robust_tradeoff,experiments/qwen3_vl_embedding_2b_caltech101_four_layer_optical_retrieval_10cm_early_robust_tradeoff/runs,accuracy_first_quick210_metadata,experiments/qwen3_vl_embedding_2b_caltech101_four_layer_optical_retrieval_10cm_early_robust_tradeoff/runs/accuracy_first_quick210_metadata,3,40046,0.000037,0,0,0,,false,false,2026-08-30T04:05:13.791229+00:00,unclassified,manual review
experiments/qwen3_vl_embedding_2b_caltech101_four_layer_optical_retrieval_10cm_early_robust_tradeoff,experiments/qwen3_vl_embedding_2b_caltech101_four_layer_optical_retrieval_10cm_early_robust_tradeoff/runs,balanced_floor0p5_leak2to8,experiments/qwen3_vl_embedding_2b_caltech101_four_layer_optical_retrieval_10cm_early_robust_tradeoff/runs/balanced_floor0p5_leak2to8,125,645475142,0.601146,40,486731838,3,best_continuation_from_epoch_0003.pt|best_train_loss_checkpoint.pt|ema_best_train_loss_checkpoint.pt,true,true,2026-08-30T03:58:05.449583+00:00,formal_candidate,keep_best_checkpoints_and_metrics; review other checkpoints
experiments/qwen3_vl_embedding_2b_caltech101_four_layer_optical_retrieval_10cm_early_robust_tradeoff,experiments/qwen3_vl_embedding_2b_caltech101_four_layer_optical_retrieval_10cm_early_robust_tradeoff/runs,balanced_quick210_metadata,experiments/qwen3_vl_embedding_2b_caltech101_four_layer_optical_retrieval_10cm_early_robust_tradeoff/runs/balanced_quick210_metadata,3,40046,0.000037,0,0,0,,false,false,2026-08-30T04:05:13.775229+00:00,unclassified,manual review
experiments/qwen3_vl_embedding_2b_caltech101_four_layer_optical_retrieval_10cm_robust,experiments/qwen3_vl_embedding_2b_caltech101_four_layer_optical_retrieval_10cm_robust/runs,aborted_v1_alignment_semantics_20260826,experiments/qwen3_vl_embedding_2b_caltech101_four_layer_optical_retrieval_10cm_robust/runs/aborted_v1_alignment_semantics_20260826,25,232422684,0.216460,8,220954456,4,best_observed_test_checkpoint.pt|best_train_loss_checkpoint.pt|ema_best_observed_test_checkpoint.pt|ema_best_train_loss_checkpoint.pt,true,true,2026-08-26T10:16:12.305438+00:00,formal_candidate,keep_best_checkpoints_and_metrics; review other checkpoints
experiments/qwen3_vl_embedding_2b_caltech101_four_layer_optical_retrieval_10cm_robust,experiments/qwen3_vl_embedding_2b_caltech101_four_layer_optical_retrieval_10cm_robust/runs,aborted_v2_batch10_runtime_20260826,experiments/qwen3_vl_embedding_2b_caltech101_four_layer_optical_retrieval_10cm_robust/runs/aborted_v2_batch10_runtime_20260826,7,552422,0.000514,0,0,0,,false,true,2026-08-26T10:43:19.022800+00:00,unclassified,manual review
experiments/qwen3_vl_embedding_2b_caltech101_four_layer_optical_retrieval_10cm_robust,experiments/qwen3_vl_embedding_2b_caltech101_four_layer_optical_retrieval_10cm_robust/runs,caltech101_four_layer_moe4_joint_17um_10cm_robust,experiments/qwen3_vl_embedding_2b_caltech101_four_layer_optical_retrieval_10cm_robust/runs/caltech101_four_layer_moe4_joint_17um_10cm_robust,78,612437481,0.570377,20,476695786,8,best_continuation_from_epoch_0002.pt|best_continuation_from_epoch_0007.pt|best_observed_test_checkpoint.pt|best_train_loss_checkpoint.pt|checkpoints/pre_resume_epoch_0002/best_train_loss_checkpoint.pt|checkpoints/pre_resume_epoch_0007/best_train_loss_checkpoint.pt|ema_best_observed_test_checkpoint.pt|ema_best_train_loss_checkpoint.pt,true,true,2026-08-26T13:08:59.346251+00:00,formal_candidate,keep_best_checkpoints_and_metrics; review other checkpoints
experiments/qwen3_vl_embedding_2b_caltech101_four_layer_optical_retrieval_10cm_robust,experiments/qwen3_vl_embedding_2b_caltech101_four_layer_optical_retrieval_10cm_robust/runs,caltech101_four_layer_quick_last_stage_10x10_metadata,experiments/qwen3_vl_embedding_2b_caltech101_four_layer_optical_retrieval_10cm_robust/runs/caltech101_four_layer_quick_last_stage_10x10_metadata,3,40046,0.000037,0,0,0,,false,false,2026-08-26T12:56:47.060318+00:00,unclassified,manual review
experiments/qwen3_vl_embedding_2b_caltech101_four_layer_optical_retrieval_10cm_robust,experiments/qwen3_vl_embedding_2b_caltech101_four_layer_optical_retrieval_10cm_robust/runs,smoke_four_layer_moe4_joint_17um_10cm_robust,experiments/qwen3_vl_embedding_2b_caltech101_four_layer_optical_retrieval_10cm_robust/runs/smoke_four_layer_moe4_joint_17um_10cm_robust,27,246236056,0.229325,9,229653112,4,best_observed_test_checkpoint.pt|best_train_loss_checkpoint.pt|ema_best_observed_test_checkpoint.pt|ema_best_train_loss_checkpoint.pt,true,true,2026-08-26T10:34:02.246340+00:00,formal_candidate,keep_best_checkpoints_and_metrics; review other checkpoints
experiments/qwen3_vl_embedding_2b_caltech101_four_layer_optical_retrieval_10cm_warmstart5,experiments/qwen3_vl_embedding_2b_caltech101_four_layer_optical_retrieval_10cm_warmstart5/runs,caltech101_warmstart5_quick_last_stage_canonical_ccd_metadata,experiments/qwen3_vl_embedding_2b_caltech101_four_layer_optical_retrieval_10cm_warmstart5/runs/caltech101_warmstart5_quick_last_stage_canonical_ccd_metadata,3,40046,0.000037,0,0,0,,false,false,2026-08-28T07:29:08.315922+00:00,unclassified,manual review
experiments/qwen3_vl_embedding_2b_caltech101_four_layer_optical_retrieval_10cm_warmstart5,experiments/qwen3_vl_embedding_2b_caltech101_four_layer_optical_retrieval_10cm_warmstart5/runs,caltech101_warmstart5_quick_last_stage_metadata,experiments/qwen3_vl_embedding_2b_caltech101_four_layer_optical_retrieval_10cm_warmstart5/runs/caltech101_warmstart5_quick_last_stage_metadata,5,46224,0.000043,0,0,0,,false,true,2026-08-26T14:32:26.879079+00:00,unclassified,manual review
experiments/qwen3_vl_embedding_2b_caltech101_four_layer_optical_retrieval_10cm_warmstart5,experiments/qwen3_vl_embedding_2b_caltech101_four_layer_optical_retrieval_10cm_warmstart5/runs,caltech101_warmstart5_stage1_optical_calibration,experiments/qwen3_vl_embedding_2b_caltech101_four_layer_optical_retrieval_10cm_warmstart5/runs/caltech101_warmstart5_stage1_optical_calibration,25,126675612,0.117976,7,111494428,2,best_train_loss_checkpoint.pt|ema_best_train_loss_checkpoint.pt,true,true,2026-08-26T13:24:54.295946+00:00,formal_candidate,keep_best_checkpoints_and_metrics; review other checkpoints
experiments/qwen3_vl_embedding_2b_caltech101_four_layer_optical_retrieval_10cm_warmstart5,experiments/qwen3_vl_embedding_2b_caltech101_four_layer_optical_retrieval_10cm_warmstart5/runs,caltech101_warmstart5_stage2_joint_hardware_canonical_ccd,experiments/qwen3_vl_embedding_2b_caltech101_four_layer_optical_retrieval_10cm_warmstart5/runs/caltech101_warmstart5_stage2_joint_hardware_canonical_ccd,3,507805,0.000473,0,0,0,,false,false,2026-08-28T15:11:53.907003+00:00,unclassified,manual review
experiments/qwen3_vl_embedding_2b_caltech101_four_layer_optical_retrieval_10cm_warmstart5,experiments/qwen3_vl_embedding_2b_caltech101_four_layer_optical_retrieval_10cm_warmstart5/runs,caltech101_warmstart5_stage2_joint_sealed_test,experiments/qwen3_vl_embedding_2b_caltech101_four_layer_optical_retrieval_10cm_warmstart5/runs/caltech101_warmstart5_stage2_joint_sealed_test,51,311990711,0.290564,9,179193182,2,best_train_loss_checkpoint.pt|ema_best_train_loss_checkpoint.pt,true,true,2026-08-26T14:34:38.963341+00:00,formal_candidate,keep_best_checkpoints_and_metrics; review other checkpoints
experiments/qwen3_vl_embedding_2b_caltech101_four_layer_optical_retrieval_10cm_warmstart5,experiments/qwen3_vl_embedding_2b_caltech101_four_layer_optical_retrieval_10cm_warmstart5/runs,smoke_warmstart5_stage1,experiments/qwen3_vl_embedding_2b_caltech101_four_layer_optical_retrieval_10cm_warmstart5/runs/smoke_warmstart5_stage1,5,18301,0.000017,0,0,0,,false,true,2026-08-26T13:11:54.823244+00:00,unclassified,manual review
experiments/qwen3_vl_embedding_2b_caltech101_four_layer_optical_router_retrieval,experiments/qwen3_vl_embedding_2b_caltech101_four_layer_optical_router_retrieval/runs,electronic_legacy_topk2_anchor,experiments/qwen3_vl_embedding_2b_caltech101_four_layer_optical_router_retrieval/runs/electronic_legacy_topk2_anchor,13,13168428,0.012264,1,12364602,0,,true,true,2026-09-01T17:27:00.703531+00:00,checkpoint_without_clear_best,manual review before pruning
experiments/qwen3_vl_embedding_2b_caltech101_four_layer_optical_router_retrieval,experiments/qwen3_vl_embedding_2b_caltech101_four_layer_optical_router_retrieval/runs,electronic_power_topk1,experiments/qwen3_vl_embedding_2b_caltech101_four_layer_optical_router_retrieval/runs/electronic_power_topk1,36,195613323,0.182179,9,179193758,2,best_train_loss_checkpoint.pt|ema_best_train_loss_checkpoint.pt,true,true,2026-09-01T17:06:53.232394+00:00,formal_candidate,keep_best_checkpoints_and_metrics; review other checkpoints
experiments/qwen3_vl_embedding_2b_caltech101_four_layer_optical_router_retrieval,experiments/qwen3_vl_embedding_2b_caltech101_four_layer_optical_router_retrieval/runs,electronic_power_topk1_seed43,experiments/qwen3_vl_embedding_2b_caltech101_four_layer_optical_router_retrieval/runs/electronic_power_topk1_seed43,36,195629507,0.182194,9,179193758,2,best_train_loss_checkpoint.pt|ema_best_train_loss_checkpoint.pt,true,true,2026-09-01T17:06:53.232394+00:00,formal_candidate,keep_best_checkpoints_and_metrics; review other checkpoints
experiments/qwen3_vl_embedding_2b_caltech101_four_layer_optical_router_retrieval,experiments/qwen3_vl_embedding_2b_caltech101_four_layer_optical_router_retrieval/runs,electronic_power_topk1_seed44,experiments/qwen3_vl_embedding_2b_caltech101_four_layer_optical_router_retrieval/runs/electronic_power_topk1_seed44,36,195612058,0.182178,9,179193758,2,best_train_loss_checkpoint.pt|ema_best_train_loss_checkpoint.pt,true,true,2026-09-01T17:06:53.412392+00:00,formal_candidate,keep_best_checkpoints_and_metrics; review other checkpoints
experiments/qwen3_vl_embedding_2b_caltech101_four_layer_optical_router_retrieval,experiments/qwen3_vl_embedding_2b_caltech101_four_layer_optical_router_retrieval/runs,electronic_power_topk2,experiments/qwen3_vl_embedding_2b_caltech101_four_layer_optical_router_retrieval/runs/electronic_power_topk2,36,195603530,0.182170,9,179193758,2,best_train_loss_checkpoint.pt|ema_best_train_loss_checkpoint.pt,true,true,2026-09-01T17:06:48.712453+00:00,formal_candidate,keep_best_checkpoints_and_metrics; review other checkpoints
experiments/qwen3_vl_embedding_2b_caltech101_four_layer_optical_router_retrieval,experiments/qwen3_vl_embedding_2b_caltech101_four_layer_optical_router_retrieval/runs,electronic_power_topk2_seed43,experiments/qwen3_vl_embedding_2b_caltech101_four_layer_optical_router_retrieval/runs/electronic_power_topk2_seed43,36,195603091,0.182170,9,179193758,2,best_train_loss_checkpoint.pt|ema_best_train_loss_checkpoint.pt,true,true,2026-09-01T17:06:38.440588+00:00,formal_candidate,keep_best_checkpoints_and_metrics; review other checkpoints
experiments/qwen3_vl_embedding_2b_caltech101_four_layer_optical_router_retrieval,experiments/qwen3_vl_embedding_2b_caltech101_four_layer_optical_router_retrieval/runs,electronic_power_topk2_seed44,experiments/qwen3_vl_embedding_2b_caltech101_four_layer_optical_router_retrieval/runs/electronic_power_topk2_seed44,36,195591887,0.182159,9,179193758,2,best_train_loss_checkpoint.pt|ema_best_train_loss_checkpoint.pt,true,true,2026-09-01T17:06:53.468391+00:00,formal_candidate,keep_best_checkpoints_and_metrics; review other checkpoints
experiments/qwen3_vl_embedding_2b_caltech101_four_layer_optical_router_retrieval,experiments/qwen3_vl_embedding_2b_caltech101_four_layer_optical_router_retrieval/runs,electronic_power_topk4,experiments/qwen3_vl_embedding_2b_caltech101_four_layer_optical_router_retrieval/runs/electronic_power_topk4,36,195622209,0.182187,9,179196958,2,best_train_loss_checkpoint.pt|ema_best_train_loss_checkpoint.pt,true,true,2026-09-01T17:14:14.800000+00:00,formal_candidate,keep_best_checkpoints_and_metrics; review other checkpoints
experiments/qwen3_vl_embedding_2b_caltech101_four_layer_optical_router_retrieval,experiments/qwen3_vl_embedding_2b_caltech101_four_layer_optical_router_retrieval/runs,electronic_power_topk4_seed43,experiments/qwen3_vl_embedding_2b_caltech101_four_layer_optical_router_retrieval/runs/electronic_power_topk4_seed43,36,195624573,0.182190,9,179196958,2,best_train_loss_checkpoint.pt|ema_best_train_loss_checkpoint.pt,true,true,2026-09-01T17:14:13.332011+00:00,formal_candidate,keep_best_checkpoints_and_metrics; review other checkpoints
experiments/qwen3_vl_embedding_2b_caltech101_four_layer_optical_router_retrieval,experiments/qwen3_vl_embedding_2b_caltech101_four_layer_optical_router_retrieval/runs,electronic_power_topk4_seed44,experiments/qwen3_vl_embedding_2b_caltech101_four_layer_optical_router_retrieval/runs/electronic_power_topk4_seed44,36,195616112,0.182182,9,179196958,2,best_train_loss_checkpoint.pt|ema_best_train_loss_checkpoint.pt,true,true,2026-09-01T17:14:15.051998+00:00,formal_candidate,keep_best_checkpoints_and_metrics; review other checkpoints
experiments/qwen3_vl_embedding_2b_caltech101_four_layer_optical_router_retrieval,experiments/qwen3_vl_embedding_2b_caltech101_four_layer_optical_router_retrieval/runs,exploratory_pre_standard_ste_20260902,experiments/qwen3_vl_embedding_2b_caltech101_four_layer_optical_router_retrieval/runs/exploratory_pre_standard_ste_20260902,167,803972653,0.748758,37,743011324,8,electronic_power_topk1/best_train_loss_checkpoint.pt|electronic_power_topk1/ema_best_train_loss_checkpoint.pt|electronic_power_topk2/best_train_loss_checkpoint.pt|electronic_power_topk2/ema_best_train_loss_checkpoint.pt|electronic_power_topk4/best_train_loss_checkpoint.pt|electronic_power_topk4/ema_best_train_loss_checkpoint.pt|optical_power_topk2/best_train_loss_checkpoint.pt|optical_power_topk2/ema_best_train_loss_checkpoint.pt,true,true,2026-09-01T16:56:56.164714+00:00,formal_candidate,keep_best_checkpoints_and_metrics; review other checkpoints
experiments/qwen3_vl_embedding_2b_caltech101_four_layer_optical_router_retrieval,experiments/qwen3_vl_embedding_2b_caltech101_four_layer_optical_router_retrieval/runs,optical_power_topk2,experiments/qwen3_vl_embedding_2b_caltech101_four_layer_optical_router_retrieval/runs/optical_power_topk2,37,203506346,0.189530,9,193071016,2,best_train_loss_checkpoint.pt|ema_best_train_loss_checkpoint.pt,true,true,2026-09-01T18:08:10.139318+00:00,formal_candidate,keep_best_checkpoints_and_metrics; review other checkpoints
experiments/qwen3_vl_embedding_2b_caltech101_four_layer_optical_router_retrieval,experiments/qwen3_vl_embedding_2b_caltech101_four_layer_optical_router_retrieval/runs,optical_power_topk2_seed43,experiments/qwen3_vl_embedding_2b_caltech101_four_layer_optical_router_retrieval/runs/optical_power_topk2_seed43,37,203493713,0.189518,9,193071016,2,best_train_loss_checkpoint.pt|ema_best_train_loss_checkpoint.pt,true,true,2026-09-01T17:19:23.093925+00:00,formal_candidate,keep_best_checkpoints_and_metrics; review other checkpoints
experiments/qwen3_vl_embedding_2b_caltech101_four_layer_optical_router_retrieval,experiments/qwen3_vl_embedding_2b_caltech101_four_layer_optical_router_retrieval/runs,optical_power_topk2_seed44,experiments/qwen3_vl_embedding_2b_caltech101_four_layer_optical_router_retrieval/runs/optical_power_topk2_seed44,37,203493824,0.189518,9,193071016,2,best_train_loss_checkpoint.pt|ema_best_train_loss_checkpoint.pt,true,true,2026-09-01T17:19:26.557905+00:00,formal_candidate,keep_best_checkpoints_and_metrics; review other checkpoints
experiments/qwen3_vl_embedding_2b_caltech101_language2_optical_retrieval,experiments/qwen3_vl_embedding_2b_caltech101_language2_optical_retrieval/runs,caltech101_language_two_block_moe4_dual_fusion,experiments/qwen3_vl_embedding_2b_caltech101_language2_optical_retrieval/runs/caltech101_language_two_block_moe4_dual_fusion,19,89458842,0.083315,6,88901172,4,best_observed_test_checkpoint.pt|best_train_loss_checkpoint.pt|ema_best_observed_test_checkpoint.pt|ema_best_train_loss_checkpoint.pt,true,true,2026-08-16T14:50:40.311303+00:00,formal_candidate,keep_best_checkpoints_and_metrics; review other checkpoints
experiments/qwen3_vl_embedding_2b_caltech101_multiplane_optical_retrieval,experiments/qwen3_vl_embedding_2b_caltech101_multiplane_optical_retrieval/runs,archive,experiments/qwen3_vl_embedding_2b_caltech101_multiplane_optical_retrieval/runs/archive,62,556777213,0.518539,16,552221440,8,full_epoch_schedule_aborted_after_epoch3_20260826/gpu5_timing_benchmark_epoch1/best_observed_test_checkpoint.pt|full_epoch_schedule_aborted_after_epoch3_20260826/gpu5_timing_benchmark_epoch1/best_train_loss_checkpoint.pt|full_epoch_schedule_aborted_after_epoch3_20260826/gpu5_timing_benchmark_epoch1/ema_best_observed_test_checkpoint.pt|full_epoch_schedule_aborted_after_epoch3_20260826/gpu5_timing_benchmark_epoch1/ema_best_train_loss_checkpoint.pt|full_epoch_schedule_aborted_after_epoch3_20260826/moe_continuous_fixed_router/best_observed_test_checkpoint.pt|full_epoch_schedule_aborted_after_epoch3_20260826/moe_continuous_fixed_router/best_train_loss_checkpoint.pt|full_epoch_schedule_aborted_after_epoch3_20260826/moe_continuous_fixed_router/ema_best_observed_test_checkpoint.pt|full_epoch_schedule_aborted_after_epoch3_20260826/moe_continuous_fixed_router/ema_best_train_loss_checkpoint.pt,true,true,2026-08-26T11:21:53.164855+00:00,formal_candidate,keep_best_checkpoints_and_metrics; review other checkpoints
experiments/qwen3_vl_embedding_2b_caltech101_multiplane_optical_retrieval,experiments/qwen3_vl_embedding_2b_caltech101_multiplane_optical_retrieval/runs,d2nn_continuous,experiments/qwen3_vl_embedding_2b_caltech101_multiplane_optical_retrieval/runs/d2nn_continuous,40,141241411,0.131541,11,135838488,4,best_observed_test_checkpoint.pt|best_train_loss_checkpoint.pt|ema_best_observed_test_checkpoint.pt|ema_best_train_loss_checkpoint.pt,true,true,2026-08-26T15:58:35.786975+00:00,formal_candidate,keep_best_checkpoints_and_metrics; review other checkpoints
experiments/qwen3_vl_embedding_2b_caltech101_multiplane_optical_retrieval,experiments/qwen3_vl_embedding_2b_caltech101_multiplane_optical_retrieval/runs,d2nn_oeo_sigmoid,experiments/qwen3_vl_embedding_2b_caltech101_multiplane_optical_retrieval/runs/d2nn_oeo_sigmoid,40,141191122,0.131494,11,135840984,4,best_observed_test_checkpoint.pt|best_train_loss_checkpoint.pt|ema_best_observed_test_checkpoint.pt|ema_best_train_loss_checkpoint.pt,true,true,2026-08-26T16:37:35.036532+00:00,formal_candidate,keep_best_checkpoints_and_metrics; review other checkpoints
experiments/qwen3_vl_embedding_2b_caltech101_multiplane_optical_retrieval,experiments/qwen3_vl_embedding_2b_caltech101_multiplane_optical_retrieval/runs,moe_continuous_fixed_router,experiments/qwen3_vl_embedding_2b_caltech101_multiplane_optical_retrieval/runs/moe_continuous_fixed_router,40,352314892,0.328119,11,347560034,4,best_observed_test_checkpoint.pt|best_train_loss_checkpoint.pt|ema_best_observed_test_checkpoint.pt|ema_best_train_loss_checkpoint.pt,true,true,2026-08-26T14:55:48.549407+00:00,formal_candidate,keep_best_checkpoints_and_metrics; review other checkpoints
experiments/qwen3_vl_embedding_2b_caltech101_multiplane_optical_retrieval,experiments/qwen3_vl_embedding_2b_caltech101_multiplane_optical_retrieval/runs,moe_oeo_dynamic_router,experiments/qwen3_vl_embedding_2b_caltech101_multiplane_optical_retrieval/runs/moe_oeo_dynamic_router,40,352838030,0.328606,11,348000866,4,best_observed_test_checkpoint.pt|best_train_loss_checkpoint.pt|ema_best_observed_test_checkpoint.pt|ema_best_train_loss_checkpoint.pt,true,true,2026-08-26T16:03:38.892020+00:00,formal_candidate,keep_best_checkpoints_and_metrics; review other checkpoints
experiments/qwen3_vl_embedding_2b_caltech101_multiplane_optical_retrieval,experiments/qwen3_vl_embedding_2b_caltech101_multiplane_optical_retrieval/runs,moe_oeo_fixed_router,experiments/qwen3_vl_embedding_2b_caltech101_multiplane_optical_retrieval/runs/moe_oeo_fixed_router,40,352289273,0.328095,11,347561634,4,best_observed_test_checkpoint.pt|best_train_loss_checkpoint.pt|ema_best_observed_test_checkpoint.pt|ema_best_train_loss_checkpoint.pt,true,true,2026-08-26T16:01:46.473629+00:00,formal_candidate,keep_best_checkpoints_and_metrics; review other checkpoints
experiments/qwen3_vl_embedding_2b_caltech101_multiplane_optical_retrieval,experiments/qwen3_vl_embedding_2b_caltech101_multiplane_optical_retrieval/runs,smoke_d2nn_continuous,experiments/qwen3_vl_embedding_2b_caltech101_multiplane_optical_retrieval/runs/smoke_d2nn_continuous,30,91964411,0.085649,7,89218948,2,best_train_loss_checkpoint.pt|ema_best_train_loss_checkpoint.pt,true,true,2026-08-26T10:23:55.705210+00:00,formal_candidate,keep_best_checkpoints_and_metrics; review other checkpoints
experiments/qwen3_vl_embedding_2b_caltech101_multiplane_optical_retrieval,experiments/qwen3_vl_embedding_2b_caltech101_multiplane_optical_retrieval/runs,smoke_d2nn_oeo_sigmoid,experiments/qwen3_vl_embedding_2b_caltech101_multiplane_optical_retrieval/runs/smoke_d2nn_oeo_sigmoid,24,91821474,0.085515,7,89220548,2,best_train_loss_checkpoint.pt|ema_best_train_loss_checkpoint.pt,true,true,2026-08-26T16:28:32.682436+00:00,formal_candidate,keep_best_checkpoints_and_metrics; review other checkpoints
experiments/qwen3_vl_embedding_2b_caltech101_multiplane_optical_retrieval,experiments/qwen3_vl_embedding_2b_caltech101_multiplane_optical_retrieval/runs,smoke_moe_continuous_fixed_router,experiments/qwen3_vl_embedding_2b_caltech101_multiplane_optical_retrieval/runs/smoke_moe_continuous_fixed_router,30,226040562,0.210517,7,223765430,2,best_train_loss_checkpoint.pt|ema_best_train_loss_checkpoint.pt,true,true,2026-08-26T10:22:57.193374+00:00,formal_candidate,keep_best_checkpoints_and_metrics; review other checkpoints
experiments/qwen3_vl_embedding_2b_caltech101_multiplane_optical_retrieval,experiments/qwen3_vl_embedding_2b_caltech101_multiplane_optical_retrieval/runs,smoke_moe_oeo_dynamic_router,experiments/qwen3_vl_embedding_2b_caltech101_multiplane_optical_retrieval/runs/smoke_moe_oeo_dynamic_router,30,226339089,0.210795,7,224058710,2,best_train_loss_checkpoint.pt|ema_best_train_loss_checkpoint.pt,true,true,2026-08-26T10:28:06.432233+00:00,formal_candidate,keep_best_checkpoints_and_metrics; review other checkpoints
experiments/qwen3_vl_embedding_2b_caltech101_multiplane_optical_retrieval,experiments/qwen3_vl_embedding_2b_caltech101_multiplane_optical_retrieval/runs,smoke_moe_oeo_fixed_router,experiments/qwen3_vl_embedding_2b_caltech101_multiplane_optical_retrieval/runs/smoke_moe_oeo_fixed_router,30,226042147,0.210518,7,223766454,2,best_train_loss_checkpoint.pt|ema_best_train_loss_checkpoint.pt,true,true,2026-08-26T10:26:00.660772+00:00,formal_candidate,keep_best_checkpoints_and_metrics; review other checkpoints
experiments/qwen3_vl_embedding_2b_caltech101_object10_optical_retrieval,experiments/qwen3_vl_embedding_2b_caltech101_object10_optical_retrieval/runs,_pilot_router_rebalance_aggressive_aborted_epoch54,experiments/qwen3_vl_embedding_2b_caltech101_object10_optical_retrieval/runs/_pilot_router_rebalance_aggressive_aborted_epoch54,30,212164116,0.197593,11,205764512,5,best_continuation_from_epoch_0050.pt|best_observed_test_checkpoint.pt|best_train_loss_checkpoint.pt|ema_best_observed_test_checkpoint.pt|ema_best_train_loss_checkpoint.pt,true,true,2026-08-12T02:30:27.691001+00:00,formal_candidate,keep_best_checkpoints_and_metrics; review other checkpoints
experiments/qwen3_vl_embedding_2b_caltech101_object10_optical_retrieval,experiments/qwen3_vl_embedding_2b_caltech101_object10_optical_retrieval/runs,caltech101_101class_pretrain,experiments/qwen3_vl_embedding_2b_caltech101_object10_optical_retrieval/runs/caltech101_101class_pretrain,41,209938388,0.195520,10,140337238,2,best_train_loss_checkpoint.pt|ema_best_train_loss_checkpoint.pt,true,true,2026-08-11T13:10:55.004105+00:00,formal_candidate,keep_best_checkpoints_and_metrics; review other checkpoints
experiments/qwen3_vl_embedding_2b_caltech101_object10_optical_retrieval,experiments/qwen3_vl_embedding_2b_caltech101_object10_optical_retrieval/runs,caltech101_10class_finetune_epoch50,experiments/qwen3_vl_embedding_2b_caltech101_object10_optical_retrieval/runs/caltech101_10class_finetune_epoch50,52,276608921,0.257612,13,223161376,5,best_continuation_from_epoch_0030.pt|best_observed_test_checkpoint.pt|best_train_loss_checkpoint.pt|ema_best_observed_test_checkpoint.pt|ema_best_train_loss_checkpoint.pt,true,true,2026-08-11T20:53:07.957426+00:00,formal_candidate,keep_best_checkpoints_and_metrics; review other checkpoints
experiments/qwen3_vl_embedding_2b_caltech101_object10_optical_retrieval,experiments/qwen3_vl_embedding_2b_caltech101_object10_optical_retrieval/runs,caltech101_10class_router_bias_rebalance_epoch53,experiments/qwen3_vl_embedding_2b_caltech101_object10_optical_retrieval/runs/caltech101_10class_router_bias_rebalance_epoch53,45,229489416,0.213729,12,214463552,5,best_continuation_from_epoch_0050.pt|best_observed_test_checkpoint.pt|best_train_loss_checkpoint.pt|ema_best_observed_test_checkpoint.pt|ema_best_train_loss_checkpoint.pt,true,true,2026-08-12T02:46:24.428874+00:00,formal_candidate,keep_best_checkpoints_and_metrics; review other checkpoints
experiments/qwen3_vl_embedding_2b_caltech101_object10_optical_retrieval,experiments/qwen3_vl_embedding_2b_caltech101_object10_optical_retrieval/runs,caltech101_10class_router_bias_rebalance_strong_epoch53,experiments/qwen3_vl_embedding_2b_caltech101_object10_optical_retrieval/runs/caltech101_10class_router_bias_rebalance_strong_epoch53,45,229454158,0.213696,12,214463552,5,best_continuation_from_epoch_0050.pt|best_observed_test_checkpoint.pt|best_train_loss_checkpoint.pt|ema_best_observed_test_checkpoint.pt|ema_best_train_loss_checkpoint.pt,true,true,2026-08-12T02:52:15.478614+00:00,formal_candidate,keep_best_checkpoints_and_metrics; review other checkpoints
experiments/qwen3_vl_embedding_2b_caltech101_object10_optical_retrieval,experiments/qwen3_vl_embedding_2b_caltech101_object10_optical_retrieval/runs,caltech101_10class_router_bias_rebalance_strong_recovery_epoch58,experiments/qwen3_vl_embedding_2b_caltech101_object10_optical_retrieval/runs/caltech101_10class_router_bias_rebalance_strong_recovery_epoch58,45,229491411,0.213731,12,214463080,5,best_continuation_from_epoch_0053.pt|best_observed_test_checkpoint.pt|best_train_loss_checkpoint.pt|ema_best_observed_test_checkpoint.pt|ema_best_train_loss_checkpoint.pt,true,true,2026-08-12T02:59:39.295734+00:00,formal_candidate,keep_best_checkpoints_and_metrics; review other checkpoints
experiments/qwen3_vl_embedding_2b_caltech101_object10_optical_retrieval,experiments/qwen3_vl_embedding_2b_caltech101_object10_optical_retrieval/runs,caltech101_10class_router_rebalance_epoch55,experiments/qwen3_vl_embedding_2b_caltech101_object10_optical_retrieval/runs/caltech101_10class_router_rebalance_epoch55,45,229458493,0.213700,12,214463168,5,best_continuation_from_epoch_0050.pt|best_observed_test_checkpoint.pt|best_train_loss_checkpoint.pt|ema_best_observed_test_checkpoint.pt|ema_best_train_loss_checkpoint.pt,true,true,2026-08-12T02:36:05.249052+00:00,formal_candidate,keep_best_checkpoints_and_metrics; review other checkpoints
experiments/qwen3_vl_embedding_2b_caltech101_object10_optical_retrieval,experiments/qwen3_vl_embedding_2b_caltech101_object10_optical_retrieval/runs,caltech101_10class_router_rebalance_final_calibration_epoch51,experiments/qwen3_vl_embedding_2b_caltech101_object10_optical_retrieval/runs/caltech101_10class_router_rebalance_final_calibration_epoch51,39,228093685,0.212429,12,214463552,5,best_continuation_from_epoch_0050.pt|best_observed_test_checkpoint.pt|best_train_loss_checkpoint.pt|ema_best_observed_test_checkpoint.pt|ema_best_train_loss_checkpoint.pt,true,true,2026-08-12T03:10:03.784345+00:00,formal_candidate,keep_best_checkpoints_and_metrics; review other checkpoints
experiments/qwen3_vl_embedding_2b_caltech101_object10_optical_retrieval,experiments/qwen3_vl_embedding_2b_caltech101_object10_optical_retrieval/runs,caltech101_10class_router_rebalance_final_epoch56,experiments/qwen3_vl_embedding_2b_caltech101_object10_optical_retrieval/runs/caltech101_10class_router_rebalance_final_epoch56,46,247569852,0.230567,14,232530888,5,best_continuation_from_epoch_0051.pt|best_observed_test_checkpoint.pt|best_train_loss_checkpoint.pt|ema_best_observed_test_checkpoint.pt|ema_best_train_loss_checkpoint.pt,true,true,2026-08-12T03:47:02.063251+00:00,formal_candidate,keep_best_checkpoints_and_metrics; review other checkpoints
experiments/qwen3_vl_embedding_2b_caltech101_object10_optical_retrieval,experiments/qwen3_vl_embedding_2b_caltech101_object10_optical_retrieval/runs,caltech101_10class_unseen_eval,experiments/qwen3_vl_embedding_2b_caltech101_object10_optical_retrieval/runs/caltech101_10class_unseen_eval,19,3214725,0.002994,1,229026,0,,true,true,2026-08-12T03:44:43.676559+00:00,checkpoint_without_clear_best,manual review before pruning
experiments/qwen3_vl_embedding_2b_caltech101_object10_optical_retrieval,experiments/qwen3_vl_embedding_2b_caltech101_object10_optical_retrieval/runs,heldout_eval_exploratory_interpolation75,experiments/qwen3_vl_embedding_2b_caltech101_object10_optical_retrieval/runs/heldout_eval_exploratory_interpolation75,19,3215113,0.002994,1,229026,0,,true,true,2026-08-12T03:48:10.824322+00:00,checkpoint_without_clear_best,manual review before pruning
experiments/qwen3_vl_embedding_2b_caltech101_object10_optical_retrieval,experiments/qwen3_vl_embedding_2b_caltech101_object10_optical_retrieval/runs,heldout_eval_final_compromise_epoch56,experiments/qwen3_vl_embedding_2b_caltech101_object10_optical_retrieval/runs/heldout_eval_final_compromise_epoch56,19,3216833,0.002996,1,229026,0,,true,true,2026-08-12T03:42:30.277119+00:00,checkpoint_without_clear_best,manual review before pruning
experiments/qwen3_vl_embedding_2b_caltech101_object10_optical_retrieval,experiments/qwen3_vl_embedding_2b_caltech101_object10_optical_retrieval/runs,heldout_eval_fixed_interpolation50,experiments/qwen3_vl_embedding_2b_caltech101_object10_optical_retrieval/runs/heldout_eval_fixed_interpolation50,19,3215873,0.002995,1,229026,0,,true,true,2026-08-12T03:42:44.257525+00:00,checkpoint_without_clear_best,manual review before pruning
experiments/qwen3_vl_embedding_2b_caltech101_object10_optical_retrieval,experiments/qwen3_vl_embedding_2b_caltech101_object10_optical_retrieval/runs,heldout_eval_pretrain_epoch30,experiments/qwen3_vl_embedding_2b_caltech101_object10_optical_retrieval/runs/heldout_eval_pretrain_epoch30,19,3208769,0.002988,1,229026,0,,true,true,2026-08-12T03:42:15.400674+00:00,checkpoint_without_clear_best,manual review before pruning
experiments/qwen3_vl_embedding_2b_caltech101_object10_optical_retrieval,experiments/qwen3_vl_embedding_2b_caltech101_object10_optical_retrieval/runs,heldout_eval_target_epoch50,experiments/qwen3_vl_embedding_2b_caltech101_object10_optical_retrieval/runs/heldout_eval_target_epoch50,13,783044,0.000729,1,229026,0,,true,true,2026-08-12T03:38:21.013996+00:00,checkpoint_without_clear_best,manual review before pruning
experiments/qwen3_vl_embedding_2b_caltech101_object10_optical_retrieval,experiments/qwen3_vl_embedding_2b_caltech101_object10_optical_retrieval/runs,target_eval_exploratory_interpolation75,experiments/qwen3_vl_embedding_2b_caltech101_object10_optical_retrieval/runs/target_eval_exploratory_interpolation75,13,2945103,0.002743,1,1013090,0,,true,true,2026-08-12T03:47:57.000119+00:00,checkpoint_without_clear_best,manual review before pruning
experiments/qwen3_vl_embedding_2b_caltech101_object10_optical_retrieval,experiments/qwen3_vl_embedding_2b_caltech101_object10_optical_retrieval/runs,target_eval_fixed_interpolation50,experiments/qwen3_vl_embedding_2b_caltech101_object10_optical_retrieval/runs/target_eval_fixed_interpolation50,13,2944808,0.002743,1,1013090,0,,true,true,2026-08-12T03:40:24.260881+00:00,checkpoint_without_clear_best,manual review before pruning
experiments/qwen3_vl_embedding_2b_caltech101_object10_optical_retrieval,experiments/qwen3_vl_embedding_2b_caltech101_object10_optical_retrieval/runs,target_eval_pretrain_epoch30,experiments/qwen3_vl_embedding_2b_caltech101_object10_optical_retrieval/runs/target_eval_pretrain_epoch30,13,2945039,0.002743,1,1013090,0,,true,true,2026-08-12T03:49:40.781505+00:00,checkpoint_without_clear_best,manual review before pruning
experiments/qwen3_vl_embedding_2b_caltech101_object10_optical_retrieval,experiments/qwen3_vl_embedding_2b_caltech101_object10_optical_retrieval/runs,target_eval_target_epoch50,experiments/qwen3_vl_embedding_2b_caltech101_object10_optical_retrieval/runs/target_eval_target_epoch50,13,2942302,0.002740,1,1013090,0,,true,true,2026-08-12T03:50:09.409835+00:00,checkpoint_without_clear_best,manual review before pruning
experiments/qwen3_vl_embedding_2b_caltech101_robust_hybrid_retrieval,experiments/qwen3_vl_embedding_2b_caltech101_robust_hybrid_retrieval/runs,caltech101_robust_hybrid_moe4,experiments/qwen3_vl_embedding_2b_caltech101_robust_hybrid_retrieval/runs/caltech101_robust_hybrid_moe4,41,166654991,0.155210,11,149921230,2,best_train_loss_checkpoint.pt|ema_best_train_loss_checkpoint.pt,true,true,2026-08-15T15:12:29.668448+00:00,formal_candidate,keep_best_checkpoints_and_metrics; review other checkpoints
experiments/qwen3_vl_embedding_2b_caltech101_robust_hybrid_retrieval,experiments/qwen3_vl_embedding_2b_caltech101_robust_hybrid_retrieval/runs,caltech101_target10_finetune_epoch60,experiments/qwen3_vl_embedding_2b_caltech101_robust_hybrid_retrieval/runs/caltech101_target10_finetune_epoch60,43,264028062,0.245895,12,226940634,5,best_continuation_from_epoch_0040.pt|best_observed_test_checkpoint.pt|best_train_loss_checkpoint.pt|ema_best_observed_test_checkpoint.pt|ema_best_train_loss_checkpoint.pt,true,true,2026-08-16T01:00:50.546173+00:00,formal_candidate,keep_best_checkpoints_and_metrics; review other checkpoints
experiments/qwen3_vl_embedding_2b_cifar10_electronic_retrieval,experiments/qwen3_vl_embedding_2b_cifar10_electronic_retrieval/runs,cifar10_electronic_vision2d_no_deepstack,experiments/qwen3_vl_embedding_2b_cifar10_electronic_retrieval/runs/cifar10_electronic_vision2d_no_deepstack,18,133010471,0.123876,6,122635220,4,best_observed_test_checkpoint.pt|best_train_loss_checkpoint.pt|ema_best_observed_test_checkpoint.pt|ema_best_train_loss_checkpoint.pt,true,true,2026-08-16T14:01:10.772393+00:00,formal_candidate,keep_best_checkpoints_and_metrics; review other checkpoints
experiments/qwen3_vl_embedding_2b_cifar10_electronic_retrieval,experiments/qwen3_vl_embedding_2b_cifar10_electronic_retrieval/runs,smoke_cifar10_electronic_vision2d_no_deepstack,experiments/qwen3_vl_embedding_2b_cifar10_electronic_retrieval/runs/smoke_cifar10_electronic_vision2d_no_deepstack,26,135159759,0.125877,6,122635220,4,best_observed_test_checkpoint.pt|best_train_loss_checkpoint.pt|ema_best_observed_test_checkpoint.pt|ema_best_train_loss_checkpoint.pt,true,true,2026-08-16T09:06:33.831083+00:00,formal_candidate,keep_best_checkpoints_and_metrics; review other checkpoints
experiments/qwen3_vl_embedding_2b_coco_duts_vision_optical_moe16_pretrain,experiments/qwen3_vl_embedding_2b_coco_duts_vision_optical_moe16_pretrain/runs,coco_duts_vision_optical_moe16_pretrain,experiments/qwen3_vl_embedding_2b_coco_duts_vision_optical_moe16_pretrain/runs/coco_duts_vision_optical_moe16_pretrain,228,471350701,0.438980,9,407214522,2,checkpoints/coco_backbone_best_train_loss.pt|checkpoints/duts_student_best_train_loss.pt,false,true,2026-07-30T01:56:42.584791+00:00,checkpoint_without_clear_best,manual review before pruning
experiments/qwen3_vl_embedding_2b_fss1000_saliency_coco_duts_pretrained_moe16,experiments/qwen3_vl_embedding_2b_fss1000_saliency_coco_duts_pretrained_moe16/runs,fss1000_saliency_coco_duts_pretrained_moe16,experiments/qwen3_vl_embedding_2b_fss1000_saliency_coco_duts_pretrained_moe16/runs/fss1000_saliency_coco_duts_pretrained_moe16,554,195194777,0.181789,7,113523102,1,checkpoints/fss_student_best_train_loss.pt,true,true,2026-07-30T10:18:40.921033+00:00,formal_candidate,keep_best_checkpoints_and_metrics; review other checkpoints
experiments/qwen3_vl_embedding_2b_fss1000_vision_optical_saliency,experiments/qwen3_vl_embedding_2b_fss1000_vision_optical_saliency/runs,fss1000_saliency,experiments/qwen3_vl_embedding_2b_fss1000_vision_optical_saliency/runs/fss1000_saliency,84,1094392762,1.019233,4,58735914,2,checkpoints/student_best_train_loss.pt|checkpoints/teacher_best_train_loss.pt,true,true,2026-07-28T17:00:59.259929+00:00,formal_candidate,keep_best_checkpoints_and_metrics; review other checkpoints
experiments/qwen3_vl_embedding_2b_fss1000_vision_optical_saliency,experiments/qwen3_vl_embedding_2b_fss1000_vision_optical_saliency/runs,fss1000_saliency_seen100_finetune,experiments/qwen3_vl_embedding_2b_fss1000_vision_optical_saliency/runs/fss1000_saliency_seen100_finetune,168,356501490,0.332018,7,186109648,1,checkpoints/student_best_train_loss.pt,true,true,2026-07-30T15:26:03.657728+00:00,formal_candidate,keep_best_checkpoints_and_metrics; review other checkpoints
experiments/qwen3_vl_embedding_2b_fss1000_vision_optical_saliency,experiments/qwen3_vl_embedding_2b_fss1000_vision_optical_saliency/runs,fss1000_saliency_single_layer_from_scratch_100ep,experiments/qwen3_vl_embedding_2b_fss1000_vision_optical_saliency/runs/fss1000_saliency_single_layer_from_scratch_100ep,83,345753393,0.322008,12,319042810,1,checkpoints/student_best_train_loss.pt,true,true,2026-07-29T06:58:45.249242+00:00,formal_candidate,keep_best_checkpoints_and_metrics; review other checkpoints
experiments/qwen3_vl_embedding_2b_grocery10_optical_retrieval,experiments/qwen3_vl_embedding_2b_grocery10_optical_retrieval/runs,archive,experiments/qwen3_vl_embedding_2b_grocery10_optical_retrieval/runs/archive,264,850982063,0.792539,37,701082246,5,qwen3_vl_embedding_2b_grocery10_moe4_from31_strong_ema/best_continuation_from_epoch_0026.pt|qwen3_vl_embedding_2b_grocery10_moe4_from31_strong_ema/best_train_loss_checkpoint.pt|qwen3_vl_embedding_2b_grocery10_moe4_from31_strong_ema/ema_best_train_loss_checkpoint.pt|qwen3_vl_embedding_2b_grocery10_moe4_hardware_robust/best_train_loss_checkpoint.pt|qwen3_vl_embedding_2b_grocery10_replaced_continue_epoch141_stronger_augmentation_ema/ema_best_train_loss_checkpoint.pt,true,true,2026-08-11T08:49:43.728019+00:00,formal_candidate,keep_best_checkpoints_and_metrics; review other checkpoints
experiments/qwen3_vl_embedding_2b_grocery10_optical_retrieval,experiments/qwen3_vl_embedding_2b_grocery10_optical_retrieval/runs,optimization_moe4_response_grocery10_epoch40,experiments/qwen3_vl_embedding_2b_grocery10_optical_retrieval/runs/optimization_moe4_response_grocery10_epoch40,47,256751022,0.239118,13,222381728,5,best_continuation_from_epoch_0026.pt|best_observed_test_checkpoint.pt|best_train_loss_checkpoint.pt|ema_best_observed_test_checkpoint.pt|ema_best_train_loss_checkpoint.pt,true,true,2026-08-11T10:15:00.071996+00:00,formal_candidate,keep_best_checkpoints_and_metrics; review other checkpoints
experiments/qwen3_vl_embedding_2b_grocery10_optical_retrieval,experiments/qwen3_vl_embedding_2b_grocery10_optical_retrieval/runs,optimization_moe4_response_grocery31_pretrain,experiments/qwen3_vl_embedding_2b_grocery10_optical_retrieval/runs/optimization_moe4_response_grocery31_pretrain,45,224637059,0.209210,12,184727318,4,best_observed_test_checkpoint.pt|best_train_loss_checkpoint.pt|ema_best_observed_test_checkpoint.pt|ema_best_train_loss_checkpoint.pt,true,true,2026-08-11T10:01:16.140078+00:00,formal_candidate,keep_best_checkpoints_and_metrics; review other checkpoints
experiments/qwen3_vl_embedding_2b_grocery10_optical_retrieval,experiments/qwen3_vl_embedding_2b_grocery10_optical_retrieval/runs,release_moe4_grocery10_epoch40,experiments/qwen3_vl_embedding_2b_grocery10_optical_retrieval/runs/release_moe4_grocery10_epoch40,40,186430205,0.173627,11,175543090,3,best_continuation_from_epoch_0026.pt|best_train_loss_checkpoint.pt|ema_best_train_loss_checkpoint.pt,true,true,2026-08-11T08:49:43.748019+00:00,formal_candidate,keep_best_checkpoints_and_metrics; review other checkpoints
experiments/qwen3_vl_embedding_2b_grocery10_optical_retrieval,experiments/qwen3_vl_embedding_2b_grocery10_optical_retrieval/runs,release_moe4_grocery31_pretrain,experiments/qwen3_vl_embedding_2b_grocery10_optical_retrieval/runs/release_moe4_grocery31_pretrain,28,138964803,0.129421,9,129188726,2,best_train_loss_checkpoint.pt|ema_best_train_loss_checkpoint.pt,true,true,2026-08-06T11:19:39.060493+00:00,formal_candidate,keep_best_checkpoints_and_metrics; review other checkpoints
experiments/qwen3_vl_embedding_2b_grocery10_robust_hybrid_retrieval,experiments/qwen3_vl_embedding_2b_grocery10_robust_hybrid_retrieval/runs,robust_hybrid_moe4_from_scratch,experiments/qwen3_vl_embedding_2b_grocery10_robust_hybrid_retrieval/runs/robust_hybrid_moe4_from_scratch,66,296538842,0.276173,19,248728038,4,best_observed_test_checkpoint.pt|best_train_loss_checkpoint.pt|ema_best_observed_test_checkpoint.pt|ema_best_train_loss_checkpoint.pt,true,true,2026-08-15T13:42:32.151489+00:00,formal_candidate,keep_best_checkpoints_and_metrics; review other checkpoints
experiments/qwen3_vl_embedding_2b_grocery10_tokenwise_optical_moe4,experiments/qwen3_vl_embedding_2b_grocery10_tokenwise_optical_moe4/runs,optimization,experiments/qwen3_vl_embedding_2b_grocery10_tokenwise_optical_moe4/runs/optimization,129,1504716285,1.401376,18,1492171932,10,nonshared_grocery10_from31_finetune/checkpoints/best_observed_test_top1_checkpoint.pt|nonshared_grocery10_from31_finetune/checkpoints/best_train_loss_checkpoint.pt|nonshared_grocery10_from31_finetune/checkpoints/ema_best_observed_test_top1_checkpoint.pt|nonshared_grocery31_pretrain/checkpoints/best_observed_test_top1_checkpoint.pt|nonshared_grocery31_pretrain/checkpoints/best_train_loss_checkpoint.pt|nonshared_grocery31_pretrain/checkpoints/ema_best_observed_test_top1_checkpoint.pt|shared_grocery10_from31_finetune/checkpoints/best_observed_test_top1_checkpoint.pt|shared_grocery10_from31_finetune/checkpoints/best_train_loss_checkpoint.pt|shared_grocery10_from31_finetune/checkpoints/ema_best_observed_test_top1_checkpoint.pt|shared_grocery31_pretrain/checkpoints/best_train_loss_checkpoint.pt,true,true,2026-08-11T02:00:30.781232+00:00,formal_candidate,keep_best_checkpoints_and_metrics; review other checkpoints
experiments/qwen3_vl_embedding_2b_grocery10_tokenwise_optical_moe4,experiments/qwen3_vl_embedding_2b_grocery10_tokenwise_optical_moe4/runs,qwen3_vl_embedding_2b_grocery10_tokenwise_moe4_global,experiments/qwen3_vl_embedding_2b_grocery10_tokenwise_optical_moe4/runs/qwen3_vl_embedding_2b_grocery10_tokenwise_moe4_global,29,25836360,0.024062,2,21879869,1,checkpoints/best_train_loss_checkpoint.pt,true,true,2026-08-10T08:21:45.061493+00:00,formal_candidate,keep_best_checkpoints_and_metrics; review other checkpoints
experiments/qwen3_vl_embedding_2b_grocery10_tokenwise_optical_moe4,experiments/qwen3_vl_embedding_2b_grocery10_tokenwise_optical_moe4/runs,qwen3_vl_embedding_2b_grocery10_tokenwise_moe4_second_expert,experiments/qwen3_vl_embedding_2b_grocery10_tokenwise_optical_moe4/runs/qwen3_vl_embedding_2b_grocery10_tokenwise_moe4_second_expert,28,2126497,0.001980,2,318397,1,checkpoints/best_train_loss_checkpoint.pt,true,true,2026-08-10T11:09:21.746749+00:00,formal_candidate,keep_best_checkpoints_and_metrics; review other checkpoints
experiments/qwen3_vl_embedding_2b_grocery10_tokenwise_optical_moe4,experiments/qwen3_vl_embedding_2b_grocery10_tokenwise_optical_moe4/runs,qwen3_vl_embedding_2b_grocery10_tokenwise_moe4_smoke,experiments/qwen3_vl_embedding_2b_grocery10_tokenwise_optical_moe4/runs/qwen3_vl_embedding_2b_grocery10_tokenwise_moe4_smoke,19,22114653,0.020596,2,21879357,1,checkpoints/best_train_loss_checkpoint.pt,true,true,2026-08-10T06:38:05.542325+00:00,formal_candidate,keep_best_checkpoints_and_metrics; review other checkpoints
experiments/qwen3_vl_embedding_2b_grocery10_tokenwise_optical_moe4,experiments/qwen3_vl_embedding_2b_grocery10_tokenwise_optical_moe4/runs,qwen3_vl_embedding_2b_grocery10_tokenwise_vision_language_moe4_nonshared_8um,experiments/qwen3_vl_embedding_2b_grocery10_tokenwise_optical_moe4/runs/qwen3_vl_embedding_2b_grocery10_tokenwise_vision_language_moe4_nonshared_8um,41,279817038,0.260600,3,274252964,2,checkpoints/best_observed_test_top1_checkpoint.pt|checkpoints/best_train_loss_checkpoint.pt,true,true,2026-08-10T14:00:16.368028+00:00,formal_candidate,keep_best_checkpoints_and_metrics; review other checkpoints
experiments/qwen3_vl_embedding_2b_grocery10_tokenwise_optical_moe4,experiments/qwen3_vl_embedding_2b_grocery10_tokenwise_optical_moe4/runs,qwen3_vl_embedding_2b_grocery10_tokenwise_vision_language_moe4_shared_8um,experiments/qwen3_vl_embedding_2b_grocery10_tokenwise_optical_moe4/runs/qwen3_vl_embedding_2b_grocery10_tokenwise_vision_language_moe4_shared_8um,41,222312067,0.207044,3,216744932,2,checkpoints/best_observed_test_top1_checkpoint.pt|checkpoints/best_train_loss_checkpoint.pt,true,true,2026-08-10T13:56:40.960834+00:00,formal_candidate,keep_best_checkpoints_and_metrics; review other checkpoints
experiments/qwen3_vl_embedding_2b_grocery10_tokenwise_optical_moe4,experiments/qwen3_vl_embedding_2b_grocery10_tokenwise_optical_moe4/runs,qwen3_vl_embedding_2b_grocery10_tokenwise_vision_language_moe4_smoke,experiments/qwen3_vl_embedding_2b_grocery10_tokenwise_optical_moe4/runs/qwen3_vl_embedding_2b_grocery10_tokenwise_vision_language_moe4_smoke,22,217226829,0.202308,3,216744932,2,checkpoints/best_observed_test_top1_checkpoint.pt|checkpoints/best_train_loss_checkpoint.pt,true,true,2026-08-10T12:57:10.135939+00:00,formal_candidate,keep_best_checkpoints_and_metrics; review other checkpoints
experiments/qwen3_vl_embedding_2b_grocery10_tokenwise_optical_moe4,experiments/qwen3_vl_embedding_2b_grocery10_tokenwise_optical_moe4/runs,smoke,experiments/qwen3_vl_embedding_2b_grocery10_tokenwise_optical_moe4/runs/smoke,25,457570659,0.426146,5,457089206,3,nonshared_optimization/checkpoints/best_observed_test_top1_checkpoint.pt|nonshared_optimization/checkpoints/best_train_loss_checkpoint.pt|nonshared_optimization/checkpoints/ema_best_observed_test_top1_checkpoint.pt,true,true,2026-08-10T16:21:37.270162+00:00,formal_candidate,keep_best_checkpoints_and_metrics; review other checkpoints
experiments/qwen3_vl_embedding_2b_isic2016_skin_lesion_optical_segmentation,experiments/qwen3_vl_embedding_2b_isic2016_skin_lesion_optical_segmentation/runs,isic2016_skin_lesion_coco_duts_pretrained,experiments/qwen3_vl_embedding_2b_isic2016_skin_lesion_optical_segmentation/runs/isic2016_skin_lesion_coco_duts_pretrained,1037,333473839,0.310572,12,194625624,1,checkpoints/isic_student_best_train_loss.pt,true,true,2026-07-30T11:21:03.382045+00:00,formal_candidate,keep_best_checkpoints_and_metrics; review other checkpoints
experiments/qwen3_vl_embedding_2b_isic2016_skin_lesion_optical_segmentation,experiments/qwen3_vl_embedding_2b_isic2016_skin_lesion_optical_segmentation/runs,isic2016_skin_lesion_coco_duts_pretrained_smoke,experiments/qwen3_vl_embedding_2b_isic2016_skin_lesion_optical_segmentation/runs/isic2016_skin_lesion_coco_duts_pretrained_smoke,44,43105133,0.040145,2,32437604,1,checkpoints/isic_student_best_train_loss.pt,true,true,2026-07-30T09:35:23.506948+00:00,formal_candidate,keep_best_checkpoints_and_metrics; review other checkpoints
experiments/qwen3_vl_embedding_2b_isic2016_skin_lesion_optical_segmentation,experiments/qwen3_vl_embedding_2b_isic2016_skin_lesion_optical_segmentation/runs,isic2016_skin_lesion_resume_pretrained_unfrozen,experiments/qwen3_vl_embedding_2b_isic2016_skin_lesion_optical_segmentation/runs/isic2016_skin_lesion_resume_pretrained_unfrozen,1049,1141062129,1.062697,22,1002933052,1,checkpoints/isic_student_best_train_loss.pt,true,true,2026-07-30T13:29:48.320989+00:00,formal_candidate,keep_best_checkpoints_and_metrics; review other checkpoints
experiments/qwen3_vl_embedding_2b_isic2016_skin_lesion_optical_segmentation,experiments/qwen3_vl_embedding_2b_isic2016_skin_lesion_optical_segmentation/runs,isic2016_skin_lesion_scratch,experiments/qwen3_vl_embedding_2b_isic2016_skin_lesion_optical_segmentation/runs/isic2016_skin_lesion_scratch,1038,328460116,0.305902,12,194617944,1,checkpoints/isic_student_best_train_loss.pt,true,true,2026-07-30T11:21:42.153688+00:00,formal_candidate,keep_best_checkpoints_and_metrics; review other checkpoints
experiments/qwen3_vl_embedding_2b_isic2016_skin_lesion_optical_segmentation,experiments/qwen3_vl_embedding_2b_isic2016_skin_lesion_optical_segmentation/runs,isic2016_skin_lesion_scratch_optical_trainable_v2,experiments/qwen3_vl_embedding_2b_isic2016_skin_lesion_optical_segmentation/runs/isic2016_skin_lesion_scratch_optical_trainable_v2,1038,680026898,0.633324,12,547040568,1,checkpoints/isic_student_best_train_loss.pt,true,true,2026-07-30T13:29:13.449016+00:00,formal_candidate,keep_best_checkpoints_and_metrics; review other checkpoints
experiments/qwen3_vl_embedding_2b_isic2016_skin_lesion_optical_segmentation,experiments/qwen3_vl_embedding_2b_isic2016_skin_lesion_optical_segmentation/runs,isic2016_skin_lesion_scratch_smoke,experiments/qwen3_vl_embedding_2b_isic2016_skin_lesion_optical_segmentation/runs/isic2016_skin_lesion_scratch_smoke,37,94207419,0.087737,2,91173428,1,checkpoints/isic_student_best_train_loss.pt,true,true,2026-07-30T11:38:34.076485+00:00,formal_candidate,keep_best_checkpoints_and_metrics; review other checkpoints
experiments/qwen3_vl_embedding_2b_isic2016_skin_lesion_optical_segmentation,experiments/qwen3_vl_embedding_2b_isic2016_skin_lesion_optical_segmentation/runs,isic2016_vision2_hybrid,experiments/qwen3_vl_embedding_2b_isic2016_skin_lesion_optical_segmentation/runs/isic2016_vision2_hybrid,1036,314189765,0.292612,12,186375576,1,checkpoints/isic_student_best_train_loss.pt,true,true,2026-08-18T02:44:13.266932+00:00,formal_candidate,keep_best_checkpoints_and_metrics; review other checkpoints
experiments/qwen3_vl_embedding_2b_lsp_pose_optical_moe16,experiments/qwen3_vl_embedding_2b_lsp_pose_optical_moe16/runs,lsp_pose_optical_moe16,experiments/qwen3_vl_embedding_2b_lsp_pose_optical_moe16/runs/lsp_pose_optical_moe16,93,137863377,0.128395,10,124210727,2,checkpoints/student_best_train_loss.pt|checkpoints/teacher_best_train_loss.pt,false,true,2026-08-01T20:04:41.143139+00:00,checkpoint_without_clear_best,manual review before pruning
experiments/qwen3_vl_embedding_2b_lsp_pose_optical_moe16,experiments/qwen3_vl_embedding_2b_lsp_pose_optical_moe16/runs,lsp_pose_optical_moe16_opt,experiments/qwen3_vl_embedding_2b_lsp_pose_optical_moe16/runs/lsp_pose_optical_moe16_opt,7,21276538,0.019815,2,19960619,1,checkpoints/student_best_train_loss.pt,false,true,2026-08-09T07:51:05.297214+00:00,checkpoint_without_clear_best,manual review before pruning
experiments/qwen3_vl_embedding_2b_lsp_pose_optical_moe16,experiments/qwen3_vl_embedding_2b_lsp_pose_optical_moe16/runs,lsp_pose_optical_moe16_opt2,experiments/qwen3_vl_embedding_2b_lsp_pose_optical_moe16/runs/lsp_pose_optical_moe16_opt2,91,150334105,0.140010,10,136182261,2,checkpoints/student_best_train_loss.pt|checkpoints/teacher_best_train_loss.pt,false,true,2026-08-09T11:34:48.433639+00:00,checkpoint_without_clear_best,manual review before pruning
experiments/qwen3_vl_embedding_2b_lsp_pose_optical_moe16,experiments/qwen3_vl_embedding_2b_lsp_pose_optical_moe16/runs,lsp_pose_optical_moe16_opt2_smoke,experiments/qwen3_vl_embedding_2b_lsp_pose_optical_moe16/runs/lsp_pose_optical_moe16_opt2_smoke,45,80755708,0.075210,10,77071669,2,checkpoints/student_best_train_loss.pt|checkpoints/teacher_best_train_loss.pt,false,true,2026-08-09T07:56:38.008056+00:00,checkpoint_without_clear_best,manual review before pruning
experiments/qwen3_vl_embedding_2b_lsp_pose_optical_moe16,experiments/qwen3_vl_embedding_2b_lsp_pose_optical_moe16/runs,lsp_pose_optical_moe16_opt3,experiments/qwen3_vl_embedding_2b_lsp_pose_optical_moe16/runs/lsp_pose_optical_moe16_opt3,9,1858714241,1.731063,3,1857271513,1,checkpoints/student_best_train_loss.pt,false,true,2026-08-09T15:56:08.868229+00:00,checkpoint_without_clear_best,manual review before pruning
experiments/qwen3_vl_embedding_2b_lsp_pose_optical_moe16,experiments/qwen3_vl_embedding_2b_lsp_pose_optical_moe16/runs,lsp_pose_optical_moe16_opt3_smoke,experiments/qwen3_vl_embedding_2b_lsp_pose_optical_moe16/runs/lsp_pose_optical_moe16_opt3_smoke,9,31639196,0.029466,3,31567641,1,checkpoints/student_best_train_loss.pt,false,true,2026-08-09T11:43:24.127814+00:00,checkpoint_without_clear_best,manual review before pruning
experiments/qwen3_vl_embedding_2b_lsp_pose_optical_moe16,experiments/qwen3_vl_embedding_2b_lsp_pose_optical_moe16/runs,lsp_pose_optical_moe16_opt4,experiments/qwen3_vl_embedding_2b_lsp_pose_optical_moe16/runs/lsp_pose_optical_moe16_opt4,53,135566917,0.126257,8,127334266,1,checkpoints/student_best_train_loss.pt,false,true,2026-08-10T00:50:57.568414+00:00,checkpoint_without_clear_best,manual review before pruning
experiments/qwen3_vl_embedding_2b_lsp_pose_optical_moe16,experiments/qwen3_vl_embedding_2b_lsp_pose_optical_moe16/runs,lsp_pose_optical_moe16_opt4_noema,experiments/qwen3_vl_embedding_2b_lsp_pose_optical_moe16/runs/lsp_pose_optical_moe16_opt4_noema,6,27218702,0.025349,2,25946866,1,checkpoints/student_best_train_loss.pt,false,true,2026-08-09T18:20:50.402854+00:00,checkpoint_without_clear_best,manual review before pruning
experiments/qwen3_vl_embedding_2b_lsp_pose_optical_moe16,experiments/qwen3_vl_embedding_2b_lsp_pose_optical_moe16/runs,lsp_pose_optical_moe16_opt4_nonorm,experiments/qwen3_vl_embedding_2b_lsp_pose_optical_moe16/runs/lsp_pose_optical_moe16_opt4_nonorm,53,135754579,0.126431,8,127334330,1,checkpoints/student_best_train_loss.pt,false,true,2026-08-10T00:47:33.079108+00:00,checkpoint_without_clear_best,manual review before pruning
experiments/qwen3_vl_embedding_2b_lsp_pose_optical_moe16,experiments/qwen3_vl_embedding_2b_lsp_pose_optical_moe16/runs,lsp_pose_optical_moe16_opt4_noroute,experiments/qwen3_vl_embedding_2b_lsp_pose_optical_moe16/runs/lsp_pose_optical_moe16_opt4_noroute,6,27218708,0.025349,2,25946866,1,checkpoints/student_best_train_loss.pt,false,true,2026-08-09T18:20:28.438816+00:00,checkpoint_without_clear_best,manual review before pruning
experiments/qwen3_vl_embedding_2b_lsp_pose_optical_moe16,experiments/qwen3_vl_embedding_2b_lsp_pose_optical_moe16/runs,lsp_pose_optical_moe16_opt4_smoke,experiments/qwen3_vl_embedding_2b_lsp_pose_optical_moe16/runs/lsp_pose_optical_moe16_opt4_smoke,8,26018482,0.024232,2,25946866,1,checkpoints/student_best_train_loss.pt,false,true,2026-08-09T17:35:25.082326+00:00,checkpoint_without_clear_best,manual review before pruning
experiments/qwen3_vl_embedding_2b_lsp_pose_optical_moe16,experiments/qwen3_vl_embedding_2b_lsp_pose_optical_moe16/runs,lsp_pose_optical_moe16_opt_smoke,experiments/qwen3_vl_embedding_2b_lsp_pose_optical_moe16/runs/lsp_pose_optical_moe16_opt_smoke,8,20029516,0.018654,2,19960619,1,checkpoints/student_best_train_loss.pt,false,true,2026-08-09T04:48:31.740825+00:00,checkpoint_without_clear_best,manual review before pruning
experiments/qwen3_vl_embedding_2b_lsp_pose_optical_moe16,experiments/qwen3_vl_embedding_2b_lsp_pose_optical_moe16/runs,lsp_pose_vision2_hybrid,experiments/qwen3_vl_embedding_2b_lsp_pose_optical_moe16/runs/lsp_pose_vision2_hybrid,47,32393225,0.030169,5,25473830,1,checkpoints/student_best_train_loss.pt,false,true,2026-08-18T02:45:44.122215+00:00,checkpoint_without_clear_best,manual review before pruning
experiments/qwen3_vl_embedding_2b_lsp_pose_optical_router,experiments/qwen3_vl_embedding_2b_lsp_pose_optical_router/runs,electronic_power_topk1_periodic_test5,experiments/qwen3_vl_embedding_2b_lsp_pose_optical_router/runs/electronic_power_topk1_periodic_test5,30,7243392,0.006746,1,5890802,1,checkpoints/ema_best_periodic_test_pck.pt,true,true,2026-09-02T11:14:35.165433+00:00,formal_candidate,keep_best_checkpoints_and_metrics; review other checkpoints
experiments/qwen3_vl_embedding_2b_lsp_pose_optical_router,experiments/qwen3_vl_embedding_2b_lsp_pose_optical_router/runs,electronic_power_topk2,experiments/qwen3_vl_embedding_2b_lsp_pose_optical_router/runs/electronic_power_topk2,8,7182731,0.006689,1,5890632,1,checkpoints/ema_best_development_pck.pt,false,true,2026-09-02T03:45:23.590751+00:00,checkpoint_without_clear_best,manual review before pruning
experiments/qwen3_vl_embedding_2b_lsp_pose_optical_router,experiments/qwen3_vl_embedding_2b_lsp_pose_optical_router/runs,electronic_power_topk2_periodic_test5,experiments/qwen3_vl_embedding_2b_lsp_pose_optical_router/runs/electronic_power_topk2_periodic_test5,30,7243511,0.006746,1,5890802,1,checkpoints/ema_best_periodic_test_pck.pt,true,true,2026-09-02T11:16:30.797742+00:00,formal_candidate,keep_best_checkpoints_and_metrics; review other checkpoints
experiments/qwen3_vl_embedding_2b_lsp_pose_optical_router,experiments/qwen3_vl_embedding_2b_lsp_pose_optical_router/runs,electronic_power_topk4_periodic_test5,experiments/qwen3_vl_embedding_2b_lsp_pose_optical_router/runs/electronic_power_topk4_periodic_test5,30,7243831,0.006746,1,5890802,1,checkpoints/ema_best_periodic_test_pck.pt,true,true,2026-09-02T11:21:06.765633+00:00,formal_candidate,keep_best_checkpoints_and_metrics; review other checkpoints
experiments/qwen3_vl_embedding_2b_lsp_pose_optical_router,experiments/qwen3_vl_embedding_2b_lsp_pose_optical_router/runs,logs,experiments/qwen3_vl_embedding_2b_lsp_pose_optical_router/runs/logs,2,17751,0.000017,0,0,0,,false,false,2026-09-02T03:46:03.610495+00:00,unclassified,manual review
experiments/qwen3_vl_embedding_2b_lsp_pose_optical_router,experiments/qwen3_vl_embedding_2b_lsp_pose_optical_router/runs,optical_power_topk2_periodic_test5,experiments/qwen3_vl_embedding_2b_lsp_pose_optical_router/runs/optical_power_topk2_periodic_test5,30,7440633,0.006930,1,6087906,1,checkpoints/ema_best_periodic_test_pck.pt,true,true,2026-09-02T11:21:06.893633+00:00,formal_candidate,keep_best_checkpoints_and_metrics; review other checkpoints
experiments/qwen3_vl_embedding_2b_salicon_vision_optical_saliency,experiments/qwen3_vl_embedding_2b_salicon_vision_optical_saliency/runs,salicon_vision2_hybrid,experiments/qwen3_vl_embedding_2b_salicon_vision_optical_saliency/runs/salicon_vision2_hybrid,28,32686253,0.030441,2,11396536,1,checkpoints/student_best.pt,false,true,2026-08-18T02:42:17.079861+00:00,checkpoint_without_clear_best,manual review before pruning
experiments/qwen3_vl_embedding_2b_salicon_vision_optical_saliency,experiments/qwen3_vl_embedding_2b_salicon_vision_optical_saliency/runs,salicon_vision_optical_saliency,experiments/qwen3_vl_embedding_2b_salicon_vision_optical_saliency/runs/salicon_vision_optical_saliency,51,60020800,0.055899,4,20803844,2,checkpoints/student_best.pt|checkpoints/teacher_best.pt,false,true,2026-07-30T19:04:44.111823+00:00,checkpoint_without_clear_best,manual review before pruning
experiments/qwen3_vl_patch_stem_8stage_dual_scale_optical_imagenet_backbone,experiments/qwen3_vl_patch_stem_8stage_dual_scale_optical_imagenet_backbone/runs,gpu_smoke_20260824_014518,experiments/qwen3_vl_patch_stem_8stage_dual_scale_optical_imagenet_backbone/runs/gpu_smoke_20260824_014518,10,141066536,0.131378,5,141049198,1,checkpoints/best.pt,false,false,2026-08-23T17:45:28.931527+00:00,checkpoint_without_clear_best,manual review before pruning
experiments/qwen3_vl_patch_stem_8stage_dual_scale_optical_imagenet_backbone,experiments/qwen3_vl_patch_stem_8stage_dual_scale_optical_imagenet_backbone/runs,p10_imagenet1k_pretrain_bs96_90e,experiments/qwen3_vl_patch_stem_8stage_dual_scale_optical_imagenet_backbone/runs/p10_imagenet1k_pretrain_bs96_90e,28,948562832,0.883418,22,948258552,1,checkpoints/best.pt,false,false,2026-08-29T00:24:25.173152+00:00,checkpoint_without_clear_best,manual review before pruning
experiments/qwen3_vl_patch_stem_8stage_separable_optical_imagenet_backbone,experiments/qwen3_vl_patch_stem_8stage_separable_optical_imagenet_backbone/runs,gpu_smoke_20260824_014543,experiments/qwen3_vl_patch_stem_8stage_separable_optical_imagenet_backbone/runs/gpu_smoke_20260824_014543,10,141067564,0.131379,5,141049326,1,checkpoints/best.pt,false,false,2026-08-23T17:45:55.827162+00:00,checkpoint_without_clear_best,manual review before pruning
experiments/qwen3_vl_patch_stem_8stage_separable_optical_imagenet_backbone,experiments/qwen3_vl_patch_stem_8stage_separable_optical_imagenet_backbone/runs,p11_imagenet1k_pretrain_bs96_90e,experiments/qwen3_vl_patch_stem_8stage_separable_optical_imagenet_backbone/runs/p11_imagenet1k_pretrain_bs96_90e,28,948608499,0.883461,22,948302776,1,checkpoints/best.pt,false,false,2026-08-27T12:37:04.769776+00:00,checkpoint_without_clear_best,manual review before pruning
experiments/qwen3_vl_patch_stem_8stage_slim_mixer_imagenet_backbone,experiments/qwen3_vl_patch_stem_8stage_slim_mixer_imagenet_backbone/runs,gpu_smoke_bs96,experiments/qwen3_vl_patch_stem_8stage_slim_mixer_imagenet_backbone/runs/gpu_smoke_bs96,10,163789025,0.152540,5,163773419,1,checkpoints/best.pt,false,false,2026-08-23T16:45:38.364429+00:00,checkpoint_without_clear_best,manual review before pruning
experiments/qwen3_vl_patch_stem_8stage_slim_mixer_imagenet_backbone,experiments/qwen3_vl_patch_stem_8stage_slim_mixer_imagenet_backbone/runs,p09_imagenet1k_pretrain_bs96_90e,experiments/qwen3_vl_patch_stem_8stage_slim_mixer_imagenet_backbone/runs/p09_imagenet1k_pretrain_bs96_90e,28,948550193,0.883406,22,948247812,1,checkpoints/best.pt,false,false,2026-08-25T07:07:44.887621+00:00,checkpoint_without_clear_best,manual review before pruning
FixedFeedbackSFT/projects/qwen3_vl_patch_stem_8stage_optical_imagenet_backbone,FixedFeedbackSFT/projects/qwen3_vl_patch_stem_8stage_optical_imagenet_backbone/runs,batch_benchmarks,FixedFeedbackSFT/projects/qwen3_vl_patch_stem_8stage_optical_imagenet_backbone/runs/batch_benchmarks,56,674751688,0.628411,25,674661789,5,p08_bs_benchmark_20260823_2048/bs128/checkpoints/best.pt|p08_bs_benchmark_20260823_2048/bs160/checkpoints/best.pt|p08_bs_benchmark_20260823_2048/bs192/checkpoints/best.pt|p08_bs_benchmark_20260823_2048/bs64/checkpoints/best.pt|p08_bs_benchmark_20260823_2048/bs96/checkpoints/best.pt,false,false,2026-08-23T12:54:09.160287+00:00,checkpoint_without_clear_best,manual review before pruning
FixedFeedbackSFT/projects/qwen3_vl_patch_stem_8stage_optical_imagenet_backbone,FixedFeedbackSFT/projects/qwen3_vl_patch_stem_8stage_optical_imagenet_backbone/runs,ddp_batch_benchmarks,FixedFeedbackSFT/projects/qwen3_vl_patch_stem_8stage_optical_imagenet_backbone/runs/ddp_batch_benchmarks,23,254490171,0.237012,10,254450778,2,p08_ddp_bs_benchmark_20260823_2100/bs64_global128/checkpoints/best.pt|p08_ddp_bs_benchmark_20260823_2100/bs96_global192/checkpoints/best.pt,false,false,2026-08-23T13:00:00.415475+00:00,checkpoint_without_clear_best,manual review before pruning
FixedFeedbackSFT/projects/qwen3_vl_patch_stem_8stage_optical_imagenet_backbone,FixedFeedbackSFT/projects/qwen3_vl_patch_stem_8stage_optical_imagenet_backbone/runs,p08_100k_screen,FixedFeedbackSFT/projects/qwen3_vl_patch_stem_8stage_optical_imagenet_backbone/runs/p08_100k_screen,13,291074278,0.271084,8,291056219,1,checkpoints/best.pt,false,false,2026-08-23T11:19:51.383180+00:00,checkpoint_without_clear_best,manual review before pruning
FixedFeedbackSFT/projects/qwen3_vl_patch_stem_8stage_optical_imagenet_backbone,FixedFeedbackSFT/projects/qwen3_vl_patch_stem_8stage_optical_imagenet_backbone/runs,p08_imagenet1k_pretrain_90e,FixedFeedbackSFT/projects/qwen3_vl_patch_stem_8stage_optical_imagenet_backbone/runs/p08_imagenet1k_pretrain_90e,7,86606802,0.080659,3,86596270,1,checkpoints/best.pt,false,false,2026-08-23T12:47:07.713907+00:00,checkpoint_without_clear_best,manual review before pruning
FixedFeedbackSFT/projects/qwen3_vl_patch_stem_8stage_optical_imagenet_backbone,FixedFeedbackSFT/projects/qwen3_vl_patch_stem_8stage_optical_imagenet_backbone/runs,p08_imagenet1k_pretrain_bs96_90e,FixedFeedbackSFT/projects/qwen3_vl_patch_stem_8stage_optical_imagenet_backbone/runs/p08_imagenet1k_pretrain_bs96_90e,9,127521746,0.118764,4,127498295,1,checkpoints/best.pt,false,false,2026-08-23T16:35:55.333066+00:00,checkpoint_without_clear_best,manual review before pruning
FixedFeedbackSFT/projects/qwen3_vl_patch_stem_8stage_optical_imagenet_backbone,FixedFeedbackSFT/projects/qwen3_vl_patch_stem_8stage_optical_imagenet_backbone/runs,smoke,FixedFeedbackSFT/projects/qwen3_vl_patch_stem_8stage_optical_imagenet_backbone/runs/smoke,10,127235489,0.118497,5,127225133,1,checkpoints/best.pt,false,false,2026-08-23T11:20:40.022838+00:00,checkpoint_without_clear_best,manual review before pruning
FixedFeedbackSFT,FixedFeedbackSFT/runs,_transfer,FixedFeedbackSFT/runs/_transfer,0,0,0.000000,0,0,0,,false,false,2026-09-02T02:40:44.547301+00:00,unclassified,manual review
FixedFeedbackSFT,FixedFeedbackSFT/runs,_worktrees,FixedFeedbackSFT/runs/_worktrees,0,0,0.000000,0,0,0,,false,false,2026-09-04T13:40:29.947210+00:00,unclassified,manual review
opticalmoe/d2nn_cifar10_4class_heterogeneous_moe9_deep_linear,opticalmoe/d2nn_cifar10_4class_heterogeneous_moe9_deep_linear/runs,cifar10_4class_heterogeneous_moe9_deep_linear_top3_seed7,opticalmoe/d2nn_cifar10_4class_heterogeneous_moe9_deep_linear/runs/cifar10_4class_heterogeneous_moe9_deep_linear_top3_seed7,2041,387460147,0.360850,6,25975188,1,checkpoints/best.pt,true,true,2026-07-14T09:27:22.307430+00:00,formal_candidate,keep_best_checkpoints_and_metrics; review other checkpoints
opticalmoe/d2nn_cifar10_4class_heterogeneous_moe9_deep_nonlinear,opticalmoe/d2nn_cifar10_4class_heterogeneous_moe9_deep_nonlinear/runs,_smoke_independent_affine_10class,opticalmoe/d2nn_cifar10_4class_heterogeneous_moe9_deep_nonlinear/runs/_smoke_independent_affine_10class,58,140477439,0.130830,6,57126930,1,checkpoints/best.pt,true,true,2026-07-15T02:38:01.200596+00:00,formal_candidate,keep_best_checkpoints_and_metrics; review other checkpoints
opticalmoe/d2nn_cifar10_4class_heterogeneous_moe9_deep_nonlinear,opticalmoe/d2nn_cifar10_4class_heterogeneous_moe9_deep_nonlinear/runs,_smoke_independent_affine_4class,opticalmoe/d2nn_cifar10_4class_heterogeneous_moe9_deep_nonlinear/runs/_smoke_independent_affine_4class,58,140461684,0.130815,6,57126802,1,checkpoints/best.pt,true,true,2026-07-15T02:37:50.208683+00:00,formal_candidate,keep_best_checkpoints_and_metrics; review other checkpoints
opticalmoe/d2nn_cifar10_4class_heterogeneous_moe9_deep_nonlinear,opticalmoe/d2nn_cifar10_4class_heterogeneous_moe9_deep_nonlinear/runs,_smoke_perexpert_affine_10class,opticalmoe/d2nn_cifar10_4class_heterogeneous_moe9_deep_nonlinear/runs/_smoke_perexpert_affine_10class,58,112832827,0.105084,6,29479186,1,checkpoints/best.pt,true,true,2026-07-15T02:06:08.939272+00:00,formal_candidate,keep_best_checkpoints_and_metrics; review other checkpoints
opticalmoe/d2nn_cifar10_4class_heterogeneous_moe9_deep_nonlinear,opticalmoe/d2nn_cifar10_4class_heterogeneous_moe9_deep_nonlinear/runs,_smoke_perexpert_affine_4class,opticalmoe/d2nn_cifar10_4class_heterogeneous_moe9_deep_nonlinear/runs/_smoke_perexpert_affine_4class,58,112807567,0.105060,6,29479058,1,checkpoints/best.pt,true,true,2026-07-15T02:05:59.755314+00:00,formal_candidate,keep_best_checkpoints_and_metrics; review other checkpoints
opticalmoe/d2nn_cifar10_4class_heterogeneous_moe9_deep_nonlinear,opticalmoe/d2nn_cifar10_4class_heterogeneous_moe9_deep_nonlinear/runs,cifar10_10class_heterogeneous_moe9_deep_nonlinear_layernorm_relu_normmse_top3_seed7,opticalmoe/d2nn_cifar10_4class_heterogeneous_moe9_deep_nonlinear/runs/cifar10_10class_heterogeneous_moe9_deep_nonlinear_layernorm_relu_normmse_top3_seed7,6643,682694760,0.635809,6,26002210,1,checkpoints/best.pt,true,true,2026-07-14T21:23:43.188246+00:00,formal_candidate,keep_best_checkpoints_and_metrics; review other checkpoints
opticalmoe/d2nn_cifar10_4class_heterogeneous_moe9_deep_nonlinear,opticalmoe/d2nn_cifar10_4class_heterogeneous_moe9_deep_nonlinear/runs,cifar10_10class_heterogeneous_moe9_deep_nonlinear_perexpert_affine_layernorm_relu_normmse_top3_balance02_seed7,opticalmoe/d2nn_cifar10_4class_heterogeneous_moe9_deep_nonlinear/runs/cifar10_10class_heterogeneous_moe9_deep_nonlinear_perexpert_affine_layernorm_relu_normmse_top3_balance02_seed7,6643,750204598,0.698682,6,26003106,1,checkpoints/best.pt,true,true,2026-07-15T08:22:56.164418+00:00,formal_candidate,keep_best_checkpoints_and_metrics; review other checkpoints
opticalmoe/d2nn_cifar10_4class_heterogeneous_moe9_deep_nonlinear,opticalmoe/d2nn_cifar10_4class_heterogeneous_moe9_deep_nonlinear/runs,cifar10_4class_heterogeneous_moe9_deep_nonlinear_layernorm_relu_normmse_top3_seed7,opticalmoe/d2nn_cifar10_4class_heterogeneous_moe9_deep_nonlinear/runs/cifar10_4class_heterogeneous_moe9_deep_nonlinear_layernorm_relu_normmse_top3_seed7,6643,674910753,0.628560,6,26002082,1,checkpoints/best.pt,true,true,2026-07-14T19:58:26.724926+00:00,formal_candidate,keep_best_checkpoints_and_metrics; review other checkpoints
opticalmoe/d2nn_cifar10_4class_heterogeneous_moe9_linear,opticalmoe/d2nn_cifar10_4class_heterogeneous_moe9_linear/runs,cifar10_4class_heterogeneous_moe9_linear_top3_seed7,opticalmoe/d2nn_cifar10_4class_heterogeneous_moe9_linear/runs/cifar10_4class_heterogeneous_moe9_linear_top3_seed7,1228,314934285,0.293305,6,15543676,1,checkpoints/best.pt,true,true,2026-07-14T06:55:55.199094+00:00,formal_candidate,keep_best_checkpoints_and_metrics; review other checkpoints
opticalmoe/d2nn_cifar10_4class_heterogeneous_moe9_linear,opticalmoe/d2nn_cifar10_4class_heterogeneous_moe9_linear/runs,heterogeneous_moe9_linear_smoke_metrics_validation,opticalmoe/d2nn_cifar10_4class_heterogeneous_moe9_linear/runs/heterogeneous_moe9_linear_smoke_metrics_validation,32,43353587,0.040376,6,15543676,1,checkpoints/best.pt,true,true,2026-07-14T03:20:01.401442+00:00,formal_candidate,keep_best_checkpoints_and_metrics; review other checkpoints
opticalmoe/d2nn_cifar10_4class_heterogeneous_moe9_linear,opticalmoe/d2nn_cifar10_4class_heterogeneous_moe9_linear/runs,heterogeneous_moe9_linear_smoke_validation,opticalmoe/d2nn_cifar10_4class_heterogeneous_moe9_linear/runs/heterogeneous_moe9_linear_smoke_validation,188,65764838,0.061248,6,15543164,1,checkpoints/best.pt,true,true,2026-07-14T03:18:43.045822+00:00,formal_candidate,keep_best_checkpoints_and_metrics; review other checkpoints
opticalmoe_experiments/foundation_distillation,opticalmoe_experiments/foundation_distillation/runs,cifar10_gray_clip_vitb32_feature_distill_lenet_seed7,opticalmoe_experiments/foundation_distillation/runs/cifar10_gray_clip_vitb32_feature_distill_lenet_seed7,23,91723811,0.085424,2,91234740,1,checkpoints/best.pt,true,true,2026-07-05T07:47:26.692544+00:00,formal_candidate,keep_best_checkpoints_and_metrics; review other checkpoints
opticalmoe_experiments/foundation_distillation,opticalmoe_experiments/foundation_distillation/runs,cifar10_gray_dinov2_vitb14_feature_distill_lenet_seed7,opticalmoe_experiments/foundation_distillation/runs/cifar10_gray_dinov2_vitb14_feature_distill_lenet_seed7,23,95671355,0.089101,2,95173172,1,checkpoints/best.pt,true,true,2026-07-05T09:20:25.801177+00:00,formal_candidate,keep_best_checkpoints_and_metrics; review other checkpoints
opticalmoe_experiments/foundation_distillation,opticalmoe_experiments/foundation_distillation/runs,cifar10_gray_dinov2_vits14_feature_distill_lenet_seed7,opticalmoe_experiments/foundation_distillation/runs/cifar10_gray_dinov2_vits14_feature_distill_lenet_seed7,23,89764777,0.083600,2,89265716,1,checkpoints/best.pt,true,true,2026-07-05T08:45:59.852753+00:00,formal_candidate,keep_best_checkpoints_and_metrics; review other checkpoints
opticalmoe_experiments/foundation_distillation,opticalmoe_experiments/foundation_distillation/runs,cifar10_gray_dinov2_vits14_feature_distill_seed7,opticalmoe_experiments/foundation_distillation/runs/cifar10_gray_dinov2_vits14_feature_distill_seed7,711,449713461,0.418828,2,37605948,1,checkpoints/best.pt,true,true,2026-07-04T19:06:21.968679+00:00,formal_candidate,keep_best_checkpoints_and_metrics; review other checkpoints
opticalmoe_experiments/foundation_distillation,opticalmoe_experiments/foundation_distillation/runs,cifar10_gray_lenet_supervised_seed7,opticalmoe_experiments/foundation_distillation/runs/cifar10_gray_lenet_supervised_seed7,21,75336433,0.070163,2,75041396,1,checkpoints/best.pt,true,true,2026-07-05T09:11:20.553323+00:00,formal_candidate,keep_best_checkpoints_and_metrics; review other checkpoints
