path,bytes,checkpoint_directory,preserved_best,preserved_last,reason
experiments/d2nn_cifar100_cifar10_fixed_feedback_contrastive_20stage400/runs/main/finetune/bp/seed_3456/checkpoints/epoch_010.pt,103317077,experiments/d2nn_cifar100_cifar10_fixed_feedback_contrastive_20stage400/runs/main/finetune/bp/seed_3456/checkpoints,experiments/d2nn_cifar100_cifar10_fixed_feedback_contrastive_20stage400/runs/main/finetune/bp/seed_3456/checkpoints/best_validation.pt,experiments/d2nn_cifar100_cifar10_fixed_feedback_contrastive_20stage400/runs/main/finetune/bp/seed_3456/checkpoints/last.pt,periodic checkpoint has sibling best and last/latest
experiments/d2nn_cifar100_cifar10_fixed_feedback_contrastive_20stage400/runs/main/finetune/bp/seed_3456/checkpoints/epoch_020.pt,103317077,experiments/d2nn_cifar100_cifar10_fixed_feedback_contrastive_20stage400/runs/main/finetune/bp/seed_3456/checkpoints,experiments/d2nn_cifar100_cifar10_fixed_feedback_contrastive_20stage400/runs/main/finetune/bp/seed_3456/checkpoints/best_validation.pt,experiments/d2nn_cifar100_cifar10_fixed_feedback_contrastive_20stage400/runs/main/finetune/bp/seed_3456/checkpoints/last.pt,periodic checkpoint has sibling best and last/latest
experiments/d2nn_cifar100_cifar10_fixed_feedback_contrastive_20stage400/runs/main/finetune/bp/seed_3456/checkpoints/epoch_030.pt,103317077,experiments/d2nn_cifar100_cifar10_fixed_feedback_contrastive_20stage400/runs/main/finetune/bp/seed_3456/checkpoints,experiments/d2nn_cifar100_cifar10_fixed_feedback_contrastive_20stage400/runs/main/finetune/bp/seed_3456/checkpoints/best_validation.pt,experiments/d2nn_cifar100_cifar10_fixed_feedback_contrastive_20stage400/runs/main/finetune/bp/seed_3456/checkpoints/last.pt,periodic checkpoint has sibling best and last/latest
experiments/d2nn_cifar100_cifar10_fixed_feedback_contrastive_20stage400/runs/main/finetune/bp/seed_2345/checkpoints/epoch_010.pt,103317077,experiments/d2nn_cifar100_cifar10_fixed_feedback_contrastive_20stage400/runs/main/finetune/bp/seed_2345/checkpoints,experiments/d2nn_cifar100_cifar10_fixed_feedback_contrastive_20stage400/runs/main/finetune/bp/seed_2345/checkpoints/best_validation.pt,experiments/d2nn_cifar100_cifar10_fixed_feedback_contrastive_20stage400/runs/main/finetune/bp/seed_2345/checkpoints/last.pt,periodic checkpoint has sibling best and last/latest
experiments/d2nn_cifar100_cifar10_fixed_feedback_contrastive_20stage400/runs/main/finetune/bp/seed_2345/checkpoints/epoch_020.pt,103317077,experiments/d2nn_cifar100_cifar10_fixed_feedback_contrastive_20stage400/runs/main/finetune/bp/seed_2345/checkpoints,experiments/d2nn_cifar100_cifar10_fixed_feedback_contrastive_20stage400/runs/main/finetune/bp/seed_2345/checkpoints/best_validation.pt,experiments/d2nn_cifar100_cifar10_fixed_feedback_contrastive_20stage400/runs/main/finetune/bp/seed_2345/checkpoints/last.pt,periodic checkpoint has sibling best and last/latest
experiments/d2nn_cifar100_cifar10_fixed_feedback_contrastive_20stage400/runs/main/finetune/bp/seed_2345/checkpoints/epoch_030.pt,103317077,experiments/d2nn_cifar100_cifar10_fixed_feedback_contrastive_20stage400/runs/main/finetune/bp/seed_2345/checkpoints,experiments/d2nn_cifar100_cifar10_fixed_feedback_contrastive_20stage400/runs/main/finetune/bp/seed_2345/checkpoints/best_validation.pt,experiments/d2nn_cifar100_cifar10_fixed_feedback_contrastive_20stage400/runs/main/finetune/bp/seed_2345/checkpoints/last.pt,periodic checkpoint has sibling best and last/latest
experiments/d2nn_cifar100_cifar10_fixed_feedback_contrastive_20stage400/runs/main/finetune/bp/seed_1234/checkpoints/epoch_010.pt,103317077,experiments/d2nn_cifar100_cifar10_fixed_feedback_contrastive_20stage400/runs/main/finetune/bp/seed_1234/checkpoints,experiments/d2nn_cifar100_cifar10_fixed_feedback_contrastive_20stage400/runs/main/finetune/bp/seed_1234/checkpoints/best_validation.pt,experiments/d2nn_cifar100_cifar10_fixed_feedback_contrastive_20stage400/runs/main/finetune/bp/seed_1234/checkpoints/last.pt,periodic checkpoint has sibling best and last/latest
experiments/d2nn_cifar100_cifar10_fixed_feedback_contrastive_20stage400/runs/main/finetune/bp/seed_1234/checkpoints/epoch_020.pt,103317077,experiments/d2nn_cifar100_cifar10_fixed_feedback_contrastive_20stage400/runs/main/finetune/bp/seed_1234/checkpoints,experiments/d2nn_cifar100_cifar10_fixed_feedback_contrastive_20stage400/runs/main/finetune/bp/seed_1234/checkpoints/best_validation.pt,experiments/d2nn_cifar100_cifar10_fixed_feedback_contrastive_20stage400/runs/main/finetune/bp/seed_1234/checkpoints/last.pt,periodic checkpoint has sibling best and last/latest
experiments/d2nn_cifar100_cifar10_fixed_feedback_contrastive_20stage400/runs/main/finetune/bp/seed_1234/checkpoints/epoch_030.pt,103317077,experiments/d2nn_cifar100_cifar10_fixed_feedback_contrastive_20stage400/runs/main/finetune/bp/seed_1234/checkpoints,experiments/d2nn_cifar100_cifar10_fixed_feedback_contrastive_20stage400/runs/main/finetune/bp/seed_1234/checkpoints/best_validation.pt,experiments/d2nn_cifar100_cifar10_fixed_feedback_contrastive_20stage400/runs/main/finetune/bp/seed_1234/checkpoints/last.pt,periodic checkpoint has sibling best and last/latest
experiments/d2nn_cifar100_cifar10_fixed_feedback_contrastive_20stage400/runs/main/finetune/fa_random/seed_3456/checkpoints/epoch_010.pt,103317077,experiments/d2nn_cifar100_cifar10_fixed_feedback_contrastive_20stage400/runs/main/finetune/fa_random/seed_3456/checkpoints,experiments/d2nn_cifar100_cifar10_fixed_feedback_contrastive_20stage400/runs/main/finetune/fa_random/seed_3456/checkpoints/best_validation.pt,experiments/d2nn_cifar100_cifar10_fixed_feedback_contrastive_20stage400/runs/main/finetune/fa_random/seed_3456/checkpoints/last.pt,periodic checkpoint has sibling best and last/latest
experiments/d2nn_cifar100_cifar10_fixed_feedback_contrastive_20stage400/runs/main/finetune/fa_random/seed_3456/checkpoints/epoch_020.pt,103317077,experiments/d2nn_cifar100_cifar10_fixed_feedback_contrastive_20stage400/runs/main/finetune/fa_random/seed_3456/checkpoints,experiments/d2nn_cifar100_cifar10_fixed_feedback_contrastive_20stage400/runs/main/finetune/fa_random/seed_3456/checkpoints/best_validation.pt,experiments/d2nn_cifar100_cifar10_fixed_feedback_contrastive_20stage400/runs/main/finetune/fa_random/seed_3456/checkpoints/last.pt,periodic checkpoint has sibling best and last/latest
experiments/d2nn_cifar100_cifar10_fixed_feedback_contrastive_20stage400/runs/main/finetune/fa_random/seed_3456/checkpoints/epoch_030.pt,103317077,experiments/d2nn_cifar100_cifar10_fixed_feedback_contrastive_20stage400/runs/main/finetune/fa_random/seed_3456/checkpoints,experiments/d2nn_cifar100_cifar10_fixed_feedback_contrastive_20stage400/runs/main/finetune/fa_random/seed_3456/checkpoints/best_validation.pt,experiments/d2nn_cifar100_cifar10_fixed_feedback_contrastive_20stage400/runs/main/finetune/fa_random/seed_3456/checkpoints/last.pt,periodic checkpoint has sibling best and last/latest
experiments/d2nn_cifar100_cifar10_fixed_feedback_contrastive_20stage400/runs/main/finetune/fa_random/seed_2345/checkpoints/epoch_010.pt,103317077,experiments/d2nn_cifar100_cifar10_fixed_feedback_contrastive_20stage400/runs/main/finetune/fa_random/seed_2345/checkpoints,experiments/d2nn_cifar100_cifar10_fixed_feedback_contrastive_20stage400/runs/main/finetune/fa_random/seed_2345/checkpoints/best_validation.pt,experiments/d2nn_cifar100_cifar10_fixed_feedback_contrastive_20stage400/runs/main/finetune/fa_random/seed_2345/checkpoints/last.pt,periodic checkpoint has sibling best and last/latest
experiments/d2nn_cifar100_cifar10_fixed_feedback_contrastive_20stage400/runs/main/finetune/fa_random/seed_2345/checkpoints/epoch_020.pt,103317077,experiments/d2nn_cifar100_cifar10_fixed_feedback_contrastive_20stage400/runs/main/finetune/fa_random/seed_2345/checkpoints,experiments/d2nn_cifar100_cifar10_fixed_feedback_contrastive_20stage400/runs/main/finetune/fa_random/seed_2345/checkpoints/best_validation.pt,experiments/d2nn_cifar100_cifar10_fixed_feedback_contrastive_20stage400/runs/main/finetune/fa_random/seed_2345/checkpoints/last.pt,periodic checkpoint has sibling best and last/latest
experiments/d2nn_cifar100_cifar10_fixed_feedback_contrastive_20stage400/runs/main/finetune/fa_random/seed_2345/checkpoints/epoch_030.pt,103317077,experiments/d2nn_cifar100_cifar10_fixed_feedback_contrastive_20stage400/runs/main/finetune/fa_random/seed_2345/checkpoints,experiments/d2nn_cifar100_cifar10_fixed_feedback_contrastive_20stage400/runs/main/finetune/fa_random/seed_2345/checkpoints/best_validation.pt,experiments/d2nn_cifar100_cifar10_fixed_feedback_contrastive_20stage400/runs/main/finetune/fa_random/seed_2345/checkpoints/last.pt,periodic checkpoint has sibling best and last/latest
experiments/d2nn_cifar100_cifar10_fixed_feedback_contrastive_20stage400/runs/main/finetune/fa_random/seed_1234/checkpoints/epoch_010.pt,103317077,experiments/d2nn_cifar100_cifar10_fixed_feedback_contrastive_20stage400/runs/main/finetune/fa_random/seed_1234/checkpoints,experiments/d2nn_cifar100_cifar10_fixed_feedback_contrastive_20stage400/runs/main/finetune/fa_random/seed_1234/checkpoints/best_validation.pt,experiments/d2nn_cifar100_cifar10_fixed_feedback_contrastive_20stage400/runs/main/finetune/fa_random/seed_1234/checkpoints/last.pt,periodic checkpoint has sibling best and last/latest
experiments/d2nn_cifar100_cifar10_fixed_feedback_contrastive_20stage400/runs/main/finetune/fa_random/seed_1234/checkpoints/epoch_020.pt,103317077,experiments/d2nn_cifar100_cifar10_fixed_feedback_contrastive_20stage400/runs/main/finetune/fa_random/seed_1234/checkpoints,experiments/d2nn_cifar100_cifar10_fixed_feedback_contrastive_20stage400/runs/main/finetune/fa_random/seed_1234/checkpoints/best_validation.pt,experiments/d2nn_cifar100_cifar10_fixed_feedback_contrastive_20stage400/runs/main/finetune/fa_random/seed_1234/checkpoints/last.pt,periodic checkpoint has sibling best and last/latest
experiments/d2nn_cifar100_cifar10_fixed_feedback_contrastive_20stage400/runs/main/finetune/fa_random/seed_1234/checkpoints/epoch_030.pt,103317077,experiments/d2nn_cifar100_cifar10_fixed_feedback_contrastive_20stage400/runs/main/finetune/fa_random/seed_1234/checkpoints,experiments/d2nn_cifar100_cifar10_fixed_feedback_contrastive_20stage400/runs/main/finetune/fa_random/seed_1234/checkpoints/best_validation.pt,experiments/d2nn_cifar100_cifar10_fixed_feedback_contrastive_20stage400/runs/main/finetune/fa_random/seed_1234/checkpoints/last.pt,periodic checkpoint has sibling best and last/latest
experiments/d2nn_cifar100_cifar10_fixed_feedback_contrastive_20stage400/runs/main/finetune/fa_pretrained/seed_3456/checkpoints/epoch_010.pt,103317077,experiments/d2nn_cifar100_cifar10_fixed_feedback_contrastive_20stage400/runs/main/finetune/fa_pretrained/seed_3456/checkpoints,experiments/d2nn_cifar100_cifar10_fixed_feedback_contrastive_20stage400/runs/main/finetune/fa_pretrained/seed_3456/checkpoints/best_validation.pt,experiments/d2nn_cifar100_cifar10_fixed_feedback_contrastive_20stage400/runs/main/finetune/fa_pretrained/seed_3456/checkpoints/last.pt,periodic checkpoint has sibling best and last/latest
experiments/d2nn_cifar100_cifar10_fixed_feedback_contrastive_20stage400/runs/main/finetune/fa_pretrained/seed_3456/checkpoints/epoch_020.pt,103317077,experiments/d2nn_cifar100_cifar10_fixed_feedback_contrastive_20stage400/runs/main/finetune/fa_pretrained/seed_3456/checkpoints,experiments/d2nn_cifar100_cifar10_fixed_feedback_contrastive_20stage400/runs/main/finetune/fa_pretrained/seed_3456/checkpoints/best_validation.pt,experiments/d2nn_cifar100_cifar10_fixed_feedback_contrastive_20stage400/runs/main/finetune/fa_pretrained/seed_3456/checkpoints/last.pt,periodic checkpoint has sibling best and last/latest
experiments/d2nn_cifar100_cifar10_fixed_feedback_contrastive_20stage400/runs/main/finetune/fa_pretrained/seed_3456/checkpoints/epoch_030.pt,103317077,experiments/d2nn_cifar100_cifar10_fixed_feedback_contrastive_20stage400/runs/main/finetune/fa_pretrained/seed_3456/checkpoints,experiments/d2nn_cifar100_cifar10_fixed_feedback_contrastive_20stage400/runs/main/finetune/fa_pretrained/seed_3456/checkpoints/best_validation.pt,experiments/d2nn_cifar100_cifar10_fixed_feedback_contrastive_20stage400/runs/main/finetune/fa_pretrained/seed_3456/checkpoints/last.pt,periodic checkpoint has sibling best and last/latest
experiments/d2nn_cifar100_cifar10_fixed_feedback_contrastive_20stage400/runs/main/finetune/fa_pretrained/seed_2345/checkpoints/epoch_010.pt,103317077,experiments/d2nn_cifar100_cifar10_fixed_feedback_contrastive_20stage400/runs/main/finetune/fa_pretrained/seed_2345/checkpoints,experiments/d2nn_cifar100_cifar10_fixed_feedback_contrastive_20stage400/runs/main/finetune/fa_pretrained/seed_2345/checkpoints/best_validation.pt,experiments/d2nn_cifar100_cifar10_fixed_feedback_contrastive_20stage400/runs/main/finetune/fa_pretrained/seed_2345/checkpoints/last.pt,periodic checkpoint has sibling best and last/latest
experiments/d2nn_cifar100_cifar10_fixed_feedback_contrastive_20stage400/runs/main/finetune/fa_pretrained/seed_2345/checkpoints/epoch_020.pt,103317077,experiments/d2nn_cifar100_cifar10_fixed_feedback_contrastive_20stage400/runs/main/finetune/fa_pretrained/seed_2345/checkpoints,experiments/d2nn_cifar100_cifar10_fixed_feedback_contrastive_20stage400/runs/main/finetune/fa_pretrained/seed_2345/checkpoints/best_validation.pt,experiments/d2nn_cifar100_cifar10_fixed_feedback_contrastive_20stage400/runs/main/finetune/fa_pretrained/seed_2345/checkpoints/last.pt,periodic checkpoint has sibling best and last/latest
experiments/d2nn_cifar100_cifar10_fixed_feedback_contrastive_20stage400/runs/main/finetune/fa_pretrained/seed_2345/checkpoints/epoch_030.pt,103317077,experiments/d2nn_cifar100_cifar10_fixed_feedback_contrastive_20stage400/runs/main/finetune/fa_pretrained/seed_2345/checkpoints,experiments/d2nn_cifar100_cifar10_fixed_feedback_contrastive_20stage400/runs/main/finetune/fa_pretrained/seed_2345/checkpoints/best_validation.pt,experiments/d2nn_cifar100_cifar10_fixed_feedback_contrastive_20stage400/runs/main/finetune/fa_pretrained/seed_2345/checkpoints/last.pt,periodic checkpoint has sibling best and last/latest
experiments/d2nn_cifar100_cifar10_fixed_feedback_contrastive_20stage400/runs/main/finetune/fa_pretrained/seed_1234/checkpoints/epoch_010.pt,103317077,experiments/d2nn_cifar100_cifar10_fixed_feedback_contrastive_20stage400/runs/main/finetune/fa_pretrained/seed_1234/checkpoints,experiments/d2nn_cifar100_cifar10_fixed_feedback_contrastive_20stage400/runs/main/finetune/fa_pretrained/seed_1234/checkpoints/best_validation.pt,experiments/d2nn_cifar100_cifar10_fixed_feedback_contrastive_20stage400/runs/main/finetune/fa_pretrained/seed_1234/checkpoints/last.pt,periodic checkpoint has sibling best and last/latest
experiments/d2nn_cifar100_cifar10_fixed_feedback_contrastive_20stage400/runs/main/finetune/fa_pretrained/seed_1234/checkpoints/epoch_020.pt,103317077,experiments/d2nn_cifar100_cifar10_fixed_feedback_contrastive_20stage400/runs/main/finetune/fa_pretrained/seed_1234/checkpoints,experiments/d2nn_cifar100_cifar10_fixed_feedback_contrastive_20stage400/runs/main/finetune/fa_pretrained/seed_1234/checkpoints/best_validation.pt,experiments/d2nn_cifar100_cifar10_fixed_feedback_contrastive_20stage400/runs/main/finetune/fa_pretrained/seed_1234/checkpoints/last.pt,periodic checkpoint has sibling best and last/latest
experiments/d2nn_cifar100_cifar10_fixed_feedback_contrastive_20stage400/runs/main/finetune/fa_pretrained/seed_1234/checkpoints/epoch_030.pt,103317077,experiments/d2nn_cifar100_cifar10_fixed_feedback_contrastive_20stage400/runs/main/finetune/fa_pretrained/seed_1234/checkpoints,experiments/d2nn_cifar100_cifar10_fixed_feedback_contrastive_20stage400/runs/main/finetune/fa_pretrained/seed_1234/checkpoints/best_validation.pt,experiments/d2nn_cifar100_cifar10_fixed_feedback_contrastive_20stage400/runs/main/finetune/fa_pretrained/seed_1234/checkpoints/last.pt,periodic checkpoint has sibling best and last/latest
experiments/d2nn_cifar100c10_fixed_feedback_20stage400/runs/main/finetune/bp/seed_3456/checkpoints/epoch_010.pt,103510357,experiments/d2nn_cifar100c10_fixed_feedback_20stage400/runs/main/finetune/bp/seed_3456/checkpoints,experiments/d2nn_cifar100c10_fixed_feedback_20stage400/runs/main/finetune/bp/seed_3456/checkpoints/best_validation.pt,experiments/d2nn_cifar100c10_fixed_feedback_20stage400/runs/main/finetune/bp/seed_3456/checkpoints/last.pt,periodic checkpoint has sibling best and last/latest
experiments/d2nn_cifar100c10_fixed_feedback_20stage400/runs/main/finetune/bp/seed_3456/checkpoints/epoch_020.pt,103510357,experiments/d2nn_cifar100c10_fixed_feedback_20stage400/runs/main/finetune/bp/seed_3456/checkpoints,experiments/d2nn_cifar100c10_fixed_feedback_20stage400/runs/main/finetune/bp/seed_3456/checkpoints/best_validation.pt,experiments/d2nn_cifar100c10_fixed_feedback_20stage400/runs/main/finetune/bp/seed_3456/checkpoints/last.pt,periodic checkpoint has sibling best and last/latest
experiments/d2nn_cifar100c10_fixed_feedback_20stage400/runs/main/finetune/bp/seed_3456/checkpoints/epoch_030.pt,103510357,experiments/d2nn_cifar100c10_fixed_feedback_20stage400/runs/main/finetune/bp/seed_3456/checkpoints,experiments/d2nn_cifar100c10_fixed_feedback_20stage400/runs/main/finetune/bp/seed_3456/checkpoints/best_validation.pt,experiments/d2nn_cifar100c10_fixed_feedback_20stage400/runs/main/finetune/bp/seed_3456/checkpoints/last.pt,periodic checkpoint has sibling best and last/latest
experiments/d2nn_cifar100c10_fixed_feedback_20stage400/runs/main/finetune/bp/seed_3456/checkpoints/epoch_040.pt,103510357,experiments/d2nn_cifar100c10_fixed_feedback_20stage400/runs/main/finetune/bp/seed_3456/checkpoints,experiments/d2nn_cifar100c10_fixed_feedback_20stage400/runs/main/finetune/bp/seed_3456/checkpoints/best_validation.pt,experiments/d2nn_cifar100c10_fixed_feedback_20stage400/runs/main/finetune/bp/seed_3456/checkpoints/last.pt,periodic checkpoint has sibling best and last/latest
experiments/d2nn_cifar100c10_fixed_feedback_20stage400/runs/main/finetune/bp/seed_3456/checkpoints/epoch_050.pt,103510357,experiments/d2nn_cifar100c10_fixed_feedback_20stage400/runs/main/finetune/bp/seed_3456/checkpoints,experiments/d2nn_cifar100c10_fixed_feedback_20stage400/runs/main/finetune/bp/seed_3456/checkpoints/best_validation.pt,experiments/d2nn_cifar100c10_fixed_feedback_20stage400/runs/main/finetune/bp/seed_3456/checkpoints/last.pt,periodic checkpoint has sibling best and last/latest
experiments/d2nn_cifar100c10_fixed_feedback_20stage400/runs/main/finetune/bp/seed_2345/checkpoints/epoch_010.pt,103510357,experiments/d2nn_cifar100c10_fixed_feedback_20stage400/runs/main/finetune/bp/seed_2345/checkpoints,experiments/d2nn_cifar100c10_fixed_feedback_20stage400/runs/main/finetune/bp/seed_2345/checkpoints/best_validation.pt,experiments/d2nn_cifar100c10_fixed_feedback_20stage400/runs/main/finetune/bp/seed_2345/checkpoints/last.pt,periodic checkpoint has sibling best and last/latest
experiments/d2nn_cifar100c10_fixed_feedback_20stage400/runs/main/finetune/bp/seed_2345/checkpoints/epoch_020.pt,103510357,experiments/d2nn_cifar100c10_fixed_feedback_20stage400/runs/main/finetune/bp/seed_2345/checkpoints,experiments/d2nn_cifar100c10_fixed_feedback_20stage400/runs/main/finetune/bp/seed_2345/checkpoints/best_validation.pt,experiments/d2nn_cifar100c10_fixed_feedback_20stage400/runs/main/finetune/bp/seed_2345/checkpoints/last.pt,periodic checkpoint has sibling best and last/latest
experiments/d2nn_cifar100c10_fixed_feedback_20stage400/runs/main/finetune/bp/seed_2345/checkpoints/epoch_030.pt,103510357,experiments/d2nn_cifar100c10_fixed_feedback_20stage400/runs/main/finetune/bp/seed_2345/checkpoints,experiments/d2nn_cifar100c10_fixed_feedback_20stage400/runs/main/finetune/bp/seed_2345/checkpoints/best_validation.pt,experiments/d2nn_cifar100c10_fixed_feedback_20stage400/runs/main/finetune/bp/seed_2345/checkpoints/last.pt,periodic checkpoint has sibling best and last/latest
experiments/d2nn_cifar100c10_fixed_feedback_20stage400/runs/main/finetune/bp/seed_2345/checkpoints/epoch_040.pt,103510357,experiments/d2nn_cifar100c10_fixed_feedback_20stage400/runs/main/finetune/bp/seed_2345/checkpoints,experiments/d2nn_cifar100c10_fixed_feedback_20stage400/runs/main/finetune/bp/seed_2345/checkpoints/best_validation.pt,experiments/d2nn_cifar100c10_fixed_feedback_20stage400/runs/main/finetune/bp/seed_2345/checkpoints/last.pt,periodic checkpoint has sibling best and last/latest
experiments/d2nn_cifar100c10_fixed_feedback_20stage400/runs/main/finetune/bp/seed_2345/checkpoints/epoch_050.pt,103510357,experiments/d2nn_cifar100c10_fixed_feedback_20stage400/runs/main/finetune/bp/seed_2345/checkpoints,experiments/d2nn_cifar100c10_fixed_feedback_20stage400/runs/main/finetune/bp/seed_2345/checkpoints/best_validation.pt,experiments/d2nn_cifar100c10_fixed_feedback_20stage400/runs/main/finetune/bp/seed_2345/checkpoints/last.pt,periodic checkpoint has sibling best and last/latest
experiments/d2nn_cifar100c10_fixed_feedback_20stage400/runs/main/finetune/bp/seed_1234/checkpoints/epoch_010.pt,103510357,experiments/d2nn_cifar100c10_fixed_feedback_20stage400/runs/main/finetune/bp/seed_1234/checkpoints,experiments/d2nn_cifar100c10_fixed_feedback_20stage400/runs/main/finetune/bp/seed_1234/checkpoints/best_validation.pt,experiments/d2nn_cifar100c10_fixed_feedback_20stage400/runs/main/finetune/bp/seed_1234/checkpoints/last.pt,periodic checkpoint has sibling best and last/latest
experiments/d2nn_cifar100c10_fixed_feedback_20stage400/runs/main/finetune/bp/seed_1234/checkpoints/epoch_020.pt,103510357,experiments/d2nn_cifar100c10_fixed_feedback_20stage400/runs/main/finetune/bp/seed_1234/checkpoints,experiments/d2nn_cifar100c10_fixed_feedback_20stage400/runs/main/finetune/bp/seed_1234/checkpoints/best_validation.pt,experiments/d2nn_cifar100c10_fixed_feedback_20stage400/runs/main/finetune/bp/seed_1234/checkpoints/last.pt,periodic checkpoint has sibling best and last/latest
experiments/d2nn_cifar100c10_fixed_feedback_20stage400/runs/main/finetune/bp/seed_1234/checkpoints/epoch_030.pt,103510357,experiments/d2nn_cifar100c10_fixed_feedback_20stage400/runs/main/finetune/bp/seed_1234/checkpoints,experiments/d2nn_cifar100c10_fixed_feedback_20stage400/runs/main/finetune/bp/seed_1234/checkpoints/best_validation.pt,experiments/d2nn_cifar100c10_fixed_feedback_20stage400/runs/main/finetune/bp/seed_1234/checkpoints/last.pt,periodic checkpoint has sibling best and last/latest
experiments/d2nn_cifar100c10_fixed_feedback_20stage400/runs/main/finetune/bp/seed_1234/checkpoints/epoch_040.pt,103510357,experiments/d2nn_cifar100c10_fixed_feedback_20stage400/runs/main/finetune/bp/seed_1234/checkpoints,experiments/d2nn_cifar100c10_fixed_feedback_20stage400/runs/main/finetune/bp/seed_1234/checkpoints/best_validation.pt,experiments/d2nn_cifar100c10_fixed_feedback_20stage400/runs/main/finetune/bp/seed_1234/checkpoints/last.pt,periodic checkpoint has sibling best and last/latest
experiments/d2nn_cifar100c10_fixed_feedback_20stage400/runs/main/finetune/bp/seed_1234/checkpoints/epoch_050.pt,103510357,experiments/d2nn_cifar100c10_fixed_feedback_20stage400/runs/main/finetune/bp/seed_1234/checkpoints,experiments/d2nn_cifar100c10_fixed_feedback_20stage400/runs/main/finetune/bp/seed_1234/checkpoints/best_validation.pt,experiments/d2nn_cifar100c10_fixed_feedback_20stage400/runs/main/finetune/bp/seed_1234/checkpoints/last.pt,periodic checkpoint has sibling best and last/latest
experiments/d2nn_cifar100c10_fixed_feedback_20stage400/runs/main/finetune/fa_random/seed_3456/checkpoints/epoch_010.pt,103510357,experiments/d2nn_cifar100c10_fixed_feedback_20stage400/runs/main/finetune/fa_random/seed_3456/checkpoints,experiments/d2nn_cifar100c10_fixed_feedback_20stage400/runs/main/finetune/fa_random/seed_3456/checkpoints/best_validation.pt,experiments/d2nn_cifar100c10_fixed_feedback_20stage400/runs/main/finetune/fa_random/seed_3456/checkpoints/last.pt,periodic checkpoint has sibling best and last/latest
experiments/d2nn_cifar100c10_fixed_feedback_20stage400/runs/main/finetune/fa_random/seed_3456/checkpoints/epoch_020.pt,103510357,experiments/d2nn_cifar100c10_fixed_feedback_20stage400/runs/main/finetune/fa_random/seed_3456/checkpoints,experiments/d2nn_cifar100c10_fixed_feedback_20stage400/runs/main/finetune/fa_random/seed_3456/checkpoints/best_validation.pt,experiments/d2nn_cifar100c10_fixed_feedback_20stage400/runs/main/finetune/fa_random/seed_3456/checkpoints/last.pt,periodic checkpoint has sibling best and last/latest
experiments/d2nn_cifar100c10_fixed_feedback_20stage400/runs/main/finetune/fa_random/seed_3456/checkpoints/epoch_030.pt,103510357,experiments/d2nn_cifar100c10_fixed_feedback_20stage400/runs/main/finetune/fa_random/seed_3456/checkpoints,experiments/d2nn_cifar100c10_fixed_feedback_20stage400/runs/main/finetune/fa_random/seed_3456/checkpoints/best_validation.pt,experiments/d2nn_cifar100c10_fixed_feedback_20stage400/runs/main/finetune/fa_random/seed_3456/checkpoints/last.pt,periodic checkpoint has sibling best and last/latest
experiments/d2nn_cifar100c10_fixed_feedback_20stage400/runs/main/finetune/fa_random/seed_3456/checkpoints/epoch_040.pt,103510357,experiments/d2nn_cifar100c10_fixed_feedback_20stage400/runs/main/finetune/fa_random/seed_3456/checkpoints,experiments/d2nn_cifar100c10_fixed_feedback_20stage400/runs/main/finetune/fa_random/seed_3456/checkpoints/best_validation.pt,experiments/d2nn_cifar100c10_fixed_feedback_20stage400/runs/main/finetune/fa_random/seed_3456/checkpoints/last.pt,periodic checkpoint has sibling best and last/latest
experiments/d2nn_cifar100c10_fixed_feedback_20stage400/runs/main/finetune/fa_random/seed_3456/checkpoints/epoch_050.pt,103510357,experiments/d2nn_cifar100c10_fixed_feedback_20stage400/runs/main/finetune/fa_random/seed_3456/checkpoints,experiments/d2nn_cifar100c10_fixed_feedback_20stage400/runs/main/finetune/fa_random/seed_3456/checkpoints/best_validation.pt,experiments/d2nn_cifar100c10_fixed_feedback_20stage400/runs/main/finetune/fa_random/seed_3456/checkpoints/last.pt,periodic checkpoint has sibling best and last/latest
experiments/d2nn_cifar100c10_fixed_feedback_20stage400/runs/main/finetune/fa_random/seed_2345/checkpoints/epoch_010.pt,103510357,experiments/d2nn_cifar100c10_fixed_feedback_20stage400/runs/main/finetune/fa_random/seed_2345/checkpoints,experiments/d2nn_cifar100c10_fixed_feedback_20stage400/runs/main/finetune/fa_random/seed_2345/checkpoints/best_validation.pt,experiments/d2nn_cifar100c10_fixed_feedback_20stage400/runs/main/finetune/fa_random/seed_2345/checkpoints/last.pt,periodic checkpoint has sibling best and last/latest
experiments/d2nn_cifar100c10_fixed_feedback_20stage400/runs/main/finetune/fa_random/seed_2345/checkpoints/epoch_020.pt,103510357,experiments/d2nn_cifar100c10_fixed_feedback_20stage400/runs/main/finetune/fa_random/seed_2345/checkpoints,experiments/d2nn_cifar100c10_fixed_feedback_20stage400/runs/main/finetune/fa_random/seed_2345/checkpoints/best_validation.pt,experiments/d2nn_cifar100c10_fixed_feedback_20stage400/runs/main/finetune/fa_random/seed_2345/checkpoints/last.pt,periodic checkpoint has sibling best and last/latest
experiments/d2nn_cifar100c10_fixed_feedback_20stage400/runs/main/finetune/fa_random/seed_2345/checkpoints/epoch_030.pt,103510357,experiments/d2nn_cifar100c10_fixed_feedback_20stage400/runs/main/finetune/fa_random/seed_2345/checkpoints,experiments/d2nn_cifar100c10_fixed_feedback_20stage400/runs/main/finetune/fa_random/seed_2345/checkpoints/best_validation.pt,experiments/d2nn_cifar100c10_fixed_feedback_20stage400/runs/main/finetune/fa_random/seed_2345/checkpoints/last.pt,periodic checkpoint has sibling best and last/latest
experiments/d2nn_cifar100c10_fixed_feedback_20stage400/runs/main/finetune/fa_random/seed_2345/checkpoints/epoch_040.pt,103510357,experiments/d2nn_cifar100c10_fixed_feedback_20stage400/runs/main/finetune/fa_random/seed_2345/checkpoints,experiments/d2nn_cifar100c10_fixed_feedback_20stage400/runs/main/finetune/fa_random/seed_2345/checkpoints/best_validation.pt,experiments/d2nn_cifar100c10_fixed_feedback_20stage400/runs/main/finetune/fa_random/seed_2345/checkpoints/last.pt,periodic checkpoint has sibling best and last/latest
experiments/d2nn_cifar100c10_fixed_feedback_20stage400/runs/main/finetune/fa_random/seed_2345/checkpoints/epoch_050.pt,103510357,experiments/d2nn_cifar100c10_fixed_feedback_20stage400/runs/main/finetune/fa_random/seed_2345/checkpoints,experiments/d2nn_cifar100c10_fixed_feedback_20stage400/runs/main/finetune/fa_random/seed_2345/checkpoints/best_validation.pt,experiments/d2nn_cifar100c10_fixed_feedback_20stage400/runs/main/finetune/fa_random/seed_2345/checkpoints/last.pt,periodic checkpoint has sibling best and last/latest
experiments/d2nn_cifar100c10_fixed_feedback_20stage400/runs/main/finetune/fa_random/seed_1234/checkpoints/epoch_010.pt,103510357,experiments/d2nn_cifar100c10_fixed_feedback_20stage400/runs/main/finetune/fa_random/seed_1234/checkpoints,experiments/d2nn_cifar100c10_fixed_feedback_20stage400/runs/main/finetune/fa_random/seed_1234/checkpoints/best_validation.pt,experiments/d2nn_cifar100c10_fixed_feedback_20stage400/runs/main/finetune/fa_random/seed_1234/checkpoints/last.pt,periodic checkpoint has sibling best and last/latest
experiments/d2nn_cifar100c10_fixed_feedback_20stage400/runs/main/finetune/fa_random/seed_1234/checkpoints/epoch_020.pt,103510357,experiments/d2nn_cifar100c10_fixed_feedback_20stage400/runs/main/finetune/fa_random/seed_1234/checkpoints,experiments/d2nn_cifar100c10_fixed_feedback_20stage400/runs/main/finetune/fa_random/seed_1234/checkpoints/best_validation.pt,experiments/d2nn_cifar100c10_fixed_feedback_20stage400/runs/main/finetune/fa_random/seed_1234/checkpoints/last.pt,periodic checkpoint has sibling best and last/latest
experiments/d2nn_cifar100c10_fixed_feedback_20stage400/runs/main/finetune/fa_random/seed_1234/checkpoints/epoch_030.pt,103510357,experiments/d2nn_cifar100c10_fixed_feedback_20stage400/runs/main/finetune/fa_random/seed_1234/checkpoints,experiments/d2nn_cifar100c10_fixed_feedback_20stage400/runs/main/finetune/fa_random/seed_1234/checkpoints/best_validation.pt,experiments/d2nn_cifar100c10_fixed_feedback_20stage400/runs/main/finetune/fa_random/seed_1234/checkpoints/last.pt,periodic checkpoint has sibling best and last/latest
experiments/d2nn_cifar100c10_fixed_feedback_20stage400/runs/main/finetune/fa_random/seed_1234/checkpoints/epoch_040.pt,103510357,experiments/d2nn_cifar100c10_fixed_feedback_20stage400/runs/main/finetune/fa_random/seed_1234/checkpoints,experiments/d2nn_cifar100c10_fixed_feedback_20stage400/runs/main/finetune/fa_random/seed_1234/checkpoints/best_validation.pt,experiments/d2nn_cifar100c10_fixed_feedback_20stage400/runs/main/finetune/fa_random/seed_1234/checkpoints/last.pt,periodic checkpoint has sibling best and last/latest
experiments/d2nn_cifar100c10_fixed_feedback_20stage400/runs/main/finetune/fa_random/seed_1234/checkpoints/epoch_050.pt,103510357,experiments/d2nn_cifar100c10_fixed_feedback_20stage400/runs/main/finetune/fa_random/seed_1234/checkpoints,experiments/d2nn_cifar100c10_fixed_feedback_20stage400/runs/main/finetune/fa_random/seed_1234/checkpoints/best_validation.pt,experiments/d2nn_cifar100c10_fixed_feedback_20stage400/runs/main/finetune/fa_random/seed_1234/checkpoints/last.pt,periodic checkpoint has sibling best and last/latest
experiments/d2nn_cifar100c10_fixed_feedback_20stage400/runs/main/finetune/fa_pretrained/seed_3456/checkpoints/epoch_010.pt,103510421,experiments/d2nn_cifar100c10_fixed_feedback_20stage400/runs/main/finetune/fa_pretrained/seed_3456/checkpoints,experiments/d2nn_cifar100c10_fixed_feedback_20stage400/runs/main/finetune/fa_pretrained/seed_3456/checkpoints/best_validation.pt,experiments/d2nn_cifar100c10_fixed_feedback_20stage400/runs/main/finetune/fa_pretrained/seed_3456/checkpoints/last.pt,periodic checkpoint has sibling best and last/latest
experiments/d2nn_cifar100c10_fixed_feedback_20stage400/runs/main/finetune/fa_pretrained/seed_3456/checkpoints/epoch_020.pt,103510421,experiments/d2nn_cifar100c10_fixed_feedback_20stage400/runs/main/finetune/fa_pretrained/seed_3456/checkpoints,experiments/d2nn_cifar100c10_fixed_feedback_20stage400/runs/main/finetune/fa_pretrained/seed_3456/checkpoints/best_validation.pt,experiments/d2nn_cifar100c10_fixed_feedback_20stage400/runs/main/finetune/fa_pretrained/seed_3456/checkpoints/last.pt,periodic checkpoint has sibling best and last/latest
experiments/d2nn_cifar100c10_fixed_feedback_20stage400/runs/main/finetune/fa_pretrained/seed_3456/checkpoints/epoch_030.pt,103510421,experiments/d2nn_cifar100c10_fixed_feedback_20stage400/runs/main/finetune/fa_pretrained/seed_3456/checkpoints,experiments/d2nn_cifar100c10_fixed_feedback_20stage400/runs/main/finetune/fa_pretrained/seed_3456/checkpoints/best_validation.pt,experiments/d2nn_cifar100c10_fixed_feedback_20stage400/runs/main/finetune/fa_pretrained/seed_3456/checkpoints/last.pt,periodic checkpoint has sibling best and last/latest
experiments/d2nn_cifar100c10_fixed_feedback_20stage400/runs/main/finetune/fa_pretrained/seed_3456/checkpoints/epoch_040.pt,103510421,experiments/d2nn_cifar100c10_fixed_feedback_20stage400/runs/main/finetune/fa_pretrained/seed_3456/checkpoints,experiments/d2nn_cifar100c10_fixed_feedback_20stage400/runs/main/finetune/fa_pretrained/seed_3456/checkpoints/best_validation.pt,experiments/d2nn_cifar100c10_fixed_feedback_20stage400/runs/main/finetune/fa_pretrained/seed_3456/checkpoints/last.pt,periodic checkpoint has sibling best and last/latest
experiments/d2nn_cifar100c10_fixed_feedback_20stage400/runs/main/finetune/fa_pretrained/seed_3456/checkpoints/epoch_050.pt,103510421,experiments/d2nn_cifar100c10_fixed_feedback_20stage400/runs/main/finetune/fa_pretrained/seed_3456/checkpoints,experiments/d2nn_cifar100c10_fixed_feedback_20stage400/runs/main/finetune/fa_pretrained/seed_3456/checkpoints/best_validation.pt,experiments/d2nn_cifar100c10_fixed_feedback_20stage400/runs/main/finetune/fa_pretrained/seed_3456/checkpoints/last.pt,periodic checkpoint has sibling best and last/latest
experiments/d2nn_cifar100c10_fixed_feedback_20stage400/runs/main/finetune/fa_pretrained/seed_2345/checkpoints/epoch_010.pt,103510421,experiments/d2nn_cifar100c10_fixed_feedback_20stage400/runs/main/finetune/fa_pretrained/seed_2345/checkpoints,experiments/d2nn_cifar100c10_fixed_feedback_20stage400/runs/main/finetune/fa_pretrained/seed_2345/checkpoints/best_validation.pt,experiments/d2nn_cifar100c10_fixed_feedback_20stage400/runs/main/finetune/fa_pretrained/seed_2345/checkpoints/last.pt,periodic checkpoint has sibling best and last/latest
experiments/d2nn_cifar100c10_fixed_feedback_20stage400/runs/main/finetune/fa_pretrained/seed_2345/checkpoints/epoch_020.pt,103510421,experiments/d2nn_cifar100c10_fixed_feedback_20stage400/runs/main/finetune/fa_pretrained/seed_2345/checkpoints,experiments/d2nn_cifar100c10_fixed_feedback_20stage400/runs/main/finetune/fa_pretrained/seed_2345/checkpoints/best_validation.pt,experiments/d2nn_cifar100c10_fixed_feedback_20stage400/runs/main/finetune/fa_pretrained/seed_2345/checkpoints/last.pt,periodic checkpoint has sibling best and last/latest
experiments/d2nn_cifar100c10_fixed_feedback_20stage400/runs/main/finetune/fa_pretrained/seed_2345/checkpoints/epoch_030.pt,103510421,experiments/d2nn_cifar100c10_fixed_feedback_20stage400/runs/main/finetune/fa_pretrained/seed_2345/checkpoints,experiments/d2nn_cifar100c10_fixed_feedback_20stage400/runs/main/finetune/fa_pretrained/seed_2345/checkpoints/best_validation.pt,experiments/d2nn_cifar100c10_fixed_feedback_20stage400/runs/main/finetune/fa_pretrained/seed_2345/checkpoints/last.pt,periodic checkpoint has sibling best and last/latest
experiments/d2nn_cifar100c10_fixed_feedback_20stage400/runs/main/finetune/fa_pretrained/seed_2345/checkpoints/epoch_040.pt,103510421,experiments/d2nn_cifar100c10_fixed_feedback_20stage400/runs/main/finetune/fa_pretrained/seed_2345/checkpoints,experiments/d2nn_cifar100c10_fixed_feedback_20stage400/runs/main/finetune/fa_pretrained/seed_2345/checkpoints/best_validation.pt,experiments/d2nn_cifar100c10_fixed_feedback_20stage400/runs/main/finetune/fa_pretrained/seed_2345/checkpoints/last.pt,periodic checkpoint has sibling best and last/latest
experiments/d2nn_cifar100c10_fixed_feedback_20stage400/runs/main/finetune/fa_pretrained/seed_2345/checkpoints/epoch_050.pt,103510421,experiments/d2nn_cifar100c10_fixed_feedback_20stage400/runs/main/finetune/fa_pretrained/seed_2345/checkpoints,experiments/d2nn_cifar100c10_fixed_feedback_20stage400/runs/main/finetune/fa_pretrained/seed_2345/checkpoints/best_validation.pt,experiments/d2nn_cifar100c10_fixed_feedback_20stage400/runs/main/finetune/fa_pretrained/seed_2345/checkpoints/last.pt,periodic checkpoint has sibling best and last/latest
experiments/d2nn_cifar100c10_fixed_feedback_20stage400/runs/main/finetune/fa_pretrained/seed_1234/checkpoints/epoch_010.pt,103510421,experiments/d2nn_cifar100c10_fixed_feedback_20stage400/runs/main/finetune/fa_pretrained/seed_1234/checkpoints,experiments/d2nn_cifar100c10_fixed_feedback_20stage400/runs/main/finetune/fa_pretrained/seed_1234/checkpoints/best_validation.pt,experiments/d2nn_cifar100c10_fixed_feedback_20stage400/runs/main/finetune/fa_pretrained/seed_1234/checkpoints/last.pt,periodic checkpoint has sibling best and last/latest
experiments/d2nn_cifar100c10_fixed_feedback_20stage400/runs/main/finetune/fa_pretrained/seed_1234/checkpoints/epoch_020.pt,103510421,experiments/d2nn_cifar100c10_fixed_feedback_20stage400/runs/main/finetune/fa_pretrained/seed_1234/checkpoints,experiments/d2nn_cifar100c10_fixed_feedback_20stage400/runs/main/finetune/fa_pretrained/seed_1234/checkpoints/best_validation.pt,experiments/d2nn_cifar100c10_fixed_feedback_20stage400/runs/main/finetune/fa_pretrained/seed_1234/checkpoints/last.pt,periodic checkpoint has sibling best and last/latest
experiments/d2nn_cifar100c10_fixed_feedback_20stage400/runs/main/finetune/fa_pretrained/seed_1234/checkpoints/epoch_030.pt,103510421,experiments/d2nn_cifar100c10_fixed_feedback_20stage400/runs/main/finetune/fa_pretrained/seed_1234/checkpoints,experiments/d2nn_cifar100c10_fixed_feedback_20stage400/runs/main/finetune/fa_pretrained/seed_1234/checkpoints/best_validation.pt,experiments/d2nn_cifar100c10_fixed_feedback_20stage400/runs/main/finetune/fa_pretrained/seed_1234/checkpoints/last.pt,periodic checkpoint has sibling best and last/latest
experiments/d2nn_cifar100c10_fixed_feedback_20stage400/runs/main/finetune/fa_pretrained/seed_1234/checkpoints/epoch_040.pt,103510421,experiments/d2nn_cifar100c10_fixed_feedback_20stage400/runs/main/finetune/fa_pretrained/seed_1234/checkpoints,experiments/d2nn_cifar100c10_fixed_feedback_20stage400/runs/main/finetune/fa_pretrained/seed_1234/checkpoints/best_validation.pt,experiments/d2nn_cifar100c10_fixed_feedback_20stage400/runs/main/finetune/fa_pretrained/seed_1234/checkpoints/last.pt,periodic checkpoint has sibling best and last/latest
experiments/d2nn_cifar100c10_fixed_feedback_20stage400/runs/main/finetune/fa_pretrained/seed_1234/checkpoints/epoch_050.pt,103510421,experiments/d2nn_cifar100c10_fixed_feedback_20stage400/runs/main/finetune/fa_pretrained/seed_1234/checkpoints,experiments/d2nn_cifar100c10_fixed_feedback_20stage400/runs/main/finetune/fa_pretrained/seed_1234/checkpoints/best_validation.pt,experiments/d2nn_cifar100c10_fixed_feedback_20stage400/runs/main/finetune/fa_pretrained/seed_1234/checkpoints/last.pt,periodic checkpoint has sibling best and last/latest
experiments/d2nn_cifar10_high_performance_optical_backbone/runs/a09_depthwise_electronic_residual/seed_1234/epoch_010.pt,8695166,experiments/d2nn_cifar10_high_performance_optical_backbone/runs/a09_depthwise_electronic_residual/seed_1234,experiments/d2nn_cifar10_high_performance_optical_backbone/runs/a09_depthwise_electronic_residual/seed_1234/best.pt,experiments/d2nn_cifar10_high_performance_optical_backbone/runs/a09_depthwise_electronic_residual/seed_1234/latest.pt,periodic checkpoint has sibling best and last/latest
experiments/d2nn_cifar10_high_performance_optical_backbone/runs/a09_depthwise_electronic_residual/seed_1234/epoch_020.pt,8696446,experiments/d2nn_cifar10_high_performance_optical_backbone/runs/a09_depthwise_electronic_residual/seed_1234,experiments/d2nn_cifar10_high_performance_optical_backbone/runs/a09_depthwise_electronic_residual/seed_1234/best.pt,experiments/d2nn_cifar10_high_performance_optical_backbone/runs/a09_depthwise_electronic_residual/seed_1234/latest.pt,periodic checkpoint has sibling best and last/latest
experiments/d2nn_cifar10_high_performance_optical_backbone/runs/a09_depthwise_electronic_residual/seed_1234/epoch_030.pt,8697662,experiments/d2nn_cifar10_high_performance_optical_backbone/runs/a09_depthwise_electronic_residual/seed_1234,experiments/d2nn_cifar10_high_performance_optical_backbone/runs/a09_depthwise_electronic_residual/seed_1234/best.pt,experiments/d2nn_cifar10_high_performance_optical_backbone/runs/a09_depthwise_electronic_residual/seed_1234/latest.pt,periodic checkpoint has sibling best and last/latest
experiments/d2nn_cifar10_high_performance_optical_backbone/runs/a09_depthwise_electronic_residual/seed_1234/epoch_040.pt,8698942,experiments/d2nn_cifar10_high_performance_optical_backbone/runs/a09_depthwise_electronic_residual/seed_1234,experiments/d2nn_cifar10_high_performance_optical_backbone/runs/a09_depthwise_electronic_residual/seed_1234/best.pt,experiments/d2nn_cifar10_high_performance_optical_backbone/runs/a09_depthwise_electronic_residual/seed_1234/latest.pt,periodic checkpoint has sibling best and last/latest
experiments/d2nn_cifar10_high_performance_optical_backbone/runs/a11_pointwise_conv_readout/seed_1234/epoch_010.pt,8479142,experiments/d2nn_cifar10_high_performance_optical_backbone/runs/a11_pointwise_conv_readout/seed_1234,experiments/d2nn_cifar10_high_performance_optical_backbone/runs/a11_pointwise_conv_readout/seed_1234/best.pt,experiments/d2nn_cifar10_high_performance_optical_backbone/runs/a11_pointwise_conv_readout/seed_1234/latest.pt,periodic checkpoint has sibling best and last/latest
experiments/d2nn_cifar10_high_performance_optical_backbone/runs/a11_pointwise_conv_readout/seed_1234/epoch_020.pt,8480422,experiments/d2nn_cifar10_high_performance_optical_backbone/runs/a11_pointwise_conv_readout/seed_1234,experiments/d2nn_cifar10_high_performance_optical_backbone/runs/a11_pointwise_conv_readout/seed_1234/best.pt,experiments/d2nn_cifar10_high_performance_optical_backbone/runs/a11_pointwise_conv_readout/seed_1234/latest.pt,periodic checkpoint has sibling best and last/latest
experiments/d2nn_cifar10_high_performance_optical_backbone/runs/a05_refine_a01/seed_1234/epoch_010.pt,8626558,experiments/d2nn_cifar10_high_performance_optical_backbone/runs/a05_refine_a01/seed_1234,experiments/d2nn_cifar10_high_performance_optical_backbone/runs/a05_refine_a01/seed_1234/best.pt,experiments/d2nn_cifar10_high_performance_optical_backbone/runs/a05_refine_a01/seed_1234/latest.pt,periodic checkpoint has sibling best and last/latest
experiments/d2nn_cifar10_high_performance_optical_backbone/runs/a05_refine_a01/seed_1234/epoch_020.pt,8627838,experiments/d2nn_cifar10_high_performance_optical_backbone/runs/a05_refine_a01/seed_1234,experiments/d2nn_cifar10_high_performance_optical_backbone/runs/a05_refine_a01/seed_1234/best.pt,experiments/d2nn_cifar10_high_performance_optical_backbone/runs/a05_refine_a01/seed_1234/latest.pt,periodic checkpoint has sibling best and last/latest
experiments/d2nn_cifar10_high_performance_optical_backbone/runs/a05_refine_a01/seed_1234/epoch_030.pt,8629054,experiments/d2nn_cifar10_high_performance_optical_backbone/runs/a05_refine_a01/seed_1234,experiments/d2nn_cifar10_high_performance_optical_backbone/runs/a05_refine_a01/seed_1234/best.pt,experiments/d2nn_cifar10_high_performance_optical_backbone/runs/a05_refine_a01/seed_1234/latest.pt,periodic checkpoint has sibling best and last/latest
experiments/d2nn_cifar10_high_performance_optical_backbone/runs/p06_imagenet_capacity_12x192_smoke/checkpoints/epoch_001.pt,39096758,experiments/d2nn_cifar10_high_performance_optical_backbone/runs/p06_imagenet_capacity_12x192_smoke/checkpoints,experiments/d2nn_cifar10_high_performance_optical_backbone/runs/p06_imagenet_capacity_12x192_smoke/checkpoints/best.pt,experiments/d2nn_cifar10_high_performance_optical_backbone/runs/p06_imagenet_capacity_12x192_smoke/checkpoints/last.pt,periodic checkpoint has sibling best and last/latest
experiments/d2nn_cifar10_high_performance_optical_backbone/runs/p06_imagenet_100k_screen/checkpoints/epoch_001.pt,14023790,experiments/d2nn_cifar10_high_performance_optical_backbone/runs/p06_imagenet_100k_screen/checkpoints,experiments/d2nn_cifar10_high_performance_optical_backbone/runs/p06_imagenet_100k_screen/checkpoints/best.pt,experiments/d2nn_cifar10_high_performance_optical_backbone/runs/p06_imagenet_100k_screen/checkpoints/last.pt,periodic checkpoint has sibling best and last/latest
experiments/d2nn_cifar10_high_performance_optical_backbone/runs/p06_imagenet_100k_screen/checkpoints/epoch_002.pt,19736638,experiments/d2nn_cifar10_high_performance_optical_backbone/runs/p06_imagenet_100k_screen/checkpoints,experiments/d2nn_cifar10_high_performance_optical_backbone/runs/p06_imagenet_100k_screen/checkpoints/best.pt,experiments/d2nn_cifar10_high_performance_optical_backbone/runs/p06_imagenet_100k_screen/checkpoints/last.pt,periodic checkpoint has sibling best and last/latest
experiments/d2nn_cifar10_high_performance_optical_backbone/runs/p06_imagenet_100k_screen/checkpoints/epoch_003.pt,19737278,experiments/d2nn_cifar10_high_performance_optical_backbone/runs/p06_imagenet_100k_screen/checkpoints,experiments/d2nn_cifar10_high_performance_optical_backbone/runs/p06_imagenet_100k_screen/checkpoints/best.pt,experiments/d2nn_cifar10_high_performance_optical_backbone/runs/p06_imagenet_100k_screen/checkpoints/last.pt,periodic checkpoint has sibling best and last/latest
experiments/d2nn_cifar10_high_performance_optical_backbone/runs/p06_imagenet_100k_screen/checkpoints/epoch_004.pt,19737982,experiments/d2nn_cifar10_high_performance_optical_backbone/runs/p06_imagenet_100k_screen/checkpoints,experiments/d2nn_cifar10_high_performance_optical_backbone/runs/p06_imagenet_100k_screen/checkpoints/best.pt,experiments/d2nn_cifar10_high_performance_optical_backbone/runs/p06_imagenet_100k_screen/checkpoints/last.pt,periodic checkpoint has sibling best and last/latest
experiments/d2nn_cifar10_high_performance_optical_backbone/runs/p06_imagenet_100k_screen/checkpoints/epoch_005.pt,19738622,experiments/d2nn_cifar10_high_performance_optical_backbone/runs/p06_imagenet_100k_screen/checkpoints,experiments/d2nn_cifar10_high_performance_optical_backbone/runs/p06_imagenet_100k_screen/checkpoints/best.pt,experiments/d2nn_cifar10_high_performance_optical_backbone/runs/p06_imagenet_100k_screen/checkpoints/last.pt,periodic checkpoint has sibling best and last/latest
experiments/d2nn_cifar10_high_performance_optical_backbone/runs/p06_imagenet_100k_screen/checkpoints/epoch_006.pt,19739262,experiments/d2nn_cifar10_high_performance_optical_backbone/runs/p06_imagenet_100k_screen/checkpoints,experiments/d2nn_cifar10_high_performance_optical_backbone/runs/p06_imagenet_100k_screen/checkpoints/best.pt,experiments/d2nn_cifar10_high_performance_optical_backbone/runs/p06_imagenet_100k_screen/checkpoints/last.pt,periodic checkpoint has sibling best and last/latest
experiments/d2nn_cifar10_high_performance_optical_backbone/runs/smoke/seed_1234/epoch_001.pt,153410,experiments/d2nn_cifar10_high_performance_optical_backbone/runs/smoke/seed_1234,experiments/d2nn_cifar10_high_performance_optical_backbone/runs/smoke/seed_1234/best.pt,experiments/d2nn_cifar10_high_performance_optical_backbone/runs/smoke/seed_1234/latest.pt,periodic checkpoint has sibling best and last/latest
experiments/d2nn_cifar10_high_performance_optical_backbone/runs/p06_imagenet_8x224_screen_mlp/checkpoints/epoch_001.pt,37242966,experiments/d2nn_cifar10_high_performance_optical_backbone/runs/p06_imagenet_8x224_screen_mlp/checkpoints,experiments/d2nn_cifar10_high_performance_optical_backbone/runs/p06_imagenet_8x224_screen_mlp/checkpoints/best.pt,experiments/d2nn_cifar10_high_performance_optical_backbone/runs/p06_imagenet_8x224_screen_mlp/checkpoints/last.pt,periodic checkpoint has sibling best and last/latest
experiments/d2nn_cifar10_high_performance_optical_backbone/runs/p06_imagenet_8x224_screen_mlp/checkpoints/epoch_002.pt,37243734,experiments/d2nn_cifar10_high_performance_optical_backbone/runs/p06_imagenet_8x224_screen_mlp/checkpoints,experiments/d2nn_cifar10_high_performance_optical_backbone/runs/p06_imagenet_8x224_screen_mlp/checkpoints/best.pt,experiments/d2nn_cifar10_high_performance_optical_backbone/runs/p06_imagenet_8x224_screen_mlp/checkpoints/last.pt,periodic checkpoint has sibling best and last/latest
experiments/d2nn_cifar10_high_performance_optical_backbone/runs/p06_imagenet_8x224_screen_mlp/checkpoints/epoch_003.pt,37244438,experiments/d2nn_cifar10_high_performance_optical_backbone/runs/p06_imagenet_8x224_screen_mlp/checkpoints,experiments/d2nn_cifar10_high_performance_optical_backbone/runs/p06_imagenet_8x224_screen_mlp/checkpoints/best.pt,experiments/d2nn_cifar10_high_performance_optical_backbone/runs/p06_imagenet_8x224_screen_mlp/checkpoints/last.pt,periodic checkpoint has sibling best and last/latest
experiments/d2nn_cifar10_high_performance_optical_backbone/runs/p06_imagenet_8x224_screen_projected/checkpoints/epoch_001.pt,34875070,experiments/d2nn_cifar10_high_performance_optical_backbone/runs/p06_imagenet_8x224_screen_projected/checkpoints,experiments/d2nn_cifar10_high_performance_optical_backbone/runs/p06_imagenet_8x224_screen_projected/checkpoints/best.pt,experiments/d2nn_cifar10_high_performance_optical_backbone/runs/p06_imagenet_8x224_screen_projected/checkpoints/last.pt,periodic checkpoint has sibling best and last/latest
experiments/d2nn_cifar10_high_performance_optical_backbone/runs/p06_imagenet_8x224_screen_projected/checkpoints/epoch_002.pt,34875774,experiments/d2nn_cifar10_high_performance_optical_backbone/runs/p06_imagenet_8x224_screen_projected/checkpoints,experiments/d2nn_cifar10_high_performance_optical_backbone/runs/p06_imagenet_8x224_screen_projected/checkpoints/best.pt,experiments/d2nn_cifar10_high_performance_optical_backbone/runs/p06_imagenet_8x224_screen_projected/checkpoints/last.pt,periodic checkpoint has sibling best and last/latest
experiments/d2nn_cifar10_high_performance_optical_backbone/runs/p06_imagenet_8x224_screen_projected/checkpoints/epoch_003.pt,34876478,experiments/d2nn_cifar10_high_performance_optical_backbone/runs/p06_imagenet_8x224_screen_projected/checkpoints,experiments/d2nn_cifar10_high_performance_optical_backbone/runs/p06_imagenet_8x224_screen_projected/checkpoints/best.pt,experiments/d2nn_cifar10_high_performance_optical_backbone/runs/p06_imagenet_8x224_screen_projected/checkpoints/last.pt,periodic checkpoint has sibling best and last/latest
experiments/d2nn_cifar10_high_performance_optical_backbone/runs/p07_teacher_free_formal_linear/checkpoints/epoch_001.pt,44822694,experiments/d2nn_cifar10_high_performance_optical_backbone/runs/p07_teacher_free_formal_linear/checkpoints,experiments/d2nn_cifar10_high_performance_optical_backbone/runs/p07_teacher_free_formal_linear/checkpoints/best.pt,experiments/d2nn_cifar10_high_performance_optical_backbone/runs/p07_teacher_free_formal_linear/checkpoints/last.pt,periodic checkpoint has sibling best and last/latest
experiments/d2nn_cifar10_high_performance_optical_backbone/runs/p07_teacher_free_formal_linear/checkpoints/epoch_002.pt,44823270,experiments/d2nn_cifar10_high_performance_optical_backbone/runs/p07_teacher_free_formal_linear/checkpoints,experiments/d2nn_cifar10_high_performance_optical_backbone/runs/p07_teacher_free_formal_linear/checkpoints/best.pt,experiments/d2nn_cifar10_high_performance_optical_backbone/runs/p07_teacher_free_formal_linear/checkpoints/last.pt,periodic checkpoint has sibling best and last/latest
experiments/d2nn_cifar10_high_performance_optical_backbone/runs/p07_teacher_free_formal_linear/checkpoints/epoch_003.pt,44823846,experiments/d2nn_cifar10_high_performance_optical_backbone/runs/p07_teacher_free_formal_linear/checkpoints,experiments/d2nn_cifar10_high_performance_optical_backbone/runs/p07_teacher_free_formal_linear/checkpoints/best.pt,experiments/d2nn_cifar10_high_performance_optical_backbone/runs/p07_teacher_free_formal_linear/checkpoints/last.pt,periodic checkpoint has sibling best and last/latest
experiments/d2nn_cifar10_high_performance_optical_backbone/runs/p07_teacher_free_formal_linear/checkpoints/epoch_004.pt,44824422,experiments/d2nn_cifar10_high_performance_optical_backbone/runs/p07_teacher_free_formal_linear/checkpoints,experiments/d2nn_cifar10_high_performance_optical_backbone/runs/p07_teacher_free_formal_linear/checkpoints/best.pt,experiments/d2nn_cifar10_high_performance_optical_backbone/runs/p07_teacher_free_formal_linear/checkpoints/last.pt,periodic checkpoint has sibling best and last/latest
experiments/d2nn_cifar10_high_performance_optical_backbone/runs/p07_teacher_free_formal_linear/checkpoints/epoch_005.pt,44824998,experiments/d2nn_cifar10_high_performance_optical_backbone/runs/p07_teacher_free_formal_linear/checkpoints,experiments/d2nn_cifar10_high_performance_optical_backbone/runs/p07_teacher_free_formal_linear/checkpoints/best.pt,experiments/d2nn_cifar10_high_performance_optical_backbone/runs/p07_teacher_free_formal_linear/checkpoints/last.pt,periodic checkpoint has sibling best and last/latest
experiments/d2nn_cifar10_high_performance_optical_backbone/runs/p07_teacher_free_formal_linear/checkpoints/epoch_006.pt,44825638,experiments/d2nn_cifar10_high_performance_optical_backbone/runs/p07_teacher_free_formal_linear/checkpoints,experiments/d2nn_cifar10_high_performance_optical_backbone/runs/p07_teacher_free_formal_linear/checkpoints/best.pt,experiments/d2nn_cifar10_high_performance_optical_backbone/runs/p07_teacher_free_formal_linear/checkpoints/last.pt,periodic checkpoint has sibling best and last/latest
experiments/d2nn_cifar10_high_performance_optical_backbone/runs/p07_teacher_free_formal_linear/checkpoints/epoch_007.pt,44826214,experiments/d2nn_cifar10_high_performance_optical_backbone/runs/p07_teacher_free_formal_linear/checkpoints,experiments/d2nn_cifar10_high_performance_optical_backbone/runs/p07_teacher_free_formal_linear/checkpoints/best.pt,experiments/d2nn_cifar10_high_performance_optical_backbone/runs/p07_teacher_free_formal_linear/checkpoints/last.pt,periodic checkpoint has sibling best and last/latest
experiments/d2nn_cifar10_high_performance_optical_backbone/runs/p07_teacher_free_formal_linear/checkpoints/epoch_008.pt,44826790,experiments/d2nn_cifar10_high_performance_optical_backbone/runs/p07_teacher_free_formal_linear/checkpoints,experiments/d2nn_cifar10_high_performance_optical_backbone/runs/p07_teacher_free_formal_linear/checkpoints/best.pt,experiments/d2nn_cifar10_high_performance_optical_backbone/runs/p07_teacher_free_formal_linear/checkpoints/last.pt,periodic checkpoint has sibling best and last/latest
experiments/d2nn_cifar10_high_performance_optical_backbone/runs/p07_teacher_free_formal_linear/checkpoints/epoch_009.pt,44827366,experiments/d2nn_cifar10_high_performance_optical_backbone/runs/p07_teacher_free_formal_linear/checkpoints,experiments/d2nn_cifar10_high_performance_optical_backbone/runs/p07_teacher_free_formal_linear/checkpoints/best.pt,experiments/d2nn_cifar10_high_performance_optical_backbone/runs/p07_teacher_free_formal_linear/checkpoints/last.pt,periodic checkpoint has sibling best and last/latest
experiments/d2nn_cifar10_high_performance_optical_backbone/runs/p07_teacher_free_formal_linear/checkpoints/epoch_010.pt,44827942,experiments/d2nn_cifar10_high_performance_optical_backbone/runs/p07_teacher_free_formal_linear/checkpoints,experiments/d2nn_cifar10_high_performance_optical_backbone/runs/p07_teacher_free_formal_linear/checkpoints/best.pt,experiments/d2nn_cifar10_high_performance_optical_backbone/runs/p07_teacher_free_formal_linear/checkpoints/last.pt,periodic checkpoint has sibling best and last/latest
experiments/d2nn_cifar10_high_performance_optical_backbone/runs/p07_teacher_free_formal_linear/checkpoints/epoch_011.pt,44828518,experiments/d2nn_cifar10_high_performance_optical_backbone/runs/p07_teacher_free_formal_linear/checkpoints,experiments/d2nn_cifar10_high_performance_optical_backbone/runs/p07_teacher_free_formal_linear/checkpoints/best.pt,experiments/d2nn_cifar10_high_performance_optical_backbone/runs/p07_teacher_free_formal_linear/checkpoints/last.pt,periodic checkpoint has sibling best and last/latest
experiments/d2nn_cifar10_high_performance_optical_backbone/runs/p07_teacher_free_formal_linear/checkpoints/epoch_012.pt,44829094,experiments/d2nn_cifar10_high_performance_optical_backbone/runs/p07_teacher_free_formal_linear/checkpoints,experiments/d2nn_cifar10_high_performance_optical_backbone/runs/p07_teacher_free_formal_linear/checkpoints/best.pt,experiments/d2nn_cifar10_high_performance_optical_backbone/runs/p07_teacher_free_formal_linear/checkpoints/last.pt,periodic checkpoint has sibling best and last/latest
experiments/d2nn_cifar10_high_performance_optical_backbone/runs/p07_teacher_free_formal_linear/checkpoints/epoch_013.pt,44829670,experiments/d2nn_cifar10_high_performance_optical_backbone/runs/p07_teacher_free_formal_linear/checkpoints,experiments/d2nn_cifar10_high_performance_optical_backbone/runs/p07_teacher_free_formal_linear/checkpoints/best.pt,experiments/d2nn_cifar10_high_performance_optical_backbone/runs/p07_teacher_free_formal_linear/checkpoints/last.pt,periodic checkpoint has sibling best and last/latest
experiments/d2nn_cifar10_high_performance_optical_backbone/runs/p07_teacher_free_formal_linear/checkpoints/epoch_014.pt,44830246,experiments/d2nn_cifar10_high_performance_optical_backbone/runs/p07_teacher_free_formal_linear/checkpoints,experiments/d2nn_cifar10_high_performance_optical_backbone/runs/p07_teacher_free_formal_linear/checkpoints/best.pt,experiments/d2nn_cifar10_high_performance_optical_backbone/runs/p07_teacher_free_formal_linear/checkpoints/last.pt,periodic checkpoint has sibling best and last/latest
experiments/d2nn_cifar10_high_performance_optical_backbone/runs/p07_teacher_free_formal_linear/checkpoints/epoch_015.pt,44830822,experiments/d2nn_cifar10_high_performance_optical_backbone/runs/p07_teacher_free_formal_linear/checkpoints,experiments/d2nn_cifar10_high_performance_optical_backbone/runs/p07_teacher_free_formal_linear/checkpoints/best.pt,experiments/d2nn_cifar10_high_performance_optical_backbone/runs/p07_teacher_free_formal_linear/checkpoints/last.pt,periodic checkpoint has sibling best and last/latest
experiments/d2nn_cifar10_high_performance_optical_backbone/runs/p07_teacher_free_formal_linear/checkpoints/epoch_016.pt,44831398,experiments/d2nn_cifar10_high_performance_optical_backbone/runs/p07_teacher_free_formal_linear/checkpoints,experiments/d2nn_cifar10_high_performance_optical_backbone/runs/p07_teacher_free_formal_linear/checkpoints/best.pt,experiments/d2nn_cifar10_high_performance_optical_backbone/runs/p07_teacher_free_formal_linear/checkpoints/last.pt,periodic checkpoint has sibling best and last/latest
experiments/d2nn_cifar10_high_performance_optical_backbone/runs/p07_teacher_free_formal_linear/checkpoints/epoch_017.pt,44831974,experiments/d2nn_cifar10_high_performance_optical_backbone/runs/p07_teacher_free_formal_linear/checkpoints,experiments/d2nn_cifar10_high_performance_optical_backbone/runs/p07_teacher_free_formal_linear/checkpoints/best.pt,experiments/d2nn_cifar10_high_performance_optical_backbone/runs/p07_teacher_free_formal_linear/checkpoints/last.pt,periodic checkpoint has sibling best and last/latest
experiments/d2nn_cifar10_high_performance_optical_backbone/runs/p07_teacher_free_formal_linear/checkpoints/epoch_018.pt,44832550,experiments/d2nn_cifar10_high_performance_optical_backbone/runs/p07_teacher_free_formal_linear/checkpoints,experiments/d2nn_cifar10_high_performance_optical_backbone/runs/p07_teacher_free_formal_linear/checkpoints/best.pt,experiments/d2nn_cifar10_high_performance_optical_backbone/runs/p07_teacher_free_formal_linear/checkpoints/last.pt,periodic checkpoint has sibling best and last/latest
experiments/d2nn_cifar10_high_performance_optical_backbone/runs/p07_teacher_free_formal_linear/checkpoints/epoch_019.pt,44833190,experiments/d2nn_cifar10_high_performance_optical_backbone/runs/p07_teacher_free_formal_linear/checkpoints,experiments/d2nn_cifar10_high_performance_optical_backbone/runs/p07_teacher_free_formal_linear/checkpoints/best.pt,experiments/d2nn_cifar10_high_performance_optical_backbone/runs/p07_teacher_free_formal_linear/checkpoints/last.pt,periodic checkpoint has sibling best and last/latest
experiments/d2nn_cifar10_high_performance_optical_backbone/runs/p07_teacher_free_formal_linear/checkpoints/epoch_020.pt,44833766,experiments/d2nn_cifar10_high_performance_optical_backbone/runs/p07_teacher_free_formal_linear/checkpoints,experiments/d2nn_cifar10_high_performance_optical_backbone/runs/p07_teacher_free_formal_linear/checkpoints/best.pt,experiments/d2nn_cifar10_high_performance_optical_backbone/runs/p07_teacher_free_formal_linear/checkpoints/last.pt,periodic checkpoint has sibling best and last/latest
experiments/d2nn_cifar10_high_performance_optical_backbone/runs/p07_teacher_free_formal_linear/checkpoints/epoch_021.pt,44834342,experiments/d2nn_cifar10_high_performance_optical_backbone/runs/p07_teacher_free_formal_linear/checkpoints,experiments/d2nn_cifar10_high_performance_optical_backbone/runs/p07_teacher_free_formal_linear/checkpoints/best.pt,experiments/d2nn_cifar10_high_performance_optical_backbone/runs/p07_teacher_free_formal_linear/checkpoints/last.pt,periodic checkpoint has sibling best and last/latest
experiments/d2nn_cifar10_high_performance_optical_backbone/runs/p07_teacher_free_formal_linear/checkpoints/epoch_022.pt,44834918,experiments/d2nn_cifar10_high_performance_optical_backbone/runs/p07_teacher_free_formal_linear/checkpoints,experiments/d2nn_cifar10_high_performance_optical_backbone/runs/p07_teacher_free_formal_linear/checkpoints/best.pt,experiments/d2nn_cifar10_high_performance_optical_backbone/runs/p07_teacher_free_formal_linear/checkpoints/last.pt,periodic checkpoint has sibling best and last/latest
experiments/d2nn_cifar10_high_performance_optical_backbone/runs/p07_teacher_free_formal_linear/checkpoints/epoch_023.pt,44835494,experiments/d2nn_cifar10_high_performance_optical_backbone/runs/p07_teacher_free_formal_linear/checkpoints,experiments/d2nn_cifar10_high_performance_optical_backbone/runs/p07_teacher_free_formal_linear/checkpoints/best.pt,experiments/d2nn_cifar10_high_performance_optical_backbone/runs/p07_teacher_free_formal_linear/checkpoints/last.pt,periodic checkpoint has sibling best and last/latest
experiments/d2nn_cifar10_high_performance_optical_backbone/runs/p07_teacher_free_formal_linear/checkpoints/epoch_024.pt,44836070,experiments/d2nn_cifar10_high_performance_optical_backbone/runs/p07_teacher_free_formal_linear/checkpoints,experiments/d2nn_cifar10_high_performance_optical_backbone/runs/p07_teacher_free_formal_linear/checkpoints/best.pt,experiments/d2nn_cifar10_high_performance_optical_backbone/runs/p07_teacher_free_formal_linear/checkpoints/last.pt,periodic checkpoint has sibling best and last/latest
experiments/d2nn_cifar10_high_performance_optical_backbone/runs/p07_teacher_free_formal_linear/checkpoints/epoch_025.pt,44836646,experiments/d2nn_cifar10_high_performance_optical_backbone/runs/p07_teacher_free_formal_linear/checkpoints,experiments/d2nn_cifar10_high_performance_optical_backbone/runs/p07_teacher_free_formal_linear/checkpoints/best.pt,experiments/d2nn_cifar10_high_performance_optical_backbone/runs/p07_teacher_free_formal_linear/checkpoints/last.pt,periodic checkpoint has sibling best and last/latest
experiments/d2nn_cifar10_high_performance_optical_backbone/runs/p07_teacher_free_formal_linear/checkpoints/epoch_026.pt,44837222,experiments/d2nn_cifar10_high_performance_optical_backbone/runs/p07_teacher_free_formal_linear/checkpoints,experiments/d2nn_cifar10_high_performance_optical_backbone/runs/p07_teacher_free_formal_linear/checkpoints/best.pt,experiments/d2nn_cifar10_high_performance_optical_backbone/runs/p07_teacher_free_formal_linear/checkpoints/last.pt,periodic checkpoint has sibling best and last/latest
experiments/d2nn_cifar10_high_performance_optical_backbone/runs/p07_teacher_free_formal_linear/checkpoints/epoch_027.pt,44837798,experiments/d2nn_cifar10_high_performance_optical_backbone/runs/p07_teacher_free_formal_linear/checkpoints,experiments/d2nn_cifar10_high_performance_optical_backbone/runs/p07_teacher_free_formal_linear/checkpoints/best.pt,experiments/d2nn_cifar10_high_performance_optical_backbone/runs/p07_teacher_free_formal_linear/checkpoints/last.pt,periodic checkpoint has sibling best and last/latest
experiments/d2nn_cifar10_high_performance_optical_backbone/runs/p07_teacher_free_formal_linear/checkpoints/epoch_028.pt,44838374,experiments/d2nn_cifar10_high_performance_optical_backbone/runs/p07_teacher_free_formal_linear/checkpoints,experiments/d2nn_cifar10_high_performance_optical_backbone/runs/p07_teacher_free_formal_linear/checkpoints/best.pt,experiments/d2nn_cifar10_high_performance_optical_backbone/runs/p07_teacher_free_formal_linear/checkpoints/last.pt,periodic checkpoint has sibling best and last/latest
experiments/d2nn_cifar10_high_performance_optical_backbone/runs/p07_teacher_free_formal_linear/checkpoints/epoch_029.pt,44838950,experiments/d2nn_cifar10_high_performance_optical_backbone/runs/p07_teacher_free_formal_linear/checkpoints,experiments/d2nn_cifar10_high_performance_optical_backbone/runs/p07_teacher_free_formal_linear/checkpoints/best.pt,experiments/d2nn_cifar10_high_performance_optical_backbone/runs/p07_teacher_free_formal_linear/checkpoints/last.pt,periodic checkpoint has sibling best and last/latest
experiments/d2nn_cifar10_high_performance_optical_backbone/runs/p07_teacher_free_formal_linear/checkpoints/epoch_030.pt,44839526,experiments/d2nn_cifar10_high_performance_optical_backbone/runs/p07_teacher_free_formal_linear/checkpoints,experiments/d2nn_cifar10_high_performance_optical_backbone/runs/p07_teacher_free_formal_linear/checkpoints/best.pt,experiments/d2nn_cifar10_high_performance_optical_backbone/runs/p07_teacher_free_formal_linear/checkpoints/last.pt,periodic checkpoint has sibling best and last/latest
experiments/d2nn_cifar10_high_performance_optical_backbone/runs/p06_imagenet_full_stage1/checkpoints/epoch_001.pt,19736190,experiments/d2nn_cifar10_high_performance_optical_backbone/runs/p06_imagenet_full_stage1/checkpoints,experiments/d2nn_cifar10_high_performance_optical_backbone/runs/p06_imagenet_full_stage1/checkpoints/best.pt,experiments/d2nn_cifar10_high_performance_optical_backbone/runs/p06_imagenet_full_stage1/checkpoints/last.pt,periodic checkpoint has sibling best and last/latest
experiments/d2nn_cifar10_high_performance_optical_backbone/runs/p06_imagenet_full_stage1/checkpoints/epoch_002.pt,19736894,experiments/d2nn_cifar10_high_performance_optical_backbone/runs/p06_imagenet_full_stage1/checkpoints,experiments/d2nn_cifar10_high_performance_optical_backbone/runs/p06_imagenet_full_stage1/checkpoints/best.pt,experiments/d2nn_cifar10_high_performance_optical_backbone/runs/p06_imagenet_full_stage1/checkpoints/last.pt,periodic checkpoint has sibling best and last/latest
experiments/d2nn_cifar10_high_performance_optical_backbone/runs/p06_imagenet_full_stage1/checkpoints/epoch_003.pt,19737598,experiments/d2nn_cifar10_high_performance_optical_backbone/runs/p06_imagenet_full_stage1/checkpoints,experiments/d2nn_cifar10_high_performance_optical_backbone/runs/p06_imagenet_full_stage1/checkpoints/best.pt,experiments/d2nn_cifar10_high_performance_optical_backbone/runs/p06_imagenet_full_stage1/checkpoints/last.pt,periodic checkpoint has sibling best and last/latest
experiments/d2nn_cifar10_high_performance_optical_backbone/runs/p06_imagenet_full_stage1/checkpoints/epoch_004.pt,19738302,experiments/d2nn_cifar10_high_performance_optical_backbone/runs/p06_imagenet_full_stage1/checkpoints,experiments/d2nn_cifar10_high_performance_optical_backbone/runs/p06_imagenet_full_stage1/checkpoints/best.pt,experiments/d2nn_cifar10_high_performance_optical_backbone/runs/p06_imagenet_full_stage1/checkpoints/last.pt,periodic checkpoint has sibling best and last/latest
experiments/d2nn_cifar10_high_performance_optical_backbone/runs/p06_imagenet_full_stage1/checkpoints/epoch_005.pt,19739006,experiments/d2nn_cifar10_high_performance_optical_backbone/runs/p06_imagenet_full_stage1/checkpoints,experiments/d2nn_cifar10_high_performance_optical_backbone/runs/p06_imagenet_full_stage1/checkpoints/best.pt,experiments/d2nn_cifar10_high_performance_optical_backbone/runs/p06_imagenet_full_stage1/checkpoints/last.pt,periodic checkpoint has sibling best and last/latest
experiments/d2nn_cifar10_high_performance_optical_backbone/runs/p06_imagenet_full_stage1/checkpoints/epoch_006.pt,19739774,experiments/d2nn_cifar10_high_performance_optical_backbone/runs/p06_imagenet_full_stage1/checkpoints,experiments/d2nn_cifar10_high_performance_optical_backbone/runs/p06_imagenet_full_stage1/checkpoints/best.pt,experiments/d2nn_cifar10_high_performance_optical_backbone/runs/p06_imagenet_full_stage1/checkpoints/last.pt,periodic checkpoint has sibling best and last/latest
experiments/d2nn_cifar10_high_performance_optical_backbone/runs/p06_imagenet_full_stage1/checkpoints/epoch_007.pt,19740478,experiments/d2nn_cifar10_high_performance_optical_backbone/runs/p06_imagenet_full_stage1/checkpoints,experiments/d2nn_cifar10_high_performance_optical_backbone/runs/p06_imagenet_full_stage1/checkpoints/best.pt,experiments/d2nn_cifar10_high_performance_optical_backbone/runs/p06_imagenet_full_stage1/checkpoints/last.pt,periodic checkpoint has sibling best and last/latest
experiments/d2nn_cifar10_high_performance_optical_backbone/runs/p06_imagenet_full_stage1/checkpoints/epoch_008.pt,19741182,experiments/d2nn_cifar10_high_performance_optical_backbone/runs/p06_imagenet_full_stage1/checkpoints,experiments/d2nn_cifar10_high_performance_optical_backbone/runs/p06_imagenet_full_stage1/checkpoints/best.pt,experiments/d2nn_cifar10_high_performance_optical_backbone/runs/p06_imagenet_full_stage1/checkpoints/last.pt,periodic checkpoint has sibling best and last/latest
experiments/d2nn_cifar10_high_performance_optical_backbone/runs/p06_imagenet_full_stage1/checkpoints/epoch_009.pt,19741886,experiments/d2nn_cifar10_high_performance_optical_backbone/runs/p06_imagenet_full_stage1/checkpoints,experiments/d2nn_cifar10_high_performance_optical_backbone/runs/p06_imagenet_full_stage1/checkpoints/best.pt,experiments/d2nn_cifar10_high_performance_optical_backbone/runs/p06_imagenet_full_stage1/checkpoints/last.pt,periodic checkpoint has sibling best and last/latest
experiments/d2nn_cifar10_high_performance_optical_backbone/runs/p06_imagenet_full_stage1/checkpoints/epoch_010.pt,19742590,experiments/d2nn_cifar10_high_performance_optical_backbone/runs/p06_imagenet_full_stage1/checkpoints,experiments/d2nn_cifar10_high_performance_optical_backbone/runs/p06_imagenet_full_stage1/checkpoints/best.pt,experiments/d2nn_cifar10_high_performance_optical_backbone/runs/p06_imagenet_full_stage1/checkpoints/last.pt,periodic checkpoint has sibling best and last/latest
experiments/d2nn_cifar10_high_performance_optical_backbone/runs/a02_pool16/seed_1234/epoch_010.pt,12179326,experiments/d2nn_cifar10_high_performance_optical_backbone/runs/a02_pool16/seed_1234,experiments/d2nn_cifar10_high_performance_optical_backbone/runs/a02_pool16/seed_1234/best.pt,experiments/d2nn_cifar10_high_performance_optical_backbone/runs/a02_pool16/seed_1234/latest.pt,periodic checkpoint has sibling best and last/latest
experiments/d2nn_cifar10_high_performance_optical_backbone/runs/p07_teacher_free_screen_linear/checkpoints/epoch_001.pt,32622294,experiments/d2nn_cifar10_high_performance_optical_backbone/runs/p07_teacher_free_screen_linear/checkpoints,experiments/d2nn_cifar10_high_performance_optical_backbone/runs/p07_teacher_free_screen_linear/checkpoints/best.pt,experiments/d2nn_cifar10_high_performance_optical_backbone/runs/p07_teacher_free_screen_linear/checkpoints/last.pt,periodic checkpoint has sibling best and last/latest
experiments/d2nn_cifar10_high_performance_optical_backbone/runs/p07_teacher_free_screen_linear/checkpoints/epoch_002.pt,44823206,experiments/d2nn_cifar10_high_performance_optical_backbone/runs/p07_teacher_free_screen_linear/checkpoints,experiments/d2nn_cifar10_high_performance_optical_backbone/runs/p07_teacher_free_screen_linear/checkpoints/best.pt,experiments/d2nn_cifar10_high_performance_optical_backbone/runs/p07_teacher_free_screen_linear/checkpoints/last.pt,periodic checkpoint has sibling best and last/latest
experiments/d2nn_cifar10_high_performance_optical_backbone/runs/p07_teacher_free_screen_linear/checkpoints/epoch_003.pt,44823782,experiments/d2nn_cifar10_high_performance_optical_backbone/runs/p07_teacher_free_screen_linear/checkpoints,experiments/d2nn_cifar10_high_performance_optical_backbone/runs/p07_teacher_free_screen_linear/checkpoints/best.pt,experiments/d2nn_cifar10_high_performance_optical_backbone/runs/p07_teacher_free_screen_linear/checkpoints/last.pt,periodic checkpoint has sibling best and last/latest
experiments/d2nn_cifar10_high_performance_optical_backbone/runs/p06_imagenet_100k_balanced_refine/checkpoints/epoch_002.pt,19736894,experiments/d2nn_cifar10_high_performance_optical_backbone/runs/p06_imagenet_100k_balanced_refine/checkpoints,experiments/d2nn_cifar10_high_performance_optical_backbone/runs/p06_imagenet_100k_balanced_refine/checkpoints/best.pt,experiments/d2nn_cifar10_high_performance_optical_backbone/runs/p06_imagenet_100k_balanced_refine/checkpoints/last.pt,periodic checkpoint has sibling best and last/latest
experiments/d2nn_cifar10_high_performance_optical_backbone/runs/p06_imagenet_100k_balanced_refine/checkpoints/epoch_004.pt,19738302,experiments/d2nn_cifar10_high_performance_optical_backbone/runs/p06_imagenet_100k_balanced_refine/checkpoints,experiments/d2nn_cifar10_high_performance_optical_backbone/runs/p06_imagenet_100k_balanced_refine/checkpoints/best.pt,experiments/d2nn_cifar10_high_performance_optical_backbone/runs/p06_imagenet_100k_balanced_refine/checkpoints/last.pt,periodic checkpoint has sibling best and last/latest
experiments/d2nn_cifar10_high_performance_optical_backbone/runs/p06_imagenet_100k_balanced_refine/checkpoints/epoch_006.pt,19739710,experiments/d2nn_cifar10_high_performance_optical_backbone/runs/p06_imagenet_100k_balanced_refine/checkpoints,experiments/d2nn_cifar10_high_performance_optical_backbone/runs/p06_imagenet_100k_balanced_refine/checkpoints/best.pt,experiments/d2nn_cifar10_high_performance_optical_backbone/runs/p06_imagenet_100k_balanced_refine/checkpoints/last.pt,periodic checkpoint has sibling best and last/latest
experiments/d2nn_cifar10_high_performance_optical_backbone/runs/p06_imagenet_100k_balanced_refine/checkpoints/epoch_008.pt,19741182,experiments/d2nn_cifar10_high_performance_optical_backbone/runs/p06_imagenet_100k_balanced_refine/checkpoints,experiments/d2nn_cifar10_high_performance_optical_backbone/runs/p06_imagenet_100k_balanced_refine/checkpoints/best.pt,experiments/d2nn_cifar10_high_performance_optical_backbone/runs/p06_imagenet_100k_balanced_refine/checkpoints/last.pt,periodic checkpoint has sibling best and last/latest
experiments/d2nn_cifar10_high_performance_optical_backbone/runs/p06_imagenet_100k_balanced_refine/checkpoints/epoch_010.pt,19742590,experiments/d2nn_cifar10_high_performance_optical_backbone/runs/p06_imagenet_100k_balanced_refine/checkpoints,experiments/d2nn_cifar10_high_performance_optical_backbone/runs/p06_imagenet_100k_balanced_refine/checkpoints/best.pt,experiments/d2nn_cifar10_high_performance_optical_backbone/runs/p06_imagenet_100k_balanced_refine/checkpoints/last.pt,periodic checkpoint has sibling best and last/latest
experiments/d2nn_cifar10_high_performance_optical_backbone/runs/p06_imagenet_100k_balanced_refine/checkpoints/epoch_012.pt,19743998,experiments/d2nn_cifar10_high_performance_optical_backbone/runs/p06_imagenet_100k_balanced_refine/checkpoints,experiments/d2nn_cifar10_high_performance_optical_backbone/runs/p06_imagenet_100k_balanced_refine/checkpoints/best.pt,experiments/d2nn_cifar10_high_performance_optical_backbone/runs/p06_imagenet_100k_balanced_refine/checkpoints/last.pt,periodic checkpoint has sibling best and last/latest
experiments/d2nn_cifar10_high_performance_optical_backbone/runs/p06_imagenet_100k_balanced_refine/checkpoints/epoch_014.pt,19745406,experiments/d2nn_cifar10_high_performance_optical_backbone/runs/p06_imagenet_100k_balanced_refine/checkpoints,experiments/d2nn_cifar10_high_performance_optical_backbone/runs/p06_imagenet_100k_balanced_refine/checkpoints/best.pt,experiments/d2nn_cifar10_high_performance_optical_backbone/runs/p06_imagenet_100k_balanced_refine/checkpoints/last.pt,periodic checkpoint has sibling best and last/latest
experiments/d2nn_cifar10_high_performance_optical_backbone/runs/p06_imagenet_100k_balanced_refine/checkpoints/epoch_016.pt,19746814,experiments/d2nn_cifar10_high_performance_optical_backbone/runs/p06_imagenet_100k_balanced_refine/checkpoints,experiments/d2nn_cifar10_high_performance_optical_backbone/runs/p06_imagenet_100k_balanced_refine/checkpoints/best.pt,experiments/d2nn_cifar10_high_performance_optical_backbone/runs/p06_imagenet_100k_balanced_refine/checkpoints/last.pt,periodic checkpoint has sibling best and last/latest
experiments/d2nn_cifar10_high_performance_optical_backbone/runs/p06_imagenet_100k_balanced_refine/checkpoints/epoch_018.pt,19748286,experiments/d2nn_cifar10_high_performance_optical_backbone/runs/p06_imagenet_100k_balanced_refine/checkpoints,experiments/d2nn_cifar10_high_performance_optical_backbone/runs/p06_imagenet_100k_balanced_refine/checkpoints/best.pt,experiments/d2nn_cifar10_high_performance_optical_backbone/runs/p06_imagenet_100k_balanced_refine/checkpoints/last.pt,periodic checkpoint has sibling best and last/latest
experiments/d2nn_cifar10_high_performance_optical_backbone/runs/p06_imagenet_100k_balanced_refine/checkpoints/epoch_020.pt,19749694,experiments/d2nn_cifar10_high_performance_optical_backbone/runs/p06_imagenet_100k_balanced_refine/checkpoints,experiments/d2nn_cifar10_high_performance_optical_backbone/runs/p06_imagenet_100k_balanced_refine/checkpoints/best.pt,experiments/d2nn_cifar10_high_performance_optical_backbone/runs/p06_imagenet_100k_balanced_refine/checkpoints/last.pt,periodic checkpoint has sibling best and last/latest
experiments/d2nn_cifar10_high_performance_optical_backbone/runs/p06_imagenet_100k_balanced_refine/checkpoints/epoch_022.pt,19751102,experiments/d2nn_cifar10_high_performance_optical_backbone/runs/p06_imagenet_100k_balanced_refine/checkpoints,experiments/d2nn_cifar10_high_performance_optical_backbone/runs/p06_imagenet_100k_balanced_refine/checkpoints/best.pt,experiments/d2nn_cifar10_high_performance_optical_backbone/runs/p06_imagenet_100k_balanced_refine/checkpoints/last.pt,periodic checkpoint has sibling best and last/latest
experiments/d2nn_cifar10_high_performance_optical_backbone/runs/p06_imagenet_100k_balanced_refine/checkpoints/epoch_024.pt,19752510,experiments/d2nn_cifar10_high_performance_optical_backbone/runs/p06_imagenet_100k_balanced_refine/checkpoints,experiments/d2nn_cifar10_high_performance_optical_backbone/runs/p06_imagenet_100k_balanced_refine/checkpoints/best.pt,experiments/d2nn_cifar10_high_performance_optical_backbone/runs/p06_imagenet_100k_balanced_refine/checkpoints/last.pt,periodic checkpoint has sibling best and last/latest
experiments/d2nn_cifar10_high_performance_optical_backbone/runs/p06_imagenet_8x224_screen_spatial/checkpoints/epoch_001.pt,41980606,experiments/d2nn_cifar10_high_performance_optical_backbone/runs/p06_imagenet_8x224_screen_spatial/checkpoints,experiments/d2nn_cifar10_high_performance_optical_backbone/runs/p06_imagenet_8x224_screen_spatial/checkpoints/best.pt,experiments/d2nn_cifar10_high_performance_optical_backbone/runs/p06_imagenet_8x224_screen_spatial/checkpoints/last.pt,periodic checkpoint has sibling best and last/latest
experiments/d2nn_cifar10_high_performance_optical_backbone/runs/p06_imagenet_8x224_screen_spatial/checkpoints/epoch_002.pt,41981310,experiments/d2nn_cifar10_high_performance_optical_backbone/runs/p06_imagenet_8x224_screen_spatial/checkpoints,experiments/d2nn_cifar10_high_performance_optical_backbone/runs/p06_imagenet_8x224_screen_spatial/checkpoints/best.pt,experiments/d2nn_cifar10_high_performance_optical_backbone/runs/p06_imagenet_8x224_screen_spatial/checkpoints/last.pt,periodic checkpoint has sibling best and last/latest
experiments/d2nn_cifar10_high_performance_optical_backbone/runs/p06_imagenet_8x224_screen_spatial/checkpoints/epoch_003.pt,41982014,experiments/d2nn_cifar10_high_performance_optical_backbone/runs/p06_imagenet_8x224_screen_spatial/checkpoints,experiments/d2nn_cifar10_high_performance_optical_backbone/runs/p06_imagenet_8x224_screen_spatial/checkpoints/best.pt,experiments/d2nn_cifar10_high_performance_optical_backbone/runs/p06_imagenet_8x224_screen_spatial/checkpoints/last.pt,periodic checkpoint has sibling best and last/latest
experiments/d2nn_cifar10_high_performance_optical_backbone/runs/p07_teacher_free_screen_mlp/checkpoints/epoch_001.pt,21986478,experiments/d2nn_cifar10_high_performance_optical_backbone/runs/p07_teacher_free_screen_mlp/checkpoints,experiments/d2nn_cifar10_high_performance_optical_backbone/runs/p07_teacher_free_screen_mlp/checkpoints/best.pt,experiments/d2nn_cifar10_high_performance_optical_backbone/runs/p07_teacher_free_screen_mlp/checkpoints/last.pt,periodic checkpoint has sibling best and last/latest
experiments/d2nn_cifar10_high_performance_optical_backbone/runs/p07_teacher_free_screen_mlp/checkpoints/epoch_002.pt,34187326,experiments/d2nn_cifar10_high_performance_optical_backbone/runs/p07_teacher_free_screen_mlp/checkpoints,experiments/d2nn_cifar10_high_performance_optical_backbone/runs/p07_teacher_free_screen_mlp/checkpoints/best.pt,experiments/d2nn_cifar10_high_performance_optical_backbone/runs/p07_teacher_free_screen_mlp/checkpoints/last.pt,periodic checkpoint has sibling best and last/latest
experiments/d2nn_cifar10_high_performance_optical_backbone/runs/p07_teacher_free_screen_mlp/checkpoints/epoch_003.pt,34187902,experiments/d2nn_cifar10_high_performance_optical_backbone/runs/p07_teacher_free_screen_mlp/checkpoints,experiments/d2nn_cifar10_high_performance_optical_backbone/runs/p07_teacher_free_screen_mlp/checkpoints/best.pt,experiments/d2nn_cifar10_high_performance_optical_backbone/runs/p07_teacher_free_screen_mlp/checkpoints/last.pt,periodic checkpoint has sibling best and last/latest
experiments/d2nn_cifar10_high_performance_optical_backbone/runs/p07_teacher_free_allstage_pool5/checkpoints/epoch_001.pt,28582230,experiments/d2nn_cifar10_high_performance_optical_backbone/runs/p07_teacher_free_allstage_pool5/checkpoints,experiments/d2nn_cifar10_high_performance_optical_backbone/runs/p07_teacher_free_allstage_pool5/checkpoints/best.pt,experiments/d2nn_cifar10_high_performance_optical_backbone/runs/p07_teacher_free_allstage_pool5/checkpoints/last.pt,periodic checkpoint has sibling best and last/latest
experiments/d2nn_cifar10_high_performance_optical_backbone/runs/p07_teacher_free_allstage_pool5/checkpoints/epoch_002.pt,40783142,experiments/d2nn_cifar10_high_performance_optical_backbone/runs/p07_teacher_free_allstage_pool5/checkpoints,experiments/d2nn_cifar10_high_performance_optical_backbone/runs/p07_teacher_free_allstage_pool5/checkpoints/best.pt,experiments/d2nn_cifar10_high_performance_optical_backbone/runs/p07_teacher_free_allstage_pool5/checkpoints/last.pt,periodic checkpoint has sibling best and last/latest
experiments/d2nn_cifar10_high_performance_optical_backbone/runs/p07_teacher_free_allstage_pool5/checkpoints/epoch_003.pt,40783718,experiments/d2nn_cifar10_high_performance_optical_backbone/runs/p07_teacher_free_allstage_pool5/checkpoints,experiments/d2nn_cifar10_high_performance_optical_backbone/runs/p07_teacher_free_allstage_pool5/checkpoints/best.pt,experiments/d2nn_cifar10_high_performance_optical_backbone/runs/p07_teacher_free_allstage_pool5/checkpoints/last.pt,periodic checkpoint has sibling best and last/latest
experiments/d2nn_cifar10_high_performance_optical_backbone/runs/p07_teacher_free_allstage_pool5/checkpoints/epoch_004.pt,40784294,experiments/d2nn_cifar10_high_performance_optical_backbone/runs/p07_teacher_free_allstage_pool5/checkpoints,experiments/d2nn_cifar10_high_performance_optical_backbone/runs/p07_teacher_free_allstage_pool5/checkpoints/best.pt,experiments/d2nn_cifar10_high_performance_optical_backbone/runs/p07_teacher_free_allstage_pool5/checkpoints/last.pt,periodic checkpoint has sibling best and last/latest
experiments/d2nn_cifar10_high_performance_optical_backbone/runs/p07_teacher_free_allstage_pool5/checkpoints/epoch_005.pt,40784870,experiments/d2nn_cifar10_high_performance_optical_backbone/runs/p07_teacher_free_allstage_pool5/checkpoints,experiments/d2nn_cifar10_high_performance_optical_backbone/runs/p07_teacher_free_allstage_pool5/checkpoints/best.pt,experiments/d2nn_cifar10_high_performance_optical_backbone/runs/p07_teacher_free_allstage_pool5/checkpoints/last.pt,periodic checkpoint has sibling best and last/latest
experiments/d2nn_cifar10_high_performance_optical_backbone/runs/p07_teacher_free_allstage_pool5/checkpoints/epoch_006.pt,40785446,experiments/d2nn_cifar10_high_performance_optical_backbone/runs/p07_teacher_free_allstage_pool5/checkpoints,experiments/d2nn_cifar10_high_performance_optical_backbone/runs/p07_teacher_free_allstage_pool5/checkpoints/best.pt,experiments/d2nn_cifar10_high_performance_optical_backbone/runs/p07_teacher_free_allstage_pool5/checkpoints/last.pt,periodic checkpoint has sibling best and last/latest
experiments/d2nn_cifar10_high_performance_optical_backbone/runs/p07_teacher_free_allstage_pool5/checkpoints/epoch_007.pt,40786022,experiments/d2nn_cifar10_high_performance_optical_backbone/runs/p07_teacher_free_allstage_pool5/checkpoints,experiments/d2nn_cifar10_high_performance_optical_backbone/runs/p07_teacher_free_allstage_pool5/checkpoints/best.pt,experiments/d2nn_cifar10_high_performance_optical_backbone/runs/p07_teacher_free_allstage_pool5/checkpoints/last.pt,periodic checkpoint has sibling best and last/latest
experiments/d2nn_cifar10_high_performance_optical_backbone/runs/p07_teacher_free_allstage_pool5/checkpoints/epoch_008.pt,40786598,experiments/d2nn_cifar10_high_performance_optical_backbone/runs/p07_teacher_free_allstage_pool5/checkpoints,experiments/d2nn_cifar10_high_performance_optical_backbone/runs/p07_teacher_free_allstage_pool5/checkpoints/best.pt,experiments/d2nn_cifar10_high_performance_optical_backbone/runs/p07_teacher_free_allstage_pool5/checkpoints/last.pt,periodic checkpoint has sibling best and last/latest
experiments/d2nn_cifar10_high_performance_optical_backbone/runs/p07_teacher_free_allstage_pool5/checkpoints/epoch_009.pt,40787174,experiments/d2nn_cifar10_high_performance_optical_backbone/runs/p07_teacher_free_allstage_pool5/checkpoints,experiments/d2nn_cifar10_high_performance_optical_backbone/runs/p07_teacher_free_allstage_pool5/checkpoints/best.pt,experiments/d2nn_cifar10_high_performance_optical_backbone/runs/p07_teacher_free_allstage_pool5/checkpoints/last.pt,periodic checkpoint has sibling best and last/latest
experiments/d2nn_cifar10_high_performance_optical_backbone/runs/p07_teacher_free_allstage_pool5/checkpoints/epoch_010.pt,40787750,experiments/d2nn_cifar10_high_performance_optical_backbone/runs/p07_teacher_free_allstage_pool5/checkpoints,experiments/d2nn_cifar10_high_performance_optical_backbone/runs/p07_teacher_free_allstage_pool5/checkpoints/best.pt,experiments/d2nn_cifar10_high_performance_optical_backbone/runs/p07_teacher_free_allstage_pool5/checkpoints/last.pt,periodic checkpoint has sibling best and last/latest
experiments/d2nn_cifar10_high_performance_optical_backbone/runs/p07_teacher_free_allstage_pool5/checkpoints/epoch_011.pt,40788390,experiments/d2nn_cifar10_high_performance_optical_backbone/runs/p07_teacher_free_allstage_pool5/checkpoints,experiments/d2nn_cifar10_high_performance_optical_backbone/runs/p07_teacher_free_allstage_pool5/checkpoints/best.pt,experiments/d2nn_cifar10_high_performance_optical_backbone/runs/p07_teacher_free_allstage_pool5/checkpoints/last.pt,periodic checkpoint has sibling best and last/latest
experiments/d2nn_cifar10_high_performance_optical_backbone/runs/p07_teacher_free_allstage_pool5/checkpoints/epoch_012.pt,40788966,experiments/d2nn_cifar10_high_performance_optical_backbone/runs/p07_teacher_free_allstage_pool5/checkpoints,experiments/d2nn_cifar10_high_performance_optical_backbone/runs/p07_teacher_free_allstage_pool5/checkpoints/best.pt,experiments/d2nn_cifar10_high_performance_optical_backbone/runs/p07_teacher_free_allstage_pool5/checkpoints/last.pt,periodic checkpoint has sibling best and last/latest
experiments/d2nn_cifar10_high_performance_optical_backbone/runs/p07_teacher_free_allstage_pool5/checkpoints/epoch_013.pt,40789542,experiments/d2nn_cifar10_high_performance_optical_backbone/runs/p07_teacher_free_allstage_pool5/checkpoints,experiments/d2nn_cifar10_high_performance_optical_backbone/runs/p07_teacher_free_allstage_pool5/checkpoints/best.pt,experiments/d2nn_cifar10_high_performance_optical_backbone/runs/p07_teacher_free_allstage_pool5/checkpoints/last.pt,periodic checkpoint has sibling best and last/latest
experiments/d2nn_cifar10_high_performance_optical_backbone/runs/p07_teacher_free_allstage_pool5/checkpoints/epoch_014.pt,40790118,experiments/d2nn_cifar10_high_performance_optical_backbone/runs/p07_teacher_free_allstage_pool5/checkpoints,experiments/d2nn_cifar10_high_performance_optical_backbone/runs/p07_teacher_free_allstage_pool5/checkpoints/best.pt,experiments/d2nn_cifar10_high_performance_optical_backbone/runs/p07_teacher_free_allstage_pool5/checkpoints/last.pt,periodic checkpoint has sibling best and last/latest
experiments/d2nn_cifar10_high_performance_optical_backbone/runs/p07_teacher_free_allstage_pool5/checkpoints/epoch_015.pt,40790694,experiments/d2nn_cifar10_high_performance_optical_backbone/runs/p07_teacher_free_allstage_pool5/checkpoints,experiments/d2nn_cifar10_high_performance_optical_backbone/runs/p07_teacher_free_allstage_pool5/checkpoints/best.pt,experiments/d2nn_cifar10_high_performance_optical_backbone/runs/p07_teacher_free_allstage_pool5/checkpoints/last.pt,periodic checkpoint has sibling best and last/latest
experiments/d2nn_cifar10_high_performance_optical_backbone/runs/p07_teacher_free_allstage_pool5/checkpoints/epoch_016.pt,40791270,experiments/d2nn_cifar10_high_performance_optical_backbone/runs/p07_teacher_free_allstage_pool5/checkpoints,experiments/d2nn_cifar10_high_performance_optical_backbone/runs/p07_teacher_free_allstage_pool5/checkpoints/best.pt,experiments/d2nn_cifar10_high_performance_optical_backbone/runs/p07_teacher_free_allstage_pool5/checkpoints/last.pt,periodic checkpoint has sibling best and last/latest
experiments/d2nn_cifar10_high_performance_optical_backbone/runs/p07_teacher_free_allstage_pool5/checkpoints/epoch_017.pt,40791846,experiments/d2nn_cifar10_high_performance_optical_backbone/runs/p07_teacher_free_allstage_pool5/checkpoints,experiments/d2nn_cifar10_high_performance_optical_backbone/runs/p07_teacher_free_allstage_pool5/checkpoints/best.pt,experiments/d2nn_cifar10_high_performance_optical_backbone/runs/p07_teacher_free_allstage_pool5/checkpoints/last.pt,periodic checkpoint has sibling best and last/latest
experiments/d2nn_cifar10_high_performance_optical_backbone/runs/p07_teacher_free_allstage_pool5/checkpoints/epoch_018.pt,40792422,experiments/d2nn_cifar10_high_performance_optical_backbone/runs/p07_teacher_free_allstage_pool5/checkpoints,experiments/d2nn_cifar10_high_performance_optical_backbone/runs/p07_teacher_free_allstage_pool5/checkpoints/best.pt,experiments/d2nn_cifar10_high_performance_optical_backbone/runs/p07_teacher_free_allstage_pool5/checkpoints/last.pt,periodic checkpoint has sibling best and last/latest
experiments/d2nn_cifar10_high_performance_optical_backbone/runs/p07_teacher_free_allstage_pool5/checkpoints/epoch_019.pt,40792998,experiments/d2nn_cifar10_high_performance_optical_backbone/runs/p07_teacher_free_allstage_pool5/checkpoints,experiments/d2nn_cifar10_high_performance_optical_backbone/runs/p07_teacher_free_allstage_pool5/checkpoints/best.pt,experiments/d2nn_cifar10_high_performance_optical_backbone/runs/p07_teacher_free_allstage_pool5/checkpoints/last.pt,periodic checkpoint has sibling best and last/latest
experiments/d2nn_cifar10_high_performance_optical_backbone/runs/p07_teacher_free_allstage_pool5/checkpoints/epoch_020.pt,40793574,experiments/d2nn_cifar10_high_performance_optical_backbone/runs/p07_teacher_free_allstage_pool5/checkpoints,experiments/d2nn_cifar10_high_performance_optical_backbone/runs/p07_teacher_free_allstage_pool5/checkpoints/best.pt,experiments/d2nn_cifar10_high_performance_optical_backbone/runs/p07_teacher_free_allstage_pool5/checkpoints/last.pt,periodic checkpoint has sibling best and last/latest
experiments/d2nn_cifar10_high_performance_optical_backbone/runs/p07_teacher_free_allstage_pool5/checkpoints/epoch_021.pt,40794150,experiments/d2nn_cifar10_high_performance_optical_backbone/runs/p07_teacher_free_allstage_pool5/checkpoints,experiments/d2nn_cifar10_high_performance_optical_backbone/runs/p07_teacher_free_allstage_pool5/checkpoints/best.pt,experiments/d2nn_cifar10_high_performance_optical_backbone/runs/p07_teacher_free_allstage_pool5/checkpoints/last.pt,periodic checkpoint has sibling best and last/latest
experiments/d2nn_cifar10_high_performance_optical_backbone/runs/p07_teacher_free_allstage_pool5/checkpoints/epoch_022.pt,40794726,experiments/d2nn_cifar10_high_performance_optical_backbone/runs/p07_teacher_free_allstage_pool5/checkpoints,experiments/d2nn_cifar10_high_performance_optical_backbone/runs/p07_teacher_free_allstage_pool5/checkpoints/best.pt,experiments/d2nn_cifar10_high_performance_optical_backbone/runs/p07_teacher_free_allstage_pool5/checkpoints/last.pt,periodic checkpoint has sibling best and last/latest
experiments/d2nn_cifar10_high_performance_optical_backbone/runs/p07_teacher_free_allstage_pool5/checkpoints/epoch_023.pt,40795302,experiments/d2nn_cifar10_high_performance_optical_backbone/runs/p07_teacher_free_allstage_pool5/checkpoints,experiments/d2nn_cifar10_high_performance_optical_backbone/runs/p07_teacher_free_allstage_pool5/checkpoints/best.pt,experiments/d2nn_cifar10_high_performance_optical_backbone/runs/p07_teacher_free_allstage_pool5/checkpoints/last.pt,periodic checkpoint has sibling best and last/latest
experiments/d2nn_cifar10_high_performance_optical_backbone/runs/p07_teacher_free_allstage_pool5/checkpoints/epoch_024.pt,40795942,experiments/d2nn_cifar10_high_performance_optical_backbone/runs/p07_teacher_free_allstage_pool5/checkpoints,experiments/d2nn_cifar10_high_performance_optical_backbone/runs/p07_teacher_free_allstage_pool5/checkpoints/best.pt,experiments/d2nn_cifar10_high_performance_optical_backbone/runs/p07_teacher_free_allstage_pool5/checkpoints/last.pt,periodic checkpoint has sibling best and last/latest
experiments/d2nn_cifar10_high_performance_optical_backbone/runs/p07_teacher_free_allstage_pool5/checkpoints/epoch_025.pt,40796518,experiments/d2nn_cifar10_high_performance_optical_backbone/runs/p07_teacher_free_allstage_pool5/checkpoints,experiments/d2nn_cifar10_high_performance_optical_backbone/runs/p07_teacher_free_allstage_pool5/checkpoints/best.pt,experiments/d2nn_cifar10_high_performance_optical_backbone/runs/p07_teacher_free_allstage_pool5/checkpoints/last.pt,periodic checkpoint has sibling best and last/latest
experiments/d2nn_cifar10_high_performance_optical_backbone/runs/p07_teacher_free_allstage_pool5/checkpoints/epoch_026.pt,40797094,experiments/d2nn_cifar10_high_performance_optical_backbone/runs/p07_teacher_free_allstage_pool5/checkpoints,experiments/d2nn_cifar10_high_performance_optical_backbone/runs/p07_teacher_free_allstage_pool5/checkpoints/best.pt,experiments/d2nn_cifar10_high_performance_optical_backbone/runs/p07_teacher_free_allstage_pool5/checkpoints/last.pt,periodic checkpoint has sibling best and last/latest
experiments/d2nn_cifar10_high_performance_optical_backbone/runs/p07_teacher_free_allstage_pool5/checkpoints/epoch_027.pt,40797670,experiments/d2nn_cifar10_high_performance_optical_backbone/runs/p07_teacher_free_allstage_pool5/checkpoints,experiments/d2nn_cifar10_high_performance_optical_backbone/runs/p07_teacher_free_allstage_pool5/checkpoints/best.pt,experiments/d2nn_cifar10_high_performance_optical_backbone/runs/p07_teacher_free_allstage_pool5/checkpoints/last.pt,periodic checkpoint has sibling best and last/latest
experiments/d2nn_cifar10_high_performance_optical_backbone/runs/p07_teacher_free_allstage_pool5/checkpoints/epoch_028.pt,40798246,experiments/d2nn_cifar10_high_performance_optical_backbone/runs/p07_teacher_free_allstage_pool5/checkpoints,experiments/d2nn_cifar10_high_performance_optical_backbone/runs/p07_teacher_free_allstage_pool5/checkpoints/best.pt,experiments/d2nn_cifar10_high_performance_optical_backbone/runs/p07_teacher_free_allstage_pool5/checkpoints/last.pt,periodic checkpoint has sibling best and last/latest
experiments/d2nn_cifar10_high_performance_optical_backbone/runs/p07_teacher_free_allstage_pool5/checkpoints/epoch_029.pt,40798822,experiments/d2nn_cifar10_high_performance_optical_backbone/runs/p07_teacher_free_allstage_pool5/checkpoints,experiments/d2nn_cifar10_high_performance_optical_backbone/runs/p07_teacher_free_allstage_pool5/checkpoints/best.pt,experiments/d2nn_cifar10_high_performance_optical_backbone/runs/p07_teacher_free_allstage_pool5/checkpoints/last.pt,periodic checkpoint has sibling best and last/latest
experiments/d2nn_cifar10_high_performance_optical_backbone/runs/p07_teacher_free_allstage_pool5/checkpoints/epoch_030.pt,40799398,experiments/d2nn_cifar10_high_performance_optical_backbone/runs/p07_teacher_free_allstage_pool5/checkpoints,experiments/d2nn_cifar10_high_performance_optical_backbone/runs/p07_teacher_free_allstage_pool5/checkpoints/best.pt,experiments/d2nn_cifar10_high_performance_optical_backbone/runs/p07_teacher_free_allstage_pool5/checkpoints/last.pt,periodic checkpoint has sibling best and last/latest
experiments/d2nn_cifar10_high_performance_optical_backbone/runs/p06_imagenet_8x224_smoke/checkpoints/epoch_001.pt,34875070,experiments/d2nn_cifar10_high_performance_optical_backbone/runs/p06_imagenet_8x224_smoke/checkpoints,experiments/d2nn_cifar10_high_performance_optical_backbone/runs/p06_imagenet_8x224_smoke/checkpoints/best.pt,experiments/d2nn_cifar10_high_performance_optical_backbone/runs/p06_imagenet_8x224_smoke/checkpoints/last.pt,periodic checkpoint has sibling best and last/latest
experiments/d2nn_cifar10_high_performance_optical_backbone/runs/a10_depthwise_unet_skips/seed_1234/epoch_010.pt,8698530,experiments/d2nn_cifar10_high_performance_optical_backbone/runs/a10_depthwise_unet_skips/seed_1234,experiments/d2nn_cifar10_high_performance_optical_backbone/runs/a10_depthwise_unet_skips/seed_1234/best.pt,experiments/d2nn_cifar10_high_performance_optical_backbone/runs/a10_depthwise_unet_skips/seed_1234/latest.pt,periodic checkpoint has sibling best and last/latest
experiments/d2nn_cifar10_high_performance_optical_backbone/runs/a10_depthwise_unet_skips/seed_1234/epoch_020.pt,8699810,experiments/d2nn_cifar10_high_performance_optical_backbone/runs/a10_depthwise_unet_skips/seed_1234,experiments/d2nn_cifar10_high_performance_optical_backbone/runs/a10_depthwise_unet_skips/seed_1234/best.pt,experiments/d2nn_cifar10_high_performance_optical_backbone/runs/a10_depthwise_unet_skips/seed_1234/latest.pt,periodic checkpoint has sibling best and last/latest
experiments/d2nn_cifar10_high_performance_optical_backbone/runs/a10_depthwise_unet_skips/seed_1234/epoch_030.pt,8701090,experiments/d2nn_cifar10_high_performance_optical_backbone/runs/a10_depthwise_unet_skips/seed_1234,experiments/d2nn_cifar10_high_performance_optical_backbone/runs/a10_depthwise_unet_skips/seed_1234/best.pt,experiments/d2nn_cifar10_high_performance_optical_backbone/runs/a10_depthwise_unet_skips/seed_1234/latest.pt,periodic checkpoint has sibling best and last/latest
experiments/d2nn_cifar10_high_performance_optical_backbone/runs/a10_depthwise_unet_skips/seed_1234/epoch_040.pt,8702370,experiments/d2nn_cifar10_high_performance_optical_backbone/runs/a10_depthwise_unet_skips/seed_1234,experiments/d2nn_cifar10_high_performance_optical_backbone/runs/a10_depthwise_unet_skips/seed_1234/best.pt,experiments/d2nn_cifar10_high_performance_optical_backbone/runs/a10_depthwise_unet_skips/seed_1234/latest.pt,periodic checkpoint has sibling best and last/latest
experiments/d2nn_cifar10_high_performance_optical_backbone/runs/a10_depthwise_unet_skips/seed_1234/epoch_050.pt,8703650,experiments/d2nn_cifar10_high_performance_optical_backbone/runs/a10_depthwise_unet_skips/seed_1234,experiments/d2nn_cifar10_high_performance_optical_backbone/runs/a10_depthwise_unet_skips/seed_1234/best.pt,experiments/d2nn_cifar10_high_performance_optical_backbone/runs/a10_depthwise_unet_skips/seed_1234/latest.pt,periodic checkpoint has sibling best and last/latest
experiments/d2nn_cifar10_high_performance_optical_backbone/runs/a03_cifar100_pretrain/seed_1234/epoch_010.pt,9180670,experiments/d2nn_cifar10_high_performance_optical_backbone/runs/a03_cifar100_pretrain/seed_1234,experiments/d2nn_cifar10_high_performance_optical_backbone/runs/a03_cifar100_pretrain/seed_1234/best.pt,experiments/d2nn_cifar10_high_performance_optical_backbone/runs/a03_cifar100_pretrain/seed_1234/latest.pt,periodic checkpoint has sibling best and last/latest
experiments/d2nn_cifar10_high_performance_optical_backbone/runs/a03_cifar100_pretrain/seed_1234/epoch_020.pt,9181950,experiments/d2nn_cifar10_high_performance_optical_backbone/runs/a03_cifar100_pretrain/seed_1234,experiments/d2nn_cifar10_high_performance_optical_backbone/runs/a03_cifar100_pretrain/seed_1234/best.pt,experiments/d2nn_cifar10_high_performance_optical_backbone/runs/a03_cifar100_pretrain/seed_1234/latest.pt,periodic checkpoint has sibling best and last/latest
experiments/d2nn_cifar10_high_performance_optical_backbone/runs/a03_cifar100_pretrain/seed_1234/epoch_030.pt,9183166,experiments/d2nn_cifar10_high_performance_optical_backbone/runs/a03_cifar100_pretrain/seed_1234,experiments/d2nn_cifar10_high_performance_optical_backbone/runs/a03_cifar100_pretrain/seed_1234/best.pt,experiments/d2nn_cifar10_high_performance_optical_backbone/runs/a03_cifar100_pretrain/seed_1234/latest.pt,periodic checkpoint has sibling best and last/latest
experiments/d2nn_cifar10_high_performance_optical_backbone/runs/a03_cifar100_pretrain/seed_1234/epoch_040.pt,9184446,experiments/d2nn_cifar10_high_performance_optical_backbone/runs/a03_cifar100_pretrain/seed_1234,experiments/d2nn_cifar10_high_performance_optical_backbone/runs/a03_cifar100_pretrain/seed_1234/best.pt,experiments/d2nn_cifar10_high_performance_optical_backbone/runs/a03_cifar100_pretrain/seed_1234/latest.pt,periodic checkpoint has sibling best and last/latest
experiments/d2nn_cifar10_high_performance_optical_backbone/runs/a03_cifar100_pretrain/seed_1234/epoch_050.pt,9185726,experiments/d2nn_cifar10_high_performance_optical_backbone/runs/a03_cifar100_pretrain/seed_1234,experiments/d2nn_cifar10_high_performance_optical_backbone/runs/a03_cifar100_pretrain/seed_1234/best.pt,experiments/d2nn_cifar10_high_performance_optical_backbone/runs/a03_cifar100_pretrain/seed_1234/latest.pt,periodic checkpoint has sibling best and last/latest
experiments/d2nn_cifar10_high_performance_optical_backbone/runs/a03_cifar100_pretrain/seed_1234/epoch_060.pt,9187006,experiments/d2nn_cifar10_high_performance_optical_backbone/runs/a03_cifar100_pretrain/seed_1234,experiments/d2nn_cifar10_high_performance_optical_backbone/runs/a03_cifar100_pretrain/seed_1234/best.pt,experiments/d2nn_cifar10_high_performance_optical_backbone/runs/a03_cifar100_pretrain/seed_1234/latest.pt,periodic checkpoint has sibling best and last/latest
experiments/d2nn_cifar10_high_performance_optical_backbone/runs/a03_cifar100_pretrain/seed_1234/epoch_070.pt,9188286,experiments/d2nn_cifar10_high_performance_optical_backbone/runs/a03_cifar100_pretrain/seed_1234,experiments/d2nn_cifar10_high_performance_optical_backbone/runs/a03_cifar100_pretrain/seed_1234/best.pt,experiments/d2nn_cifar10_high_performance_optical_backbone/runs/a03_cifar100_pretrain/seed_1234/latest.pt,periodic checkpoint has sibling best and last/latest
experiments/d2nn_cifar10_high_performance_optical_backbone/runs/a03_cifar100_pretrain/seed_1234/epoch_080.pt,9189566,experiments/d2nn_cifar10_high_performance_optical_backbone/runs/a03_cifar100_pretrain/seed_1234,experiments/d2nn_cifar10_high_performance_optical_backbone/runs/a03_cifar100_pretrain/seed_1234/best.pt,experiments/d2nn_cifar10_high_performance_optical_backbone/runs/a03_cifar100_pretrain/seed_1234/latest.pt,periodic checkpoint has sibling best and last/latest
experiments/d2nn_cifar10_high_performance_optical_backbone/runs/p06_imagenet_capacity_12x192/checkpoints/epoch_001.pt,24630078,experiments/d2nn_cifar10_high_performance_optical_backbone/runs/p06_imagenet_capacity_12x192/checkpoints,experiments/d2nn_cifar10_high_performance_optical_backbone/runs/p06_imagenet_capacity_12x192/checkpoints/best.pt,experiments/d2nn_cifar10_high_performance_optical_backbone/runs/p06_imagenet_capacity_12x192/checkpoints/last.pt,periodic checkpoint has sibling best and last/latest
experiments/d2nn_cifar10_high_performance_optical_backbone/runs/p06_imagenet_capacity_12x192/checkpoints/epoch_002.pt,39097462,experiments/d2nn_cifar10_high_performance_optical_backbone/runs/p06_imagenet_capacity_12x192/checkpoints,experiments/d2nn_cifar10_high_performance_optical_backbone/runs/p06_imagenet_capacity_12x192/checkpoints/best.pt,experiments/d2nn_cifar10_high_performance_optical_backbone/runs/p06_imagenet_capacity_12x192/checkpoints/last.pt,periodic checkpoint has sibling best and last/latest
experiments/d2nn_cifar10_high_performance_optical_backbone/runs/p06_imagenet_capacity_12x192/checkpoints/epoch_003.pt,39098230,experiments/d2nn_cifar10_high_performance_optical_backbone/runs/p06_imagenet_capacity_12x192/checkpoints,experiments/d2nn_cifar10_high_performance_optical_backbone/runs/p06_imagenet_capacity_12x192/checkpoints/best.pt,experiments/d2nn_cifar10_high_performance_optical_backbone/runs/p06_imagenet_capacity_12x192/checkpoints/last.pt,periodic checkpoint has sibling best and last/latest
experiments/d2nn_cifar10_high_performance_optical_backbone/runs/p06_imagenet_capacity_12x192/checkpoints/epoch_004.pt,39099062,experiments/d2nn_cifar10_high_performance_optical_backbone/runs/p06_imagenet_capacity_12x192/checkpoints,experiments/d2nn_cifar10_high_performance_optical_backbone/runs/p06_imagenet_capacity_12x192/checkpoints/best.pt,experiments/d2nn_cifar10_high_performance_optical_backbone/runs/p06_imagenet_capacity_12x192/checkpoints/last.pt,periodic checkpoint has sibling best and last/latest
experiments/d2nn_cifar10_high_performance_optical_backbone/runs/p06_imagenet_capacity_12x192/checkpoints/epoch_005.pt,39099830,experiments/d2nn_cifar10_high_performance_optical_backbone/runs/p06_imagenet_capacity_12x192/checkpoints,experiments/d2nn_cifar10_high_performance_optical_backbone/runs/p06_imagenet_capacity_12x192/checkpoints/best.pt,experiments/d2nn_cifar10_high_performance_optical_backbone/runs/p06_imagenet_capacity_12x192/checkpoints/last.pt,periodic checkpoint has sibling best and last/latest
experiments/d2nn_cifar10_high_performance_optical_backbone/runs/p06_imagenet_smoke_pre_ampfix/checkpoints/epoch_001.pt,14023790,experiments/d2nn_cifar10_high_performance_optical_backbone/runs/p06_imagenet_smoke_pre_ampfix/checkpoints,experiments/d2nn_cifar10_high_performance_optical_backbone/runs/p06_imagenet_smoke_pre_ampfix/checkpoints/best.pt,experiments/d2nn_cifar10_high_performance_optical_backbone/runs/p06_imagenet_smoke_pre_ampfix/checkpoints/last.pt,periodic checkpoint has sibling best and last/latest
experiments/d2nn_cifar10_high_performance_optical_backbone/runs/p06_imagenet_smoke_pre_ampfix/checkpoints/epoch_002.pt,19736638,experiments/d2nn_cifar10_high_performance_optical_backbone/runs/p06_imagenet_smoke_pre_ampfix/checkpoints,experiments/d2nn_cifar10_high_performance_optical_backbone/runs/p06_imagenet_smoke_pre_ampfix/checkpoints/best.pt,experiments/d2nn_cifar10_high_performance_optical_backbone/runs/p06_imagenet_smoke_pre_ampfix/checkpoints/last.pt,periodic checkpoint has sibling best and last/latest
experiments/d2nn_cifar10_high_performance_optical_backbone/runs/a04_cifar100_to_cifar10/seed_1234/epoch_010.pt,8626558,experiments/d2nn_cifar10_high_performance_optical_backbone/runs/a04_cifar100_to_cifar10/seed_1234,experiments/d2nn_cifar10_high_performance_optical_backbone/runs/a04_cifar100_to_cifar10/seed_1234/best.pt,experiments/d2nn_cifar10_high_performance_optical_backbone/runs/a04_cifar100_to_cifar10/seed_1234/latest.pt,periodic checkpoint has sibling best and last/latest
experiments/d2nn_cifar10_high_performance_optical_backbone/runs/a04_cifar100_to_cifar10/seed_1234/epoch_020.pt,8627838,experiments/d2nn_cifar10_high_performance_optical_backbone/runs/a04_cifar100_to_cifar10/seed_1234,experiments/d2nn_cifar10_high_performance_optical_backbone/runs/a04_cifar100_to_cifar10/seed_1234/best.pt,experiments/d2nn_cifar10_high_performance_optical_backbone/runs/a04_cifar100_to_cifar10/seed_1234/latest.pt,periodic checkpoint has sibling best and last/latest
experiments/d2nn_cifar10_high_performance_optical_backbone/runs/a04_cifar100_to_cifar10/seed_1234/epoch_030.pt,8629054,experiments/d2nn_cifar10_high_performance_optical_backbone/runs/a04_cifar100_to_cifar10/seed_1234,experiments/d2nn_cifar10_high_performance_optical_backbone/runs/a04_cifar100_to_cifar10/seed_1234/best.pt,experiments/d2nn_cifar10_high_performance_optical_backbone/runs/a04_cifar100_to_cifar10/seed_1234/latest.pt,periodic checkpoint has sibling best and last/latest
experiments/d2nn_cifar10_high_performance_optical_backbone/runs/a04_cifar100_to_cifar10/seed_1234/epoch_040.pt,8630334,experiments/d2nn_cifar10_high_performance_optical_backbone/runs/a04_cifar100_to_cifar10/seed_1234,experiments/d2nn_cifar10_high_performance_optical_backbone/runs/a04_cifar100_to_cifar10/seed_1234/best.pt,experiments/d2nn_cifar10_high_performance_optical_backbone/runs/a04_cifar100_to_cifar10/seed_1234/latest.pt,periodic checkpoint has sibling best and last/latest
experiments/d2nn_cifar10_high_performance_optical_backbone/runs/a04_cifar100_to_cifar10/seed_1234/epoch_050.pt,8631614,experiments/d2nn_cifar10_high_performance_optical_backbone/runs/a04_cifar100_to_cifar10/seed_1234,experiments/d2nn_cifar10_high_performance_optical_backbone/runs/a04_cifar100_to_cifar10/seed_1234/best.pt,experiments/d2nn_cifar10_high_performance_optical_backbone/runs/a04_cifar100_to_cifar10/seed_1234/latest.pt,periodic checkpoint has sibling best and last/latest
experiments/d2nn_cifar10_high_performance_optical_backbone/runs/p07_teacher_free_screen_conv_mlp/checkpoints/epoch_001.pt,18225026,experiments/d2nn_cifar10_high_performance_optical_backbone/runs/p07_teacher_free_screen_conv_mlp/checkpoints,experiments/d2nn_cifar10_high_performance_optical_backbone/runs/p07_teacher_free_screen_conv_mlp/checkpoints/best.pt,experiments/d2nn_cifar10_high_performance_optical_backbone/runs/p07_teacher_free_screen_conv_mlp/checkpoints/last.pt,periodic checkpoint has sibling best and last/latest
experiments/d2nn_cifar10_high_performance_optical_backbone/runs/p07_teacher_free_screen_conv_mlp/checkpoints/epoch_002.pt,30425874,experiments/d2nn_cifar10_high_performance_optical_backbone/runs/p07_teacher_free_screen_conv_mlp/checkpoints,experiments/d2nn_cifar10_high_performance_optical_backbone/runs/p07_teacher_free_screen_conv_mlp/checkpoints/best.pt,experiments/d2nn_cifar10_high_performance_optical_backbone/runs/p07_teacher_free_screen_conv_mlp/checkpoints/last.pt,periodic checkpoint has sibling best and last/latest
experiments/d2nn_cifar10_high_performance_optical_backbone/runs/p07_teacher_free_screen_conv_mlp/checkpoints/epoch_003.pt,30426450,experiments/d2nn_cifar10_high_performance_optical_backbone/runs/p07_teacher_free_screen_conv_mlp/checkpoints,experiments/d2nn_cifar10_high_performance_optical_backbone/runs/p07_teacher_free_screen_conv_mlp/checkpoints/best.pt,experiments/d2nn_cifar10_high_performance_optical_backbone/runs/p07_teacher_free_screen_conv_mlp/checkpoints/last.pt,periodic checkpoint has sibling best and last/latest
experiments/d2nn_cifar10_high_performance_optical_backbone/runs/p06_imagenet_8x224_screen_supervised_mlp/checkpoints/epoch_001.pt,37242966,experiments/d2nn_cifar10_high_performance_optical_backbone/runs/p06_imagenet_8x224_screen_supervised_mlp/checkpoints,experiments/d2nn_cifar10_high_performance_optical_backbone/runs/p06_imagenet_8x224_screen_supervised_mlp/checkpoints/best.pt,experiments/d2nn_cifar10_high_performance_optical_backbone/runs/p06_imagenet_8x224_screen_supervised_mlp/checkpoints/last.pt,periodic checkpoint has sibling best and last/latest
experiments/d2nn_cifar10_high_performance_optical_backbone/runs/p06_imagenet_8x224_screen_supervised_mlp/checkpoints/epoch_002.pt,37243734,experiments/d2nn_cifar10_high_performance_optical_backbone/runs/p06_imagenet_8x224_screen_supervised_mlp/checkpoints,experiments/d2nn_cifar10_high_performance_optical_backbone/runs/p06_imagenet_8x224_screen_supervised_mlp/checkpoints/best.pt,experiments/d2nn_cifar10_high_performance_optical_backbone/runs/p06_imagenet_8x224_screen_supervised_mlp/checkpoints/last.pt,periodic checkpoint has sibling best and last/latest
experiments/d2nn_cifar10_high_performance_optical_backbone/runs/p06_imagenet_8x224_screen_supervised_mlp/checkpoints/epoch_003.pt,37244438,experiments/d2nn_cifar10_high_performance_optical_backbone/runs/p06_imagenet_8x224_screen_supervised_mlp/checkpoints,experiments/d2nn_cifar10_high_performance_optical_backbone/runs/p06_imagenet_8x224_screen_supervised_mlp/checkpoints/best.pt,experiments/d2nn_cifar10_high_performance_optical_backbone/runs/p06_imagenet_8x224_screen_supervised_mlp/checkpoints/last.pt,periodic checkpoint has sibling best and last/latest
experiments/d2nn_cifar10_high_performance_optical_backbone/runs/a07_high_optical_cifar100_to_cifar10/seed_1234/epoch_010.pt,8626558,experiments/d2nn_cifar10_high_performance_optical_backbone/runs/a07_high_optical_cifar100_to_cifar10/seed_1234,experiments/d2nn_cifar10_high_performance_optical_backbone/runs/a07_high_optical_cifar100_to_cifar10/seed_1234/best.pt,experiments/d2nn_cifar10_high_performance_optical_backbone/runs/a07_high_optical_cifar100_to_cifar10/seed_1234/latest.pt,periodic checkpoint has sibling best and last/latest
experiments/d2nn_cifar10_high_performance_optical_backbone/runs/a07_high_optical_cifar100_to_cifar10/seed_1234/epoch_020.pt,8627838,experiments/d2nn_cifar10_high_performance_optical_backbone/runs/a07_high_optical_cifar100_to_cifar10/seed_1234,experiments/d2nn_cifar10_high_performance_optical_backbone/runs/a07_high_optical_cifar100_to_cifar10/seed_1234/best.pt,experiments/d2nn_cifar10_high_performance_optical_backbone/runs/a07_high_optical_cifar100_to_cifar10/seed_1234/latest.pt,periodic checkpoint has sibling best and last/latest
experiments/d2nn_cifar10_high_performance_optical_backbone/runs/a07_high_optical_cifar100_to_cifar10/seed_1234/epoch_030.pt,8629054,experiments/d2nn_cifar10_high_performance_optical_backbone/runs/a07_high_optical_cifar100_to_cifar10/seed_1234,experiments/d2nn_cifar10_high_performance_optical_backbone/runs/a07_high_optical_cifar100_to_cifar10/seed_1234/best.pt,experiments/d2nn_cifar10_high_performance_optical_backbone/runs/a07_high_optical_cifar100_to_cifar10/seed_1234/latest.pt,periodic checkpoint has sibling best and last/latest
experiments/d2nn_cifar10_high_performance_optical_backbone/runs/a07_high_optical_cifar100_to_cifar10/seed_1234/epoch_040.pt,8630334,experiments/d2nn_cifar10_high_performance_optical_backbone/runs/a07_high_optical_cifar100_to_cifar10/seed_1234,experiments/d2nn_cifar10_high_performance_optical_backbone/runs/a07_high_optical_cifar100_to_cifar10/seed_1234/best.pt,experiments/d2nn_cifar10_high_performance_optical_backbone/runs/a07_high_optical_cifar100_to_cifar10/seed_1234/latest.pt,periodic checkpoint has sibling best and last/latest
experiments/d2nn_cifar10_high_performance_optical_backbone/runs/a07_high_optical_cifar100_to_cifar10/seed_1234/epoch_050.pt,8631614,experiments/d2nn_cifar10_high_performance_optical_backbone/runs/a07_high_optical_cifar100_to_cifar10/seed_1234,experiments/d2nn_cifar10_high_performance_optical_backbone/runs/a07_high_optical_cifar100_to_cifar10/seed_1234/best.pt,experiments/d2nn_cifar10_high_performance_optical_backbone/runs/a07_high_optical_cifar100_to_cifar10/seed_1234/latest.pt,periodic checkpoint has sibling best and last/latest
experiments/d2nn_cifar10_high_performance_optical_backbone/runs/p06_imagenet_8x224_full_decoupled_mlp/checkpoints/epoch_001.pt,31432326,experiments/d2nn_cifar10_high_performance_optical_backbone/runs/p06_imagenet_8x224_full_decoupled_mlp/checkpoints,experiments/d2nn_cifar10_high_performance_optical_backbone/runs/p06_imagenet_8x224_full_decoupled_mlp/checkpoints/best.pt,experiments/d2nn_cifar10_high_performance_optical_backbone/runs/p06_imagenet_8x224_full_decoupled_mlp/checkpoints/last.pt,periodic checkpoint has sibling best and last/latest
experiments/d2nn_cifar10_high_performance_optical_backbone/runs/p06_imagenet_8x224_full_decoupled_mlp/checkpoints/epoch_002.pt,43633366,experiments/d2nn_cifar10_high_performance_optical_backbone/runs/p06_imagenet_8x224_full_decoupled_mlp/checkpoints,experiments/d2nn_cifar10_high_performance_optical_backbone/runs/p06_imagenet_8x224_full_decoupled_mlp/checkpoints/best.pt,experiments/d2nn_cifar10_high_performance_optical_backbone/runs/p06_imagenet_8x224_full_decoupled_mlp/checkpoints/last.pt,periodic checkpoint has sibling best and last/latest
experiments/d2nn_cifar10_high_performance_optical_backbone/runs/p06_imagenet_8x224_full_decoupled_mlp/checkpoints/epoch_003.pt,43634070,experiments/d2nn_cifar10_high_performance_optical_backbone/runs/p06_imagenet_8x224_full_decoupled_mlp/checkpoints,experiments/d2nn_cifar10_high_performance_optical_backbone/runs/p06_imagenet_8x224_full_decoupled_mlp/checkpoints/best.pt,experiments/d2nn_cifar10_high_performance_optical_backbone/runs/p06_imagenet_8x224_full_decoupled_mlp/checkpoints/last.pt,periodic checkpoint has sibling best and last/latest
experiments/d2nn_cifar10_high_performance_optical_backbone/runs/p06_imagenet_8x224_full_decoupled_mlp/checkpoints/epoch_004.pt,43634838,experiments/d2nn_cifar10_high_performance_optical_backbone/runs/p06_imagenet_8x224_full_decoupled_mlp/checkpoints,experiments/d2nn_cifar10_high_performance_optical_backbone/runs/p06_imagenet_8x224_full_decoupled_mlp/checkpoints/best.pt,experiments/d2nn_cifar10_high_performance_optical_backbone/runs/p06_imagenet_8x224_full_decoupled_mlp/checkpoints/last.pt,periodic checkpoint has sibling best and last/latest
experiments/d2nn_cifar10_high_performance_optical_backbone/runs/p06_imagenet_8x224_full_decoupled_mlp/checkpoints/epoch_005.pt,43635542,experiments/d2nn_cifar10_high_performance_optical_backbone/runs/p06_imagenet_8x224_full_decoupled_mlp/checkpoints,experiments/d2nn_cifar10_high_performance_optical_backbone/runs/p06_imagenet_8x224_full_decoupled_mlp/checkpoints/best.pt,experiments/d2nn_cifar10_high_performance_optical_backbone/runs/p06_imagenet_8x224_full_decoupled_mlp/checkpoints/last.pt,periodic checkpoint has sibling best and last/latest
experiments/d2nn_cifar10_high_performance_optical_backbone/runs/a08_pointwise_electronic_residual/seed_1234/epoch_010.pt,8663582,experiments/d2nn_cifar10_high_performance_optical_backbone/runs/a08_pointwise_electronic_residual/seed_1234,experiments/d2nn_cifar10_high_performance_optical_backbone/runs/a08_pointwise_electronic_residual/seed_1234/best.pt,experiments/d2nn_cifar10_high_performance_optical_backbone/runs/a08_pointwise_electronic_residual/seed_1234/latest.pt,periodic checkpoint has sibling best and last/latest
experiments/d2nn_cifar10_high_performance_optical_backbone/runs/a08_pointwise_electronic_residual/seed_1234/epoch_020.pt,8664798,experiments/d2nn_cifar10_high_performance_optical_backbone/runs/a08_pointwise_electronic_residual/seed_1234,experiments/d2nn_cifar10_high_performance_optical_backbone/runs/a08_pointwise_electronic_residual/seed_1234/best.pt,experiments/d2nn_cifar10_high_performance_optical_backbone/runs/a08_pointwise_electronic_residual/seed_1234/latest.pt,periodic checkpoint has sibling best and last/latest
experiments/d2nn_cifar10_high_performance_optical_backbone/runs/a08_pointwise_electronic_residual/seed_1234/epoch_030.pt,8666078,experiments/d2nn_cifar10_high_performance_optical_backbone/runs/a08_pointwise_electronic_residual/seed_1234,experiments/d2nn_cifar10_high_performance_optical_backbone/runs/a08_pointwise_electronic_residual/seed_1234/best.pt,experiments/d2nn_cifar10_high_performance_optical_backbone/runs/a08_pointwise_electronic_residual/seed_1234/latest.pt,periodic checkpoint has sibling best and last/latest
experiments/d2nn_cifar10_high_performance_optical_backbone/runs/a08_pointwise_electronic_residual/seed_1234/epoch_040.pt,8667358,experiments/d2nn_cifar10_high_performance_optical_backbone/runs/a08_pointwise_electronic_residual/seed_1234,experiments/d2nn_cifar10_high_performance_optical_backbone/runs/a08_pointwise_electronic_residual/seed_1234/best.pt,experiments/d2nn_cifar10_high_performance_optical_backbone/runs/a08_pointwise_electronic_residual/seed_1234/latest.pt,periodic checkpoint has sibling best and last/latest
experiments/d2nn_cifar10_high_performance_optical_backbone/runs/a08_pointwise_electronic_residual/seed_1234/epoch_050.pt,8668638,experiments/d2nn_cifar10_high_performance_optical_backbone/runs/a08_pointwise_electronic_residual/seed_1234,experiments/d2nn_cifar10_high_performance_optical_backbone/runs/a08_pointwise_electronic_residual/seed_1234/best.pt,experiments/d2nn_cifar10_high_performance_optical_backbone/runs/a08_pointwise_electronic_residual/seed_1234/latest.pt,periodic checkpoint has sibling best and last/latest
experiments/d2nn_cifar10_high_performance_optical_backbone/runs/a12_pointwise_dual_pool_readout/seed_1234/epoch_010.pt,9847902,experiments/d2nn_cifar10_high_performance_optical_backbone/runs/a12_pointwise_dual_pool_readout/seed_1234,experiments/d2nn_cifar10_high_performance_optical_backbone/runs/a12_pointwise_dual_pool_readout/seed_1234/best.pt,experiments/d2nn_cifar10_high_performance_optical_backbone/runs/a12_pointwise_dual_pool_readout/seed_1234/latest.pt,periodic checkpoint has sibling best and last/latest
experiments/d2nn_cifar10_high_performance_optical_backbone/runs/a12_pointwise_dual_pool_readout/seed_1234/epoch_020.pt,9849182,experiments/d2nn_cifar10_high_performance_optical_backbone/runs/a12_pointwise_dual_pool_readout/seed_1234,experiments/d2nn_cifar10_high_performance_optical_backbone/runs/a12_pointwise_dual_pool_readout/seed_1234/best.pt,experiments/d2nn_cifar10_high_performance_optical_backbone/runs/a12_pointwise_dual_pool_readout/seed_1234/latest.pt,periodic checkpoint has sibling best and last/latest
experiments/d2nn_cifar10_high_performance_optical_backbone/runs/p06_imagenet_8x224_full_spatial/checkpoints/epoch_001.pt,41980606,experiments/d2nn_cifar10_high_performance_optical_backbone/runs/p06_imagenet_8x224_full_spatial/checkpoints,experiments/d2nn_cifar10_high_performance_optical_backbone/runs/p06_imagenet_8x224_full_spatial/checkpoints/best.pt,experiments/d2nn_cifar10_high_performance_optical_backbone/runs/p06_imagenet_8x224_full_spatial/checkpoints/last.pt,periodic checkpoint has sibling best and last/latest
experiments/d2nn_cifar10_high_performance_optical_backbone/runs/p06_imagenet_8x224_full_spatial/checkpoints/epoch_002.pt,41981310,experiments/d2nn_cifar10_high_performance_optical_backbone/runs/p06_imagenet_8x224_full_spatial/checkpoints,experiments/d2nn_cifar10_high_performance_optical_backbone/runs/p06_imagenet_8x224_full_spatial/checkpoints/best.pt,experiments/d2nn_cifar10_high_performance_optical_backbone/runs/p06_imagenet_8x224_full_spatial/checkpoints/last.pt,periodic checkpoint has sibling best and last/latest
experiments/d2nn_cifar10_high_performance_optical_backbone/runs/p06_imagenet_8x224_full_spatial/checkpoints/epoch_003.pt,41982014,experiments/d2nn_cifar10_high_performance_optical_backbone/runs/p06_imagenet_8x224_full_spatial/checkpoints,experiments/d2nn_cifar10_high_performance_optical_backbone/runs/p06_imagenet_8x224_full_spatial/checkpoints/best.pt,experiments/d2nn_cifar10_high_performance_optical_backbone/runs/p06_imagenet_8x224_full_spatial/checkpoints/last.pt,periodic checkpoint has sibling best and last/latest
experiments/d2nn_cifar10_high_performance_optical_backbone/runs/p06_imagenet_8x224_full_spatial/checkpoints/epoch_004.pt,41982718,experiments/d2nn_cifar10_high_performance_optical_backbone/runs/p06_imagenet_8x224_full_spatial/checkpoints,experiments/d2nn_cifar10_high_performance_optical_backbone/runs/p06_imagenet_8x224_full_spatial/checkpoints/best.pt,experiments/d2nn_cifar10_high_performance_optical_backbone/runs/p06_imagenet_8x224_full_spatial/checkpoints/last.pt,periodic checkpoint has sibling best and last/latest
experiments/d2nn_cifar10_high_performance_optical_backbone/runs/p06_imagenet_8x224_full_spatial/checkpoints/epoch_005.pt,41983422,experiments/d2nn_cifar10_high_performance_optical_backbone/runs/p06_imagenet_8x224_full_spatial/checkpoints,experiments/d2nn_cifar10_high_performance_optical_backbone/runs/p06_imagenet_8x224_full_spatial/checkpoints/best.pt,experiments/d2nn_cifar10_high_performance_optical_backbone/runs/p06_imagenet_8x224_full_spatial/checkpoints/last.pt,periodic checkpoint has sibling best and last/latest
experiments/d2nn_cifar10_high_performance_optical_backbone/runs/p06_imagenet_8x224_full_spatial/checkpoints/epoch_006.pt,41984190,experiments/d2nn_cifar10_high_performance_optical_backbone/runs/p06_imagenet_8x224_full_spatial/checkpoints,experiments/d2nn_cifar10_high_performance_optical_backbone/runs/p06_imagenet_8x224_full_spatial/checkpoints/best.pt,experiments/d2nn_cifar10_high_performance_optical_backbone/runs/p06_imagenet_8x224_full_spatial/checkpoints/last.pt,periodic checkpoint has sibling best and last/latest
experiments/d2nn_cifar10_high_performance_optical_backbone/runs/p06_imagenet_8x224_full_spatial/checkpoints/epoch_007.pt,41984894,experiments/d2nn_cifar10_high_performance_optical_backbone/runs/p06_imagenet_8x224_full_spatial/checkpoints,experiments/d2nn_cifar10_high_performance_optical_backbone/runs/p06_imagenet_8x224_full_spatial/checkpoints/best.pt,experiments/d2nn_cifar10_high_performance_optical_backbone/runs/p06_imagenet_8x224_full_spatial/checkpoints/last.pt,periodic checkpoint has sibling best and last/latest
experiments/d2nn_cifar10_high_performance_optical_backbone/runs/p06_imagenet_8x224_full_spatial/checkpoints/epoch_008.pt,41985598,experiments/d2nn_cifar10_high_performance_optical_backbone/runs/p06_imagenet_8x224_full_spatial/checkpoints,experiments/d2nn_cifar10_high_performance_optical_backbone/runs/p06_imagenet_8x224_full_spatial/checkpoints/best.pt,experiments/d2nn_cifar10_high_performance_optical_backbone/runs/p06_imagenet_8x224_full_spatial/checkpoints/last.pt,periodic checkpoint has sibling best and last/latest
experiments/d2nn_cifar10_high_performance_optical_backbone/runs/p06_imagenet_8x224_full_spatial/checkpoints/epoch_009.pt,41986302,experiments/d2nn_cifar10_high_performance_optical_backbone/runs/p06_imagenet_8x224_full_spatial/checkpoints,experiments/d2nn_cifar10_high_performance_optical_backbone/runs/p06_imagenet_8x224_full_spatial/checkpoints/best.pt,experiments/d2nn_cifar10_high_performance_optical_backbone/runs/p06_imagenet_8x224_full_spatial/checkpoints/last.pt,periodic checkpoint has sibling best and last/latest
experiments/d2nn_cifar10_high_performance_optical_backbone/runs/p06_imagenet_8x224_full_spatial/checkpoints/epoch_010.pt,41987006,experiments/d2nn_cifar10_high_performance_optical_backbone/runs/p06_imagenet_8x224_full_spatial/checkpoints,experiments/d2nn_cifar10_high_performance_optical_backbone/runs/p06_imagenet_8x224_full_spatial/checkpoints/best.pt,experiments/d2nn_cifar10_high_performance_optical_backbone/runs/p06_imagenet_8x224_full_spatial/checkpoints/last.pt,periodic checkpoint has sibling best and last/latest
experiments/d2nn_cifar10_high_performance_optical_backbone/runs/p06_imagenet_8x224_full_spatial/checkpoints/epoch_011.pt,41987710,experiments/d2nn_cifar10_high_performance_optical_backbone/runs/p06_imagenet_8x224_full_spatial/checkpoints,experiments/d2nn_cifar10_high_performance_optical_backbone/runs/p06_imagenet_8x224_full_spatial/checkpoints/best.pt,experiments/d2nn_cifar10_high_performance_optical_backbone/runs/p06_imagenet_8x224_full_spatial/checkpoints/last.pt,periodic checkpoint has sibling best and last/latest
experiments/d2nn_cifar10_high_performance_optical_backbone/runs/p06_imagenet_8x224_full_spatial/checkpoints/epoch_012.pt,41988414,experiments/d2nn_cifar10_high_performance_optical_backbone/runs/p06_imagenet_8x224_full_spatial/checkpoints,experiments/d2nn_cifar10_high_performance_optical_backbone/runs/p06_imagenet_8x224_full_spatial/checkpoints/best.pt,experiments/d2nn_cifar10_high_performance_optical_backbone/runs/p06_imagenet_8x224_full_spatial/checkpoints/last.pt,periodic checkpoint has sibling best and last/latest
experiments/d2nn_cifar10_high_performance_optical_backbone/runs/p06_imagenet_smoke/checkpoints/epoch_001.pt,14023790,experiments/d2nn_cifar10_high_performance_optical_backbone/runs/p06_imagenet_smoke/checkpoints,experiments/d2nn_cifar10_high_performance_optical_backbone/runs/p06_imagenet_smoke/checkpoints/best.pt,experiments/d2nn_cifar10_high_performance_optical_backbone/runs/p06_imagenet_smoke/checkpoints/last.pt,periodic checkpoint has sibling best and last/latest
experiments/d2nn_cifar10_high_performance_optical_backbone/runs/p06_imagenet_smoke/checkpoints/epoch_002.pt,19736638,experiments/d2nn_cifar10_high_performance_optical_backbone/runs/p06_imagenet_smoke/checkpoints,experiments/d2nn_cifar10_high_performance_optical_backbone/runs/p06_imagenet_smoke/checkpoints/best.pt,experiments/d2nn_cifar10_high_performance_optical_backbone/runs/p06_imagenet_smoke/checkpoints/last.pt,periodic checkpoint has sibling best and last/latest
experiments/d2nn_cifar10_high_performance_optical_backbone/runs/main_rgb8/seed_1234/epoch_010.pt,8626558,experiments/d2nn_cifar10_high_performance_optical_backbone/runs/main_rgb8/seed_1234,experiments/d2nn_cifar10_high_performance_optical_backbone/runs/main_rgb8/seed_1234/best.pt,experiments/d2nn_cifar10_high_performance_optical_backbone/runs/main_rgb8/seed_1234/latest.pt,periodic checkpoint has sibling best and last/latest
experiments/d2nn_cifar10_high_performance_optical_backbone/runs/main_rgb8/seed_1234/epoch_020.pt,8627838,experiments/d2nn_cifar10_high_performance_optical_backbone/runs/main_rgb8/seed_1234,experiments/d2nn_cifar10_high_performance_optical_backbone/runs/main_rgb8/seed_1234/best.pt,experiments/d2nn_cifar10_high_performance_optical_backbone/runs/main_rgb8/seed_1234/latest.pt,periodic checkpoint has sibling best and last/latest
experiments/d2nn_cifar10_high_performance_optical_backbone/runs/main_rgb8/seed_1234/epoch_030.pt,8629054,experiments/d2nn_cifar10_high_performance_optical_backbone/runs/main_rgb8/seed_1234,experiments/d2nn_cifar10_high_performance_optical_backbone/runs/main_rgb8/seed_1234/best.pt,experiments/d2nn_cifar10_high_performance_optical_backbone/runs/main_rgb8/seed_1234/latest.pt,periodic checkpoint has sibling best and last/latest
experiments/d2nn_cifar10_high_performance_optical_backbone/runs/main_rgb8/seed_1234/epoch_040.pt,8630334,experiments/d2nn_cifar10_high_performance_optical_backbone/runs/main_rgb8/seed_1234,experiments/d2nn_cifar10_high_performance_optical_backbone/runs/main_rgb8/seed_1234/best.pt,experiments/d2nn_cifar10_high_performance_optical_backbone/runs/main_rgb8/seed_1234/latest.pt,periodic checkpoint has sibling best and last/latest
experiments/d2nn_cifar10_high_performance_optical_backbone/runs/main_rgb8/seed_1234/epoch_050.pt,8631614,experiments/d2nn_cifar10_high_performance_optical_backbone/runs/main_rgb8/seed_1234,experiments/d2nn_cifar10_high_performance_optical_backbone/runs/main_rgb8/seed_1234/best.pt,experiments/d2nn_cifar10_high_performance_optical_backbone/runs/main_rgb8/seed_1234/latest.pt,periodic checkpoint has sibling best and last/latest
experiments/d2nn_cifar10_high_performance_optical_backbone/runs/main_rgb8/seed_1234/epoch_060.pt,8632894,experiments/d2nn_cifar10_high_performance_optical_backbone/runs/main_rgb8/seed_1234,experiments/d2nn_cifar10_high_performance_optical_backbone/runs/main_rgb8/seed_1234/best.pt,experiments/d2nn_cifar10_high_performance_optical_backbone/runs/main_rgb8/seed_1234/latest.pt,periodic checkpoint has sibling best and last/latest
experiments/d2nn_cifar10_high_performance_optical_backbone/runs/main_rgb8/seed_1234/epoch_070.pt,8634174,experiments/d2nn_cifar10_high_performance_optical_backbone/runs/main_rgb8/seed_1234,experiments/d2nn_cifar10_high_performance_optical_backbone/runs/main_rgb8/seed_1234/best.pt,experiments/d2nn_cifar10_high_performance_optical_backbone/runs/main_rgb8/seed_1234/latest.pt,periodic checkpoint has sibling best and last/latest
experiments/d2nn_cifar10_high_performance_optical_backbone/runs/main_rgb8/seed_1234/epoch_080.pt,8635454,experiments/d2nn_cifar10_high_performance_optical_backbone/runs/main_rgb8/seed_1234,experiments/d2nn_cifar10_high_performance_optical_backbone/runs/main_rgb8/seed_1234/best.pt,experiments/d2nn_cifar10_high_performance_optical_backbone/runs/main_rgb8/seed_1234/latest.pt,periodic checkpoint has sibling best and last/latest
experiments/d2nn_cifar10_high_performance_optical_backbone/runs/a13_lowres_electronic_residual/seed_1234/epoch_010.pt,12455998,experiments/d2nn_cifar10_high_performance_optical_backbone/runs/a13_lowres_electronic_residual/seed_1234,experiments/d2nn_cifar10_high_performance_optical_backbone/runs/a13_lowres_electronic_residual/seed_1234/best.pt,experiments/d2nn_cifar10_high_performance_optical_backbone/runs/a13_lowres_electronic_residual/seed_1234/latest.pt,periodic checkpoint has sibling best and last/latest
experiments/d2nn_cifar10_high_performance_optical_backbone/runs/a13_lowres_electronic_residual/seed_1234/epoch_020.pt,12457278,experiments/d2nn_cifar10_high_performance_optical_backbone/runs/a13_lowres_electronic_residual/seed_1234,experiments/d2nn_cifar10_high_performance_optical_backbone/runs/a13_lowres_electronic_residual/seed_1234/best.pt,experiments/d2nn_cifar10_high_performance_optical_backbone/runs/a13_lowres_electronic_residual/seed_1234/latest.pt,periodic checkpoint has sibling best and last/latest
experiments/d2nn_cifar10_high_performance_optical_backbone/runs/a13_lowres_electronic_residual/seed_1234/epoch_030.pt,12458558,experiments/d2nn_cifar10_high_performance_optical_backbone/runs/a13_lowres_electronic_residual/seed_1234,experiments/d2nn_cifar10_high_performance_optical_backbone/runs/a13_lowres_electronic_residual/seed_1234/best.pt,experiments/d2nn_cifar10_high_performance_optical_backbone/runs/a13_lowres_electronic_residual/seed_1234/latest.pt,periodic checkpoint has sibling best and last/latest
experiments/d2nn_cifar10_high_performance_optical_backbone/runs/a13_lowres_electronic_residual/seed_1234/epoch_040.pt,12459838,experiments/d2nn_cifar10_high_performance_optical_backbone/runs/a13_lowres_electronic_residual/seed_1234,experiments/d2nn_cifar10_high_performance_optical_backbone/runs/a13_lowres_electronic_residual/seed_1234/best.pt,experiments/d2nn_cifar10_high_performance_optical_backbone/runs/a13_lowres_electronic_residual/seed_1234/latest.pt,periodic checkpoint has sibling best and last/latest
experiments/d2nn_cifar10_high_performance_optical_backbone/runs/a13_lowres_electronic_residual/seed_1234/epoch_050.pt,12461118,experiments/d2nn_cifar10_high_performance_optical_backbone/runs/a13_lowres_electronic_residual/seed_1234,experiments/d2nn_cifar10_high_performance_optical_backbone/runs/a13_lowres_electronic_residual/seed_1234/best.pt,experiments/d2nn_cifar10_high_performance_optical_backbone/runs/a13_lowres_electronic_residual/seed_1234/latest.pt,periodic checkpoint has sibling best and last/latest
experiments/d2nn_cifar10_high_performance_optical_backbone/runs/a13_lowres_electronic_residual/seed_2028/epoch_010.pt,12455998,experiments/d2nn_cifar10_high_performance_optical_backbone/runs/a13_lowres_electronic_residual/seed_2028,experiments/d2nn_cifar10_high_performance_optical_backbone/runs/a13_lowres_electronic_residual/seed_2028/best.pt,experiments/d2nn_cifar10_high_performance_optical_backbone/runs/a13_lowres_electronic_residual/seed_2028/latest.pt,periodic checkpoint has sibling best and last/latest
experiments/d2nn_cifar10_high_performance_optical_backbone/runs/a13_lowres_electronic_residual/seed_2028/epoch_020.pt,12457278,experiments/d2nn_cifar10_high_performance_optical_backbone/runs/a13_lowres_electronic_residual/seed_2028,experiments/d2nn_cifar10_high_performance_optical_backbone/runs/a13_lowres_electronic_residual/seed_2028/best.pt,experiments/d2nn_cifar10_high_performance_optical_backbone/runs/a13_lowres_electronic_residual/seed_2028/latest.pt,periodic checkpoint has sibling best and last/latest
experiments/d2nn_cifar10_high_performance_optical_backbone/runs/a13_lowres_electronic_residual/seed_2028/epoch_030.pt,12458558,experiments/d2nn_cifar10_high_performance_optical_backbone/runs/a13_lowres_electronic_residual/seed_2028,experiments/d2nn_cifar10_high_performance_optical_backbone/runs/a13_lowres_electronic_residual/seed_2028/best.pt,experiments/d2nn_cifar10_high_performance_optical_backbone/runs/a13_lowres_electronic_residual/seed_2028/latest.pt,periodic checkpoint has sibling best and last/latest
experiments/d2nn_cifar10_high_performance_optical_backbone/runs/a13_lowres_electronic_residual/seed_2028/epoch_040.pt,12459838,experiments/d2nn_cifar10_high_performance_optical_backbone/runs/a13_lowres_electronic_residual/seed_2028,experiments/d2nn_cifar10_high_performance_optical_backbone/runs/a13_lowres_electronic_residual/seed_2028/best.pt,experiments/d2nn_cifar10_high_performance_optical_backbone/runs/a13_lowres_electronic_residual/seed_2028/latest.pt,periodic checkpoint has sibling best and last/latest
experiments/d2nn_cifar10_high_performance_optical_backbone/runs/a13_lowres_electronic_residual/seed_2028/epoch_050.pt,12461118,experiments/d2nn_cifar10_high_performance_optical_backbone/runs/a13_lowres_electronic_residual/seed_2028,experiments/d2nn_cifar10_high_performance_optical_backbone/runs/a13_lowres_electronic_residual/seed_2028/best.pt,experiments/d2nn_cifar10_high_performance_optical_backbone/runs/a13_lowres_electronic_residual/seed_2028/latest.pt,periodic checkpoint has sibling best and last/latest
experiments/d2nn_cifar10_high_performance_optical_backbone/runs/a13_lowres_electronic_residual/seed_2026/epoch_010.pt,12455998,experiments/d2nn_cifar10_high_performance_optical_backbone/runs/a13_lowres_electronic_residual/seed_2026,experiments/d2nn_cifar10_high_performance_optical_backbone/runs/a13_lowres_electronic_residual/seed_2026/best.pt,experiments/d2nn_cifar10_high_performance_optical_backbone/runs/a13_lowres_electronic_residual/seed_2026/latest.pt,periodic checkpoint has sibling best and last/latest
experiments/d2nn_cifar10_high_performance_optical_backbone/runs/a13_lowres_electronic_residual/seed_2026/epoch_020.pt,12457278,experiments/d2nn_cifar10_high_performance_optical_backbone/runs/a13_lowres_electronic_residual/seed_2026,experiments/d2nn_cifar10_high_performance_optical_backbone/runs/a13_lowres_electronic_residual/seed_2026/best.pt,experiments/d2nn_cifar10_high_performance_optical_backbone/runs/a13_lowres_electronic_residual/seed_2026/latest.pt,periodic checkpoint has sibling best and last/latest
experiments/d2nn_cifar10_high_performance_optical_backbone/runs/a13_lowres_electronic_residual/seed_2026/epoch_030.pt,12458558,experiments/d2nn_cifar10_high_performance_optical_backbone/runs/a13_lowres_electronic_residual/seed_2026,experiments/d2nn_cifar10_high_performance_optical_backbone/runs/a13_lowres_electronic_residual/seed_2026/best.pt,experiments/d2nn_cifar10_high_performance_optical_backbone/runs/a13_lowres_electronic_residual/seed_2026/latest.pt,periodic checkpoint has sibling best and last/latest
experiments/d2nn_cifar10_high_performance_optical_backbone/runs/a13_lowres_electronic_residual/seed_2026/epoch_040.pt,12459838,experiments/d2nn_cifar10_high_performance_optical_backbone/runs/a13_lowres_electronic_residual/seed_2026,experiments/d2nn_cifar10_high_performance_optical_backbone/runs/a13_lowres_electronic_residual/seed_2026/best.pt,experiments/d2nn_cifar10_high_performance_optical_backbone/runs/a13_lowres_electronic_residual/seed_2026/latest.pt,periodic checkpoint has sibling best and last/latest
experiments/d2nn_cifar10_high_performance_optical_backbone/runs/a13_lowres_electronic_residual/seed_2026/epoch_050.pt,12461118,experiments/d2nn_cifar10_high_performance_optical_backbone/runs/a13_lowres_electronic_residual/seed_2026,experiments/d2nn_cifar10_high_performance_optical_backbone/runs/a13_lowres_electronic_residual/seed_2026/best.pt,experiments/d2nn_cifar10_high_performance_optical_backbone/runs/a13_lowres_electronic_residual/seed_2026/latest.pt,periodic checkpoint has sibling best and last/latest
experiments/d2nn_cifar10_high_performance_optical_backbone/runs/a13_lowres_electronic_residual/seed_2027/epoch_010.pt,12455998,experiments/d2nn_cifar10_high_performance_optical_backbone/runs/a13_lowres_electronic_residual/seed_2027,experiments/d2nn_cifar10_high_performance_optical_backbone/runs/a13_lowres_electronic_residual/seed_2027/best.pt,experiments/d2nn_cifar10_high_performance_optical_backbone/runs/a13_lowres_electronic_residual/seed_2027/latest.pt,periodic checkpoint has sibling best and last/latest
experiments/d2nn_cifar10_high_performance_optical_backbone/runs/a13_lowres_electronic_residual/seed_2027/epoch_020.pt,12457278,experiments/d2nn_cifar10_high_performance_optical_backbone/runs/a13_lowres_electronic_residual/seed_2027,experiments/d2nn_cifar10_high_performance_optical_backbone/runs/a13_lowres_electronic_residual/seed_2027/best.pt,experiments/d2nn_cifar10_high_performance_optical_backbone/runs/a13_lowres_electronic_residual/seed_2027/latest.pt,periodic checkpoint has sibling best and last/latest
experiments/d2nn_cifar10_high_performance_optical_backbone/runs/a13_lowres_electronic_residual/seed_2027/epoch_030.pt,12458558,experiments/d2nn_cifar10_high_performance_optical_backbone/runs/a13_lowres_electronic_residual/seed_2027,experiments/d2nn_cifar10_high_performance_optical_backbone/runs/a13_lowres_electronic_residual/seed_2027/best.pt,experiments/d2nn_cifar10_high_performance_optical_backbone/runs/a13_lowres_electronic_residual/seed_2027/latest.pt,periodic checkpoint has sibling best and last/latest
experiments/d2nn_cifar10_high_performance_optical_backbone/runs/a13_lowres_electronic_residual/seed_2027/epoch_040.pt,12459838,experiments/d2nn_cifar10_high_performance_optical_backbone/runs/a13_lowres_electronic_residual/seed_2027,experiments/d2nn_cifar10_high_performance_optical_backbone/runs/a13_lowres_electronic_residual/seed_2027/best.pt,experiments/d2nn_cifar10_high_performance_optical_backbone/runs/a13_lowres_electronic_residual/seed_2027/latest.pt,periodic checkpoint has sibling best and last/latest
experiments/d2nn_cifar10_high_performance_optical_backbone/runs/a13_lowres_electronic_residual/seed_2027/epoch_050.pt,12461118,experiments/d2nn_cifar10_high_performance_optical_backbone/runs/a13_lowres_electronic_residual/seed_2027,experiments/d2nn_cifar10_high_performance_optical_backbone/runs/a13_lowres_electronic_residual/seed_2027/best.pt,experiments/d2nn_cifar10_high_performance_optical_backbone/runs/a13_lowres_electronic_residual/seed_2027/latest.pt,periodic checkpoint has sibling best and last/latest
experiments/d2nn_cifar10_high_performance_optical_backbone/runs/p06_imagenet_100k_contrastive_refine/checkpoints/epoch_002.pt,19736894,experiments/d2nn_cifar10_high_performance_optical_backbone/runs/p06_imagenet_100k_contrastive_refine/checkpoints,experiments/d2nn_cifar10_high_performance_optical_backbone/runs/p06_imagenet_100k_contrastive_refine/checkpoints/best.pt,experiments/d2nn_cifar10_high_performance_optical_backbone/runs/p06_imagenet_100k_contrastive_refine/checkpoints/last.pt,periodic checkpoint has sibling best and last/latest
experiments/optical_mlp_mixer_moe9_imagenet1k_clip_distill/runs/optical_mlp_mixer_moe9_imagenet1k_clip_distill/checkpoints/epoch_0005.pt,248829842,experiments/optical_mlp_mixer_moe9_imagenet1k_clip_distill/runs/optical_mlp_mixer_moe9_imagenet1k_clip_distill/checkpoints,experiments/optical_mlp_mixer_moe9_imagenet1k_clip_distill/runs/optical_mlp_mixer_moe9_imagenet1k_clip_distill/checkpoints/best.pt,experiments/optical_mlp_mixer_moe9_imagenet1k_clip_distill/runs/optical_mlp_mixer_moe9_imagenet1k_clip_distill/checkpoints/last.pt,periodic checkpoint has sibling best and last/latest
experiments/qwen3_vl_patch_stem_8stage_dual_scale_optical_imagenet_backbone/runs/gpu_smoke_20260824_014518/checkpoints/epoch_001.pt,46078348,experiments/qwen3_vl_patch_stem_8stage_dual_scale_optical_imagenet_backbone/runs/gpu_smoke_20260824_014518/checkpoints,experiments/qwen3_vl_patch_stem_8stage_dual_scale_optical_imagenet_backbone/runs/gpu_smoke_20260824_014518/checkpoints/best.pt,experiments/qwen3_vl_patch_stem_8stage_dual_scale_optical_imagenet_backbone/runs/gpu_smoke_20260824_014518/checkpoints/last.pt,periodic checkpoint has sibling best and last/latest
experiments/qwen3_vl_patch_stem_8stage_dual_scale_optical_imagenet_backbone/runs/p10_imagenet1k_pretrain_bs96_90e/checkpoints/epoch_005.pt,46082892,experiments/qwen3_vl_patch_stem_8stage_dual_scale_optical_imagenet_backbone/runs/p10_imagenet1k_pretrain_bs96_90e/checkpoints,experiments/qwen3_vl_patch_stem_8stage_dual_scale_optical_imagenet_backbone/runs/p10_imagenet1k_pretrain_bs96_90e/checkpoints/best.pt,experiments/qwen3_vl_patch_stem_8stage_dual_scale_optical_imagenet_backbone/runs/p10_imagenet1k_pretrain_bs96_90e/checkpoints/last.pt,periodic checkpoint has sibling best and last/latest
experiments/qwen3_vl_patch_stem_8stage_dual_scale_optical_imagenet_backbone/runs/p10_imagenet1k_pretrain_bs96_90e/checkpoints/epoch_010.pt,46088524,experiments/qwen3_vl_patch_stem_8stage_dual_scale_optical_imagenet_backbone/runs/p10_imagenet1k_pretrain_bs96_90e/checkpoints,experiments/qwen3_vl_patch_stem_8stage_dual_scale_optical_imagenet_backbone/runs/p10_imagenet1k_pretrain_bs96_90e/checkpoints/best.pt,experiments/qwen3_vl_patch_stem_8stage_dual_scale_optical_imagenet_backbone/runs/p10_imagenet1k_pretrain_bs96_90e/checkpoints/last.pt,periodic checkpoint has sibling best and last/latest
experiments/qwen3_vl_patch_stem_8stage_dual_scale_optical_imagenet_backbone/runs/p10_imagenet1k_pretrain_bs96_90e/checkpoints/epoch_015.pt,46094220,experiments/qwen3_vl_patch_stem_8stage_dual_scale_optical_imagenet_backbone/runs/p10_imagenet1k_pretrain_bs96_90e/checkpoints,experiments/qwen3_vl_patch_stem_8stage_dual_scale_optical_imagenet_backbone/runs/p10_imagenet1k_pretrain_bs96_90e/checkpoints/best.pt,experiments/qwen3_vl_patch_stem_8stage_dual_scale_optical_imagenet_backbone/runs/p10_imagenet1k_pretrain_bs96_90e/checkpoints/last.pt,periodic checkpoint has sibling best and last/latest
experiments/qwen3_vl_patch_stem_8stage_dual_scale_optical_imagenet_backbone/runs/p10_imagenet1k_pretrain_bs96_90e/checkpoints/epoch_020.pt,46099852,experiments/qwen3_vl_patch_stem_8stage_dual_scale_optical_imagenet_backbone/runs/p10_imagenet1k_pretrain_bs96_90e/checkpoints,experiments/qwen3_vl_patch_stem_8stage_dual_scale_optical_imagenet_backbone/runs/p10_imagenet1k_pretrain_bs96_90e/checkpoints/best.pt,experiments/qwen3_vl_patch_stem_8stage_dual_scale_optical_imagenet_backbone/runs/p10_imagenet1k_pretrain_bs96_90e/checkpoints/last.pt,periodic checkpoint has sibling best and last/latest
experiments/qwen3_vl_patch_stem_8stage_dual_scale_optical_imagenet_backbone/runs/p10_imagenet1k_pretrain_bs96_90e/checkpoints/epoch_025.pt,46105548,experiments/qwen3_vl_patch_stem_8stage_dual_scale_optical_imagenet_backbone/runs/p10_imagenet1k_pretrain_bs96_90e/checkpoints,experiments/qwen3_vl_patch_stem_8stage_dual_scale_optical_imagenet_backbone/runs/p10_imagenet1k_pretrain_bs96_90e/checkpoints/best.pt,experiments/qwen3_vl_patch_stem_8stage_dual_scale_optical_imagenet_backbone/runs/p10_imagenet1k_pretrain_bs96_90e/checkpoints/last.pt,periodic checkpoint has sibling best and last/latest
experiments/qwen3_vl_patch_stem_8stage_dual_scale_optical_imagenet_backbone/runs/p10_imagenet1k_pretrain_bs96_90e/checkpoints/epoch_030.pt,46111180,experiments/qwen3_vl_patch_stem_8stage_dual_scale_optical_imagenet_backbone/runs/p10_imagenet1k_pretrain_bs96_90e/checkpoints,experiments/qwen3_vl_patch_stem_8stage_dual_scale_optical_imagenet_backbone/runs/p10_imagenet1k_pretrain_bs96_90e/checkpoints/best.pt,experiments/qwen3_vl_patch_stem_8stage_dual_scale_optical_imagenet_backbone/runs/p10_imagenet1k_pretrain_bs96_90e/checkpoints/last.pt,periodic checkpoint has sibling best and last/latest
experiments/qwen3_vl_patch_stem_8stage_dual_scale_optical_imagenet_backbone/runs/p10_imagenet1k_pretrain_bs96_90e/checkpoints/epoch_035.pt,46116812,experiments/qwen3_vl_patch_stem_8stage_dual_scale_optical_imagenet_backbone/runs/p10_imagenet1k_pretrain_bs96_90e/checkpoints,experiments/qwen3_vl_patch_stem_8stage_dual_scale_optical_imagenet_backbone/runs/p10_imagenet1k_pretrain_bs96_90e/checkpoints/best.pt,experiments/qwen3_vl_patch_stem_8stage_dual_scale_optical_imagenet_backbone/runs/p10_imagenet1k_pretrain_bs96_90e/checkpoints/last.pt,periodic checkpoint has sibling best and last/latest
experiments/qwen3_vl_patch_stem_8stage_dual_scale_optical_imagenet_backbone/runs/p10_imagenet1k_pretrain_bs96_90e/checkpoints/epoch_040.pt,46122508,experiments/qwen3_vl_patch_stem_8stage_dual_scale_optical_imagenet_backbone/runs/p10_imagenet1k_pretrain_bs96_90e/checkpoints,experiments/qwen3_vl_patch_stem_8stage_dual_scale_optical_imagenet_backbone/runs/p10_imagenet1k_pretrain_bs96_90e/checkpoints/best.pt,experiments/qwen3_vl_patch_stem_8stage_dual_scale_optical_imagenet_backbone/runs/p10_imagenet1k_pretrain_bs96_90e/checkpoints/last.pt,periodic checkpoint has sibling best and last/latest
experiments/qwen3_vl_patch_stem_8stage_dual_scale_optical_imagenet_backbone/runs/p10_imagenet1k_pretrain_bs96_90e/checkpoints/epoch_045.pt,46128140,experiments/qwen3_vl_patch_stem_8stage_dual_scale_optical_imagenet_backbone/runs/p10_imagenet1k_pretrain_bs96_90e/checkpoints,experiments/qwen3_vl_patch_stem_8stage_dual_scale_optical_imagenet_backbone/runs/p10_imagenet1k_pretrain_bs96_90e/checkpoints/best.pt,experiments/qwen3_vl_patch_stem_8stage_dual_scale_optical_imagenet_backbone/runs/p10_imagenet1k_pretrain_bs96_90e/checkpoints/last.pt,periodic checkpoint has sibling best and last/latest
experiments/qwen3_vl_patch_stem_8stage_dual_scale_optical_imagenet_backbone/runs/p10_imagenet1k_pretrain_bs96_90e/checkpoints/epoch_050.pt,46133772,experiments/qwen3_vl_patch_stem_8stage_dual_scale_optical_imagenet_backbone/runs/p10_imagenet1k_pretrain_bs96_90e/checkpoints,experiments/qwen3_vl_patch_stem_8stage_dual_scale_optical_imagenet_backbone/runs/p10_imagenet1k_pretrain_bs96_90e/checkpoints/best.pt,experiments/qwen3_vl_patch_stem_8stage_dual_scale_optical_imagenet_backbone/runs/p10_imagenet1k_pretrain_bs96_90e/checkpoints/last.pt,periodic checkpoint has sibling best and last/latest
experiments/qwen3_vl_patch_stem_8stage_dual_scale_optical_imagenet_backbone/runs/p10_imagenet1k_pretrain_bs96_90e/checkpoints/epoch_055.pt,46139468,experiments/qwen3_vl_patch_stem_8stage_dual_scale_optical_imagenet_backbone/runs/p10_imagenet1k_pretrain_bs96_90e/checkpoints,experiments/qwen3_vl_patch_stem_8stage_dual_scale_optical_imagenet_backbone/runs/p10_imagenet1k_pretrain_bs96_90e/checkpoints/best.pt,experiments/qwen3_vl_patch_stem_8stage_dual_scale_optical_imagenet_backbone/runs/p10_imagenet1k_pretrain_bs96_90e/checkpoints/last.pt,periodic checkpoint has sibling best and last/latest
experiments/qwen3_vl_patch_stem_8stage_dual_scale_optical_imagenet_backbone/runs/p10_imagenet1k_pretrain_bs96_90e/checkpoints/epoch_060.pt,46145100,experiments/qwen3_vl_patch_stem_8stage_dual_scale_optical_imagenet_backbone/runs/p10_imagenet1k_pretrain_bs96_90e/checkpoints,experiments/qwen3_vl_patch_stem_8stage_dual_scale_optical_imagenet_backbone/runs/p10_imagenet1k_pretrain_bs96_90e/checkpoints/best.pt,experiments/qwen3_vl_patch_stem_8stage_dual_scale_optical_imagenet_backbone/runs/p10_imagenet1k_pretrain_bs96_90e/checkpoints/last.pt,periodic checkpoint has sibling best and last/latest
experiments/qwen3_vl_patch_stem_8stage_dual_scale_optical_imagenet_backbone/runs/p10_imagenet1k_pretrain_bs96_90e/checkpoints/epoch_065.pt,46150732,experiments/qwen3_vl_patch_stem_8stage_dual_scale_optical_imagenet_backbone/runs/p10_imagenet1k_pretrain_bs96_90e/checkpoints,experiments/qwen3_vl_patch_stem_8stage_dual_scale_optical_imagenet_backbone/runs/p10_imagenet1k_pretrain_bs96_90e/checkpoints/best.pt,experiments/qwen3_vl_patch_stem_8stage_dual_scale_optical_imagenet_backbone/runs/p10_imagenet1k_pretrain_bs96_90e/checkpoints/last.pt,periodic checkpoint has sibling best and last/latest
experiments/qwen3_vl_patch_stem_8stage_dual_scale_optical_imagenet_backbone/runs/p10_imagenet1k_pretrain_bs96_90e/checkpoints/epoch_070.pt,46156428,experiments/qwen3_vl_patch_stem_8stage_dual_scale_optical_imagenet_backbone/runs/p10_imagenet1k_pretrain_bs96_90e/checkpoints,experiments/qwen3_vl_patch_stem_8stage_dual_scale_optical_imagenet_backbone/runs/p10_imagenet1k_pretrain_bs96_90e/checkpoints/best.pt,experiments/qwen3_vl_patch_stem_8stage_dual_scale_optical_imagenet_backbone/runs/p10_imagenet1k_pretrain_bs96_90e/checkpoints/last.pt,periodic checkpoint has sibling best and last/latest
experiments/qwen3_vl_patch_stem_8stage_dual_scale_optical_imagenet_backbone/runs/p10_imagenet1k_pretrain_bs96_90e/checkpoints/epoch_075.pt,46162060,experiments/qwen3_vl_patch_stem_8stage_dual_scale_optical_imagenet_backbone/runs/p10_imagenet1k_pretrain_bs96_90e/checkpoints,experiments/qwen3_vl_patch_stem_8stage_dual_scale_optical_imagenet_backbone/runs/p10_imagenet1k_pretrain_bs96_90e/checkpoints/best.pt,experiments/qwen3_vl_patch_stem_8stage_dual_scale_optical_imagenet_backbone/runs/p10_imagenet1k_pretrain_bs96_90e/checkpoints/last.pt,periodic checkpoint has sibling best and last/latest
experiments/qwen3_vl_patch_stem_8stage_dual_scale_optical_imagenet_backbone/runs/p10_imagenet1k_pretrain_bs96_90e/checkpoints/epoch_080.pt,46167692,experiments/qwen3_vl_patch_stem_8stage_dual_scale_optical_imagenet_backbone/runs/p10_imagenet1k_pretrain_bs96_90e/checkpoints,experiments/qwen3_vl_patch_stem_8stage_dual_scale_optical_imagenet_backbone/runs/p10_imagenet1k_pretrain_bs96_90e/checkpoints/best.pt,experiments/qwen3_vl_patch_stem_8stage_dual_scale_optical_imagenet_backbone/runs/p10_imagenet1k_pretrain_bs96_90e/checkpoints/last.pt,periodic checkpoint has sibling best and last/latest
experiments/qwen3_vl_patch_stem_8stage_dual_scale_optical_imagenet_backbone/runs/p10_imagenet1k_pretrain_bs96_90e/checkpoints/epoch_085.pt,46173388,experiments/qwen3_vl_patch_stem_8stage_dual_scale_optical_imagenet_backbone/runs/p10_imagenet1k_pretrain_bs96_90e/checkpoints,experiments/qwen3_vl_patch_stem_8stage_dual_scale_optical_imagenet_backbone/runs/p10_imagenet1k_pretrain_bs96_90e/checkpoints/best.pt,experiments/qwen3_vl_patch_stem_8stage_dual_scale_optical_imagenet_backbone/runs/p10_imagenet1k_pretrain_bs96_90e/checkpoints/last.pt,periodic checkpoint has sibling best and last/latest
experiments/qwen3_vl_patch_stem_8stage_dual_scale_optical_imagenet_backbone/runs/p10_imagenet1k_pretrain_bs96_90e/checkpoints/epoch_090.pt,46179020,experiments/qwen3_vl_patch_stem_8stage_dual_scale_optical_imagenet_backbone/runs/p10_imagenet1k_pretrain_bs96_90e/checkpoints,experiments/qwen3_vl_patch_stem_8stage_dual_scale_optical_imagenet_backbone/runs/p10_imagenet1k_pretrain_bs96_90e/checkpoints/best.pt,experiments/qwen3_vl_patch_stem_8stage_dual_scale_optical_imagenet_backbone/runs/p10_imagenet1k_pretrain_bs96_90e/checkpoints/last.pt,periodic checkpoint has sibling best and last/latest
experiments/qwen3_vl_patch_stem_8stage_separable_optical_imagenet_backbone/runs/p11_imagenet1k_pretrain_bs96_90e/checkpoints/epoch_005.pt,46082892,experiments/qwen3_vl_patch_stem_8stage_separable_optical_imagenet_backbone/runs/p11_imagenet1k_pretrain_bs96_90e/checkpoints,experiments/qwen3_vl_patch_stem_8stage_separable_optical_imagenet_backbone/runs/p11_imagenet1k_pretrain_bs96_90e/checkpoints/best.pt,experiments/qwen3_vl_patch_stem_8stage_separable_optical_imagenet_backbone/runs/p11_imagenet1k_pretrain_bs96_90e/checkpoints/last.pt,periodic checkpoint has sibling best and last/latest
experiments/qwen3_vl_patch_stem_8stage_separable_optical_imagenet_backbone/runs/p11_imagenet1k_pretrain_bs96_90e/checkpoints/epoch_010.pt,46088524,experiments/qwen3_vl_patch_stem_8stage_separable_optical_imagenet_backbone/runs/p11_imagenet1k_pretrain_bs96_90e/checkpoints,experiments/qwen3_vl_patch_stem_8stage_separable_optical_imagenet_backbone/runs/p11_imagenet1k_pretrain_bs96_90e/checkpoints/best.pt,experiments/qwen3_vl_patch_stem_8stage_separable_optical_imagenet_backbone/runs/p11_imagenet1k_pretrain_bs96_90e/checkpoints/last.pt,periodic checkpoint has sibling best and last/latest
experiments/qwen3_vl_patch_stem_8stage_separable_optical_imagenet_backbone/runs/p11_imagenet1k_pretrain_bs96_90e/checkpoints/epoch_015.pt,46094220,experiments/qwen3_vl_patch_stem_8stage_separable_optical_imagenet_backbone/runs/p11_imagenet1k_pretrain_bs96_90e/checkpoints,experiments/qwen3_vl_patch_stem_8stage_separable_optical_imagenet_backbone/runs/p11_imagenet1k_pretrain_bs96_90e/checkpoints/best.pt,experiments/qwen3_vl_patch_stem_8stage_separable_optical_imagenet_backbone/runs/p11_imagenet1k_pretrain_bs96_90e/checkpoints/last.pt,periodic checkpoint has sibling best and last/latest
experiments/qwen3_vl_patch_stem_8stage_separable_optical_imagenet_backbone/runs/p11_imagenet1k_pretrain_bs96_90e/checkpoints/epoch_020.pt,46102604,experiments/qwen3_vl_patch_stem_8stage_separable_optical_imagenet_backbone/runs/p11_imagenet1k_pretrain_bs96_90e/checkpoints,experiments/qwen3_vl_patch_stem_8stage_separable_optical_imagenet_backbone/runs/p11_imagenet1k_pretrain_bs96_90e/checkpoints/best.pt,experiments/qwen3_vl_patch_stem_8stage_separable_optical_imagenet_backbone/runs/p11_imagenet1k_pretrain_bs96_90e/checkpoints/last.pt,periodic checkpoint has sibling best and last/latest
experiments/qwen3_vl_patch_stem_8stage_separable_optical_imagenet_backbone/runs/p11_imagenet1k_pretrain_bs96_90e/checkpoints/epoch_025.pt,46108236,experiments/qwen3_vl_patch_stem_8stage_separable_optical_imagenet_backbone/runs/p11_imagenet1k_pretrain_bs96_90e/checkpoints,experiments/qwen3_vl_patch_stem_8stage_separable_optical_imagenet_backbone/runs/p11_imagenet1k_pretrain_bs96_90e/checkpoints/best.pt,experiments/qwen3_vl_patch_stem_8stage_separable_optical_imagenet_backbone/runs/p11_imagenet1k_pretrain_bs96_90e/checkpoints/last.pt,periodic checkpoint has sibling best and last/latest
experiments/qwen3_vl_patch_stem_8stage_separable_optical_imagenet_backbone/runs/p11_imagenet1k_pretrain_bs96_90e/checkpoints/epoch_030.pt,46113868,experiments/qwen3_vl_patch_stem_8stage_separable_optical_imagenet_backbone/runs/p11_imagenet1k_pretrain_bs96_90e/checkpoints,experiments/qwen3_vl_patch_stem_8stage_separable_optical_imagenet_backbone/runs/p11_imagenet1k_pretrain_bs96_90e/checkpoints/best.pt,experiments/qwen3_vl_patch_stem_8stage_separable_optical_imagenet_backbone/runs/p11_imagenet1k_pretrain_bs96_90e/checkpoints/last.pt,periodic checkpoint has sibling best and last/latest
experiments/qwen3_vl_patch_stem_8stage_separable_optical_imagenet_backbone/runs/p11_imagenet1k_pretrain_bs96_90e/checkpoints/epoch_035.pt,46119564,experiments/qwen3_vl_patch_stem_8stage_separable_optical_imagenet_backbone/runs/p11_imagenet1k_pretrain_bs96_90e/checkpoints,experiments/qwen3_vl_patch_stem_8stage_separable_optical_imagenet_backbone/runs/p11_imagenet1k_pretrain_bs96_90e/checkpoints/best.pt,experiments/qwen3_vl_patch_stem_8stage_separable_optical_imagenet_backbone/runs/p11_imagenet1k_pretrain_bs96_90e/checkpoints/last.pt,periodic checkpoint has sibling best and last/latest
experiments/qwen3_vl_patch_stem_8stage_separable_optical_imagenet_backbone/runs/p11_imagenet1k_pretrain_bs96_90e/checkpoints/epoch_040.pt,46125196,experiments/qwen3_vl_patch_stem_8stage_separable_optical_imagenet_backbone/runs/p11_imagenet1k_pretrain_bs96_90e/checkpoints,experiments/qwen3_vl_patch_stem_8stage_separable_optical_imagenet_backbone/runs/p11_imagenet1k_pretrain_bs96_90e/checkpoints/best.pt,experiments/qwen3_vl_patch_stem_8stage_separable_optical_imagenet_backbone/runs/p11_imagenet1k_pretrain_bs96_90e/checkpoints/last.pt,periodic checkpoint has sibling best and last/latest
experiments/qwen3_vl_patch_stem_8stage_separable_optical_imagenet_backbone/runs/p11_imagenet1k_pretrain_bs96_90e/checkpoints/epoch_045.pt,46130892,experiments/qwen3_vl_patch_stem_8stage_separable_optical_imagenet_backbone/runs/p11_imagenet1k_pretrain_bs96_90e/checkpoints,experiments/qwen3_vl_patch_stem_8stage_separable_optical_imagenet_backbone/runs/p11_imagenet1k_pretrain_bs96_90e/checkpoints/best.pt,experiments/qwen3_vl_patch_stem_8stage_separable_optical_imagenet_backbone/runs/p11_imagenet1k_pretrain_bs96_90e/checkpoints/last.pt,periodic checkpoint has sibling best and last/latest
experiments/qwen3_vl_patch_stem_8stage_separable_optical_imagenet_backbone/runs/p11_imagenet1k_pretrain_bs96_90e/checkpoints/epoch_050.pt,46136524,experiments/qwen3_vl_patch_stem_8stage_separable_optical_imagenet_backbone/runs/p11_imagenet1k_pretrain_bs96_90e/checkpoints,experiments/qwen3_vl_patch_stem_8stage_separable_optical_imagenet_backbone/runs/p11_imagenet1k_pretrain_bs96_90e/checkpoints/best.pt,experiments/qwen3_vl_patch_stem_8stage_separable_optical_imagenet_backbone/runs/p11_imagenet1k_pretrain_bs96_90e/checkpoints/last.pt,periodic checkpoint has sibling best and last/latest
experiments/qwen3_vl_patch_stem_8stage_separable_optical_imagenet_backbone/runs/p11_imagenet1k_pretrain_bs96_90e/checkpoints/epoch_055.pt,46142156,experiments/qwen3_vl_patch_stem_8stage_separable_optical_imagenet_backbone/runs/p11_imagenet1k_pretrain_bs96_90e/checkpoints,experiments/qwen3_vl_patch_stem_8stage_separable_optical_imagenet_backbone/runs/p11_imagenet1k_pretrain_bs96_90e/checkpoints/best.pt,experiments/qwen3_vl_patch_stem_8stage_separable_optical_imagenet_backbone/runs/p11_imagenet1k_pretrain_bs96_90e/checkpoints/last.pt,periodic checkpoint has sibling best and last/latest
experiments/qwen3_vl_patch_stem_8stage_separable_optical_imagenet_backbone/runs/p11_imagenet1k_pretrain_bs96_90e/checkpoints/epoch_060.pt,46147852,experiments/qwen3_vl_patch_stem_8stage_separable_optical_imagenet_backbone/runs/p11_imagenet1k_pretrain_bs96_90e/checkpoints,experiments/qwen3_vl_patch_stem_8stage_separable_optical_imagenet_backbone/runs/p11_imagenet1k_pretrain_bs96_90e/checkpoints/best.pt,experiments/qwen3_vl_patch_stem_8stage_separable_optical_imagenet_backbone/runs/p11_imagenet1k_pretrain_bs96_90e/checkpoints/last.pt,periodic checkpoint has sibling best and last/latest
experiments/qwen3_vl_patch_stem_8stage_separable_optical_imagenet_backbone/runs/p11_imagenet1k_pretrain_bs96_90e/checkpoints/epoch_065.pt,46153484,experiments/qwen3_vl_patch_stem_8stage_separable_optical_imagenet_backbone/runs/p11_imagenet1k_pretrain_bs96_90e/checkpoints,experiments/qwen3_vl_patch_stem_8stage_separable_optical_imagenet_backbone/runs/p11_imagenet1k_pretrain_bs96_90e/checkpoints/best.pt,experiments/qwen3_vl_patch_stem_8stage_separable_optical_imagenet_backbone/runs/p11_imagenet1k_pretrain_bs96_90e/checkpoints/last.pt,periodic checkpoint has sibling best and last/latest
experiments/qwen3_vl_patch_stem_8stage_separable_optical_imagenet_backbone/runs/p11_imagenet1k_pretrain_bs96_90e/checkpoints/epoch_070.pt,46159116,experiments/qwen3_vl_patch_stem_8stage_separable_optical_imagenet_backbone/runs/p11_imagenet1k_pretrain_bs96_90e/checkpoints,experiments/qwen3_vl_patch_stem_8stage_separable_optical_imagenet_backbone/runs/p11_imagenet1k_pretrain_bs96_90e/checkpoints/best.pt,experiments/qwen3_vl_patch_stem_8stage_separable_optical_imagenet_backbone/runs/p11_imagenet1k_pretrain_bs96_90e/checkpoints/last.pt,periodic checkpoint has sibling best and last/latest
experiments/qwen3_vl_patch_stem_8stage_separable_optical_imagenet_backbone/runs/p11_imagenet1k_pretrain_bs96_90e/checkpoints/epoch_075.pt,46164812,experiments/qwen3_vl_patch_stem_8stage_separable_optical_imagenet_backbone/runs/p11_imagenet1k_pretrain_bs96_90e/checkpoints,experiments/qwen3_vl_patch_stem_8stage_separable_optical_imagenet_backbone/runs/p11_imagenet1k_pretrain_bs96_90e/checkpoints/best.pt,experiments/qwen3_vl_patch_stem_8stage_separable_optical_imagenet_backbone/runs/p11_imagenet1k_pretrain_bs96_90e/checkpoints/last.pt,periodic checkpoint has sibling best and last/latest
experiments/qwen3_vl_patch_stem_8stage_separable_optical_imagenet_backbone/runs/p11_imagenet1k_pretrain_bs96_90e/checkpoints/epoch_080.pt,46170444,experiments/qwen3_vl_patch_stem_8stage_separable_optical_imagenet_backbone/runs/p11_imagenet1k_pretrain_bs96_90e/checkpoints,experiments/qwen3_vl_patch_stem_8stage_separable_optical_imagenet_backbone/runs/p11_imagenet1k_pretrain_bs96_90e/checkpoints/best.pt,experiments/qwen3_vl_patch_stem_8stage_separable_optical_imagenet_backbone/runs/p11_imagenet1k_pretrain_bs96_90e/checkpoints/last.pt,periodic checkpoint has sibling best and last/latest
experiments/qwen3_vl_patch_stem_8stage_separable_optical_imagenet_backbone/runs/p11_imagenet1k_pretrain_bs96_90e/checkpoints/epoch_085.pt,46176076,experiments/qwen3_vl_patch_stem_8stage_separable_optical_imagenet_backbone/runs/p11_imagenet1k_pretrain_bs96_90e/checkpoints,experiments/qwen3_vl_patch_stem_8stage_separable_optical_imagenet_backbone/runs/p11_imagenet1k_pretrain_bs96_90e/checkpoints/best.pt,experiments/qwen3_vl_patch_stem_8stage_separable_optical_imagenet_backbone/runs/p11_imagenet1k_pretrain_bs96_90e/checkpoints/last.pt,periodic checkpoint has sibling best and last/latest
experiments/qwen3_vl_patch_stem_8stage_separable_optical_imagenet_backbone/runs/p11_imagenet1k_pretrain_bs96_90e/checkpoints/epoch_090.pt,46181772,experiments/qwen3_vl_patch_stem_8stage_separable_optical_imagenet_backbone/runs/p11_imagenet1k_pretrain_bs96_90e/checkpoints,experiments/qwen3_vl_patch_stem_8stage_separable_optical_imagenet_backbone/runs/p11_imagenet1k_pretrain_bs96_90e/checkpoints/best.pt,experiments/qwen3_vl_patch_stem_8stage_separable_optical_imagenet_backbone/runs/p11_imagenet1k_pretrain_bs96_90e/checkpoints/last.pt,periodic checkpoint has sibling best and last/latest
experiments/qwen3_vl_patch_stem_8stage_separable_optical_imagenet_backbone/runs/gpu_smoke_20260824_014543/checkpoints/epoch_001.pt,46078348,experiments/qwen3_vl_patch_stem_8stage_separable_optical_imagenet_backbone/runs/gpu_smoke_20260824_014543/checkpoints,experiments/qwen3_vl_patch_stem_8stage_separable_optical_imagenet_backbone/runs/gpu_smoke_20260824_014543/checkpoints/best.pt,experiments/qwen3_vl_patch_stem_8stage_separable_optical_imagenet_backbone/runs/gpu_smoke_20260824_014543/checkpoints/last.pt,periodic checkpoint has sibling best and last/latest
experiments/qwen3_vl_patch_stem_8stage_slim_mixer_imagenet_backbone/runs/p09_imagenet1k_pretrain_bs96_90e/checkpoints/epoch_005.pt,46082569,experiments/qwen3_vl_patch_stem_8stage_slim_mixer_imagenet_backbone/runs/p09_imagenet1k_pretrain_bs96_90e/checkpoints,experiments/qwen3_vl_patch_stem_8stage_slim_mixer_imagenet_backbone/runs/p09_imagenet1k_pretrain_bs96_90e/checkpoints/best.pt,experiments/qwen3_vl_patch_stem_8stage_slim_mixer_imagenet_backbone/runs/p09_imagenet1k_pretrain_bs96_90e/checkpoints/last.pt,periodic checkpoint has sibling best and last/latest
experiments/qwen3_vl_patch_stem_8stage_slim_mixer_imagenet_backbone/runs/p09_imagenet1k_pretrain_bs96_90e/checkpoints/epoch_010.pt,46088201,experiments/qwen3_vl_patch_stem_8stage_slim_mixer_imagenet_backbone/runs/p09_imagenet1k_pretrain_bs96_90e/checkpoints,experiments/qwen3_vl_patch_stem_8stage_slim_mixer_imagenet_backbone/runs/p09_imagenet1k_pretrain_bs96_90e/checkpoints/best.pt,experiments/qwen3_vl_patch_stem_8stage_slim_mixer_imagenet_backbone/runs/p09_imagenet1k_pretrain_bs96_90e/checkpoints/last.pt,periodic checkpoint has sibling best and last/latest
experiments/qwen3_vl_patch_stem_8stage_slim_mixer_imagenet_backbone/runs/p09_imagenet1k_pretrain_bs96_90e/checkpoints/epoch_015.pt,46093833,experiments/qwen3_vl_patch_stem_8stage_slim_mixer_imagenet_backbone/runs/p09_imagenet1k_pretrain_bs96_90e/checkpoints,experiments/qwen3_vl_patch_stem_8stage_slim_mixer_imagenet_backbone/runs/p09_imagenet1k_pretrain_bs96_90e/checkpoints/best.pt,experiments/qwen3_vl_patch_stem_8stage_slim_mixer_imagenet_backbone/runs/p09_imagenet1k_pretrain_bs96_90e/checkpoints/last.pt,periodic checkpoint has sibling best and last/latest
experiments/qwen3_vl_patch_stem_8stage_slim_mixer_imagenet_backbone/runs/p09_imagenet1k_pretrain_bs96_90e/checkpoints/epoch_020.pt,46099529,experiments/qwen3_vl_patch_stem_8stage_slim_mixer_imagenet_backbone/runs/p09_imagenet1k_pretrain_bs96_90e/checkpoints,experiments/qwen3_vl_patch_stem_8stage_slim_mixer_imagenet_backbone/runs/p09_imagenet1k_pretrain_bs96_90e/checkpoints/best.pt,experiments/qwen3_vl_patch_stem_8stage_slim_mixer_imagenet_backbone/runs/p09_imagenet1k_pretrain_bs96_90e/checkpoints/last.pt,periodic checkpoint has sibling best and last/latest
experiments/qwen3_vl_patch_stem_8stage_slim_mixer_imagenet_backbone/runs/p09_imagenet1k_pretrain_bs96_90e/checkpoints/epoch_025.pt,46105161,experiments/qwen3_vl_patch_stem_8stage_slim_mixer_imagenet_backbone/runs/p09_imagenet1k_pretrain_bs96_90e/checkpoints,experiments/qwen3_vl_patch_stem_8stage_slim_mixer_imagenet_backbone/runs/p09_imagenet1k_pretrain_bs96_90e/checkpoints/best.pt,experiments/qwen3_vl_patch_stem_8stage_slim_mixer_imagenet_backbone/runs/p09_imagenet1k_pretrain_bs96_90e/checkpoints/last.pt,periodic checkpoint has sibling best and last/latest
experiments/qwen3_vl_patch_stem_8stage_slim_mixer_imagenet_backbone/runs/p09_imagenet1k_pretrain_bs96_90e/checkpoints/epoch_030.pt,46110793,experiments/qwen3_vl_patch_stem_8stage_slim_mixer_imagenet_backbone/runs/p09_imagenet1k_pretrain_bs96_90e/checkpoints,experiments/qwen3_vl_patch_stem_8stage_slim_mixer_imagenet_backbone/runs/p09_imagenet1k_pretrain_bs96_90e/checkpoints/best.pt,experiments/qwen3_vl_patch_stem_8stage_slim_mixer_imagenet_backbone/runs/p09_imagenet1k_pretrain_bs96_90e/checkpoints/last.pt,periodic checkpoint has sibling best and last/latest
experiments/qwen3_vl_patch_stem_8stage_slim_mixer_imagenet_backbone/runs/p09_imagenet1k_pretrain_bs96_90e/checkpoints/epoch_035.pt,46116489,experiments/qwen3_vl_patch_stem_8stage_slim_mixer_imagenet_backbone/runs/p09_imagenet1k_pretrain_bs96_90e/checkpoints,experiments/qwen3_vl_patch_stem_8stage_slim_mixer_imagenet_backbone/runs/p09_imagenet1k_pretrain_bs96_90e/checkpoints/best.pt,experiments/qwen3_vl_patch_stem_8stage_slim_mixer_imagenet_backbone/runs/p09_imagenet1k_pretrain_bs96_90e/checkpoints/last.pt,periodic checkpoint has sibling best and last/latest
experiments/qwen3_vl_patch_stem_8stage_slim_mixer_imagenet_backbone/runs/p09_imagenet1k_pretrain_bs96_90e/checkpoints/epoch_040.pt,46122121,experiments/qwen3_vl_patch_stem_8stage_slim_mixer_imagenet_backbone/runs/p09_imagenet1k_pretrain_bs96_90e/checkpoints,experiments/qwen3_vl_patch_stem_8stage_slim_mixer_imagenet_backbone/runs/p09_imagenet1k_pretrain_bs96_90e/checkpoints/best.pt,experiments/qwen3_vl_patch_stem_8stage_slim_mixer_imagenet_backbone/runs/p09_imagenet1k_pretrain_bs96_90e/checkpoints/last.pt,periodic checkpoint has sibling best and last/latest
experiments/qwen3_vl_patch_stem_8stage_slim_mixer_imagenet_backbone/runs/p09_imagenet1k_pretrain_bs96_90e/checkpoints/epoch_045.pt,46127817,experiments/qwen3_vl_patch_stem_8stage_slim_mixer_imagenet_backbone/runs/p09_imagenet1k_pretrain_bs96_90e/checkpoints,experiments/qwen3_vl_patch_stem_8stage_slim_mixer_imagenet_backbone/runs/p09_imagenet1k_pretrain_bs96_90e/checkpoints/best.pt,experiments/qwen3_vl_patch_stem_8stage_slim_mixer_imagenet_backbone/runs/p09_imagenet1k_pretrain_bs96_90e/checkpoints/last.pt,periodic checkpoint has sibling best and last/latest
experiments/qwen3_vl_patch_stem_8stage_slim_mixer_imagenet_backbone/runs/p09_imagenet1k_pretrain_bs96_90e/checkpoints/epoch_050.pt,46133449,experiments/qwen3_vl_patch_stem_8stage_slim_mixer_imagenet_backbone/runs/p09_imagenet1k_pretrain_bs96_90e/checkpoints,experiments/qwen3_vl_patch_stem_8stage_slim_mixer_imagenet_backbone/runs/p09_imagenet1k_pretrain_bs96_90e/checkpoints/best.pt,experiments/qwen3_vl_patch_stem_8stage_slim_mixer_imagenet_backbone/runs/p09_imagenet1k_pretrain_bs96_90e/checkpoints/last.pt,periodic checkpoint has sibling best and last/latest
experiments/qwen3_vl_patch_stem_8stage_slim_mixer_imagenet_backbone/runs/p09_imagenet1k_pretrain_bs96_90e/checkpoints/epoch_055.pt,46139081,experiments/qwen3_vl_patch_stem_8stage_slim_mixer_imagenet_backbone/runs/p09_imagenet1k_pretrain_bs96_90e/checkpoints,experiments/qwen3_vl_patch_stem_8stage_slim_mixer_imagenet_backbone/runs/p09_imagenet1k_pretrain_bs96_90e/checkpoints/best.pt,experiments/qwen3_vl_patch_stem_8stage_slim_mixer_imagenet_backbone/runs/p09_imagenet1k_pretrain_bs96_90e/checkpoints/last.pt,periodic checkpoint has sibling best and last/latest
experiments/qwen3_vl_patch_stem_8stage_slim_mixer_imagenet_backbone/runs/p09_imagenet1k_pretrain_bs96_90e/checkpoints/epoch_060.pt,46144777,experiments/qwen3_vl_patch_stem_8stage_slim_mixer_imagenet_backbone/runs/p09_imagenet1k_pretrain_bs96_90e/checkpoints,experiments/qwen3_vl_patch_stem_8stage_slim_mixer_imagenet_backbone/runs/p09_imagenet1k_pretrain_bs96_90e/checkpoints/best.pt,experiments/qwen3_vl_patch_stem_8stage_slim_mixer_imagenet_backbone/runs/p09_imagenet1k_pretrain_bs96_90e/checkpoints/last.pt,periodic checkpoint has sibling best and last/latest
experiments/qwen3_vl_patch_stem_8stage_slim_mixer_imagenet_backbone/runs/p09_imagenet1k_pretrain_bs96_90e/checkpoints/epoch_065.pt,46150409,experiments/qwen3_vl_patch_stem_8stage_slim_mixer_imagenet_backbone/runs/p09_imagenet1k_pretrain_bs96_90e/checkpoints,experiments/qwen3_vl_patch_stem_8stage_slim_mixer_imagenet_backbone/runs/p09_imagenet1k_pretrain_bs96_90e/checkpoints/best.pt,experiments/qwen3_vl_patch_stem_8stage_slim_mixer_imagenet_backbone/runs/p09_imagenet1k_pretrain_bs96_90e/checkpoints/last.pt,periodic checkpoint has sibling best and last/latest
experiments/qwen3_vl_patch_stem_8stage_slim_mixer_imagenet_backbone/runs/p09_imagenet1k_pretrain_bs96_90e/checkpoints/epoch_070.pt,46156041,experiments/qwen3_vl_patch_stem_8stage_slim_mixer_imagenet_backbone/runs/p09_imagenet1k_pretrain_bs96_90e/checkpoints,experiments/qwen3_vl_patch_stem_8stage_slim_mixer_imagenet_backbone/runs/p09_imagenet1k_pretrain_bs96_90e/checkpoints/best.pt,experiments/qwen3_vl_patch_stem_8stage_slim_mixer_imagenet_backbone/runs/p09_imagenet1k_pretrain_bs96_90e/checkpoints/last.pt,periodic checkpoint has sibling best and last/latest
experiments/qwen3_vl_patch_stem_8stage_slim_mixer_imagenet_backbone/runs/p09_imagenet1k_pretrain_bs96_90e/checkpoints/epoch_075.pt,46161737,experiments/qwen3_vl_patch_stem_8stage_slim_mixer_imagenet_backbone/runs/p09_imagenet1k_pretrain_bs96_90e/checkpoints,experiments/qwen3_vl_patch_stem_8stage_slim_mixer_imagenet_backbone/runs/p09_imagenet1k_pretrain_bs96_90e/checkpoints/best.pt,experiments/qwen3_vl_patch_stem_8stage_slim_mixer_imagenet_backbone/runs/p09_imagenet1k_pretrain_bs96_90e/checkpoints/last.pt,periodic checkpoint has sibling best and last/latest
experiments/qwen3_vl_patch_stem_8stage_slim_mixer_imagenet_backbone/runs/p09_imagenet1k_pretrain_bs96_90e/checkpoints/epoch_080.pt,46167369,experiments/qwen3_vl_patch_stem_8stage_slim_mixer_imagenet_backbone/runs/p09_imagenet1k_pretrain_bs96_90e/checkpoints,experiments/qwen3_vl_patch_stem_8stage_slim_mixer_imagenet_backbone/runs/p09_imagenet1k_pretrain_bs96_90e/checkpoints/best.pt,experiments/qwen3_vl_patch_stem_8stage_slim_mixer_imagenet_backbone/runs/p09_imagenet1k_pretrain_bs96_90e/checkpoints/last.pt,periodic checkpoint has sibling best and last/latest
experiments/qwen3_vl_patch_stem_8stage_slim_mixer_imagenet_backbone/runs/p09_imagenet1k_pretrain_bs96_90e/checkpoints/epoch_085.pt,46173001,experiments/qwen3_vl_patch_stem_8stage_slim_mixer_imagenet_backbone/runs/p09_imagenet1k_pretrain_bs96_90e/checkpoints,experiments/qwen3_vl_patch_stem_8stage_slim_mixer_imagenet_backbone/runs/p09_imagenet1k_pretrain_bs96_90e/checkpoints/best.pt,experiments/qwen3_vl_patch_stem_8stage_slim_mixer_imagenet_backbone/runs/p09_imagenet1k_pretrain_bs96_90e/checkpoints/last.pt,periodic checkpoint has sibling best and last/latest
experiments/qwen3_vl_patch_stem_8stage_slim_mixer_imagenet_backbone/runs/p09_imagenet1k_pretrain_bs96_90e/checkpoints/epoch_090.pt,46178697,experiments/qwen3_vl_patch_stem_8stage_slim_mixer_imagenet_backbone/runs/p09_imagenet1k_pretrain_bs96_90e/checkpoints,experiments/qwen3_vl_patch_stem_8stage_slim_mixer_imagenet_backbone/runs/p09_imagenet1k_pretrain_bs96_90e/checkpoints/best.pt,experiments/qwen3_vl_patch_stem_8stage_slim_mixer_imagenet_backbone/runs/p09_imagenet1k_pretrain_bs96_90e/checkpoints/last.pt,periodic checkpoint has sibling best and last/latest
experiments/qwen3_vl_patch_stem_8stage_slim_mixer_imagenet_backbone/runs/gpu_smoke_bs96/checkpoints/epoch_001.pt,46078025,experiments/qwen3_vl_patch_stem_8stage_slim_mixer_imagenet_backbone/runs/gpu_smoke_bs96/checkpoints,experiments/qwen3_vl_patch_stem_8stage_slim_mixer_imagenet_backbone/runs/gpu_smoke_bs96/checkpoints/best.pt,experiments/qwen3_vl_patch_stem_8stage_slim_mixer_imagenet_backbone/runs/gpu_smoke_bs96/checkpoints/last.pt,periodic checkpoint has sibling best and last/latest
FixedFeedbackSFT/projects/qwen3_vl_patch_stem_8stage_optical_imagenet_backbone/runs/p08_imagenet1k_pretrain_bs96_90e/checkpoints/epoch_005.pt,40893065,FixedFeedbackSFT/projects/qwen3_vl_patch_stem_8stage_optical_imagenet_backbone/runs/p08_imagenet1k_pretrain_bs96_90e/checkpoints,FixedFeedbackSFT/projects/qwen3_vl_patch_stem_8stage_optical_imagenet_backbone/runs/p08_imagenet1k_pretrain_bs96_90e/checkpoints/best.pt,FixedFeedbackSFT/projects/qwen3_vl_patch_stem_8stage_optical_imagenet_backbone/runs/p08_imagenet1k_pretrain_bs96_90e/checkpoints/last.pt,periodic checkpoint has sibling best and last/latest
FixedFeedbackSFT/projects/qwen3_vl_patch_stem_8stage_optical_imagenet_backbone/runs/batch_benchmarks/p08_bs_benchmark_20260823_2048/bs128/checkpoints/epoch_001.pt,40890185,FixedFeedbackSFT/projects/qwen3_vl_patch_stem_8stage_optical_imagenet_backbone/runs/batch_benchmarks/p08_bs_benchmark_20260823_2048/bs128/checkpoints,FixedFeedbackSFT/projects/qwen3_vl_patch_stem_8stage_optical_imagenet_backbone/runs/batch_benchmarks/p08_bs_benchmark_20260823_2048/bs128/checkpoints/best.pt,FixedFeedbackSFT/projects/qwen3_vl_patch_stem_8stage_optical_imagenet_backbone/runs/batch_benchmarks/p08_bs_benchmark_20260823_2048/bs128/checkpoints/last.pt,periodic checkpoint has sibling best and last/latest
FixedFeedbackSFT/projects/qwen3_vl_patch_stem_8stage_optical_imagenet_backbone/runs/batch_benchmarks/p08_bs_benchmark_20260823_2048/bs64/checkpoints/epoch_001.pt,40890185,FixedFeedbackSFT/projects/qwen3_vl_patch_stem_8stage_optical_imagenet_backbone/runs/batch_benchmarks/p08_bs_benchmark_20260823_2048/bs64/checkpoints,FixedFeedbackSFT/projects/qwen3_vl_patch_stem_8stage_optical_imagenet_backbone/runs/batch_benchmarks/p08_bs_benchmark_20260823_2048/bs64/checkpoints/best.pt,FixedFeedbackSFT/projects/qwen3_vl_patch_stem_8stage_optical_imagenet_backbone/runs/batch_benchmarks/p08_bs_benchmark_20260823_2048/bs64/checkpoints/last.pt,periodic checkpoint has sibling best and last/latest
FixedFeedbackSFT/projects/qwen3_vl_patch_stem_8stage_optical_imagenet_backbone/runs/batch_benchmarks/p08_bs_benchmark_20260823_2048/bs160/checkpoints/epoch_001.pt,40890185,FixedFeedbackSFT/projects/qwen3_vl_patch_stem_8stage_optical_imagenet_backbone/runs/batch_benchmarks/p08_bs_benchmark_20260823_2048/bs160/checkpoints,FixedFeedbackSFT/projects/qwen3_vl_patch_stem_8stage_optical_imagenet_backbone/runs/batch_benchmarks/p08_bs_benchmark_20260823_2048/bs160/checkpoints/best.pt,FixedFeedbackSFT/projects/qwen3_vl_patch_stem_8stage_optical_imagenet_backbone/runs/batch_benchmarks/p08_bs_benchmark_20260823_2048/bs160/checkpoints/last.pt,periodic checkpoint has sibling best and last/latest
FixedFeedbackSFT/projects/qwen3_vl_patch_stem_8stage_optical_imagenet_backbone/runs/batch_benchmarks/p08_bs_benchmark_20260823_2048/bs96/checkpoints/epoch_001.pt,40890185,FixedFeedbackSFT/projects/qwen3_vl_patch_stem_8stage_optical_imagenet_backbone/runs/batch_benchmarks/p08_bs_benchmark_20260823_2048/bs96/checkpoints,FixedFeedbackSFT/projects/qwen3_vl_patch_stem_8stage_optical_imagenet_backbone/runs/batch_benchmarks/p08_bs_benchmark_20260823_2048/bs96/checkpoints/best.pt,FixedFeedbackSFT/projects/qwen3_vl_patch_stem_8stage_optical_imagenet_backbone/runs/batch_benchmarks/p08_bs_benchmark_20260823_2048/bs96/checkpoints/last.pt,periodic checkpoint has sibling best and last/latest
FixedFeedbackSFT/projects/qwen3_vl_patch_stem_8stage_optical_imagenet_backbone/runs/batch_benchmarks/p08_bs_benchmark_20260823_2048/bs192/checkpoints/epoch_001.pt,40890185,FixedFeedbackSFT/projects/qwen3_vl_patch_stem_8stage_optical_imagenet_backbone/runs/batch_benchmarks/p08_bs_benchmark_20260823_2048/bs192/checkpoints,FixedFeedbackSFT/projects/qwen3_vl_patch_stem_8stage_optical_imagenet_backbone/runs/batch_benchmarks/p08_bs_benchmark_20260823_2048/bs192/checkpoints/best.pt,FixedFeedbackSFT/projects/qwen3_vl_patch_stem_8stage_optical_imagenet_backbone/runs/batch_benchmarks/p08_bs_benchmark_20260823_2048/bs192/checkpoints/last.pt,periodic checkpoint has sibling best and last/latest
FixedFeedbackSFT/projects/qwen3_vl_patch_stem_8stage_optical_imagenet_backbone/runs/smoke/checkpoints/epoch_001.pt,40890057,FixedFeedbackSFT/projects/qwen3_vl_patch_stem_8stage_optical_imagenet_backbone/runs/smoke/checkpoints,FixedFeedbackSFT/projects/qwen3_vl_patch_stem_8stage_optical_imagenet_backbone/runs/smoke/checkpoints/best.pt,FixedFeedbackSFT/projects/qwen3_vl_patch_stem_8stage_optical_imagenet_backbone/runs/smoke/checkpoints/last.pt,periodic checkpoint has sibling best and last/latest
FixedFeedbackSFT/projects/qwen3_vl_patch_stem_8stage_optical_imagenet_backbone/runs/ddp_batch_benchmarks/p08_ddp_bs_benchmark_20260823_2100/bs96_global192/checkpoints/epoch_001.pt,40890185,FixedFeedbackSFT/projects/qwen3_vl_patch_stem_8stage_optical_imagenet_backbone/runs/ddp_batch_benchmarks/p08_ddp_bs_benchmark_20260823_2100/bs96_global192/checkpoints,FixedFeedbackSFT/projects/qwen3_vl_patch_stem_8stage_optical_imagenet_backbone/runs/ddp_batch_benchmarks/p08_ddp_bs_benchmark_20260823_2100/bs96_global192/checkpoints/best.pt,FixedFeedbackSFT/projects/qwen3_vl_patch_stem_8stage_optical_imagenet_backbone/runs/ddp_batch_benchmarks/p08_ddp_bs_benchmark_20260823_2100/bs96_global192/checkpoints/last.pt,periodic checkpoint has sibling best and last/latest
FixedFeedbackSFT/projects/qwen3_vl_patch_stem_8stage_optical_imagenet_backbone/runs/ddp_batch_benchmarks/p08_ddp_bs_benchmark_20260823_2100/bs64_global128/checkpoints/epoch_001.pt,40890185,FixedFeedbackSFT/projects/qwen3_vl_patch_stem_8stage_optical_imagenet_backbone/runs/ddp_batch_benchmarks/p08_ddp_bs_benchmark_20260823_2100/bs64_global128/checkpoints,FixedFeedbackSFT/projects/qwen3_vl_patch_stem_8stage_optical_imagenet_backbone/runs/ddp_batch_benchmarks/p08_ddp_bs_benchmark_20260823_2100/bs64_global128/checkpoints/best.pt,FixedFeedbackSFT/projects/qwen3_vl_patch_stem_8stage_optical_imagenet_backbone/runs/ddp_batch_benchmarks/p08_ddp_bs_benchmark_20260823_2100/bs64_global128/checkpoints/last.pt,periodic checkpoint has sibling best and last/latest
FixedFeedbackSFT/projects/qwen3_vl_patch_stem_8stage_optical_imagenet_backbone/runs/p08_100k_screen/checkpoints/epoch_001.pt,40890121,FixedFeedbackSFT/projects/qwen3_vl_patch_stem_8stage_optical_imagenet_backbone/runs/p08_100k_screen/checkpoints,FixedFeedbackSFT/projects/qwen3_vl_patch_stem_8stage_optical_imagenet_backbone/runs/p08_100k_screen/checkpoints/best.pt,FixedFeedbackSFT/projects/qwen3_vl_patch_stem_8stage_optical_imagenet_backbone/runs/p08_100k_screen/checkpoints/last.pt,periodic checkpoint has sibling best and last/latest
FixedFeedbackSFT/projects/qwen3_vl_patch_stem_8stage_optical_imagenet_backbone/runs/p08_100k_screen/checkpoints/epoch_002.pt,40890761,FixedFeedbackSFT/projects/qwen3_vl_patch_stem_8stage_optical_imagenet_backbone/runs/p08_100k_screen/checkpoints,FixedFeedbackSFT/projects/qwen3_vl_patch_stem_8stage_optical_imagenet_backbone/runs/p08_100k_screen/checkpoints/best.pt,FixedFeedbackSFT/projects/qwen3_vl_patch_stem_8stage_optical_imagenet_backbone/runs/p08_100k_screen/checkpoints/last.pt,periodic checkpoint has sibling best and last/latest
FixedFeedbackSFT/projects/qwen3_vl_patch_stem_8stage_optical_imagenet_backbone/runs/p08_100k_screen/checkpoints/epoch_003.pt,40891465,FixedFeedbackSFT/projects/qwen3_vl_patch_stem_8stage_optical_imagenet_backbone/runs/p08_100k_screen/checkpoints,FixedFeedbackSFT/projects/qwen3_vl_patch_stem_8stage_optical_imagenet_backbone/runs/p08_100k_screen/checkpoints/best.pt,FixedFeedbackSFT/projects/qwen3_vl_patch_stem_8stage_optical_imagenet_backbone/runs/p08_100k_screen/checkpoints/last.pt,periodic checkpoint has sibling best and last/latest
FixedFeedbackSFT/projects/qwen3_vl_patch_stem_8stage_optical_imagenet_backbone/runs/p08_100k_screen/checkpoints/epoch_004.pt,40892105,FixedFeedbackSFT/projects/qwen3_vl_patch_stem_8stage_optical_imagenet_backbone/runs/p08_100k_screen/checkpoints,FixedFeedbackSFT/projects/qwen3_vl_patch_stem_8stage_optical_imagenet_backbone/runs/p08_100k_screen/checkpoints/best.pt,FixedFeedbackSFT/projects/qwen3_vl_patch_stem_8stage_optical_imagenet_backbone/runs/p08_100k_screen/checkpoints/last.pt,periodic checkpoint has sibling best and last/latest
FixedFeedbackSFT/projects/qwen3_vl_patch_stem_8stage_optical_imagenet_backbone/runs/p08_100k_screen/checkpoints/epoch_005.pt,40892809,FixedFeedbackSFT/projects/qwen3_vl_patch_stem_8stage_optical_imagenet_backbone/runs/p08_100k_screen/checkpoints,FixedFeedbackSFT/projects/qwen3_vl_patch_stem_8stage_optical_imagenet_backbone/runs/p08_100k_screen/checkpoints/best.pt,FixedFeedbackSFT/projects/qwen3_vl_patch_stem_8stage_optical_imagenet_backbone/runs/p08_100k_screen/checkpoints/last.pt,periodic checkpoint has sibling best and last/latest
