"path","status","local_sha256","server_sha256"
".gitignore","content_diff","b672f429410262a8a1bd8309265b6997109eff2590ea9ae0104ea21cd6275a6d","71f3ae43379441820cfdac46493268d340632d40c53d45a3c7ae6e5ba4c3e640"
"document/01_grocery10_classification/README.md","local_only","cdabfdfeb5de1d2562ffac67234a9be9c2a6217707c172ebdc38d8e9abd879a2",
"document/02_grocery10_retrieval_hardware/README.md","local_only","829d8f717bb95105b2283e54fab71968b334cfe979c4598cdee41e141aec2f73",
"document/03_bdd100k_timeofday/README.md","local_only","2fd04f20e813406680ad3d440dd66d93c9e69314513edf92da83ab8b254842c0",
"document/04_cifar10_classification/README.md","local_only","299b9f096bcaa0ca0c10f80e83243c4cbeb37d75122190941e53521a30c21603",
"document/05_flickr30k_itm/README.md","local_only","edf27eddbb47e8375c2136bfec7195ecf424896b999fa34c0a55207411da328b",
"document/06_spaq_iqa/README.md","local_only","cc2f860636baceec7e8fdb51d3f7a96c2c00545d7b6f633b633c56b24b1186dc",
"document/07_kadid10k_iqa/README.md","local_only","955394696e6f7d2f87b93296a9e659a11fb925fe1d9564a3c1b9ccfba7f32ad4",
"document/08_imagenet1k_clip_distill/README.md","local_only","fb63b5cb8f6018ffda0b5a85045bc1b29ca5d6cef9bde0aeda84b91074d117bc",
"document/09_abo_product_retrieval/README.md","local_only","8ecbb2ace8db3faedc1eebb1c8361f1d766e62ba663fccc11acad9ad5b85fb52",
"document/10_coco_duts_pretrain/README.md","local_only","da245d02ec572a5ebbffe3e3f9225c7ca22884dec2786216f94865d9a3126358",
"document/11_fss1000_segmentation/README.md","local_only","b68942ad21950bf39024c528d802e55589b29b90f42f62ce10b0add6a382ce6c",
"document/12_salicon_saliency/README.md","local_only","4d5aadbf0a8722b807a6345a4cb65d6bbc34e3a4c1104c066bf37a5bcc088c03",
"document/13_isic2016_segmentation/README.md","local_only","2eaa6c45219cf552a7b309a39b62410021a6d5dc67c3fd30ace427f30b33e6fd",
"document/14_lsp_pose/README.md","local_only","fd38c1233bcaa2df6d0e0f0db91f513d03f7ff3b953343e35b165d501bc7fc9c",
"document/15_bench2drive_e2e/README.md","local_only","1a5e85bc8d88b242bd766305b81158c5ae33951dadf28f6700145443b2a750ee",
"document/16_cc3m_not_run/README.md","local_only","92b58941a1d0d1182a084b73ed84ca8da42b6ec6159c7ccb20a5695e607fd0ae",
"document/17_caltech101_retrieval/backup_20260812_original/plot_caltech101_paper_figures.py","local_only","2ca607b1ef4b4fc3a686e6e5d41e09f4672621d9248a05fb79f69b41d3ab79de",
"document/18_vision2_hybrid_dense_tasks/FIGURE_HANDOFF.md","content_diff","fc3b5091e3c86d98e19ae7a815e51d69a24b8091c9d6026bfb964a0b299cd0f9","0b67ebb57583239e37d813303442dfa2a19bc67daed5d71c1b0a6cc47b7ade9a"
"document/18_vision2_hybrid_dense_tasks/METRIC_DEFINITIONS.md","content_diff","1355f91762d8fd0b4663c290dcf9ba10ef1b7e0b862c2c3511cf8f036c019002","19cf4cad94c87e83ff03d5e632e4cfb7753976750c96c0a10346219ba73b0dc1"
"document/18_vision2_hybrid_dense_tasks/parameter_latency/PARAMETER_AND_LATENCY_REPORT.md","server_only",,"25b93a1af601809133256493dcb931b5d6d644cddb020378559548147182c96c"
"document/18_vision2_hybrid_dense_tasks/parameter_latency/REPRODUCE.md","server_only",,"d31bad7143d823605379190f5e9b9bc94090871ea47bcea43202c56f28b06281"
"document/18_vision2_hybrid_dense_tasks/README.md","content_diff","bd57e75731b31f28d4c686b4f829257ba2b6445b1c4a28287258791b7a37bbe4","0e4e3635961d6047c1cb0606e61f918ca60d4911ceb9effa0f781f28d1a9dcde"
"document/18_vision2_hybrid_dense_tasks/scripts/audit_caltech_forward_parts.py","server_only",,"4b98c4c582baf1cbb051a288a9676eb5c03180adb9a51a7f85a6f35a5d49ae54"
"document/18_vision2_hybrid_dense_tasks/scripts/benchmark_caltech_detailed_parts.py","server_only",,"aab897ed776b69d864b64e0801ea66cb30801dedd83a1b506086335a22cfa00e"
"document/18_vision2_hybrid_dense_tasks/scripts/benchmark_caltech_isolated_parts.py","server_only",,"2f7c810ad1b6fe8a6cd5bfbfde3196d5516076288b584d81f8de8f68444d4064"
"document/18_vision2_hybrid_dense_tasks/scripts/benchmark_caltech_parameter_latency.py","server_only",,"e633c7cf31586d42e316d2a242208b9e0f8f53470005b2c63dd0df4cb994421f"
"document/18_vision2_hybrid_dense_tasks/visualization_gallery_20260818/CAPTIONS.md","server_only",,"cfe384fbb6231545a6ac3b741d0969fabc872b82119993efc3eb241a28c03c56"
"document/18_vision2_hybrid_dense_tasks/visualization_gallery_20260818/QA_REPORT.md","server_only",,"68e00d7b01595e9c33a44ef76958e321781aa140a3705af1094a6fe2ad8aa877"
"document/18_vision2_hybrid_dense_tasks/visualization_gallery_20260818/raw/caltech101_eval/config.yaml","server_only",,"e69ac77e2b5e05d68a1e396cc78c049bf5cbc356dd1128e0d0a5d1b016c2fe34"
"document/18_vision2_hybrid_dense_tasks/visualization_gallery_20260818/README.md","server_only",,"8ba0070f5543e450b52732399a6392cb2502fd697e8d1979cc33d96f375a3443"
"document/18_vision2_hybrid_dense_tasks/visualization_gallery_20260818/sample_atlas/QA_REPORT.md","server_only",,"d98d87fd446ffe5822d75e10868102f2fff4f23cbde0a969884809c8cc2843c8"
"document/18_vision2_hybrid_dense_tasks/visualization_gallery_20260818/sample_atlas/README.md","server_only",,"780cb69aa7193c8d189f9c56b56b065e0826fb260ee626ef505673a10335abcc"
"document/18_vision2_hybrid_dense_tasks/visualization_gallery_20260818/scripts/build_visual_gallery.py","server_only",,"9e519a2ba04d21d1bb244def71ff0d3d6c6cd8bef274e5ec0892625f71b2e046"
"document/19_qwen_four_stage_architecture_comparison/README.md","local_only","00b3ad273f874f7afac4b6c1f4871cc2066f044884aee405f2b310443fb11976",
"document/19_qwen_four_stage_architecture_comparison/SISTER_INFERENCE_DATAFLOW.md","local_only","56cc1cd7061dab045aaa4fe2525beab3e493170299a710ceae22ef8b1c5afda7",
"document/19_qwen_four_stage_architecture_comparison/SOURCE_AUDIT.md","local_only","84359b42ea6de9e75cd72f620ddae0a3b35e1a2f0d57c548fe9a0cf592649f5a",
"document/19_qwen_four_stage_architecture_comparison/WARMSTART5_COMPLETE_DATAFLOW.md","local_only","74344f022b0d40d85c37ae0c48d7ce4080e28fcb77096215996363b9185a581d",
"document/FIGURE_CAPTIONS.md","local_only","4bcd5a0bab97ff5fd1f70292fd2ad24269aea44b3bf8580dad21876ef18bfadb",
"document/FIGURE_POLICY.md","local_only","c25625be47958c18c0eb8bc98bcd714518fe44e47b0da199386248c76b2f6803",
"document/NATURE_FIGURE_V2_QA.md","local_only","62491bd548029856fc2d447588e6b2de3cab130bb917bd8e42c2c48e8c1e7f9a",
"document/PAPER_EXPERIMENT_PLAN.md","local_only","1daa1cf9e11b06bf94a164b474af5871e15946cecad6a2ffaf7cb453ba133354",
"document/plot_nature_figure_v2.py","local_only","321f6378c0fcc476f4ace44a5ce303296abb13980b66c10f777c3ddc205d1df3",
"document/plot_nature_figures.py","local_only","d98d66d7959ced7f60def28293f8f4c9f0e306a54249c6eb02b596facffd9b49",
"experiments/__init__.py","content_diff","bd6d222317a51523647d0112d34718339aebc538392123a5ce3b66463493848d","cc3c57df4784a977806b5bc0ed8cb9911ab3e423333ddafe05da5cdde6eebe80"
"experiments/d2nn_cifar10_high_performance_optical_backbone/__init__.py","server_only",,"9e901d6e6ea7ad418b6e43658490a81c524923ebdada597c9d0f720fce7d7b0d"
"experiments/d2nn_cifar10_high_performance_optical_backbone/__main__.py","server_only",,"2cb3f6b1ebbe2c5f4d733b62bb156f4170e0bf9beb6088c056cf1defcdb92d46"
"experiments/d2nn_cifar10_high_performance_optical_backbone/ARCHITECTURE.md","server_only",,"4d9d65ee690d724443a45aa6bdb87c337b59dfa14aa04d8eab3fc649a2a5d474"
"experiments/d2nn_cifar10_high_performance_optical_backbone/commands/_common.sh","server_only",,"59c77d31a1ee2ed4b0a2736772ddd0bd1562261030cef7f1541ab7db977f7ae6"
"experiments/d2nn_cifar10_high_performance_optical_backbone/commands/01_prepare_data.sh","server_only",,"9bf18a2ef7ec78b3bf0f2e166a16c9b74af77b5e0d697343a31fe627b0d2e62e"
"experiments/d2nn_cifar10_high_performance_optical_backbone/commands/02_smoke_test.sh","server_only",,"3c759d027eb3cac11c082b5c320c43a2335a7f82e3772648350376026cb38607"
"experiments/d2nn_cifar10_high_performance_optical_backbone/commands/03_train_a01.sh","server_only",,"4ccabe6be0d97c98376b574c7197c16bfa7e9b5e6cd51a7b86c30074c4574baf"
"experiments/d2nn_cifar10_high_performance_optical_backbone/commands/04_evaluate_a01.sh","server_only",,"42b338bfd13fc7116197770e15be3d4e7a27ef8e19a28379ea1564d61fbfe6a5"
"experiments/d2nn_cifar10_high_performance_optical_backbone/commands/05_aggregate_a01.sh","server_only",,"179270461307ceab6a8e9593198d3308fb24774c8cac457b297dae0f6fb956de"
"experiments/d2nn_cifar10_high_performance_optical_backbone/commands/06_train_a02_pool16.sh","server_only",,"d38c67609b52f584b23c29e8999a0551470be780e885ccace96302e3ee2290fe"
"experiments/d2nn_cifar10_high_performance_optical_backbone/commands/07_pretrain_a03_cifar100.sh","server_only",,"e2f89e6a6551f3e5d9f22d122c33a3c290701a871d2d253fe9823f7394a4eab1"
"experiments/d2nn_cifar10_high_performance_optical_backbone/commands/08_finetune_a04_cifar10.sh","server_only",,"18dd056b287435dc8523a670d7c122f9e6e8dddf2220963cda805e6df4156587"
"experiments/d2nn_cifar10_high_performance_optical_backbone/commands/09_refine_a05_from_a01.sh","server_only",,"e9dbf4937f9213fdb990da170f86bd41f2a31dce88771558fee50eeeb1ee98d4"
"experiments/d2nn_cifar10_high_performance_optical_backbone/commands/10_prepare_common_formal.sh","server_only",,"5baa43aeb518d775a0af1df917bac7fb43d546ab7d2b889415b2c1bc45b763aa"
"experiments/d2nn_cifar10_high_performance_optical_backbone/commands/11_run_noft_pilot.sh","server_only",,"99dd71d3db98bc408f107b2d4552838403d266bf6808ad7103539c42d57bebae"
"experiments/d2nn_cifar10_high_performance_optical_backbone/commands/12_run_bp_pilot.sh","server_only",,"69e2494a7a66226e3094eee778f535c16a8b2d4b80519c0ec6ba60ac05bea747"
"experiments/d2nn_cifar10_high_performance_optical_backbone/commands/13_run_fa_pretrained_pilot.sh","server_only",,"0c069b3ac2a8d865a9724e35e8ea65c4a271992863bc8bf9fee9d0ac26f3a7ce"
"experiments/d2nn_cifar10_high_performance_optical_backbone/commands/14_run_fa_random_pilot.sh","server_only",,"080b263feed267f0a299f938707674814dc7edaae25ff1575f8f27981e78890e"
"experiments/d2nn_cifar10_high_performance_optical_backbone/commands/15_compare_formal_pilot.sh","server_only",,"64416b26afc09c4982d852925ca47313313d4b215e1685bb009dc5c1464b355d"
"experiments/d2nn_cifar10_high_performance_optical_backbone/commands/16_smoke_formal.sh","server_only",,"c39ec4ece4f9ccb10655d3cf42f91639f10c0e4093f49a1d9c39fc8b07e79f5b"
"experiments/d2nn_cifar10_high_performance_optical_backbone/commands/17_train_a07_high_optical.sh","server_only",,"ca83e159dc42574ce901e01f0fd075dd212a2e27b84d8d52aa6f1fae4e594e8a"
"experiments/d2nn_cifar10_high_performance_optical_backbone/commands/18_train_a08_pointwise_residual.sh","server_only",,"1e383938e07c7d48d1bea7c41c25a0532e6488f9bcac87ddbc35fe48ab392e39"
"experiments/d2nn_cifar10_high_performance_optical_backbone/commands/19_train_a09_depthwise_residual.sh","server_only",,"998356c6ef5e2421279a3ce25a10301ee196917849db551948e9dabfa1aa8c18"
"experiments/d2nn_cifar10_high_performance_optical_backbone/commands/20_train_a10_unet_skips.sh","server_only",,"5cc1fe60bc0630a926a1d66f04c897dafd3fd3e7c8bc7f1fed2361e9cf283bae"
"experiments/d2nn_cifar10_high_performance_optical_backbone/commands/21_train_a11_conv_readout.sh","server_only",,"a62574f13b4f6e61d31c8994327358428cbd7fc82a4bed9a4591ebafadc064a4"
"experiments/d2nn_cifar10_high_performance_optical_backbone/commands/22_train_a12_dual_pool_readout.sh","server_only",,"8b10ab7a8594ced8ff18fa0e1278ed20ef0f81a00b89ea0e1b89626e58837128"
"experiments/d2nn_cifar10_high_performance_optical_backbone/commands/23_evaluate_candidate.sh","server_only",,"1262897fb07b970e65dabbc05e4a85d5eac9d864aceb7c50811c3414b90a2661"
"experiments/d2nn_cifar10_high_performance_optical_backbone/commands/24_train_a13_lowres_residual.sh","server_only",,"2813080016606cd0e27c7166f998d4a57624cb06a705767115aef229d131b006"
"experiments/d2nn_cifar10_high_performance_optical_backbone/commands/25_train_a13_replica.sh","server_only",,"0a6d874e69057e740acaf4910e54c907645189c696bc6d197d0e087433befd78"
"experiments/d2nn_cifar10_high_performance_optical_backbone/commands/26_aggregate_a13_replicas.sh","server_only",,"35f8f2eab3337b86dbc48ca7ef11721ab410cc5fde6d77e11ddf67d0ad432a6e"
"experiments/d2nn_cifar10_high_performance_optical_backbone/commands/27_train_a13_confirmatory_seed2028.sh","server_only",,"6d97ff9281488947a56b9d66f791adffd93f3311a8afda34b71a83ab05f7a16c"
"experiments/d2nn_cifar10_high_performance_optical_backbone/commands/28_prepare_common_a13_formal.sh","server_only",,"756b4f75d2a522eaef0bd5964f661ccb9d82d68238c494b7fcab5d6ee5a95030"
"experiments/d2nn_cifar10_high_performance_optical_backbone/commands/29_run_a13_formal_method.sh","server_only",,"82b8a72483d3fa61928bba9153891681fc9f01dd34ef7ef74553cd3229b42c2c"
"experiments/d2nn_cifar10_high_performance_optical_backbone/commands/30_compare_a13_formal.sh","server_only",,"042032b105c36b62f0ab664672e5fbd68a18bcbc7b8c4d40d51b320dc32fdaac"
"experiments/d2nn_cifar10_high_performance_optical_backbone/commands/31_queue_a13_formal_method.sh","server_only",,"9f55fb2f847cc913e1da022dc145414557140267fde7bc44d3ecf8066eb7d314"
"experiments/d2nn_cifar10_high_performance_optical_backbone/commands/32_wait_and_compare_a13_formal.sh","server_only",,"9b77643b83d8cff0db9af853fcace4fee95ea25c730b25dc404016e884f88c3e"
"experiments/d2nn_cifar10_high_performance_optical_backbone/commands/33_run_p03_deployment_screen.sh","server_only",,"eba43648a0a08675184c08b279080fd590b44a9a4a7a739f5e168bda78bde424"
"experiments/d2nn_cifar10_high_performance_optical_backbone/commands/34_compare_p03_deployment_screen.sh","server_only",,"c7dcdd0db1e3e6fc7115036f49b85306a502ee2ca131d684d29f222a967ee882"
"experiments/d2nn_cifar10_high_performance_optical_backbone/commands/35_run_p03_deployment_formal.sh","server_only",,"83adc62abf02687d6e672f9cd2738457dd65d104b5d89b21f8d91f6bde6d1aed"
"experiments/d2nn_cifar10_high_performance_optical_backbone/commands/36_compare_p03_deployment_formal.sh","server_only",,"af318f952cab4f5d8f30d5f718055593c142779dff022108036b40275f4614a0"
"experiments/d2nn_cifar10_high_performance_optical_backbone/commands/37_run_p04_adaptation_screen.sh","server_only",,"7a94fa7c85e3ec0a806ed1ab757d1f2e1ca3329d618b48eef7b226419fa2fbcf"
"experiments/d2nn_cifar10_high_performance_optical_backbone/commands/38_compare_p04_adaptation_screen.sh","server_only",,"49c40c823e7f2b97ccd18eac2eacb917f9c732a8b290f1919809d7ebfb7a4bdd"
"experiments/d2nn_cifar10_high_performance_optical_backbone/commands/39_launch_p04_adaptation_screen_dual_gpu.sh","server_only",,"4bad37173eb304c4a103c191065543a52057066c02f4bc2c462df145925044cf"
"experiments/d2nn_cifar10_high_performance_optical_backbone/commands/40_run_p04b_large_shift_screen.sh","server_only",,"a11586a47a68ce94ec903fe8ad856081248e82e4a30a45d0457db71f6c2daebf"
"experiments/d2nn_cifar10_high_performance_optical_backbone/commands/41_compare_p04b_large_shift_screen.sh","server_only",,"6a8c8144787538fa137074fc9645af675a9ec8057c1458b582312b57c41bdeb5"
"experiments/d2nn_cifar10_high_performance_optical_backbone/commands/42_launch_p04b_large_shift_screen_dual_gpu.sh","server_only",,"b00d07af69e536caced341f9702e5f0ed12d40e3db71bf340a156837797596a7"
"experiments/d2nn_cifar10_high_performance_optical_backbone/commands/43_run_p04_update_attribution.sh","server_only",,"4f35d0427b48c53eda0ed5fc65bd29d860387eba314ce17675178ea38880e4ef"
"experiments/d2nn_cifar10_high_performance_optical_backbone/commands/44_wait_and_compare_p04b_large_shift.sh","server_only",,"f68feee72515dc05ea4c501f11864ba1a63824a5cb377e9d97996bd41184469c"
"experiments/d2nn_cifar10_high_performance_optical_backbone/commands/45_run_p05_misalignment_vaccination.sh","server_only",,"6603831759df2e06e8818111ec90cde09977f23284b2801bd7a96f5017f28098"
"experiments/d2nn_cifar10_high_performance_optical_backbone/commands/46_run_p05b_vaccinated_adaptation.sh","server_only",,"4f095d4a84d0982da617e54645f5f1ac1f798302280bced3407456b8f6881887"
"experiments/d2nn_cifar10_high_performance_optical_backbone/commands/47_compare_p05b_vaccinated_adaptation.sh","server_only",,"9b94eb876aaa19ebd972c117d13c1c9137909102295198e676f5895e4a99531f"
"experiments/d2nn_cifar10_high_performance_optical_backbone/commands/48_launch_p05b_vaccinated_adaptation_dual_gpu.sh","server_only",,"6a0dd2417a9f222e7478bad20c630893ce53c9bc4e172923149bfacfb6873132"
"experiments/d2nn_cifar10_high_performance_optical_backbone/commands/49_wait_p05_and_run_adaptation.sh","server_only",,"ea8a8c4797f5b8a6fa5fc8f1bfc42cb1a2be5e8f84d41e16a63e0e71929fa8b5"
"experiments/d2nn_cifar10_high_performance_optical_backbone/commands/50_audit_p06_general_backbone_assets.sh","server_only",,"4638aad51708cdd20e1099f99782508f181034b4ba760f65b6f9324da9494f70"
"experiments/d2nn_cifar10_high_performance_optical_backbone/commands/51_run_p06_imagenet_smoke.sh","server_only",,"26a160cdd9b9eb192cacd55230181fafc8e2c3b6fb5f76d777c885b6dd2acbb4"
"experiments/d2nn_cifar10_high_performance_optical_backbone/commands/52_run_p06_imagenet_100k_screen.sh","server_only",,"1ff748acc9096b2fd1a5b15b01638bf2f29ecfc43fdbb3a9fdd66a90d3c1836b"
"experiments/d2nn_cifar10_high_performance_optical_backbone/commands/53_launch_p06_imagenet_100k_screen.sh","server_only",,"fc0271c20353907cc1b8d23c7f7ada2bd6d5f0986fb258f22a0c9f5e0bccd807"
"experiments/d2nn_cifar10_high_performance_optical_backbone/commands/54_run_p06_imagenet_100k_contrastive_refine.sh","server_only",,"75a646b9b68cf8d8a05189161b0609c795b08f0bb4d6060517bec519063eb929"
"experiments/d2nn_cifar10_high_performance_optical_backbone/commands/55_launch_p06_imagenet_100k_contrastive_refine.sh","server_only",,"b879225783bd8bd03cd1ef84e2ba23f6f133e7fe9aeb70b1e6088d15d8c761bb"
"experiments/d2nn_cifar10_high_performance_optical_backbone/commands/56_run_p06_imagenet_100k_balanced_refine.sh","server_only",,"5f8dc4a9baa30132ad4888bae667d6ac10fe4d30a892d9d32fbba3dc231488f5"
"experiments/d2nn_cifar10_high_performance_optical_backbone/commands/57_launch_p06_imagenet_100k_balanced_refine.sh","server_only",,"f80b97f61dcb30f62c5ab8517c37492856816a38ce4edf4e7495cbd2b6db0ce5"
"experiments/d2nn_cifar10_high_performance_optical_backbone/commands/58_run_p06_imagenet_full_stage1.sh","server_only",,"65434a0b3a944f9ff0df3e091d06b740a9c04bedd5183fc282a69af92924e661"
"experiments/d2nn_cifar10_high_performance_optical_backbone/commands/59_launch_p06_imagenet_full_stage1.sh","server_only",,"2f1735cda4751dcb78a9a07c50b044c9e95eb9e3a1404a815dde33fbb5a7a31d"
"experiments/d2nn_cifar10_high_performance_optical_backbone/commands/60_watch_p06_imagenet_full_stage1.sh","server_only",,"2cb4eea83cb421ce99a5f52dd789f8073a521a8424599a4182ae2596d0d7ae4a"
"experiments/d2nn_cifar10_high_performance_optical_backbone/commands/61_launch_p06_imagenet_full_stage1_watcher.sh","server_only",,"704781f23ef18f11d829dd50cda62daf6424e2f16839a03d8a0ea3ee60c7aa4e"
"experiments/d2nn_cifar10_high_performance_optical_backbone/commands/62_run_p06_imagenet_full_supervised_refine.sh","server_only",,"74ab267774a50dd6ccd2d6cbd86faf509e8a679cf1f4d3dae57aabca5a1e2180"
"experiments/d2nn_cifar10_high_performance_optical_backbone/commands/63_launch_p06_imagenet_full_supervised_refine.sh","server_only",,"f5c396d9b986b5158bef7545f305d30e36dee25bb27cb7b64ee49261214039ea"
"experiments/d2nn_cifar10_high_performance_optical_backbone/commands/64_run_p06_imagenet_full_mlp_readout.sh","server_only",,"1230a424ba90817c30590d1f414eed0347cf69564d55bbaefef3e70da801c876"
"experiments/d2nn_cifar10_high_performance_optical_backbone/commands/65_launch_p06_imagenet_full_mlp_readout.sh","server_only",,"a54c3162dba53711bdf6f6f0615e8d4d06abeda4f1426699bcebca8d42402508"
"experiments/d2nn_cifar10_high_performance_optical_backbone/commands/66_smoke_p06_imagenet_capacity_12x192.sh","server_only",,"65a79d0507eda8b8f8acd3bb02c8b8b21ffb8b0604693ccc29ca092b284f2fbd"
"experiments/d2nn_cifar10_high_performance_optical_backbone/commands/67_run_p06_imagenet_capacity_12x192.sh","server_only",,"8ec3cf89906e208578e99563a87b9b81b0504ab8c4b1a4ea41c2fb0fc7a7e79b"
"experiments/d2nn_cifar10_high_performance_optical_backbone/commands/68_launch_p06_imagenet_capacity_12x192.sh","server_only",,"b2aa64a5f1206f58d0452c25a018ddf7ab3a58905c1af839fe06a5e685dd3a45"
"experiments/d2nn_cifar10_high_performance_optical_backbone/commands/69_wait_f2a_then_run_capacity.sh","server_only",,"b37205101def99c69bc2a6d1fad0265ec6c22cca8ab9397d1ef74c6290534d72"
"experiments/d2nn_cifar10_high_performance_optical_backbone/commands/70_launch_capacity_queue.sh","server_only",,"1afaae218d404706e29b5c6201a30159857bf512bf46a0a3ba5cf47970973aad"
"experiments/d2nn_cifar10_high_performance_optical_backbone/commands/71_watch_p06_imagenet_capacity_12x192.sh","server_only",,"9d1e122863bfc017f35f5072c82c197ef17baa187e5815ac2b4993bc2ca908a3"
"experiments/d2nn_cifar10_high_performance_optical_backbone/commands/72_launch_p06_imagenet_capacity_watcher.sh","server_only",,"9e5f76de9488b4060cde6ff5c79158a67d684e047d5d122b6dd4d8db7349eae9"
"experiments/d2nn_cifar10_high_performance_optical_backbone/commands/73_smoke_p06_imagenet_8x224.sh","server_only",,"2325ce31862313c22c865d6d2d8f8fe8b1a7d3f0a97448dff9eb17daef031470"
"experiments/d2nn_cifar10_high_performance_optical_backbone/commands/74_run_p06_imagenet_8x224_screen.sh","server_only",,"c78ea73195cb99e8055de681626933112948adeed99bdf97fca4c5e7d8267fd5"
"experiments/d2nn_cifar10_high_performance_optical_backbone/commands/75_launch_p06_imagenet_8x224_screens.sh","server_only",,"cc8c04550d456ff2d49b059e19e2d275bea54524dc76730c9ff178e4f1bc45fa"
"experiments/d2nn_cifar10_high_performance_optical_backbone/commands/76_launch_p06_imagenet_8x224_spatial_screen.sh","server_only",,"1be375f87511e56756177d052bf6895fd9ca9d3bc6ec22371709ea8f1fd3a08a"
"experiments/d2nn_cifar10_high_performance_optical_backbone/commands/77_run_p06_imagenet_8x224_full_spatial.sh","server_only",,"08dfd3734d5c531eb0e37186bc6bae124375159f92d7f0a44c91bbccad4950ef"
"experiments/d2nn_cifar10_high_performance_optical_backbone/commands/78_launch_p06_imagenet_8x224_full_spatial.sh","server_only",,"b37a6182e9e842b0dfb73a1fcd9290286e13d1fec4d994901a8141e2fb05509c"
"experiments/d2nn_cifar10_high_performance_optical_backbone/commands/79_watch_p06_imagenet_8x224_full_spatial.sh","server_only",,"78c3ab02fac0270e613930958eac7bb4dbc0e97cda37ff81400e4cfe2d074b29"
"experiments/d2nn_cifar10_high_performance_optical_backbone/commands/80_launch_p06_imagenet_8x224_full_watcher.sh","server_only",,"3ae63c097996330c0621c43cba05c88242774b6d98ec9f08ae46e0e194f87d4b"
"experiments/d2nn_cifar10_high_performance_optical_backbone/commands/81_run_p06_imagenet_8x224_epoch4_shift_screen.sh","server_only",,"f2c8f7cfb579ef3dfdd918ec1dac64b6d9da81db5d4ac4dbcd37a061fe86eee1"
"experiments/d2nn_cifar10_high_performance_optical_backbone/commands/82_launch_p06_imagenet_8x224_epoch4_shift_screen.sh","server_only",,"642d64603037715d9a8bacb4aaf444f984df1885938750d8ac1bb10083d324cc"
"experiments/d2nn_cifar10_high_performance_optical_backbone/commands/83_run_p06_imagenet_8x224_full_decoupled_mlp.sh","server_only",,"3e48decfeda89c374dcf3d6adbd14dd9b4cc0cffd1415dc923ea9883fbf4a89c"
"experiments/d2nn_cifar10_high_performance_optical_backbone/commands/84_launch_p06_imagenet_8x224_full_decoupled_mlp.sh","server_only",,"a4c4b6ed12c4464475d618833b804d43ef74a6a412454596b3019a660ea0c353"
"experiments/d2nn_cifar10_high_performance_optical_backbone/commands/85_watch_p06_imagenet_8x224_full_decoupled_mlp.sh","server_only",,"dbeee8b5f2f2f5745f7834e89abef728f7ab9f6cb2a527fe8b305a37d31a2f00"
"experiments/d2nn_cifar10_high_performance_optical_backbone/commands/86_launch_p06_imagenet_8x224_full_decoupled_mlp_watcher.sh","server_only",,"6952d29d409540975c210ff9cb9873e36c8f477b164b7a4aaf7941594129a2e3"
"experiments/d2nn_cifar10_high_performance_optical_backbone/commands/87_run_p07_teacher_free_head_screen.sh","server_only",,"1d98d7f1839f258611e0561ed8d92641dfb8bef16a7c18b1dbe54c5be9d696d9"
"experiments/d2nn_cifar10_high_performance_optical_backbone/commands/88_launch_p07_teacher_free_head_screens.sh","server_only",,"09048413f29d21cdd7628fa992b25212d6618a4b80f96b72c14d8a7401fc2bc4"
"experiments/d2nn_cifar10_high_performance_optical_backbone/commands/89_watch_p07_teacher_free_head_screens.sh","server_only",,"976967f73c6fc05bc894a6867e161f33b321021c41d35c722d3acc4d0051c22d"
"experiments/d2nn_cifar10_high_performance_optical_backbone/commands/90_launch_p07_teacher_free_watcher.sh","server_only",,"02aa676a85c80f9d14bf1318a787c676099f4204ce347476b0322ac6625e0d38"
"experiments/d2nn_cifar10_high_performance_optical_backbone/commands/91_run_p07_teacher_free_formal_linear.sh","server_only",,"c5a59440992d42eb83198ab538d88706d2badb053ff61eeeb9532c335a08639c"
"experiments/d2nn_cifar10_high_performance_optical_backbone/commands/92_launch_p07_teacher_free_formal_linear.sh","server_only",,"b87f5c769b131301e139ffa79fede3a53041bbbb81bf23a9ce0e96de6cb7aae2"
"experiments/d2nn_cifar10_high_performance_optical_backbone/commands/93_watch_p07_teacher_free_formal_linear.sh","server_only",,"ea8ce7bd33a0fc4d47aa2faa8e55e974a4660f302dc4e2eab2bfbdb0ef6f551e"
"experiments/d2nn_cifar10_high_performance_optical_backbone/commands/94_launch_p07_teacher_free_formal_watcher.sh","server_only",,"bcbfbd236b4e97f57e21b281be6210dfc3711116bc7877554404a71a5fe59f40"
"experiments/d2nn_cifar10_high_performance_optical_backbone/commands/95_run_p07_teacher_free_allstage_pool5.sh","server_only",,"4279bf657b4a9847afa1a87aae8e2e0dd8c8b8e8510e241b7d20464474f6606f"
"experiments/d2nn_cifar10_high_performance_optical_backbone/commands/96_launch_p07_teacher_free_allstage_pool5.sh","server_only",,"2b21c53869237cb34bc732319861f3b87d0340ea156b8c5b9bbcb420497db2e5"
"experiments/d2nn_cifar10_high_performance_optical_backbone/commands/97_watch_p07_teacher_free_allstage_pool5.sh","server_only",,"f2e3bf051661505ec9d5b086ed5c00e6e02b51c5b985701194e08a7a12a7e99c"
"experiments/d2nn_cifar10_high_performance_optical_backbone/commands/98_launch_p07_teacher_free_allstage_watcher.sh","server_only",,"046815f06a26bcd3e1df7a3db73a191f7f1f27a4f7736172ceedf543e275e19a"
"experiments/d2nn_cifar10_high_performance_optical_backbone/commands/COMMANDS.md","server_only",,"7249a404d0f9632d9313c9b13e0154cfe7f55ac49aa82b574db7713d8c8943bc"
"experiments/d2nn_cifar10_high_performance_optical_backbone/configs/a02_pool16.yaml","server_only",,"581921c3d589852b515d898241e1ff722e0e36d80c3d7ecbee59a3f5f6ae0499"
"experiments/d2nn_cifar10_high_performance_optical_backbone/configs/a03_cifar100_pretrain.yaml","server_only",,"330bc176f8f0b74828a8cbba2add9ab8516948928957952fa2990be9325da175"
"experiments/d2nn_cifar10_high_performance_optical_backbone/configs/a04_cifar100_to_cifar10.yaml","server_only",,"726b3329fee14a4bb7fdfb62f60f4ebf68bb29f314226183e51fd927cd720bc2"
"experiments/d2nn_cifar10_high_performance_optical_backbone/configs/a05_refine_a01.yaml","server_only",,"3a2c6ca100b9ed0ec4244e22cd3833c182cceea0e42f7a1b720c30df713787fd"
"experiments/d2nn_cifar10_high_performance_optical_backbone/configs/a07_high_optical_cifar100_to_cifar10.yaml","server_only",,"e4691872e9ce3c124b426d31253aec154bf9db77909b0f70abd7184fd2530fb3"
"experiments/d2nn_cifar10_high_performance_optical_backbone/configs/a08_pointwise_electronic_residual.yaml","server_only",,"e82ca88196a036774734f61b48ff17f1556f99e3baaded4977d5ddbfc6e747b4"
"experiments/d2nn_cifar10_high_performance_optical_backbone/configs/a09_depthwise_electronic_residual.yaml","server_only",,"e213d7ec118d5ba15c6f511916486eafa573003796584a2a5da6e06fec6c902b"
"experiments/d2nn_cifar10_high_performance_optical_backbone/configs/a10_depthwise_unet_skips.yaml","server_only",,"2ca72e4775c6b91bd4634ffaffdd34e2831a4621de7fb98398992e03843264ed"
"experiments/d2nn_cifar10_high_performance_optical_backbone/configs/a11_pointwise_conv_readout.yaml","server_only",,"c70fd566e14b484fa6ab98614fac3fdf91270634fdc5f2822ff7798561383eb6"
"experiments/d2nn_cifar10_high_performance_optical_backbone/configs/a12_pointwise_dual_pool_readout.yaml","server_only",,"e4745e952b0458c5ccf363453453efcb86779f627617f383131a054b5a676dc9"
"experiments/d2nn_cifar10_high_performance_optical_backbone/configs/a13_lowres_electronic_residual.yaml","server_only",,"beafc5521e81cf05be84a6c142ad2935d04f0d49541f20c09418dced97dc7239"
"experiments/d2nn_cifar10_high_performance_optical_backbone/configs/a13_multiseed_replication.yaml","server_only",,"eb4f3d3659b48b5f4920c7710d5b4a45c5ec512e2bb96b5d96bbad6d1db47376"
"experiments/d2nn_cifar10_high_performance_optical_backbone/configs/formal_a13_high_performance.yaml","server_only",,"d7c2feebfaffec8ef4697025b5c90910079381158153e3ab397492bb0abb5ac7"
"experiments/d2nn_cifar10_high_performance_optical_backbone/configs/formal_pilot.yaml","server_only",,"578b5756f1c4f92889303e0db027bdb192cfb295802ae9f68651634caa730711"
"experiments/d2nn_cifar10_high_performance_optical_backbone/configs/formal_smoke.yaml","server_only",,"7f83270909809e7c185b3288e342eac1a9b60e1356c155740d570dd06b0685a9"
"experiments/d2nn_cifar10_high_performance_optical_backbone/configs/imagenet_capacity_12x192.yaml","server_only",,"8cdc857f5708881a10a3aefd8a00a288d236729caf6ca25a2ee6a17aade9649f"
"experiments/d2nn_cifar10_high_performance_optical_backbone/configs/imagenet_capacity_8x224.yaml","server_only",,"956ae80aaa098edc735bba840d2922415c0ea3bbc9725c4ee4eaa2314db309d7"
"experiments/d2nn_cifar10_high_performance_optical_backbone/configs/main.yaml","server_only",,"d165eb240318e252841795d5f1873755e17f27a4f68d2905beb70cdc343294de"
"experiments/d2nn_cifar10_high_performance_optical_backbone/configs/p03_deployment_robustness_formal.yaml","server_only",,"3c5f351bb1facb6747d21595c6e4e31fc62eb2a0bcbad141e71d4d4ed57397f9"
"experiments/d2nn_cifar10_high_performance_optical_backbone/configs/p03_deployment_robustness_screen.yaml","server_only",,"d58f42faac90c229bbd6a7665940e8697a8a678bc114a0ff29c1efb79a39c652"
"experiments/d2nn_cifar10_high_performance_optical_backbone/configs/p03b_deployment_subpixel_screen.yaml","server_only",,"90cba8eb43d57f53fd42a4343a34e3a694c000103047a377b44286cdb1bf1b89"
"experiments/d2nn_cifar10_high_performance_optical_backbone/configs/p04_deployment_adaptation_screen.yaml","server_only",,"a85f37997a5cb6dfb341d8b31286542da3e0f8e738b28756b3b6639faaed8b0f"
"experiments/d2nn_cifar10_high_performance_optical_backbone/configs/p04b_deployment_adaptation_large_shift_screen.yaml","server_only",,"0f8db727a013e28880dd675b27f32be6abb11baf43f92e53231a13fa985011c6"
"experiments/d2nn_cifar10_high_performance_optical_backbone/configs/p05_misalignment_vaccination.yaml","server_only",,"7708dd7f1c54fcd20a82c06ab34f19627f18bc8a16c6aa9e3d6413c965a28ed3"
"experiments/d2nn_cifar10_high_performance_optical_backbone/configs/p05b_vaccinated_deployment_adaptation.yaml","server_only",,"b8181e49999fa237c22a7337bc2df97fc81253d10b35f9df40e96cb9e42bb0e5"
"experiments/d2nn_cifar10_high_performance_optical_backbone/configs/p06_imagenet_100k_balanced_refine.yaml","server_only",,"216d68bb1e6fc09b504ea67a49022f6236c76d90fd00437cc2423b8c19dd6e8b"
"experiments/d2nn_cifar10_high_performance_optical_backbone/configs/p06_imagenet_100k_contrastive_refine.yaml","server_only",,"9b739ef58da70b611fae0bb78284587901e55abb2d090d8f9ae4cbcbf8b3aed5"
"experiments/d2nn_cifar10_high_performance_optical_backbone/configs/p06_imagenet_100k_screen.yaml","server_only",,"0989c74e766a2ac298ecde295ec61c6bc854b6f204042d540136aa8e4da3c682"
"experiments/d2nn_cifar10_high_performance_optical_backbone/configs/p06_imagenet_8x224_epoch4_shift_screen.yaml","server_only",,"3659b34d9cdffd9f9c17e074debd7041a8cd15ff6d85742456e1419338a55742"
"experiments/d2nn_cifar10_high_performance_optical_backbone/configs/p06_imagenet_8x224_full_decoupled_mlp.yaml","server_only",,"31614a1497779c9935399f581d6c9b5ad41a64b59487b3d63d46ace263f1947f"
"experiments/d2nn_cifar10_high_performance_optical_backbone/configs/p06_imagenet_8x224_full_spatial.yaml","server_only",,"43a2b621a269a251062152b0691c8a625233e4718cc7e199038643dd51b3a8fa"
"experiments/d2nn_cifar10_high_performance_optical_backbone/configs/p06_imagenet_8x224_screen_mlp.yaml","server_only",,"fb0757667811854ffd5d6b489a1a1cf01902b3711792b72402d60252a3c94c03"
"experiments/d2nn_cifar10_high_performance_optical_backbone/configs/p06_imagenet_8x224_screen_projected.yaml","server_only",,"0ca8e0649923eabfb8b0c673dd64253ff8ca4fd4f04e74d24e08239bcbbb0181"
"experiments/d2nn_cifar10_high_performance_optical_backbone/configs/p06_imagenet_8x224_screen_spatial.yaml","server_only",,"4c19b43c13316448eca9ba7facf1ba4bb93060a7cfc13afd6d4ef4f9871be1fe"
"experiments/d2nn_cifar10_high_performance_optical_backbone/configs/p06_imagenet_8x224_screen_supervised_mlp.yaml","server_only",,"9fd63537214af9533af12514ed295e06f8def87f4d3651f4ebd766bad144701d"
"experiments/d2nn_cifar10_high_performance_optical_backbone/configs/p06_imagenet_8x224_smoke.yaml","server_only",,"793257efa984de8e90d4bfcac97d226ed0db9cf0376c9e2c05ccad7f34df668e"
"experiments/d2nn_cifar10_high_performance_optical_backbone/configs/p06_imagenet_capacity_12x192.yaml","server_only",,"b7be4143728af608273c18617900cd3effca00db260cd2c3ff8a3a261964eef9"
"experiments/d2nn_cifar10_high_performance_optical_backbone/configs/p06_imagenet_capacity_12x192_smoke.yaml","server_only",,"d6f14718bf5fc939765a0dc451f0d2d14c79b89b8f52bc45311ca13b08609f8e"
"experiments/d2nn_cifar10_high_performance_optical_backbone/configs/p06_imagenet_full_mlp_readout.yaml","server_only",,"19b8abac7bbbc2ba49825d7a524cc459d15d2a1fee6b2c4969429af0fdcd6d5f"
"experiments/d2nn_cifar10_high_performance_optical_backbone/configs/p06_imagenet_full_stage1.yaml","server_only",,"cb1aeaacfb1db06dd2f13bc1add29a8f5892f7f7d59b53c4bc8ec765abee468c"
"experiments/d2nn_cifar10_high_performance_optical_backbone/configs/p06_imagenet_full_supervised_refine.yaml","server_only",,"eb25bbff6efb60c0420a8c4fbd047f04a0751ed822e103d1a735918a2b56d400"
"experiments/d2nn_cifar10_high_performance_optical_backbone/configs/p06_imagenet_smoke.yaml","server_only",,"eae8c4120e5bbbb95515f9857c3981802bcadc9ddf1c01f9ebf16856706093d5"
"experiments/d2nn_cifar10_high_performance_optical_backbone/configs/p07_teacher_free_allstage_pool5.yaml","server_only",,"5f78276e0b1a1d267e68a58e79ca999960a40b5be94ca07e90dac7174a2ca3ec"
"experiments/d2nn_cifar10_high_performance_optical_backbone/configs/p07_teacher_free_formal_linear.yaml","server_only",,"f870a4c0a733a6d20f012d1b220aee3bf8d56d9acf6a38999a6be2a6a6e1843d"
"experiments/d2nn_cifar10_high_performance_optical_backbone/configs/p07_teacher_free_screen_conv_mlp.yaml","server_only",,"ee742e193eed82596d49299b9dbce5a6850c5d5400cc2d63ed4fce6ace675337"
"experiments/d2nn_cifar10_high_performance_optical_backbone/configs/p07_teacher_free_screen_linear.yaml","server_only",,"ddcf42e94b5466015e283cd85467d6a889621c4c1450a2dbd07e389dc50df420"
"experiments/d2nn_cifar10_high_performance_optical_backbone/configs/p07_teacher_free_screen_mlp.yaml","server_only",,"1ae57793907546a0054dc75d6c1a9943833d3ac56ccf017dec43ef851a3a613f"
"experiments/d2nn_cifar10_high_performance_optical_backbone/configs/smoke.yaml","server_only",,"5ead437e7973742a80c5d9e68f5844ddceaf69b30fa12bb159395b6a333ec538"
"experiments/d2nn_cifar10_high_performance_optical_backbone/datasets.py","server_only",,"29b75a0eb60a7a5eccbd877bcc4ee562f269e0713ce34281b0d717b2ee3d05ba"
"experiments/d2nn_cifar10_high_performance_optical_backbone/deployment_adaptation.py","server_only",,"34595e201eaf4653f2ce58550e50f3b978ea0c71b86d1382464435b2c476386c"
"experiments/d2nn_cifar10_high_performance_optical_backbone/deployment_adaptation_attribution.py","server_only",,"8b2424bd3c87529773c65a7f11b8154edfec0f882ba540493f7345ec8da1df9c"
"experiments/d2nn_cifar10_high_performance_optical_backbone/deployment_robustness.py","server_only",,"86fb642aeb274aee396a30b688407b856908c16668d217d487c80fb16838a0f0"
"experiments/d2nn_cifar10_high_performance_optical_backbone/DEPLOYMENT_ROBUSTNESS_PLAN.md","server_only",,"7b9690a7500ef8e8a326b0f77ad66bf1f999890dd325ec5c50086c1c80e229d8"
"experiments/d2nn_cifar10_high_performance_optical_backbone/fixed_feedback_training.py","server_only",,"a509608d58bac94263a422e10d33b4781f04641df9ea9edc50caf196041fae02"
"experiments/d2nn_cifar10_high_performance_optical_backbone/FORMAL_EXPERIMENT_LOG.md","server_only",,"2d6bb63d609f15317da3fb1e4a0527bd6830b8127f79281d9e888ed2dcfff20a"
"experiments/d2nn_cifar10_high_performance_optical_backbone/formal_run.py","server_only",,"42cdc9dd22685efa01485bb1a08b5b9b330c85fb2a019776f07d1f99a933db91"
"experiments/d2nn_cifar10_high_performance_optical_backbone/formal_settings.py","server_only",,"2d9df3e82582b149c7ac6ab39dffc2c0743eecb403d2f97e6957653d7a5c8042"
"experiments/d2nn_cifar10_high_performance_optical_backbone/general_backbone_assets.py","server_only",,"f0851fbf8c557377924c28876d4f546cf4eda6260118b31330f8f6dc2d3882be"
"experiments/d2nn_cifar10_high_performance_optical_backbone/general_backbone_pretraining.py","server_only",,"6f4ff8c931e2f70edfe4ea381fd99de5ebd83098f80438ed7275cb5f249dff1b"
"experiments/d2nn_cifar10_high_performance_optical_backbone/general_backbone_robustness.py","server_only",,"849a50f6eac42e9d52216bc232efc395e4de26ded4b8772d2ca51845d25be31c"
"experiments/d2nn_cifar10_high_performance_optical_backbone/misalignment_vaccination.py","server_only",,"b338028b43634f48cb15cad17032098aff65a699bb6b2e91d33137cdb98d4c5b"
"experiments/d2nn_cifar10_high_performance_optical_backbone/model.py","server_only",,"238c261793773da9e2020a68265d7c2e1f7665c13b065965fba61bfaba413aa5"
"experiments/d2nn_cifar10_high_performance_optical_backbone/optics.py","server_only",,"795982c6f468067c3c5fcf93dac80b77e2322b501fa391966236dac3b5ebf3d4"
"experiments/d2nn_cifar10_high_performance_optical_backbone/OPTIMIZATION_LOG.md","server_only",,"924ebff229e76e955c37aa4e7eccfc542991c642c7e43b5ff2760643bb480c4a"
"experiments/d2nn_cifar10_high_performance_optical_backbone/P04_DEPLOYMENT_ADAPTATION_PLAN.md","server_only",,"c68f58dce3c4ac6a77fd58f056e9553fbf2de36f1a08dc113351876cb1ff05ac"
"experiments/d2nn_cifar10_high_performance_optical_backbone/P05_MISALIGNMENT_VACCINATION_PLAN.md","server_only",,"9cf92dd8d675e7c0251fe556d6b56cd6fbb2a9b0608b1a6b432c9e005a3a093c"
"experiments/d2nn_cifar10_high_performance_optical_backbone/P06_GENERAL_OPTICAL_BACKBONE_PLAN.md","server_only",,"ae0be7892311d567b2e83a63f81ad16b40aeb7948a25d00275ce6a206859ba30"
"experiments/d2nn_cifar10_high_performance_optical_backbone/P07_TEACHER_FREE_BACKBONE_PLAN.md","server_only",,"2b6e43ded7a6e4915f32f3bfa6128c13d4e50c2282a0588ead3deaf1dfc8af6c"
"experiments/d2nn_cifar10_high_performance_optical_backbone/README.md","server_only",,"8d02231a8b200de178b6da3912cff2430c1d307bd52294b5081105f3fae40484"
"experiments/d2nn_cifar10_high_performance_optical_backbone/run.py","server_only",,"28ee90b0a1784513c97ed9c72f6192cd0f5cbb5c45f7d8b98336e04df16bdbfc"
"experiments/d2nn_cifar10_high_performance_optical_backbone/settings.py","server_only",,"5e3b1befcf5bacc52cd7dd042a34064b2ced96ca4cf9941e07b68ef0baf73754"
"experiments/d2nn_cifar10_high_performance_optical_backbone/tests/__init__.py","server_only",,"61d57b2af6a72b3dd1516e7ac76695c4afa82d5cc315973e8d6ffc28ba1bb6e0"
"experiments/d2nn_cifar10_high_performance_optical_backbone/tests/test_core.py","server_only",,"f0275c363fcd7ac5892096257e2c9999407ba7987cc8b8ca900f440b3a880447"
"experiments/d2nn_cifar10_high_performance_optical_backbone/tests/test_general_backbone_pretraining.py","server_only",,"680e7a95c7a12b3da2e303d127cf5bf4a206ffd72646b0b92067bc5de7ce6bf5"
"experiments/d2nn_cifar10_high_performance_optical_backbone/training.py","server_only",,"00549c3b756e5102a0b8d8754c72197b350286aa7fe8553d7392e61e8c1f170e"
"experiments/d2nn_cifar100_cifar10_fixed_feedback_contrastive_20stage400/__init__.py","server_only",,"100b69f2ddecb14fad2c2fd140e9635944518f32a13040a0791df889f16e1f3c"
"experiments/d2nn_cifar100_cifar10_fixed_feedback_contrastive_20stage400/__main__.py","server_only",,"49da00691ef47d764e4313a4a4e182593ea3dc6abb508a9fd55dd4ad4fee516f"
"experiments/d2nn_cifar100_cifar10_fixed_feedback_contrastive_20stage400/analysis.py","server_only",,"3e208823229d3006c63118098263f2908229915830c674af8f1c18e87f335948"
"experiments/d2nn_cifar100_cifar10_fixed_feedback_contrastive_20stage400/ARCHITECTURE.md","server_only",,"286804bdf51b2d8a070c1e8b8f687843c84b867279c267f80ef2e4561ce16ac6"
"experiments/d2nn_cifar100_cifar10_fixed_feedback_contrastive_20stage400/commands/COMMANDS.md","server_only",,"3333fc5cdd91398f412717020527480a6e812f4553707c261181be74ec59b5ad"
"experiments/d2nn_cifar100_cifar10_fixed_feedback_contrastive_20stage400/configs/main.yaml","server_only",,"7a5fedde00afb3b33dfed6f594378564c70b5f35a2a251647d07b5962a4adaf2"
"experiments/d2nn_cifar100_cifar10_fixed_feedback_contrastive_20stage400/datasets.py","server_only",,"5fe1846e3ccbc1a18564c7c03dc0ec044e912fbcbfbbe75c3bead3a653dc2323"
"experiments/d2nn_cifar100_cifar10_fixed_feedback_contrastive_20stage400/losses.py","server_only",,"2be112cc59af7a81205add4f4b00d3b3fc07b103689fe26c5fe07fdf68e2f228"
"experiments/d2nn_cifar100_cifar10_fixed_feedback_contrastive_20stage400/model.py","server_only",,"9a6aac558cd1ed280a70c70a2ee234707d5bb2458fb37241c729b49b402b18ac"
"experiments/d2nn_cifar100_cifar10_fixed_feedback_contrastive_20stage400/optics.py","server_only",,"ba0340f493ba43cd34cb104086c66972cc6b296dd54ed0e7cd4bd0ebc2e938af"
"experiments/d2nn_cifar100_cifar10_fixed_feedback_contrastive_20stage400/README.md","server_only",,"3ffca61b7dd51853d86383bd44bd5e45e4a96ba1850d51cdd3fe979ab2a0198e"
"experiments/d2nn_cifar100_cifar10_fixed_feedback_contrastive_20stage400/run.py","server_only",,"68cc8e1f403624d6cb5abe2c0de7dcdf2b27497ff6cc53b6d8c01575bd2fc026"
"experiments/d2nn_cifar100_cifar10_fixed_feedback_contrastive_20stage400/settings.py","server_only",,"212153725b6775254b88957cb8c4f9f97d23bd171f0a40356910c00d71693c0a"
"experiments/d2nn_cifar100_cifar10_fixed_feedback_contrastive_20stage400/tests/test_core.py","server_only",,"1a6dbd151a55c4cde4c175df69b312b4148b57c771bb82690b992911ccaf06bb"
"experiments/d2nn_cifar100_cifar10_fixed_feedback_contrastive_20stage400/training.py","server_only",,"28a2946560dea1af5238f637ad7fa4e32fd0932ad402d73bb20d4d4dfd2a011f"
"experiments/d2nn_cifar100c10_fixed_feedback_20stage400/__init__.py","server_only",,"61b6b29bc9d7ff2eb900d9400d8c9b1f07771f64ef52116f020432eb8c5d4295"
"experiments/d2nn_cifar100c10_fixed_feedback_20stage400/__main__.py","server_only",,"49da00691ef47d764e4313a4a4e182593ea3dc6abb508a9fd55dd4ad4fee516f"
"experiments/d2nn_cifar100c10_fixed_feedback_20stage400/analysis.py","server_only",,"82ad196649acd890970a06245b75dce9cbba25e7e9a7c6696e05f263c1a57d2d"
"experiments/d2nn_cifar100c10_fixed_feedback_20stage400/ARCHITECTURE.md","server_only",,"3dcf72f2df06622334f18315162c317b3e5cf8f15c9115ecd3873e577389f8da"
"experiments/d2nn_cifar100c10_fixed_feedback_20stage400/commands/01_prepare_data.sh","server_only",,"09e23617ec4d5bbce9abef3469bb6f6456d34607867858ff1df492f63c270f56"
"experiments/d2nn_cifar100c10_fixed_feedback_20stage400/commands/02_run_bp.sh","server_only",,"c3e2b9526aa1929e84f6a2f1cc7d3957827b331c4f8ee3700efc826d1d500700"
"experiments/d2nn_cifar100c10_fixed_feedback_20stage400/commands/03_run_fa_pretrained.sh","server_only",,"aa9ea010b5ca5032065135553d7db5bf2f689fb2dccbe821dc18588c2bdec012"
"experiments/d2nn_cifar100c10_fixed_feedback_20stage400/commands/04_run_fa_random.sh","server_only",,"255c7a7649db2b1fb0b4002333a0481a639796e24e513668478ea635101ce279"
"experiments/d2nn_cifar100c10_fixed_feedback_20stage400/commands/05_run_no_finetune.sh","server_only",,"c7fa671ebd21b2a33ffcf9a458689d8bc63940d9f5df8a03766ef9bc81953407"
"experiments/d2nn_cifar100c10_fixed_feedback_20stage400/commands/06_compare_to_bp.sh","server_only",,"e710852e44a877c1294d3f34b34b12ea0a2e643b01a1b33e4fdcad9c31347964"
"experiments/d2nn_cifar100c10_fixed_feedback_20stage400/commands/COMMANDS.md","server_only",,"9ea29e1e42edf8b7331121ee703b4c6c54427e8b5b7e6ccbc4c45a72578a0b63"
"experiments/d2nn_cifar100c10_fixed_feedback_20stage400/configs/main.yaml","server_only",,"0b6cea296f9f60df92416a1d842a517c5acc9cf5201575f9cbe94870bc95c918"
"experiments/d2nn_cifar100c10_fixed_feedback_20stage400/datasets.py","server_only",,"8903a3ce05cc03af0b888c164e5b328bc843a529be30232eafd0c8fc3c9fa5ba"
"experiments/d2nn_cifar100c10_fixed_feedback_20stage400/model.py","server_only",,"53582d9baefe07a232cc670db96af592092ef59008ce8a8b209b0134a197ed38"
"experiments/d2nn_cifar100c10_fixed_feedback_20stage400/optics.py","server_only",,"ba0340f493ba43cd34cb104086c66972cc6b296dd54ed0e7cd4bd0ebc2e938af"
"experiments/d2nn_cifar100c10_fixed_feedback_20stage400/publication_report.py","server_only",,"8caa391681a33753b14f7365ae45ee73b1c5aced4fc8329be892678d5fff7ae1"
"experiments/d2nn_cifar100c10_fixed_feedback_20stage400/README.md","server_only",,"796c2ed465c23da76ee03f421ba72e50ea3fc428a54574fe3e838ca02acfc0cf"
"experiments/d2nn_cifar100c10_fixed_feedback_20stage400/RESULTS_AND_ANALYSIS.md","server_only",,"6644ffea066e05eb6a7ea351e22e0f206f4a092a9ab448c0fa9268cdfbfcb34e"
"experiments/d2nn_cifar100c10_fixed_feedback_20stage400/run.py","server_only",,"8c828d9700ebba2c77067ada85bb468e015de8d7706ecda354a8367900b00946"
"experiments/d2nn_cifar100c10_fixed_feedback_20stage400/settings.py","server_only",,"81c0254c37cc735f44cc9be3d4409cccb9fd6d28d422468aaa1f78e091d674a2"
"experiments/d2nn_cifar100c10_fixed_feedback_20stage400/tests/test_core.py","server_only",,"b7963a7317e9bbb825652da9df2afa8d48c4522047b519ee32cdd2518933618a"
"experiments/d2nn_cifar100c10_fixed_feedback_20stage400/training.py","server_only",,"d51d0dedd21db7b2a1ac19d4e955cbeaf7a6aed20b5c8cbde31846e306325077"
"experiments/d2nn_cifar100c10_fixed_feedback_20stage400/visualization.py","server_only",,"c454bdc956e82ae19c36ce1e1612cb43074ee8383f8932a04e6e200aee91952b"
"experiments/EMBEDDING_OPTICAL_PHASE_AUDIT.md","content_diff","cc2c18ab850097ee66d855dafdc6392da5ce3ee62c52d97baa2f0322d2e1ea54","4e4e02ea08490d4da1c58803b6ab6e3aa20258f9cbcc4a8b12db142b5cdcff83"
"experiments/hardware_sdk/generators/dual_slm_alignment.py","content_diff","ee2fe4c691e59a2428a2c1931c226c1f7670182c661a3fc59f2f62e17446788d","c0619f5b968f4e696091010f62992ed874d3cca5328936df2242bfc455bc070f"
"experiments/hardware_sdk/generators/slm_patterns/configs/dual_slm_17um_8um.yaml","content_diff","f85fd5bf36c54481bb204b82edfe4620e516b9f814db67b38062db4344c18c38","324ba168021797c9dc6dd17a53d32a4494bdfd479092fc67e1a809f7ffbfe11a"
"experiments/hardware_sdk/generators/slm_patterns/generated/dual_slm_17um_8um_alignment_normal_polarity/recommended_checker_grating_pair/README.md","content_diff","1ff0ffa9db700045a50f2da70a475532b2b87338c6a1d53f77e68cc8fe4905b8","4507db20402d5179e1da31eb137e3f64f8d7c5d22d54656fda3d288e65d9bab1"
"experiments/hardware_sdk/generators/slm_patterns/generated/dual_slm_17um_8um_inv_large_blocks_k0p1/README.md","content_diff","580e34488505eaa2e1eabef484930ce7cb4f2da375f0edcb021f9a50cfafb565","68999cb8dbe220ba70e76dad40adef6e570a6358d4dc1da5c6604d1312f493c4"
"experiments/hardware_sdk/generators/slm_patterns/generated/dual_slm_17um_8um_inv_mixed_k0p1/README.md","local_only","34bfed5a15d87fe977114d58c20c4221e7c9701948f9f367d5b95095732c40e0",
"experiments/hardware_sdk/generators/slm_patterns/generated/dual_slm_17um_8um_inverted_k_sweep/README.md","content_diff","eba95367aa8cc697a1ad014d92af6995aadd70d1f7c1ee5a15c8c89499f16fb9","409c98534dbcbd13865ae022393b73bab58a20927147d03f7e963c95b3a67763"
"experiments/hardware_sdk/generators/slm_patterns/generated/dual_slm_17um_8um_normal_large_blocks_k0p1/00_k1_ready_to_play/README.md","content_diff","980b09d2d6b9f70af10d8e1d66ebc1765a6d945cc820074a17702554b7f5426f","8ce211472fa5b09ee66997942b515beca3971c7514c34f016bbc4e53ec942507"
"experiments/hardware_sdk/generators/slm_patterns/generated/dual_slm_17um_8um_normal_large_blocks_k0p1/README.md","content_diff","3aae1a5fb48a8aaef40a33f69b601d0fb3c95519aa3516195d8c35763c54c357","41286e9eb8ffff74a85322de2949516cd1aed46021b42389a106939cfe543456"
"experiments/hardware_sdk/generators/slm_patterns/generated/dual_slm_k1_ready_to_play/README.md","server_only",,"980b09d2d6b9f70af10d8e1d66ebc1765a6d945cc820074a17702554b7f5426f"
"experiments/hardware_sdk/generators/slm_patterns/generated/fresnel_full_panel_532nm_17um_8um/README.md","content_diff","1b880fd645b4b2d01fec2956fd4a91b0c3902223996469b3ca96783c7cb057ad","848ed47a264fbaf365dde0097bbc470737330bf4b31337703cdc16c05bb824a7"
"experiments/hardware_sdk/generators/slm_patterns/generated/fresnel_phase_array_532nm_17um_8um/README.md","content_diff","d7fd4a538fd6c8c7a5687a23dcc849faf969b5b0ea67dc9e9105b2dd269ee5ca","c60baa5356379bd4c6a439564f2e15b93d85d47a6593dc803c740bd78320852d"
"experiments/hardware_sdk/generators/slm_patterns/generated/fresnel_phase_array_532nm_17um_8um_normal_polarity/README.md","content_diff","c08dcde1e8cdeacff4e94d79713174b9bebfd24295f8c064901e58df779740d9","b81a462a0e1e3b5f5a0dd346431d39b511e3b1342e92d8f94ddbeef94981e950"
"experiments/hardware_sdk/generators/slm_patterns/generated/fresnel_roi_vertex_array_532nm_17um_8um_v2/README.md","local_only","442e16e1582d49c300cc280d0b1aa543da66c7f0ed217282c8b1b4903cb3b28f",
"experiments/hardware_sdk/LAB_WINDOWS_QUICKSTART.md","content_diff","a3902902d8c6f6c0ee53082c2307816b618c0efd653bf959d4ed8c96ca1b914b","a7f70cbcfcacbf0b63189bea79fc6d15b68f93c016332f22e9b13bb5a855d5d1"
"experiments/hardware_sdk/RUN_COMMANDS.md","content_diff","49d4c213f2e64fb5db72d5d9f1ec6ce3f4ddd000e3acdc96049443900ea0beaf","4fefcb29bbc3c9c313cdd5214bf0055c88dbecc40d49642938f76864b6d71686"
"experiments/hardware_sdk/tests/test_reconstruct_slm.py","content_diff","5a9588570772996c51584620ca91bdeefd4d12169d462a7a956e2d77756b34f2","4b3a10db224092b3a7dea8609d55c30cfbce401d734578829804fdc6c21fa44f"
"experiments/hardware_sdk/vendor_sdk/amplitude_holoeye/builtin_axicon.py","content_diff","ee1c71dd436bab9a19507375d0402dd8fe2b868f8e0d8d3ed61d8437d729ebc2","f5eaa6784db31b626c651a23ed4bc26c1ccdf654c1d8fa4511b4d94d77bba622"
"experiments/hardware_sdk/vendor_sdk/amplitude_holoeye/builtin_blankscreen.py","content_diff","0fe6682c03d6f1b38903e0caa9b5fd2402e915534e6dcff8b6fbfd50cdb7da0b","59b883b9a0d1c243e8bc6dd2df8598833ff23ca6a3e00c9150b29bbc8212a15f"
"experiments/hardware_sdk/vendor_sdk/amplitude_holoeye/builtin_dividedscreen.py","content_diff","a834c48b3ac687017fd50992942a87ed8f4c4b79a2ff1e0299166b62222c6dfd","2c22d330a02980c02e050e13772b3c3058d14e391b2d31b364a6658c6bbc552a"
"experiments/hardware_sdk/vendor_sdk/amplitude_holoeye/builtin_grating_binary.py","content_diff","5308ae628bbfd502e4bbc27351dc645fe462a513378c2c722d8b61ee8943d8a0","6a72409e3e53e45e5fc0d1b7f5a69adc06dd9c18755acd2fb8871c4a2d701e16"
"experiments/hardware_sdk/vendor_sdk/amplitude_holoeye/builtin_grating_blaze.py","content_diff","bab1098ac22af912e83f7b5ceb4d31c10af2c9006b66f1f2bdf9a4cc11001446","e1cc6705988bd5d0436db127d80484d4194821065b01cde71f26b47b582688d6"
"experiments/hardware_sdk/vendor_sdk/amplitude_holoeye/builtin_lens.py","content_diff","ba19f1a21f35c313425c8c2c8f386b37b6eaa4cfb8501b2d26e7c6649774f0e9","3c880f72f9a588d599a902e444b4ee4c2cdb497d4c5e19df090decdc43f4e49f"
"experiments/hardware_sdk/vendor_sdk/amplitude_holoeye/builtin_vortex.py","content_diff","5e931e408fe1e887610f5d1a23c41fe0a8842bcae5d111440af89a1341543ce7","ee04c8506e6b9302bdb0b2ec488a15aa25c99b6483679162499039f86c08a466"
"experiments/hardware_sdk/vendor_sdk/amplitude_holoeye/data_float.py","content_diff","6e0c7209ac430d2baad6cd99b84608368cd633832e8c58d305d73d98b65ed267","e9de2152ea2588a807e6645c62727c67cf10f1436312f9be9e10c1962eaf58cd"
"experiments/hardware_sdk/vendor_sdk/amplitude_holoeye/data_float_tiled.py","content_diff","bdc403a35d52e6415777b5d838f06df890cdbff0463ea78360063be55bf374d7","dafe10bdb17375c9b65837ad4d22f02a549bdcca564e13f9dc214e5b0d2ded18"
"experiments/hardware_sdk/vendor_sdk/amplitude_holoeye/data_uint8.py","content_diff","d1c3279345bc0aaf7d7c2ba767abe16358611498c2357a86976de011b2089d2a","8add7b939578bacfde3f411f034578445eba8524b9f6a77296edc295550e2f2d"
"experiments/hardware_sdk/vendor_sdk/amplitude_holoeye/data_uint8_tiled.py","content_diff","2837ae8c38f0c6bf708abdb365767290c89d90472cc8825c0dce08315b2f5eab","80d6ccf0355759ef31e8ee33f4d0d33852b67873390e5e3e6c7ed84f3a16e24a"
"experiments/hardware_sdk/vendor_sdk/amplitude_holoeye/detect_heds_module_path.py","content_diff","bab0c1c3bc0046e7e87c97f65a9f34db99e108aeb2bd9072668dfcc3ed6db271","7558027d3c7f1ebe5ed18ce19cefeb78a0317e718f376ee27d44e25a0a407a7a"
"experiments/hardware_sdk/vendor_sdk/amplitude_holoeye/holoeye/__init__.py","content_diff","25c61f08ba38e6112087c26aa4e7f6dbe82d78a5149c96e28522db1965f39c8a","edb216c3f039b1fc9acd42b0ffbaead6b130297c7d2f3e5a05d7616572341c18"
"experiments/hardware_sdk/vendor_sdk/amplitude_holoeye/holoeye/slmdisplaysdk/__init__.py","content_diff","c3c551b07fbbf427b24f703e901936e25ddaa353c6220bb7bf285e83a7fb4fa8","ed69841b8c01ece9e8bbfa9635d1a8000064a1752b0f748c6bc051b3cde43562"
"experiments/hardware_sdk/vendor_sdk/amplitude_holoeye/holoeye/slmdisplaysdk/heds_types.py","content_diff","97f58d9aa61c9e484bef797682e08850166fd93b7a0c64b135359a894e2d2d3e","0ed1db93e8afcddf4c8866c5287d065ecfdb5ab068694a2966b6841f1e4f3591"
"experiments/hardware_sdk/vendor_sdk/amplitude_holoeye/imagefile_grayscale.py","content_diff","171069c12c9c4dd6aa4643ba9e87168a05ca1b97939007be91dc5e0f92e9e992","42e5f031cf97e2dd218763c3098ff537d762c398c48783a41d9a87163be4d366"
"experiments/hardware_sdk/vendor_sdk/amplitude_holoeye/imagefile_rgb.py","content_diff","a69f21534bb3d2afb092459436be1acbe56cb7b9338e4547cce86c319ab12c19","3a6351999916f91b55c1d9a91dd570f4b04b20b1884f44d9ac7221006bbac530"
"experiments/hardware_sdk/vendor_sdk/amplitude_holoeye/imagefile_rgb_data.py","content_diff","7ea36f25b06b334c925ab7a0b8ade46a1c9dfe3c953a5308bb51b92d6648cc07","336a2ad34a9e1a65bfc8f5fdd5e773f5db125910ef6dcbfbf0277ea978167630"
"experiments/hardware_sdk/vendor_sdk/amplitude_holoeye/phase_overlay_beam_manipulation.py","content_diff","083cd3c963e14bee8722c491a266f98703e61e0e3e96880f176b1f7b1858ce43","e5d1b5ffaf4aa690b18ae8f43b336cf133a725077504b1c3d92f7536b6967143"
"experiments/hardware_sdk/vendor_sdk/amplitude_holoeye/phase_overlay_zernike.py","content_diff","7eb92b31907b59843dcedbf45926138ec13330c5422cfddc29c3f8f6fbd54ab6","4ed5a55959050fa6f8cd00f521e2e15df359d0aa5fc827d3cc7d7c9ecda5ecd4"
"experiments/hardware_sdk/vendor_sdk/amplitude_holoeye/phase_overlay_zernike_file.py","content_diff","780b030ed032380e08dd0bf355ac88878a6bddb7029aa2b79668fbb138b37836","0ceb9b7f1145ed238541eca0752931614450c33b37ceef98afbc26b8372a7fc0"
"experiments/hardware_sdk/vendor_sdk/amplitude_holoeye/phasefunction_airybeam.py","content_diff","9d25f5166d9aa3a36676f0dc74e792ba53c0e8d994910d19fac7f9b6e3987597","6a58ccbc0e479cf3b8f501fc32eaca2fd09ecb546692c53f58f133f0caf4df5d"
"experiments/hardware_sdk/vendor_sdk/amplitude_holoeye/phasefunction_axicon.py","content_diff","64888ce3f8d49bfef3a88cd6315518d4d4b7bda4669506c2534d564a4112ad4e","0379fee1c908721de02694c4979ea700ed98cc4ad9674d4fea1a8ec8afaf3f2f"
"experiments/hardware_sdk/vendor_sdk/amplitude_holoeye/phasefunction_axicon_general.py","content_diff","a1fd5f20b74e4e37c57f96f5c0050f3e1975a9963efbcb63b0cbbb0fbf0022e3","bfa7e8575fce8304308afebc861456de378bc971cd7b56528f5e7e6f2df908b5"
"experiments/hardware_sdk/vendor_sdk/amplitude_holoeye/phasefunction_lens.py","content_diff","681ebf658c39d6da94ea9a3e8a4881f49758a8bcd1afb445d486042d261675c9","dbf693ab7fe230fe9c89b4e337e700e26bfcede72439057d9d8d2c81dee0ab2b"
"experiments/hardware_sdk/vendor_sdk/amplitude_holoeye/phasevalues.py","content_diff","a03ed04643bc1da89fd03f4a144249e83f9192651a5e773d87cd96e585f4320c","e31bfccfb5371ac1f69ef2371ab1cc1e774d2ac415dd4f52a5194dfd13140e51"
"experiments/hardware_sdk/vendor_sdk/amplitude_holoeye/phasevalues_tiled.py","content_diff","467896798a8bcfcb303983259d79df3b705a0c6730a5e96cd7f3a1f904f31083","356ba44128a5433cbdba7e345a80643d0c5bca0c7ef30a1593e40a18f393eff5"
"experiments/hardware_sdk/vendor_sdk/amplitude_holoeye/showSLMPreview.py","content_diff","393e9796ed9bb50ce36c57f2a05871e698355458e6fd14685dc3288531f77c40","81525dd3fd5d3df22c879e6416546c2de7828a8663b364df65ab4485f5bb31c8"
"experiments/hardware_sdk/vendor_sdk/amplitude_holoeye/slideshow_data_preload.py","content_diff","ff3b6c660f91a65d64264029d1e9683eb4c26a4752d36255bcbce9fea7d2f3c0","d4626cef2ddfdb728aac7833a5cdb48d028d7fc953c358ad9a2ce192f51cebcb"
"experiments/hardware_sdk/vendor_sdk/amplitude_holoeye/slideshow_data_show.py","content_diff","279e0634109e1c0c4b5c42dfc805322c303b26c44c731651d49bccc0b8bac833","d16134824167e5b796f574758b7cf2b0b2e2abc97e93b28dc1803f9a00802795"
"experiments/hardware_sdk/vendor_sdk/amplitude_holoeye/slideshow_image_files_preload.py","content_diff","6fe80dfa7b81e7f1d805c187d20f5fbb4189bc44c12a73cad90da1d7ab80ff9e","8aa3196ac26e902acfc47b8b36b8267e052732d85429d0777593390930b8627d"
"experiments/hardware_sdk/vendor_sdk/amplitude_holoeye/slideshow_image_files_show.py","content_diff","01ce1af5ff1efd46fe286effcde68a328e993802c676a86900a186adfb7b6d2e","a79f4ef36463746256fcfb1909065ed00ac0df13988122e21e176c6efe6359ba"
"experiments/hardware_sdk/vendor_sdk/amplitude_holoeye/slideshow_preload_print_stats.py","content_diff","d1da8f623281e8a94592efd94033df941de89cb766a09a403a4fa1a6437445fc","6610c965631895185a03d26f6c1926bddd984a2cece706dffa1878369ddc44ed"
"experiments/hardware_sdk/vendor_sdk/amplitude_holoeye/transform_data.py","content_diff","03c9e3568df2d1ddd6c08188e0cc3bffd57856cfccaf80f9d641d909cb063111","800d754e07e6ad9843e60e3a4648e129cc055acd5c2a9648728684e512967ce9"
"experiments/hardware_sdk/vendor_sdk/amplitude_holoeye/wavefrontcompensation.py","content_diff","cef349e395a9ef6877ae31fce9121714fa8d28a316a7b300c4c52fb5e940153e","6cf6cabe5285800977491c5b0df503e91994a7d493ee356cf8e4925b91dd307c"
"experiments/hardware_sdk/vendor_sdk/amplitude_meadowlark/SDK/Blink_SDK_example.py","content_diff","4786cd0eb4a5e4ba8a9b198bd2ea4d97f4295e8200526998b1c3acf0ab0363fc","cb97f01c1986e668a60eaab468499ac62d8b65f37aa3a53c63d515b14bca7e20"
"experiments/hardware_sdk/vendor_sdk/amplitude_meadowlark/SDK/PCIeDiffractiveTest.py","content_diff","be6a232b158a0bf8c12aa02e55d6d3605afad23dff75c7ecaa4f98f086e55b8a","1a600fbcb8ba8351c06030f31a551f311c415e5b7bd9caa16bc77b0f0e785146"
"experiments/hardware_sdk/vendor_sdk/amplitude_meadowlark/SDK/Py_GS.py","content_diff","47a0cf00fe3297be1abb724676243eeed929ebea9e1baaf66cf3acef534fa1a8","ed3d8fb3f7b0f25c0e2d5da94d9bca19c435f362b3727d7949349146a8eeb8f8"
"experiments/hardware_sdk/vendor_sdk/camera_dvp_legacy/demo/OpenCV_Demo.py","content_diff","a587bed77bd896c8a3773435eef79b8eb8cce8f630f9d3fe7366732aedae0a41","b6957f7feb2d2054ef51c449a5e86a2a337e93c2dc0b80850b451267df18c460"
"experiments/hardware_sdk/vendor_sdk/camera_tucam_mosaic/00_init_open.py","content_diff","76c5c9726dbb2c4a816a6320a54132f4bd78ba83c3386e186e2fb6335e4ee28a","4371e7ed8a5a4759291641ce2f8e5bfb07d198c2b1d598c70d38260f1a8453e4"
"experiments/hardware_sdk/vendor_sdk/camera_tucam_mosaic/0000.py","content_diff","098f02bd9d617e0071ee6db30bb80955f091702761804a858b28374704b2f442","9b40f50c1a1d3cba6e82000fb12cdc18e09df66efe6d1bc33d30b1bd8995fb22"
"experiments/hardware_sdk/vendor_sdk/camera_tucam_mosaic/01_get_info.py","content_diff","adf17da04ae10756136ecbbc66607f0ddf220b6981cd2d0a219506e3cb3f89ba","8671f3f8bbe27bb28f50df56943bba02f816135b035cfc30bd3a24f3804c42e8"
"experiments/hardware_sdk/vendor_sdk/camera_tucam_mosaic/02_get_infoex.py","content_diff","1f7ebfc7f57a94f0c60c1b0c58ba42506c3825fa73f0e5100ce33570280d4bd3","e86354da0cbb4474e427f1ff23a5558f3be22f393b1c281f0fd5f2268a74a8a7"
"experiments/hardware_sdk/vendor_sdk/camera_tucam_mosaic/03_capa_list.py","content_diff","baf96af0a6199c81de12ccb7a3eeead060a438a6088f2b9f14bad5351b90fc1c","88edb59b40fcd19362123682d1b1e9063792c0d86480402f132750e3d52d03b7"
"experiments/hardware_sdk/vendor_sdk/camera_tucam_mosaic/04_prop_list.py","content_diff","fcd7e2cba3e4acadcfb63ce3d9be0f26694e55afe0adbf89fcbe90ed5fdac01e","9e264d2e2bf820a4b881e1dff7e034cad84cf7c8161edb724a6a1abb31f42922"
"experiments/hardware_sdk/vendor_sdk/camera_tucam_mosaic/05_wait_frame.py","content_diff","b929f35540adfe52b973242e26f0b98e16af3a99e0c1d76a2a4023fdb2e1fadb","67f9048b836efdc11ef3e56f08e1a8e423f456e8140198827186729be428908a"
"experiments/hardware_sdk/vendor_sdk/camera_tucam_mosaic/06_roi_mode.py","content_diff","d3e6a1f0d9411927b55cc877bb79f6b749b68f190b4ae05d00e0efc37b0a3365","9bf75df53fe40fa0bab96a0a06ec74da3c15a2838d87c9c49ba90e4903ba1dbd"
"experiments/hardware_sdk/vendor_sdk/camera_tucam_mosaic/07_save_image.py","content_diff","228a453221031ae01087e79568f0eb1647e021ec28dd7188225cc9f6156aa2f1","bd8c8690500b3cf552b4bf8408b6810eddb8146694058fa5ede2122511835cd4"
"experiments/hardware_sdk/vendor_sdk/camera_tucam_mosaic/08_save_video.py","content_diff","59ba89d8237ad097389aeef07e1d0c101a6bfaa3b7c72d2544f9b535222e78d8","4fba5bc3049f84b6882abf95c5ac2e3456d29667188a0b70bf919718fa83d7c0"
"experiments/hardware_sdk/vendor_sdk/camera_tucam_mosaic/09_read_write_profiles.py","content_diff","2a97a027b62bac74812db44731d138998472889b76c5ef82fe7a6372db52c4b6","a24ea4852d52180f8b426d0f3a03e65803108ee495a405d5b2bcf06c594dd763"
"experiments/hardware_sdk/vendor_sdk/camera_tucam_mosaic/10_trigger_software.py","content_diff","bab83f6d97084fa20bec86586738d7b328f64bf412455c4aff043abb280f6c19","ab90819fd62d9ab2801a6a42c8e0e9e1014dd33457939be7c62e6b5fd0388f58"
"experiments/hardware_sdk/vendor_sdk/camera_tucam_mosaic/11_trigger_hardware.py","content_diff","8a3490eb0e0f6da7576a9452ca07856443b26ebf7290222e965b142d3baf6587","c4a0cc5f37feeec403afe38bedf5a6d16bbc8e06ad15cd0ead0bbd9f160024e5"
"experiments/hardware_sdk/vendor_sdk/camera_tucam_mosaic/12_output_trigger.py","content_diff","53bcfe28a187b41f31151f3dea2fb95a7a8ea1ff9f61bf131d4efe24e25166ea","6ec508908c618df5f257978ce8b4e192934b80e5a93f1ee03c8a6cf3fdd3297b"
"experiments/hardware_sdk/vendor_sdk/camera_tucam_mosaic/13_binning.py","content_diff","f42ad5df82efe378c33e87191a8130e60dc993f46699d2fb12b14a4512e0bdd2","6ef872b6d9841b7818ba659d4e7a3ee70676490552fe320c6c237b03d95a9a1c"
"experiments/hardware_sdk/vendor_sdk/camera_tucam_mosaic/14_histogram.py","content_diff","02f2ac80a65ff048cb8e262ed4168eda3a24d7ca60eddd40317171da67176485","5a30d03c434db3ef0af9421bc49e58f894cdf3f9e319fdfacf2b2317edc7efee"
"experiments/hardware_sdk/vendor_sdk/camera_tucam_mosaic/15_auto_level.py","content_diff","e9856e11a6fa297cfbed3706e499e2780b246fe633c97cddffe5e1c4011f98f1","086ac21d583fb06da4195412372cc83d65313b0dce774360f361cf2744ce7905"
"experiments/hardware_sdk/vendor_sdk/camera_tucam_mosaic/16_area_white_balance.py","content_diff","51e710193a5b14c5c70bc0e5f0e383a75395ac4d21043a60775a7e0abe10099f","fab1a0fc7d5885722f9d68ea965951daeb999369077bac8ed88091d902da4ba7"
"experiments/hardware_sdk/vendor_sdk/camera_tucam_mosaic/17_timestamp.py","content_diff","b817a467366bcdd30d1ee5a01946856ff3a5cf7129c6e6e09c0f3733fcc291e6","0a320c7d45e98964333d40b7e4ef93ae6d6f9758b23354985b3b3412766d4f47"
"experiments/hardware_sdk/vendor_sdk/camera_tucam_mosaic/18_gps_trigger.py","content_diff","db0fe5a7b06135a817311db90c6faecb8971d1baa415ab0ebeafe8861734f808","22f6f04f30f9a54429e1e20da73b931d8756d42c7dca6867fd9276312417cbbe"
"experiments/hardware_sdk/vendor_sdk/camera_tucam_mosaic/19_callback.py","content_diff","8fc1f6332e9f97bda5e121f57e655cd8ef85611c51eaa2dd722720a5c2c7730d","a156f0b56324cb2c058508dbb68fa7db274f727800d181324956834eed096b63"
"experiments/hardware_sdk/vendor_sdk/camera_tucam_mosaic/20_genicam_para_get.py","content_diff","a060d0dcdb7460a1daf993006f0e9d3ecdea4c45203426d2891b39916c3486f7","08c09c8c8e74d5feaa13e43e3d958f9c6bdfecaad655c4fad036995ad9252552"
"experiments/hardware_sdk/vendor_sdk/camera_tucam_mosaic/21_genicam_para_set.py","content_diff","359173c5b1325dc059e0e47651abaa180ecf7066aa1bd4aea86a053621eaa046","cf856ee6466b612e6d224bb07a9bc467d56da3e9f7a71ab135d34928787920ab"
"experiments/hardware_sdk/vendor_sdk/camera_tucam_mosaic/22_average_gray.py","content_diff","73dcc6eaa6dc6a014b8bd174798351c4244e61ef70ec7d43c4eb9235391926a9","a55d760def3effdb3aa19e0b223c88f0f84097d81b525cabf173f51e3c0d522d"
"experiments/hardware_sdk/vendor_sdk/camera_tucam_mosaic/23_set_resolution.py","content_diff","54b74602e3e692739fd33ba4ffd16093ff0b035e5220584791e612af10bfa234","6e1714e0e2152b87bec0deb223f5eed41bb6c726b0026a2324684f7058665949"
"experiments/hardware_sdk/vendor_sdk/camera_tucam_mosaic/24_histogram_data.py","content_diff","caafa51e9a3bb84805e4edaee3722001358a239c7bea2695a15ccedaee7f41d3","66512406765a30de3e1562541820b8b8136b7a24c05dca6d8e59c36629fb2575"
"experiments/hardware_sdk/vendor_sdk/camera_tucam_mosaic/25_set_exposure.py","content_diff","190aac2045075521de380bf2502ad59b881871ed2329f614e885002d684f8826","a24edf57b458736f9f5d5d8684f95629a7c11cc9a2008138224fe9ec2ed5dbbd"
"experiments/hardware_sdk/vendor_sdk/camera_tucam_mosaic/TUCam.py","content_diff","0d31cd68cf9db5fe5fd1d97c94927f3e93b5d69c00be9c724529d8dca62da3bd","847da3274622e153b964640e81a44c07f49e6a8bea006a602ed0f222725f042d"
"experiments/hardware_sdk/vendor_sdk/phase_meadowlark/Preferences.ini","content_diff","66589e1d92bee88bb42ec507f29a62ad627e89e5df85c60a06f3f9b6a0f51cf7","ed12dc75b1e366f7e8790541f016d8851ceb4cec0e8c181d21879268dfb968cd"
"experiments/hardware_sdk/vendor_sdk/phase_meadowlark/SDK/BlinkSdkExample.py","content_diff","9a5a810fa9d11fc94cc5fc36adb5fc468248e2f5dc9d094052b4cacaab580b1d","4d6bcceaa088f68b7a00e9e2e92a47c8751e35c01c6ed2e96b21384a643bdd0c"
"experiments/hardware_sdk/vendor_sdk/phase_meadowlark/SDK/Py_GS.py","content_diff","47a0cf00fe3297be1abb724676243eeed929ebea9e1baaf66cf3acef534fa1a8","ed3d8fb3f7b0f25c0e2d5da94d9bca19c435f362b3727d7949349146a8eeb8f8"
"experiments/hardware_sdk/workflows/reconstruct_slm.py","content_diff","d46b0fcb3450e1b5930b999edb20ddb206785969e634c3ef1008baf6c2ea60d7","f6103c6aae932a8a578e50dd6f8beb4600184b2a0ffde8e822b61862633d3901"
"experiments/lab_lgvq/calib/dual_slm_k1/00_k1_ready_to_play/README.md","content_diff","980b09d2d6b9f70af10d8e1d66ebc1765a6d945cc820074a17702554b7f5426f","8ce211472fa5b09ee66997942b515beca3971c7514c34f016bbc4e53ec942507"
"experiments/lab_lgvq/calib/dual_slm_k1/README.md","content_diff","3aae1a5fb48a8aaef40a33f69b601d0fb3c95519aa3516195d8c35763c54c357","41286e9eb8ffff74a85322de2949516cd1aed46021b42389a106939cfe543456"
"experiments/lab_lgvq/calib/fresnel_10cm/README.md","content_diff","f94e0b513aa1441d7feb016cd2e817a4c1a8e59cb1010b7111de092c9564d2f8","848ed47a264fbaf365dde0097bbc470737330bf4b31337703cdc16c05bb824a7"
"experiments/lab_lgvq/generated/bootstrap_hardware.yaml","local_only","abe129838feb55a45d17ba8276002d280c0f004a2d9acc447e4b8128c63b2f0a",
"experiments/lab_qwen/generated/bootstrap_hardware.yaml","local_only","b0e596fecb9aabeb9e33dca6905829addc242ca13b3b50a86082901f9a047fab",
"experiments/lab_qwen/generated/formal_hardware.yaml","local_only","805443cde00e63ef9e2bcd6e27e50960d3224b91f3ad51a7175f5d27c6a7e073",
"experiments/lab_qwen/generated/geometry_source.generated.yaml","local_only","99a8e89538631a7173d69b4c1063040510ab6503bb06990731582a1f049b5332",
"experiments/lab_qwen/shape_agreement/BENCHMARK_PROTOCOL.md","local_only","a413f00125e7d8f959d4c9add613303ad3419c276bf4e7d871ea8a2f56b209c3",
"experiments/lab_qwen/shape_agreement/RUN_COMMANDS.md","local_only","c80ff3631f61114e8d844e7ca62f5068b4f029ef6f769db9dcd48d0c546ec1b1",
"experiments/optical_mlp_mixer_moe9_imagenet1k_clip_distill/RUN_COMMANDS.md","content_diff","5c21e6c9acdec9250844ce9d438195042a553795bb234c960d65cd215ac3e603","2ab1dcf9afdac0273b8b92065ea6332c6a68bc4b4ed987569d5f23fc9b4acf41"
"experiments/P09_P10_P11_IMAGENET_BACKBONE_COMPARISON_2026-08-29.md","server_only",,"55cfa307b03332b751e65591234d7fd2cb634e2645f0e904e693e0eb5228b34a"
"experiments/qwen3_vl_2b_bdd100k_timeofday3_optical_fullstack4_token64_residual/datasets.py","content_diff","af0af726bbe890079c0ca980a3c5b53ab8f55fde9150f354b3759dca60db2edc","7acce203ad9cb7cca7aa3d0997e1126342e52a9246cd8d6b3d8a05eb3c99b601"
"experiments/qwen3_vl_2b_bdd100k_timeofday3_optical_fullstack4_token64_residual/RESULT_SUMMARY_FOR_ADVISOR.md","content_diff","fb63dbaf526be117d83c6b756e626bfea3613c03c02a3738d7f0f6e04c9ed9f3","5ecda358fd04297121d0928e01c93f3b31dd11bdecd5cf2f8893f4854861f573"
"experiments/qwen3_vl_2b_bdd100k_timeofday3_optical_fullstack4_token64_residual/run.py","content_diff","8a229ce2ff1b70c217edb9713af6d78c564b00208e16a843e1618e15fe902114","79b079d9418a355bef3635bf33e0b77287957f3e935ca2c4209d9ce1d72f39f9"
"experiments/qwen3_vl_2b_bdd100k_timeofday3_optical_fullstack4_token64_residual/RUN_COMMANDS.md","content_diff","3f4b195c1a5dfccb81789d240e42a1f4593bba9098ecbb8f68be15634e9df092","ec96be61f438918e930219d44a7cdf9685a98f9b55c82b5e02ce921b4f627b85"
"experiments/qwen3_vl_2b_bdd100k_timeofday3_optical_fullstack4_token64_residual/sampling.py","content_diff","1f258ac9c9c5866868ceaede03819e9e5960be4af75d08e8dbca7c956c27cc3d","7b1474e19ff028bbc1670d3cdb4b43498df42d16dc2d135207ecc8fe21f91a3e"
"experiments/qwen3_vl_2b_bdd100k_timeofday3_optical_fullstack4_token64_residual/settings.py","content_diff","1f4952b35eb973d10d47aa8481249da51a87884a2622e69ad1b3c62f97388047","0bb56c7aeebfc6f4517ef87f618eb93a015263393acb7657a295ffe071bd2503"
"experiments/qwen3_vl_2b_bdd100k_timeofday3_optical_fullstack4_token64_residual/teacher_cache.py","content_diff","53289f5f056a4003ad13e4bde736fe738e1bef3cfeee971447062ecc13dba8fb","7f24285c2f63b3497bc5ddb30aeadebcedddb47a93985485d74f4f2b0f0c1b6b"
"experiments/qwen3_vl_2b_bdd100k_timeofday3_optical_fullstack4_token64_residual/training.py","content_diff","8041da2888097252280ca910f56b0fe3164a2528cf4dfff96f76ea2e136dc11e","d072c098217ab6b229afa61c905bb9506a1fd84a60a8e75674dc5d5a2b37d9cc"
"experiments/qwen3_vl_2b_cc3m_general_distillation_pca224_moe16/io_utils.py","content_diff","db9284a79b345fd192f5002bf635c560d41f7a178548becb8899ee3e7f42dc13","7ea19343df84429a7f2a1b26136b858896569b2047bacf51bb5cbe8ea1a23efd"
"experiments/qwen3_vl_2b_cc3m_general_distillation_pca224_moe16/modeling.py","content_diff","f94f5b17d127149c0e4cb82038a9cf538997da74947ad992aa21348365d1d9e1","c52e533c8ccb488a4facc48cf777571d51037220823e4cb3fcdbac2cb4e6f391"
"experiments/qwen3_vl_2b_cc3m_general_distillation_pca224_moe16/optics/geometry.py","content_diff","f07774e042b81a2268c702eb4e990aa3e03f8d4c408c7f59c956e1305fc9e90d","defde1d8c50662ca637ea87a3a21d8fbc2338eb9ace0b125eb81f2e08f261132"
"experiments/qwen3_vl_2b_cc3m_general_distillation_pca224_moe16/optics/physical.py","content_diff","ae2b7e422c1bbf3b5006ab3ed55807523a8619eb1f248939013da956e8730167","e8342ed3552fd0de47712ae1a46985fad42c90dc620ea788924a6b449ffd8496"
"experiments/qwen3_vl_2b_cc3m_general_distillation_pca224_moe16/optics/router.py","content_diff","eaf000d3b08e9fec103793c9465205cc3bc183c7251fef5005af61461fcfbb1d","693c6eeb107487f1f181ad39a41e11d0608f127e4343360c4f767474c446c5dd"
"experiments/qwen3_vl_2b_cifar10_vision_homogeneous_moe9/RUN_COMMANDS.md","content_diff","1c53ed28c87010a7dbe632c0cbe1f986cafa488c9d4d75f9346f54131a8ca5e7","41b95128481e1d31dd6410d3927183b64da080ca101239c2cfc471781ffcecbe"
"experiments/qwen3_vl_2b_kadid10k_mos_multimodal_electronic_router_moe16_224/__main__.py","content_diff","281a8aae0668b15abb9f31003a9e752d76be79cb827a27c1688875f26a4a6441","49da00691ef47d764e4313a4a4e182593ea3dc6abb508a9fd55dd4ad4fee516f"
"experiments/qwen3_vl_2b_kadid10k_mos_multimodal_electronic_router_moe16_224/cache_paths.py","content_diff","fbe982433bf51089447a2911362a6e3e9a17ccb2a8dacda833d94470de2dcf0e","5af6a7ab64e93b15de646baa5aa25a022b8be254069891995f681af6da09322d"
"experiments/qwen3_vl_2b_kadid10k_mos_multimodal_electronic_router_moe16_224/features.py","content_diff","753ad118a01db0493324da17838620fe39d0914668226014ffbe0ee703668312","393929dea240ddd11fbaea33893ad7661b6a24e267bd262a3b631830b656d7e0"
"experiments/qwen3_vl_2b_kadid10k_mos_multimodal_electronic_router_moe16_224/io_utils.py","content_diff","db9284a79b345fd192f5002bf635c560d41f7a178548becb8899ee3e7f42dc13","7ea19343df84429a7f2a1b26136b858896569b2047bacf51bb5cbe8ea1a23efd"
"experiments/qwen3_vl_2b_kadid10k_mos_multimodal_electronic_router_moe16_224/metrics.py","content_diff","89bf4af7ae8528de784f7eee7ef02d674ec3e0a329ce1dd9a3d40d2bf3d77e6a","77f03b2b492cab5858023cf0e3dabd40428d14bc89ca873b722bf445c1c15611"
"experiments/qwen3_vl_2b_kadid10k_mos_multimodal_electronic_router_moe16_224/modeling.py","content_diff","6e94b3e3642fca8fa9fa07394d9d31ac630390cce6663a940b7a412ae917a233","4e0b0d4c9e84c2762e857374aa6cc37ed827e47587488606d3c5345592975381"
"experiments/qwen3_vl_2b_kadid10k_mos_multimodal_electronic_router_moe16_224/optics/__init__.py","content_diff","3b86bbf54f340da65ba8cec126fcf2372fd866590f6bcf0a0c393f9186d15f65","a895dead1150bf685136eff46bff7b3dda970d5e5f4561a9c35f054842947d18"
"experiments/qwen3_vl_2b_kadid10k_mos_multimodal_electronic_router_moe16_224/optics/geometry.py","content_diff","f8d74c0f6f2fbf64c72d98a37d8ace6c42b3d835c68260667741d0a250e18c41","1d7cf006b6c451da67cfe04fd08026d4863c1415680949f825ccd259b7a87889"
"experiments/qwen3_vl_2b_kadid10k_mos_multimodal_electronic_router_moe16_224/optics/moe.py","content_diff","7b24bd981b971cde1a5f19a26873438c66834c90a6a29f791bc70d826cada9da","aa98eb658f9c76837977d34a9d853151435d6f5f3d9b373a8d7fe60aa476ceb2"
"experiments/qwen3_vl_2b_kadid10k_mos_multimodal_electronic_router_moe16_224/optics/physical.py","content_diff","ae2b7e422c1bbf3b5006ab3ed55807523a8619eb1f248939013da956e8730167","e8342ed3552fd0de47712ae1a46985fad42c90dc620ea788924a6b449ffd8496"
"experiments/qwen3_vl_2b_kadid10k_mos_multimodal_electronic_router_moe16_224/optics/replacement.py","content_diff","253caa1fd8b9a224877cb81f24fc5bb46b4ffc02bf0c2ace2b67f877ceac46a6","019f10951cd62d3f48caea34152b006a50d8115d4c54c2bd933906ec9729f710"
"experiments/qwen3_vl_2b_kadid10k_mos_multimodal_electronic_router_moe16_224/optics/router.py","content_diff","eaf000d3b08e9fec103793c9465205cc3bc183c7251fef5005af61461fcfbb1d","693c6eeb107487f1f181ad39a41e11d0608f127e4343360c4f767474c446c5dd"
"experiments/qwen3_vl_2b_kadid10k_mos_multimodal_electronic_router_moe16_224/processor_cache.py","content_diff","dd430f172e53cb06933948125775ab4a9788b1631b916405491abf04ceb101b2","8f0f1653029932844ea623652803d80d865a6d8f0d74df502fe7d600612ea166"
"experiments/qwen3_vl_2b_kadid10k_mos_multimodal_electronic_router_moe16_224/run.py","content_diff","45be979c98ef203b46f33aadf851183bd4813918606590e1e65e6b9f3e620309","0a54900b6a1af4130706fc5ed125a46a17472ce4cb3fab877733ad0869b946eb"
"experiments/qwen3_vl_2b_kadid10k_mos_multimodal_electronic_router_moe16_224/RUN_COMMANDS.md","content_diff","6e5c0c597a2436eb0d94213473b89fb94196e4f9ea32829dd2f30ab2a40b8bc0","c4edd7541e7510eda6f5970de6581dd7a24df78e3d6bc7f0b7be51f21b417b07"
"experiments/qwen3_vl_2b_kadid10k_mos_multimodal_electronic_router_moe16_224/sampling.py","content_diff","61ef8695d9b8a0ed53ab1cf0b7511a868a9896194787995df8a2a2bc30a738e1","f874bf9af9cab9169a262259adac4e45d005f6bd032ea6001b44e152be7945b9"
"experiments/qwen3_vl_2b_kadid10k_mos_multimodal_electronic_router_moe16_224/settings.py","content_diff","cbaf9e1c92a5e51f21ed1d6bd35366923e18427b5d531aeca7c05b10850996b1","c1787ef95b2fea7758590efcdd685aa9a3ee9736bcbacd1261e6c61badd514d9"
"experiments/qwen3_vl_2b_kadid10k_mos_multimodal_electronic_router_moe16_224/teacher_cache.py","content_diff","6a78c0fbff841a0118f5865beb535528129b060a25106308de801ffa65408fb5","d81aa8d4f5dca4458c94edc1781599373b3995c59999f6367f32313afcfc6acb"
"experiments/qwen3_vl_2b_kadid10k_mos_multimodal_electronic_router_moe16_224/training.py","content_diff","6e75de97b067039b8dd862e8c9fbd71fcb70875bfc1d5670c141d92d41660a79","a0c03599cbbc3276d540dd87a6d420a4f07785be5dcb62d0d4ad3636fd04c10e"
"experiments/qwen3_vl_2b_kadid10k_mos_multimodal_electronic_router_moe16_224/visualization.py","content_diff","d7ec3eebf0e3187cbc0b20140ad7b12e21159ca24f5f47a971d54e95a16c0922","deb27c34a7f8d5a66c8e8372512236bb49efeabb52c5b5bfe7f76f36ce267865"
"experiments/qwen3_vl_2b_lgvq_o2_109_highalpha_vqa/__init__.py","content_diff","3c11b9bfa453bb56b5b3720a32caf686ce619b40501af5353acab84c34de0684","d1aa3a1b17ca3921d39ecccaa117b8af011bc66335dc45d763387ca634e69e18"
"experiments/qwen3_vl_2b_lgvq_o2_109_highalpha_vqa/__main__.py","content_diff","8c28c6b8054816330e72e88eadff36c9f4e82694003491821bedb0e143ad8ba6","6bd690bd2f1daa4a11116727d8f88856c32c386e0b8b4df9dd643b9c46d19696"
"experiments/qwen3_vl_2b_lgvq_o2_109_highalpha_vqa/ARCHITECTURE.md","content_diff","1a9259190b0c052e72d1fed255969727353d30a2c10f9e90697d1d224942ca43","1600b159dbe2e675d0123d3aa7d915e9faff1b17a41989df004e6eb669b6632a"
"experiments/qwen3_vl_2b_lgvq_o2_109_highalpha_vqa/cache_qwen_inputs.py","content_diff","323f1ea2439a97c17b060ff59461f38d63fbea5a9fff025dd0b505c347535e94","4641845d1931e3d363d3b4c6727a87a659101b12750da8b7037a6e584e16ade0"
"experiments/qwen3_vl_2b_lgvq_o2_109_highalpha_vqa/configs/release/alpha20.yaml","content_diff","0b2193e7674f9896d10c6cbdb30c56e804ab8cc2154730ba76cb7fb5a466158d","085b7a78d6a1929baa6492282867567d217724df49cc931244a0afcb413e5017"
"experiments/qwen3_vl_2b_lgvq_o2_109_highalpha_vqa/configs/release/alpha35.yaml","content_diff","b8428d3baf1992db2b829efc94064a1c1de25de6b3be1dcbe5ddbe58de24b26c","1f15f40f8f07c81e5eae6c04b5e05e354ed0cf06137e5ccbb14d63de309f5fea"
"experiments/qwen3_vl_2b_lgvq_o2_109_highalpha_vqa/configs/release/alpha50.yaml","content_diff","d03c990007f44d1901cd97d399dcf40803f8fad3d311672e484dceccecf8baa0","64f607d5d33541e5d11c7a7825b61003cc4392fa283a87296308f988e1944eb7"
"experiments/qwen3_vl_2b_lgvq_o2_109_highalpha_vqa/configs/release/common.yaml","content_diff","98092e34c4c20dc0279ed56559ec5add4b1a52eef61898624fec3e052cde80e4","d2d5c9fc7347de985899396776c7b1e430d0c1004cc406d27c016d8ed7bfbc86"
"experiments/qwen3_vl_2b_lgvq_o2_109_highalpha_vqa/data.py","content_diff","bd227c62f9038b2a3343180c243bae1842535e5106fd889a8e2899c92a6b729c","db37b88e14c4a964c9cfaf7af4c254eb062b3bc02c69aad4e51bc3b4c884ba5d"
"experiments/qwen3_vl_2b_lgvq_o2_109_highalpha_vqa/metrics.py","content_diff","e5962ef48287871a30f8025016ee0111854f5c000b51ec6fa7c34518e1f99d36","a03ea4c9ece02f0b0e8f27409abe0b1782a33f166935c2ed987b3923e6bab564"
"experiments/qwen3_vl_2b_lgvq_o2_109_highalpha_vqa/modeling.py","content_diff","37b0718a76056df1ef2cb8dfa189ab01cc0fcaab211cb6a422bc4df980f2dd04","9a2cc6a134b2c104f5b41030d299740a0c5e43d3b54a164b44bd9c25c7745395"
"experiments/qwen3_vl_2b_lgvq_o2_109_highalpha_vqa/preflight.py","content_diff","99b2cbbd9acbc0c037365f44dd94761f81ce82497ac366aa0cc6a568732854be","7dd129f061c500398cae62bd02650749d1094eb8ec06220752e59c7b0c4bc129"
"experiments/qwen3_vl_2b_lgvq_o2_109_highalpha_vqa/prepare_manifest.py","content_diff","c3b0e088ec7df023dd5723c3531e6908f23f25808dccc7126e426a6b599ed040","632f8a7be1edc2b234b9ff8a9e9d375c202591fec76d8800dd68c701bf8e48b4"
"experiments/qwen3_vl_2b_lgvq_o2_109_highalpha_vqa/README.md","content_diff","63cad15e78c8a0addd66ff5627cbac5c9854801a24e497f974d20fbae0e6b135","d60ef94d5f06eb021f4b94799a128f411938a18a7fb5ff9d13be341aa5fb8bb0"
"experiments/qwen3_vl_2b_lgvq_o2_109_highalpha_vqa/run.py","content_diff","b5c3ce02caf12e51921c0db89a1eebce34e3363433b63d3a5413cf3846e8fee0","b523dacb9881bce1d17f91a32f5d83e0268f48fab44efd8f97e07d6a36a5e926"
"experiments/qwen3_vl_2b_lgvq_o2_109_highalpha_vqa/RUN_COMMANDS.md","content_diff","4ce73a85459ff23659dec728e28b0cdad756341f64323875b37d61a9469ed84b","18d9a5780aeee96fbc51041c1c7b4ea6d21f88063af4d8cab4317360ab61b589"
"experiments/qwen3_vl_2b_lgvq_o2_109_highalpha_vqa/settings.py","content_diff","701178a3dabe91a0cb2e303598c6e01f0a8929c8d8cf331791047663dd4955af","55505ee562e7f054919c96913198022b021580bc2a03ac640913d9876e83dcbf"
"experiments/qwen3_vl_2b_lgvq_o2_109_highalpha_vqa/tests/__init__.py","content_diff","fe946aa912ca5ba7426433f2909402662cbc450c6d19996864763129df957abc","b504e8163339d5bac0aa19264c48ab9df48449846b3d7bf9453d82cbe6a2c9fc"
"experiments/qwen3_vl_2b_lgvq_o2_109_highalpha_vqa/training.py","content_diff","09919545386b91e5439702908db0baf41f3234b02dc82345af98391542d4ec2c","86a7f2135730fa17aee0a7624fbaaa440ccc3258ead165f9fc2b1322086b12a0"
"experiments/qwen3_vl_2b_lgvq_single_metric_o2_16frame_54/configs/release/spatial_seed43.yaml","server_only",,"4cb3790a38e0f83eceb07ac6746393b942e619a273ee2472fcd77afe77dd961a"
"experiments/qwen3_vl_2b_lgvq_single_metric_o2_16frame_54/configs/release/spatial_strong_robust.yaml","server_only",,"44305153630739058337c4d2424eab3959736f9e8bb0155aab75fedb6f001a15"
"experiments/qwen3_vl_2b_lgvq_single_metric_o2_16frame_54/server/launch_four_runs.sh","server_only",,"9dec03e377d5d5860c6c02bd3150964bf299dfb8cb5a1c406ce8d97b22c49b54"
"experiments/qwen3_vl_2b_lgvq_single_metric_o2_16frame_54/server/monitor_four_runs.sh","server_only",,"a01b259536229e7132878e7ec3938a5ac6e2676ad6a5c5d4d06ae3f2945f29d6"
"experiments/qwen3_vl_2b_lgvq_spatiotemporal_optical_router_vqa/RESULTS.md","content_diff","4d0c1fdfc43a0ed905f0fde9dbc9b6236f07c31ec78c202bb14e72166aa21cb0","af5054330a1cad4f208cbd99b8d2b9ad705553b6798fd5d45367f2bd31994dec"
"experiments/qwen3_vl_2b_spaq_single_attribute_multimodal_electronic_router_moe16_224/__init__.py","content_diff","07961b86beb27d48a45e26f722867bb063990c941aab7b1371f4a792c2670642","cc52d90b23ccc0b4a4c014bfce9fe8b365acd81609d133da70f75ff8a0498321"
"experiments/qwen3_vl_2b_spaq_single_attribute_multimodal_electronic_router_moe16_224/__main__.py","content_diff","281a8aae0668b15abb9f31003a9e752d76be79cb827a27c1688875f26a4a6441","49da00691ef47d764e4313a4a4e182593ea3dc6abb508a9fd55dd4ad4fee516f"
"experiments/qwen3_vl_2b_spaq_single_attribute_multimodal_electronic_router_moe16_224/ARCHITECTURE.md","content_diff","3c8c71737a5762c72d52954ce61bd2fabff4afeab573552b777bf836cbc063ed","3dcff79995382748dbbc7569f74734bc804a7aded8454d2c321d8ccfa7385d0e"
"experiments/qwen3_vl_2b_spaq_single_attribute_multimodal_electronic_router_moe16_224/cache_paths.py","content_diff","6dab6952cba90d8f515e855e35edfe51ee605847ab7b9cde27789faa63379bf1","39fd5036c20b5256f8826abdba3f88d9d69c58227bf1921c913fbbd01842b287"
"experiments/qwen3_vl_2b_spaq_single_attribute_multimodal_electronic_router_moe16_224/CONFIGURATION.md","content_diff","3724edc97a88fcb46039d71aa0da4f2518b14f9a1ab05d302e96d6a69a9942ef","c2f4b9e642c8b5d1f444fc8ea10ff5c08a6ab5aa38bff1044e235cf48abad844"
"experiments/qwen3_vl_2b_spaq_single_attribute_multimodal_electronic_router_moe16_224/data_prepare.py","content_diff","652c031838a06537a81fe46abe5a79ef7cdfc4d24834b06b9c4d1362deff76da","aed63aebe179fe8d57ada4d2b73ff271c3c39ef06aa902b72f24a3888fbda096"
"experiments/qwen3_vl_2b_spaq_single_attribute_multimodal_electronic_router_moe16_224/datasets.py","content_diff","2267e8fb06809afbe64af50037a54492e13e6d54f3cd4859f3c82210851a0b73","34a6bcfb4e857639c6f88a4f4849dbf7a02731def3bbc6ac33013f5536400832"
"experiments/qwen3_vl_2b_spaq_single_attribute_multimodal_electronic_router_moe16_224/features.py","content_diff","b4c0e6676cd6b7a12c765ca2885b594d9e3c19276b08763a72025443a77698b3","a56f4aa106607fbdcdc7ccb716e8a3276fb95001996cbd8c9d84d3b33235260c"
"experiments/qwen3_vl_2b_spaq_single_attribute_multimodal_electronic_router_moe16_224/io_utils.py","content_diff","db9284a79b345fd192f5002bf635c560d41f7a178548becb8899ee3e7f42dc13","7ea19343df84429a7f2a1b26136b858896569b2047bacf51bb5cbe8ea1a23efd"
"experiments/qwen3_vl_2b_spaq_single_attribute_multimodal_electronic_router_moe16_224/metrics.py","content_diff","fb9b2d550fbed4297e161cab06729beb32e1d9a14e1dab4e896a377ed4567a73","03abb3b0a491337fb7cdcdb3ae1e83841b511db80ad78ad1d86ccdc0b2da6c61"
"experiments/qwen3_vl_2b_spaq_single_attribute_multimodal_electronic_router_moe16_224/modeling.py","content_diff","4509db45c5b98e03f35b32ae49af0d3a1c1b73bebc1351c946ca30a52d70e5ae","afab0fa1165d75108c8b55aa019e855d8469bf98b959659e41855ed5565acb28"
"experiments/qwen3_vl_2b_spaq_single_attribute_multimodal_electronic_router_moe16_224/optics/__init__.py","content_diff","3b86bbf54f340da65ba8cec126fcf2372fd866590f6bcf0a0c393f9186d15f65","a895dead1150bf685136eff46bff7b3dda970d5e5f4561a9c35f054842947d18"
"experiments/qwen3_vl_2b_spaq_single_attribute_multimodal_electronic_router_moe16_224/optics/geometry.py","content_diff","f8d74c0f6f2fbf64c72d98a37d8ace6c42b3d835c68260667741d0a250e18c41","1d7cf006b6c451da67cfe04fd08026d4863c1415680949f825ccd259b7a87889"
"experiments/qwen3_vl_2b_spaq_single_attribute_multimodal_electronic_router_moe16_224/optics/moe.py","content_diff","7b24bd981b971cde1a5f19a26873438c66834c90a6a29f791bc70d826cada9da","aa98eb658f9c76837977d34a9d853151435d6f5f3d9b373a8d7fe60aa476ceb2"
"experiments/qwen3_vl_2b_spaq_single_attribute_multimodal_electronic_router_moe16_224/optics/physical.py","content_diff","ae2b7e422c1bbf3b5006ab3ed55807523a8619eb1f248939013da956e8730167","e8342ed3552fd0de47712ae1a46985fad42c90dc620ea788924a6b449ffd8496"
"experiments/qwen3_vl_2b_spaq_single_attribute_multimodal_electronic_router_moe16_224/optics/replacement.py","content_diff","c284df0c67af113198f3c29010a63e7667c43f380f6307f1d520efaa9bfc6f3c","f240f8346f934c6077b085a2e1cdde5a273d5608f602c16427158ddfd05e1523"
"experiments/qwen3_vl_2b_spaq_single_attribute_multimodal_electronic_router_moe16_224/optics/router.py","content_diff","eaf000d3b08e9fec103793c9465205cc3bc183c7251fef5005af61461fcfbb1d","693c6eeb107487f1f181ad39a41e11d0608f127e4343360c4f767474c446c5dd"
"experiments/qwen3_vl_2b_spaq_single_attribute_multimodal_electronic_router_moe16_224/processor_cache.py","content_diff","4d0a09a3c047812c7a94410e75017c83acb6ad8c5047b807845e5c20f7ef00ee","54f2b5aca2c4df6dcfee6cd0571cd76305617e6c6fd2e97126af4d59b001ef7b"
"experiments/qwen3_vl_2b_spaq_single_attribute_multimodal_electronic_router_moe16_224/README.md","content_diff","e1163002201ed2786ea8a90de4187ac8f26abce6897371759f03d5f3f9b86a2d","05c9cbb26afdec56d98895cb5af6974a957520fc7d9cbfea77a81fe1fd037ffb"
"experiments/qwen3_vl_2b_spaq_single_attribute_multimodal_electronic_router_moe16_224/run.py","content_diff","dac9fc70a75504831894011df7c69959b1540e66c0f6358454d15c5cecedda03","71cb1fbb4b40e328699a1b340296a9f54e4fd5d3366700226fc2bc61f8ca9088"
"experiments/qwen3_vl_2b_spaq_single_attribute_multimodal_electronic_router_moe16_224/RUN_COMMANDS.md","content_diff","82205705764c1cd0e8dedd849914a5629cd83d379d194c3599df9726c0db060e","ca5d3efcb207c68ff025b2d8f189cef9d3d9fda10fe670fa281ee1aa8f904302"
"experiments/qwen3_vl_2b_spaq_single_attribute_multimodal_electronic_router_moe16_224/sampling.py","content_diff","61ef8695d9b8a0ed53ab1cf0b7511a868a9896194787995df8a2a2bc30a738e1","f874bf9af9cab9169a262259adac4e45d005f6bd032ea6001b44e152be7945b9"
"experiments/qwen3_vl_2b_spaq_single_attribute_multimodal_electronic_router_moe16_224/settings.py","content_diff","2d7046d65cb330af837e6ae5458c064a9210075c1c95cd9dc045b9b3e8ffacfc","e6848b58d204d51569142999fb83106df6debe4cd6ff1dc61c088c74f218b0d5"
"experiments/qwen3_vl_2b_spaq_single_attribute_multimodal_electronic_router_moe16_224/teacher_cache.py","content_diff","628cadd372cf68bbaf240d1efa3830d746ffb45e49c183d84ef1026f09dfc9fe","c3115cd431eb2e44c14acc6422492666d61371afbf351b256b88badd6495f407"
"experiments/qwen3_vl_2b_spaq_single_attribute_multimodal_electronic_router_moe16_224/tests/__init__.py","content_diff","3365a9c0eac9b8eba251bcf2ca1a11652e1d5dd257ee0c57bf5358772a4ee489","7ba7db4381a5bb848a1a009d71dc3da988a31f322c93da4de3ad10090fbb14c6"
"experiments/qwen3_vl_2b_spaq_single_attribute_multimodal_electronic_router_moe16_224/tests/test_core.py","content_diff","f804013853bf5fd0eb9029d7475fd6ff667628f573b8bab92660ecb20f27a725","13206ac9a8ae2c49b025c6054a498a321716922b0140378d3b90556eaf5a0b5d"
"experiments/qwen3_vl_2b_spaq_single_attribute_multimodal_electronic_router_moe16_224/training.py","content_diff","3de0f3b537e618787683abf1702da788d24ecd49f4cdf6f11c43fba7c0befa96","b119517f39acc166c8051110c2a928e3f50dfffb8054e0043a85984fcf608195"
"experiments/qwen3_vl_2b_spaq_single_attribute_multimodal_electronic_router_moe16_224/visualization.py","content_diff","e34519bb4abf862ea3ad4b75d99e499ce69e885f9b177882365232f2ca558032","5a9912ee38b39a7935cfc66c62a744ab4a46e720f596a1df1d22535175ec613e"
"experiments/qwen3_vl_embedding_2b_abo_product_retrieval_optical_moe16/configs/abo_base.yaml","content_diff","7a0169d83fe015acdc6d0f037833ffec80d2d06f209103bdfbd9ef95a0636fff","619a385e5c60b33f04b76f7257ebbf0c3bc294e49113b2d2c0e63c5c86b4e3fb"
"experiments/qwen3_vl_embedding_2b_abo_product_retrieval_optical_moe16/configs/abo_multimodal_smoke.yaml","content_diff","5662b531f4a2a36f17c5b22ec33fd50cd81cd8a65f6667568bbb1b39344a5245","06c388bede1c51115c1cf113dbf4748badfd9fecfda6ecf7fd6de6795ed808c4"
"experiments/qwen3_vl_embedding_2b_abo_product_retrieval_optical_moe16/configs/abo3000_multimodal.yaml","content_diff","ff4738873f4dee5dab6f1b04ea0d0137379cf4feb9046787cffab5a675ffdde3","d76f583acb3adf0f7bf1d1661545b41173b76934d3398fda336931cd7a1450e1"
"experiments/qwen3_vl_embedding_2b_abo_product_retrieval_optical_moe16/datasets.py","content_diff","87233f5ee8a4f09bce6dba3c89b901216395467c15eabdc4915cee05e978a44a","c611c560a8dbbda6c24491d535abe8ef608b6fcec77e0da249e760244820535e"
"experiments/qwen3_vl_embedding_2b_abo_product_retrieval_optical_moe16/evaluation.py","content_diff","a70a3d2f40b36e4b690da38239e537367055c997e1f2d0f02d30086a6cee9cde","6738313870238c5149e37f1dfff6b90e9d55d565e502ff9b890c63c85270ab21"
"experiments/qwen3_vl_embedding_2b_abo_product_retrieval_optical_moe16/losses.py","content_diff","1b435f32fb1872a184005e50414c80e7b3114b189a53534d79cc58daef060353","8b1acc9199ebca2d21e9778c0dc880732300699207158a15ce11a4062dcfc806"
"experiments/qwen3_vl_embedding_2b_abo_product_retrieval_optical_moe16/modeling.py","content_diff","277b422822b3868b7ecbe52a87f028b208630493973d4ea1ce1605d2176e22d0","5a23390b3875db4794de5dd14f79afdeb3711923bca42edffc7068676a58db43"
"experiments/qwen3_vl_embedding_2b_abo_product_retrieval_optical_moe16/MULTIMODAL_IMPROVEMENT.md","content_diff","6058710a3eb6d01929ded999807fee988b830fc8ccd5477ba5932b9b1ef5ce54","7c211db302b135eef4ecb8819f50f756abc34600cd7bb5b4c74a3bd19e7880e3"
"experiments/qwen3_vl_embedding_2b_abo_product_retrieval_optical_moe16/run.py","content_diff","b65c9808e353befa7c7f5ed049bc25965a4f7f19d7960ab11d9e46b9618f68c0","7147b6d93ee4f30c7927424a18a09c1e88611f73000b4fc501bf7e513f0da48b"
"experiments/qwen3_vl_embedding_2b_abo_product_retrieval_optical_moe16/RUN_COMMANDS.md","content_diff","97e94b170b46333318238201d7a248339b4fe46b21202a944ef0cf088ce0b406","ea9ae956a9cc2e48924ef99bdba884b296ca6e94235e363dc5b018bdf69a0416"
"experiments/qwen3_vl_embedding_2b_abo_product_retrieval_optical_moe16/settings.py","content_diff","b7fc510dece617a8b03551d715fc0c70c8f056bf732eaa562400830c0126b651","1e8bb71063a53ebb92ffeebeb2f59939cf416c24f7d3ee8e98a03b545f9161ea"
"experiments/qwen3_vl_embedding_2b_abo_product_retrieval_optical_moe16/teacher_adapter.py","content_diff","a04c2899794ac21c2ed64629792799a51a69c17681c3b04d2aa4c695e8a515a1","64309f5289e788cc0d21c2b8c33b3f8c57317063ab42d63e470d230ec94bb716"
"experiments/qwen3_vl_embedding_2b_abo_product_retrieval_optical_moe16/teacher_cache.py","content_diff","c8a4f08df4a1ab975fe1da20b366a3808b107003bdcf85ec774398f00d7d2e55","5b4d6418af8ad0c358f1456c2605ab69a435b523373e9b2c32bd49c67ea6e722"
"experiments/qwen3_vl_embedding_2b_abo_product_retrieval_optical_moe16/tests/test_core.py","content_diff","bac715ca1d86d2021efd355a68da2afd9e21d3c23d9edaf5c950e346ba9e243b","b7245ccf8d69b9a0d2e2127cf1db123649fc6995a6ff535a3a45e27337bd4a17"
"experiments/qwen3_vl_embedding_2b_abo_product_retrieval_optical_moe16/training.py","content_diff","5c8aaab2c0313e22bace3ada11d9affd268a9f5223fa98fa6178f7b3d6776bb0","8baaf4ac20f92a9110072a37da56f3f339da23fda2922a5928845260e2ef047a"
"experiments/qwen3_vl_embedding_2b_awa2_animal10_optical_retrieval/optical_artifacts.py","content_diff","435c877cf645aea4f749402417e1596d9626f7ea4e2dc8688a13f19b22fab7e9","e51d64ac24ccc5c7c4263f186c4a397b2bcc4ae0bcbebda046edf83e0ee05fe7"
"experiments/qwen3_vl_embedding_2b_awa2_animal10_optical_retrieval/optics/__init__.py","content_diff","3b86bbf54f340da65ba8cec126fcf2372fd866590f6bcf0a0c393f9186d15f65","a895dead1150bf685136eff46bff7b3dda970d5e5f4561a9c35f054842947d18"
"experiments/qwen3_vl_embedding_2b_awa2_animal10_optical_retrieval/optics/geometry.py","content_diff","dfbe0a9be3e064dd5c2114ad7a2d6d888e9814926b8b7551745189c736c00a4b","9772ff307e4676611a1161f5f8faa2ff80134f0895af564041a9df293b05be1c"
"experiments/qwen3_vl_embedding_2b_awa2_animal10_optical_retrieval/optics/moe.py","content_diff","7fca8b2487003c1b0eca665c2558511a51e0982aa52f99e28361a9b2bb13eabe","b27c6fea11015e8b8b1c3420d3e74c97f191f853079ce682754f77dbc659e2a8"
"experiments/qwen3_vl_embedding_2b_awa2_animal10_optical_retrieval/optics/physical.py","content_diff","c42b4aab8177f1b4285a76d5768a8719468c44df1914b3a3c156661b6c491eeb","a1bb5b63b3a7b1acbf323ad70e5f8a34b5bcee91b8f5aaa26df82bef6ef15ecc"
"experiments/qwen3_vl_embedding_2b_awa2_animal10_optical_retrieval/optics/replacement.py","content_diff","c8deafcb0a5542720a3b134cc8027f14af0d5dc27030c9749ded72eda9e5de95","d39dbc8f74881226788d4a12419f3fdfe875770f1f35209bfacd0b2bd4b99d8c"
"experiments/qwen3_vl_embedding_2b_awa2_animal10_optical_retrieval/optics/router.py","content_diff","61f9ea14fe4851d8f09e8ecad444c87d8dfb4f4f7d905f74165a2fb73535d82e","0961698358971c58b300c193139978b210efd9b493c54307d439e8915c130c09"
"experiments/qwen3_vl_embedding_2b_awa2_animal10_optical_retrieval/settings.py","content_diff","f4ce6b24c102ee723825647466e84cb4d5a2caa3f6f3fff8342d5d1fd10fe308","a4a9b98652cc903fbf53d6f64883c802d962aa083ebd599810f644338867ce8b"
"experiments/qwen3_vl_embedding_2b_awa2_animal10_optical_retrieval/train_optical_retrieval.py","content_diff","b81cf6e5559dff32f72681eac0e68176395ec40b5151fcd64be3e685d3376121","10ed1584c76fac5585651a7ae56da0977e6113485d192ac2cc4bfd666874fc53"
"experiments/qwen3_vl_embedding_2b_bdd100k_bench2drive_e2e_optical_moe16/behavior_cloning.py","content_diff","c4d067b2440a017f293dddfd90d084c4e5a66731789994bafd8fc87b44b9f7a2","ce12883988fb0234e61c44e4fab0285b54c18bf25ee558394804ddb01c77c176"
"experiments/qwen3_vl_embedding_2b_bdd100k_bench2drive_e2e_optical_moe16/carla_bridge.py","content_diff","d1aa51c038a42740c3261f0f20258c913fe7b140d503847d37d86db325c7c9c0","d8f1a685302be431a6285263f3f75e7aac6b25cd90db2eb8887ed0c9a790d701"
"experiments/qwen3_vl_embedding_2b_bdd100k_bench2drive_e2e_optical_moe16/carla_env_server.py","content_diff","861164abb1e171464ea75d0c049cd9fc4526aac2eb6b36440e9811d8d60e2801","7d33b817a24b5a6b22a7edb10786c930363baf2464234b0406830be9d418ddd0"
"experiments/qwen3_vl_embedding_2b_bdd100k_bench2drive_e2e_optical_moe16/carla_runtime_check.py","content_diff","3eb043b0be7fa4e231f9ed229aa0211269955ad810f60ad44723f3611c3cf9eb","c0651d5d044bda8ab13c47097bde19978addc114e05bc39a95cf247401c625ee"
"experiments/qwen3_vl_embedding_2b_bdd100k_bench2drive_e2e_optical_moe16/configs/bench2drive.yaml","content_diff","b8b93bc4b1ce8e7a714daf60d569a5fdeb71fa0e90b55a8d1c6128d1aa00d138","515402502e41da6563a28e2d292d40f9a9247911147e62c3d4622617fdbcab4a"
"experiments/qwen3_vl_embedding_2b_bdd100k_bench2drive_e2e_optical_moe16/configs/bench2drive_base_scratch.yaml","content_diff","7e69e99bd313957ccb4dcc59bf01641e9887e3c0cdeab31b4834db53e1ab2125","28d4135b02fad25ee6dd667c75cdef5c1454ad623fb83784e7794e52deb66e46"
"experiments/qwen3_vl_embedding_2b_bdd100k_bench2drive_e2e_optical_moe16/configs/bench2drive_base_scratch_closed_loop_smoke.yaml","content_diff","971f8d221e32afcfa37390a9b706bb70e069a13e41a63ea58fc8e4041fda8069","c225ce2c6fc99cafc8c30918237cb58b54158e2362159abee66b8f39965f4484"
"experiments/qwen3_vl_embedding_2b_bdd100k_bench2drive_e2e_optical_moe16/configs/bench2drive_base_scratch_runtime_smoke.yaml","content_diff","e014e36e076172efca1b1a24ca2ab81da8e9757b92c382cc8d7c1c1f8e7d76bf","5922c3829cdc9993e3a6831f0b1c8fc292ef0108e3cd937ed86ef21571f5e38a"
"experiments/qwen3_vl_embedding_2b_bdd100k_bench2drive_e2e_optical_moe16/configs/bench2drive_base_scratch_smoke.yaml","content_diff","1e012a037459da4e4e89a626dba79abcefc3c88d71f45920c8682d5db4f12a24","641f3236ffae5ecb2b960c3eb54d57d4765012d57497c2e7767eba1f5e9a4ebb"
"experiments/qwen3_vl_embedding_2b_bdd100k_bench2drive_e2e_optical_moe16/datasets_bench2drive.py","content_diff","de4eaeaebcd4ee9f425cb361eb31d47277346acaff3ffbd0a2516ce61e4ce220","34212e24f275d3e51c7f95460408935fadd7ab3a01891c5f09f5ff66fcf9ac7a"
"experiments/qwen3_vl_embedding_2b_bdd100k_bench2drive_e2e_optical_moe16/modeling.py","content_diff","878c812c7b5448de26ae9c155b39ec9b8cf9e9425e242e8269540217a649df4b","c3b68667c80d0f7722c574d924b594b3b22fa576268b61db78477d7a272d8e30"
"experiments/qwen3_vl_embedding_2b_bdd100k_bench2drive_e2e_optical_moe16/PHASE_AND_SAC_NOTES.md","content_diff","3f9935946f393f901cbb2fb6fde81ab351196119d80730f1f3473326dc117169","682323c1d377a49176a24ceffdf113a29040c7ad5a07633c13492a584d33a43d"
"experiments/qwen3_vl_embedding_2b_bdd100k_bench2drive_e2e_optical_moe16/prepare_bench2drive_base.py","content_diff","39fbf27289f815449e14e4ccf3c9e8a7adbe3862297fb30c57df5231660a3ab6","93ba768f4f63fbeb66bc56a222514b01eb5263bbb1807dc814a0c69da6907527"
"experiments/qwen3_vl_embedding_2b_bdd100k_bench2drive_e2e_optical_moe16/pretraining.py","content_diff","7d614f634d26f8b3313eb1dc9556e4355e155fb2dbae3dcf55aaac6f636671d5","1eccc00bc55fad47dea96c6fa48cee38d869a0f7f206d5d109df90784809a92c"
"experiments/qwen3_vl_embedding_2b_bdd100k_bench2drive_e2e_optical_moe16/README.md","content_diff","7033dc2d333c0fd53082742f412e3e4674977c4f8404b854abea54ee88dc6d34","18c75026756b6ea311779618008b249fb0e4ff1c5619bc68598e5a74c1080cf1"
"experiments/qwen3_vl_embedding_2b_bdd100k_bench2drive_e2e_optical_moe16/run.py","content_diff","80a6e0875bf7bb3102863e59f8ea8744e9a554353b99ce22709e6ef37df5480e","5c94bfb9059ee58e1503a0a1e2a4f6e16d8edd6664ef46b57805426caf5ee4a1"
"experiments/qwen3_vl_embedding_2b_bdd100k_bench2drive_e2e_optical_moe16/RUN_COMMANDS.md","content_diff","2dc841538f06eca77be5102ffcde8b9a27c822a765b7326b68e18ec38a9621bd","deb0df72a2838dd7c5ebcbffe4caae9407d2b8c42aa474a76d9291c586a852ca"
"experiments/qwen3_vl_embedding_2b_bdd100k_bench2drive_e2e_optical_moe16/run_sac_closed_loop.sh","content_diff","97a313f97055cdf6dffff0d18f18c3da7e049cb6ac5340e8de8f646df26721f7","05297e2fa1f2b1ff4f6cf9d6a31603dc7df5f4a34dc6fb03ef1db813450f59bf"
"experiments/qwen3_vl_embedding_2b_bdd100k_bench2drive_e2e_optical_moe16/sac.py","content_diff","b7cf23f216d51cf95d4508195787acce4013b3cb02a5a972d0fe31af11a8de07","c2ecbddd35a1045bc9d2422b5acab41623477ef63be751f0140b4a737f0dbae4"
"experiments/qwen3_vl_embedding_2b_bdd100k_bench2drive_e2e_optical_moe16/SERVER_RFL_ENV.sh","content_diff","5a0106c8ad78a0bdb9c071381bd6f29e99e1a03582fd514a3990e2d40fff9aac","969144e10a20d506ecd9509cd1630b154bbbe1bfddf1fb00466648e7c2094c86"
"experiments/qwen3_vl_embedding_2b_bdd100k_bench2drive_e2e_optical_moe16/SERVER_SETUP.md","content_diff","d1d4c757b0cd10cf16ab87bc43af6524ac660b595b0104475f9cb2f0fd864881","6536650f3e037dad50da46b083395d01e096915dd63ae028a0d532049c8ba710"
"experiments/qwen3_vl_embedding_2b_bdd100k_bench2drive_e2e_optical_moe16/settings.py","content_diff","8720c357c653fe8514088e5fd1b18155d1abe5bdcd397c2b18e5d9ed38125cf0","0578e8673dc3ab20065003d37964f278c6a3f81044dd70af00ffc17fcd420918"
"experiments/qwen3_vl_embedding_2b_bdd100k_bench2drive_e2e_optical_moe16/start_carla_bridge_rfl.sh","content_diff","9f318e1e3fc8de0f636e8d29080a8eb9e5ac5d9ece0782ab57d348d35c9adf44","e258aa0ba1000a571c0abafc517b23ac6637e7b0baf86e6868e6d515a23a13fb"
"experiments/qwen3_vl_embedding_2b_bdd100k_bench2drive_e2e_optical_moe16/start_carla_rfl.sh","content_diff","c5edcd95fb605df71bb528e1b069e0f84869c0074a45bd48d8e0a571943afd2c","ab9b1d6ca5cefdd8c17738ff6fd89b0d3f4f3509a4afb3858ae00bfcea815381"
"experiments/qwen3_vl_embedding_2b_bdd100k_bench2drive_e2e_optical_moe16/stop_carla_bridge_rfl.sh","content_diff","a3ede7145bb9a417f51b3c9b668096f6120abfa01d1accfb8fc25edfc9677b58","ea58fe025efa34215520256d3f1399a6265146a5876cb6aa22275a3d5306a596"
"experiments/qwen3_vl_embedding_2b_bdd100k_bench2drive_e2e_optical_moe16/tests/test_core.py","content_diff","3d89d743eb19292cdcb7d7edf1096db00b78d7b765128024f16399ebb4817b51","65e8349b6ef359fa525c0bd7db54b5054c011e484c75c442e3624ca3d164353e"
"experiments/qwen3_vl_embedding_2b_caltech101_balanced_optical_fusion_ablation/__init__.py","content_diff","b02b25c1ba6e460238dad434be328d1884eb429d24b872b61caa4fd2056eb5f3","951d2eddb328d231071cbf2942515906b9f645db2f760b7d27e2f1b818d63b10"
"experiments/qwen3_vl_embedding_2b_caltech101_balanced_optical_fusion_ablation/__main__.py","content_diff","8c28c6b8054816330e72e88eadff36c9f4e82694003491821bedb0e143ad8ba6","163f54e30768e906fdc1e1c353d48582a2e6be829913165e50cc5fc470dedf6d"
"experiments/qwen3_vl_embedding_2b_caltech101_balanced_optical_fusion_ablation/checkpoint_report.py","content_diff","b82557037a21325673cba6b7c26f9510e97ee9818b37f1f8d4d1f75e239f3a32","662348badcfd39889cb731fe589f759fdf1adc591a54ce0b119047753dc0813b"
"experiments/qwen3_vl_embedding_2b_caltech101_balanced_optical_fusion_ablation/configs/release/alpha_free.yaml","content_diff","2f0682d625d79618f7152f9700d6095d446a67f702e84d7f4cda76823e5e7159","9cdefab723370f48f265360acce02f311ddda92d950524efe3a9443c907eabde"
"experiments/qwen3_vl_embedding_2b_caltech101_balanced_optical_fusion_ablation/configs/release/alpha_high_gt_0p5.yaml","content_diff","36da174162897107da4d7c18f73f702c8e58726126dc95f50949a3dab38e7593","fd94a6eeddb0e8f95b2359312489229149562e197f62711232803d4dfa5d9dee"
"experiments/qwen3_vl_embedding_2b_caltech101_balanced_optical_fusion_ablation/configs/release/alpha_low_lt_0p5.yaml","content_diff","dbb12b2d0363eef3c06785343ba1d9b6653e30cf752b4b6567076d2c0ef88651","307b05a2b3693051396f8af3ebec5682ea9115c6904f755b6f9fe423e0345d9b"
"experiments/qwen3_vl_embedding_2b_caltech101_balanced_optical_fusion_ablation/configs/release/common.yaml","content_diff","d2c2a7106b08b18dc6b8694d800befd6edd6eb2ab4be658755dbeca0e5e19b36","74e44deaede5c52bd6267dce34560e7eef4a574f1297f2972582aaeac5cc38ff"
"experiments/qwen3_vl_embedding_2b_caltech101_balanced_optical_fusion_ablation/configs/release/electronic_only.yaml","content_diff","354f00762fc5b2382984b3e57e7a65bcba72687ffc653f07dcc4a78e9e2d6262","35697edf91a058170a6c05d58938a569c7eaf2588b60ef0595803bd84671d0ce"
"experiments/qwen3_vl_embedding_2b_caltech101_balanced_optical_fusion_ablation/modeling.py","content_diff","08df0f2aaa2f397ec10fbb3355507c138deae4e3b5f5d65e10e33d0a8e78e6dd","a81bd365b63e9800fa62e79a6eac129baaf308253b019da92e838ca504e6d3ed"
"experiments/qwen3_vl_embedding_2b_caltech101_balanced_optical_fusion_ablation/README.md","content_diff","a624ac8694700a6e1d62bd858d6d1c8c80d977652a4513d3c3c939c019f940b6","6f9fa7a90550436a5361af906da4765bc0f67893cb9f4a42be635503c41947c8"
"experiments/qwen3_vl_embedding_2b_caltech101_balanced_optical_fusion_ablation/RESULTS.md","content_diff","251094a0e33f84551a4cbf08bead3afa09b21ee0eaed97f3f404a7bfd96a5a47","e8a5f05e8dc792b417e943f8c61d9d70a4703cb576e4991227be2d6f4e1225f5"
"experiments/qwen3_vl_embedding_2b_caltech101_balanced_optical_fusion_ablation/run.py","content_diff","73f2e99b2074b70722ef5055226de6cc232d764fef96fc1040b59849df0695af","ac4e2a769524df57b046d8dc87723a0f6778503a16b2b5369ed179c724cd899c"
"experiments/qwen3_vl_embedding_2b_caltech101_balanced_optical_fusion_ablation/RUN_COMMANDS.md","content_diff","41ccd6fd2c57a8bea741986b1d2b3df7e53dd4c8fab32541d99ce09c0341e743","c126bb65b3b3d334eb7411bdc4041a6614bf668bc2536200df206c96fc4343b4"
"experiments/qwen3_vl_embedding_2b_caltech101_balanced_optical_fusion_ablation/settings.py","content_diff","603473fdf62936581e5fbb6445d310f94d71306464a641246b19c8375162fe98","476ae779e297a47d446aaba8eb30c26d1bd4417e1665fa5377928511d8a30e17"
"experiments/qwen3_vl_embedding_2b_caltech101_balanced_optical_fusion_ablation/tests/__init__.py","content_diff","01ba4719c80b6fe911b091a7c05124b64eeece964e09c058ef8f9805daca546b","7eb70257593da06f682a3ddda54a9d260d4fc514f645237f5ca74b08f8da61a6"
"experiments/qwen3_vl_embedding_2b_caltech101_balanced_optical_fusion_ablation/tests/test_balanced_fusion.py","content_diff","7ceadd9bd8ee619abcec42c771e997b36c719a676bdb5d6dbbcd3adbd2fa1d35","3f96c9600fdab34bad6e13ebb864dbb1057b31ed30ca7f769bbddabd27d78dee"
"experiments/qwen3_vl_embedding_2b_caltech101_four_layer_optical_retrieval/configs/release/caltech101_four_layer_optical_joint_17um.yaml","content_diff","248e9079dcc34359e35b9a48afcee0d663135f8a6f836be374200ae3fc8378f7","5ec6bb3e1a8d06986dda2349647ca98511b17f0e45129b8dcfa821a292a433a5"
"experiments/qwen3_vl_embedding_2b_caltech101_four_layer_optical_retrieval/configs/smoke/four_layer_optical_17um_smoke.yaml","content_diff","5d31fea7f967d29afcafdb6d15dbe4830b4c4ddd8bf63385731f709b1f05ecfd","af702339263077958df13c9ad3d0e58ec49ca3395518c20f36ae8a2661e824f0"
"experiments/qwen3_vl_embedding_2b_caltech101_four_layer_optical_retrieval/DATA_PIPELINE.md","content_diff","6f66b7c5ce3e9fcd37a384092caf86437cbcccc93779ae0514c1af086fa14d23","ad9c0106e23c8f6aa0950128c7eb5bb14ff83b98b0c85fce1d602406f041b252"
"experiments/qwen3_vl_embedding_2b_caltech101_four_layer_optical_retrieval/export_phase_bmps.py","content_diff","f7a0cd6489899c97499e709f27229b0b340c6fdb5602fa063ab56ceffdd0447c","b82ff2a22f4755a1ff0e95ed3f8c1d8ac275b81bbd28231b47b970847fce175c"
"experiments/qwen3_vl_embedding_2b_caltech101_four_layer_optical_retrieval/hardware_bridge.py","content_diff","c3518a2f597b13cd570cf0cec0c10778fb8aece1635345a5e23ae5fb8d469a59","8cae8c25e36ff579e82f4290eacb23dc85b9ef50e57b451cfe59f1f2104e2abd"
"experiments/qwen3_vl_embedding_2b_caltech101_four_layer_optical_retrieval/optical_blocks.py","content_diff","3f684e326391ba52780a8c306a3615964cd54c1e729a1d72c5b0d78be7528fc4","691edf8f01afe6dc67c4370957a953a2add2dce79797aaee3aab81d1e86f5395"
"experiments/qwen3_vl_embedding_2b_caltech101_four_layer_optical_retrieval/README.md","content_diff","5550b1a3c6de63b518bab9bf2d8d8babf5b507d4fabdb2485201bcc62d7c5604","5197cc0048e1245d2168ddc5832e3e25f8e31f0e53b641d2165529ef114da7ca"
"experiments/qwen3_vl_embedding_2b_caltech101_four_layer_optical_retrieval/RUN_COMMANDS.md","content_diff","3020fb83e3ed4651ad0ad7a4188467906d8973fd26b0ad271625fa0fda62358d","9cd428adca588113f84b23d38eeefb14167e11c79edf21195e332d51dbb26920"
"experiments/qwen3_vl_embedding_2b_caltech101_four_layer_optical_retrieval/settings.py","content_diff","0b2832aece09f9aadce1b5b87443a8bddc88dc6fbd8d03b47fbd608fdc256481","3d74e38ca84cdc17a00b0f43e60571416f7312a0a18d5a6111358dc20a514d8f"
"experiments/qwen3_vl_embedding_2b_caltech101_four_layer_optical_retrieval/tests/test_four_layer_optical.py","content_diff","7ec7b8e3ada02116a5bb7855b0a92a8910b74d344eed10acf243123de79d30d6","ba1f382c55bd9eb289c3bc56426dfdb32840252a42c0071951069bf650b6dbd2"
"experiments/qwen3_vl_embedding_2b_caltech101_four_layer_optical_retrieval_10cm_robust/export_phase_bmps.py","content_diff","44499a4a06e3e43e516d3d634d4afcb89adde81aa277463fb62531a52a99e042","83267455ab84e4cf8da55ca55c38b1f7962a5bdf58cb56897349113d8ba03478"
"experiments/qwen3_vl_embedding_2b_caltech101_four_layer_optical_retrieval_10cm_robust/hardware_bridge.py","content_diff","f4ec607e56c53e8266762c5b360eed91b2bd732ec82859e4697df57091f1c385","9e7164990922894a217ef1e525d9ae17b81b010db951eed1ce93f591c7df5c9f"
"experiments/qwen3_vl_embedding_2b_caltech101_four_layer_optical_retrieval_10cm_robust/optical_blocks.py","content_diff","f2ac17d6cffc2d2c57d195bf4231a86d7207cf82041b9c30154db2562ca68028","139a161ac6820e415885598e14f0337ef27292e4b6c9f51232f5ba87a8d06b33"
"experiments/qwen3_vl_embedding_2b_caltech101_four_layer_optical_retrieval_10cm_robust/settings.py","content_diff","e2214bf0439954729030210a24e1fb49d321febebb47b32cf04e96aa0ddeda0e","0382adbb1c4938a825fafc6033faad2cfb9f51cd940cb3945f7a9dc5df5cf69f"
"experiments/qwen3_vl_embedding_2b_caltech101_four_layer_optical_router_retrieval/FORMAL_RESULTS.md","content_diff","fd0ddd232b9de3c0c2ee0c8fd2df4480c4a58532f704163c33466f1fd6954221","72f90386186d895e92d3a78e2abf680a2120508f7914987865839682879db856"
"experiments/qwen3_vl_embedding_2b_caltech101_multiplane_optical_retrieval/comparison/FIGURE_NOTES.md","local_only","79a3c3d738279024f5fc4d2f716da8042d16cea2e51781feda94391aa1bd8442",
"experiments/qwen3_vl_embedding_2b_caltech101_multiplane_optical_retrieval/comparison/QA_REPORT.md","local_only","929afff1872991abe835b385577c8aeb49ab37a5ed20fa3fa280e433900c4c82",
"experiments/qwen3_vl_embedding_2b_caltech101_multiplane_optical_retrieval/plot_comparison_figures.py","local_only","06ae95a8cfa933711fb48cfdf2ea5ef32f66d55ffbc7e95920f7190fab4d2358",
"experiments/qwen3_vl_embedding_2b_caltech101_object10_optical_retrieval/DATA_PROCESSING.md","content_diff","8438f704a400ea0fca73b4a6f1d51ca50e58c6b50d2d9bcbf406773ace118def","29b183650c745e0412bb820def56405db3409177122908224b026b7cc63d09cb"
"experiments/qwen3_vl_embedding_2b_caltech101_object10_optical_retrieval/optical_artifacts.py","content_diff","ceab31f9e556a583c1098c29dfd068fbf5da52d08575c0f5cbaec2a90b9a0068","e5ada50572408e112815bf60d98aef97866c751a8d7941345dd450b74c3df041"
"experiments/qwen3_vl_embedding_2b_caltech101_object10_optical_retrieval/optics/__init__.py","content_diff","3b86bbf54f340da65ba8cec126fcf2372fd866590f6bcf0a0c393f9186d15f65","a895dead1150bf685136eff46bff7b3dda970d5e5f4561a9c35f054842947d18"
"experiments/qwen3_vl_embedding_2b_caltech101_object10_optical_retrieval/optics/geometry.py","content_diff","dfbe0a9be3e064dd5c2114ad7a2d6d888e9814926b8b7551745189c736c00a4b","9772ff307e4676611a1161f5f8faa2ff80134f0895af564041a9df293b05be1c"
"experiments/qwen3_vl_embedding_2b_caltech101_object10_optical_retrieval/optics/moe.py","content_diff","6b6162ca82ab81f2502d1757748d70f3c292dcafc3bde56d18c3cf7ea8d71efc","4c00114bfa2fdd5a3b03f1f43c4395aba53fba44eedf8f121998184f9fa5dd5d"
"experiments/qwen3_vl_embedding_2b_caltech101_object10_optical_retrieval/optics/physical.py","content_diff","c42b4aab8177f1b4285a76d5768a8719468c44df1914b3a3c156661b6c491eeb","a1bb5b63b3a7b1acbf323ad70e5f8a34b5bcee91b8f5aaa26df82bef6ef15ecc"
"experiments/qwen3_vl_embedding_2b_caltech101_object10_optical_retrieval/optics/replacement.py","content_diff","3978d93461c42f5041d63c2a10d9153dba316e6c4489c1d51c2a36fa6104a4f4","ed9daecaed557770ddc52e3f1460193e3612309073b871ccb7dd7b39600e2d0a"
"experiments/qwen3_vl_embedding_2b_caltech101_object10_optical_retrieval/optics/router.py","content_diff","bdb064709d35dd1e7eca2ac68e68d5a0bb5f554c7b91ad98cbdcbfa23bba691c","40f93dd7aae541eb2817552158a407ae8b0932b56bc58ce2693c94f7daff8622"
"experiments/qwen3_vl_embedding_2b_caltech101_object10_optical_retrieval/settings.py","content_diff","2b808d4c96f42dec5627a56cea4eafcca917aef79b2ffb9d2dc563c6e22aef74","126aa0bbcdec513282359f034e92205417b2028c4dd661a78fc7378a965e76f8"
"experiments/qwen3_vl_embedding_2b_caltech101_object10_optical_retrieval/train_optical_retrieval.py","content_diff","f555565882416bde4f16748a9bdef3f5982e4f14cadcce4f629036543e7ad26c","edd23263a42fefb8100d7d24135e3c1a0310ca71f4e5ee0b0913db61057546de"
"experiments/qwen3_vl_embedding_2b_caltech101_robust_hybrid_retrieval/RUN_COMMANDS.md","content_diff","5163e3c87e6567591d8fabbf76fb022fd865bd4599e8df7a0b13047b22ebd2dc","ae2133c18f8f84b1054004622c426321ee27c936bdfa9c90e1620b0628f32c47"
"experiments/qwen3_vl_embedding_2b_coco_duts_vision_optical_moe16_pretrain/configs/coco_duts_pretrain_smoke.yaml","content_diff","a37b764799166e9b054bec9355aa1fac34df6527a7204513467f1be4b48855a9","dbe07562fa1bfccee7e9cd76275cbb834c3777678f722008a6e3598e6d0d982a"
"experiments/qwen3_vl_embedding_2b_coco_duts_vision_optical_moe16_pretrain/settings.py","content_diff","3e0245f60c1fcb741a78a122314a1b159d4d3dbad83c60dbf63640dc0d77cc12","e5b2d74f0b8b96b2a4972fb64aedca52b4da2cdd6ec3fabfb53da10d859000d0"
"experiments/qwen3_vl_embedding_2b_coco_duts_vision_optical_moe16_pretrain/tests/test_core.py","content_diff","65cb5337a956b7feb49cbed1f8da19bb7570facc9328bb0634159c9519bced21","d8eb279a527bbb69d39c7e4b265b9e53609d6b49c379aa2bc52a7885f85162b9"
"experiments/qwen3_vl_embedding_2b_coco_duts_vision_optical_moe16_pretrain/training.py","content_diff","2e1298f97f3e94e048312193e458698e912d90fb9e9907c1dad1296c6943e699","b697e602d7b152a5703449014a56bcd93de355006d82f041325d1ef0739df9f5"
"experiments/qwen3_vl_embedding_2b_fss1000_saliency_coco_duts_pretrained_moe16/configs/fss1000_finetune.yaml","content_diff","9f7d5a75652bcaaa00044df4796ca9a34545497cfecb2380517914ef4f0f8205","6d19a853e8485da0b7042bab9752f2f5a2d9a3430026969494b3cfa811b00c83"
"experiments/qwen3_vl_embedding_2b_fss1000_saliency_coco_duts_pretrained_moe16/configs/fss1000_finetune_smoke.yaml","content_diff","ee4ee0160272e1ea0855c4ba0a98a6c3f4211a6a26b6b9b2639c2ad9d0800b62","476c8da3b9a59afd76ac446327938c7c30976763b4e6e3080913618b0eafbab3"
"experiments/qwen3_vl_embedding_2b_fss1000_saliency_coco_duts_pretrained_moe16/settings.py","content_diff","b67e667ce442b697ee58985e45264d5c963fd87c98ebd03ff85f976164609056","ac99d44c919c85dcd6534b6073d1a15e077e2062b361e572b7efb0081a0e0032"
"experiments/qwen3_vl_embedding_2b_fss1000_saliency_coco_duts_pretrained_moe16/training.py","content_diff","cd0b6e6a1d2bcaeccbdb4bedad253da00ab0c816e04ddd6192419315fcbce24d","fcf1b8d8166ccbee2f6b47348d43a7810509857facf5f336f806c034df56ff68"
"experiments/qwen3_vl_embedding_2b_fss1000_vision_optical_saliency/configs/fss1000_saliency_seen100_finetune.yaml","content_diff","7a7fa458891212310c15680a58a62551517b520ea0efd18368f444a86cd3bb62","68965219f65858ddfe727776b6aad990638eb6cfdc538432235527afeb6a74cf"
"experiments/qwen3_vl_embedding_2b_fss1000_vision_optical_saliency/configs/fss1000_saliency_seen100_finetune_smoke.yaml","content_diff","2767bebda4ffb19086e21d8034df6333940370111143fe44daa4806088400e55","0f7ded35c6d84380a57e53045df4e7e7369d78de1e59de9af40a5801399c1584"
"experiments/qwen3_vl_embedding_2b_fss1000_vision_optical_saliency/configs/fss1000_saliency_single_layer_from_scratch_100ep.yaml","content_diff","1e52968b96c97fabc54674cfa35fd4034a6c2a272e5bcad2020c1b3e69d51496","8cf4601762f52e650b909c6f02fe969cce130030e6cc7543c4534036663582b5"
"experiments/qwen3_vl_embedding_2b_fss1000_vision_optical_saliency/datasets.py","content_diff","6226f753d1271270c339c0afcc5b3e5e0fbebac49aabc419c70fb09d52a8ebda","804c659cccb401cba3b2e0b481073dacd104c584687571f7633dbfc469c516b8"
"experiments/qwen3_vl_embedding_2b_fss1000_vision_optical_saliency/README.md","content_diff","434f93d4e5f656f7a2e6e237af704a4703d90ac4eb66c5e884218eb9e7184273","ae1743f6f72d80a57550f3bbf81c8a7838f5304df9001fc70f43b9e48e6873e8"
"experiments/qwen3_vl_embedding_2b_fss1000_vision_optical_saliency/RUN_COMMANDS.md","content_diff","f7ba48ab03b0bcf74058a92ba5e6f2bfdd61345047f1fe04c392d002ee77321a","a53f5af460e43214c62145a8cedb831e3e1062f9aa6aed6d2d55203f7840fd94"
"experiments/qwen3_vl_embedding_2b_fss1000_vision_optical_saliency/settings.py","content_diff","1ee271c40f179bbfee59e5e40051a9332590126213312c90c33d551fededb9f2","0b9db7c5fffc99223394ee6d15504d83cf1f75b7bfbf1d3c8f2788dfb9ffea74"
"experiments/qwen3_vl_embedding_2b_fss1000_vision_optical_saliency/teacher_cache.py","content_diff","4c12d6408f0781345c47bad416f401e4b9fefeecba7cdaa34c1a227ecdafe370","21ad81710264d4903e22d94e49d9aefca6599ac0e8e60f9b44b77f6e265e2364"
"experiments/qwen3_vl_embedding_2b_fss1000_vision_optical_saliency/tests/test_core.py","content_diff","145f59638975c513613f65ce371b0b4f3772c25ac3223c0cdd01faea88d4de01","f75c16ecd886e0e9dc1a990074518d4058b7e8fd69a6f1f6afc8adcfa4d3f63f"
"experiments/qwen3_vl_embedding_2b_fss1000_vision_optical_saliency/training.py","content_diff","67d4c42d96570b55f82e57d31a2c104470634c9951e433d2131e40d92142abed","f5dade3e28bddc6f087b284a9aef392bd503de424513011e9f4cf0e25bb7dfa3"
"experiments/qwen3_vl_embedding_2b_grocery10_optical_retrieval/evaluate_retrieval.py","content_diff","ebef243f0ba2f043374a59cc5e4ff34a1af653afd867f457fca3da5fc4d7132c","6eb39ccd5e521bcc127d8654c2876a3fa229d8974a47c4b46b1a613498d54474"
"experiments/qwen3_vl_embedding_2b_grocery10_optical_retrieval/hardware_pipeline.py","content_diff","29923af0c61a465e0f2058b74ffc3e56dc72a52cd80f421ff634ebbc0ec719a4","4445edf3123fe833fd6f11c76870e87081d2ba5566595637b4d743cafc572961"
"experiments/qwen3_vl_embedding_2b_grocery10_optical_retrieval/optical_artifacts.py","content_diff","4fa44e679c278cf9bd7b81f479b9636169b06b746e5035ea3b4f4376082ef5dd","2d8886158de15331a78116b0d1ac4fefe1b21bf8fe6079b339e9e2303b613468"
"experiments/qwen3_vl_embedding_2b_grocery10_optical_retrieval/optics/__init__.py","content_diff","3b86bbf54f340da65ba8cec126fcf2372fd866590f6bcf0a0c393f9186d15f65","a895dead1150bf685136eff46bff7b3dda970d5e5f4561a9c35f054842947d18"
"experiments/qwen3_vl_embedding_2b_grocery10_optical_retrieval/optics/moe.py","content_diff","9f743279b20b5bf4aad1b7c76e2da1750d55ad8e831760fa6edc7ace6807dcf1","3b2404801aede15b9c052a423d0cd6e0d7d852bf678176be27693e1b8ef92d11"
"experiments/qwen3_vl_embedding_2b_grocery10_optical_retrieval/optics/physical.py","content_diff","c42b4aab8177f1b4285a76d5768a8719468c44df1914b3a3c156661b6c491eeb","a1bb5b63b3a7b1acbf323ad70e5f8a34b5bcee91b8f5aaa26df82bef6ef15ecc"
"experiments/qwen3_vl_embedding_2b_grocery10_optical_retrieval/optics/router.py","content_diff","61f9ea14fe4851d8f09e8ecad444c87d8dfb4f4f7d905f74165a2fb73535d82e","0961698358971c58b300c193139978b210efd9b493c54307d439e8915c130c09"
"experiments/qwen3_vl_embedding_2b_grocery10_optical_retrieval/settings.py","content_diff","891f88373fbdce94bec645335f7019246444b137adda6783677177d73a98e294","6511b8ddc632370538a6c92be215eda5f4a202a4b63fcaccd953bcad8e6a81a7"
"experiments/qwen3_vl_embedding_2b_grocery10_optical_retrieval/tests/test_core.py","content_diff","46a67c685d819373d4ce6260be871fbcd3ee0bae92b4d6496b693faee993f034","59d4a41969c8df26826e601ce0ec3c4cc9afb165fda42f124a22e40ee0589c95"
"experiments/qwen3_vl_embedding_2b_grocery10_optical_retrieval/train_optical_retrieval.py","content_diff","0048d7e8212098931992e65421a3fde7e7037a505bd2494b742d82b0562eb235","a36507eeaf98a1d37ff5fb0155f692249cecf69c4696d7974ea978d3913d5909"
"experiments/qwen3_vl_embedding_2b_isic2016_skin_lesion_optical_segmentation/configs/isic2016_coco_duts_pretrained.yaml","content_diff","883103c39f50e60294af80675a0c3fb7dd9b67741807dbc81112508fcc2010be","841bb9b76c486cd312bfd0c067473fcb250b1a88f821358ac939fdeff72b4143"
"experiments/qwen3_vl_embedding_2b_isic2016_skin_lesion_optical_segmentation/configs/isic2016_coco_duts_pretrained_smoke.yaml","content_diff","82dcd42f4d3bc8acbf27c7884c13b12954f99bbe0fbf317216327095459caaec","fb7004ecb22ae50484d53fc9314c2b354a73607287bfdafb2234b3fab26b319a"
"experiments/qwen3_vl_embedding_2b_isic2016_skin_lesion_optical_segmentation/configs/isic2016_resume_previous_pretrained_unfreeze.yaml","content_diff","944968310dcd04fb6ead4143a265ca93abc63086b777bbdc9a5b5453cd7dee95","a35cda5114fed2535c56b15f0eaa1f1e21fb4ce6333931388c524db1b37e43c8"
"experiments/qwen3_vl_embedding_2b_isic2016_skin_lesion_optical_segmentation/configs/isic2016_scratch.yaml","content_diff","b7c293079b8943d7be779cedf0f3d9458fb9c007da9d4d784f55d3a23ab635c0","737723815e049b74cb719710038ae29954870cf7bf40edf49e5e054890e28e01"
"experiments/qwen3_vl_embedding_2b_isic2016_skin_lesion_optical_segmentation/configs/isic2016_scratch_smoke.yaml","content_diff","23683c4e30babb3345c0f6ea6cff3578de29b8602d9b163e670018fc5fe02a80","5d061adcccaee446dd7204ae3bb794206da5cc125c042bc49daa9293655d3942"
"experiments/qwen3_vl_embedding_2b_isic2016_skin_lesion_optical_segmentation/settings.py","content_diff","28db3e506058c04be4b86950fe488f27665232d6224511f71289c47b31acee1c","43ec1d89448db5a23cf92bcc2de1fd6dacfe0f5152f8f91971014487cbb36b23"
"experiments/qwen3_vl_embedding_2b_isic2016_skin_lesion_optical_segmentation/training.py","content_diff","57cdee4d787b19e0cdaf7021ab5515b101b6ec62e904a66a3f24645c6567be9a","89f21787d8cc021ad96a16d50ae0d6464f9101ecc2aaa4a2db79d05115408515"
"experiments/qwen3_vl_embedding_2b_lsp_pose_optical_moe16/__init__.py","content_diff","687cc00e0929ae1efcd5c49d82715f6ef9bb063bdf2b5dd08d0c2fbcacb8444b","a258ee878c15d2b76a53d216c3c515ab3a2801ff28e85e10422d1b9873cec9ad"
"experiments/qwen3_vl_embedding_2b_lsp_pose_optical_moe16/__main__.py","content_diff","163f54e30768e906fdc1e1c353d48582a2e6be829913165e50cc5fc470dedf6d","8c28c6b8054816330e72e88eadff36c9f4e82694003491821bedb0e143ad8ba6"
"experiments/qwen3_vl_embedding_2b_lsp_pose_optical_moe16/ARCHITECTURE.md","content_diff","4af9cf89b2104c36dea7ad2532d5cf046bf51165df747f8c8ae35c8656a52a50","56de28ef06ad93e6b9c7422b9fb2399ebfc16e32a089e437d734ab21cec4f95c"
"experiments/qwen3_vl_embedding_2b_lsp_pose_optical_moe16/configs/lsp_pose.yaml","content_diff","c6b22c63194d582f8c2e8b6ec4197bb54c6a7b5f53b6e3c8e8d2737cb2b44a08","530d6572bd1234ea591fa46234ec66b47bc913060ce0d9b9ea3571a19f3e63a6"
"experiments/qwen3_vl_embedding_2b_lsp_pose_optical_moe16/configs/lsp_pose_opt.yaml","content_diff","d6397e549aebfdc5b04fdde9ee3f2abd6d11e1f717f23ace522c11cb1d28265a","4c1c327a9c4dd893d21dfb950653e828b69979a17bb0b22814002a47e27397e2"
"experiments/qwen3_vl_embedding_2b_lsp_pose_optical_moe16/configs/lsp_pose_opt_smoke.yaml","content_diff","0051279c1e6b6beac6aecfec9a0c81eebe43377c2494068372c57abc53628e9d","82dcaa0882fd74b0af3e25e9a922910799fc68d2de6905d3d8fe8ce55d5d042d"
"experiments/qwen3_vl_embedding_2b_lsp_pose_optical_moe16/configs/lsp_pose_opt2.yaml","content_diff","bdd669bf514652f97877356904741e1c163570d8e61bdc9a266ad5934f3eda9d","a725fa8cc3354bd9654d75e8379f0b2ec31e36e6c94552e5bde17540d58a3ddf"
"experiments/qwen3_vl_embedding_2b_lsp_pose_optical_moe16/configs/lsp_pose_opt2_smoke.yaml","content_diff","c993c082e3f59d2d18e7241fd62255a20828cc224ed44a3e16d53223c24aa6ba","d288ca1a649e278a2aee7507ffac72e8325e24e4f0cf3cce57c9c305d0c4ca25"
"experiments/qwen3_vl_embedding_2b_lsp_pose_optical_moe16/configs/lsp_pose_opt3.yaml","content_diff","e10a6540b6f3fb6831219d4ccc552429152e7952612b4421340a1ca9fcf4b1bd","f1fdbf28881755195ee4cafc72ffd441ed79f79dc7adc4423799f4c86daece25"
"experiments/qwen3_vl_embedding_2b_lsp_pose_optical_moe16/configs/lsp_pose_opt3_smoke.yaml","content_diff","7f94f8594ac2c71ba169a05a9da953cd3b4041299f6ef16bf5a061acb4a0e194","462907be8eddd2df234646fba9a1676d143fef1782590e92d48af2dfcfcd6528"
"experiments/qwen3_vl_embedding_2b_lsp_pose_optical_moe16/configs/lsp_pose_opt4.yaml","content_diff","ea68ae9ee37cf1f5f334b1a4762fc589cac8e218dd5fab1253173e3db152a333","99e8524db458f4c2aaeef881e85c20826b06ea36c3766c257b857462987fe06e"
"experiments/qwen3_vl_embedding_2b_lsp_pose_optical_moe16/configs/lsp_pose_opt4_noema.yaml","content_diff","575a6948b7cb29fa476126ef5f29d9eaa7d5903cfd7c9cab1fa657b9bda68316","35de435053b328871841e74a7e80016a315e7a8fc14eddc3a9811c6626adf04a"
"experiments/qwen3_vl_embedding_2b_lsp_pose_optical_moe16/configs/lsp_pose_opt4_nonorm.yaml","content_diff","f899245f0b7a7997120f23bafcc32400ad7210e676f0212b29b84c8712404359","de5c54e56b7f062fe7a2deb85fdae8e88cbef64ae7f93bef5c3fb044e5ac733c"
"experiments/qwen3_vl_embedding_2b_lsp_pose_optical_moe16/configs/lsp_pose_opt4_noroute.yaml","content_diff","db5295c21f386306adc0bf221387d6054223b8036f76fbc4e3d6454e059d7c53","af2466ddb9be7b89f1a879b18ed63bb35a5f01d2cf52f7d99a2ddfca390d61a8"
"experiments/qwen3_vl_embedding_2b_lsp_pose_optical_moe16/configs/lsp_pose_opt4_smoke.yaml","content_diff","08c759a50b7195dcfadd1b58144cb1ccf68c05dd25988fdbafe334d9b4bbb631","180e5de220267a4ff96f1e7fa574046a4bb115e17e486854a1aca5728892ecca"
"experiments/qwen3_vl_embedding_2b_lsp_pose_optical_moe16/configs/lsp_pose_smoke.yaml","content_diff","9e7951940723b7b333005a1cad9c5b7d6d0317c9b9d870725241c65fa53c033c","cb5922776691db39622370e938aa7c2c7cc963c7b5109f4673a526881c7f0d61"
"experiments/qwen3_vl_embedding_2b_lsp_pose_optical_moe16/datasets.py","content_diff","1234bbfb9b46bd5f2a7ebf3965bffcda2cdb2c9d4d6cb33c1ecfe99d185e5259","4d1c83c87e8c82169f387bc828eaa312382cc4c78f476b0cfd686cbb1d2821c5"
"experiments/qwen3_vl_embedding_2b_lsp_pose_optical_moe16/losses.py","content_diff","cc4be68c227adb6cfe15a87f15f17531175fda78a3bc6b15a5c529a4def41843","917e8e36f3b906e406ef21073c567260e24a3d775b87680a9267d8a1d69b38cf"
"experiments/qwen3_vl_embedding_2b_lsp_pose_optical_moe16/metrics.py","content_diff","f4296ef238ff4b64baf5328ec3a62853e3a43a6da563ecf91da15c0b708bd856","b290a70eba649f190362950286fd710899bd9e7c63f77f20dd30102ef30e5ab1"
"experiments/qwen3_vl_embedding_2b_lsp_pose_optical_moe16/modeling.py","content_diff","d1ee96f8833b2e8ae9aeb2d637f0eefb4b4358d4af58bf1608c257af6b633667","88112f99c4cbe6376994d1896a45120339081659254dc151ffacd66a7a1f96da"
"experiments/qwen3_vl_embedding_2b_lsp_pose_optical_moe16/README.md","content_diff","d7e044d452beead9cc58aacdeed922d2fdf348e53ef7eebc8d43f0cd8aa5b7cf","a6539aae6450e67aaf7a09c9246b191d01183259fc3ac59a8507067d509ce96e"
"experiments/qwen3_vl_embedding_2b_lsp_pose_optical_moe16/ROUTER_OPTIMIZATION_NOTES.md","content_diff","f5648616d2dd943b3e5fae9129dd106b87ad98c3e540b986ab337ea865de20b3","3f576272059d61e0d1f26f51c2bcb9c6e6869628bd8ebd256c1ff47d11c61cbe"
"experiments/qwen3_vl_embedding_2b_lsp_pose_optical_moe16/run.py","content_diff","94ca4741b94cce19ec1dc8e6e9bc9ab9c58e44b41847beb496f944a75013fe8f","0598494d095c08b0f80268102eba65181fa4eab7810e288cdf09edb83b59c907"
"experiments/qwen3_vl_embedding_2b_lsp_pose_optical_moe16/RUN_COMMANDS.md","content_diff","957471693b9a54a56ec7e7a8e20e9f8f66000ed9be0eb417f11386baba5e0835","238d6762036883c8b98cf6732a21b1b91719d0d166dc8850ddd106db71d33abe"
"experiments/qwen3_vl_embedding_2b_lsp_pose_optical_moe16/settings.py","content_diff","937f8282e423eac048f547722d65fbe7285c9028d74fda8cbbc6ef9386c42bc2","1732d425b3e891f59243adbe68fcad8ddbbc7e954938d9793136d36fb2a985da"
"experiments/qwen3_vl_embedding_2b_lsp_pose_optical_moe16/tests/test_core.py","content_diff","149ed200a5b725819e2920fddfcc9886f13dea79f874ddded779b266a6bdeee8","13064c0b5675e7e26a1019d869a27606abb57adb564099bea60b651905c9924c"
"experiments/qwen3_vl_embedding_2b_lsp_pose_optical_moe16/tools_expert_utilization.py","content_diff","845e8ccd290ba242c56978745a053459f95a41b927aada008babd41ddd6c50fd","f726100f84b6d0e9c2f57d948419515611a0a34b0fb3d20e22a3a3a5fe215b41"
"experiments/qwen3_vl_embedding_2b_lsp_pose_optical_moe16/tools_router_diagnostic.py","content_diff","9ea478fbae148106f09e56c90b7f0fd1c7832bec65757263ac0409df158fb8d7","4c233f91dc5b66a0ceb58c0be6dcd96ca33b20bcd3b1ef441e34932fe6a67815"
"experiments/qwen3_vl_embedding_2b_lsp_pose_optical_moe16/tools_test_warp.py","content_diff","8fa1003d42eec625f31a030e1415938352c3c53920af6e35e5a009a5aaa1ce08","81e1122d2576a419d81e5b53579be9cf5e02714164e04d79f386059c757989a4"
"experiments/qwen3_vl_embedding_2b_lsp_pose_optical_moe16/training.py","content_diff","5280b1522df646809affcd8174458169ca607cc88eea39745ff5f3c7b3bcef58","c433bbe051cdfceb063bee3433b6c5da24dd189d106e2aa6f6a38196a430c00c"
"experiments/qwen3_vl_embedding_2b_lsp_pose_optical_router/__init__.py","content_diff","55c52b0a51d7b5bd1b2e4e50c0e363bfd7274923d18cfd6866dd67c507b0bf70","5bbd2cad7b23f789eefcd4522f7ccdb292c949547a976f686324b5ee1f3c1198"
"experiments/qwen3_vl_embedding_2b_lsp_pose_optical_router/__main__.py","content_diff","49da00691ef47d764e4313a4a4e182593ea3dc6abb508a9fd55dd4ad4fee516f","281a8aae0668b15abb9f31003a9e752d76be79cb827a27c1688875f26a4a6441"
"experiments/qwen3_vl_embedding_2b_lsp_pose_optical_router/configs/release/common.yaml","content_diff","4f5e4fe8571f3b551736be3a51fe6cc874b029c06e23a400a5c157017c8e82a6","bf531626fe896fa5991880046c95db9630547d453a99030e19ef807951e78fa9"
"experiments/qwen3_vl_embedding_2b_lsp_pose_optical_router/configs/release/electronic_power_topk1.yaml","content_diff","247a238447407e48d4733ca9d2b4ee269d632117ed0462f85e63aaa8d5d7b1ff","d951908c36a7c70c26920aaec986ee40d5be1eae50c4d79a04274279eb957e6a"
"experiments/qwen3_vl_embedding_2b_lsp_pose_optical_router/configs/release/electronic_power_topk2.yaml","content_diff","f12a1806c8faa02719e5c4d521bc04f277a511fe3ebee35d1c32e4044f35257a","a8157fa96134bdf38c3a241fd9782f18d286c2f33c9ce9e511ca5d7c9b80b89e"
"experiments/qwen3_vl_embedding_2b_lsp_pose_optical_router/configs/release/electronic_power_topk4.yaml","content_diff","40253957ed944b2493891dbaa575bca87e9fcd48ca04a6064232dd3c4a81fb82","fecf3675e0060a487e6dd6da90125609092950eec09adc3b6cd2bbcb438b847d"
"experiments/qwen3_vl_embedding_2b_lsp_pose_optical_router/configs/release/optical_power_topk2.yaml","content_diff","a95f8466ab38297d8cfc0cfc0aa2e1f3369cb4b34011cf686f5047085847357b","a9a9334db2c4ac33095bd6623d5acf222de6c1ceac7c79042ecbce9b867ad054"
"experiments/qwen3_vl_embedding_2b_lsp_pose_optical_router/modeling.py","content_diff","c630d9db173d4b831f9a70502350e6b8322e7d98b2048fa380a1876cc77c8102","5380ba5c74c4295f00ace2ddc72ec9b268c5a07476d759db40f91f075067c8a0"
"experiments/qwen3_vl_embedding_2b_lsp_pose_optical_router/protocol.py","content_diff","28313ae10cb10f58e35314a41f580f332dd11231572307ccf83d7e2d0908c69d","248b8e1f73c01d5ad61cd327f5e572bc5b541bd8c7e79158902bb131ec3af8d5"
"experiments/qwen3_vl_embedding_2b_lsp_pose_optical_router/README.md","content_diff","a3cb982f7b8c0186159774beb7b7a59a7138de7e08dcb31609c5a6ae6959e01c","49ef8b1f13ce7729985a63efa9f1213fb053194dafd33c85e9745004294ff40a"
"experiments/qwen3_vl_embedding_2b_lsp_pose_optical_router/run.py","content_diff","1e1b8bacaf53709f2d6d16ce369fb396b51ccd85504df7104980c3c452a4a5ae","6781e0661c3c6c72e349596af0a35f397616d4c1da56f1b2b8a3ae4b8b394f52"
"experiments/qwen3_vl_embedding_2b_lsp_pose_optical_router/RUN_COMMANDS.md","content_diff","3b346deca8a4d37e7af38c5da719956c8e2689f1aaf2651f49288dd01a6901ab","e03c11f7f3c113a50ab336f749b59a7c4435de374d79c52be71be5979850a2ea"
"experiments/qwen3_vl_embedding_2b_lsp_pose_optical_router/settings.py","content_diff","710f8faa669add824daf395911ab621c2f3cc4e2ace0d5ae45383fd207576e07","0793c3267bfbca2cd68966d9e420b90a5be46546c5974a435d1648610923a334"
"experiments/qwen3_vl_embedding_2b_lsp_pose_optical_router/tests/__init__.py","content_diff","67917900e10b94f4354d05c434f207fa1e135e9f0572389739ca7bf345cfe33a","0dca795d549c78b2a58f567661d002be9de95298fb076b8dc7260912760391ec"
"experiments/qwen3_vl_embedding_2b_lsp_pose_optical_router/tests/test_core.py","content_diff","08a4a37bec361365e7716dd8711f2fd3c27c227b281d8fc489e94e4faa314204","e5ff999ac490bac931b9cef22530d63f7c633c91904be459ffb7b9800de1d899"
"experiments/qwen3_vl_embedding_2b_lsp_pose_optical_router/training.py","content_diff","52fb0ec1d2db87c1174acb1a82b052c1120864657d481faffd6f2d2ada4c1234","0757aac2a0e15a1fa5a4a1424b650ef1c9dcb0c3f93c9686c1ef99f2fde771f4"
"experiments/qwen3_vl_embedding_2b_salicon_vision_optical_saliency/__init__.py","content_diff","2fe6f49f608f37bfe49913824ce3e7679fe4a3b0bafde64286abd62325cf14bf","04b72d9f0669e1193c7f715bbc66aa2abd832a1d535393f7edf0d50607c6589c"
"experiments/qwen3_vl_embedding_2b_salicon_vision_optical_saliency/__main__.py","content_diff","163f54e30768e906fdc1e1c353d48582a2e6be829913165e50cc5fc470dedf6d","8c28c6b8054816330e72e88eadff36c9f4e82694003491821bedb0e143ad8ba6"
"experiments/qwen3_vl_embedding_2b_salicon_vision_optical_saliency/ARCHITECTURE.md","content_diff","0746c40ffc9cf7a4cfff4f0c6fea0861959256078c4f3982c24f413d5a841f85","14043afbc1c4c7bf2dfd095cae054fbba1c14ec296ca47bdd0f403dcde716574"
"experiments/qwen3_vl_embedding_2b_salicon_vision_optical_saliency/configs/salicon.yaml","content_diff","7e3380c1bfef2cb6a2f0e778583deb105cdc29d1626040c3520ce77a84270db1","47a9a03bf3014661a831c989cfde765babb6cc2bf910e9d2c904a31471fe9053"
"experiments/qwen3_vl_embedding_2b_salicon_vision_optical_saliency/configs/salicon_mask_kd.yaml","content_diff","d08b81c77f11f5692c31309b780278fac008d3d8b48392ac0a2e78d91f44ba1f","0cd35aa4339a8c041aad90693f83dad168487e54756f8cd6d7961972d0b38063"
"experiments/qwen3_vl_embedding_2b_salicon_vision_optical_saliency/configs/salicon_smoke.yaml","content_diff","31747eff44d19f9a1487fbd85331f9d0d212e6c320b3ecc4b6eb6ab208ef8c75","4f389f41d469ee013452027d6daf4ec897b338fc84bddfa7fbf55cba2f84affa"
"experiments/qwen3_vl_embedding_2b_salicon_vision_optical_saliency/datasets.py","content_diff","34d1b9bcca8d36fdcadc00e0621e56eeb8db39a30a8350970ce31acac4f56cd6","fd3c384f603ba7446e0833d6e117837b9e0a92cbdeeb623d8cdf383f16d5b396"
"experiments/qwen3_vl_embedding_2b_salicon_vision_optical_saliency/io_utils.py","content_diff","e9c1b96502f97d4dcb5bef18217ac02c2dd9b5b656299ccea9ff9dea1b5f668a","af7e72251d4aae08f1e8707aafdf0845b8416a8fe6fdf447de98692a6fe6c33b"
"experiments/qwen3_vl_embedding_2b_salicon_vision_optical_saliency/modeling.py","content_diff","82800f89e58750091ac8c4b71601efc8d2ea63e6e99d1d6114caf4f7d2162f5b","4dbdac4a922b8d34f900ea63a5e05a2ae8890f85584bc4228c5371cf18c5a9e7"
"experiments/qwen3_vl_embedding_2b_salicon_vision_optical_saliency/objectives.py","content_diff","6a2a36fa9806c0e0e558a1b84db03942f9987f8af69af7264d28823852cc7af4","2ec33541e5310e01c40914b1bfbe92e1af786f3cd6b0f1b59d693a265495983d"
"experiments/qwen3_vl_embedding_2b_salicon_vision_optical_saliency/README.md","content_diff","6c357c5512c063269c03c605d6921066a78fdd089e12e6ecbab8cb263e9ff9f7","ab7101a1417a785dfb3b4d3aff53ade01a92d14296505023a1f6f9fc3c98d684"
"experiments/qwen3_vl_embedding_2b_salicon_vision_optical_saliency/run.py","content_diff","bbb6e7cbc6ceefe07af8081abda4ebde0a3d0aec956bbd82e1d80e74e89c12b5","3b70402f82926d9fe3a8e28e31de06a52ac59ccc1b062b2d602c5161559cbf91"
"experiments/qwen3_vl_embedding_2b_salicon_vision_optical_saliency/RUN_COMMANDS.md","content_diff","a59f97d70207f98a635424f89ca5108b66cca8421b501068da901a83b026b210","edf96ae0fca9f351002091923a77d1dc2eefd4931f0d7ff14256a9a3cb5c73d0"
"experiments/qwen3_vl_embedding_2b_salicon_vision_optical_saliency/settings.py","content_diff","9e28c44ed3eb5018784ffad1281783616ea30875cb498317ee9db644f74dc4d4","a884263450d0b8593a9934b4ec656a87dc003f858de43dea9acb57564bdfe0cd"
"experiments/qwen3_vl_embedding_2b_salicon_vision_optical_saliency/tests/test_core.py","content_diff","a502abcd2c3b9fd1169836bceb9d6ef2b93b8edfb21bf0967e37148d1e437d1d","939e7f93043334f4c9bdc209b57492f01194f59cd235e669c9c1d400da5d4aee"
"experiments/qwen3_vl_embedding_2b_salicon_vision_optical_saliency/training.py","content_diff","7564d6f338929793e9339a03a8bf6d531e7adcb3caa2c82707368f2d2bb0c297","f8ae09b5854dfa21ea74abf3fbd9106c8808ba6bf1af6bb7f52f1696042c0fed"
"experiments/qwen3_vl_embedding_2b_salicon_vision_optical_saliency/visualization.py","content_diff","09f0a7f0ea6daafc1f938cb95c25062282f9cb324df2ea48ffd399c16ab12587","bc186c9bf38bf338d19811b5d2160734fb163edef53c27e95e916c6b0bc08474"
"experiments/qwen3_vl_patch_stem_8stage_dual_scale_optical_imagenet_backbone/__init__.py","server_only",,"6858536f9e753a48016e40e82929f74ae6bd9223d1d78a2e4d99568377105335"
"experiments/qwen3_vl_patch_stem_8stage_dual_scale_optical_imagenet_backbone/ARCHITECTURE.md","server_only",,"edc6762ccf1e0641c4a753cd7ba693ec51f4cabc7bcb3f8fb07b43b08371369f"
"experiments/qwen3_vl_patch_stem_8stage_dual_scale_optical_imagenet_backbone/commands/_common.sh","server_only",,"7821a49a3773bbe2504f34add1c69a4bd1eadab869f7b2f0dfddc4e42581be83"
"experiments/qwen3_vl_patch_stem_8stage_dual_scale_optical_imagenet_backbone/commands/01_test.sh","server_only",,"0bf18232d16c87b8a960ff644a8932ca5d24bc2ecdae46d0e73efcceba622ce1"
"experiments/qwen3_vl_patch_stem_8stage_dual_scale_optical_imagenet_backbone/commands/02_gpu_smoke.sh","server_only",,"fcb0060f8ddcf90459a44d61b20445c88657f5991f82909b99d30fa22186f936"
"experiments/qwen3_vl_patch_stem_8stage_dual_scale_optical_imagenet_backbone/commands/03_launch_imagenet_90e_bs96.sh","server_only",,"c3dcc95a3f7ef0bd438044ad595ecbf4467c3e5f50648355983030180dac6a1a"
"experiments/qwen3_vl_patch_stem_8stage_dual_scale_optical_imagenet_backbone/commands/04_watch.sh","server_only",,"ffc2f0235fc8f92d274a5d8737630329cd75665f0395fcec1d23365600761546"
"experiments/qwen3_vl_patch_stem_8stage_dual_scale_optical_imagenet_backbone/commands/COMMANDS.md","server_only",,"4138f61a9c367c16771d006bf77f74e4d17b8512bfd08bbd1e474f2b1f915deb"
"experiments/qwen3_vl_patch_stem_8stage_dual_scale_optical_imagenet_backbone/configs/gpu_smoke.yaml","server_only",,"80dc66b4eeda586a8097f176060dc13393674ea2df20b7293cb981b965bc7cee"
"experiments/qwen3_vl_patch_stem_8stage_dual_scale_optical_imagenet_backbone/configs/pretrain_90e_bs96.yaml","server_only",,"73e638121aae0478aca156ceaccb1058beb5667676619ed343adf05b43f6ace6"
"experiments/qwen3_vl_patch_stem_8stage_dual_scale_optical_imagenet_backbone/model.py","server_only",,"55047023f5b842849b438440254b57adc0d3eb9865857a21782362b339b1fb50"
"experiments/qwen3_vl_patch_stem_8stage_dual_scale_optical_imagenet_backbone/OPTIMIZATION_LOG.md","server_only",,"7c864a3e5bebe521da6ed160ac9093f946aad4172bc9741a80d24395e5c680c3"
"experiments/qwen3_vl_patch_stem_8stage_dual_scale_optical_imagenet_backbone/README.md","server_only",,"19c111cf82a97fa6eff5d2f25457ee76bb48230093823c86b1e3cfd32feb3e8a"
"experiments/qwen3_vl_patch_stem_8stage_dual_scale_optical_imagenet_backbone/tests/__init__.py","server_only",,"0940036522afe40bcd21c6ec598d0da4767ab3f91847fdb74b7602fbf977ba7b"
"experiments/qwen3_vl_patch_stem_8stage_dual_scale_optical_imagenet_backbone/tests/test_model.py","server_only",,"b0e0aea3f1fd074faac77c6f07c90d2e7ae2a041beca85996689e3744071ce32"
"experiments/qwen3_vl_patch_stem_8stage_dual_scale_optical_imagenet_backbone/train.py","server_only",,"25f31a94f6a1cf7941120adfc2fba71a72c8a652513efabba02e59853882a2e7"
"experiments/qwen3_vl_patch_stem_8stage_optical_imagenet_backbone/__init__.py","server_only",,"d89ba1dbf0510aa2ad548cc9dabf3d04e99c93ba26e5019ea9b5fba71954d45c"
"experiments/qwen3_vl_patch_stem_8stage_optical_imagenet_backbone/ARCHITECTURE.md","server_only",,"823eb64b83b831273f6ff3a8899fb74c3ff5c6a789d2a50ba12d01faf9d56a3f"
"experiments/qwen3_vl_patch_stem_8stage_optical_imagenet_backbone/commands/_common.sh","server_only",,"508c546cf0c9bda7517ab5f10e79453b6a7d29b101d6c2fdf0037d098ea599f2"
"experiments/qwen3_vl_patch_stem_8stage_optical_imagenet_backbone/commands/01_extract_stem.sh","server_only",,"99d8362ea15dd054965a78c32c4ea9dcfa3416f7a9ccecfdd5e6fe2d87669d70"
"experiments/qwen3_vl_patch_stem_8stage_optical_imagenet_backbone/commands/02_smoke.sh","server_only",,"9a4d679285b2585c494da374f7f777ace2f905408dbec3af36107567391704b0"
"experiments/qwen3_vl_patch_stem_8stage_optical_imagenet_backbone/commands/02_validate_stem_equivalence.sh","server_only",,"ad0dbd3e32c5265270a2ef79e900bf2471e370b831797add4ac69ea8d3a04ed6"
"experiments/qwen3_vl_patch_stem_8stage_optical_imagenet_backbone/commands/03_run_100k_screen.sh","server_only",,"92b0ac692c0839cbc07beac8422f5534c3a2debfc5732fdc20974ce2f25031f2"
"experiments/qwen3_vl_patch_stem_8stage_optical_imagenet_backbone/commands/04_train_imagenet_90e.sh","server_only",,"d6e0bd2c7c114f36ac0ae4a861f063113f6fad37e70b7ac2684db4c9893ba7cd"
"experiments/qwen3_vl_patch_stem_8stage_optical_imagenet_backbone/commands/05_watch.sh","server_only",,"01cd71d9e863cc8c743fff4423ce8aa9aa18d1aa261a5d63091bac2526899038"
"experiments/qwen3_vl_patch_stem_8stage_optical_imagenet_backbone/commands/06_benchmark_batch_size.sh","server_only",,"32195df9afabd089398c4e17fc1da53ae5ef16108dcd215fb97e6c7bc0ece13e"
"experiments/qwen3_vl_patch_stem_8stage_optical_imagenet_backbone/commands/07_benchmark_ddp_batch_size.sh","server_only",,"ca2af087b5df83966b91320fbdb204d29acf767665d6c252b51ae9f4defbe933"
"experiments/qwen3_vl_patch_stem_8stage_optical_imagenet_backbone/commands/08_launch_imagenet_90e_bs96.sh","server_only",,"aaa8f72e3ad88aecbc6f2d612244f1f5f424fcaadd6461e43b1ba5e67522ffc8"
"experiments/qwen3_vl_patch_stem_8stage_optical_imagenet_backbone/commands/COMMANDS.md","server_only",,"e4594ddd9fc28d9faf15ab6b8c7f887a3dac818dc979f8c065403a5961071977"
"experiments/qwen3_vl_patch_stem_8stage_optical_imagenet_backbone/configs/batch_benchmark.yaml","server_only",,"fc64ed9848a84deab6e064e121fe951fd4644301a6676e91c4162a4dc8e02e76"
"experiments/qwen3_vl_patch_stem_8stage_optical_imagenet_backbone/configs/pretrain_90e.yaml","server_only",,"ba046bb273af2e6910e1640c19c2435e7b5e4438c938100be03442b37b9307db"
"experiments/qwen3_vl_patch_stem_8stage_optical_imagenet_backbone/configs/pretrain_90e_bs96.yaml","server_only",,"3f0656a36a127a475ea55d7d10140f424174bba303b231a84227e2416d91f714"
"experiments/qwen3_vl_patch_stem_8stage_optical_imagenet_backbone/configs/screen_100k.yaml","server_only",,"5ed1fdae5c15a666ed54b8dc6d51b2537cf5e90c6347949d689f772dbd22c60f"
"experiments/qwen3_vl_patch_stem_8stage_optical_imagenet_backbone/configs/smoke.yaml","server_only",,"2180c86db51d7f6dea9727d392d6780669607f948e633a73c2bc2d67fa9b030a"
"experiments/qwen3_vl_patch_stem_8stage_optical_imagenet_backbone/extract_stem.py","server_only",,"94211a394fd2bc5442feff859e18c7a6c8674434d48108fb6bd8c699bf7b57ec"
"experiments/qwen3_vl_patch_stem_8stage_optical_imagenet_backbone/model.py","server_only",,"3a8a40ca5b02b39e1d2091f74aac63ae21923dad1d2c1525924923791fbdcf87"
"experiments/qwen3_vl_patch_stem_8stage_optical_imagenet_backbone/OPTIMIZATION_LOG.md","server_only",,"1aaf58ee06c8f3ce0e50052ec9170fd63f5a826bd68e374d47240b6fe62f22ae"
"experiments/qwen3_vl_patch_stem_8stage_optical_imagenet_backbone/README.md","server_only",,"719b69561239b46a8005c4f55c2c6b35a4ce472ac38176f3f6e5fa69e79688c9"
"experiments/qwen3_vl_patch_stem_8stage_optical_imagenet_backbone/stem.py","server_only",,"53358d7fa325d02a54a46fbcc55f547e0567966909b69a2854822c22c21ebaf6"
"experiments/qwen3_vl_patch_stem_8stage_optical_imagenet_backbone/tests/__init__.py","server_only",,"f0fa14e6cb1d616afa2be5090e4c3c5f9a7e750a6ce78dade24e5a5c05e2bf60"
"experiments/qwen3_vl_patch_stem_8stage_optical_imagenet_backbone/tests/test_core.py","server_only",,"b5cd63cab2ce7b6a046b28959641c141da9dec1e49f1a7a9e14239515cbd9766"
"experiments/qwen3_vl_patch_stem_8stage_optical_imagenet_backbone/train.py","server_only",,"6131ac5418a728c35b9168d3e5cf27d920185eb1e28e61834dd32624e305e1f9"
"experiments/qwen3_vl_patch_stem_8stage_optical_imagenet_backbone/validate_stem.py","server_only",,"2252f971a3e787568ea7304189933262dc54fa8b487357b993fdb6391137485d"
"experiments/qwen3_vl_patch_stem_8stage_separable_optical_imagenet_backbone/__init__.py","server_only",,"6cb28bbd533daeecdbf61a868135865b3784bae369ae52b298ca66fc898db79d"
"experiments/qwen3_vl_patch_stem_8stage_separable_optical_imagenet_backbone/ARCHITECTURE.md","server_only",,"b42140f379fda5dcce17693065ec4503b5999fd1aa2b801dc907648e0c3fe6e0"
"experiments/qwen3_vl_patch_stem_8stage_separable_optical_imagenet_backbone/commands/_common.sh","server_only",,"94b84109902baca2195a3e05004a2164b0884fcda269fd85f5fe3dc2193f17f7"
"experiments/qwen3_vl_patch_stem_8stage_separable_optical_imagenet_backbone/commands/01_test.sh","server_only",,"0bf18232d16c87b8a960ff644a8932ca5d24bc2ecdae46d0e73efcceba622ce1"
"experiments/qwen3_vl_patch_stem_8stage_separable_optical_imagenet_backbone/commands/02_gpu_smoke.sh","server_only",,"e41cf0c435363f04442d5572aad8cb71568aeba4e4de8d07aacd49fd207ebb17"
"experiments/qwen3_vl_patch_stem_8stage_separable_optical_imagenet_backbone/commands/03_launch_imagenet_90e_bs96.sh","server_only",,"b9455d3325e47afbcbb95b7917aa81859f1e5537ab5faaf69466f8dac75d0e36"
"experiments/qwen3_vl_patch_stem_8stage_separable_optical_imagenet_backbone/commands/04_watch.sh","server_only",,"2f0255bb70705429e7cbefe7efb4c96e67973d9ee7ab02896edd58bb2aaa96ed"
"experiments/qwen3_vl_patch_stem_8stage_separable_optical_imagenet_backbone/commands/COMMANDS.md","server_only",,"ff669e7662aecf61852e8ac7bcd1db6367956f37873626139173ebda2adb0352"
"experiments/qwen3_vl_patch_stem_8stage_separable_optical_imagenet_backbone/configs/gpu_smoke.yaml","server_only",,"5ee1b5e1bdadfe1d7eca0fd6a616a2eef240ee343538a7c07e7f1d7af4e4df79"
"experiments/qwen3_vl_patch_stem_8stage_separable_optical_imagenet_backbone/configs/pretrain_90e_bs96.yaml","server_only",,"c588b9ead9661b5bc513f00349681895979729d8c46b08bba72a109b6d5c74fa"
"experiments/qwen3_vl_patch_stem_8stage_separable_optical_imagenet_backbone/model.py","server_only",,"eab6cfbab8ba4c6dae593c0a59539207b69f56afc73ab196bf1a7017f6c60d7e"
"experiments/qwen3_vl_patch_stem_8stage_separable_optical_imagenet_backbone/OPTIMIZATION_LOG.md","server_only",,"6ec5ca4f358f37f38b4bf1d4b25e1653db72724ed7e7edbc7de321c49ace41c4"
"experiments/qwen3_vl_patch_stem_8stage_separable_optical_imagenet_backbone/P11_OPTICAL_IMPLEMENTATION_AND_NOVELTY_REPORT_2026-08-24.md","server_only",,"25422b8a5762926daefc36385c33d98354d30af2e405dc54736c07d56156ef97"
"experiments/qwen3_vl_patch_stem_8stage_separable_optical_imagenet_backbone/P12_DOWNSTREAM_FA_TRANSFER_PLAN_2026-08-29.md","server_only",,"05fcb5240b5b08f5fbb938f643bc5552606f39572cc850f7498258f8075c45ff"
"experiments/qwen3_vl_patch_stem_8stage_separable_optical_imagenet_backbone/README.md","server_only",,"a1f15fb1f852b7017bb82344c1228186097916d6459f76449a58972ba17ddfc7"
"experiments/qwen3_vl_patch_stem_8stage_separable_optical_imagenet_backbone/tests/__init__.py","server_only",,"8dafe9d79a92ef17492ce3fe9c88fd182ade7246783642840a048f8cc7a39767"
"experiments/qwen3_vl_patch_stem_8stage_separable_optical_imagenet_backbone/tests/test_model.py","server_only",,"dfba9c1028e1531936082c418e90bb25d49827ee14cfab5d80b950bef13e5434"
"experiments/qwen3_vl_patch_stem_8stage_separable_optical_imagenet_backbone/train.py","server_only",,"69b55ea6bfb55e028a5dd57942eddd772a09c95ac3f6e00f7045cb780594c5d2"
"experiments/qwen3_vl_patch_stem_8stage_slim_mixer_imagenet_backbone/__init__.py","server_only",,"8d49a72c3304083306a4f37bdefdc3d45dcf66ed2bf5070a5aa457c042199c8d"
"experiments/qwen3_vl_patch_stem_8stage_slim_mixer_imagenet_backbone/ARCHITECTURE.md","server_only",,"002c3f1a546a7ade74cc60111ae0a904e00af35d612c1d61010c9c43bc0e72bd"
"experiments/qwen3_vl_patch_stem_8stage_slim_mixer_imagenet_backbone/commands/_common.sh","server_only",,"04b91ff530884abaa3c4a7da1ed6abbded39b6e14d1d24f4897c08508254e5cc"
"experiments/qwen3_vl_patch_stem_8stage_slim_mixer_imagenet_backbone/commands/01_test.sh","server_only",,"d275bb7ff95e3c3c317727a84ee0055a3cc661cad28b9abd207bafbda8282ce8"
"experiments/qwen3_vl_patch_stem_8stage_slim_mixer_imagenet_backbone/commands/02_gpu_smoke_bs96.sh","server_only",,"943418f088b9e8e36a2b7b657b24708a1f875ecb48c574629ab70269737cc115"
"experiments/qwen3_vl_patch_stem_8stage_slim_mixer_imagenet_backbone/commands/03_launch_imagenet_90e_bs96.sh","server_only",,"da65e2bc16230da7c3a375d94ec3553a0889c6a3fa9f7bb6e1738afe62122671"
"experiments/qwen3_vl_patch_stem_8stage_slim_mixer_imagenet_backbone/commands/04_watch.sh","server_only",,"7adf60e8d973f6a16b55b7a5c262ff4ead7050f540001f1de21626b1ed245a37"
"experiments/qwen3_vl_patch_stem_8stage_slim_mixer_imagenet_backbone/commands/05_compare_with_p08_epoch9.sh","server_only",,"a73c7c563a937658cfc6a71c4cc7489c97c7e522c38708a1bef6a88e264b0ff4"
"experiments/qwen3_vl_patch_stem_8stage_slim_mixer_imagenet_backbone/commands/COMMANDS.md","server_only",,"89b413b05741a6c85d95b41ef6ec7edcaf69b19df4a37627ee343d23d566b6f2"
"experiments/qwen3_vl_patch_stem_8stage_slim_mixer_imagenet_backbone/configs/gpu_smoke_bs96.yaml","server_only",,"ef93137c7750d11786372be3d3f563344c8ec2e2f01c478c4186d476866340e2"
"experiments/qwen3_vl_patch_stem_8stage_slim_mixer_imagenet_backbone/configs/pretrain_90e_bs96.yaml","server_only",,"c781a97d71cb507176936da939c892f70d9e9fb498c7100c23fc065772680183"
"experiments/qwen3_vl_patch_stem_8stage_slim_mixer_imagenet_backbone/configs/smoke.yaml","server_only",,"116696c61261c87415e58a59eba4e3abbe02c16f2032d9edf3fad8b1eb11074e"
"experiments/qwen3_vl_patch_stem_8stage_slim_mixer_imagenet_backbone/model.py","server_only",,"2dfec32ced7c63ee88d73e0d5ab56bc1bbb85daaeb248516f260eed9fb530b24"
"experiments/qwen3_vl_patch_stem_8stage_slim_mixer_imagenet_backbone/OPTIMIZATION_LOG.md","server_only",,"301ad1b20c0d4460204528229721ffc22892486d7a44d971a21e525801dabb02"
"experiments/qwen3_vl_patch_stem_8stage_slim_mixer_imagenet_backbone/README.md","server_only",,"b049c9a7f4ee262767d1a98942bf0b86382570426517948d9da24bfd6147d7ac"
"experiments/qwen3_vl_patch_stem_8stage_slim_mixer_imagenet_backbone/tests/__init__.py","server_only",,"ed6a1182b597700246fa22e7ca53e5d1270f0a89fec88b99eebecd1cf018c432"
"experiments/qwen3_vl_patch_stem_8stage_slim_mixer_imagenet_backbone/tests/test_model.py","server_only",,"d815a24a1b41bc8bd6b14e3b4dad95b992ccd05409cb5bc206bfa82c9d04ad24"
"experiments/qwen3_vl_patch_stem_8stage_slim_mixer_imagenet_backbone/train.py","server_only",,"4c638e8d9934dcaeca0b261d79998aa532e5f58c6b4a7f2af50dd7c9df84f76d"
"FixedFeedbackSFT/__init__.py","local_only","cf6c61b8117ca5b6105f4c38f23c76364845f778e3ae99dfa3d536211cb346d2",
"FixedFeedbackSFT/ADVISOR_PROGRESS_REPORT_2026-08-24.md","content_diff","661c5ccc3bf6dd43670412a28a0851c46a6a7d61be214f6e5c8724cf4f3ca9d9","07df4427b78672cc1411198f53b3f21dd5d0c6e5dca304093800af6fdcc9b9be"
"FixedFeedbackSFT/CODE_INDEX.md","content_diff","d42063e148ef89382c90672bf2efb8d888f392d452b0f00e56149b3cea6fa13e","c1fd21f53f92a6cbc4d26792d8cde10a5a6e163999b4ba014053aba3f8a47b9a"
"FixedFeedbackSFT/COMMANDS.md","content_diff","5bc665a2fd3e50b3354ba18e732390b9a99bf21d424d7b1d8cbb6a9056fe4bfe","bf9a29fd3af84ce5a3e01567191080f8b2c5d84ee8f1d258ffd7a507063f7e68"
"FixedFeedbackSFT/commands/00_freeze_8_16_backbones.sh","local_only","86d216fec2fb9a5d7f4becbe5922b4c0bc36ef93e4b899a04e95fa585dd09abb",
"FixedFeedbackSFT/commands/00_validate_layout.sh","local_only","d71c35bcc7ce3b32f99a9068890239727d70764c8a0e01f55237654ab8761464",
"FixedFeedbackSFT/commands/01_verify_v2_results.sh","content_diff","57146ffa0994a0a9ddc5c855b7e7d0170c06568dc13a74bafc4b2330bb45981b","e40d0f8bde73417ad3545ec3564085c9dde940a8f685a90c6270bc52b9d71f86"
"FixedFeedbackSFT/commands/02_performance_first_runbook.md","content_diff","83c600a8c7ddc0e01bd8e3a3cab4ce426bbd7ee48606e5d01b921cd3ddcf8c19","f1d3f0fe133c7e6798411194be8ce28396e6a074b2a8aeb23dd895d4290ce60d"
"FixedFeedbackSFT/commands/03_audit_checkpoint.py","local_only","6c8335d781e1b7d70e81b3783db560991314aa5cfaf0157280cc7f54d3e4d324",
"FixedFeedbackSFT/commands/04_link_legacy_run.sh","local_only","25a2dcc7942e8efe7db45ea16ce969aa374afef242d75fd84f0fb2500bf1dcfc",
"FixedFeedbackSFT/commands/05_register_imagenet1k_cache.sh","local_only","cfbd82e38788e4460644c6ec7ebe150059b8bbe0b4e963584d8e6ef46791dbac",
"FixedFeedbackSFT/commands/06_assess_p11_longrun_gate.sh","local_only","756f010974e1d8f0342a01a2a621bc12739465355403d3f63a24331a795d8c8c",
"FixedFeedbackSFT/commands/README.md","content_diff","177346990055d7a107688cfe406f78be98e7f7933c3d8388df22e85919bf7583","e2c1f62481723751f487e12628452fa7dcb89476664926fefb08c4f61c6a08c9"
"FixedFeedbackSFT/EIGHT_STAGE_FOUNDATION_BACKBONE_ROADMAP.md","local_only","51b1e90fb1aa520af0325e144f9cd4eea6bbd8f87596edda02f051916234225d",
"FixedFeedbackSFT/EIGHT_STAGE_OPTIMIZATION_LOG.md","local_only","cc3eed512dc98f3a2aeef2d96bbba015db4d413f63a18b349415bdabcebf3e86",
"FixedFeedbackSFT/EXPERIMENTS.md","content_diff","4a70a748c1782e62451866315802e71cc81d570c7c2dfefd8767f041d8e8c020","d42f9031622b24c0bc476b78f391f935b2717dc4d29fec623c592c1419b6ee3d"
"FixedFeedbackSFT/HANDOFF.md","content_diff","62054c4456f89e8ea3aec488ce9a8f44450ec193fa780b78182771e3081758ec","3ade2ff60594838249b42d55b625eb8a63d588dcfa8f5d83271ee59ad3c28446"
"FixedFeedbackSFT/MIGRATION.md","local_only","3c5e580a2432bcdfe8bc43a91feb16bc08aef86f305279e207445be9d8191706",
"FixedFeedbackSFT/NEXT_STEPS.md","content_diff","32a911f29d40d481298886752c1140f86a511839f58cabfa7720a98333684635","968c979ae7158a04e941fba51f2bc925c11ebd3689ba1eddb05a25ad510bcfd2"
"FixedFeedbackSFT/paths.py","local_only","1d73ad407ee8bc53a4a6d3f7c37e191f4c7aff8b6d98d5371670eaf7607087c3",
"FixedFeedbackSFT/PROJECT_BRIEF_FOR_GPT56_PRO.md","content_diff","596a94ab8b4a3cd123cd5f9cc98ef2a8bc910b2369fb266ef3cdea7ac98c1948","997455df1175d76d43957e84112be8c4955c4f5596d22550097fc24d44f92940"
"FixedFeedbackSFT/PROJECTS.md","local_only","47dd74292cd83e780458aba04f3a1dc78d76fd51648e5a0d41db47c25fa0c104",
"FixedFeedbackSFT/projects/d2nn_cifar10_high_performance_optical_backbone/__init__.py","local_only","c7fa450c63b6a6abd25bae4eade05451590372f3402060161e7b2db98f659c86",
"FixedFeedbackSFT/projects/d2nn_cifar10_high_performance_optical_backbone/__main__.py","local_only","473cece8d69340899923616f89db6639e42abdf609c2e8cc636892c3fc0049d6",
"FixedFeedbackSFT/projects/d2nn_cifar10_high_performance_optical_backbone/ARCHITECTURE.md","local_only","11dfeec622db9ddf9d8bdc90defb91149633cc3ca6cccc81dce242e0a0394373",
"FixedFeedbackSFT/projects/d2nn_cifar10_high_performance_optical_backbone/commands/_common.sh","local_only","aea5554dfb5aabbd291f3b306d9684a2781101559a15cc2667db88e691dadb71",
"FixedFeedbackSFT/projects/d2nn_cifar10_high_performance_optical_backbone/commands/01_prepare_data.sh","local_only","d0f9ee15660f897cf5c26ffb0e39330bb59b5b86076b39c1ddc97fae84921c3e",
"FixedFeedbackSFT/projects/d2nn_cifar10_high_performance_optical_backbone/commands/02_smoke_test.sh","local_only","e2f97a38a6c1558c2f6148779ebf8b627abddd76c44d0e080984eca25bc8ffd7",
"FixedFeedbackSFT/projects/d2nn_cifar10_high_performance_optical_backbone/commands/03_train_a01.sh","local_only","3666f132e896a31d5d0c39e5be7ab24b1e79266ff94ce98926ef212d08a0b6f1",
"FixedFeedbackSFT/projects/d2nn_cifar10_high_performance_optical_backbone/commands/04_evaluate_a01.sh","local_only","8e2e49d2943e0068eb67c44bc66245d0e672d1738c3c6aec400cfaf5c2370459",
"FixedFeedbackSFT/projects/d2nn_cifar10_high_performance_optical_backbone/commands/05_aggregate_a01.sh","local_only","61024202eab171d190a6b374f7aa6e69095c682ddcdb6abfba53a9a04fbf6347",
"FixedFeedbackSFT/projects/d2nn_cifar10_high_performance_optical_backbone/commands/06_train_a02_pool16.sh","local_only","53daa2d78ab1fe7811042b8785066c115110e76cdb8851c5ea95004a156ac7d5",
"FixedFeedbackSFT/projects/d2nn_cifar10_high_performance_optical_backbone/commands/07_pretrain_a03_cifar100.sh","local_only","1ad0851a4e48a1e4fc7ac0ce55dfd0fef1c851652baef925eea8bd99285cf01b",
"FixedFeedbackSFT/projects/d2nn_cifar10_high_performance_optical_backbone/commands/08_finetune_a04_cifar10.sh","local_only","59ccfbaf899573650b0c2fdf844d2471087b6d05897b78b0d35f2053b039490c",
"FixedFeedbackSFT/projects/d2nn_cifar10_high_performance_optical_backbone/commands/09_refine_a05_from_a01.sh","local_only","4093185328b38438585c458278646ffec82e2e36ae66380a39d14b1118afed35",
"FixedFeedbackSFT/projects/d2nn_cifar10_high_performance_optical_backbone/commands/10_prepare_common_formal.sh","local_only","6cbb583aaf92ec30f3381ebe30b08bef380c99dd99bbd2878951c508f4af771a",
"FixedFeedbackSFT/projects/d2nn_cifar10_high_performance_optical_backbone/commands/11_run_noft_pilot.sh","local_only","185d4a7cf1b68624d6ce9ccbf2eb46c755fc0c05d6f818396dffcdb2dd1a0694",
"FixedFeedbackSFT/projects/d2nn_cifar10_high_performance_optical_backbone/commands/12_run_bp_pilot.sh","local_only","72d2286857ee06070ef18ccc5fb9eb80bf64263bba65dfdbf2bddd5a156ee34c",
"FixedFeedbackSFT/projects/d2nn_cifar10_high_performance_optical_backbone/commands/13_run_fa_pretrained_pilot.sh","local_only","b7f734fda1283f28ccaf6effa1e2601f92b395175c01935cfa89bebe0dbe9685",
"FixedFeedbackSFT/projects/d2nn_cifar10_high_performance_optical_backbone/commands/14_run_fa_random_pilot.sh","local_only","fa938c55aa13a0540372a316fe5dcb8ed0a70724f21a1408f32854cf66dcf449",
"FixedFeedbackSFT/projects/d2nn_cifar10_high_performance_optical_backbone/commands/15_compare_formal_pilot.sh","local_only","aad0138ed3eea08fcb87bd43edfa6f3cfd12328341ca90144ba6855dda6bb369",
"FixedFeedbackSFT/projects/d2nn_cifar10_high_performance_optical_backbone/commands/16_smoke_formal.sh","local_only","a1ba58f9f816d17de3fb037953394ee8bfc9086b33fc810f3d5aa4e50efa1cc8",
"FixedFeedbackSFT/projects/d2nn_cifar10_high_performance_optical_backbone/commands/17_train_a07_high_optical.sh","local_only","fa2cec4d80bf97a9d4175d4fba08b81df40b59949e913eaecaa5394d0fe812fb",
"FixedFeedbackSFT/projects/d2nn_cifar10_high_performance_optical_backbone/commands/18_train_a08_pointwise_residual.sh","local_only","bbd8765ce920d58bda87ef259bf555da14226f7b167aebd4ce75234eff8f2ada",
"FixedFeedbackSFT/projects/d2nn_cifar10_high_performance_optical_backbone/commands/19_train_a09_depthwise_residual.sh","local_only","30f66b7f816334d0b4cef9b38d6041d13f67215bd26b904835b73bcab30bbd8b",
"FixedFeedbackSFT/projects/d2nn_cifar10_high_performance_optical_backbone/commands/20_train_a10_unet_skips.sh","local_only","0f8328fe5ebfeaf5c92c957bd67b8be98116b2330e5bb9a6e96ad0c6acc7c58e",
"FixedFeedbackSFT/projects/d2nn_cifar10_high_performance_optical_backbone/commands/21_train_a11_conv_readout.sh","local_only","cbe7f167d6e5521633173d311414d601b0c279860a5edd4dae0376e9abafa39f",
"FixedFeedbackSFT/projects/d2nn_cifar10_high_performance_optical_backbone/commands/22_train_a12_dual_pool_readout.sh","local_only","06c2e896ed7e9b1f0f6237954c3e91c38cee2ee1c70fcd3b51c23f1ecaefce94",
"FixedFeedbackSFT/projects/d2nn_cifar10_high_performance_optical_backbone/commands/23_evaluate_candidate.sh","local_only","1262897fb07b970e65dabbc05e4a85d5eac9d864aceb7c50811c3414b90a2661",
"FixedFeedbackSFT/projects/d2nn_cifar10_high_performance_optical_backbone/commands/24_train_a13_lowres_residual.sh","local_only","6a613e2475b46e3b20efa99bcff047553688c83201726f80a67fd121bf7c8b87",
"FixedFeedbackSFT/projects/d2nn_cifar10_high_performance_optical_backbone/commands/25_train_a13_replica.sh","local_only","cfc948ce3f1fe4886e53f4fa18c00f5f3ca65e7fcc75716558bb7967783b21f6",
"FixedFeedbackSFT/projects/d2nn_cifar10_high_performance_optical_backbone/commands/26_aggregate_a13_replicas.sh","local_only","f8b6ca3d07762ed1dbea3db36c47df8ec8c5489ec8c3a9f39780260f33ebf617",
"FixedFeedbackSFT/projects/d2nn_cifar10_high_performance_optical_backbone/commands/27_train_a13_confirmatory_seed2028.sh","local_only","5d5144dcf51fa818c3b4c554b177a159b2b5edc0bb16b91280aff742874f58a0",
"FixedFeedbackSFT/projects/d2nn_cifar10_high_performance_optical_backbone/commands/28_prepare_common_a13_formal.sh","local_only","d3e3a9d99cba149127568b0a5a1caec30927b6fff13a367fa1bfc5dec8c63531",
"FixedFeedbackSFT/projects/d2nn_cifar10_high_performance_optical_backbone/commands/29_run_a13_formal_method.sh","local_only","3877bdc6d0e8952e2a3c9a779767ca85830864347ba99d0ba0b0fcbad876cb8c",
"FixedFeedbackSFT/projects/d2nn_cifar10_high_performance_optical_backbone/commands/30_compare_a13_formal.sh","local_only","a5f62917a32c0040c3979ec629a61df23a78eeba191f876dc33c7dd20f539130",
"FixedFeedbackSFT/projects/d2nn_cifar10_high_performance_optical_backbone/commands/31_queue_a13_formal_method.sh","local_only","9f55fb2f847cc913e1da022dc145414557140267fde7bc44d3ecf8066eb7d314",
"FixedFeedbackSFT/projects/d2nn_cifar10_high_performance_optical_backbone/commands/32_wait_and_compare_a13_formal.sh","local_only","83c80f436554108623a1fdc38b014e7e623739646b20f6ee0b0aa6594339e6dd",
"FixedFeedbackSFT/projects/d2nn_cifar10_high_performance_optical_backbone/commands/33_run_p03_deployment_screen.sh","local_only","2febcad60512daa31e115f84d3fc7aaac8f59f7adebb539348181a6498a124b7",
"FixedFeedbackSFT/projects/d2nn_cifar10_high_performance_optical_backbone/commands/34_compare_p03_deployment_screen.sh","local_only","dbe9d9690070b2a66a10b386dd0c48700c7c6f52232c49cde1f79a585e9301a6",
"FixedFeedbackSFT/projects/d2nn_cifar10_high_performance_optical_backbone/commands/35_run_p03_deployment_formal.sh","local_only","d57833065ded83b374fbf616cac32201c5f089d4d24179afbff6e63a3800f684",
"FixedFeedbackSFT/projects/d2nn_cifar10_high_performance_optical_backbone/commands/36_compare_p03_deployment_formal.sh","local_only","860912910482f99f24338765e9bdbf6e532bd9c412dbab41f4cf5dca38721ae4",
"FixedFeedbackSFT/projects/d2nn_cifar10_high_performance_optical_backbone/commands/37_run_p04_adaptation_screen.sh","local_only","a3458de1824d511eb42fa7b51da044492e2b9ceceb25160052bef8f6c182bbbf",
"FixedFeedbackSFT/projects/d2nn_cifar10_high_performance_optical_backbone/commands/38_compare_p04_adaptation_screen.sh","local_only","8c662616eb30bf9d27f3f5eed04fc9d09266f46433d58fb7ce6b3bebb37d230b",
"FixedFeedbackSFT/projects/d2nn_cifar10_high_performance_optical_backbone/commands/39_launch_p04_adaptation_screen_dual_gpu.sh","local_only","2e42b9691563957b0a6388de8c2dc7cdf4c32162000e8326824927673c57b957",
"FixedFeedbackSFT/projects/d2nn_cifar10_high_performance_optical_backbone/commands/40_run_p04b_large_shift_screen.sh","local_only","7f641d42d266763c250998acbafc791f637717030ffab72401fdbbc48b84aa3f",
"FixedFeedbackSFT/projects/d2nn_cifar10_high_performance_optical_backbone/commands/41_compare_p04b_large_shift_screen.sh","local_only","d45b3474b6e07e687e78e3cc2e880325f4f7846ffc3f2613bccb7f8c6f8b8fff",
"FixedFeedbackSFT/projects/d2nn_cifar10_high_performance_optical_backbone/commands/42_launch_p04b_large_shift_screen_dual_gpu.sh","local_only","05a9ab45cebbd577a5afae2eb4f4caa7fe89824d61c451fb24e4a1cf3e515b1a",
"FixedFeedbackSFT/projects/d2nn_cifar10_high_performance_optical_backbone/commands/43_run_p04_update_attribution.sh","local_only","2de2fccad1b8b4ed32f1cb4581e6fb3faa443f2bb2dfcece3f60385978024b66",
"FixedFeedbackSFT/projects/d2nn_cifar10_high_performance_optical_backbone/commands/44_wait_and_compare_p04b_large_shift.sh","local_only","b436c6514ae421a23e87d7760ba160d7e0f67c9183f801e6588bab8a34fa2943",
"FixedFeedbackSFT/projects/d2nn_cifar10_high_performance_optical_backbone/commands/45_run_p05_misalignment_vaccination.sh","local_only","716bc79711b1e6018bace4bbac7fc07908a3db3e7c7ecf01dff823ba71ba648c",
"FixedFeedbackSFT/projects/d2nn_cifar10_high_performance_optical_backbone/commands/46_run_p05b_vaccinated_adaptation.sh","local_only","d5ce5d2d011130cda31dfb2bd5510fa204f50685d97326f2153bd7bb9df1a9e0",
"FixedFeedbackSFT/projects/d2nn_cifar10_high_performance_optical_backbone/commands/47_compare_p05b_vaccinated_adaptation.sh","local_only","e1ce714279df13f861d11cda2c684e3eae99ebcf6c5cbd6f9ff619f873cca911",
"FixedFeedbackSFT/projects/d2nn_cifar10_high_performance_optical_backbone/commands/48_launch_p05b_vaccinated_adaptation_dual_gpu.sh","local_only","95700a129561815dc4faea7f1b8dedc2004a82c82781ceb7651160ab19f3dc57",
"FixedFeedbackSFT/projects/d2nn_cifar10_high_performance_optical_backbone/commands/49_wait_p05_and_run_adaptation.sh","local_only","c7a112b5fd66fc0d55f2ae9bee8f8fd49591bd318668a31418a63297ac1e30b7",
"FixedFeedbackSFT/projects/d2nn_cifar10_high_performance_optical_backbone/commands/50_audit_p06_general_backbone_assets.sh","local_only","4638aad51708cdd20e1099f99782508f181034b4ba760f65b6f9324da9494f70",
"FixedFeedbackSFT/projects/d2nn_cifar10_high_performance_optical_backbone/commands/51_run_p06_imagenet_smoke.sh","local_only","db848ebe17491f8ec25c79eb7a2bcfd82e0b914989bac181517c920eb5c8fd6c",
"FixedFeedbackSFT/projects/d2nn_cifar10_high_performance_optical_backbone/commands/52_run_p06_imagenet_100k_screen.sh","local_only","42da887fbc6118eef30f093b0ad863700c87ed3db48a83b0816f98a7989a266f",
"FixedFeedbackSFT/projects/d2nn_cifar10_high_performance_optical_backbone/commands/53_launch_p06_imagenet_100k_screen.sh","local_only","c36dc9ceb270f74a850a8a1ca67224befe9b654b9ae70648edb9b1bccb8d3ad8",
"FixedFeedbackSFT/projects/d2nn_cifar10_high_performance_optical_backbone/commands/54_run_p06_imagenet_100k_contrastive_refine.sh","local_only","1e912d553d0fbfad4346681a39a23332057da02061976afc390e6e99b97cc0c4",
"FixedFeedbackSFT/projects/d2nn_cifar10_high_performance_optical_backbone/commands/55_launch_p06_imagenet_100k_contrastive_refine.sh","local_only","6aef02b9360f488671cff29664f03f4c62e62c6485c9e287864913ad40203b4a",
"FixedFeedbackSFT/projects/d2nn_cifar10_high_performance_optical_backbone/commands/56_run_p06_imagenet_100k_balanced_refine.sh","local_only","e8399bedd0eae8c3e7648b93ff30e7220bb342c58f7001f08bd63646ca0f7353",
"FixedFeedbackSFT/projects/d2nn_cifar10_high_performance_optical_backbone/commands/57_launch_p06_imagenet_100k_balanced_refine.sh","local_only","78ea564ef0d75c8925ed2130a0e538501adca7cc6a3c13f72b0d70f9366165c0",
"FixedFeedbackSFT/projects/d2nn_cifar10_high_performance_optical_backbone/commands/58_run_p06_imagenet_full_stage1.sh","local_only","83c15871938b0f541b667a7f92a224e882d0d9fec18771f4c9057c27c9005057",
"FixedFeedbackSFT/projects/d2nn_cifar10_high_performance_optical_backbone/commands/59_launch_p06_imagenet_full_stage1.sh","local_only","e7b4db8529fb3e7265549c8bac9fc2d29a1925cf7b5ee6d0c60fcda74c919024",
"FixedFeedbackSFT/projects/d2nn_cifar10_high_performance_optical_backbone/commands/60_watch_p06_imagenet_full_stage1.sh","local_only","d97082a10ded5447849b7207895aac5007fd6763b15c683899f30ff73148cb3e",
"FixedFeedbackSFT/projects/d2nn_cifar10_high_performance_optical_backbone/commands/61_launch_p06_imagenet_full_stage1_watcher.sh","local_only","757c773ba0163dcbeb0c34e43715b77ffa67467b9d403b42575362d097d017a7",
"FixedFeedbackSFT/projects/d2nn_cifar10_high_performance_optical_backbone/commands/62_run_p06_imagenet_full_supervised_refine.sh","local_only","786e1f96aa58641841aad40d31d185293275b4be4ec1d111cb555453f7288044",
"FixedFeedbackSFT/projects/d2nn_cifar10_high_performance_optical_backbone/commands/63_launch_p06_imagenet_full_supervised_refine.sh","local_only","972d715dc1972a3d8f60634d2263fdd22c4b12d4e91c5b92470dc93dbbb9a9aa",
"FixedFeedbackSFT/projects/d2nn_cifar10_high_performance_optical_backbone/commands/64_run_p06_imagenet_full_mlp_readout.sh","local_only","a019e238f4806d7955171642d331b8b8d2f594ed9af753ba6ec29822395522ce",
"FixedFeedbackSFT/projects/d2nn_cifar10_high_performance_optical_backbone/commands/65_launch_p06_imagenet_full_mlp_readout.sh","local_only","5e48682bc22f366efdb78e0490ce622b6286073f90e9126f72163512d3b77a41",
"FixedFeedbackSFT/projects/d2nn_cifar10_high_performance_optical_backbone/commands/66_smoke_p06_imagenet_capacity_12x192.sh","local_only","0aefdb191e71b05c638b4e45fe5122b0081027156a6ccc9a36ccc61ee173160b",
"FixedFeedbackSFT/projects/d2nn_cifar10_high_performance_optical_backbone/commands/67_run_p06_imagenet_capacity_12x192.sh","local_only","a606c60a6bbe2d4c01d4414e03530b3bd31ded4b420981785e0e035b3da88600",
"FixedFeedbackSFT/projects/d2nn_cifar10_high_performance_optical_backbone/commands/68_launch_p06_imagenet_capacity_12x192.sh","local_only","76871ec843c6e0e51196810b712bfa363991c8d4dd82898a5c67ca2dfe270569",
"FixedFeedbackSFT/projects/d2nn_cifar10_high_performance_optical_backbone/commands/69_wait_f2a_then_run_capacity.sh","local_only","310c50e16276512462f0ef0f940f218c15f945171ed8b86b4773fd6be837cce1",
"FixedFeedbackSFT/projects/d2nn_cifar10_high_performance_optical_backbone/commands/70_launch_capacity_queue.sh","local_only","94c9cebfcf6f58c110114dd85cb23d62ce3ef9a041f0b052193f35e385cfc5c0",
"FixedFeedbackSFT/projects/d2nn_cifar10_high_performance_optical_backbone/commands/71_watch_p06_imagenet_capacity_12x192.sh","local_only","ac72ce38e5fe936f8a1793b1b5731ee0be5c1344015c2d19916493ab48ae6b8c",
"FixedFeedbackSFT/projects/d2nn_cifar10_high_performance_optical_backbone/commands/72_launch_p06_imagenet_capacity_watcher.sh","local_only","f96fcc60d34eb56c59d659434123ac2973b313cc88a8ed3ab60472aa13c24265",
"FixedFeedbackSFT/projects/d2nn_cifar10_high_performance_optical_backbone/commands/73_smoke_p06_imagenet_8x224.sh","local_only","8d1411e3abe79741401271c7918f70bfbc65bb368ec87c92a73eb064c7aec6cc",
"FixedFeedbackSFT/projects/d2nn_cifar10_high_performance_optical_backbone/commands/74_run_p06_imagenet_8x224_screen.sh","local_only","5dfa82c3a6a0b565f55e7624f1315fb817153c691c6d00e8e53a9efc29ee33e0",
"FixedFeedbackSFT/projects/d2nn_cifar10_high_performance_optical_backbone/commands/75_launch_p06_imagenet_8x224_screens.sh","local_only","beef86dee1e98f586d5cff8ebad5a9f632dbb7df4e4c1491621e5c2a7809c28f",
"FixedFeedbackSFT/projects/d2nn_cifar10_high_performance_optical_backbone/commands/76_launch_p06_imagenet_8x224_spatial_screen.sh","local_only","f40357fea9c815ff7ba1a834ba2dd93112cee6db46749bc792705e06c4b2e9d8",
"FixedFeedbackSFT/projects/d2nn_cifar10_high_performance_optical_backbone/commands/77_run_p06_imagenet_8x224_full_spatial.sh","local_only","95839945cbab0e6d63904b53576fedd670720c01354646410876e2e3ce270a68",
"FixedFeedbackSFT/projects/d2nn_cifar10_high_performance_optical_backbone/commands/78_launch_p06_imagenet_8x224_full_spatial.sh","local_only","d7a8aea7db9352c448ae4a16b538bd9cd53bdb8b1f89f202468d348796816b01",
"FixedFeedbackSFT/projects/d2nn_cifar10_high_performance_optical_backbone/commands/79_watch_p06_imagenet_8x224_full_spatial.sh","local_only","77c9e7ec0eb3d231505d19eb2536e086878bfcd0022c248cd223d38032a8362b",
"FixedFeedbackSFT/projects/d2nn_cifar10_high_performance_optical_backbone/commands/80_launch_p06_imagenet_8x224_full_watcher.sh","local_only","3a56a9fc2a3f58359f0fc7e5a62f9b7585a440dc58d2ae277057fe83ae5a326a",
"FixedFeedbackSFT/projects/d2nn_cifar10_high_performance_optical_backbone/commands/81_run_p06_imagenet_8x224_epoch4_shift_screen.sh","local_only","fc21277a181dc83ceca9438c32fb0c0767f86ab85905a941097d64b24ead784a",
"FixedFeedbackSFT/projects/d2nn_cifar10_high_performance_optical_backbone/commands/82_launch_p06_imagenet_8x224_epoch4_shift_screen.sh","local_only","e36a1456b05851278655e0b60b2ad9a788a4982ac55f7ed0e9dc8d80d861833a",
"FixedFeedbackSFT/projects/d2nn_cifar10_high_performance_optical_backbone/commands/83_run_p06_imagenet_8x224_full_decoupled_mlp.sh","local_only","f49e28f1897435e7d2cae4af7769ee0996bfe55c230c6cb74e023b7e9648b943",
"FixedFeedbackSFT/projects/d2nn_cifar10_high_performance_optical_backbone/commands/84_launch_p06_imagenet_8x224_full_decoupled_mlp.sh","local_only","20c89a166938a783820660476e75f9dc1c2ce01b0f42f3d96c2a2a4bbeb4854a",
"FixedFeedbackSFT/projects/d2nn_cifar10_high_performance_optical_backbone/commands/85_watch_p06_imagenet_8x224_full_decoupled_mlp.sh","local_only","2f543bbade74ff30ecbb78f24c323bc2910ba0e0afa9ece2ab5f2b3ccbb13c25",
"FixedFeedbackSFT/projects/d2nn_cifar10_high_performance_optical_backbone/commands/86_launch_p06_imagenet_8x224_full_decoupled_mlp_watcher.sh","local_only","1c41ce4379b45a16b791e4763ebaa48770eda8df32322cdf449c1dd02dcc1a46",
"FixedFeedbackSFT/projects/d2nn_cifar10_high_performance_optical_backbone/commands/87_run_p07_teacher_free_head_screen.sh","local_only","1d98d7f1839f258611e0561ed8d92641dfb8bef16a7c18b1dbe54c5be9d696d9",
"FixedFeedbackSFT/projects/d2nn_cifar10_high_performance_optical_backbone/commands/88_launch_p07_teacher_free_head_screens.sh","local_only","476091a0a6befea7028ab7331c14392035d485927b30fdd614cfce3469e3b1ab",
"FixedFeedbackSFT/projects/d2nn_cifar10_high_performance_optical_backbone/commands/89_watch_p07_teacher_free_head_screens.sh","local_only","ffca742dddc6f6d281e3305469158817cc6b099cdf162906af04ef0f3493aa6f",
"FixedFeedbackSFT/projects/d2nn_cifar10_high_performance_optical_backbone/commands/90_launch_p07_teacher_free_watcher.sh","local_only","e180a5b329f64e648fb53652ea1de9a66b4d391d84a8fedbce7ea86f2dbbeffd",
"FixedFeedbackSFT/projects/d2nn_cifar10_high_performance_optical_backbone/commands/91_run_p07_teacher_free_formal_linear.sh","local_only","e6040996655d36205f26ad21982132c890f29c03cf0c1d9cefbf3ea83710e2a5",
"FixedFeedbackSFT/projects/d2nn_cifar10_high_performance_optical_backbone/commands/92_launch_p07_teacher_free_formal_linear.sh","local_only","76489f2d911730c1821bf829c1b77fa96e43c825af2eee375d33843b75712b56",
"FixedFeedbackSFT/projects/d2nn_cifar10_high_performance_optical_backbone/commands/93_watch_p07_teacher_free_formal_linear.sh","local_only","61c56477a50f23a8f0d2a38e0336bd6beb27b528e068479e6c5fc10aceefde01",
"FixedFeedbackSFT/projects/d2nn_cifar10_high_performance_optical_backbone/commands/94_launch_p07_teacher_free_formal_watcher.sh","local_only","16d27f3e5eede86ca4fe434e40d80ed6635bc62cf40a4870a69513d319ef96df",
"FixedFeedbackSFT/projects/d2nn_cifar10_high_performance_optical_backbone/commands/95_run_p07_teacher_free_allstage_pool5.sh","local_only","e600d6818e3b2b35675c7a2c2bba676e279e7c734e5f670520c88194db4dc0b3",
"FixedFeedbackSFT/projects/d2nn_cifar10_high_performance_optical_backbone/commands/96_launch_p07_teacher_free_allstage_pool5.sh","local_only","c13c36579491c003255dd2cc17c9399b8869d7e740bdd1b04b41f993dbff191a",
"FixedFeedbackSFT/projects/d2nn_cifar10_high_performance_optical_backbone/commands/97_watch_p07_teacher_free_allstage_pool5.sh","local_only","8721e12844301d6cea6a52657e5e110c1aeb9de97924a69e3bca3f9b04aa2cbc",
"FixedFeedbackSFT/projects/d2nn_cifar10_high_performance_optical_backbone/commands/98_launch_p07_teacher_free_allstage_watcher.sh","local_only","0120003610a6dd72452fb06889ddc873bcfee65b2d8839c20b85c2faa0c4a08e",
"FixedFeedbackSFT/projects/d2nn_cifar10_high_performance_optical_backbone/commands/COMMANDS.md","local_only","1cbf0ef306c21871c008479fc4b9518dfc6fa976f6bdf68603b8691a96f14ad9",
"FixedFeedbackSFT/projects/d2nn_cifar10_high_performance_optical_backbone/configs/a02_pool16.yaml","local_only","0f96baec87f7e5a32f3f5d3cc5bd971d3882b4d34b56803c6e3cb45cd823e04c",
"FixedFeedbackSFT/projects/d2nn_cifar10_high_performance_optical_backbone/configs/a03_cifar100_pretrain.yaml","local_only","b6a54b4a2c6c69b606f736d0a12710077597d59df51c1604214e6f0a216dc3c4",
"FixedFeedbackSFT/projects/d2nn_cifar10_high_performance_optical_backbone/configs/a04_cifar100_to_cifar10.yaml","local_only","11c09f2b38a30331511064fc3bdc171d6d15d5222985f66586b5d1b7eec7cbaa",
"FixedFeedbackSFT/projects/d2nn_cifar10_high_performance_optical_backbone/configs/a05_refine_a01.yaml","local_only","9dfe6dee6e0f70332376f98c25500241e4511cddec68afb325d695eb39d8dbee",
"FixedFeedbackSFT/projects/d2nn_cifar10_high_performance_optical_backbone/configs/a07_high_optical_cifar100_to_cifar10.yaml","local_only","2587d80b15940b96b820e43d8c7d451c9bd56108b909f1bcb9130b43463a49f4",
"FixedFeedbackSFT/projects/d2nn_cifar10_high_performance_optical_backbone/configs/a08_pointwise_electronic_residual.yaml","local_only","a2dff1c87077681b17c92bbb0f7c940bfc8e37c23343c670a0df199306515d6f",
"FixedFeedbackSFT/projects/d2nn_cifar10_high_performance_optical_backbone/configs/a09_depthwise_electronic_residual.yaml","local_only","bfc8f2fd3e8589458870fdf5310ae13d385ffb5d01d5cfa74e31d2e9d006c9df",
"FixedFeedbackSFT/projects/d2nn_cifar10_high_performance_optical_backbone/configs/a10_depthwise_unet_skips.yaml","local_only","ebec3f42f59c7043d880174e697710570d03d3b101e27f80532e31b7f5ff6981",
"FixedFeedbackSFT/projects/d2nn_cifar10_high_performance_optical_backbone/configs/a11_pointwise_conv_readout.yaml","local_only","2fb4cebc70df0d71d5243e45792c5441c378b6c7fe76a4624130ace24025baff",
"FixedFeedbackSFT/projects/d2nn_cifar10_high_performance_optical_backbone/configs/a12_pointwise_dual_pool_readout.yaml","local_only","cebb3907073ce8342a1fafaedc2be132915dcd02c4a78401f588af3b70922eb5",
"FixedFeedbackSFT/projects/d2nn_cifar10_high_performance_optical_backbone/configs/a13_lowres_electronic_residual.yaml","local_only","5d702431fedf2862ebbd11ed8fab969e13fcb9dcc2438ec5529015db24b6a263",
"FixedFeedbackSFT/projects/d2nn_cifar10_high_performance_optical_backbone/configs/a13_multiseed_replication.yaml","local_only","5c61abc123d128e07d2db21c8c312003ed83f00d9f409f5d880954e72bed7201",
"FixedFeedbackSFT/projects/d2nn_cifar10_high_performance_optical_backbone/configs/formal_a13_high_performance.yaml","local_only","7915b7df7d2ef28111e3bc176fe9ee38754c7e7315ab8e0add32cf68dd0e27cc",
"FixedFeedbackSFT/projects/d2nn_cifar10_high_performance_optical_backbone/configs/formal_pilot.yaml","local_only","fd55406f3e36e0e854c9eaf2f935d9e3f89adeccdfdd3b4f9a73ffde3630e35e",
"FixedFeedbackSFT/projects/d2nn_cifar10_high_performance_optical_backbone/configs/formal_smoke.yaml","local_only","984d61acfffa7e47980df03ecc3bc1a6e2907ca9c23e4506d0474e72c15ef706",
"FixedFeedbackSFT/projects/d2nn_cifar10_high_performance_optical_backbone/configs/imagenet_capacity_12x192.yaml","local_only","747f1b42ff33fd86af8daa1236897dc361eac7f86c17209200472d9b1848f0a6",
"FixedFeedbackSFT/projects/d2nn_cifar10_high_performance_optical_backbone/configs/imagenet_capacity_8x224.yaml","local_only","fad55fda76650eee11dd03494d35a26ccae38ca5527aedde4a2440d51d412893",
"FixedFeedbackSFT/projects/d2nn_cifar10_high_performance_optical_backbone/configs/main.yaml","local_only","1a69761eebb51ca6c5be42deb4cba91681942c1d38230d6b5824f51196dd0565",
"FixedFeedbackSFT/projects/d2nn_cifar10_high_performance_optical_backbone/configs/p03_deployment_robustness_formal.yaml","local_only","192251a05980c7721a9aba409e41ebe78916e7a85b458250790acf5c531bfacb",
"FixedFeedbackSFT/projects/d2nn_cifar10_high_performance_optical_backbone/configs/p03_deployment_robustness_screen.yaml","local_only","77d071fe77fc8918aa274a2926eb874bf8c16e9a0f640a87215a2b4ede3b9d55",
"FixedFeedbackSFT/projects/d2nn_cifar10_high_performance_optical_backbone/configs/p03b_deployment_subpixel_screen.yaml","local_only","15b78ea9822d5293645028866ca0976be32c42834ab150c13ebef54832495df3",
"FixedFeedbackSFT/projects/d2nn_cifar10_high_performance_optical_backbone/configs/p04_deployment_adaptation_screen.yaml","local_only","6ee84b3e6a16ab033e50c4ab8e51521663f70fb081b8c915d905b5b82aeb67da",
"FixedFeedbackSFT/projects/d2nn_cifar10_high_performance_optical_backbone/configs/p04b_deployment_adaptation_large_shift_screen.yaml","local_only","aa51ff5718f11ee0b7ea579a768edc7ea86513d531d5f91ef2ad2b01d885ba3d",
"FixedFeedbackSFT/projects/d2nn_cifar10_high_performance_optical_backbone/configs/p05_misalignment_vaccination.yaml","local_only","a574a2a0ba36bcd4a8379e04e92b16b496509a565cf9cbdcbf770f197c1745f1",
"FixedFeedbackSFT/projects/d2nn_cifar10_high_performance_optical_backbone/configs/p05b_vaccinated_deployment_adaptation.yaml","local_only","0a60bfa84f9ad6a2babd0563e0b6aa19a45ad8bebb6f332ed74da36f9727934b",
"FixedFeedbackSFT/projects/d2nn_cifar10_high_performance_optical_backbone/configs/p06_imagenet_100k_balanced_refine.yaml","local_only","1205bd79b0522f4720dad13fa5dbbd9f3739093eebc0b3032c926a836a04fd5d",
"FixedFeedbackSFT/projects/d2nn_cifar10_high_performance_optical_backbone/configs/p06_imagenet_100k_contrastive_refine.yaml","local_only","3a83fbd7a89a4d2fa6915e4cd5a70c92f46c82c0f86ca64baf822e8bf5d0c5c2",
"FixedFeedbackSFT/projects/d2nn_cifar10_high_performance_optical_backbone/configs/p06_imagenet_100k_screen.yaml","local_only","13f918b618bc8cc99513b9f9e2cec6867a2f30650341aeab17a8ec62c52468a3",
"FixedFeedbackSFT/projects/d2nn_cifar10_high_performance_optical_backbone/configs/p06_imagenet_8x224_epoch4_shift_screen.yaml","local_only","ddef22c08d102d2acb51ec9a4a2fda3940bf03391ebdf19164afcad73e6bffec",
"FixedFeedbackSFT/projects/d2nn_cifar10_high_performance_optical_backbone/configs/p06_imagenet_8x224_full_decoupled_mlp.yaml","local_only","4964958db49eb0eea4ff9a25a696343ebc78561562e17dfb4d6f163378502ff3",
"FixedFeedbackSFT/projects/d2nn_cifar10_high_performance_optical_backbone/configs/p06_imagenet_8x224_full_spatial.yaml","local_only","cbf26cd813cad0bb058554cde746d0d1e6beb05aa925a678fc9e8f0961b84ae6",
"FixedFeedbackSFT/projects/d2nn_cifar10_high_performance_optical_backbone/configs/p06_imagenet_8x224_screen_mlp.yaml","local_only","5e7492146833cad9b473c52630eb01e1db2ff3e9098ab9b4a20708b3e9e93e54",
"FixedFeedbackSFT/projects/d2nn_cifar10_high_performance_optical_backbone/configs/p06_imagenet_8x224_screen_projected.yaml","local_only","bdc4c0d8e073b4e6029ec8be02a5afdb86e13479c44ff1adc41056f8ac662b56",
"FixedFeedbackSFT/projects/d2nn_cifar10_high_performance_optical_backbone/configs/p06_imagenet_8x224_screen_spatial.yaml","local_only","607434165bf660f6c498ea4a857ef24c39b2aa0afd7efa37ee8df10f588fd43c",
"FixedFeedbackSFT/projects/d2nn_cifar10_high_performance_optical_backbone/configs/p06_imagenet_8x224_screen_supervised_mlp.yaml","local_only","c5680cb963852a2e5c66cd4eed9c4e36d77272c1f02d5a3fce48860e7a536471",
"FixedFeedbackSFT/projects/d2nn_cifar10_high_performance_optical_backbone/configs/p06_imagenet_8x224_smoke.yaml","local_only","1d9973502afb17feca6fd56657ee30dffe3cfd22ce88f35e6134c391f599bca4",
"FixedFeedbackSFT/projects/d2nn_cifar10_high_performance_optical_backbone/configs/p06_imagenet_capacity_12x192.yaml","local_only","6120ff847811782be1f7aa30609109b5596c55de1d1c55e47f2bc98ed71c0dfc",
"FixedFeedbackSFT/projects/d2nn_cifar10_high_performance_optical_backbone/configs/p06_imagenet_capacity_12x192_smoke.yaml","local_only","575945801f647da73bb8019232b03a9550ef670c9532ffe1d2a86a0071ad4c17",
"FixedFeedbackSFT/projects/d2nn_cifar10_high_performance_optical_backbone/configs/p06_imagenet_full_mlp_readout.yaml","local_only","647115d569499d0cd4538a89e3135de4bd38ab58b4dac7725f3a2b70c7c7375e",
"FixedFeedbackSFT/projects/d2nn_cifar10_high_performance_optical_backbone/configs/p06_imagenet_full_stage1.yaml","local_only","ce77804ac77f0de609e1998760af99243c75b10256de5c969a3e4ac42341a84b",
"FixedFeedbackSFT/projects/d2nn_cifar10_high_performance_optical_backbone/configs/p06_imagenet_full_supervised_refine.yaml","local_only","cacc6a58294c38427582936867dd20593827e5a3933b29770be8c4fc908c325c",
"FixedFeedbackSFT/projects/d2nn_cifar10_high_performance_optical_backbone/configs/p06_imagenet_smoke.yaml","local_only","99e1c527553f3d14bcd9d84d70f4f5f263803859d2c0e40552105f469789b4e6",
"FixedFeedbackSFT/projects/d2nn_cifar10_high_performance_optical_backbone/configs/p07_teacher_free_allstage_pool5.yaml","local_only","62dbcb17b9c8061a5f71e6079e7fda87f046f756f81728facf2b4c3744c25e40",
"FixedFeedbackSFT/projects/d2nn_cifar10_high_performance_optical_backbone/configs/p07_teacher_free_formal_linear.yaml","local_only","c595be23f638a61c4a28c45db066e30e99cfad92c2d43525053884f62bf6c5e1",
"FixedFeedbackSFT/projects/d2nn_cifar10_high_performance_optical_backbone/configs/p07_teacher_free_screen_conv_mlp.yaml","local_only","b6cfd65dc8bfc008ebf2713827b2588c2656b3cb3d3a3067f65295dc666f1cdd",
"FixedFeedbackSFT/projects/d2nn_cifar10_high_performance_optical_backbone/configs/p07_teacher_free_screen_linear.yaml","local_only","b228e5693512886c768592aafd0c562b5daabeb18c66d35520f9f49072438a15",
"FixedFeedbackSFT/projects/d2nn_cifar10_high_performance_optical_backbone/configs/p07_teacher_free_screen_mlp.yaml","local_only","01fddec149dc38cf6affc13350cc9e476db69fa7fda87b340a62a9aee0131b4a",
"FixedFeedbackSFT/projects/d2nn_cifar10_high_performance_optical_backbone/configs/smoke.yaml","local_only","8fa9164b3d4d261a19ab46be9817db9caab8d943b7a82826b861579d9dcbf680",
"FixedFeedbackSFT/projects/d2nn_cifar10_high_performance_optical_backbone/datasets.py","local_only","cf8c7ad90d180c3beec4e8474423e2c362b783f3d5f803e4136ee42c20f3bba3",
"FixedFeedbackSFT/projects/d2nn_cifar10_high_performance_optical_backbone/deployment_adaptation.py","local_only","e7368d470a37a1545d93ff940b2bb2469833fa91087c01578404eddc4c7e2937",
"FixedFeedbackSFT/projects/d2nn_cifar10_high_performance_optical_backbone/deployment_adaptation_attribution.py","local_only","1d4c7f638f5ece761132c760b88a67c4f42826d9ee974adc5b8af36c20e9e94e",
"FixedFeedbackSFT/projects/d2nn_cifar10_high_performance_optical_backbone/deployment_robustness.py","local_only","c1663a75c9ac0bce5f44a0310ae39ff45504018b0d62ba8de1132f5e047e8235",
"FixedFeedbackSFT/projects/d2nn_cifar10_high_performance_optical_backbone/DEPLOYMENT_ROBUSTNESS_PLAN.md","local_only","ae342a2b892c47d8326a75e13c19dfa1b88c9c7bb45ad5a6d53e109677eb12b9",
"FixedFeedbackSFT/projects/d2nn_cifar10_high_performance_optical_backbone/fixed_feedback_training.py","local_only","b3409099fe031f0cb276edd7e0bad1558ef3a2e62d4103bf3e8352823c117300",
"FixedFeedbackSFT/projects/d2nn_cifar10_high_performance_optical_backbone/FORMAL_EXPERIMENT_LOG.md","local_only","a84c683c7a0f6a53453d3ffa62916793a47f79728ee3134beb1aa8a3d0bb4659",
"FixedFeedbackSFT/projects/d2nn_cifar10_high_performance_optical_backbone/formal_run.py","local_only","ad650e00c4c685cc1cda20426ff21b9604fa569155db597d4c274960c52e0797",
"FixedFeedbackSFT/projects/d2nn_cifar10_high_performance_optical_backbone/formal_settings.py","local_only","749385b0454edfe498f2d08d57a0ce980afa7ad0d7d2824cf7d761349583a379",
"FixedFeedbackSFT/projects/d2nn_cifar10_high_performance_optical_backbone/general_backbone_assets.py","local_only","2ba5224b51e1608caf5e1d8ed175532ea7b229637b1b7ef9993b22a35818cf3f",
"FixedFeedbackSFT/projects/d2nn_cifar10_high_performance_optical_backbone/general_backbone_pretraining.py","local_only","1e2eeb9ccc8abb166b77125b83d92654576acbc86a4bba6f9d620de8fdc7b60d",
"FixedFeedbackSFT/projects/d2nn_cifar10_high_performance_optical_backbone/general_backbone_robustness.py","local_only","2553bf1604612d6f1da34f4a5ab69d483cfc171673595566c4cc410ae8694830",
"FixedFeedbackSFT/projects/d2nn_cifar10_high_performance_optical_backbone/misalignment_vaccination.py","local_only","bd07bd17db30760cb6bf9e9b0c698c6cae1ea40d2122ac57231597686a48a4ea",
"FixedFeedbackSFT/projects/d2nn_cifar10_high_performance_optical_backbone/model.py","local_only","9a3255a02cdeb2082680956a26b9c5d0ac12a26ffb481b9c9153ee0679ba8f1a",
"FixedFeedbackSFT/projects/d2nn_cifar10_high_performance_optical_backbone/optics.py","local_only","cd8594cd8861feef0e5ea84dbbf748a69aa0148ef18fe5515a79469dd154521f",
"FixedFeedbackSFT/projects/d2nn_cifar10_high_performance_optical_backbone/OPTIMIZATION_LOG.md","local_only","fba75c7232df5d10fa7df210d2abfc11d9e2f5672daaf1b04e13482442cd83f9",
"FixedFeedbackSFT/projects/d2nn_cifar10_high_performance_optical_backbone/P04_DEPLOYMENT_ADAPTATION_PLAN.md","local_only","5c41d59b5e3d679f3e0d0537054a0cfa9d8a251fcfadb7007ea0e20c8ed16edd",
"FixedFeedbackSFT/projects/d2nn_cifar10_high_performance_optical_backbone/P05_MISALIGNMENT_VACCINATION_PLAN.md","local_only","2066a6554f88f8c0dc9eb5f361005147b535d7c4bc9ef993c51bd78133119696",
"FixedFeedbackSFT/projects/d2nn_cifar10_high_performance_optical_backbone/P06_GENERAL_OPTICAL_BACKBONE_PLAN.md","local_only","d7e6e809341f23c14810277ce273a50bb16b8086d4a172e5c7aaede9d0d446f7",
"FixedFeedbackSFT/projects/d2nn_cifar10_high_performance_optical_backbone/P07_TEACHER_FREE_BACKBONE_PLAN.md","local_only","0d29e0de7482b4cec1718c61c247a9639358e91b4267c890f1376a9ccefa6e77",
"FixedFeedbackSFT/projects/d2nn_cifar10_high_performance_optical_backbone/README.md","local_only","f1e450a6bbcc48292e6821d67e12272943c31a959dcfe4457edea34f6a6cd141",
"FixedFeedbackSFT/projects/d2nn_cifar10_high_performance_optical_backbone/run.py","local_only","621b79a1a950663fb57d7fd2d7844a1fc28f5c10568dd7c7b2b8f38359fd3124",
"FixedFeedbackSFT/projects/d2nn_cifar10_high_performance_optical_backbone/settings.py","local_only","c959d0c1a6250b3e6ccc3dbdc9736e95019865402f8b88bb860c88933be82972",
"FixedFeedbackSFT/projects/d2nn_cifar10_high_performance_optical_backbone/tests/__init__.py","local_only","0f6e57c8b54aad9f3e30d2893ae447acc6804f67d37fad72395f7dc07f4c9570",
"FixedFeedbackSFT/projects/d2nn_cifar10_high_performance_optical_backbone/tests/test_core.py","local_only","164b65a8be7d9a012b84fdc0830cc7ed127bc0d71546d56d681bc3e02b5e3622",
"FixedFeedbackSFT/projects/d2nn_cifar10_high_performance_optical_backbone/tests/test_general_backbone_pretraining.py","local_only","d97096f74c1196a589bedaec7d8c2d9d0e89bdc33d552c738a09a0bfde7c7ca7",
"FixedFeedbackSFT/projects/d2nn_cifar10_high_performance_optical_backbone/training.py","local_only","4c520c5eb0f07e7d82ed3d5849260e01e59636877273f7265526b682ddd1d7cb",
"FixedFeedbackSFT/projects/d2nn_cifar100_cifar10_fixed_feedback_contrastive_20stage400/__init__.py","local_only","50f40feceb8c90f38b2b714319e899608a574d502b38862754dd73e4e27850ff",
"FixedFeedbackSFT/projects/d2nn_cifar100_cifar10_fixed_feedback_contrastive_20stage400/__main__.py","local_only","281a8aae0668b15abb9f31003a9e752d76be79cb827a27c1688875f26a4a6441",
"FixedFeedbackSFT/projects/d2nn_cifar100_cifar10_fixed_feedback_contrastive_20stage400/analysis.py","local_only","85c9a306e735636e4c3b6950eab2e25a4a5a5024221ddc82a726daf393c22d91",
"FixedFeedbackSFT/projects/d2nn_cifar100_cifar10_fixed_feedback_contrastive_20stage400/ARCHITECTURE.md","local_only","5414af0e2b71767b9480f3994ade4309aa1277589cfb0af063f56c1b6e274018",
"FixedFeedbackSFT/projects/d2nn_cifar100_cifar10_fixed_feedback_contrastive_20stage400/commands/COMMANDS.md","local_only","b4a51946b1f0ddc74d4d625feb050bbf02f076eaaa3dad7c00b84fdf3ab15d13",
"FixedFeedbackSFT/projects/d2nn_cifar100_cifar10_fixed_feedback_contrastive_20stage400/configs/main.yaml","local_only","0ee242fc5efd5e95001e264200b0e0c6e3793276d93ea69d371668bcb43cb8e4",
"FixedFeedbackSFT/projects/d2nn_cifar100_cifar10_fixed_feedback_contrastive_20stage400/datasets.py","local_only","d8096372326982c96a229834a0aea346a8767035ba84c8b6c438ab47680b2a60",
"FixedFeedbackSFT/projects/d2nn_cifar100_cifar10_fixed_feedback_contrastive_20stage400/losses.py","local_only","7fcaeb700f869c8e5fd14037d5cae5c0498e5adb6aad74abc992690946543f51",
"FixedFeedbackSFT/projects/d2nn_cifar100_cifar10_fixed_feedback_contrastive_20stage400/model.py","local_only","64696f8c1ec62964dcb67f3e243f9df25b7fb605ae4a334854130b740f7fe264",
"FixedFeedbackSFT/projects/d2nn_cifar100_cifar10_fixed_feedback_contrastive_20stage400/optics.py","local_only","a970a3b0cc753176a0af93aa0dc5b1a862e4214e7fd85ac03ccb9da6f297a1b2",
"FixedFeedbackSFT/projects/d2nn_cifar100_cifar10_fixed_feedback_contrastive_20stage400/README.md","local_only","dcd446258ae78abbf1f1a6ffd579cce2df9e8612619119aa300fa5f7a44277b0",
"FixedFeedbackSFT/projects/d2nn_cifar100_cifar10_fixed_feedback_contrastive_20stage400/run.py","local_only","808ffd33344f87b2691456be298a059b7874b236ba2e859b72d83e45fd0eb999",
"FixedFeedbackSFT/projects/d2nn_cifar100_cifar10_fixed_feedback_contrastive_20stage400/settings.py","local_only","5ad8f4c582a95a0660dc78bf3f277f2ec35360e729edb24167594a150a12167c",
"FixedFeedbackSFT/projects/d2nn_cifar100_cifar10_fixed_feedback_contrastive_20stage400/tests/test_core.py","local_only","9267ce5bbcb7f56743f7f73f5f326b82d360767b44debc3f1302751f78d0a61a",
"FixedFeedbackSFT/projects/d2nn_cifar100_cifar10_fixed_feedback_contrastive_20stage400/training.py","local_only","3345fba9df1c9f58b5cd2b142090d0ee399129d2677470661b1ab9a04b333af8",
"FixedFeedbackSFT/projects/d2nn_cifar100c10_fixed_feedback_20stage400/__init__.py","local_only","3d5bd286d79342aa14061e1d26afe0cdd2a21d00f98d1846273ec81a4b9999af",
"FixedFeedbackSFT/projects/d2nn_cifar100c10_fixed_feedback_20stage400/__main__.py","local_only","281a8aae0668b15abb9f31003a9e752d76be79cb827a27c1688875f26a4a6441",
"FixedFeedbackSFT/projects/d2nn_cifar100c10_fixed_feedback_20stage400/analysis.py","local_only","bb9455f628f78e318ecd43db45906ee8d6bc2e9746760f9f987b05329d491a09",
"FixedFeedbackSFT/projects/d2nn_cifar100c10_fixed_feedback_20stage400/ARCHITECTURE.md","local_only","7006637114308b93b6a7560d059f4645341d8cd9fd8e44b2cf261419d08773e3",
"FixedFeedbackSFT/projects/d2nn_cifar100c10_fixed_feedback_20stage400/commands/01_prepare_data.sh","local_only","4060e5f6c2bc3ed79b5836e7380c53a34797f2bd68f907e9a2287b73e69e638e",
"FixedFeedbackSFT/projects/d2nn_cifar100c10_fixed_feedback_20stage400/commands/02_run_bp.sh","local_only","c0a3e0e7fa5962d59a48fec249f616fcb8fba58d0ab2e91c0e4c3d57c153f15a",
"FixedFeedbackSFT/projects/d2nn_cifar100c10_fixed_feedback_20stage400/commands/03_run_fa_pretrained.sh","local_only","cf7eac1db54740eadd9fd2a24203b4e7d0145db32dbdfaaf7380eae92f1f75b1",
"FixedFeedbackSFT/projects/d2nn_cifar100c10_fixed_feedback_20stage400/commands/04_run_fa_random.sh","local_only","75e7020e042892a804d108000b8e565c6d733a1f140d35b56dc3c760d201cbf7",
"FixedFeedbackSFT/projects/d2nn_cifar100c10_fixed_feedback_20stage400/commands/05_run_no_finetune.sh","local_only","871179389331d7a6ccb0bf6709539fcb27587ef4194dae143baa28d3de9909a2",
"FixedFeedbackSFT/projects/d2nn_cifar100c10_fixed_feedback_20stage400/commands/06_compare_to_bp.sh","local_only","af31128fc8a63728f157e0e499f632041af4171e889d928ffd10d3573b7ec30d",
"FixedFeedbackSFT/projects/d2nn_cifar100c10_fixed_feedback_20stage400/commands/COMMANDS.md","local_only","8f3a9b81258575a35bd3d2717b8f09c7c0481416d6def7524b25a6d164e0d5de",
"FixedFeedbackSFT/projects/d2nn_cifar100c10_fixed_feedback_20stage400/configs/main.yaml","local_only","8a92c937449f039f68d61a73d1a3d91f8f962adfe33ead017a1046ad8c18912b",
"FixedFeedbackSFT/projects/d2nn_cifar100c10_fixed_feedback_20stage400/datasets.py","local_only","087b8886c7e538c4a7b0da29edb1f0326d1fc81e42f847614a4dcc884cf9db39",
"FixedFeedbackSFT/projects/d2nn_cifar100c10_fixed_feedback_20stage400/model.py","local_only","14558417c5c91aec81971653f3cdb46d69c3e958419d4f967f5f9b03bea2fa88",
"FixedFeedbackSFT/projects/d2nn_cifar100c10_fixed_feedback_20stage400/optics.py","local_only","a970a3b0cc753176a0af93aa0dc5b1a862e4214e7fd85ac03ccb9da6f297a1b2",
"FixedFeedbackSFT/projects/d2nn_cifar100c10_fixed_feedback_20stage400/publication_report.py","local_only","dd333fb859ebb92a1f50032419aaf4eedd09e7531da44929648b89fc55f0e67f",
"FixedFeedbackSFT/projects/d2nn_cifar100c10_fixed_feedback_20stage400/README.md","local_only","a4bb50fc02e7be3db4f28829303ade74f22496479466ba5636bf7d5546d826f8",
"FixedFeedbackSFT/projects/d2nn_cifar100c10_fixed_feedback_20stage400/RESULTS_AND_ANALYSIS.md","local_only","f17ab389e344fd9948f61bd9225b1e6395b231cf7b9ca3d2bd31d19e22dcb4e2",
"FixedFeedbackSFT/projects/d2nn_cifar100c10_fixed_feedback_20stage400/run.py","local_only","196b72dbc4acacd385112c095898a61fa06382d7efe35b6e8ce5fc8bdaa568d5",
"FixedFeedbackSFT/projects/d2nn_cifar100c10_fixed_feedback_20stage400/settings.py","local_only","83b9970dda6b9c84cc1c0b342f079d65ac95878b35577dd9f4ef30b0f8793391",
"FixedFeedbackSFT/projects/d2nn_cifar100c10_fixed_feedback_20stage400/tests/test_core.py","local_only","8dde01753e87c0227cd2607355de5bb2824d08c0b4dc6cad38423cde7320f29c",
"FixedFeedbackSFT/projects/d2nn_cifar100c10_fixed_feedback_20stage400/training.py","local_only","1f78ac9b9d483450aa37a5dac5d5319f7b0a1bf159dd9f555d4fe2d05351ddec",
"FixedFeedbackSFT/projects/d2nn_cifar100c10_fixed_feedback_20stage400/visualization.py","local_only","1057fe067a4d650d2ee47a89f4309b52a3ac7a67c64f4d3c84bed8715e111e31",
"FixedFeedbackSFT/projects/qwen3_vl_patch_stem_8stage_dual_scale_optical_imagenet_backbone/__init__.py","local_only","6df2d6f5d5f6b19b665a2eb977f4bf0a48b1e059624fd67d2fad747d90023d46",
"FixedFeedbackSFT/projects/qwen3_vl_patch_stem_8stage_dual_scale_optical_imagenet_backbone/ARCHITECTURE.md","local_only","89375b9f756971c7b98688285f25e7cb0698584d9b9ba2a07421ff3f18de3928",
"FixedFeedbackSFT/projects/qwen3_vl_patch_stem_8stage_dual_scale_optical_imagenet_backbone/commands/_common.sh","local_only","e171dce7a9855edd23e107814375f8aff37c48b7983f407d2da84dc7c16b12ce",
"FixedFeedbackSFT/projects/qwen3_vl_patch_stem_8stage_dual_scale_optical_imagenet_backbone/commands/01_test.sh","local_only","0bf18232d16c87b8a960ff644a8932ca5d24bc2ecdae46d0e73efcceba622ce1",
"FixedFeedbackSFT/projects/qwen3_vl_patch_stem_8stage_dual_scale_optical_imagenet_backbone/commands/02_gpu_smoke.sh","local_only","11ad0f4c8d9f75f02d882ed76d586459810f3cca4a8d205034a09afc56da410a",
"FixedFeedbackSFT/projects/qwen3_vl_patch_stem_8stage_dual_scale_optical_imagenet_backbone/commands/03_launch_imagenet_90e_bs96.sh","local_only","b88b778ebd442376a05e5bbfc0405363fb4f54895634eb8bb8a7b25b9299a459",
"FixedFeedbackSFT/projects/qwen3_vl_patch_stem_8stage_dual_scale_optical_imagenet_backbone/commands/04_watch.sh","local_only","759e4793dd80fc43d48888db8819288508aa360eb478bbe69ae713d39cd70557",
"FixedFeedbackSFT/projects/qwen3_vl_patch_stem_8stage_dual_scale_optical_imagenet_backbone/commands/COMMANDS.md","local_only","068804f29874071183b2df49e098debe639b7260fab3881ff5336ba17d13b32e",
"FixedFeedbackSFT/projects/qwen3_vl_patch_stem_8stage_dual_scale_optical_imagenet_backbone/configs/gpu_smoke.yaml","local_only","21c4e1c8cbcf6057c0a73462fbe083deae0b8d384e49e7bca4a8cc544e3d348a",
"FixedFeedbackSFT/projects/qwen3_vl_patch_stem_8stage_dual_scale_optical_imagenet_backbone/configs/pretrain_90e_bs96.yaml","local_only","997b3245a493f39d26825c02fb8acf80ae7cf574a9fc6b55fcfa826c847748c5",
"FixedFeedbackSFT/projects/qwen3_vl_patch_stem_8stage_dual_scale_optical_imagenet_backbone/model.py","local_only","16052bbd39dc8e879269e13898be3c3c6ad4c99a194b77174c0ee0a93d078555",
"FixedFeedbackSFT/projects/qwen3_vl_patch_stem_8stage_dual_scale_optical_imagenet_backbone/OPTIMIZATION_LOG.md","local_only","7f2cec8d4baea4bd4586a95cebcbeaaf6868eea38d9385fb685bac2faaf7edb6",
"FixedFeedbackSFT/projects/qwen3_vl_patch_stem_8stage_dual_scale_optical_imagenet_backbone/README.md","local_only","f1ec5ae88ebe2a027b5b138bceaa022a78dd5c4c0074fa680a6fe89bedbf8ff2",
"FixedFeedbackSFT/projects/qwen3_vl_patch_stem_8stage_dual_scale_optical_imagenet_backbone/tests/__init__.py","local_only","2f7bed4dbbab6e3f70f594732c7b7f243c2b78183d5fa48350e36784e0748ba9",
"FixedFeedbackSFT/projects/qwen3_vl_patch_stem_8stage_dual_scale_optical_imagenet_backbone/tests/test_model.py","local_only","0019645d6ddec43202e564fa611d15c169693f5c9824e6b88e0667af4c421611",
"FixedFeedbackSFT/projects/qwen3_vl_patch_stem_8stage_dual_scale_optical_imagenet_backbone/train.py","local_only","a7e658980bf860d3349077f3d9c93c4884a31179bac8a178991ef502bc1506db",
"FixedFeedbackSFT/projects/qwen3_vl_patch_stem_8stage_optical_imagenet_backbone/__init__.py","local_only","dc170bdf7af0c10ccaea4a5a4b653744f598a384fec9539f1fdc3fd9ffab301b",
"FixedFeedbackSFT/projects/qwen3_vl_patch_stem_8stage_optical_imagenet_backbone/ARCHITECTURE.md","local_only","f390546d45e12f27122b6e1e81c87e150545c5aefdb5e98c1b8a37e666415aed",
"FixedFeedbackSFT/projects/qwen3_vl_patch_stem_8stage_optical_imagenet_backbone/commands/_common.sh","local_only","d4b85b6c0bb5b8ec1be31a587bbe7d6519cff86ae69e1c90fe57a9b83091b05f",
"FixedFeedbackSFT/projects/qwen3_vl_patch_stem_8stage_optical_imagenet_backbone/commands/01_extract_stem.sh","local_only","6829bfad40511ee9687e73bc1a8ea2dd8a6b51445d91ebe8afc7b92a287772c0",
"FixedFeedbackSFT/projects/qwen3_vl_patch_stem_8stage_optical_imagenet_backbone/commands/02_smoke.sh","local_only","becb5f8a363b959d78f3c7d6cc8b162371afdf2ad0f6c1ee0b05f468c6af0994",
"FixedFeedbackSFT/projects/qwen3_vl_patch_stem_8stage_optical_imagenet_backbone/commands/02_validate_stem_equivalence.sh","local_only","4c99a03b4b52915de28c3c21ce43f7d94ae9f1c9723c6d2ca624db81d140bd3b",
"FixedFeedbackSFT/projects/qwen3_vl_patch_stem_8stage_optical_imagenet_backbone/commands/03_run_100k_screen.sh","local_only","de924905b890684905a2eca7f2df78049b00074bfa93ed53da408b4ae329385a",
"FixedFeedbackSFT/projects/qwen3_vl_patch_stem_8stage_optical_imagenet_backbone/commands/04_train_imagenet_90e.sh","local_only","b44f67f08636b00fe607fdddd54341a61c216e535d42aabac718f8aa78c966e7",
"FixedFeedbackSFT/projects/qwen3_vl_patch_stem_8stage_optical_imagenet_backbone/commands/05_watch.sh","local_only","a22dfa0a9d1b4d51c8fe773d1098db0da27f1b7466116a5816c2d72546ea4fe8",
"FixedFeedbackSFT/projects/qwen3_vl_patch_stem_8stage_optical_imagenet_backbone/commands/06_benchmark_batch_size.sh","local_only","c0375666105530008168ae92168cd911605ecfa56dd63ea94d22c4170ec479e1",
"FixedFeedbackSFT/projects/qwen3_vl_patch_stem_8stage_optical_imagenet_backbone/commands/07_benchmark_ddp_batch_size.sh","local_only","34df902f9edb59f951e08c983d147a64ed509423f8f6117a6b73d22c6e503952",
"FixedFeedbackSFT/projects/qwen3_vl_patch_stem_8stage_optical_imagenet_backbone/commands/08_launch_imagenet_90e_bs96.sh","local_only","c50fa742e3aa8f9c4301d78655f7890b97fc6168ab7638070ecfe1997db91559",
"FixedFeedbackSFT/projects/qwen3_vl_patch_stem_8stage_optical_imagenet_backbone/commands/COMMANDS.md","local_only","45ddcb192e5044b72e845761a4b88244932d38584049a9e47209c0530513f50a",
"FixedFeedbackSFT/projects/qwen3_vl_patch_stem_8stage_optical_imagenet_backbone/configs/batch_benchmark.yaml","local_only","0d298966ad52779e45a2c0618bbde491ec44573a93b61d63cc531365f0766262",
"FixedFeedbackSFT/projects/qwen3_vl_patch_stem_8stage_optical_imagenet_backbone/configs/pretrain_90e.yaml","local_only","a6ec2cf9a2d87d374e006cdf77146b38fd39697004e2a577cb20e64a0ea6db4a",
"FixedFeedbackSFT/projects/qwen3_vl_patch_stem_8stage_optical_imagenet_backbone/configs/pretrain_90e_bs96.yaml","local_only","13d72d58f1b87e5f209e58024dbfb959b00a349f32222d8f2412135190b35e78",
"FixedFeedbackSFT/projects/qwen3_vl_patch_stem_8stage_optical_imagenet_backbone/configs/screen_100k.yaml","local_only","3d8f388ddc3fad152216068cdf68d606d3c3b7292c1e9c9e1c42030de4cf3264",
"FixedFeedbackSFT/projects/qwen3_vl_patch_stem_8stage_optical_imagenet_backbone/configs/smoke.yaml","local_only","019ce327ec630d938750eaae60af7c7ebfddc5cb1de0041b28c379113d926740",
"FixedFeedbackSFT/projects/qwen3_vl_patch_stem_8stage_optical_imagenet_backbone/extract_stem.py","local_only","db4434cebc4a7db677d27a97dd1886adb7c4a0b125b4e555ba8463ff5d19d2ee",
"FixedFeedbackSFT/projects/qwen3_vl_patch_stem_8stage_optical_imagenet_backbone/model.py","local_only","6a420fe9a415872b8f457542bad8fa1b273ef7431e7c9245f1f921637d920f33",
"FixedFeedbackSFT/projects/qwen3_vl_patch_stem_8stage_optical_imagenet_backbone/OPTIMIZATION_LOG.md","local_only","7c20f32f77a2eb40d612dc52bd0f9b59dc1102947561d9575680955e1230d171",
"FixedFeedbackSFT/projects/qwen3_vl_patch_stem_8stage_optical_imagenet_backbone/README.md","local_only","f806296a98b5f3f1839caf14dce2597bc967b9622bf8a02408bda0eb694d7f54",
"FixedFeedbackSFT/projects/qwen3_vl_patch_stem_8stage_optical_imagenet_backbone/stem.py","local_only","dd0c29b4e343cb070fd08512cfec0bea44ae77637a2525613723f0f5f3089069",
"FixedFeedbackSFT/projects/qwen3_vl_patch_stem_8stage_optical_imagenet_backbone/tests/__init__.py","local_only","e70cac021e98b6218cd0e0cf482740bb846567a6e76f10329f425d6107d91f63",
"FixedFeedbackSFT/projects/qwen3_vl_patch_stem_8stage_optical_imagenet_backbone/tests/test_core.py","local_only","40df68187a052ddeae284307e95459e6dab1ac4277cf58e280c645cf5da5babf",
"FixedFeedbackSFT/projects/qwen3_vl_patch_stem_8stage_optical_imagenet_backbone/train.py","local_only","2bcce5672b3366087b80fe5317a6795eb10e56b96d2f718cb84ecefd43b2dc45",
"FixedFeedbackSFT/projects/qwen3_vl_patch_stem_8stage_optical_imagenet_backbone/validate_stem.py","local_only","5be24094a22fe9426bae46e3ea146902255c3dc1b441d4ebd288dbcbd3689328",
"FixedFeedbackSFT/projects/qwen3_vl_patch_stem_8stage_separable_optical_downstream_fa/__init__.py","local_only","f3c758db66618a3ba60f358ecb61cd266f3b53a45abfdc1b3111acaa9ca76e64",
"FixedFeedbackSFT/projects/qwen3_vl_patch_stem_8stage_separable_optical_downstream_fa/__main__.py","local_only","a333ea450809b852626df3f1b744a28f73b41326face2458cda3a58826ea9a10",
"FixedFeedbackSFT/projects/qwen3_vl_patch_stem_8stage_separable_optical_downstream_fa/commands/p12_downstream_fa_50e.ps1","local_only","8c756c1edcfd0b19011f58f6c43eeb4bfa0a8c54512bec82d4dbbc463f601afd",
"FixedFeedbackSFT/projects/qwen3_vl_patch_stem_8stage_separable_optical_downstream_fa/commands/p12_downstream_fa_50e.sh","local_only","acc2a1d146f05e0e856525ab9a8e3627808d78a3c188ad37ebb85c82e2736ba5",
"FixedFeedbackSFT/projects/qwen3_vl_patch_stem_8stage_separable_optical_downstream_fa/commands/P12_DOWNSTREAM_FA_50E_COMMANDS.md","local_only","5292e6ed9019d1c3d413f6e8b31b8d05a033f9af494c51d3a31f02c06b14607e",
"FixedFeedbackSFT/projects/qwen3_vl_patch_stem_8stage_separable_optical_downstream_fa/commands/p12_mechanism_audit.sh","local_only","13d9ffe16ab51a4e2724a170690e72c025f041d0958f31a1f7bdbcec34549f40",
"FixedFeedbackSFT/projects/qwen3_vl_patch_stem_8stage_separable_optical_downstream_fa/commands/P12_MECHANISM_AUDIT_COMMANDS.md","local_only","6b53d4cac170beb0630f25805176893e1b96227345146434bc920260439be472",
"FixedFeedbackSFT/projects/qwen3_vl_patch_stem_8stage_separable_optical_downstream_fa/commands/p12_phase_only_fa_50e.sh","local_only","028f2b361d9f7214b910e8fbc516585543135d6ed64fcec6924cb4a034e6baf3",
"FixedFeedbackSFT/projects/qwen3_vl_patch_stem_8stage_separable_optical_downstream_fa/commands/P12_PHASE_ONLY_FA_50E_COMMANDS.md","local_only","45bfa7d1ff042850f9ca37a374de6c42abc73e75beb77a41f3a164d37deeda83",
"FixedFeedbackSFT/projects/qwen3_vl_patch_stem_8stage_separable_optical_downstream_fa/commands/p12_phase_only_isic_numeric_retry.sh","local_only","28279a90df64e0619b999d0672c47aa802a8377eadcfb730697b099f64b270bb",
"FixedFeedbackSFT/projects/qwen3_vl_patch_stem_8stage_separable_optical_downstream_fa/commands/p12_scratch_downstream_50e.sh","local_only","92f67dcda525fa076239f157c769fc6b254b04023b3f149a8c40b8c86cb347ff",
"FixedFeedbackSFT/projects/qwen3_vl_patch_stem_8stage_separable_optical_downstream_fa/commands/P12_SCRATCH_DOWNSTREAM_50E_COMMANDS.md","local_only","9869dc8551e077c6663d5c8e25121f3dae7625a358ebb854cd76b6c0d009d04d",
"FixedFeedbackSFT/projects/qwen3_vl_patch_stem_8stage_separable_optical_downstream_fa/configs/base_50e.yaml","local_only","ce614214146351b92ee5151b098a5df7261ef1b8ce62f9bf9d1d2a2ace65d709",
"FixedFeedbackSFT/projects/qwen3_vl_patch_stem_8stage_separable_optical_downstream_fa/configs/phase_only_50e.yaml","local_only","936aa79f6505ec55c6a5fab514193859cc55b9fc8e897696030c7edc1f1c9c38",
"FixedFeedbackSFT/projects/qwen3_vl_patch_stem_8stage_separable_optical_downstream_fa/datasets.py","local_only","21d69b18f6bfe3e2a161568f03f342bdf79aab48452f1c293f956de4230b65ae",
"FixedFeedbackSFT/projects/qwen3_vl_patch_stem_8stage_separable_optical_downstream_fa/mechanism.py","local_only","dc70c7b93ddff1e8b145c363e1b89183960533de40bcf78b16cc58876e7b2540",
"FixedFeedbackSFT/projects/qwen3_vl_patch_stem_8stage_separable_optical_downstream_fa/model.py","local_only","27355b978d0dac6f1062cd0d139d93d78be21d517b8ed555db360e22a86fdc63",
"FixedFeedbackSFT/projects/qwen3_vl_patch_stem_8stage_separable_optical_downstream_fa/OPTIMIZATION_LOG.md","local_only","412004bb01bfe78b6dccddb114a71e37b535a12536618bfb3529d92546b1db12",
"FixedFeedbackSFT/projects/qwen3_vl_patch_stem_8stage_separable_optical_downstream_fa/P12_MULTI_SEED_CONTROL_AND_SCALE_PLAN_2026-09-01.md","local_only","91769419995269d8eefe21899c340ddee59ceb6cb35e9cfdaa8700229f8bff7f",
"FixedFeedbackSFT/projects/qwen3_vl_patch_stem_8stage_separable_optical_downstream_fa/P12_MULTI_SEED_SCALE_RESULTS_2026-09-01.md","local_only","d1152942f864adb0474e4e5d68c8ec5b8eaedfb71641d0c550104890367fd816",
"FixedFeedbackSFT/projects/qwen3_vl_patch_stem_8stage_separable_optical_downstream_fa/phase_only.py","local_only","120eee1e7150231aeefbc5c6657476ed89e99ac8a4f731169734776b478c7e90",
"FixedFeedbackSFT/projects/qwen3_vl_patch_stem_8stage_separable_optical_downstream_fa/phase_only_queue.py","local_only","30f28d2c53e0a22a338b9e8490ff308d4e07f963cb3e9732e0fb6476a297434c",
"FixedFeedbackSFT/projects/qwen3_vl_patch_stem_8stage_separable_optical_downstream_fa/phase_only_smoke.py","local_only","22797f78d1b2273999ccd5c9719e9b6d87f068a450f665c32b7d17de619b3330",
"FixedFeedbackSFT/projects/qwen3_vl_patch_stem_8stage_separable_optical_downstream_fa/phase_only_summarize.py","local_only","af2b8c1930070079389ddecd4f1dc539959ea6b59b178881941403db34d34b76",
"FixedFeedbackSFT/projects/qwen3_vl_patch_stem_8stage_separable_optical_downstream_fa/queue.py","local_only","a1bdf5da7916bc92f2aee07de82998f620913d4b27eacd0c01c143b825fd8c97",
"FixedFeedbackSFT/projects/qwen3_vl_patch_stem_8stage_separable_optical_downstream_fa/README.md","local_only","9abc2f7afebdc254a83360f7fe895bc41a0364dffccd0af8e59171b3f6b2d2ca",
"FixedFeedbackSFT/projects/qwen3_vl_patch_stem_8stage_separable_optical_downstream_fa/run.py","local_only","1e66f00a14e4367d6569f23aab97b277c02edcde8efc85c3f4aa66fa4f90d950",
"FixedFeedbackSFT/projects/qwen3_vl_patch_stem_8stage_separable_optical_downstream_fa/scratch_source.py","local_only","6b02585cf8b1a3bb9b22caaa4a2831d07136a4952c0adcca0a797fc834a2baa7",
"FixedFeedbackSFT/projects/qwen3_vl_patch_stem_8stage_separable_optical_downstream_fa/settings.py","local_only","b0656d5252432a4cbf50d6c3555492092197540208d55c7beb435102e1729dac",
"FixedFeedbackSFT/projects/qwen3_vl_patch_stem_8stage_separable_optical_downstream_fa/smoke.py","local_only","dcdf962cc51aecdf64771c46bbb82a5cc208f8d72241370777728b845533b678",
"FixedFeedbackSFT/projects/qwen3_vl_patch_stem_8stage_separable_optical_downstream_fa/summarize.py","local_only","5741733d60dbe5cbe2dab271569714399960cce8be561c59b2d4245fa2768f63",
"FixedFeedbackSFT/projects/qwen3_vl_patch_stem_8stage_separable_optical_downstream_fa/tests/test_datasets.py","local_only","73a3ccd4b0a8463831b5ba545f633fafcf418ec90a8f9955184058be0a17c27d",
"FixedFeedbackSFT/projects/qwen3_vl_patch_stem_8stage_separable_optical_downstream_fa/tests/test_mechanism.py","local_only","86196151ca645962bf02904cdd6de1bb24013ae43f1e0474029bd2ce1cf01042",
"FixedFeedbackSFT/projects/qwen3_vl_patch_stem_8stage_separable_optical_downstream_fa/tests/test_model.py","local_only","a4a69cd42ce32e26ca39ee78bd2ec990dc224b4481f55a025c79ea3d6a2c3586",
"FixedFeedbackSFT/projects/qwen3_vl_patch_stem_8stage_separable_optical_downstream_fa/tests/test_phase_only.py","local_only","9b58747a83fa6053142a27f37878c5e60486455255f0ffdc6c6e422f813bdc57",
"FixedFeedbackSFT/projects/qwen3_vl_patch_stem_8stage_separable_optical_downstream_fa/tests/test_queue.py","local_only","9e234e2af40afbf931fa594f55b765fed6f8364970179284ad8adfad10d365b9",
"FixedFeedbackSFT/projects/qwen3_vl_patch_stem_8stage_separable_optical_downstream_fa/tests/test_scratch_source.py","local_only","14d1ac7ee445b2a7bf45778bbc4fe55cc029a3ef2f409ceaa2049f54a7613e52",
"FixedFeedbackSFT/projects/qwen3_vl_patch_stem_8stage_separable_optical_downstream_fa/tests/test_settings.py","local_only","b5cf5aa23d238a57fcec914db79bca47dd17daec25d056e3f745cba18e472358",
"FixedFeedbackSFT/projects/qwen3_vl_patch_stem_8stage_separable_optical_downstream_fa/tests/test_training.py","local_only","b93a2d02f87bc793514ea8984df508b05da2695adbf489b17d6823ed5e861541",
"FixedFeedbackSFT/projects/qwen3_vl_patch_stem_8stage_separable_optical_downstream_fa/training.py","local_only","64c79aa06fa6a799d16527050a1660e8072b710d1faed8677ac503163540bc23",
"FixedFeedbackSFT/projects/qwen3_vl_patch_stem_8stage_separable_optical_imagenet_backbone/__init__.py","local_only","5da983917e2cde5095566d9eaffe17281332eeb9deb573556fbd79b80ec6708f",
"FixedFeedbackSFT/projects/qwen3_vl_patch_stem_8stage_separable_optical_imagenet_backbone/ARCHITECTURE.md","local_only","701d06dedbe340eb136c8b7c6c73f92138370b07e13329ff503d098d4d42b7be",
"FixedFeedbackSFT/projects/qwen3_vl_patch_stem_8stage_separable_optical_imagenet_backbone/CLEAN_RECOVERY.md","local_only","4b39c39b6b522c14ce23c8a72b03ee7c44a6e281a3971256847d6432df843fc8",
"FixedFeedbackSFT/projects/qwen3_vl_patch_stem_8stage_separable_optical_imagenet_backbone/clean_recovery.py","local_only","05285106ede4f07b57380fce8c840b5be44524ecd89f6931fdac49d3f68f6169",
"FixedFeedbackSFT/projects/qwen3_vl_patch_stem_8stage_separable_optical_imagenet_backbone/commands/_common.sh","local_only","5b4ecd24a6ec6c4b73f99c1302d1785d553beef7b81ff9919e149c9895c73dda",
"FixedFeedbackSFT/projects/qwen3_vl_patch_stem_8stage_separable_optical_imagenet_backbone/commands/01_test.sh","local_only","0bf18232d16c87b8a960ff644a8932ca5d24bc2ecdae46d0e73efcceba622ce1",
"FixedFeedbackSFT/projects/qwen3_vl_patch_stem_8stage_separable_optical_imagenet_backbone/commands/02_gpu_smoke.sh","local_only","190dd78c9bbb1292bb2b6dc776080bb8a6fdd3ce4e5d4f63a11f4cc1fcef4fa0",
"FixedFeedbackSFT/projects/qwen3_vl_patch_stem_8stage_separable_optical_imagenet_backbone/commands/03_launch_imagenet_90e_bs96.sh","local_only","e1dc4573e903d8f224ecff40ab48d71d1d0e0fbdc7081fafa5196507f2b9330e",
"FixedFeedbackSFT/projects/qwen3_vl_patch_stem_8stage_separable_optical_imagenet_backbone/commands/04_watch.sh","local_only","1923e04ff90f1d19ac1da5d299ca00d27174ebdce50d8b4f79744e26bf30215a",
"FixedFeedbackSFT/projects/qwen3_vl_patch_stem_8stage_separable_optical_imagenet_backbone/commands/05_gpu_smoke_large_scale_continue.sh","local_only","a81c011bcb8070d902c500a3aed7d673d35d763125b0462bf2e5283d7ecc3eda",
"FixedFeedbackSFT/projects/qwen3_vl_patch_stem_8stage_separable_optical_imagenet_backbone/commands/06_launch_large_recipe_proxy_pair.sh","local_only","b6de6095469f861bb19b8c8e3bdb56a1ba76fa12146d30e5e681c6eec37ffd67",
"FixedFeedbackSFT/projects/qwen3_vl_patch_stem_8stage_separable_optical_imagenet_backbone/commands/07_launch_large_recipe_formal_100e_5gpu.sh","local_only","54b1224b271bcef3c288d4d9c9f7d4f0f0edc1c10b36d8caaded8e9a2ba7af71",
"FixedFeedbackSFT/projects/qwen3_vl_patch_stem_8stage_separable_optical_imagenet_backbone/commands/08_launch_clean_recovery_probe_gpu5.sh","local_only","2babbbad28f49962c9e84d3636b1ad7ffe8d705b5fcf328c9a0a66105541c184",
"FixedFeedbackSFT/projects/qwen3_vl_patch_stem_8stage_separable_optical_imagenet_backbone/commands/09_watch_large_recipe.sh","local_only","782acdd5bcfb3192efe9536e0f894552ca16e0acd76cb7271cc4c83f6350e3d3",
"FixedFeedbackSFT/projects/qwen3_vl_patch_stem_8stage_separable_optical_imagenet_backbone/commands/COMMANDS.md","local_only","421c79906e378c43e2f0d28265800893d87ef554c79d93ee52b0839a5a84aa29",
"FixedFeedbackSFT/projects/qwen3_vl_patch_stem_8stage_separable_optical_imagenet_backbone/configs/clean_recovery_5e_raw_gpu5_gb96.yaml","local_only","e0110e832b555fb4858e94d906039a66fdb205d62330c19b83a8900286d7dd03",
"FixedFeedbackSFT/projects/qwen3_vl_patch_stem_8stage_separable_optical_imagenet_backbone/configs/gpu_smoke.yaml","local_only","853ac63ef597ceae788eb51b6118723997c52a275de8a236e239a9bcadb9ab10",
"FixedFeedbackSFT/projects/qwen3_vl_patch_stem_8stage_separable_optical_imagenet_backbone/configs/large_recipe_formal_100e_phase2e3_5gpu_gb480.yaml","local_only","c96cb21463518c6906475ee0091dce7e7c20873e5ebe74f52a4a223ddc995fb9",
"FixedFeedbackSFT/projects/qwen3_vl_patch_stem_8stage_separable_optical_imagenet_backbone/configs/large_recipe_formal_100e_phase7e3_5gpu_gb480.yaml","local_only","3349667a30e1bebc3df302284dfce4b3b136224988c7f6e2781f4a7b84ea59b7",
"FixedFeedbackSFT/projects/qwen3_vl_patch_stem_8stage_separable_optical_imagenet_backbone/configs/large_recipe_proxy_5e_phase2e3_2gpu_gb384.yaml","local_only","c6c497ba727ae8ea01654234c6e9dc50ac7bc0953cf3f70f25cf6cb3b3b863dd",
"FixedFeedbackSFT/projects/qwen3_vl_patch_stem_8stage_separable_optical_imagenet_backbone/configs/large_recipe_proxy_5e_phase7e3_2gpu_gb384.yaml","local_only","8bea33ea2f6cccf25b499ff5949eb5462d232b11694e29bba9c1b8dccb8ba202",
"FixedFeedbackSFT/projects/qwen3_vl_patch_stem_8stage_separable_optical_imagenet_backbone/configs/large_scale_continue_smoke.yaml","local_only","d70990c28c479efffc84dd6ba830f94176bc6cd538f37092bbe16e3037e89c41",
"FixedFeedbackSFT/projects/qwen3_vl_patch_stem_8stage_separable_optical_imagenet_backbone/configs/pretrain_90e_bs96.yaml","local_only","66d3d9837b15998506fc52c0bd85e04d01223c94b68e0ecabb9be68b4c7a687a",
"FixedFeedbackSFT/projects/qwen3_vl_patch_stem_8stage_separable_optical_imagenet_backbone/large_scale_continue.py","local_only","a9f1438b2cffadd87890161083cb31afd044906fe68774f4e156efa5417c25e8",
"FixedFeedbackSFT/projects/qwen3_vl_patch_stem_8stage_separable_optical_imagenet_backbone/LARGE_SCALE_PRETRAINING_RECIPE.md","local_only","60ac394006e87ce24ed7f8d9189b6e0f5d26b10292c8440fecb005eb11600e88",
"FixedFeedbackSFT/projects/qwen3_vl_patch_stem_8stage_separable_optical_imagenet_backbone/model.py","local_only","5ddf2bd50547542f59db86e9f2f054f32d90cb20fe4d642cd75737cd109f84dd",
"FixedFeedbackSFT/projects/qwen3_vl_patch_stem_8stage_separable_optical_imagenet_backbone/OPTIMIZATION_LOG.md","local_only","89492b186a4628096f63192b2c644e41cbbf1d351c5298f75f5075f782be1530",
"FixedFeedbackSFT/projects/qwen3_vl_patch_stem_8stage_separable_optical_imagenet_backbone/P11_OPTICAL_IMPLEMENTATION_AND_NOVELTY_REPORT_2026-08-24.md","local_only","5514fe550bffb0922c9168701f95c4b806c31ad15fb21aab9a9407a99b98dd08",
"FixedFeedbackSFT/projects/qwen3_vl_patch_stem_8stage_separable_optical_imagenet_backbone/P12_DOWNSTREAM_FA_TRANSFER_PLAN_2026-08-29.md","local_only","7bfaf5e421bf20377d128f99d800a3dcc140590ee721bc8d2354c0e2d2c84fd9",
"FixedFeedbackSFT/projects/qwen3_vl_patch_stem_8stage_separable_optical_imagenet_backbone/README.md","local_only","7db54016bbc078a0206ef764e6dda4aa5c7ef082142ccb2f29dfe254eec3b6d3",
"FixedFeedbackSFT/projects/qwen3_vl_patch_stem_8stage_separable_optical_imagenet_backbone/tests/__init__.py","local_only","5e79d3890909b54bea42b68f49fe50d7bbea7881ea38616a87c3234e8e954cb7",
"FixedFeedbackSFT/projects/qwen3_vl_patch_stem_8stage_separable_optical_imagenet_backbone/tests/test_clean_recovery.py","local_only","f2e2454a4e39524324ea8923fc68a95e13317cbacdd05a3b892ec94ad725f811",
"FixedFeedbackSFT/projects/qwen3_vl_patch_stem_8stage_separable_optical_imagenet_backbone/tests/test_large_scale_continue.py","local_only","ec0c2ebd29b65867151b191405d68307e19d63cc14542e7d573febb4cfae8288",
"FixedFeedbackSFT/projects/qwen3_vl_patch_stem_8stage_separable_optical_imagenet_backbone/tests/test_model.py","local_only","4c563ad02b21c7c8803081e8426802c3e948362cb18864443750c3b27f9a40b1",
"FixedFeedbackSFT/projects/qwen3_vl_patch_stem_8stage_separable_optical_imagenet_backbone/train.py","local_only","2c1fde53ecb91e2a9998bfe5c0515096f2700dcaab342e80913b20b460f4f7d3",
"FixedFeedbackSFT/projects/qwen3_vl_patch_stem_8stage_separable_optical_imagenet22k_backbone/__init__.py","local_only","4deb2f364981a5fa2c535c6828e071523d6a198b43ceed34c4a14dbac1147e8c",
"FixedFeedbackSFT/projects/qwen3_vl_patch_stem_8stage_separable_optical_imagenet22k_backbone/commands/_common.sh","local_only","eb103d9a2002d916baf6e657ae98617f1a705802e2254e82b4008257f038a38a",
"FixedFeedbackSFT/projects/qwen3_vl_patch_stem_8stage_separable_optical_imagenet22k_backbone/commands/01_audit_or_build_index.sh","local_only","bede0b01c02c1a14781b5b8a6d0b52c8f482adfb1d9f3f18c84d52df95071fbf",
"FixedFeedbackSFT/projects/qwen3_vl_patch_stem_8stage_separable_optical_imagenet22k_backbone/commands/02_gpu5_plumbing_smoke.sh","local_only","4797a684eefa0df81b6a29e8e53ece3a02bea2bce6e58fb202fdfae136273503",
"FixedFeedbackSFT/projects/qwen3_vl_patch_stem_8stage_separable_optical_imagenet22k_backbone/commands/03_launch_imagenet_large.sh","local_only","848953ad74e262a48fcb5b80c0ee6f8b1a86adfc4e37a7765cfa9879dfe7b933",
"FixedFeedbackSFT/projects/qwen3_vl_patch_stem_8stage_separable_optical_imagenet22k_backbone/commands/04_watch.sh","local_only","9b5c418156ecc1c5af97164e16fff0cbe7614c281d72b01aa5860bb28bee4acf",
"FixedFeedbackSFT/projects/qwen3_vl_patch_stem_8stage_separable_optical_imagenet22k_backbone/commands/COMMANDS.md","local_only","4654e53661279219aa8da31a2b3337a426ab611d9c548804e3565b916b45e9b0",
"FixedFeedbackSFT/projects/qwen3_vl_patch_stem_8stage_separable_optical_imagenet22k_backbone/configs/imagenet21k_p_fall11_11221_80e.yaml","local_only","5a7c92293e40fd5898afabc9b7a1f7d6cca03ae80c52b1b0c56652671a5c62ef",
"FixedFeedbackSFT/projects/qwen3_vl_patch_stem_8stage_separable_optical_imagenet22k_backbone/configs/imagenet22k_fall11_21841_90e.yaml","local_only","b4aabb1d51c278c9ae81692d37deab118edb992f1a8800b217e1e1b17c453415",
"FixedFeedbackSFT/projects/qwen3_vl_patch_stem_8stage_separable_optical_imagenet22k_backbone/configs/plumbing_smoke_imagenet1k_21841_gpu5.yaml","local_only","db1762bccccb0b5006a7528a7c4ccd7e0bd6931d8536207a5de8c4673f89c9d1",
"FixedFeedbackSFT/projects/qwen3_vl_patch_stem_8stage_separable_optical_imagenet22k_backbone/dataset.py","local_only","d5347355df644ee11281a8d63c2ebf8fc6e5506b9ed5869104052806a7ccbe29",
"FixedFeedbackSFT/projects/qwen3_vl_patch_stem_8stage_separable_optical_imagenet22k_backbone/initialization.py","local_only","8bcb4898c6f0322d5d6abbc720332354dab5e59ad81fc6ef99a20ced8be0a71f",
"FixedFeedbackSFT/projects/qwen3_vl_patch_stem_8stage_separable_optical_imagenet22k_backbone/README.md","local_only","b414e99f85a4ba8a360938f3f724a69a70f66e8b6007f741c8507f98dcc96620",
"FixedFeedbackSFT/projects/qwen3_vl_patch_stem_8stage_separable_optical_imagenet22k_backbone/tests/__init__.py","local_only","bae43a5399ee81cbf3b4c87db51712cb0ed4b876b2273c17db92c179c9cdf0a4",
"FixedFeedbackSFT/projects/qwen3_vl_patch_stem_8stage_separable_optical_imagenet22k_backbone/tests/test_dataset.py","local_only","c5c49e90c6a07030112efa99af089d859acf203098ace5e66ec80376fa72056a",
"FixedFeedbackSFT/projects/qwen3_vl_patch_stem_8stage_separable_optical_imagenet22k_backbone/tests/test_initialization.py","local_only","7472f55083e9b48da3159274a1167e8bd77a0ad966f19dfb3b1d812e439f288d",
"FixedFeedbackSFT/projects/qwen3_vl_patch_stem_8stage_separable_optical_imagenet22k_backbone/tests/test_train_contract.py","local_only","eb0b4a2a88e0f607e8ec55a630b999c8fc23f749921094556a92da996199e160",
"FixedFeedbackSFT/projects/qwen3_vl_patch_stem_8stage_separable_optical_imagenet22k_backbone/train.py","local_only","10770b282f505c39e3c8a0ebba9a5c35e2ac43086d6bac1ea8ac3183aeb2470f",
"FixedFeedbackSFT/projects/qwen3_vl_patch_stem_8stage_separable_optical_imagenet22k_backbone/TRAINING_CONTRACT_ZH.md","local_only","051120ef1d8c503af96d8044c55f25f9222adfadc9e68164de93669491a307c9",
"FixedFeedbackSFT/projects/qwen3_vl_patch_stem_8stage_slim_mixer_imagenet_backbone/__init__.py","local_only","b7058e2b6d5cc097832a399381f1835dc91602a8dfebefc98b0c2daca905f4ea",
"FixedFeedbackSFT/projects/qwen3_vl_patch_stem_8stage_slim_mixer_imagenet_backbone/ARCHITECTURE.md","local_only","d8036e214af2a1f74f1b681956063b2f71e7972aed235b7bffcd0f4a5d5ba9ff",
"FixedFeedbackSFT/projects/qwen3_vl_patch_stem_8stage_slim_mixer_imagenet_backbone/commands/_common.sh","local_only","52b2568fbfe0466a0414756e8dba29a4e625690ba3a668f393a3fcffe581b036",
"FixedFeedbackSFT/projects/qwen3_vl_patch_stem_8stage_slim_mixer_imagenet_backbone/commands/01_test.sh","local_only","d275bb7ff95e3c3c317727a84ee0055a3cc661cad28b9abd207bafbda8282ce8",
"FixedFeedbackSFT/projects/qwen3_vl_patch_stem_8stage_slim_mixer_imagenet_backbone/commands/02_gpu_smoke_bs96.sh","local_only","3fe1efbc33c7cb886f69ab524778b507dd6f671cf35aa21528267642f17819f8",
"FixedFeedbackSFT/projects/qwen3_vl_patch_stem_8stage_slim_mixer_imagenet_backbone/commands/03_launch_imagenet_90e_bs96.sh","local_only","ac26e6606d42de16c162a3c0046abd4231e413dca5569f63cf6989f19f799dfd",
"FixedFeedbackSFT/projects/qwen3_vl_patch_stem_8stage_slim_mixer_imagenet_backbone/commands/04_watch.sh","local_only","e22869d00ca1fc3a968cc03eb8f27486856702a5cdf74152a8c3a67c2e43730a",
"FixedFeedbackSFT/projects/qwen3_vl_patch_stem_8stage_slim_mixer_imagenet_backbone/commands/05_compare_with_p08_epoch9.sh","local_only","7baae6caccbfd90846ab39f1f29db78ec7aa1de13db9eae422374ffd26ef67bf",
"FixedFeedbackSFT/projects/qwen3_vl_patch_stem_8stage_slim_mixer_imagenet_backbone/commands/COMMANDS.md","local_only","b4b5beb5268105aa2ab88c75f03691622e077dcbafc9a782dd7457d189a68c0d",
"FixedFeedbackSFT/projects/qwen3_vl_patch_stem_8stage_slim_mixer_imagenet_backbone/configs/gpu_smoke_bs96.yaml","local_only","2195980aa7998d32229b09af9d783b0ff954cc6244f9fe03881c6c1c300fe95f",
"FixedFeedbackSFT/projects/qwen3_vl_patch_stem_8stage_slim_mixer_imagenet_backbone/configs/pretrain_90e_bs96.yaml","local_only","1484a2b139603751943274c795c4d24544263730a1d833ddb35d70b281ee964b",
"FixedFeedbackSFT/projects/qwen3_vl_patch_stem_8stage_slim_mixer_imagenet_backbone/configs/smoke.yaml","local_only","d78b5e27abe9b0f1d5df467782c8bf0a6e749354ff03423d7d05bd3f601775bb",
"FixedFeedbackSFT/projects/qwen3_vl_patch_stem_8stage_slim_mixer_imagenet_backbone/model.py","local_only","81d281921761a5d7b2a588b576b42704db9b7d4303b9693db7d944f89c7ceff7",
"FixedFeedbackSFT/projects/qwen3_vl_patch_stem_8stage_slim_mixer_imagenet_backbone/OPTIMIZATION_LOG.md","local_only","d3732d0af92d7df75170adcc35fb068d40bda5adcad44476683d840c3552a0f3",
"FixedFeedbackSFT/projects/qwen3_vl_patch_stem_8stage_slim_mixer_imagenet_backbone/README.md","local_only","99ee183a807a449b8d7bf7a57ab45df04ae3a10845881ae673feeda242a4d1d7",
"FixedFeedbackSFT/projects/qwen3_vl_patch_stem_8stage_slim_mixer_imagenet_backbone/tests/__init__.py","local_only","2b55386989530d039e399407bb211d17d1b6c7b3d5abe90c09963acc5a280315",
"FixedFeedbackSFT/projects/qwen3_vl_patch_stem_8stage_slim_mixer_imagenet_backbone/tests/test_model.py","local_only","54915a2366d04abb206e1700f38b3142dc1409d7e55600a0afd27751c69b2529",
"FixedFeedbackSFT/projects/qwen3_vl_patch_stem_8stage_slim_mixer_imagenet_backbone/train.py","local_only","262644b7e67c47332bfcce592e447fa07f8dcaf8e649bcd6e8bc8fc0503c1fa1",
"FixedFeedbackSFT/projects/qwen3_vl_patch_stem_progressive_64stage_optical_imagenet_backbone/__init__.py","local_only","cdbe1e4d8988aea3a9e1484a8112be9220731d259ac317aeb770b0619dd81308",
"FixedFeedbackSFT/projects/qwen3_vl_patch_stem_progressive_64stage_optical_imagenet_backbone/commands/_common.sh","local_only","b52e101d465f3c6d7cc82ae2502ad52713f131940a0d2d828d0e0b331a9c3428",
"FixedFeedbackSFT/projects/qwen3_vl_patch_stem_progressive_64stage_optical_imagenet_backbone/commands/_progressive_growth_common.sh","local_only","a39ec9149df78245b5fc85e84eeea782d411fbfad49edaf7de49e16218c36d66",
"FixedFeedbackSFT/projects/qwen3_vl_patch_stem_progressive_64stage_optical_imagenet_backbone/commands/_training_common.sh","local_only","646db0b1207b466e760e87995b2810ad36c9327e842c3ad2ad859074cea8f304",
"FixedFeedbackSFT/projects/qwen3_vl_patch_stem_progressive_64stage_optical_imagenet_backbone/commands/01_test.sh","local_only","654d94e608a5f7df4c11f2b48f295845d0ccd961cb1294076d94c6dd99fdaa33",
"FixedFeedbackSFT/projects/qwen3_vl_patch_stem_progressive_64stage_optical_imagenet_backbone/commands/02_build_migrated_64stage_prototype.sh","local_only","1780519b66bc76fbe0801148d03886dfff3e2a9f0afd5290d4296bb97ebefa3e",
"FixedFeedbackSFT/projects/qwen3_vl_patch_stem_progressive_64stage_optical_imagenet_backbone/commands/03_gpu_engineering_sweep_bs1.sh","local_only","ecfa80873e3ab3bc159e2a6744dc6d27975ce15559c96caf09ba9b6c3bc071ee",
"FixedFeedbackSFT/projects/qwen3_vl_patch_stem_progressive_64stage_optical_imagenet_backbone/commands/03a_gpu_engineering_depth16_bs1.sh","local_only","16b6d730d76efb9628990db8ec01e5c38aaeaab41423ed7ccd790f124b56fae5",
"FixedFeedbackSFT/projects/qwen3_vl_patch_stem_progressive_64stage_optical_imagenet_backbone/commands/03b_gpu_engineering_depth32_bs1.sh","local_only","cf39754d1e8c7d68b4e6bbca4c8aadd1cbe54b559a43c03edc548cf6deff0b9c",
"FixedFeedbackSFT/projects/qwen3_vl_patch_stem_progressive_64stage_optical_imagenet_backbone/commands/03c_gpu_engineering_depth64_bs1.sh","local_only","7d4a8c931e10d399fa6bb3ac348a3e8005c3c3d5c10bf283f47af0866fee9d12",
"FixedFeedbackSFT/projects/qwen3_vl_patch_stem_progressive_64stage_optical_imagenet_backbone/commands/03d_gpu_engineering_depth100_bs1.sh","local_only","5bda99bdec3733480d6592068fc2b7e622c64bda58414a97f874b15031ba2b1a",
"FixedFeedbackSFT/projects/qwen3_vl_patch_stem_progressive_64stage_optical_imagenet_backbone/commands/04_test_full_depth_feedback.sh","local_only","169ea02c7c22763f5a4a386bf40c903e0c29dc6ba9ce7d9a2f1153ad52b60c41",
"FixedFeedbackSFT/projects/qwen3_vl_patch_stem_progressive_64stage_optical_imagenet_backbone/commands/05_gpu_full_depth_feedback_cuda_audit_bs1.sh","local_only","524dc508586853daaf085ba642532345f231cea5108de5539793fb55674efd26",
"FixedFeedbackSFT/projects/qwen3_vl_patch_stem_progressive_64stage_optical_imagenet_backbone/commands/05_gpu_smoke_full_image.sh","local_only","f61e5da720e36cb462d3018ff792d6a509947756c88379cc8b4187a86371ea6a",
"FixedFeedbackSFT/projects/qwen3_vl_patch_stem_progressive_64stage_optical_imagenet_backbone/commands/05B_FOUR_RANK_SMOKE.md","local_only","5b628ca17166c60e686b989ff35bc4a17968cea89322353a05a03c0b863ba677",
"FixedFeedbackSFT/projects/qwen3_vl_patch_stem_progressive_64stage_optical_imagenet_backbone/commands/05b_gpu_smoke_full_image_4rank_gb192.sh","local_only","df1f95262eef16145426fed4c1ee1d7f2fa08c546e6e81d55f1868ca31611aae",
"FixedFeedbackSFT/projects/qwen3_vl_patch_stem_progressive_64stage_optical_imagenet_backbone/commands/06_launch_growth16_fa_source_20e.sh","local_only","867b1b5a622ba21f1e58517fc1e7422404d640bd6a931765aebfc807fe553052",
"FixedFeedbackSFT/projects/qwen3_vl_patch_stem_progressive_64stage_optical_imagenet_backbone/commands/07_status_growth16.sh","local_only","5c19ba67790a375068fab6a0442c2dfa0b9a850000827776047c32b7d588b279",
"FixedFeedbackSFT/projects/qwen3_vl_patch_stem_progressive_64stage_optical_imagenet_backbone/commands/08_watch_growth16.sh","local_only","a4cf55798067af8c05a1ba5ec8841c5ff54369d9aa3c7a09954836d080f22a4c",
"FixedFeedbackSFT/projects/qwen3_vl_patch_stem_progressive_64stage_optical_imagenet_backbone/commands/09_launch_p11_matched_continue_20e.sh","local_only","ff20ea1ccba6852849ecabed87a24076c91c51abd0e63bf52f6f8731b7ed41ee",
"FixedFeedbackSFT/projects/qwen3_vl_patch_stem_progressive_64stage_optical_imagenet_backbone/commands/10_status_p11_matched.sh","local_only","782f63ce9c2a08f963dc3dc28ff3be947df99ec00fbf6361dbadf830fba4eb73",
"FixedFeedbackSFT/projects/qwen3_vl_patch_stem_progressive_64stage_optical_imagenet_backbone/commands/11_watch_p11_matched.sh","local_only","f018f867518cbeb3e050b7af9ab12032de35dc3c51585c274d61bfa34a283f6e",
"FixedFeedbackSFT/projects/qwen3_vl_patch_stem_progressive_64stage_optical_imagenet_backbone/commands/12_render_or_verify_progressive_growth.sh","local_only","f25b3eeb3b4e25ae4750306207f2a423715edb81a62745699e85910a045a9b80",
"FixedFeedbackSFT/projects/qwen3_vl_patch_stem_progressive_64stage_optical_imagenet_backbone/commands/13_launch_progressive_growth.sh","local_only","c1ba3527d97893c79d8e4e334b1b177bcd724b50d2178177314a0f9b665d9dc5",
"FixedFeedbackSFT/projects/qwen3_vl_patch_stem_progressive_64stage_optical_imagenet_backbone/commands/COMMANDS.md","local_only","2563654b6b72362dd103597a1c9835d8698342f8425dd17111b96687ffbf7e27",
"FixedFeedbackSFT/projects/qwen3_vl_patch_stem_progressive_64stage_optical_imagenet_backbone/commands/FULL_DEPTH_FEEDBACK_CUDA_AUDIT.md","local_only","e808bb7abd84158095b94eca0543cb5ee3546bba0bbff7f0d18d8fabb6b44270",
"FixedFeedbackSFT/projects/qwen3_vl_patch_stem_progressive_64stage_optical_imagenet_backbone/commands/GPU_ENGINEERING_SWEEP.md","local_only","dcd3c2e35be8d2228f2921a634201a25c6f98e21dd826ec78c4d043cc361681d",
"FixedFeedbackSFT/projects/qwen3_vl_patch_stem_progressive_64stage_optical_imagenet_backbone/commands/GROWTH_TRAINING_COMMANDS.md","local_only","9fc25fc483f79f46aeb0f18e98a5b6fc6617d73893ea758d5624b47f76c41362",
"FixedFeedbackSFT/projects/qwen3_vl_patch_stem_progressive_64stage_optical_imagenet_backbone/commands/PROGRESSIVE_GROWTH_CHAIN.md","local_only","c090bd4b9cb2f6bbd49f27a3846fb989eabfcb6a9331271368fc7f18a59dbbc7",
"FixedFeedbackSFT/projects/qwen3_vl_patch_stem_progressive_64stage_optical_imagenet_backbone/configs/gpu_smoke_full_image.yaml","local_only","116cbac1357e4fb587c026ee5c60a9548c063fede2a62ebc580af23d93aa8e47",
"FixedFeedbackSFT/projects/qwen3_vl_patch_stem_progressive_64stage_optical_imagenet_backbone/configs/gpu_smoke_full_image_4rank_gb192.yaml","local_only","a6f95cb331519511925b3d8c4b75c7d107b7c86a6c77d32724a509c20d3fa67d",
"FixedFeedbackSFT/projects/qwen3_vl_patch_stem_progressive_64stage_optical_imagenet_backbone/configs/growth16_fa_source_20e_gb192.yaml","local_only","c8d40980360273a2fd7c5795be0c3b8b63d92091bbc67b71ffdfd7798131f81c",
"FixedFeedbackSFT/projects/qwen3_vl_patch_stem_progressive_64stage_optical_imagenet_backbone/configs/p11_epoch88_matched_continue_20e_gb192.yaml","local_only","dedb9ff5e2872f12804374f63075b96a3f1ca2931a2c248e368f1c642ca87030",
"FixedFeedbackSFT/projects/qwen3_vl_patch_stem_progressive_64stage_optical_imagenet_backbone/FULL_DEPTH_FIXED_FEEDBACK.md","local_only","b998a3326f7e0b812b7519df1f62757995272501464b76810fec895abeb20c9f",
"FixedFeedbackSFT/projects/qwen3_vl_patch_stem_progressive_64stage_optical_imagenet_backbone/gpu_engineering_sweep.py","local_only","bdffa11ad32be3a7831feb473f23600e2afe56cc752e4362363e52ba2161b91c",
"FixedFeedbackSFT/projects/qwen3_vl_patch_stem_progressive_64stage_optical_imagenet_backbone/GROWTH_TRAINER_DESIGN.md","local_only","56b5c32e1eff8e7d4072a1ec6fc1a9df62245af6e3c28054121d3e7fd56f95b2",
"FixedFeedbackSFT/projects/qwen3_vl_patch_stem_progressive_64stage_optical_imagenet_backbone/migration.py","local_only","af09ba72640cc5dbb6ff26f02d0941af0ff1f70f5686d40139fc6d1e21e39c34",
"FixedFeedbackSFT/projects/qwen3_vl_patch_stem_progressive_64stage_optical_imagenet_backbone/model.py","local_only","9da29fc833b5f999298050b57dfe9bb5d7d84608cea80002e20718fd4cb2c0ce",
"FixedFeedbackSFT/projects/qwen3_vl_patch_stem_progressive_64stage_optical_imagenet_backbone/OPTIMIZATION_LOG.md","local_only","c103eef6f799ef0c4e5e2758e39c0920fef55ab67319f974ea7ccd8750cdfd85",
"FixedFeedbackSFT/projects/qwen3_vl_patch_stem_progressive_64stage_optical_imagenet_backbone/p11_matched_continue.py","local_only","16c90ed79ec05dd39c050663357e9f15e8b7144861f0800569e396cf2d531328",
"FixedFeedbackSFT/projects/qwen3_vl_patch_stem_progressive_64stage_optical_imagenet_backbone/PROGRESSIVE_MIGRATION_CONTRACT.md","local_only","dc6d6fb3e02af57ced195dd622f1feade3bd638df7017912688a5a0bdd51b2f8",
"FixedFeedbackSFT/projects/qwen3_vl_patch_stem_progressive_64stage_optical_imagenet_backbone/README.md","local_only","cf6db62d54c2126e1407882ca7c13e1ad0faa9b005068ef2eae371eaf1c19de1",
"FixedFeedbackSFT/projects/qwen3_vl_patch_stem_progressive_64stage_optical_imagenet_backbone/render_progressive_growth_config.py","local_only","96fe6f025359ec23e1937a11bd106f3301d656e42e3eb3c5b6853ede228fe917",
"FixedFeedbackSFT/projects/qwen3_vl_patch_stem_progressive_64stage_optical_imagenet_backbone/tests/__init__.py","local_only","7ef8a9a25025dac89f50f7707f9da49e46a50c183b0a5d9d882d8875040cb99e",
"FixedFeedbackSFT/projects/qwen3_vl_patch_stem_progressive_64stage_optical_imagenet_backbone/tests/test_full_depth_feedback.py","local_only","e58c5d933987192586a11588cbc29d70b46d73ffec192f4830cb80045c0e96f5",
"FixedFeedbackSFT/projects/qwen3_vl_patch_stem_progressive_64stage_optical_imagenet_backbone/tests/test_gpu_engineering_sweep.py","local_only","223e5bb6fd0d69cceecd35e955fca05c2619a9fee698d3692503ed439dce70d0",
"FixedFeedbackSFT/projects/qwen3_vl_patch_stem_progressive_64stage_optical_imagenet_backbone/tests/test_progressive_growth_renderer.py","local_only","e38f502d6f0fa60cb7d87ff13c1b1b3f79dc54a3c6d7f9e58a6cbbc76a43a707",
"FixedFeedbackSFT/projects/qwen3_vl_patch_stem_progressive_64stage_optical_imagenet_backbone/tests/test_progressive_migration.py","local_only","dfe6ca7edcb993f21b4a36145d0e3885fc8b38c9f8d132fa225f3219f3b4b5c6",
"FixedFeedbackSFT/projects/qwen3_vl_patch_stem_progressive_64stage_optical_imagenet_backbone/tests/test_progressive_model.py","local_only","3388de87b20881b627b76dc3798ec64b3c0c942136e0ab46a0748c942692e398",
"FixedFeedbackSFT/projects/qwen3_vl_patch_stem_progressive_64stage_optical_imagenet_backbone/tests/test_training.py","local_only","a62ebad407e2bde386daa4a82f2fa24bf04dd347fd196d2fa4c1440b007f693c",
"FixedFeedbackSFT/projects/qwen3_vl_patch_stem_progressive_64stage_optical_imagenet_backbone/train.py","local_only","ea4ef70e5919aff830d4347c12a481219b004294260058cc610819735d219b4f",
"FixedFeedbackSFT/README.md","content_diff","101ec3f9e11d25acde8e5b7c64eb517307a229b1d46a0ab3e6827a0858b0a925","73e0202e98f1bd625b34aa1a7aada94dc740d55d76a068549ab25f306f4120cc"
"FixedFeedbackSFT/reports/P09_P10_P11_IMAGENET_BACKBONE_COMPARISON_2026-08-29.md","local_only","faf476cca2f4d995ce9f8d8698fb22538c9af8ce66c40e32dabd2e89082a2e28",
"FixedFeedbackSFT/reports/teacher_report_2026-09-01/commands/01_build_figures.ps1","local_only","1d3acb2aed4f5ebdf9048b40c2858c7d53a0b45678fc20e1e1fc4e98f23c6192",
"FixedFeedbackSFT/reports/teacher_report_2026-09-01/FIGURE_QA.md","local_only","e07440489f7676ba5fe9fa470dfb14d30defca7d1f8f5d6c79ea627d6cbe1ccb",
"FixedFeedbackSFT/reports/teacher_report_2026-09-01/README.md","local_only","48ec128ddd26cef966ad6dc7b210ff45702cb280ba270d51b632fe6923392444",
"FixedFeedbackSFT/reports/teacher_report_2026-09-01/TERMINOLOGY_LEDGER.md","local_only","dd9eb80c97ffbdaafb63c67da39f705c22aa0a17a0f8268bb642e940478811a1",
"FixedFeedbackSFT/RUN_REGISTRY.md","content_diff","3eca7869896059c2f8e94886d6f6dadcd6739288c82d2d907098fd45a66146cb","95a58b8449ffe146f19fd2161f0362fadf0abaf6234025722f8de038f994ad9a"
"FixedFeedbackSFT/tests/test_assess_p11_longrun_gate.py","local_only","c1617edd08a0b37330e7985db73ef74b2f08b0cc6b14f0d77870ba90bb7501f3",
"FixedFeedbackSFT/tests/test_freeze_backbone_assets.py","local_only","e0862a3c22a6a55c4ddee5d6ed9eb873aa22f26aa41d8a92037b6afdd0200626",
"FixedFeedbackSFT/tests/test_layout.py","local_only","a7718f4f053283d3a3fa02bca903de5abbfb7cc62316b9704a39bf7093310f72",
"FixedFeedbackSFT/tools/assess_p11_longrun_gate.py","local_only","f4865bda9cf1681ee5e08fcfb904dc6430d59291d155e8ba18bd1ef7a05cf6ce",
"FixedFeedbackSFT/tools/freeze_backbone_assets.py","local_only","978339fff34a3bbf7dc45c000788bfad18af9412c76037e64c57274dc23ec886",
