trial,order_position,sample_index,sample_id,frame_count,video_total_frames,selected_frame_positions,unique_selected_frame_positions,decode_ms,processor_ms,host_to_device_ms,qwen_backbone_ms,pool_and_linear_ms,total_raw_video_to_scalar_ms,sequence_length
1,1,1,Tune-A-Video/A tennis player elegantly slid on the grass court.mp4,25,24,"[2,3,4,5,5,6,7,8,8,9,10,11,12,12,13,14,15,15,16,17,18,18,19,20,21,21]",20,201.98952010832727,60.73609599843621,10.170996189117432,141.43887208774686,0.31750998459756374,414.6633381024003,2690
1,1,2,VideoCrafter/Children dig sandcastles on the beach.mp4,25,16,"[2,2,3,3,4,4,5,5,6,6,6,7,8,8,9,9,10,10,10,11,12,12,12,13,14,14]",13,696.1176490876824,64.92249295115471,9.998928057029843,141.3114620372653,0.22993306629359722,912.5896061304957,2690
1,1,3,video_fusion/A purple bellflower opens in the sunlight.mp4,25,16,"[2,2,3,3,4,4,5,5,6,6,6,7,8,8,9,9,10,10,10,11,12,12,12,13,14,14]",13,40.20428191870451,39.56050402484834,9.942875010892749,143.14017700962722,0.24173804558813572,233.09754906222224,2690
1,1,4,Tune-A-Video/Children dig sandcastles on the beach.mp4,25,24,"[2,3,4,5,5,6,7,8,8,9,10,11,12,12,13,14,15,15,16,17,18,18,19,20,21,21]",20,407.80905401334167,70.80868980847299,10.061610024422407,141.58130483701825,0.24019391275942326,630.5121390614659,2690
1,1,5,"Tune-A-Video/A baseball player swung the bat, preparing for a home run.mp4",25,24,"[2,3,4,5,5,6,7,8,8,9,10,11,12,12,13,14,15,15,16,17,18,18,19,20,21,21]",20,122.97852896153927,40.033027064055204,9.81959793716669,141.47633290849626,0.31067198142409325,314.62792796082795,2690
1,1,6,video_fusion/Students enjoy tasty sandwiches in the cafeteria.mp4,25,16,"[2,2,3,3,4,4,5,5,6,6,6,7,8,8,9,9,10,10,10,11,12,12,12,13,14,14]",13,39.92329002358019,52.678864914923906,9.929566876962781,141.5806522127241,0.225412892177701,244.34669106267393,2690
1,1,7,Tune-A-Video/A salad is sprinkled with nuts and fruits.mp4,25,24,"[2,3,4,5,5,6,7,8,8,9,10,11,12,12,13,14,15,15,16,17,18,18,19,20,21,21]",20,729.8928839154541,69.14639403112233,9.962797863408923,142.33747590333223,0.2715310547500849,951.6207810956985,2690
1,1,8,video_fusion/Visitors get information at the park's visitor center.mp4,25,16,"[2,2,3,3,4,4,5,5,6,6,6,7,8,8,9,9,10,10,10,11,12,12,12,13,14,14]",13,33.36935699917376,48.98685612715781,9.936647024005651,141.65783813223243,0.22642407566308975,234.18498784303665,2690
1,1,9,video_fusion/A group of villagers wash clothes by the stream.mp4,25,16,"[2,2,3,3,4,4,5,5,6,6,6,7,8,8,9,9,10,10,10,11,12,12,12,13,14,14]",13,44.479178031906486,51.62055278196931,10.234420886263251,141.64586714468896,0.2378770150244236,248.22676787152886,2690
1,1,10,Tune-A-Video/An explorer searches for adventure in the forest.mp4,25,24,"[2,3,4,5,5,6,7,8,8,9,10,11,12,12,13,14,15,15,16,17,18,18,19,20,21,21]",20,109.98836811631918,53.872049087658525,10.100415907800198,143.14374304376543,0.26049790903925896,317.37372395582497,2690
1,1,11,Tune-A-Video/A piece of cheesecake is covered with blueberry sauce.mp4,25,24,"[2,3,4,5,5,6,7,8,8,9,10,11,12,12,13,14,15,15,16,17,18,18,19,20,21,21]",20,171.75489896908402,47.872157068923116,10.223322082310915,141.66387007571757,0.2345009706914425,371.75823003053665,2690
1,1,12,Text2Video-Zero/The rural stream serves as the water source for villagers.mp4,25,36,"[4,5,6,7,8,9,11,12,13,14,15,16,18,19,20,21,22,23,24,26,27,28,29,30,32,32]",25,1098.2686469797045,64.76219394244254,9.590933099389076,141.5069659706205,0.22573093883693218,1314.3637659959495,2690
1,1,13,Gen-2/An orchid blooms with deep purple flowers.mp4,25,96,"[10,13,16,19,22,25,29,32,35,38,41,44,48,51,54,57,60,63,66,70,73,76,79,82,86,86]",25,857.1254329290241,48.759119817987084,9.903713129460812,141.45537209697068,0.2288368996232748,1057.4829641263932,2690
1,1,14,Gen-2/Vendors at the market display fresh fruits and vegetables.mp4,25,96,"[10,13,16,19,22,25,29,32,35,38,41,44,48,51,54,57,60,63,66,70,73,76,79,82,86,86]",25,1501.4562129508704,65.72449789382517,9.983824100345373,141.64892700500786,0.23678690195083618,1719.0603429917246,2690
1,1,15,Hotshot-XL/A peony blooms with snow-white petals.mp4,25,8,"[1,1,1,1,2,2,2,2,3,3,3,3,4,4,4,4,4,5,5,5,5,6,6,6,6,6]",6,98.74717192724347,53.10480995103717,9.917717892676592,141.68166602030396,0.23329979740083218,303.6933960393071,2690
1,1,16,"Hotshot-XL/The campus has colorful gardens, full of vitality.mp4",25,8,"[1,1,1,1,2,2,2,2,3,3,3,3,4,4,4,4,4,5,5,5,5,6,6,6,6,6]",6,373.4538950957358,70.37152792327106,10.038676904514432,141.56011398881674,0.22778590209782124,595.660817110911,2690
1,1,17,VideoCrafter/A family goes to the movies on the weekend.mp4,25,16,"[2,2,3,3,4,4,5,5,6,6,6,7,8,8,9,9,10,10,10,11,12,12,12,13,14,14]",13,344.31538404896855,63.723562983796,9.920828975737095,141.56013983301818,0.23270701058208942,559.7614340949804,2690
1,1,18,"Hotshot-XL/Students enjoy their time on campus, full of youthful energy.mp4",25,8,"[1,1,1,1,2,2,2,2,3,3,3,3,4,4,4,4,4,5,5,5,5,6,6,6,6,6]",6,259.1500279959291,43.584434781223536,9.95434308424592,141.6589799337089,0.23192609660327435,454.58825211972,2690
1,1,19,VideoCrafter/A bowl of rich French onion soup emanates an enticing aroma.mp4,25,16,"[2,2,3,3,4,4,5,5,6,6,6,7,8,8,9,9,10,10,10,11,12,12,12,13,14,14]",13,354.97025796212256,58.58143698424101,9.955748915672302,141.67993911541998,0.24169683456420898,565.437241923064,2690
1,1,20,Hotshot-XL/A butterfly gracefully dances among the flowers.mp4,25,8,"[1,1,1,1,2,2,2,2,3,3,3,3,4,4,4,4,4,5,5,5,5,6,6,6,6,6]",6,225.74463300406933,53.09199797920883,10.061003966256976,143.37119879201055,0.23067183792591095,432.5083747971803,2690
1,1,21,Hotshot-XL/A sausage is grilled slightly crispy on the barbecue.mp4,25,8,"[1,1,1,1,2,2,2,2,3,3,3,3,4,4,4,4,4,5,5,5,5,6,6,6,6,6]",6,252.6450559962541,65.20406412892044,11.100163916125894,141.82170410640538,0.2290110569447279,471.01014107465744,2690
1,1,22,"VideoCrafter/In front of a farmhouse, there is a swing.mp4",25,16,"[2,2,3,3,4,4,5,5,6,6,6,7,8,8,9,9,10,10,10,11,12,12,12,13,14,14]",13,510.43312600813806,72.6542049087584,10.200192919000983,141.73509110696614,0.23545813746750355,735.2668051607907,2690
1,1,23,Tune-A-Video/There's a drum and guitar in the music classroom.mp4,25,24,"[2,3,4,5,5,6,7,8,8,9,10,11,12,12,13,14,15,15,16,17,18,18,19,20,21,21]",20,120.86084391921759,46.998729929327965,10.130723007023335,141.81366399861872,0.32036309130489826,320.133020170033,2690
1,1,24,Hotshot-XL/An adorable little cat is napping on the windowsill.mp4,25,8,"[1,1,1,1,2,2,2,2,3,3,3,3,4,4,4,4,4,5,5,5,5,6,6,6,6,6]",6,191.4543379098177,52.6437908411026,10.110694915056229,141.70903898775578,0.23299409076571465,396.1592339910567,2690
1,1,25,Text2Video-Zero/An orchid blooms with deep purple flowers.mp4,25,36,"[4,5,6,7,8,9,11,12,13,14,15,16,18,19,20,21,22,23,24,26,27,28,29,30,32,32]",25,437.6962650567293,52.61618900112808,9.975284105166793,141.70859614387155,0.223908806219697,642.2291630879045,2690
1,1,26,Hotshot-XL/An explorer searches for adventure in the forest.mp4,25,8,"[1,1,1,1,2,2,2,2,3,3,3,3,4,4,4,4,4,5,5,5,5,6,6,6,6,6]",6,349.56424916163087,66.4598869625479,10.295781074091792,141.7847271077335,0.2368150744587183,568.3512401301414,2690
1,1,27,Hotshot-XL/The leaves of a purple-leaf plum tree turn deep purple.mp4,25,8,"[1,1,1,1,2,2,2,2,3,3,3,3,4,4,4,4,4,5,5,5,5,6,6,6,6,6]",6,292.2319460194558,68.70376504957676,10.064629837870598,141.74837293103337,0.23635406978428364,512.9945920780301,2690
1,1,28,VideoCrafter/An adorable little cat is napping on the windowsill.mp4,25,16,"[2,2,3,3,4,4,5,5,6,6,6,7,8,8,9,9,10,10,10,11,12,12,12,13,14,14]",13,355.76095804572105,53.39475907385349,10.317106964066625,141.77275891415775,0.23149210028350353,561.4861431531608,2690
1,1,29,Gen-2/A designer creates fashionable clothing designs.mp4,25,96,"[10,13,16,19,22,25,29,32,35,38,41,44,48,51,54,57,60,63,66,70,73,76,79,82,86,86]",25,963.8298770878464,40.50010582432151,9.626870974898338,141.98596915230155,0.22679311223328114,1156.1803719960153,2690
1,1,30,"Text2Video-Zero/A baseball player swung the bat, preparing for a home run.mp4",25,36,"[4,5,6,7,8,9,11,12,13,14,15,16,18,19,20,21,22,23,24,26,27,28,29,30,32,32]",25,260.6228720396757,57.096404023468494,10.209917090833187,141.8228279799223,0.24231499992311,470.0050479732454,2690
1,1,31,Hotshot-XL/A slice of French chocolate mousse cake brings sweet delight.mp4,25,8,"[1,1,1,1,2,2,2,2,3,3,3,3,4,4,4,4,4,5,5,5,5,6,6,6,6,6]",6,196.96434284560382,57.665564119815826,10.000247973948717,141.8239320628345,0.24997512809932232,406.7136549856514,2690
1,1,32,"video_fusion/Plateaus surrounding lakes, embraced by peaceful and harmonious mountains.mp4",25,16,"[2,2,3,3,4,4,5,5,6,6,6,7,8,8,9,9,10,10,10,11,12,12,12,13,14,14]",13,38.57452399097383,57.770026847720146,10.080546140670776,141.9130088761449,0.23076799698174,248.57788416557014,2690
1,1,33,Hotshot-XL/There's a drum and guitar in the music classroom.mp4,25,8,"[1,1,1,1,2,2,2,2,3,3,3,3,4,4,4,4,4,5,5,5,5,6,6,6,6,6]",6,190.5779039952904,50.71887606754899,9.870141046121716,141.84167911298573,0.22988300770521164,393.24883511289954,2690
1,1,34,Hotshot-XL/A lotus leaf floats on a serene pond.mp4,25,8,"[1,1,1,1,2,2,2,2,3,3,3,3,4,4,4,4,4,5,5,5,5,6,6,6,6,6]",6,161.6857631597668,47.079462092369795,10.257027111947536,141.99543581344187,0.259950989857316,361.2864129245281,2690
1,1,35,VideoCrafter/The rural stream serves as the water source for villagers.mp4,25,16,"[2,2,3,3,4,4,5,5,6,6,6,7,8,8,9,9,10,10,10,11,12,12,12,13,14,14]",13,457.2498209308833,51.36684398166835,10.284015908837318,141.87418902292848,0.23903697729110718,661.0231399536133,2690
1,1,36,VideoCrafter/A photographer captures the neon lights of the city.mp4,25,16,"[2,2,3,3,4,4,5,5,6,6,6,7,8,8,9,9,10,10,10,11,12,12,12,13,14,14]",13,771.5665639843792,62.935383059084415,10.066048940643668,141.7871641460806,0.2283761277794838,986.5919481962919,2690
1,1,37,"VideoCrafter/Students line up in the cafeteria, waiting for lunch.mp4",25,16,"[2,2,3,3,4,4,5,5,6,6,6,7,8,8,9,9,10,10,10,11,12,12,12,13,14,14]",13,498.0668278876692,76.3868058566004,10.018693981692195,141.73053787089884,0.3104789648205042,726.5236210078001,2690
1,1,38,Gen-2/A kangaroo jumps across the Australian desert.mp4,25,96,"[10,13,16,19,22,25,29,32,35,38,41,44,48,51,54,57,60,63,66,70,73,76,79,82,86,86]",25,910.4595319367945,63.72483796440065,10.15386893413961,142.0504618436098,0.2509579062461853,1126.649261917919,2690
1,1,39,Hotshot-XL/Students and teachers discuss topics in the classroom.mp4,25,8,"[1,1,1,1,2,2,2,2,3,3,3,3,4,4,4,4,4,5,5,5,5,6,6,6,6,6]",6,206.88450406305492,59.44174714386463,10.067209135740995,141.88055112026632,0.24594995193183422,418.52840408682823,2690
1,1,40,video_fusion/Military aircraft are neatly lined up on the military base.mp4,25,16,"[2,2,3,3,4,4,5,5,6,6,6,7,8,8,9,9,10,10,10,11,12,12,12,13,14,14]",13,39.22825283370912,42.41945198737085,10.163915809243917,141.95221289992332,0.24244212545454502,234.0149050578475,2690
1,1,41,video_fusion/The commander is strategizing in front of a map.mp4,25,16,"[2,2,3,3,4,4,5,5,6,6,6,7,8,8,9,9,10,10,10,11,12,12,12,13,14,14]",13,34.587892005220056,49.16279995813966,10.285309050232172,141.85353298671544,0.24196295998990536,236.14083998836577,2690
1,1,42,Hotshot-XL/A cactus thrives in the harsh desert.mp4,25,8,"[1,1,1,1,2,2,2,2,3,3,3,3,4,4,4,4,4,5,5,5,5,6,6,6,6,6]",6,316.2044349592179,71.59307785332203,10.246789082884789,141.859961906448,0.22408110089600086,540.1374681387097,2690
1,1,43,"Tune-A-Video/Wandering through a forest path, surrounded by emerald greenery.mp4",25,24,"[2,3,4,5,5,6,7,8,8,9,10,11,12,12,13,14,15,15,16,17,18,18,19,20,21,21]",20,405.8070760220289,59.78783802129328,10.461814003065228,141.90658810548484,0.24325703270733356,618.2164829224348,2690
1,1,44,Tune-A-Video/Sunlight is streaming through the leaves onto the grass.mp4,25,24,"[2,3,4,5,5,6,7,8,8,9,10,11,12,12,13,14,15,15,16,17,18,18,19,20,21,21]",20,447.6157540921122,59.115874115377665,10.549240047112107,141.83500315994024,0.24213013239204884,659.3667939305305,2690
1,1,45,video_fusion/A family goes to the movies on the weekend.mp4,25,16,"[2,2,3,3,4,4,5,5,6,6,6,7,8,8,9,9,10,10,10,11,12,12,12,13,14,14]",13,32.23396302200854,43.2331261690706,10.560580063611269,144.5112358778715,0.24298904463648796,230.7904299814254,2690
1,1,46,video_fusion/An explorer searches for adventure in the forest.mp4,25,16,"[2,2,3,3,4,4,5,5,6,6,6,7,8,8,9,9,10,10,10,11,12,12,12,13,14,14]",13,43.227200862020254,55.881802923977375,10.438958182930946,141.95997291244566,0.24357694201171398,251.7600068822503,2690
1,1,47,video_fusion/An adorable little cat is napping on the windowsill.mp4,25,16,"[2,2,3,3,4,4,5,5,6,6,6,7,8,8,9,9,10,10,10,11,12,12,12,13,14,14]",13,31.417788937687874,53.72380302287638,10.833055013790727,142.27151591330767,0.3198229242116213,238.57594514265656,2690
1,1,48,Text2Video-Zero/Soldiers are setting up tents in the camp.mp4,25,36,"[4,5,6,7,8,9,11,12,13,14,15,16,18,19,20,21,22,23,24,26,27,28,29,30,32,32]",25,828.7174950819463,68.65286291576922,10.901618981733918,143.95479019731283,0.3406859468668699,1052.58575710468,2690
1,1,49,Hotshot-XL/The lion roars majestically on the grassland.mp4,25,8,"[1,1,1,1,2,2,2,2,3,3,3,3,4,4,4,4,4,5,5,5,5,6,6,6,6,6]",6,295.9193440619856,71.21285609900951,10.321334935724735,141.8511508964002,0.23049511946737766,519.5448999293149,2690
1,1,50,VideoCrafter/A tennis player elegantly slid on the grass court.mp4,25,16,"[2,2,3,3,4,4,5,5,6,6,6,7,8,8,9,9,10,10,10,11,12,12,12,13,14,14]",13,415.5713359359652,74.50634497217834,10.274409083649516,141.83418499305844,0.23111607879400253,642.4264670349658,2690
1,1,51,Tune-A-Video/A designer creates fashionable clothing designs.mp4,25,24,"[2,3,4,5,5,6,7,8,8,9,10,11,12,12,13,14,15,15,16,17,18,18,19,20,21,21]",20,152.33030309900641,42.92072099633515,10.41639200411737,142.01466622762382,0.23607397451996803,347.926207119599,2690
1,1,52,VideoCrafter/A diver is exploring the underwater world under the coral reef.mp4,25,16,"[2,2,3,3,4,4,5,5,6,6,6,7,8,8,9,9,10,10,10,11,12,12,12,13,14,14]",13,374.01550682261586,59.88837708719075,10.463811922818422,141.8815169017762,0.22563710808753967,586.4841898437589,2690
1,1,53,Text2Video-Zero/A photographer captures the neon lights of the city.mp4,25,36,"[4,5,6,7,8,9,11,12,13,14,15,16,18,19,20,21,22,23,24,26,27,28,29,30,32,32]",25,1485.004937974736,71.68645015917718,10.412882082164288,143.1602470111102,0.23720716126263142,1710.5111631099135,2690
1,1,54,Tune-A-Video/The commander is strategizing in front of a map.mp4,25,24,"[2,3,4,5,5,6,7,8,8,9,10,11,12,12,13,14,15,15,16,17,18,18,19,20,21,21]",20,456.15039695985615,65.69286994636059,10.453403927385807,142.33105699531734,0.24290592409670353,674.8797569889575,2690
1,1,55,video_fusion/Soldiers are setting up tents in the camp.mp4,25,16,"[2,2,3,3,4,4,5,5,6,6,6,7,8,8,9,9,10,10,10,11,12,12,12,13,14,14]",13,41.964316042140126,51.2957030441612,10.460753925144672,142.17003085650504,0.24428521282970905,246.14294501952827,2690
1,1,56,Text2Video-Zero/A roasted cod fish is garnished with fresh herbs.mp4,25,36,"[4,5,6,7,8,9,11,12,13,14,15,16,18,19,20,21,22,23,24,26,27,28,29,30,32,32]",25,401.41902794130147,73.40807793661952,10.330709861591458,141.95795403793454,0.23862719535827637,627.3681928869337,2690
1,1,57,video_fusion/A cactus thrives in the harsh desert.mp4,25,16,"[2,2,3,3,4,4,5,5,6,6,6,7,8,8,9,9,10,10,10,11,12,12,12,13,14,14]",13,33.27467292547226,50.23336689919233,10.184751823544502,142.11204112507403,0.25137397460639477,236.06490297243,2690
1,1,58,Hotshot-XL/A thin pancake is spread with butter and maple syrup.mp4,25,8,"[1,1,1,1,2,2,2,2,3,3,3,3,4,4,4,4,4,5,5,5,5,6,6,6,6,6]",6,237.00610315427184,72.89356482215226,10.629922850057483,142.16767298057675,0.25006686337292194,462.9563558846712,2690
1,1,59,Tune-A-Video/The lion roars majestically on the grassland.mp4,25,24,"[2,3,4,5,5,6,7,8,8,9,10,11,12,12,13,14,15,15,16,17,18,18,19,20,21,21]",20,368.3808189816773,74.93818714283407,10.343866888433695,141.92114700563252,0.2363300882279873,595.829184865579,2690
1,1,60,"video_fusion/A writer sits at a desk, crafting a new novel.mp4",25,16,"[2,2,3,3,4,4,5,5,6,6,6,7,8,8,9,9,10,10,10,11,12,12,12,13,14,14]",13,35.682807909324765,53.41045185923576,10.288171004503965,141.90244302153587,0.22530509158968925,241.51842412538826,2690
1,1,61,Text2Video-Zero/A sausage is grilled slightly crispy on the barbecue.mp4,25,36,"[4,5,6,7,8,9,11,12,13,14,15,16,18,19,20,21,22,23,24,26,27,28,29,30,32,32]",25,246.08833296224475,55.34966895356774,10.387324029579759,141.94431295618415,0.22679008543491364,454.0044809691608,2690
1,1,62,"Text2Video-Zero/In front of a farmhouse, there is a swing.mp4",25,36,"[4,5,6,7,8,9,11,12,13,14,15,16,18,19,20,21,22,23,24,26,27,28,29,30,32,32]",25,1604.8560470808297,78.04570510052145,10.324452072381973,142.20460201613605,0.25128317065536976,1835.6966469436884,2690
1,1,63,video_fusion/Parents pick up students at the bus stop.mp4,25,16,"[2,2,3,3,4,4,5,5,6,6,6,7,8,8,9,9,10,10,10,11,12,12,12,13,14,14]",13,36.171935964375734,51.023137057200074,10.409261099994183,142.3544310964644,0.2578888088464737,240.22635305300355,2690
1,1,64,Tune-A-Video/Parents pick up students at the bus stop.mp4,25,24,"[2,3,4,5,5,6,7,8,8,9,10,11,12,12,13,14,15,15,16,17,18,18,19,20,21,21]",20,269.7120849043131,73.12193186953664,10.422009974718094,141.82065101340413,0.22489787079393864,495.310097001493,2690
1,1,65,"Gen-2/In a rugby match, players vied for possession of the rugby ball.mp4",25,96,"[10,13,16,19,22,25,29,32,35,38,41,44,48,51,54,57,60,63,66,70,73,76,79,82,86,86]",25,2021.8896730802953,70.7786469720304,10.515911970287561,141.86075096949935,0.23425184190273285,2245.2887140680104,2690
1,1,66,Tune-A-Video/A family goes to the movies on the weekend.mp4,25,24,"[2,3,4,5,5,6,7,8,8,9,10,11,12,12,13,14,15,15,16,17,18,18,19,20,21,21]",20,173.58732502907515,53.76077094115317,10.608932003378868,142.01087108813226,0.31346105970442295,380.28995995409787,2690
1,1,67,VideoCrafter/The roof of a farmhouse is covered in moss.mp4,25,16,"[2,2,3,3,4,4,5,5,6,6,6,7,8,8,9,9,10,10,10,11,12,12,12,13,14,14]",13,643.1599447969347,63.12192603945732,10.673870099708438,142.06334901973605,0.25645201094448566,859.2854631133378,2690
1,1,68,"Hotshot-XL/Students line up in the cafeteria, waiting for lunch.mp4",25,8,"[1,1,1,1,2,2,2,2,3,3,3,3,4,4,4,4,4,5,5,5,5,6,6,6,6,6]",6,247.3823339678347,65.01259095966816,10.75353310443461,142.07996590994298,0.2479259856045246,465.4863839969039,2690
1,1,69,Hotshot-XL/Teenage skateboarders perform tricks by the pond.mp4,25,8,"[1,1,1,1,2,2,2,2,3,3,3,3,4,4,4,4,4,5,5,5,5,6,6,6,6,6]",6,260.3912139311433,56.07216106727719,10.641860077157617,142.09680585190654,0.2419238444417715,469.4524039514363,2690
1,1,70,Hotshot-XL/Various fruit trees grow in the countryside.mp4,25,8,"[1,1,1,1,2,2,2,2,3,3,3,3,4,4,4,4,4,5,5,5,5,6,6,6,6,6]",6,393.83842796087265,69.0820449963212,10.714180069044232,141.92967303097248,0.2285209484398365,615.8009548671544,2690
1,1,71,Text2Video-Zero/Students program in the computer lab.mp4,25,36,"[4,5,6,7,8,9,11,12,13,14,15,16,18,19,20,21,22,23,24,26,27,28,29,30,32,32]",25,238.5319189634174,53.70015394873917,10.317299980670214,141.89273701049387,0.23507187142968178,444.68535110354424,2690
1,1,72,Text2Video-Zero/A water skier created splashes on the lake.mp4,25,36,"[4,5,6,7,8,9,11,12,13,14,15,16,18,19,20,21,22,23,24,26,27,28,29,30,32,32]",25,1630.6474329903722,46.5767621062696,10.673006996512413,142.32207206077874,0.2449739258736372,1830.4741368629038,2690
1,1,73,"VideoCrafter/A waterfall cascades gracefully, resembling a silver thread.mp4",25,16,"[2,2,3,3,4,4,5,5,6,6,6,7,8,8,9,9,10,10,10,11,12,12,12,13,14,14]",13,622.1620170399547,65.36588701419532,10.700247948989272,142.26274192333221,0.2583460882306099,840.7582219224423,2690
1,1,74,Text2Video-Zero/A bowl of hot soup is especially delicious on a cold winter day.mp4,25,36,"[4,5,6,7,8,9,11,12,13,14,15,16,18,19,20,21,22,23,24,26,27,28,29,30,32,32]",25,233.2649789750576,56.938921799883246,10.494288988411427,141.93355105817318,0.23476709611713886,442.874648142606,2690
1,1,75,"Tune-A-Video/A waterfall cascades gracefully, resembling a silver thread.mp4",25,24,"[2,3,4,5,5,6,7,8,8,9,10,11,12,12,13,14,15,15,16,17,18,18,19,20,21,21]",20,155.59380198828876,57.71407694555819,10.310192126780748,142.01536402106285,0.31548994593322277,365.9564219415188,2690
1,1,76,"Gen-2/Blue skies and fluffy clouds, ever-changing shapes like poetry.mp4",25,96,"[10,13,16,19,22,25,29,32,35,38,41,44,48,51,54,57,60,63,66,70,73,76,79,82,86,86]",25,1133.0027810763568,68.97354708053172,10.50401502288878,141.99967007152736,0.2458440139889717,1354.735730914399,2690
1,1,77,Gen-2/Crocodiles swim leisurely in the lake.mp4,25,96,"[10,13,16,19,22,25,29,32,35,38,41,44,48,51,54,57,60,63,66,70,73,76,79,82,86,86]",25,1407.6281269080937,67.81060085631907,10.34993096254766,142.1899979468435,0.2330068964511156,1628.221295075491,2690
1,1,78,"VideoCrafter/A couple walks hand in hand on the beach, listening to the sound of the waves.mp4",25,16,"[2,2,3,3,4,4,5,5,6,6,6,7,8,8,9,9,10,10,10,11,12,12,12,13,14,14]",13,359.32236700318754,69.38092899508774,10.488833067938685,141.9557980261743,0.25002891197800636,581.4070641063154,2690
1,1,79,video_fusion/Cherry trees in the orchard are filled with red fruit.mp4,25,16,"[2,2,3,3,4,4,5,5,6,6,6,7,8,8,9,9,10,10,10,11,12,12,12,13,14,14]",13,33.736685989424586,56.78257090039551,10.56038006208837,141.98569301515818,0.22744410671293736,243.3018118608743,2690
1,1,80,"Tune-A-Video/Students line up in the cafeteria, waiting for lunch.mp4",25,24,"[2,3,4,5,5,6,7,8,8,9,10,11,12,12,13,14,15,15,16,17,18,18,19,20,21,21]",20,287.5393219292164,65.977439051494,10.689823888242245,142.4277948681265,0.26327301748096943,506.9117860402912,2690
1,1,81,"Text2Video-Zero/Willow trees by the river, swaying gently in the calming breeze.mp4",25,36,"[4,5,6,7,8,9,11,12,13,14,15,16,18,19,20,21,22,23,24,26,27,28,29,30,32,32]",25,670.5626810435206,67.64887203462422,10.589666897431016,141.95699710398912,0.22908300161361694,890.9961099270731,2690
1,1,82,Text2Video-Zero/The leaves of a purple-leaf plum tree turn deep purple.mp4,25,36,"[4,5,6,7,8,9,11,12,13,14,15,16,18,19,20,21,22,23,24,26,27,28,29,30,32,32]",25,1262.3297420796007,57.87175800651312,10.616884101182222,141.9827330391854,0.2281051129102707,1473.0380189139396,2690
1,1,83,video_fusion/The crickets chirped merrily in the summer night.mp4,25,16,"[2,2,3,3,4,4,5,5,6,6,6,7,8,8,9,9,10,10,10,11,12,12,12,13,14,14]",13,43.22428582236171,44.55480678007007,10.338904103264213,144.4701950531453,0.23207883350551128,242.82915610820055,2690
1,1,84,Gen-2/Students program in the computer lab.mp4,25,96,"[10,13,16,19,22,25,29,32,35,38,41,44,48,51,54,57,60,63,66,70,73,76,79,82,86,86]",25,1139.3640809692442,70.5158959608525,10.86831884458661,142.47847814112902,0.2620830200612545,1363.4981699287891,2690
1,1,85,video_fusion/An ancient church is a landmark in the village.mp4,25,16,"[2,2,3,3,4,4,5,5,6,6,6,7,8,8,9,9,10,10,10,11,12,12,12,13,14,14]",13,40.892726043239236,51.99783598072827,10.638539912179112,142.009501112625,0.23245089687407017,245.78059487976134,2690
1,1,86,Gen-2/A milkshake is garnished with fresh strawberries and cream.mp4,25,96,"[10,13,16,19,22,25,29,32,35,38,41,44,48,51,54,57,60,63,66,70,73,76,79,82,86,86]",25,1065.9845860209316,65.7419259659946,10.629008058458567,142.00618606992066,0.2364849206060171,1284.6074290573597,2690
1,1,87,Gen-2/A tennis player elegantly slid on the grass court.mp4,25,96,"[10,13,16,19,22,25,29,32,35,38,41,44,48,51,54,57,60,63,66,70,73,76,79,82,86,86]",25,1191.7405808344483,67.09693907760084,10.704271029680967,142.05863908864558,0.24591898545622826,1411.8548629339784,2690
1,1,88,Tune-A-Video/The rural stream serves as the water source for villagers.mp4,25,24,"[2,3,4,5,5,6,7,8,8,9,10,11,12,12,13,14,15,15,16,17,18,18,19,20,21,21]",20,207.120506092906,51.883340114727616,10.547134093940258,141.9314630329609,0.23629190400242805,411.72747407108545,2690
1,1,89,Tune-A-Video/A milkshake is garnished with fresh strawberries and cream.mp4,25,24,"[2,3,4,5,5,6,7,8,8,9,10,11,12,12,13,14,15,15,16,17,18,18,19,20,21,21]",20,152.77386107482016,47.054553870111704,10.63502486795187,141.96380996145308,0.22324197925627232,352.6592259295285,2690
1,1,90,VideoCrafter/A purple bellflower opens in the sunlight.mp4,25,16,"[2,2,3,3,4,4,5,5,6,6,6,7,8,8,9,9,10,10,10,11,12,12,12,13,14,14]",13,451.9854218233377,66.00455287843943,10.864904150366783,141.9419958256185,0.23069907911121845,671.036294894293,2690
1,1,91,Hotshot-XL/A water skier created splashes on the lake.mp4,25,8,"[1,1,1,1,2,2,2,2,3,3,3,3,4,4,4,4,4,5,5,5,5,6,6,6,6,6]",6,195.88098395615816,64.48318692855537,10.757017880678177,142.0281131286174,0.22583594545722008,413.3836720138788,2690
1,1,92,VideoCrafter/A group of villagers wash clothes by the stream.mp4,25,16,"[2,2,3,3,4,4,5,5,6,6,6,7,8,8,9,9,10,10,10,11,12,12,12,13,14,14]",13,538.2428120356053,67.0129309874028,10.726148961111903,142.04944903030992,0.2382979728281498,758.2782730460167,2690
1,1,93,Text2Video-Zero/The parrot chirped in the treetops.mp4,25,36,"[4,5,6,7,8,9,11,12,13,14,15,16,18,19,20,21,22,23,24,26,27,28,29,30,32,32]",25,227.14678314514458,56.91773700527847,10.833099950104952,142.2418630681932,0.2931901253759861,437.4423730187118,2690
1,1,94,"Gen-2/Willow trees by the river, swaying gently in the calming breeze.mp4",25,96,"[10,13,16,19,22,25,29,32,35,38,41,44,48,51,54,57,60,63,66,70,73,76,79,82,86,86]",25,1992.2623720485717,54.300372954458,10.962055996060371,142.1466211322695,0.24965102784335613,2199.9354020226747,2690
1,1,95,Hotshot-XL/A piece of French bread is spread with butter.mp4,25,8,"[1,1,1,1,2,2,2,2,3,3,3,3,4,4,4,4,4,5,5,5,5,6,6,6,6,6]",6,166.843666927889,59.12961880676448,10.87622414343059,141.8820379767567,0.22858008742332458,378.97326704114676,2690
1,1,96,Tune-A-Video/Visitors get information at the park's visitor center.mp4,25,24,"[2,3,4,5,5,6,7,8,8,9,10,11,12,12,13,14,15,15,16,17,18,18,19,20,21,21]",20,268.1091430131346,68.25822894461453,10.784321930259466,141.86082617379725,0.22939685732126236,489.2503039445728,2690
1,1,97,"VideoCrafter/Willow trees by the river, swaying gently in the calming breeze.mp4",25,16,"[2,2,3,3,4,4,5,5,6,6,6,7,8,8,9,9,10,10,10,11,12,12,12,13,14,14]",13,399.13968881592155,57.51215084455907,10.590619873255491,141.86361385509372,0.22936193272471428,609.3445848673582,2690
1,1,98,Text2Video-Zero/Great white sharks swim majestically in the depths of the ocean.mp4,25,36,"[4,5,6,7,8,9,11,12,13,14,15,16,18,19,20,21,22,23,24,26,27,28,29,30,32,32]",25,770.5043451860547,62.887622974812984,10.954902041703463,142.08528911694884,0.23703789338469505,986.6779460571706,2690
1,1,99,Text2Video-Zero/The crickets chirped merrily in the summer night.mp4,25,36,"[4,5,6,7,8,9,11,12,13,14,15,16,18,19,20,21,22,23,24,26,27,28,29,30,32,32]",25,299.5289689861238,70.81195199862123,10.916890110820532,141.96493104100227,0.2416009083390236,523.4729039948434,2690
1,1,100,Tune-A-Video/People taking a leisurely walk admire the lake view.mp4,25,24,"[2,3,4,5,5,6,7,8,8,9,10,11,12,12,13,14,15,15,16,17,18,18,19,20,21,21]",20,271.63978898897767,68.31569108180702,10.824423981830478,142.07344385795295,0.24117506109178066,493.1031079031527,2690
1,1,101,video_fusion/An orchid blooms with deep purple flowers.mp4,25,16,"[2,2,3,3,4,4,5,5,6,6,6,7,8,8,9,9,10,10,10,11,12,12,12,13,14,14]",13,40.47021619044244,44.99155795201659,10.776062030345201,142.28346198797226,0.2383969258517027,238.76673798076808,2690
1,1,102,VideoCrafter/A wheat field sways gracefully in the gentle breeze.mp4,25,16,"[2,2,3,3,4,4,5,5,6,6,6,7,8,8,9,9,10,10,10,11,12,12,12,13,14,14]",13,517.6125729922205,80.39504708722234,10.605879127979279,141.96206000633538,0.22961897775530815,750.8151440415531,2690
1,1,103,Tune-A-Video/A roasted salmon is presented on a plate.mp4,25,24,"[2,3,4,5,5,6,7,8,8,9,10,11,12,12,13,14,15,15,16,17,18,18,19,20,21,21]",20,981.8936630617827,69.19009797275066,10.678168153390288,142.30815297923982,0.2268517855554819,1204.3061680160463,2690
1,1,104,"VideoCrafter/Plateaus surrounding lakes, embraced by peaceful and harmonious mountains.mp4",25,16,"[2,2,3,3,4,4,5,5,6,6,6,7,8,8,9,9,10,10,10,11,12,12,12,13,14,14]",13,736.49125918746,62.65319883823395,10.550532955676317,141.8964338954538,0.22516888566315174,951.8260648474097,2690
1,1,105,Text2Video-Zero/People taking a leisurely walk admire the lake view.mp4,25,36,"[4,5,6,7,8,9,11,12,13,14,15,16,18,19,20,21,22,23,24,26,27,28,29,30,32,32]",25,1009.6399690955877,52.48388205654919,10.538422036916018,141.9494638685137,0.22500497289001942,1214.844907168299,2690
1,1,106,Hotshot-XL/The commander is strategizing in front of a map.mp4,25,8,"[1,1,1,1,2,2,2,2,3,3,3,3,4,4,4,4,4,5,5,5,5,6,6,6,6,6]",6,203.86507106013596,45.54364806972444,10.569474892690778,142.05413195304573,0.23356103338301182,402.27380814030766,2690
1,1,107,"Gen-2/Plateaus surrounding lakes, embraced by peaceful and harmonious mountains.mp4",25,96,"[10,13,16,19,22,25,29,32,35,38,41,44,48,51,54,57,60,63,66,70,73,76,79,82,86,86]",25,1126.5662258956581,70.56909683160484,10.985251981765032,142.59524596855044,0.2501830458641052,1350.9779628366232,2690
1,1,108,Text2Video-Zero/Sharks dart through the water.mp4,25,36,"[4,5,6,7,8,9,11,12,13,14,15,16,18,19,20,21,22,23,24,26,27,28,29,30,32,32]",25,1211.6242949850857,70.8649440202862,10.858803056180477,141.97923010215163,0.23596780374646187,1435.5715247802436,2690
1,1,109,Text2Video-Zero/A white orchid grows in a potted plant.mp4,25,36,"[4,5,6,7,8,9,11,12,13,14,15,16,18,19,20,21,22,23,24,26,27,28,29,30,32,32]",25,192.8969779983163,45.60260707512498,10.757250944152474,141.99365698732436,0.235249986872077,391.49427809752524,2690
1,1,110,VideoCrafter/Sunlight is streaming through the leaves onto the grass.mp4,25,16,"[2,2,3,3,4,4,5,5,6,6,6,7,8,8,9,9,10,10,10,11,12,12,12,13,14,14]",13,712.8330268897116,45.250630006194115,10.486879153177142,141.99212496168911,0.22867810912430286,910.8000341802835,2690
1,1,111,"Hotshot-XL/A couple walks hand in hand on the beach, listening to the sound of the waves.mp4",25,8,"[1,1,1,1,2,2,2,2,3,3,3,3,4,4,4,4,4,5,5,5,5,6,6,6,6,6]",6,173.46840305253863,51.76715482957661,10.810710955411196,142.05525419674814,0.2348169218748808,378.34417214617133,2690
1,1,112,Text2Video-Zero/A pet owner walks their dog in the park.mp4,25,36,"[4,5,6,7,8,9,11,12,13,14,15,16,18,19,20,21,22,23,24,26,27,28,29,30,32,32]",25,747.8060880675912,63.480916898697615,10.701986961066723,142.01711514033377,0.3069059457629919,964.3224079627544,2690
1,1,113,"video_fusion/A baseball player swung the bat, preparing for a home run.mp4",25,16,"[2,2,3,3,4,4,5,5,6,6,6,7,8,8,9,9,10,10,10,11,12,12,12,13,14,14]",13,40.03096092492342,44.1011618822813,11.227469891309738,145.06551902741194,0.24297297932207584,240.67599489353597,2690
1,1,114,Text2Video-Zero/A butterfly gracefully dances among the flowers.mp4,25,36,"[4,5,6,7,8,9,11,12,13,14,15,16,18,19,20,21,22,23,24,26,27,28,29,30,32,32]",25,241.97174096480012,63.00438987091184,10.67526894621551,142.11273309774697,0.2237139269709587,457.99625711515546,2690
1,1,115,VideoCrafter/A bowl of ramen has delicious pork and seaweed.mp4,25,16,"[2,2,3,3,4,4,5,5,6,6,6,7,8,8,9,9,10,10,10,11,12,12,12,13,14,14]",13,594.1736900713295,48.11066901311278,11.05752820149064,141.92933798767626,0.22425898350775242,795.503119006753,2690
1,1,116,Gen-2/A peony blooms with snow-white petals.mp4,25,96,"[10,13,16,19,22,25,29,32,35,38,41,44,48,51,54,57,60,63,66,70,73,76,79,82,86,86]",25,925.4982171114534,61.208095867186785,10.953938821330667,141.93107304163277,0.22814609110355377,1139.8331290110946,2690
1,1,117,Tune-A-Video/A piece of French bread is spread with butter.mp4,25,24,"[2,3,4,5,5,6,7,8,8,9,10,11,12,12,13,14,15,15,16,17,18,18,19,20,21,21]",20,190.84801292046905,55.430182022973895,10.870258091017604,141.9686700683087,0.2325850073248148,399.3579188827425,2690
1,1,118,"Gen-2/A writer sits at a desk, crafting a new novel.mp4",25,96,"[10,13,16,19,22,25,29,32,35,38,41,44,48,51,54,57,60,63,66,70,73,76,79,82,86,86]",25,1426.6214300878346,49.309154972434044,11.350637068971992,142.16405805200338,0.23603392764925957,1629.6907591167837,2690
1,1,119,VideoCrafter/A golden field of wheat sways gently in the breeze.mp4,25,16,"[2,2,3,3,4,4,5,5,6,6,6,7,8,8,9,9,10,10,10,11,12,12,12,13,14,14]",13,488.74620301648974,69.43985796533525,10.825000004842877,142.05644698813558,0.23911288008093834,711.3160679582506,2690
1,1,120,video_fusion/A tennis player elegantly slid on the grass court.mp4,25,16,"[2,2,3,3,4,4,5,5,6,6,6,7,8,8,9,9,10,10,10,11,12,12,12,13,14,14]",13,41.78108717314899,43.493995908647776,10.829841950908303,142.13391905650496,0.2341889776289463,238.48198191262782,2690
1,1,121,Hotshot-XL/A tennis player made spectacular plays at the net.mp4,25,8,"[1,1,1,1,2,2,2,2,3,3,3,3,4,4,4,4,4,5,5,5,5,6,6,6,6,6]",6,185.35094894468784,51.26704601570964,10.822057956829667,142.12463097646832,0.22679218091070652,389.79935087263584,2690
1,1,122,Tune-A-Video/A kangaroo jumps across the Australian desert.mp4,25,24,"[2,3,4,5,5,6,7,8,8,9,10,11,12,12,13,14,15,15,16,17,18,18,19,20,21,21]",20,397.35707198269665,58.793165953829885,10.499650845304132,142.1561478637159,0.22491486743092537,609.0386579744518,2690
1,1,123,VideoCrafter/A thin pancake is spread with butter and maple syrup.mp4,25,16,"[2,2,3,3,4,4,5,5,6,6,6,7,8,8,9,9,10,10,10,11,12,12,12,13,14,14]",13,707.0038048550487,44.18027587234974,10.832056868821383,142.18860608525574,0.23780600167810917,904.4506188947707,2690
1,1,124,Hotshot-XL/The rural stream serves as the water source for villagers.mp4,25,8,"[1,1,1,1,2,2,2,2,3,3,3,3,4,4,4,4,4,5,5,5,5,6,6,6,6,6]",6,386.1823969054967,55.205324897542596,10.404438944533467,142.051185015589,0.22634794004261494,594.0802718978375,2690
1,1,125,VideoCrafter/The crickets chirped merrily in the summer night.mp4,25,16,"[2,2,3,3,4,4,5,5,6,6,6,7,8,8,9,9,10,10,10,11,12,12,12,13,14,14]",13,440.5550351366401,62.818588921800256,10.633016936480999,142.07313698716462,0.23516383953392506,656.3239870592952,2690
1,1,126,Gen-2/A bowl of ramen has delicious pork and seaweed.mp4,25,96,"[10,13,16,19,22,25,29,32,35,38,41,44,48,51,54,57,60,63,66,70,73,76,79,82,86,86]",25,984.6265949308872,58.436491061002016,10.71360195055604,141.9943778309971,0.23388885892927647,1196.0138059221208,2690
1,1,127,Gen-2/A pet owner walks their dog in the park.mp4,25,96,"[10,13,16,19,22,25,29,32,35,38,41,44,48,51,54,57,60,63,66,70,73,76,79,82,86,86]",25,3407.0643009617925,66.29330990836024,10.96690190024674,142.0135679654777,0.22642500698566437,3626.5743451658636,2690
1,1,128,Hotshot-XL/Students create exquisite artwork in art class.mp4,25,8,"[1,1,1,1,2,2,2,2,3,3,3,3,4,4,4,4,4,5,5,5,5,6,6,6,6,6]",6,210.626149084419,53.77566581591964,10.512701002880931,142.08110398612916,0.2273889258503914,417.2306479886174,2690
1,1,129,Gen-2/Parents pick up students at the bus stop.mp4,25,96,"[10,13,16,19,22,25,29,32,35,38,41,44,48,51,54,57,60,63,66,70,73,76,79,82,86,86]",25,1453.04473512806,67.78886797837913,10.82785683684051,141.92059193737805,0.23289001546800137,1673.8301408477128,2690
1,1,130,"VideoCrafter/Unique desert landscapes, with dunes sculpted by the wind.mp4",25,16,"[2,2,3,3,4,4,5,5,6,6,6,7,8,8,9,9,10,10,10,11,12,12,12,13,14,14]",13,652.076561935246,72.8334030136466,10.661927983164787,141.93906891159713,0.2512698993086815,877.7768420986831,2690
1,1,131,Text2Video-Zero/The commander is strategizing in front of a map.mp4,25,36,"[4,5,6,7,8,9,11,12,13,14,15,16,18,19,20,21,22,23,24,26,27,28,29,30,32,32]",25,305.9349909890443,65.16202492639422,10.650580050423741,141.86232001520693,0.223569106310606,523.8476591184735,2690
1,1,132,Text2Video-Zero/A wheat field sways gracefully in the gentle breeze.mp4,25,36,"[4,5,6,7,8,9,11,12,13,14,15,16,18,19,20,21,22,23,24,26,27,28,29,30,32,32]",25,955.8063067961484,72.07303796894848,10.743024991825223,142.1091640368104,0.2382202073931694,1180.97837199457,2690
1,1,133,Tune-A-Video/Students create exquisite artwork in art class.mp4,25,24,"[2,3,4,5,5,6,7,8,8,9,10,11,12,12,13,14,15,15,16,17,18,18,19,20,21,21]",20,569.8959580622613,66.56389008276165,10.288723977282643,142.10060611367226,0.2258110325783491,789.083258016035,2690
1,1,134,Hotshot-XL/Soldiers are setting up tents in the camp.mp4,25,8,"[1,1,1,1,2,2,2,2,3,3,3,3,4,4,4,4,4,5,5,5,5,6,6,6,6,6]",6,283.13922393135726,77.43308716453612,11.081571923568845,142.2294150106609,0.2331628929823637,514.1254840418696,2690
1,1,135,video_fusion/Sunflowers stand tall in a field.mp4,25,16,"[2,2,3,3,4,4,5,5,6,6,6,7,8,8,9,9,10,10,10,11,12,12,12,13,14,14]",13,38.742044009268284,51.170311868190765,10.973989963531494,142.42065092548728,0.24395505897700787,243.5595418792218,2690
1,1,136,VideoCrafter/A sausage is grilled slightly crispy on the barbecue.mp4,25,16,"[2,2,3,3,4,4,5,5,6,6,6,7,8,8,9,9,10,10,10,11,12,12,12,13,14,14]",13,559.1756431385875,70.01211913302541,10.786643018946052,142.12553505785763,0.2308129332959652,782.3384748771787,2690
1,1,137,VideoCrafter/A pizza is topped with Italian sausage and mushrooms.mp4,25,16,"[2,2,3,3,4,4,5,5,6,6,6,7,8,8,9,9,10,10,10,11,12,12,12,13,14,14]",13,601.9581479486078,66.40370190143585,10.943996021524072,142.35043711960316,0.2456780057400465,821.9117929693311,2690
1,1,138,VideoCrafter/The school auditorium is decorated with festive decorations.mp4,25,16,"[2,2,3,3,4,4,5,5,6,6,6,7,8,8,9,9,10,10,10,11,12,12,12,13,14,14]",13,630.732559133321,73.44273501075804,10.683923959732056,142.0093378983438,0.22824900224804878,857.1059638634324,2690
1,1,139,Tune-A-Video/Teenage skateboarders perform tricks by the pond.mp4,25,24,"[2,3,4,5,5,6,7,8,8,9,10,11,12,12,13,14,15,15,16,17,18,18,19,20,21,21]",20,208.38030404411256,52.02537518925965,10.63192100264132,142.17024203389883,0.23244391195476055,413.4482319932431,2690
1,1,140,"Tune-A-Video/Blue skies and fluffy clouds, ever-changing shapes like poetry.mp4",25,24,"[2,3,4,5,5,6,7,8,8,9,10,11,12,12,13,14,15,15,16,17,18,18,19,20,21,21]",20,184.6695989370346,56.57883081585169,10.619929991662502,142.07637892104685,0.22920779883861542,394.182464806363,2690
1,1,141,"Gen-2/The campus has colorful gardens, full of vitality.mp4",25,96,"[10,13,16,19,22,25,29,32,35,38,41,44,48,51,54,57,60,63,66,70,73,76,79,82,86,86]",25,2537.503289990127,70.330390939489,10.492905974388123,142.01584900729358,0.22907601669430733,2760.580270085484,2690
1,1,142,Tune-A-Video/Swallows soar in the air.mp4,25,24,"[2,3,4,5,5,6,7,8,8,9,10,11,12,12,13,14,15,15,16,17,18,18,19,20,21,21]",20,184.6071018371731,61.068129958584905,11.278160847723484,142.46715884655714,0.22998801432549953,399.6582741383463,2690
1,1,143,Tune-A-Video/The seahorse swayed slowly on the sea floor.mp4,25,24,"[2,3,4,5,5,6,7,8,8,9,10,11,12,12,13,14,15,15,16,17,18,18,19,20,21,21]",20,181.04883702471852,51.409703912213445,11.220830027014017,142.1642010100186,0.22886786609888077,386.0806890297681,2690
1,1,144,"VideoCrafter/In a rugby match, players vied for possession of the rugby ball.mp4",25,16,"[2,2,3,3,4,4,5,5,6,6,6,7,8,8,9,9,10,10,10,11,12,12,12,13,14,14]",13,661.7181859910488,68.22329899296165,11.057790135964751,141.98110904544592,0.23010699078440666,883.2253320142627,2690
1,1,145,Hotshot-XL/Parents pick up students at the bus stop.mp4,25,8,"[1,1,1,1,2,2,2,2,3,3,3,3,4,4,4,4,4,5,5,5,5,6,6,6,6,6]",6,277.5858938694,63.84039903059602,11.076188879087567,142.03178184106946,0.22877193987369537,494.7769530117512,2690
1,1,146,Hotshot-XL/Students enjoy tasty sandwiches in the cafeteria.mp4,25,8,"[1,1,1,1,2,2,2,2,3,3,3,3,4,4,4,4,4,5,5,5,5,6,6,6,6,6]",6,205.61959501355886,66.43826887011528,11.2401710357517,142.06216391175985,0.3139800392091274,425.68948795087636,2690
1,1,147,"VideoCrafter/A baseball player swung the bat, preparing for a home run.mp4",25,16,"[2,2,3,3,4,4,5,5,6,6,6,7,8,8,9,9,10,10,10,11,12,12,12,13,14,14]",13,652.1827371325344,71.08073285780847,11.12359412945807,142.34743383713067,0.23603695444762707,876.9787489436567,2690
1,1,148,Text2Video-Zero/Students create exquisite artwork in art class.mp4,25,36,"[4,5,6,7,8,9,11,12,13,14,15,16,18,19,20,21,22,23,24,26,27,28,29,30,32,32]",25,718.2661660481244,72.25268799811602,11.277622077614069,143.09988194145262,0.2427808940410614,945.1483089942485,2690
1,1,149,VideoCrafter/A hippo leisurely floats in the water.mp4,25,16,"[2,2,3,3,4,4,5,5,6,6,6,7,8,8,9,9,10,10,10,11,12,12,12,13,14,14]",13,583.4595861379057,68.79068887792528,11.207434115931392,141.9178768992424,0.2322180662304163,805.6167750619352,2690
1,1,150,Tune-A-Video/Students savor delicious soups in the cafeteria.mp4,25,24,"[2,3,4,5,5,6,7,8,8,9,10,11,12,12,13,14,15,15,16,17,18,18,19,20,21,21]",20,427.5838169269264,71.52608595788479,11.245104018598795,142.13603595271707,0.2387578133493662,652.7438098564744,2690
1,1,151,Tune-A-Video/A skier enjoys the thrill of skiing on a snowy mountain.mp4,25,24,"[2,3,4,5,5,6,7,8,8,9,10,11,12,12,13,14,15,15,16,17,18,18,19,20,21,21]",20,262.17213994823396,65.65830390900373,10.469147935509682,142.06018904224038,0.22589298896491528,480.5981400422752,2690
1,1,152,Tune-A-Video/A cactus thrives in the harsh desert.mp4,25,24,"[2,3,4,5,5,6,7,8,8,9,10,11,12,12,13,14,15,15,16,17,18,18,19,20,21,21]",20,321.50246296077967,66.86864700168371,10.852269129827619,142.02412799932063,0.34190621227025986,541.6049060877413,2690
1,1,153,Tune-A-Video/A field of dandelions lines the side of a rural road.mp4,25,24,"[2,3,4,5,5,6,7,8,8,9,10,11,12,12,13,14,15,15,16,17,18,18,19,20,21,21]",20,438.79081308841705,69.01695812121034,10.759987868368626,141.97717909701169,0.22284802980720997,660.7825048267841,2690
1,1,154,Text2Video-Zero/Military aircraft are neatly lined up on the military base.mp4,25,36,"[4,5,6,7,8,9,11,12,13,14,15,16,18,19,20,21,22,23,24,26,27,28,29,30,32,32]",25,228.3076960593462,62.02684692107141,10.847731027752161,142.54996203817427,0.22770906798541546,443.96800617687404,2690
1,1,155,Hotshot-XL/A kangaroo jumps across the Australian desert.mp4,25,8,"[1,1,1,1,2,2,2,2,3,3,3,3,4,4,4,4,4,5,5,5,5,6,6,6,6,6]",6,248.75149317085743,67.66185001470149,10.947339003905654,142.13944599032402,0.23171002976596355,469.74550699815154,2690
1,1,156,video_fusion/A doctor is carefully examining a patient's body.mp4,25,16,"[2,2,3,3,4,4,5,5,6,6,6,7,8,8,9,9,10,10,10,11,12,12,12,13,14,14]",13,36.022137152031064,48.88121411204338,10.800548130646348,142.48739904724061,0.22884993813931942,238.4278739336878,2690
1,1,157,Hotshot-XL/A doctor cares for patients in the hospital.mp4,25,8,"[1,1,1,1,2,2,2,2,3,3,3,3,4,4,4,4,4,5,5,5,5,6,6,6,6,6]",6,169.20427489094436,57.524116011336446,11.00477296859026,142.2007279470563,0.28849486261606216,380.2355951629579,2690
1,1,158,Gen-2/An ancient church is a landmark in the village.mp4,25,96,"[10,13,16,19,22,25,29,32,35,38,41,44,48,51,54,57,60,63,66,70,73,76,79,82,86,86]",25,2373.7120390869677,73.82014906033874,11.001356178894639,142.2011179383844,0.23467396385967731,2600.97878286615,2690
1,1,159,Hotshot-XL/Children dig sandcastles on the beach.mp4,25,8,"[1,1,1,1,2,2,2,2,3,3,3,3,4,4,4,4,4,5,5,5,5,6,6,6,6,6]",6,305.4261850193143,66.32428895682096,11.25330594368279,142.1121011953801,0.2321221400052309,525.3631169907749,2690
1,1,160,VideoCrafter/An explorer searches for adventure in the forest.mp4,25,16,"[2,2,3,3,4,4,5,5,6,6,6,7,8,8,9,9,10,10,10,11,12,12,12,13,14,14]",13,740.7142161391675,75.44819405302405,10.490768821910024,142.1326429117471,0.2236650325357914,969.0182758495212,2690
1,1,161,Text2Video-Zero/Cherry trees in the orchard are filled with red fruit.mp4,25,36,"[4,5,6,7,8,9,11,12,13,14,15,16,18,19,20,21,22,23,24,26,27,28,29,30,32,32]",25,1111.654178937897,70.10517083108425,10.878629982471466,143.24384601786733,0.24151895195245743,1336.138708051294,2690
1,1,162,Hotshot-XL/The school auditorium is decorated with festive decorations.mp4,25,8,"[1,1,1,1,2,2,2,2,3,3,3,3,4,4,4,4,4,5,5,5,5,6,6,6,6,6]",6,247.42437503300607,64.00159001350403,10.863826842978597,142.04821293242276,0.23134704679250717,464.58374592475593,2690
1,1,163,Text2Video-Zero/An adorable little cat is napping on the windowsill.mp4,25,36,"[4,5,6,7,8,9,11,12,13,14,15,16,18,19,20,21,22,23,24,26,27,28,29,30,32,32]",25,232.8198179602623,68.34431202150881,13.86365294456482,143.19266192615032,0.29143993742763996,458.5317999590188,2690
1,1,164,Tune-A-Video/A doctor is carefully examining a patient's body.mp4,25,24,"[2,3,4,5,5,6,7,8,8,9,10,11,12,12,13,14,15,15,16,17,18,18,19,20,21,21]",20,275.1791379414499,62.22294503822923,11.018216842785478,142.0744899660349,0.22961804643273354,490.74034695513546,2690
1,1,165,Gen-2/An adorable little cat is napping on the windowsill.mp4,25,96,"[10,13,16,19,22,25,29,32,35,38,41,44,48,51,54,57,60,63,66,70,73,76,79,82,86,86]",25,975.6962000392377,70.53835596889257,10.898487875238061,142.45839696377516,0.2926380839198828,1199.8925381340086,2690
1,1,166,VideoCrafter/A kangaroo jumps across the Australian desert.mp4,25,16,"[2,2,3,3,4,4,5,5,6,6,6,7,8,8,9,9,10,10,10,11,12,12,12,13,14,14]",13,515.1190760079771,67.34086410142481,11.027855100110173,142.40454696118832,0.22811302915215492,736.1363549716771,2690
1,1,167,video_fusion/A thin pancake is spread with butter and maple syrup.mp4,25,16,"[2,2,3,3,4,4,5,5,6,6,6,7,8,8,9,9,10,10,10,11,12,12,12,13,14,14]",13,39.33182707987726,57.53616010770202,11.141584953293204,143.4797488618642,0.2375009935349226,251.74034689553082,2690
1,1,168,Tune-A-Video/A diver is exploring the underwater world under the coral reef.mp4,25,24,"[2,3,4,5,5,6,7,8,8,9,10,11,12,12,13,14,15,15,16,17,18,18,19,20,21,21]",20,389.5963430404663,72.99291109666228,11.245483998209238,142.06459606066346,0.22319704294204712,616.1306279245764,2690
1,1,169,Gen-2/A slice of French chocolate mousse cake brings sweet delight.mp4,25,96,"[10,13,16,19,22,25,29,32,35,38,41,44,48,51,54,57,60,63,66,70,73,76,79,82,86,86]",25,1084.1363600920886,59.96833206154406,11.175588006153703,142.5391340162605,0.24304306134581566,1298.0813209433109,2690
1,1,170,"Gen-2/A couple walks hand in hand on the beach, listening to the sound of the waves.mp4",25,96,"[10,13,16,19,22,25,29,32,35,38,41,44,48,51,54,57,60,63,66,70,73,76,79,82,86,86]",25,980.3752200677991,60.99768797867,10.574910091236234,142.01730815693736,0.32313307747244835,1194.2980270832777,2690
1,1,171,Text2Video-Zero/A hippo leisurely floats in the water.mp4,25,36,"[4,5,6,7,8,9,11,12,13,14,15,16,18,19,20,21,22,23,24,26,27,28,29,30,32,32]",25,1078.9851299487054,74.75925097241998,11.038925964385271,142.02968403697014,0.22828788496553898,1307.0491671096534,2690
1,1,172,"Tune-A-Video/In a rugby match, players vied for possession of the rugby ball.mp4",25,24,"[2,3,4,5,5,6,7,8,8,9,10,11,12,12,13,14,15,15,16,17,18,18,19,20,21,21]",20,385.16069506295025,69.61903884075582,10.989109054207802,142.04505388624966,0.2363910898566246,608.0591250211,2690
1,1,173,"VideoCrafter/The campus has colorful gardens, full of vitality.mp4",25,16,"[2,2,3,3,4,4,5,5,6,6,6,7,8,8,9,9,10,10,10,11,12,12,12,13,14,14]",13,239.5633510313928,68.33225605078042,11.13098906353116,142.02318503521383,0.2259030006825924,461.2899450585246,2690
1,1,174,Hotshot-XL/A family goes to the movies on the weekend.mp4,25,8,"[1,1,1,1,2,2,2,2,3,3,3,3,4,4,4,4,4,5,5,5,5,6,6,6,6,6]",6,158.90033496543765,58.830634923651814,11.068486841395497,142.08865608088672,0.22411695681512356,371.12593697384,2690
1,1,175,Tune-A-Video/A pizza is topped with Italian sausage and mushrooms.mp4,25,24,"[2,3,4,5,5,6,7,8,8,9,10,11,12,12,13,14,15,15,16,17,18,18,19,20,21,21]",20,776.3587171211839,77.56575103849173,10.949216084554791,142.12484192103148,0.22157304920256138,1007.2282559704036,2690
1,1,176,Tune-A-Video/An orchid blooms with deep purple flowers.mp4,25,24,"[2,3,4,5,5,6,7,8,8,9,10,11,12,12,13,14,15,15,16,17,18,18,19,20,21,21]",20,385.3984901215881,79.37077200040221,11.180733097717166,142.13529182597995,0.26396987959742546,618.3629459701478,2690
1,1,177,VideoCrafter/A doctor cares for patients in the hospital.mp4,25,16,"[2,2,3,3,4,4,5,5,6,6,6,7,8,8,9,9,10,10,10,11,12,12,12,13,14,14]",13,392.2799250576645,61.62094394676387,10.328565957024693,142.18982588499784,0.2284599468111992,606.6565648652613,2690
1,1,178,Hotshot-XL/A pizza is topped with Italian sausage and mushrooms.mp4,25,8,"[1,1,1,1,2,2,2,2,3,3,3,3,4,4,4,4,4,5,5,5,5,6,6,6,6,6]",6,303.9010821375996,77.60984799824655,10.77382918447256,142.54175405949354,0.2382081001996994,535.0785709451884,2690
1,1,179,VideoCrafter/A salad is sprinkled with nuts and fruits.mp4,25,16,"[2,2,3,3,4,4,5,5,6,6,6,7,8,8,9,9,10,10,10,11,12,12,12,13,14,14]",13,722.288069082424,61.021645087748766,10.590673191472888,142.16345082968473,0.26264204643666744,936.33439601399,2690
1,1,180,Hotshot-XL/A photographer captures the neon lights of the city.mp4,25,8,"[1,1,1,1,2,2,2,2,3,3,3,3,4,4,4,4,4,5,5,5,5,6,6,6,6,6]",6,135.5485061649233,59.355719946324825,10.675403056666255,142.08328910171986,0.2279819454997778,347.9049450252205,2690
1,1,181,Tune-A-Video/Soldiers are setting up tents in the camp.mp4,25,24,"[2,3,4,5,5,6,7,8,8,9,10,11,12,12,13,14,15,15,16,17,18,18,19,20,21,21]",20,576.5550581272691,72.17612909153104,10.777767049148679,142.09070499055088,0.23976899683475494,801.8545629456639,2690
1,1,182,VideoCrafter/Soldiers are setting up tents in the camp.mp4,25,16,"[2,2,3,3,4,4,5,5,6,6,6,7,8,8,9,9,10,10,10,11,12,12,12,13,14,14]",13,523.3071630354971,63.21331416256726,10.757796932011843,142.10968790575862,0.23145810700953007,739.6274278871715,2690
1,1,183,video_fusion/Students program in the computer lab.mp4,25,16,"[2,2,3,3,4,4,5,5,6,6,6,7,8,8,9,9,10,10,10,11,12,12,12,13,14,14]",13,39.18781992979348,48.435417003929615,10.79573598690331,142.1788011211902,0.2365768887102604,240.84241897799075,2690
1,1,184,video_fusion/Various fruit trees grow in the countryside.mp4,25,16,"[2,2,3,3,4,4,5,5,6,6,6,7,8,8,9,9,10,10,10,11,12,12,12,13,14,14]",13,36.07432497665286,51.41345411539078,10.87107602506876,142.23319897428155,0.2241909969598055,240.8249108120799,2690
1,1,185,Gen-2/The rural stream serves as the water source for villagers.mp4,25,96,"[10,13,16,19,22,25,29,32,35,38,41,44,48,51,54,57,60,63,66,70,73,76,79,82,86,86]",25,2595.136096002534,74.4680988136679,10.990337003022432,141.97399094700813,0.22417306900024414,2822.8069299366325,2690
1,1,186,Text2Video-Zero/A skier enjoys the thrill of skiing on a snowy mountain.mp4,25,36,"[4,5,6,7,8,9,11,12,13,14,15,16,18,19,20,21,22,23,24,26,27,28,29,30,32,32]",25,865.3475579340011,79.26940708421171,10.835805907845497,142.27527100592852,0.23875106126070023,1097.975651966408,2690
1,1,187,"video_fusion/Students enjoy their time on campus, full of youthful energy.mp4",25,16,"[2,2,3,3,4,4,5,5,6,6,6,7,8,8,9,9,10,10,10,11,12,12,12,13,14,14]",13,43.65710006095469,51.43977515399456,11.05323783122003,142.23036891780794,0.22452021948993206,248.61331610009074,2690
1,1,188,Text2Video-Zero/Various fruit trees grow in the countryside.mp4,25,36,"[4,5,6,7,8,9,11,12,13,14,15,16,18,19,20,21,22,23,24,26,27,28,29,30,32,32]",25,615.9813108388335,72.36729492433369,10.896374937146902,142.63877598568797,0.22131577134132385,842.113328166306,2690
1,1,189,video_fusion/A bowl of ramen has delicious pork and seaweed.mp4,25,16,"[2,2,3,3,4,4,5,5,6,6,6,7,8,8,9,9,10,10,10,11,12,12,12,13,14,14]",13,36.67157795280218,52.46398597955704,11.123728938400745,142.36988383345306,0.2346911933273077,242.8714190609753,2690
1,1,190,VideoCrafter/A roasted cod fish is garnished with fresh herbs.mp4,25,16,"[2,2,3,3,4,4,5,5,6,6,6,7,8,8,9,9,10,10,10,11,12,12,12,13,14,14]",13,744.8507498484105,79.96730599552393,24.762522196397185,142.48652616515756,0.24177413433790207,992.3174688592553,2690
1,1,191,video_fusion/Swallows soar in the air.mp4,25,16,"[2,2,3,3,4,4,5,5,6,6,6,7,8,8,9,9,10,10,10,11,12,12,12,13,14,14]",13,41.662879986688495,57.268316857516766,11.069024913012981,143.1415642146021,0.3108091186732054,253.46025614999235,2690
1,1,192,Text2Video-Zero/Students and teachers discuss topics in the classroom.mp4,25,36,"[4,5,6,7,8,9,11,12,13,14,15,16,18,19,20,21,22,23,24,26,27,28,29,30,32,32]",25,473.9175320137292,74.11276106722653,11.852041119709611,143.0178249720484,0.2754430752247572,703.1846418976784,2690
1,1,193,Hotshot-XL/The seahorse swayed slowly on the sea floor.mp4,25,8,"[1,1,1,1,2,2,2,2,3,3,3,3,4,4,4,4,4,5,5,5,5,6,6,6,6,6]",6,305.6673831306398,82.20331300981343,12.571197003126144,143.3424730785191,0.31008804216980934,544.1030832007527,2690
1,1,194,video_fusion/A wheat field sways gracefully in the gentle breeze.mp4,25,16,"[2,2,3,3,4,4,5,5,6,6,6,7,8,8,9,9,10,10,10,11,12,12,12,13,14,14]",13,41.29468300379813,59.66786202043295,12.090845964848995,143.619003938511,0.2683890052139759,256.94863498210907,2690
1,1,195,Gen-2/A piece of cheesecake is covered with blueberry sauce.mp4,25,96,"[10,13,16,19,22,25,29,32,35,38,41,44,48,51,54,57,60,63,66,70,73,76,79,82,86,86]",25,1241.6287299711257,70.46165992505848,12.20124401152134,143.29110505059361,0.3189230337738991,1467.9119810461998,2690
1,1,196,"video_fusion/A waterfall cascades gracefully, resembling a silver thread.mp4",25,16,"[2,2,3,3,4,4,5,5,6,6,6,7,8,8,9,9,10,10,10,11,12,12,12,13,14,14]",13,47.01924789696932,48.17283502779901,11.988242156803608,143.41619913466275,0.3157109022140503,250.9209900163114,2690
1,1,197,Gen-2/A salad is sprinkled with nuts and fruits.mp4,25,96,"[10,13,16,19,22,25,29,32,35,38,41,44,48,51,54,57,60,63,66,70,73,76,79,82,86,86]",25,1547.1188980154693,60.83779991604388,12.003869051113725,143.05482991039753,0.2589300274848938,1763.2898790761828,2690
1,1,198,Gen-2/A diver is exploring the underwater world under the coral reef.mp4,25,96,"[10,13,16,19,22,25,29,32,35,38,41,44,48,51,54,57,60,63,66,70,73,76,79,82,86,86]",25,1742.422655923292,72.21812894567847,11.78770000115037,143.13389593735337,0.2785001415759325,1969.84998206608,2690
1,1,199,Gen-2/A bowl of rich French onion soup emanates an enticing aroma.mp4,25,96,"[10,13,16,19,22,25,29,32,35,38,41,44,48,51,54,57,60,63,66,70,73,76,79,82,86,86]",25,2589.3538028467447,75.45869913883507,12.081082910299301,142.93878292664886,0.2605440095067024,2820.1089492067695,2690
1,1,200,VideoCrafter/A roasted salmon is presented on a plate.mp4,25,16,"[2,2,3,3,4,4,5,5,6,6,6,7,8,8,9,9,10,10,10,11,12,12,12,13,14,14]",13,737.8440829925239,74.64366313070059,11.530559975653887,143.22541910223663,0.2793739549815655,967.5374580547214,2690
1,1,201,Hotshot-XL/A bowl of hot soup is especially delicious on a cold winter day.mp4,25,8,"[1,1,1,1,2,2,2,2,3,3,3,3,4,4,4,4,4,5,5,5,5,6,6,6,6,6]",6,132.53288506530225,59.87270805053413,11.524994159117341,143.19659094326198,0.32259500585496426,347.4632347933948,2690
1,1,202,Hotshot-XL/A roasted cod fish is garnished with fresh herbs.mp4,25,8,"[1,1,1,1,2,2,2,2,3,3,3,3,4,4,4,4,4,5,5,5,5,6,6,6,6,6]",6,289.339984068647,64.91568312048912,11.529760900884867,143.07042094878852,0.2554010134190321,509.1249840334058,2690
1,1,203,Tune-A-Video/A pet owner walks their dog in the park.mp4,25,24,"[2,3,4,5,5,6,7,8,8,9,10,11,12,12,13,14,15,15,16,17,18,18,19,20,21,21]",20,167.13628103025258,55.51498802378774,11.410756967961788,143.88975780457258,0.2910490147769451,378.2512859907001,2690
1,1,204,video_fusion/A white orchid grows in a potted plant.mp4,25,16,"[2,2,3,3,4,4,5,5,6,6,6,7,8,8,9,9,10,10,10,11,12,12,12,13,14,14]",13,42.0326420571655,52.77536413632333,11.586367851123214,145.52062307484448,0.2712870482355356,252.20009312033653,2690
1,1,205,Text2Video-Zero/A designer creates fashionable clothing designs.mp4,25,36,"[4,5,6,7,8,9,11,12,13,14,15,16,18,19,20,21,22,23,24,26,27,28,29,30,32,32]",25,304.5216449536383,66.43760995939374,11.147254845127463,143.24319711886346,0.25106617249548435,525.6101139821112,2690
1,1,206,Gen-2/There's a drum and guitar in the music classroom.mp4,25,96,"[10,13,16,19,22,25,29,32,35,38,41,44,48,51,54,57,60,63,66,70,73,76,79,82,86,86]",25,1176.8996329046786,70.46987302601337,11.159053072333336,142.65399216674268,0.250909011811018,1401.44386398606,2690
1,1,207,"Hotshot-XL/Unique desert landscapes, with dunes sculpted by the wind.mp4",25,8,"[1,1,1,1,2,2,2,2,3,3,3,3,4,4,4,4,4,5,5,5,5,6,6,6,6,6]",6,258.2986878696829,58.52202186360955,10.622758185490966,142.34168594703078,0.23646187037229538,470.0312160421163,2690
1,1,208,VideoCrafter/A cup of hot chocolate is fragrant.mp4,25,16,"[2,2,3,3,4,4,5,5,6,6,6,7,8,8,9,9,10,10,10,11,12,12,12,13,14,14]",13,366.2032869178802,61.29692681133747,10.735750896856189,142.9728411603719,0.23583811707794666,581.4537450205535,2690
1,1,209,Gen-2/The school auditorium is decorated with festive decorations.mp4,25,96,"[10,13,16,19,22,25,29,32,35,38,41,44,48,51,54,57,60,63,66,70,73,76,79,82,86,86]",25,2377.130817156285,74.32561786845326,10.384390130639076,142.23827607929707,0.2613430842757225,2604.3504930566996,2690
1,1,210,Gen-2/People sunbathe on the lawn.mp4,25,96,"[10,13,16,19,22,25,29,32,35,38,41,44,48,51,54,57,60,63,66,70,73,76,79,82,86,86]",25,1663.464381126687,69.76764206774533,10.993157979100943,142.41600804962218,0.24374201893806458,1886.9000498671085,2690
1,1,211,Tune-A-Video/Various fruit trees grow in the countryside.mp4,25,24,"[2,3,4,5,5,6,7,8,8,9,10,11,12,12,13,14,15,15,16,17,18,18,19,20,21,21]",20,667.2236709855497,74.46887600235641,11.000575963407755,142.3506869468838,0.23743812926113605,895.2901361044496,2690
1,1,212,Hotshot-XL/An orchid blooms with deep purple flowers.mp4,25,8,"[1,1,1,1,2,2,2,2,3,3,3,3,4,4,4,4,4,5,5,5,5,6,6,6,6,6]",6,247.5252109579742,73.36411299183965,11.180705856531858,142.51317409798503,0.23220409639179707,474.82303297147155,2690
1,1,213,video_fusion/A salad is sprinkled with nuts and fruits.mp4,25,16,"[2,2,3,3,4,4,5,5,6,6,6,7,8,8,9,9,10,10,10,11,12,12,12,13,14,14]",13,39.721979992464185,59.88521291874349,11.008771136403084,142.4511990044266,0.24122511968016624,253.32335103303194,2690
1,1,214,video_fusion/A piece of French bread is spread with butter.mp4,25,16,"[2,2,3,3,4,4,5,5,6,6,6,7,8,8,9,9,10,10,10,11,12,12,12,13,14,14]",13,45.21098989062011,57.53452703356743,10.947098024189472,142.49546197243035,0.2397450152784586,256.4413519576192,2690
1,1,215,Tune-A-Video/A group of villagers wash clothes by the stream.mp4,25,24,"[2,3,4,5,5,6,7,8,8,9,10,11,12,12,13,14,15,15,16,17,18,18,19,20,21,21]",20,194.36205411329865,63.19787190295756,11.06468797661364,142.38466904498637,0.24005305022001266,411.25865699723363,2690
1,1,216,Gen-2/Students create exquisite artwork in art class.mp4,25,96,"[10,13,16,19,22,25,29,32,35,38,41,44,48,51,54,57,60,63,66,70,73,76,79,82,86,86]",25,1087.0493589900434,66.5223600808531,11.094164801761508,142.9891330190003,0.33414503559470177,1308.002470061183,2690
1,1,217,VideoCrafter/Students participate in celebration ceremonies in the school courtyard.mp4,25,16,"[2,2,3,3,4,4,5,5,6,6,6,7,8,8,9,9,10,10,10,11,12,12,12,13,14,14]",13,470.6790631171316,64.92132507264614,10.886584874242544,142.35824113711715,0.23791496641933918,689.0973409172148,2690
1,1,218,Gen-2/There are boats on the park lake.mp4,25,96,"[10,13,16,19,22,25,29,32,35,38,41,44,48,51,54,57,60,63,66,70,73,76,79,82,86,86]",25,1749.1493260022253,73.2929038349539,10.893902042880654,142.32937595807016,0.22849906235933304,1975.9031399153173,2690
1,1,219,video_fusion/A diver is exploring the underwater world under the coral reef.mp4,25,16,"[2,2,3,3,4,4,5,5,6,6,6,7,8,8,9,9,10,10,10,11,12,12,12,13,14,14]",13,47.88615298457444,47.46416211128235,10.893349070101976,142.618975834921,0.24541490711271763,249.12276002578437,2690
1,1,220,Text2Video-Zero/Visitors get information at the park's visitor center.mp4,25,36,"[4,5,6,7,8,9,11,12,13,14,15,16,18,19,20,21,22,23,24,26,27,28,29,30,32,32]",25,507.06428312696517,75.94197290018201,10.949047980830073,142.25124684162438,0.22940407507121563,736.4491519983858,2690
1,1,221,"video_fusion/In front of a farmhouse, there is a swing.mp4",25,16,"[2,2,3,3,4,4,5,5,6,6,6,7,8,8,9,9,10,10,10,11,12,12,12,13,14,14]",13,32.34443487599492,51.56460707075894,10.927055031061172,142.44282501749694,0.2417638897895813,237.53475700505078,2690
1,1,222,Gen-2/A lotus leaf floats on a serene pond.mp4,25,96,"[10,13,16,19,22,25,29,32,35,38,41,44,48,51,54,57,60,63,66,70,73,76,79,82,86,86]",25,1010.9897709917277,69.00856783613563,10.86337398737669,142.41528906859457,0.2433799672871828,1233.5299469996244,2690
1,1,223,VideoCrafter/A white orchid grows in a potted plant.mp4,25,16,"[2,2,3,3,4,4,5,5,6,6,6,7,8,8,9,9,10,10,10,11,12,12,12,13,14,14]",13,352.391627850011,64.24578186124563,10.710058966651559,142.42144720628858,0.24553085677325726,570.0229371432215,2690
1,1,224,"VideoCrafter/Blue skies and fluffy clouds, ever-changing shapes like poetry.mp4",25,16,"[2,2,3,3,4,4,5,5,6,6,6,7,8,8,9,9,10,10,10,11,12,12,12,13,14,14]",13,678.3672210294753,81.1034431681037,10.837895097211003,143.29777006059885,0.5307779647409916,914.1526429448277,2690
1,1,225,"Hotshot-XL/A waterfall cascades gracefully, resembling a silver thread.mp4",25,8,"[1,1,1,1,2,2,2,2,3,3,3,3,4,4,4,4,4,5,5,5,5,6,6,6,6,6]",6,349.29386200383306,78.40103190392256,10.70123491808772,144.36716097407043,0.24990481324493885,583.021892933175,2690
1,1,226,Tune-A-Video/The school auditorium is decorated with festive decorations.mp4,25,24,"[2,3,4,5,5,6,7,8,8,9,10,11,12,12,13,14,15,15,16,17,18,18,19,20,21,21]",20,220.18049797043204,60.34613191150129,11.30516710691154,142.66938506625593,0.271426048129797,434.78205404244363,2690
1,1,227,video_fusion/Teenage skateboarders perform tricks by the pond.mp4,25,16,"[2,2,3,3,4,4,5,5,6,6,6,7,8,8,9,9,10,10,10,11,12,12,12,13,14,14]",13,43.58950606547296,52.09989892318845,11.187391122803092,142.6744619384408,0.237226951867342,249.80297894217074,2690
1,1,228,video_fusion/A water skier created splashes on the lake.mp4,25,16,"[2,2,3,3,4,4,5,5,6,6,6,7,8,8,9,9,10,10,10,11,12,12,12,13,14,14]",13,49.26210502162576,54.46585197933018,10.747451800853014,142.62303616851568,0.23383600637316704,257.3408188764006,2690
1,1,229,video_fusion/A doctor cares for patients in the hospital.mp4,25,16,"[2,2,3,3,4,4,5,5,6,6,6,7,8,8,9,9,10,10,10,11,12,12,12,13,14,14]",13,41.16478282958269,54.04169484972954,10.975042125210166,142.6780130714178,0.24228193797171116,249.11499000154436,2690
1,1,230,Hotshot-XL/Crocodiles swim leisurely in the lake.mp4,25,8,"[1,1,1,1,2,2,2,2,3,3,3,3,4,4,4,4,4,5,5,5,5,6,6,6,6,6]",6,301.1114918626845,77.54876301623881,10.035933926701546,142.52862590365112,0.22497889585793018,531.4604409504682,2690
1,1,231,Tune-A-Video/A purple bellflower opens in the sunlight.mp4,25,24,"[2,3,4,5,5,6,7,8,8,9,10,11,12,12,13,14,15,15,16,17,18,18,19,20,21,21]",20,332.01883896254003,73.54675885289907,10.782130062580109,142.98267080448568,0.23069186136126518,559.5697711687535,2690
1,1,232,Tune-A-Video/A bowl of spicy Mexican chili is very delicious.mp4,25,24,"[2,3,4,5,5,6,7,8,8,9,10,11,12,12,13,14,15,15,16,17,18,18,19,20,21,21]",20,233.33392408676445,58.14222805202007,10.728103807196021,142.73468288592994,0.23860111832618713,445.1859400141984,2690
1,1,233,Gen-2/The roof of a farmhouse is covered in moss.mp4,25,96,"[10,13,16,19,22,25,29,32,35,38,41,44,48,51,54,57,60,63,66,70,73,76,79,82,86,86]",25,2703.760385978967,68.40999401174486,10.806325124576688,142.47412304393947,0.2526140306144953,2925.713010132313,2690
1,1,234,video_fusion/A lotus leaf floats on a serene pond.mp4,25,16,"[2,2,3,3,4,4,5,5,6,6,6,7,8,8,9,9,10,10,10,11,12,12,12,13,14,14]",13,36.2956658937037,41.92609176971018,10.738539975136518,142.65081798657775,0.2423478290438652,231.86169588007033,2690
1,1,235,VideoCrafter/Purple lavender grows in the field.mp4,25,16,"[2,2,3,3,4,4,5,5,6,6,6,7,8,8,9,9,10,10,10,11,12,12,12,13,14,14]",13,284.87520501948893,69.23234486021101,10.782655095681548,142.50285690650344,0.23667002096772194,507.6385159045458,2690
1,1,236,Tune-A-Video/A white orchid grows in a potted plant.mp4,25,24,"[2,3,4,5,5,6,7,8,8,9,10,11,12,12,13,14,15,15,16,17,18,18,19,20,21,21]",20,319.0404810011387,71.46867900155485,11.026898166164756,142.7555710542947,0.24231313727796078,544.5424201898277,2690
1,1,237,Gen-2/A bowl of hot soup is especially delicious on a cold winter day.mp4,25,96,"[10,13,16,19,22,25,29,32,35,38,41,44,48,51,54,57,60,63,66,70,73,76,79,82,86,86]",25,1578.5797589924186,44.66210794635117,10.857399087399244,142.43129012174904,0.23989705368876457,1776.7796700354666,2690
1,1,238,Tune-A-Video/A peony blooms with snow-white petals.mp4,25,24,"[2,3,4,5,5,6,7,8,8,9,10,11,12,12,13,14,15,15,16,17,18,18,19,20,21,21]",20,355.238069081679,64.39330917783082,10.982753010466695,145.00801800750196,0.23758085444569588,575.8683530148119,2690
1,1,239,Hotshot-XL/A golden field of wheat sways gently in the breeze.mp4,25,8,"[1,1,1,1,2,2,2,2,3,3,3,3,4,4,4,4,4,5,5,5,5,6,6,6,6,6]",6,407.4602460023016,77.10310909897089,11.01989601738751,142.45918206870556,0.23523601703345776,638.2870269007981,2690
1,1,240,video_fusion/There are boats on the park lake.mp4,25,16,"[2,2,3,3,4,4,5,5,6,6,6,7,8,8,9,9,10,10,10,11,12,12,12,13,14,14]",13,36.160209914669394,57.0837848354131,11.009345995262265,142.63549190945923,0.24783285334706306,247.14549304917455,2690
1,1,241,video_fusion/Sharks dart through the water.mp4,25,16,"[2,2,3,3,4,4,5,5,6,6,6,7,8,8,9,9,10,10,10,11,12,12,12,13,14,14]",13,37.767249159514904,55.85238290950656,10.948052164167166,142.54935388453305,0.23402203805744648,247.3649049643427,2690
1,1,242,Gen-2/A roasted cod fish is garnished with fresh herbs.mp4,25,96,"[10,13,16,19,22,25,29,32,35,38,41,44,48,51,54,57,60,63,66,70,73,76,79,82,86,86]",25,1677.6313451118767,72.58707913570106,11.034446069970727,142.49774697236717,0.2315589226782322,1903.9990529417992,2690
1,1,243,Hotshot-XL/A bowl of spicy Mexican chili is very delicious.mp4,25,8,"[1,1,1,1,2,2,2,2,3,3,3,3,4,4,4,4,4,5,5,5,5,6,6,6,6,6]",6,255.94067107886076,73.12498008832335,10.591377038508654,142.3829949926585,0.22909301333129406,482.27853514254093,2690
1,1,244,Gen-2/A skier enjoys the thrill of skiing on a snowy mountain.mp4,25,96,"[10,13,16,19,22,25,29,32,35,38,41,44,48,51,54,57,60,63,66,70,73,76,79,82,86,86]",25,1267.1104229521006,55.258231004700065,11.273778975009918,143.16589292138815,0.25532394647598267,1477.0739108789712,2690
1,1,245,video_fusion/The roof of a farmhouse is covered in moss.mp4,25,16,"[2,2,3,3,4,4,5,5,6,6,6,7,8,8,9,9,10,10,10,11,12,12,12,13,14,14]",13,43.79031015560031,49.27251092158258,11.212605983018875,142.3832110594958,0.23600086569786072,246.90998112782836,2690
1,1,246,video_fusion/A pizza is topped with Italian sausage and mushrooms.mp4,25,16,"[2,2,3,3,4,4,5,5,6,6,6,7,8,8,9,9,10,10,10,11,12,12,12,13,14,14]",13,41.89540701918304,56.89337803050876,11.475561186671257,142.5688099116087,0.23612403310835361,253.08533990755677,2690
1,1,247,"video_fusion/Unique desert landscapes, with dunes sculpted by the wind.mp4",25,16,"[2,2,3,3,4,4,5,5,6,6,6,7,8,8,9,9,10,10,10,11,12,12,12,13,14,14]",13,36.70636797323823,55.987656116485596,10.859191184863448,142.64979702420533,1.2052818201482296,247.41782201454043,2690
1,1,248,Hotshot-XL/A daffodil sways in the spring breeze.mp4,25,8,"[1,1,1,1,2,2,2,2,3,3,3,3,4,4,4,4,4,5,5,5,5,6,6,6,6,6]",6,140.64082596451044,46.91038699820638,11.253474978730083,143.0949210189283,0.2288990654051304,342.1376070473343,2690
1,1,249,"video_fusion/Willow trees by the river, swaying gently in the calming breeze.mp4",25,16,"[2,2,3,3,4,4,5,5,6,6,6,7,8,8,9,9,10,10,10,11,12,12,12,13,14,14]",13,42.67510678619146,49.161371076479554,11.318074073642492,142.61134900152683,0.3377748653292656,246.117606991902,2690
1,1,250,VideoCrafter/A water skier created splashes on the lake.mp4,25,16,"[2,2,3,3,4,4,5,5,6,6,6,7,8,8,9,9,10,10,10,11,12,12,12,13,14,14]",13,307.54874809645116,80.01011796295643,11.334778042510152,142.32834102585912,0.22859405726194382,541.4665648713708,2690
1,1,251,VideoCrafter/A slice of French chocolate mousse cake brings sweet delight.mp4,25,16,"[2,2,3,3,4,4,5,5,6,6,6,7,8,8,9,9,10,10,10,11,12,12,12,13,14,14]",13,568.5045619029552,87.92601898312569,11.245092144235969,142.81284902244806,0.32335310243070126,810.8265579212457,2690
1,1,252,video_fusion/People taking a leisurely walk admire the lake view.mp4,25,16,"[2,2,3,3,4,4,5,5,6,6,6,7,8,8,9,9,10,10,10,11,12,12,12,13,14,14]",13,33.78295688889921,57.95267620123923,11.230892967432737,142.4416289664805,0.29897200874984264,245.72306009940803,2690
1,1,253,Gen-2/The commander is strategizing in front of a map.mp4,25,96,"[10,13,16,19,22,25,29,32,35,38,41,44,48,51,54,57,60,63,66,70,73,76,79,82,86,86]",25,1525.5719439592212,73.43354704789817,10.96578105352819,142.34594395384192,0.24010194465517998,1752.5666831061244,2690
1,1,254,Tune-A-Video/A painter showcases their art on an outdoor gallery.mp4,25,24,"[2,3,4,5,5,6,7,8,8,9,10,11,12,12,13,14,15,15,16,17,18,18,19,20,21,21]",20,224.2052110377699,48.46077715046704,10.650154203176498,142.50990515574813,0.24692807346582413,426.08130001462996,2690
1,1,255,Tune-A-Video/Military aircraft are neatly lined up on the military base.mp4,25,24,"[2,3,4,5,5,6,7,8,8,9,10,11,12,12,13,14,15,15,16,17,18,18,19,20,21,21]",20,294.9798440095037,70.17884310334921,11.048933025449514,142.42331706918776,0.23346696980297565,518.8742950558662,2690
1,1,256,"Tune-A-Video/Plateaus surrounding lakes, embraced by peaceful and harmonious mountains.mp4",25,24,"[2,3,4,5,5,6,7,8,8,9,10,11,12,12,13,14,15,15,16,17,18,18,19,20,21,21]",20,406.24670195393264,75.63552702777088,10.809869971126318,144.4996688514948,0.34339982084929943,637.5440289266407,2690
1,1,257,Gen-2/A sausage is grilled slightly crispy on the barbecue.mp4,25,96,"[10,13,16,19,22,25,29,32,35,38,41,44,48,51,54,57,60,63,66,70,73,76,79,82,86,86]",25,1342.9300389252603,41.87264386564493,10.177993914112449,145.40272299200296,0.23395195603370667,1540.6255719717592,2690
1,1,258,Tune-A-Video/Sunflowers stand tall in a field.mp4,25,24,"[2,3,4,5,5,6,7,8,8,9,10,11,12,12,13,14,15,15,16,17,18,18,19,20,21,21]",20,387.85350997932255,71.48792804218829,10.121290106326342,142.228736076504,0.2625689376145601,611.9630481116474,2690
1,1,259,Text2Video-Zero/A kangaroo jumps across the Australian desert.mp4,25,36,"[4,5,6,7,8,9,11,12,13,14,15,16,18,19,20,21,22,23,24,26,27,28,29,30,32,32]",25,1396.3532058987767,46.95131303742528,9.774650912731886,144.5789139252156,0.22688694298267365,1597.8937370236963,2690
1,1,260,video_fusion/Students participate in celebration ceremonies in the school courtyard.mp4,25,16,"[2,2,3,3,4,4,5,5,6,6,6,7,8,8,9,9,10,10,10,11,12,12,12,13,14,14]",13,51.048834109678864,53.16758994013071,10.373425902798772,142.32080383226275,0.22840010933578014,257.14769191108644,2690
1,1,261,video_fusion/A roasted salmon is presented on a plate.mp4,25,16,"[2,2,3,3,4,4,5,5,6,6,6,7,8,8,9,9,10,10,10,11,12,12,12,13,14,14]",13,47.68555401824415,54.05470100231469,10.13044803403318,142.41562294773757,0.3005631733685732,254.60163597017527,2690
1,1,262,Hotshot-XL/A hippo leisurely floats in the water.mp4,25,8,"[1,1,1,1,2,2,2,2,3,3,3,3,4,4,4,4,4,5,5,5,5,6,6,6,6,6]",6,203.91094987280667,64.40038210712373,10.346624068915844,142.37100398167968,0.22259587422013283,421.2605860084295,2690
1,1,263,Tune-A-Video/Crocodiles swim leisurely in the lake.mp4,25,24,"[2,3,4,5,5,6,7,8,8,9,10,11,12,12,13,14,15,15,16,17,18,18,19,20,21,21]",20,544.2832901608199,55.92748895287514,10.427956935018301,142.2409131191671,0.22496702149510384,753.1130569986999,2690
1,1,264,VideoCrafter/Cherry trees in the orchard are filled with red fruit.mp4,25,16,"[2,2,3,3,4,4,5,5,6,6,6,7,8,8,9,9,10,10,10,11,12,12,12,13,14,14]",13,534.415862057358,71.76185306161642,9.885390987619758,142.16275117360055,0.23456080816686153,758.4747970104218,2690
1,1,265,Text2Video-Zero/A tennis player elegantly slid on the grass court.mp4,25,36,"[4,5,6,7,8,9,11,12,13,14,15,16,18,19,20,21,22,23,24,26,27,28,29,30,32,32]",25,685.6869219336659,69.25763702020049,11.019572149962187,142.33924401924014,0.2234550192952156,908.5351568646729,2690
1,1,266,Text2Video-Zero/An ancient church is a landmark in the village.mp4,25,36,"[4,5,6,7,8,9,11,12,13,14,15,16,18,19,20,21,22,23,24,26,27,28,29,30,32,32]",25,1376.321718096733,70.11484005488455,11.00097899325192,142.41394912824035,0.24949898943305016,1600.1099271234125,2690
1,1,267,Tune-A-Video/A tennis player made spectacular plays at the net.mp4,25,24,"[2,3,4,5,5,6,7,8,8,9,10,11,12,12,13,14,15,15,16,17,18,18,19,20,21,21]",20,402.9792011715472,67.36735883168876,10.96210302785039,142.27449311874807,0.2356239128857851,623.8285400904715,2690
1,1,268,Hotshot-XL/A doctor is carefully examining a patient's body.mp4,25,8,"[1,1,1,1,2,2,2,2,3,3,3,3,4,4,4,4,4,5,5,5,5,6,6,6,6,6]",6,167.67940111458302,58.87536215595901,10.903291869908571,142.31164287775755,0.24276715703308582,380.0209639593959,2690
1,1,269,VideoCrafter/People sunbathe on the lawn.mp4,25,16,"[2,2,3,3,4,4,5,5,6,6,6,7,8,8,9,9,10,10,10,11,12,12,12,13,14,14]",13,589.6789261605591,77.79218489304185,10.751222958788276,142.46402098797262,0.24461792781949043,820.9462780505419,2690
1,1,270,Gen-2/The lion roars majestically on the grassland.mp4,25,96,"[10,13,16,19,22,25,29,32,35,38,41,44,48,51,54,57,60,63,66,70,73,76,79,82,86,86]",25,1495.9182338789105,68.66443390026689,10.79787197522819,142.5672760233283,0.23416196927428246,1718.1917130947113,2690
1,1,271,Tune-A-Video/A hippo leisurely floats in the water.mp4,25,24,"[2,3,4,5,5,6,7,8,8,9,10,11,12,12,13,14,15,15,16,17,18,18,19,20,21,21]",20,338.2409119512886,65.51527278497815,10.988798923790455,142.38110184669495,0.23615313693881035,557.3714249767363,2690
1,1,272,video_fusion/A designer creates fashionable clothing designs.mp4,25,16,"[2,2,3,3,4,4,5,5,6,6,6,7,8,8,9,9,10,10,10,11,12,12,12,13,14,14]",13,44.57288212142885,57.282338151708245,10.928909061476588,142.46603311039507,0.2320979256182909,255.49098593182862,2690
1,1,273,Text2Video-Zero/There are boats on the park lake.mp4,25,36,"[4,5,6,7,8,9,11,12,13,14,15,16,18,19,20,21,22,23,24,26,27,28,29,30,32,32]",25,807.8998068813235,71.2315421551466,10.960808955132961,142.2820291481912,0.22925902158021927,1032.612870912999,2690
1,1,274,Text2Video-Zero/People sunbathe on the lawn.mp4,25,36,"[4,5,6,7,8,9,11,12,13,14,15,16,18,19,20,21,22,23,24,26,27,28,29,30,32,32]",25,763.9210128691047,65.2102050371468,10.84263389930129,142.7221989724785,0.2574808895587921,982.9639489762485,2690
1,1,275,Text2Video-Zero/The lion roars majestically on the grassland.mp4,25,36,"[4,5,6,7,8,9,11,12,13,14,15,16,18,19,20,21,22,23,24,26,27,28,29,30,32,32]",25,246.07648490928113,55.33755198121071,10.682309977710247,142.28887995705009,0.2313579898327589,454.63099190965295,2690
1,1,276,Hotshot-XL/A wheat field sways gracefully in the gentle breeze.mp4,25,8,"[1,1,1,1,2,2,2,2,3,3,3,3,4,4,4,4,4,5,5,5,5,6,6,6,6,6]",6,262.8438579849899,72.13719305582345,10.69540693424642,142.4075399991125,0.24293200112879276,488.33585903048515,2690
1,1,277,video_fusion/A piece of cheesecake is covered with blueberry sauce.mp4,25,16,"[2,2,3,3,4,4,5,5,6,6,6,7,8,8,9,9,10,10,10,11,12,12,12,13,14,14]",13,39.4808379933238,57.8594240359962,10.793903144076467,142.47002894990146,0.2440239768475294,250.8569830097258,2690
1,1,278,VideoCrafter/A milkshake is garnished with fresh strawberries and cream.mp4,25,16,"[2,2,3,3,4,4,5,5,6,6,6,7,8,8,9,9,10,10,10,11,12,12,12,13,14,14]",13,665.5501949135214,79.57684784196317,10.485446779057384,142.23537407815456,0.22951210848987103,898.0910440441221,2690
1,1,279,VideoCrafter/Students create exquisite artwork in art class.mp4,25,16,"[2,2,3,3,4,4,5,5,6,6,6,7,8,8,9,9,10,10,10,11,12,12,12,13,14,14]",13,470.6627980340272,57.210311060771346,10.871879057958722,142.70917605608702,0.2501159906387329,681.7139408085495,2690
1,1,280,Text2Video-Zero/The school auditorium is decorated with festive decorations.mp4,25,36,"[4,5,6,7,8,9,11,12,13,14,15,16,18,19,20,21,22,23,24,26,27,28,29,30,32,32]",25,299.6093949768692,64.47827280499041,10.630759876221418,142.24581397138536,0.24115690030157566,517.214658902958,2690
1,1,281,VideoCrafter/The lion roars majestically on the grassland.mp4,25,16,"[2,2,3,3,4,4,5,5,6,6,6,7,8,8,9,9,10,10,10,11,12,12,12,13,14,14]",13,584.1654129326344,73.14043119549751,10.668177856132388,142.59193488396704,0.2405550330877304,810.8166859019548,2690
1,1,282,Hotshot-XL/Sharks dart through the water.mp4,25,8,"[1,1,1,1,2,2,2,2,3,3,3,3,4,4,4,4,4,5,5,5,5,6,6,6,6,6]",6,134.02192783541977,60.243746964260936,10.606848169118166,142.4789282027632,0.2333279699087143,347.5935850292444,2690
1,1,283,Text2Video-Zero/A bowl of spicy Mexican chili is very delicious.mp4,25,36,"[4,5,6,7,8,9,11,12,13,14,15,16,18,19,20,21,22,23,24,26,27,28,29,30,32,32]",25,240.0285319890827,50.036916974931955,10.698186000809073,142.32686604373157,0.2676278818398714,443.3672169689089,2690
1,1,284,video_fusion/A roasted cod fish is garnished with fresh herbs.mp4,25,16,"[2,2,3,3,4,4,5,5,6,6,6,7,8,8,9,9,10,10,10,11,12,12,12,13,14,14]",13,45.065697049722075,59.060666942968965,10.317510925233364,142.41761108860373,0.2392190508544445,257.10977404378355,2690
1,1,285,Text2Video-Zero/A field of dandelions lines the side of a rural road.mp4,25,36,"[4,5,6,7,8,9,11,12,13,14,15,16,18,19,20,21,22,23,24,26,27,28,29,30,32,32]",25,1887.639275053516,67.28325900621712,9.65122296474874,142.22575700841844,0.2615489065647125,2107.0714369416237,2690
1,1,286,Tune-A-Video/There are boats on the park lake.mp4,25,24,"[2,3,4,5,5,6,7,8,8,9,10,11,12,12,13,14,15,15,16,17,18,18,19,20,21,21]",20,377.3107430897653,63.46043501980603,9.597713127732277,142.27748988196254,0.23007416166365147,592.8850648924708,2690
1,1,287,video_fusion/Students savor delicious soups in the cafeteria.mp4,25,16,"[2,2,3,3,4,4,5,5,6,6,6,7,8,8,9,9,10,10,10,11,12,12,12,13,14,14]",13,40.69811897352338,52.077921805903316,9.983336087316275,142.3915468621999,0.22949394769966602,245.39382802322507,2690
1,1,288,Text2Video-Zero/A bowl of ramen has delicious pork and seaweed.mp4,25,36,"[4,5,6,7,8,9,11,12,13,14,15,16,18,19,20,21,22,23,24,26,27,28,29,30,32,32]",25,315.3911749832332,67.54129100590944,9.89255285821855,142.2240419778973,0.24287193082273006,535.3067799005657,2690
1,1,289,"Hotshot-XL/In a rugby match, players vied for possession of the rugby ball.mp4",25,8,"[1,1,1,1,2,2,2,2,3,3,3,3,4,4,4,4,4,5,5,5,5,6,6,6,6,6]",6,224.80127308517694,47.5869479123503,10.131421964615583,142.553644021973,0.22538588382303715,425.30734091997147,2690
1,1,290,"video_fusion/Blue skies and fluffy clouds, ever-changing shapes like poetry.mp4",25,16,"[2,2,3,3,4,4,5,5,6,6,6,7,8,8,9,9,10,10,10,11,12,12,12,13,14,14]",13,54.131340933963656,53.2439430244267,9.808382019400597,142.6682360470295,0.2294168807566166,260.09633392095566,2690
1,1,291,Hotshot-XL/A painter showcases their art on an outdoor gallery.mp4,25,8,"[1,1,1,1,2,2,2,2,3,3,3,3,4,4,4,4,4,5,5,5,5,6,6,6,6,6]",6,289.1695771832019,70.79087593592703,9.821964893490076,142.3224350437522,0.22294907830655575,512.3418120201677,2690
1,1,292,Hotshot-XL/A milkshake is garnished with fresh strawberries and cream.mp4,25,8,"[1,1,1,1,2,2,2,2,3,3,3,3,4,4,4,4,4,5,5,5,5,6,6,6,6,6]",6,107.02667105942965,47.272102907299995,10.105554014444351,142.3889729194343,0.224794028326869,307.0270870812237,2690
1,1,293,Tune-A-Video/Cherry trees in the orchard are filled with red fruit.mp4,25,24,"[2,3,4,5,5,6,7,8,8,9,10,11,12,12,13,14,15,15,16,17,18,18,19,20,21,21]",20,194.7410861030221,61.98427616618574,9.920342126861215,142.3769008833915,0.2324441447854042,409.2638420406729,2690
1,1,294,Gen-2/The leaves of a purple-leaf plum tree turn deep purple.mp4,25,96,"[10,13,16,19,22,25,29,32,35,38,41,44,48,51,54,57,60,63,66,70,73,76,79,82,86,86]",25,1044.288381934166,70.12507901526988,10.779454139992595,142.3543111886829,0.23215683177113533,1267.7872851490974,2690
1,1,295,Hotshot-XL/Cherry trees in the orchard are filled with red fruit.mp4,25,8,"[1,1,1,1,2,2,2,2,3,3,3,3,4,4,4,4,4,5,5,5,5,6,6,6,6,6]",6,348.40961592271924,71.86037790961564,10.74768602848053,142.36536482349038,0.23417710326611996,573.6269289627671,2690
1,1,296,Gen-2/A doctor is carefully examining a patient's body.mp4,25,96,"[10,13,16,19,22,25,29,32,35,38,41,44,48,51,54,57,60,63,66,70,73,76,79,82,86,86]",25,889.2777978908271,69.50334506109357,10.761048877611756,142.31745898723602,0.22839894518256187,1112.104055006057,2690
1,1,297,Hotshot-XL/Swallows soar in the air.mp4,25,8,"[1,1,1,1,2,2,2,2,3,3,3,3,4,4,4,4,4,5,5,5,5,6,6,6,6,6]",6,99.56740704365075,54.71456400118768,10.886081960052252,142.6696009002626,0.2512340433895588,308.09802701696754,2690
1,1,298,video_fusion/Crocodiles swim leisurely in the lake.mp4,25,16,"[2,2,3,3,4,4,5,5,6,6,6,7,8,8,9,9,10,10,10,11,12,12,12,13,14,14]",13,42.30747907422483,55.21290097385645,10.646152077242732,142.39367586560547,0.23058895021677017,250.8053439669311,2690
1,1,299,video_fusion/A hippo leisurely floats in the water.mp4,25,16,"[2,2,3,3,4,4,5,5,6,6,6,7,8,8,9,9,10,10,10,11,12,12,12,13,14,14]",13,44.828245881944895,58.10672091320157,10.632303077727556,142.377921147272,0.23297197185456753,256.19213399477303,2690
1,1,300,Hotshot-XL/A diver is exploring the underwater world under the coral reef.mp4,25,8,"[1,1,1,1,2,2,2,2,3,3,3,3,4,4,4,4,4,5,5,5,5,6,6,6,6,6]",6,354.7465009614825,57.7124550472945,10.736290132626891,142.3669420182705,0.23602903820574284,565.8064798917621,2690
1,1,301,Text2Video-Zero/Swallows soar in the air.mp4,25,36,"[4,5,6,7,8,9,11,12,13,14,15,16,18,19,20,21,22,23,24,26,27,28,29,30,32,32]",25,264.5919930655509,67.75726214982569,10.813777102157474,142.74844899773598,0.24430989287793636,486.1665100324899,2690
1,1,302,"Hotshot-XL/Plateaus surrounding lakes, embraced by peaceful and harmonious mountains.mp4",25,8,"[1,1,1,1,2,2,2,2,3,3,3,3,4,4,4,4,4,5,5,5,5,6,6,6,6,6]",6,182.57978302426636,50.806085113435984,10.906663024798036,142.4603450577706,0.23549003526568413,386.9968131184578,2690
1,1,303,Gen-2/Sharks dart through the water.mp4,25,96,"[10,13,16,19,22,25,29,32,35,38,41,44,48,51,54,57,60,63,66,70,73,76,79,82,86,86]",25,1323.845379985869,70.36829390563071,10.799686890095472,142.35710515640676,0.2520531415939331,1547.6324819028378,2690
1,1,304,Gen-2/Great white sharks swim majestically in the depths of the ocean.mp4,25,96,"[10,13,16,19,22,25,29,32,35,38,41,44,48,51,54,57,60,63,66,70,73,76,79,82,86,86]",25,888.3844290394336,64.48701396584511,10.462697129696608,143.04318884387612,0.2297358587384224,1106.6172949504107,2690
1,1,305,Text2Video-Zero/A peony blooms with snow-white petals.mp4,25,36,"[4,5,6,7,8,9,11,12,13,14,15,16,18,19,20,21,22,23,24,26,27,28,29,30,32,32]",25,536.5812839008868,55.871662916615605,10.575932916253805,142.39046000875533,0.23228186182677746,745.6601420417428,2690
1,1,306,VideoCrafter/Various fruit trees grow in the countryside.mp4,25,16,"[2,2,3,3,4,4,5,5,6,6,6,7,8,8,9,9,10,10,10,11,12,12,12,13,14,14]",13,866.3174279499799,70.86907583288848,10.637453058734536,142.2195420600474,0.22585410624742508,1090.2791728731245,2690
1,1,307,Hotshot-XL/Students participate in celebration ceremonies in the school courtyard.mp4,25,8,"[1,1,1,1,2,2,2,2,3,3,3,3,4,4,4,4,4,5,5,5,5,6,6,6,6,6]",6,318.8699739985168,77.07380293868482,10.784231126308441,142.37061282619834,0.22864993661642075,549.3363870773464,2690
1,1,308,Hotshot-XL/An ancient church is a landmark in the village.mp4,25,8,"[1,1,1,1,2,2,2,2,3,3,3,3,4,4,4,4,4,5,5,5,5,6,6,6,6,6]",6,338.96693494170904,62.460850924253464,10.74110995978117,142.9943130351603,0.24127215147018433,555.4135260172188,2690
1,1,309,Gen-2/A butterfly gracefully dances among the flowers.mp4,25,96,"[10,13,16,19,22,25,29,32,35,38,41,44,48,51,54,57,60,63,66,70,73,76,79,82,86,86]",25,1204.7595488838851,70.8536091260612,10.253167012706399,142.5210819579661,0.24871202185750008,1428.6454699467868,2690
1,1,310,Gen-2/A water skier created splashes on the lake.mp4,25,96,"[10,13,16,19,22,25,29,32,35,38,41,44,48,51,54,57,60,63,66,70,73,76,79,82,86,86]",25,1315.0907878298312,50.103415036574006,10.647561168298125,142.2561169601977,0.22988603450357914,1518.3365610428154,2690
1,1,311,Gen-2/A field of dandelions lines the side of a rural road.mp4,25,96,"[10,13,16,19,22,25,29,32,35,38,41,44,48,51,54,57,60,63,66,70,73,76,79,82,86,86]",25,1780.050029978156,59.3829860445112,9.79873794130981,142.24166399799287,0.22715609520673752,1991.7099599260837,2690
1,1,312,Text2Video-Zero/The seahorse swayed slowly on the sea floor.mp4,25,36,"[4,5,6,7,8,9,11,12,13,14,15,16,18,19,20,21,22,23,24,26,27,28,29,30,32,32]",25,949.9268499203026,59.65528101660311,9.691309882327914,142.28269597515464,0.23566419258713722,1161.8011509999633,2690
1,1,313,Text2Video-Zero/A diver is exploring the underwater world under the coral reef.mp4,25,36,"[4,5,6,7,8,9,11,12,13,14,15,16,18,19,20,21,22,23,24,26,27,28,29,30,32,32]",25,1332.0525558665395,61.72663299366832,9.726681048050523,142.51400786451995,0.23422692902386189,1546.2627350352705,2690
1,1,314,VideoCrafter/A pet owner walks their dog in the park.mp4,25,16,"[2,2,3,3,4,4,5,5,6,6,6,7,8,8,9,9,10,10,10,11,12,12,12,13,14,14]",13,746.432769112289,62.30247300118208,9.800698840990663,142.32048904523253,0.26061898097395897,961.1255929339677,2690
1,1,315,Gen-2/An explorer searches for adventure in the forest.mp4,25,96,"[10,13,16,19,22,25,29,32,35,38,41,44,48,51,54,57,60,63,66,70,73,76,79,82,86,86]",25,2933.1172108650208,62.1530469506979,10.482518002390862,142.1958350110799,0.2387829590588808,3148.1969689484686,2690
1,1,316,VideoCrafter/A tennis player made spectacular plays at the net.mp4,25,16,"[2,2,3,3,4,4,5,5,6,6,6,7,8,8,9,9,10,10,10,11,12,12,12,13,14,14]",13,440.80166099593043,66.53023813851178,30.16295307315886,142.08933501504362,0.24596601724624634,679.8451859503984,2690
1,1,317,"Tune-A-Video/Unique desert landscapes, with dunes sculpted by the wind.mp4",25,24,"[2,3,4,5,5,6,7,8,8,9,10,11,12,12,13,14,15,15,16,17,18,18,19,20,21,21]",20,195.85248595103621,60.184929985553026,10.356142185628414,142.3150000628084,0.22383988834917545,408.94098789431155,2690
1,1,318,video_fusion/Sunlight is streaming through the leaves onto the grass.mp4,25,16,"[2,2,3,3,4,4,5,5,6,6,6,7,8,8,9,9,10,10,10,11,12,12,12,13,14,14]",13,42.10719303227961,52.04037111252546,10.414304910227656,142.44035817682743,0.22699590772390366,247.23831517621875,2690
1,1,319,Gen-2/A thin pancake is spread with butter and maple syrup.mp4,25,96,"[10,13,16,19,22,25,29,32,35,38,41,44,48,51,54,57,60,63,66,70,73,76,79,82,86,86]",25,1116.5000649634749,68.78776382654905,10.078781051561236,142.29062222875655,0.23270794190466404,1337.905635824427,2690
1,1,320,Tune-A-Video/Purple lavender grows in the field.mp4,25,24,"[2,3,4,5,5,6,7,8,8,9,10,11,12,12,13,14,15,15,16,17,18,18,19,20,21,21]",20,277.43960078805685,69.79840598069131,10.499886004254222,142.36782607622445,0.3120990004390478,500.4272998776287,2690
1,1,321,Hotshot-XL/Students program in the computer lab.mp4,25,8,"[1,1,1,1,2,2,2,2,3,3,3,3,4,4,4,4,4,5,5,5,5,6,6,6,6,6]",6,188.18865809589624,64.20193007215858,11.131727136671543,142.43702008388937,0.2254578284919262,406.19465499185026,2690
1,1,322,Text2Video-Zero/A roasted salmon is presented on a plate.mp4,25,36,"[4,5,6,7,8,9,11,12,13,14,15,16,18,19,20,21,22,23,24,26,27,28,29,30,32,32]",25,1133.6882300674915,78.32452794536948,10.42518811300397,142.24569406360388,0.22679101675748825,1364.9244979023933,2690
1,1,323,Hotshot-XL/A bowl of rich French onion soup emanates an enticing aroma.mp4,25,8,"[1,1,1,1,2,2,2,2,3,3,3,3,4,4,4,4,4,5,5,5,5,6,6,6,6,6]",6,165.48411292023957,53.77032607793808,10.343372821807861,142.3307149671018,0.22779800929129124,372.1650450024754,2690
1,1,324,Gen-2/A photographer captures the neon lights of the city.mp4,25,96,"[10,13,16,19,22,25,29,32,35,38,41,44,48,51,54,57,60,63,66,70,73,76,79,82,86,86]",25,1304.5369889587164,60.080399038270116,10.71368413977325,142.27878395467997,0.251375837251544,1517.8721430711448,2690
1,1,325,VideoCrafter/Sunflowers stand tall in a field.mp4,25,16,"[2,2,3,3,4,4,5,5,6,6,6,7,8,8,9,9,10,10,10,11,12,12,12,13,14,14]",13,372.6285609882325,72.552349884063,10.81485697068274,142.33262301422656,0.2256869338452816,598.5622850712389,2690
1,1,326,VideoCrafter/Teenage skateboarders perform tricks by the pond.mp4,25,16,"[2,2,3,3,4,4,5,5,6,6,6,7,8,8,9,9,10,10,10,11,12,12,12,13,14,14]",13,439.5182109437883,72.2866088617593,10.617156978696585,142.23762694746256,0.22860104218125343,664.8971219547093,2690
1,1,327,video_fusion/A skier enjoys the thrill of skiing on a snowy mountain.mp4,25,16,"[2,2,3,3,4,4,5,5,6,6,6,7,8,8,9,9,10,10,10,11,12,12,12,13,14,14]",13,41.4603971876204,56.94280914030969,10.611932957544923,142.44404900819063,0.23255404084920883,251.6995999030769,2690
1,1,328,VideoCrafter/An ancient church is a landmark in the village.mp4,25,16,"[2,2,3,3,4,4,5,5,6,6,6,7,8,8,9,9,10,10,10,11,12,12,12,13,14,14]",13,379.1569999884814,68.47794586792588,10.553383035585284,142.264953115955,0.2373440656810999,600.6996119394898,2690
1,1,329,"Text2Video-Zero/In a rugby match, players vied for possession of the rugby ball.mp4",25,36,"[4,5,6,7,8,9,11,12,13,14,15,16,18,19,20,21,22,23,24,26,27,28,29,30,32,32]",25,650.3661789465696,72.60983996093273,10.68459590896964,142.40029407665133,0.22886483930051327,876.2981200125068,2690
1,1,330,Gen-2/Sunlight is streaming through the leaves onto the grass.mp4,25,96,"[10,13,16,19,22,25,29,32,35,38,41,44,48,51,54,57,60,63,66,70,73,76,79,82,86,86]",25,1911.4615900907665,64.39206399954855,10.663077933713794,142.59396912530065,0.319494865834713,2129.448360996321,2690
1,1,331,Text2Video-Zero/A purple bellflower opens in the sunlight.mp4,25,36,"[4,5,6,7,8,9,11,12,13,14,15,16,18,19,20,21,22,23,24,26,27,28,29,30,32,32]",25,429.4277208391577,66.8681119568646,9.896958013996482,142.59091299027205,0.2333219163119793,649.0275601390749,2690
1,1,332,Tune-A-Video/The parrot chirped in the treetops.mp4,25,24,"[2,3,4,5,5,6,7,8,8,9,10,11,12,12,13,14,15,15,16,17,18,18,19,20,21,21]",20,307.85513389855623,55.039169965311885,9.730057092383504,142.30201300233603,0.2402770332992077,515.176055021584,2690
1,1,333,Tune-A-Video/The leaves of a purple-leaf plum tree turn deep purple.mp4,25,24,"[2,3,4,5,5,6,7,8,8,9,10,11,12,12,13,14,15,15,16,17,18,18,19,20,21,21]",20,202.99414196051657,53.75261208973825,9.877956006675959,142.71192508749664,0.24430220946669579,409.5914501231164,2690
1,1,334,Gen-2/Swallows soar in the air.mp4,25,96,"[10,13,16,19,22,25,29,32,35,38,41,44,48,51,54,57,60,63,66,70,73,76,79,82,86,86]",25,562.1623010374606,63.73828905634582,9.716680040583014,142.50266388989985,0.2281120978295803,778.3564680721611,2690
1,1,335,video_fusion/The school auditorium is decorated with festive decorations.mp4,25,16,"[2,2,3,3,4,4,5,5,6,6,6,7,8,8,9,9,10,10,10,11,12,12,12,13,14,14]",13,39.97538285329938,41.852076072245836,9.568253066390753,142.46849296614528,0.22936007007956505,234.10182096995413,2690
1,1,336,Hotshot-XL/People taking a leisurely walk admire the lake view.mp4,25,8,"[1,1,1,1,2,2,2,2,3,3,3,3,4,4,4,4,4,5,5,5,5,6,6,6,6,6]",6,244.00852993130684,68.68740101344883,9.668970014899969,142.35798502340913,0.222804956138134,464.9542400147766,2690
1,1,337,Gen-2/Teenage skateboarders perform tricks by the pond.mp4,25,96,"[10,13,16,19,22,25,29,32,35,38,41,44,48,51,54,57,60,63,66,70,73,76,79,82,86,86]",25,1181.9381818640977,63.41532804071903,9.736164007335901,142.39276805892587,0.23899809457361698,1397.7309968322515,2690
1,1,338,"Text2Video-Zero/A couple walks hand in hand on the beach, listening to the sound of the waves.mp4",25,36,"[4,5,6,7,8,9,11,12,13,14,15,16,18,19,20,21,22,23,24,26,27,28,29,30,32,32]",25,296.928167110309,54.804613115265965,10.300758993253112,142.48079108074307,0.24775485508143902,504.77217114530504,2690
1,1,339,"Tune-A-Video/A writer sits at a desk, crafting a new novel.mp4",25,24,"[2,3,4,5,5,6,7,8,8,9,10,11,12,12,13,14,15,15,16,17,18,18,19,20,21,21]",20,201.8155560363084,56.68690800666809,9.830080904066563,142.42604793980718,0.2317340113222599,410.9995060134679,2690
1,1,340,Text2Video-Zero/A painter showcases their art on an outdoor gallery.mp4,25,36,"[4,5,6,7,8,9,11,12,13,14,15,16,18,19,20,21,22,23,24,26,27,28,29,30,32,32]",25,733.8007169310004,57.31706297956407,10.575642809271812,142.3573971260339,0.22968696430325508,944.288918050006,2690
1,1,341,video_fusion/A sausage is grilled slightly crispy on the barbecue.mp4,25,16,"[2,2,3,3,4,4,5,5,6,6,6,7,8,8,9,9,10,10,10,11,12,12,12,13,14,14]",13,34.500312991440296,46.04544793255627,10.38226205855608,142.54041388630867,0.23097009398043156,233.70796395465732,2690
1,1,342,Text2Video-Zero/A cactus thrives in the harsh desert.mp4,25,36,"[4,5,6,7,8,9,11,12,13,14,15,16,18,19,20,21,22,23,24,26,27,28,29,30,32,32]",25,769.78889410384,76.7331279348582,10.31851302832365,142.30370498262346,0.23423600941896439,999.3924389127642,2690
1,1,343,VideoCrafter/Sharks dart through the water.mp4,25,16,"[2,2,3,3,4,4,5,5,6,6,6,7,8,8,9,9,10,10,10,11,12,12,12,13,14,14]",13,330.4745110217482,66.5745681617409,10.359707055613399,142.36308308318257,0.2310329582542181,550.0183638650924,2690
1,1,344,Text2Video-Zero/A cup of hot chocolate is fragrant.mp4,25,36,"[4,5,6,7,8,9,11,12,13,14,15,16,18,19,20,21,22,23,24,26,27,28,29,30,32,32]",25,150.58755688369274,59.97435702010989,10.453284019604325,142.4031329806894,0.22384501062333584,363.65087097510695,2690
1,1,345,VideoCrafter/People taking a leisurely walk admire the lake view.mp4,25,16,"[2,2,3,3,4,4,5,5,6,6,6,7,8,8,9,9,10,10,10,11,12,12,12,13,14,14]",13,682.3873079847544,71.72100804746151,10.225641075521708,142.95138185843825,0.30270195566117764,907.5972228311002,2690
1,1,346,"Hotshot-XL/A baseball player swung the bat, preparing for a home run.mp4",25,8,"[1,1,1,1,2,2,2,2,3,3,3,3,4,4,4,4,4,5,5,5,5,6,6,6,6,6]",6,286.86602297239006,65.26743294671178,9.984154952690005,142.52018905244768,0.2342071384191513,504.881024826318,2690
1,1,347,Text2Video-Zero/A lotus leaf floats on a serene pond.mp4,25,36,"[4,5,6,7,8,9,11,12,13,14,15,16,18,19,20,21,22,23,24,26,27,28,29,30,32,32]",25,215.38310102187097,49.80328516103327,9.958127047866583,142.45802909135818,0.22275489754974842,417.8344497922808,2690
1,1,348,Tune-A-Video/A water skier created splashes on the lake.mp4,25,24,"[2,3,4,5,5,6,7,8,8,9,10,11,12,12,13,14,15,15,16,17,18,18,19,20,21,21]",20,204.9555010162294,57.88069195114076,10.112741962075233,142.55598303861916,0.24632085114717484,415.7607350498438,2690
1,1,349,Text2Video-Zero/Purple lavender grows in the field.mp4,25,36,"[4,5,6,7,8,9,11,12,13,14,15,16,18,19,20,21,22,23,24,26,27,28,29,30,32,32]",25,1414.2245568800718,81.51803910732269,10.344875045120716,142.3236709088087,0.2242398913949728,1648.6445600166917,2690
1,1,350,video_fusion/A daffodil sways in the spring breeze.mp4,25,16,"[2,2,3,3,4,4,5,5,6,6,6,7,8,8,9,9,10,10,10,11,12,12,12,13,14,14]",13,43.87074615806341,51.64829385466874,10.49632509239018,142.45653292164207,0.23240619339048862,248.71671688742936,2690
1,1,351,Gen-2/The parrot chirped in the treetops.mp4,25,96,"[10,13,16,19,22,25,29,32,35,38,41,44,48,51,54,57,60,63,66,70,73,76,79,82,86,86]",25,1691.710026934743,70.15137793496251,10.454843053594232,142.36393803730607,0.2455301582813263,1914.9363229516894,2690
1,1,352,Tune-A-Video/A bowl of hot soup is especially delicious on a cold winter day.mp4,25,24,"[2,3,4,5,5,6,7,8,8,9,10,11,12,12,13,14,15,15,16,17,18,18,19,20,21,21]",20,201.07519906014204,55.45733985491097,10.943460976704955,142.40739517845213,0.23385300301015377,410.1263580378145,2690
1,1,353,Text2Video-Zero/Students enjoy tasty sandwiches in the cafeteria.mp4,25,36,"[4,5,6,7,8,9,11,12,13,14,15,16,18,19,20,21,22,23,24,26,27,28,29,30,32,32]",25,516.5909081697464,75.3070879727602,10.627523995935917,142.49107311479747,0.2243721392005682,745.2490560244769,2690
1,1,354,Text2Video-Zero/A tennis player made spectacular plays at the net.mp4,25,36,"[4,5,6,7,8,9,11,12,13,14,15,16,18,19,20,21,22,23,24,26,27,28,29,30,32,32]",25,751.9701640121639,81.51267911307514,10.66814805381,142.636216012761,0.23676292039453983,987.0319010224193,2690
1,1,355,Gen-2/Military aircraft are neatly lined up on the military base.mp4,25,96,"[10,13,16,19,22,25,29,32,35,38,41,44,48,51,54,57,60,63,66,70,73,76,79,82,86,86]",25,1374.8269339557737,68.68291087448597,10.690589901059866,142.23299105651677,0.23004598915576935,1596.6732141096145,2690
1,1,356,Text2Video-Zero/A piece of cheesecake is covered with blueberry sauce.mp4,25,36,"[4,5,6,7,8,9,11,12,13,14,15,16,18,19,20,21,22,23,24,26,27,28,29,30,32,32]",25,252.84990202635527,58.67240997031331,10.837767971679568,142.3939170781523,0.23517198860645294,464.9981071706861,2690
1,1,357,VideoCrafter/The seahorse swayed slowly on the sea floor.mp4,25,16,"[2,2,3,3,4,4,5,5,6,6,6,7,8,8,9,9,10,10,10,11,12,12,12,13,14,14]",13,781.6715149674565,71.30533689633012,10.864520911127329,142.47304992750287,0.23918086662888527,1006.5625330898911,2690
1,1,358,VideoCrafter/Parents pick up students at the bus stop.mp4,25,16,"[2,2,3,3,4,4,5,5,6,6,6,7,8,8,9,9,10,10,10,11,12,12,12,13,14,14]",13,602.6160030160099,82.7477250713855,10.944516863673925,142.73569104261696,0.23204809986054897,839.2911069095135,2690
1,1,359,VideoCrafter/A piece of French bread is spread with butter.mp4,25,16,"[2,2,3,3,4,4,5,5,6,6,6,7,8,8,9,9,10,10,10,11,12,12,12,13,14,14]",13,281.5064468886703,70.68153680302203,10.696019046008587,142.46997912414372,0.2466910518705845,505.61418500728905,2690
1,1,360,"Gen-2/A waterfall cascades gracefully, resembling a silver thread.mp4",25,96,"[10,13,16,19,22,25,29,32,35,38,41,44,48,51,54,57,60,63,66,70,73,76,79,82,86,86]",25,2813.014674000442,71.38251722790301,10.328376200050116,142.58209615945816,0.2358818892389536,3037.5531639438123,2690
1,1,361,video_fusion/A golden field of wheat sways gently in the breeze.mp4,25,16,"[2,2,3,3,4,4,5,5,6,6,6,7,8,8,9,9,10,10,10,11,12,12,12,13,14,14]",13,44.54272100701928,49.433863023296,10.395844001322985,142.43546803481877,0.294302124530077,247.11074214428663,2690
1,1,362,VideoCrafter/Military aircraft are neatly lined up on the military base.mp4,25,16,"[2,2,3,3,4,4,5,5,6,6,6,7,8,8,9,9,10,10,10,11,12,12,12,13,14,14]",13,432.99781903624535,67.05129286274314,9.869897970929742,142.33733201399446,0.2317209728062153,652.5036490056664,2690
1,1,363,Text2Video-Zero/A salad is sprinkled with nuts and fruits.mp4,25,36,"[4,5,6,7,8,9,11,12,13,14,15,16,18,19,20,21,22,23,24,26,27,28,29,30,32,32]",25,408.38272613473237,66.52693799696863,10.125636123120785,142.32262806035578,0.23165997117757797,627.5989669375122,2690
1,1,364,Gen-2/A group of villagers wash clothes by the stream.mp4,25,96,"[10,13,16,19,22,25,29,32,35,38,41,44,48,51,54,57,60,63,66,70,73,76,79,82,86,86]",25,1918.8425950706005,71.70809293165803,10.819586925208569,142.35686603933573,0.22669811733067036,2143.964160932228,2690
1,1,365,Text2Video-Zero/A doctor is carefully examining a patient's body.mp4,25,36,"[4,5,6,7,8,9,11,12,13,14,15,16,18,19,20,21,22,23,24,26,27,28,29,30,32,32]",25,207.22579094581306,58.81471000611782,10.784528916701674,142.37280399538577,0.22414815612137318,419.4310491438955,2690
1,1,366,Tune-A-Video/An ancient church is a landmark in the village.mp4,25,24,"[2,3,4,5,5,6,7,8,8,9,10,11,12,12,13,14,15,15,16,17,18,18,19,20,21,21]",20,122.74532788433135,54.592035012319684,10.710192145779729,142.43064797483385,0.22655120119452477,330.71342506445944,2690
1,1,367,Hotshot-XL/A tennis player elegantly slid on the grass court.mp4,25,8,"[1,1,1,1,2,2,2,2,3,3,3,3,4,4,4,4,4,5,5,5,5,6,6,6,6,6]",6,115.72401504963636,50.83235609345138,10.774395894259214,142.3876618500799,0.2245290670543909,319.9515079613775,2690
1,1,368,Gen-2/Purple lavender grows in the field.mp4,25,96,"[10,13,16,19,22,25,29,32,35,38,41,44,48,51,54,57,60,63,66,70,73,76,79,82,86,86]",25,1173.1225948315114,68.70160205289721,10.663171065971255,142.47567299753428,0.24941680021584034,1395.2225639950484,2690
1,1,369,Tune-A-Video/An adorable little cat is napping on the windowsill.mp4,25,24,"[2,3,4,5,5,6,7,8,8,9,10,11,12,12,13,14,15,15,16,17,18,18,19,20,21,21]",20,208.27965205535293,53.13613708131015,10.763830039650202,142.60952500626445,0.24661398492753506,415.04377499222755,2690
1,1,370,Text2Video-Zero/The roof of a farmhouse is covered in moss.mp4,25,36,"[4,5,6,7,8,9,11,12,13,14,15,16,18,19,20,21,22,23,24,26,27,28,29,30,32,32]",25,668.3892291039228,70.24781312793493,10.743425926193595,142.27012312039733,0.22556609474122524,891.8851930648088,2690
1,1,371,Hotshot-XL/A skier enjoys the thrill of skiing on a snowy mountain.mp4,25,8,"[1,1,1,1,2,2,2,2,3,3,3,3,4,4,4,4,4,5,5,5,5,6,6,6,6,6]",6,178.81289101205766,59.88535098731518,10.768173029646277,142.42464606650174,0.23346813395619392,392.1333991456777,2690
1,1,372,video_fusion/A cup of hot chocolate is fragrant.mp4,25,16,"[2,2,3,3,4,4,5,5,6,6,6,7,8,8,9,9,10,10,10,11,12,12,12,13,14,14]",13,38.072846131399274,52.990744123235345,10.76062791980803,142.4517361447215,0.24705706164240837,244.53673791140318,2690
1,1,373,Tune-A-Video/The crickets chirped merrily in the summer night.mp4,25,24,"[2,3,4,5,5,6,7,8,8,9,10,11,12,12,13,14,15,15,16,17,18,18,19,20,21,21]",20,146.0888150613755,55.77582307159901,10.76314295642078,142.4257610924542,0.22148597054183483,355.2836428862065,2690
1,1,374,VideoCrafter/Vendors at the market display fresh fruits and vegetables.mp4,25,16,"[2,2,3,3,4,4,5,5,6,6,6,7,8,8,9,9,10,10,10,11,12,12,12,13,14,14]",13,532.9322279430926,67.39420210942626,10.926753049716353,142.49200304038823,0.24149194359779358,754.0011850651354,2690
1,1,375,Text2Video-Zero/A daffodil sways in the spring breeze.mp4,25,36,"[4,5,6,7,8,9,11,12,13,14,15,16,18,19,20,21,22,23,24,26,27,28,29,30,32,32]",25,318.89251596294343,77.1897598169744,10.96631190739572,142.4354410264641,0.23517198860645294,549.7277539689094,2690
1,1,376,"Tune-A-Video/Students enjoy their time on campus, full of youthful energy.mp4",25,24,"[2,3,4,5,5,6,7,8,8,9,10,11,12,12,13,14,15,15,16,17,18,18,19,20,21,21]",20,175.40783691219985,57.80216213315725,10.861636837944388,142.57695013657212,0.25452696718275547,386.91110210493207,2690
1,1,377,Text2Video-Zero/A piece of French bread is spread with butter.mp4,25,36,"[4,5,6,7,8,9,11,12,13,14,15,16,18,19,20,21,22,23,24,26,27,28,29,30,32,32]",25,1011.97241502814,63.3761459030211,10.978143895044923,142.38707278855145,0.23360783234238625,1228.955599013716,2690
1,1,378,Hotshot-XL/The crickets chirped merrily in the summer night.mp4,25,8,"[1,1,1,1,2,2,2,2,3,3,3,3,4,4,4,4,4,5,5,5,5,6,6,6,6,6]",6,411.0031449235976,60.29960000887513,10.980529943481088,143.99374602362514,0.241077970713377,626.5273748431355,2690
1,1,379,Tune-A-Video/Students and teachers discuss topics in the classroom.mp4,25,24,"[2,3,4,5,5,6,7,8,8,9,10,11,12,12,13,14,15,15,16,17,18,18,19,20,21,21]",20,369.7781418450177,79.33901902288198,10.832891799509525,142.44024688377976,0.24595786817371845,602.6481410954148,2690
1,1,380,"video_fusion/Wandering through a forest path, surrounded by emerald greenery.mp4",25,16,"[2,2,3,3,4,4,5,5,6,6,6,7,8,8,9,9,10,10,10,11,12,12,12,13,14,14]",13,43.688016943633556,56.00793589837849,10.919041931629181,142.50474609434605,0.2537309192121029,253.38219199329615,2690
1,1,381,Tune-A-Video/A doctor cares for patients in the hospital.mp4,25,24,"[2,3,4,5,5,6,7,8,8,9,10,11,12,12,13,14,15,15,16,17,18,18,19,20,21,21]",20,181.9719010964036,60.230139875784516,10.87907887995243,142.57542812265456,0.25996193289756775,395.9249740000814,2690
1,1,382,video_fusion/Great white sharks swim majestically in the depths of the ocean.mp4,25,16,"[2,2,3,3,4,4,5,5,6,6,6,7,8,8,9,9,10,10,10,11,12,12,12,13,14,14]",13,48.67513291537762,50.1467720605433,10.827796999365091,142.53721199929714,0.24986802600324154,252.45079095475376,2690
1,1,383,VideoCrafter/A bowl of spicy Mexican chili is very delicious.mp4,25,16,"[2,2,3,3,4,4,5,5,6,6,6,7,8,8,9,9,10,10,10,11,12,12,12,13,14,14]",13,846.7056851368397,81.00760402157903,10.678123915567994,142.2875348944217,0.24120300076901913,1080.9337999671698,2690
1,1,384,VideoCrafter/There are boats on the park lake.mp4,25,16,"[2,2,3,3,4,4,5,5,6,6,6,7,8,8,9,9,10,10,10,11,12,12,12,13,14,14]",13,439.9169289972633,73.51052295416594,10.851938044652343,142.75381388142705,0.26254612021148205,667.3115158919245,2690
1,1,385,Gen-2/A cactus thrives in the harsh desert.mp4,25,96,"[10,13,16,19,22,25,29,32,35,38,41,44,48,51,54,57,60,63,66,70,73,76,79,82,86,86]",25,2758.0659529194236,65.08647603914142,9.933963883668184,142.27024489082396,0.22985017858445644,2975.5957319866866,2690
1,1,386,"Text2Video-Zero/Plateaus surrounding lakes, embraced by peaceful and harmonious mountains.mp4",25,36,"[4,5,6,7,8,9,11,12,13,14,15,16,18,19,20,21,22,23,24,26,27,28,29,30,32,32]",25,658.9320581406355,73.95462086424232,9.709039935842156,142.14945281855762,0.22711814381182194,884.986381046474,2690
1,1,387,video_fusion/Students and teachers discuss topics in the classroom.mp4,25,16,"[2,2,3,3,4,4,5,5,6,6,6,7,8,8,9,9,10,10,10,11,12,12,12,13,14,14]",13,32.420759089291096,46.754909912124276,9.80580784380436,142.37404707819223,0.2283579669892788,231.59304587170482,2690
1,1,388,VideoCrafter/A piece of cheesecake is covered with blueberry sauce.mp4,25,16,"[2,2,3,3,4,4,5,5,6,6,6,7,8,8,9,9,10,10,10,11,12,12,12,13,14,14]",13,414.44466821849346,70.73106802999973,9.918665047734976,142.4491722136736,0.23785396479070187,637.790221022442,2690
1,1,389,Tune-A-Video/Students program in the computer lab.mp4,25,24,"[2,3,4,5,5,6,7,8,8,9,10,11,12,12,13,14,15,15,16,17,18,18,19,20,21,21]",20,147.48622407205403,47.22273419611156,9.923979872837663,142.5245830323547,0.24651596322655678,347.41230797953904,2690
1,1,390,Gen-2/A painter showcases their art on an outdoor gallery.mp4,25,96,"[10,13,16,19,22,25,29,32,35,38,41,44,48,51,54,57,60,63,66,70,73,76,79,82,86,86]",25,1220.410407986492,56.92276102490723,9.61599312722683,142.5545101519674,0.22774795070290565,1429.7414410393685,2690
1,1,391,VideoCrafter/A peony blooms with snow-white petals.mp4,25,16,"[2,2,3,3,4,4,5,5,6,6,6,7,8,8,9,9,10,10,10,11,12,12,12,13,14,14]",13,370.59650500304997,69.93793998844922,9.963617892935872,142.34160003252327,0.2252620179206133,593.079135986045,2690
1,1,392,Tune-A-Video/The roof of a farmhouse is covered in moss.mp4,25,24,"[2,3,4,5,5,6,7,8,8,9,10,11,12,12,13,14,15,15,16,17,18,18,19,20,21,21]",20,208.8356618769467,63.09955916367471,9.924576850607991,142.374413786456,0.22380799055099487,424.4669070467353,2690
1,1,393,Hotshot-XL/Students savor delicious soups in the cafeteria.mp4,25,8,"[1,1,1,1,2,2,2,2,3,3,3,3,4,4,4,4,4,5,5,5,5,6,6,6,6,6]",6,218.46210188232362,67.69099598750472,9.401713963598013,142.36275805160403,0.2467308659106493,438.1731520406902,2690
1,1,394,Tune-A-Video/Students participate in celebration ceremonies in the school courtyard.mp4,25,24,"[2,3,4,5,5,6,7,8,8,9,10,11,12,12,13,14,15,15,16,17,18,18,19,20,21,21]",20,309.2468271497637,66.90147100016475,10.596978943794966,142.39293499849737,0.22747600451111794,529.3743510264903,2690
1,1,395,Hotshot-XL/A designer creates fashionable clothing designs.mp4,25,8,"[1,1,1,1,2,2,2,2,3,3,3,3,4,4,4,4,4,5,5,5,5,6,6,6,6,6]",6,136.6157520096749,59.52952499501407,10.585568146780133,142.47874612919986,0.22240914404392242,349.4399101473391,2690
1,1,396,"VideoCrafter/Wandering through a forest path, surrounded by emerald greenery.mp4",25,16,"[2,2,3,3,4,4,5,5,6,6,6,7,8,8,9,9,10,10,10,11,12,12,12,13,14,14]",13,368.48637904040515,52.1194189786911,10.511317988857627,142.28742197155952,0.22912700660526752,573.6480210907757,2690
1,1,397,Tune-A-Video/Great white sharks swim majestically in the depths of the ocean.mp4,25,24,"[2,3,4,5,5,6,7,8,8,9,10,11,12,12,13,14,15,15,16,17,18,18,19,20,21,21]",20,148.34880409762263,56.40520993620157,10.4283990804106,142.4996790010482,0.23421598598361015,357.9244769643992,2690
1,1,398,video_fusion/A kangaroo jumps across the Australian desert.mp4,25,16,"[2,2,3,3,4,4,5,5,6,6,6,7,8,8,9,9,10,10,10,11,12,12,12,13,14,14]",13,33.90132589265704,53.680513985455036,10.174638126045465,142.52219488844275,0.2309361007064581,240.523898974061,2690
1,1,399,Hotshot-XL/There are boats on the park lake.mp4,25,8,"[1,1,1,1,2,2,2,2,3,3,3,3,4,4,4,4,4,5,5,5,5,6,6,6,6,6]",6,242.0133501291275,54.80030202306807,10.295778978616,142.4072589725256,0.23289094679057598,449.75850195623934,2690
1,1,400,Text2Video-Zero/A bowl of rich French onion soup emanates an enticing aroma.mp4,25,36,"[4,5,6,7,8,9,11,12,13,14,15,16,18,19,20,21,22,23,24,26,27,28,29,30,32,32]",25,194.17881802655756,46.90730501897633,10.825090110301971,142.5498640164733,0.22816704586148262,394.6985090151429,2690
1,1,401,Gen-2/A hippo leisurely floats in the water.mp4,25,96,"[10,13,16,19,22,25,29,32,35,38,41,44,48,51,54,57,60,63,66,70,73,76,79,82,86,86]",25,1501.1009890586138,70.27371902950108,10.827583028003573,142.3186978790909,0.23108813911676407,1724.7617908287793,2690
1,1,402,"video_fusion/A couple walks hand in hand on the beach, listening to the sound of the waves.mp4",25,16,"[2,2,3,3,4,4,5,5,6,6,6,7,8,8,9,9,10,10,10,11,12,12,12,13,14,14]",13,33.289110055193305,50.59342086315155,10.414803866297007,142.49646198004484,0.2285088412463665,237.03038110397756,2690
1,1,403,VideoCrafter/The commander is strategizing in front of a map.mp4,25,16,"[2,2,3,3,4,4,5,5,6,6,6,7,8,8,9,9,10,10,10,11,12,12,12,13,14,14]",13,373.5805640462786,69.30236401967704,10.798912029713392,142.53406994976103,0.23318897001445293,596.4567929040641,2690
1,1,404,Hotshot-XL/Great white sharks swim majestically in the depths of the ocean.mp4,25,8,"[1,1,1,1,2,2,2,2,3,3,3,3,4,4,4,4,4,5,5,5,5,6,6,6,6,6]",6,149.4488639291376,60.7458190061152,10.99513890221715,142.44763203896582,0.2257798332720995,363.8747010845691,2690
1,1,405,"Gen-2/A baseball player swung the bat, preparing for a home run.mp4",25,96,"[10,13,16,19,22,25,29,32,35,38,41,44,48,51,54,57,60,63,66,70,73,76,79,82,86,86]",25,1028.309518005699,59.081252897158265,11.01594208739698,143.06340599432588,0.24854508228600025,1241.727520013228,2690
1,1,406,video_fusion/There's a drum and guitar in the music classroom.mp4,25,16,"[2,2,3,3,4,4,5,5,6,6,6,7,8,8,9,9,10,10,10,11,12,12,12,13,14,14]",13,38.09550195001066,61.127675930038095,10.79256716184318,142.51295709982514,0.23218384012579918,252.7736600022763,2690
1,1,407,Tune-A-Video/A wheat field sways gracefully in the gentle breeze.mp4,25,24,"[2,3,4,5,5,6,7,8,8,9,10,11,12,12,13,14,15,15,16,17,18,18,19,20,21,21]",20,354.89977383986115,72.9529750533402,10.618515079841018,142.52313086763024,0.23736804723739624,581.2397319823503,2690
1,1,408,Tune-A-Video/Sharks dart through the water.mp4,25,24,"[2,3,4,5,5,6,7,8,8,9,10,11,12,12,13,14,15,15,16,17,18,18,19,20,21,21]",20,160.13700794428587,51.302599953487515,11.055564973503351,142.46907620690763,0.23014796897768974,365.2030189987272,2690
1,1,409,Gen-2/Students and teachers discuss topics in the classroom.mp4,25,96,"[10,13,16,19,22,25,29,32,35,38,41,44,48,51,54,57,60,63,66,70,73,76,79,82,86,86]",25,1233.014042954892,61.42541393637657,10.664977133274078,142.42890500463545,0.23471983149647713,1447.7781530003995,2690
1,1,410,"Gen-2/Unique desert landscapes, with dunes sculpted by the wind.mp4",25,96,"[10,13,16,19,22,25,29,32,35,38,41,44,48,51,54,57,60,63,66,70,73,76,79,82,86,86]",25,2044.9637728743255,51.28551507368684,10.160552803426981,142.24600605666637,0.3167910035699606,2248.982746852562,2690
1,1,411,"Hotshot-XL/Wandering through a forest path, surrounded by emerald greenery.mp4",25,8,"[1,1,1,1,2,2,2,2,3,3,3,3,4,4,4,4,4,5,5,5,5,6,6,6,6,6]",6,418.62068488262594,64.96999715454876,10.940612992271781,142.50014000572264,0.32659806311130524,637.3674380593002,2690
1,1,412,Gen-2/The crickets chirped merrily in the summer night.mp4,25,96,"[10,13,16,19,22,25,29,32,35,38,41,44,48,51,54,57,60,63,66,70,73,76,79,82,86,86]",25,1620.6133209634572,70.69704798050225,10.775323957204819,142.4840409308672,0.24536717683076859,1844.8253250680864,2690
1,1,413,"video_fusion/In a rugby match, players vied for possession of the rugby ball.mp4",25,16,"[2,2,3,3,4,4,5,5,6,6,6,7,8,8,9,9,10,10,10,11,12,12,12,13,14,14]",13,39.1192389652133,50.340018002316356,10.916170896962285,142.69633404910564,0.25295582599937916,243.33317205309868,2690
1,1,414,Hotshot-XL/People sunbathe on the lawn.mp4,25,8,"[1,1,1,1,2,2,2,2,3,3,3,3,4,4,4,4,4,5,5,5,5,6,6,6,6,6]",6,254.44092601537704,66.55813497491181,10.037655010819435,142.62696914374828,0.2437110524624586,473.91738509759307,2690
1,1,415,Gen-2/Students enjoy tasty sandwiches in the cafeteria.mp4,25,96,"[10,13,16,19,22,25,29,32,35,38,41,44,48,51,54,57,60,63,66,70,73,76,79,82,86,86]",25,1205.075987847522,61.65539403446019,10.034310165792704,142.41770305670798,0.2316189929842949,1419.4243939127773,2690
1,1,416,Tune-A-Video/A daffodil sways in the spring breeze.mp4,25,24,"[2,3,4,5,5,6,7,8,8,9,10,11,12,12,13,14,15,15,16,17,18,18,19,20,21,21]",20,228.77793107181787,47.66471381299198,9.942136937752366,142.44715101085603,0.23453682661056519,429.07541804015636,2690
1,1,417,VideoCrafter/A butterfly gracefully dances among the flowers.mp4,25,16,"[2,2,3,3,4,4,5,5,6,6,6,7,8,8,9,9,10,10,10,11,12,12,12,13,14,14]",13,605.5236831307411,65.26097399182618,9.771041106432676,142.5334569066763,0.22895610891282558,823.3282151632011,2690
1,1,418,VideoCrafter/A field of dandelions lines the side of a rural road.mp4,25,16,"[2,2,3,3,4,4,5,5,6,6,6,7,8,8,9,9,10,10,10,11,12,12,12,13,14,14]",13,859.7103739157319,76.29951718263328,10.024056071415544,142.45263882912695,0.22840616293251514,1088.7234930414706,2690
1,1,419,Gen-2/A bowl of spicy Mexican chili is very delicious.mp4,25,96,"[10,13,16,19,22,25,29,32,35,38,41,44,48,51,54,57,60,63,66,70,73,76,79,82,86,86]",25,2337.5405620317906,52.9120450373739,10.622437112033367,142.40713301114738,0.23946701548993587,2543.7301660422236,2690
1,1,420,"Hotshot-XL/Willow trees by the river, swaying gently in the calming breeze.mp4",25,8,"[1,1,1,1,2,2,2,2,3,3,3,3,4,4,4,4,4,5,5,5,5,6,6,6,6,6]",6,380.02605200745165,53.695517824962735,10.693938005715609,142.39337109029293,0.22762897424399853,587.0452939998358,2690
1,1,421,Text2Video-Zero/A golden field of wheat sways gently in the breeze.mp4,25,36,"[4,5,6,7,8,9,11,12,13,14,15,16,18,19,20,21,22,23,24,26,27,28,29,30,32,32]",25,823.1176969129592,68.93909303471446,10.365247027948499,142.27675995789468,0.230130972340703,1044.9372469447553,2690
1,1,422,video_fusion/A bowl of spicy Mexican chili is very delicious.mp4,25,16,"[2,2,3,3,4,4,5,5,6,6,6,7,8,8,9,9,10,10,10,11,12,12,12,13,14,14]",13,45.168815879151225,50.0315569806844,10.536228073760867,142.43780402466655,0.23216987028717995,248.42016608454287,2690
1,1,423,"Tune-A-Video/A couple walks hand in hand on the beach, listening to the sound of the waves.mp4",25,24,"[2,3,4,5,5,6,7,8,8,9,10,11,12,12,13,14,15,15,16,17,18,18,19,20,21,21]",20,211.4659370854497,64.6539181470871,10.494647081941366,142.3632048536092,0.23087183944880962,429.2183720972389,2690
1,1,424,"video_fusion/The campus has colorful gardens, full of vitality.mp4",25,16,"[2,2,3,3,4,4,5,5,6,6,6,7,8,8,9,9,10,10,10,11,12,12,12,13,14,14]",13,50.64399796538055,51.00819491781294,10.200130054727197,144.4830670952797,0.22944086231291294,256.5735490061343,2690
1,1,425,Hotshot-XL/A piece of cheesecake is covered with blueberry sauce.mp4,25,8,"[1,1,1,1,2,2,2,2,3,3,3,3,4,4,4,4,4,5,5,5,5,6,6,6,6,6]",6,191.90962612628937,69.18967398814857,10.000416077673435,142.4960559234023,0.23457780480384827,413.8392750173807,2690
1,1,426,Hotshot-XL/A pet owner walks their dog in the park.mp4,25,8,"[1,1,1,1,2,2,2,2,3,3,3,3,4,4,4,4,4,5,5,5,5,6,6,6,6,6]",6,349.34532595798373,75.01277211122215,10.41665906086564,142.53461896441877,0.2330220304429531,577.5517139118165,2690
1,1,427,video_fusion/People sunbathe on the lawn.mp4,25,16,"[2,2,3,3,4,4,5,5,6,6,6,7,8,8,9,9,10,10,10,11,12,12,12,13,14,14]",13,41.36862815357745,51.13023007288575,10.449599009007215,142.50016305595636,0.2287889365106821,245.69096788764,2690
1,1,428,Gen-2/A daffodil sways in the spring breeze.mp4,25,96,"[10,13,16,19,22,25,29,32,35,38,41,44,48,51,54,57,60,63,66,70,73,76,79,82,86,86]",25,1005.3058711346239,67.71581014618278,10.476381052285433,142.36396714113653,0.22932002320885658,1226.099847117439,2690
1,1,429,Tune-A-Video/A golden field of wheat sways gently in the breeze.mp4,25,24,"[2,3,4,5,5,6,7,8,8,9,10,11,12,12,13,14,15,15,16,17,18,18,19,20,21,21]",20,154.3213129043579,48.50017721764743,10.622288100421429,142.5763808656484,0.2290958072990179,356.25679488293827,2690
1,1,430,VideoCrafter/Students program in the computer lab.mp4,25,16,"[2,2,3,3,4,4,5,5,6,6,6,7,8,8,9,9,10,10,10,11,12,12,12,13,14,14]",13,340.3083039447665,53.89814614318311,10.685787070542574,142.51794992014766,0.22960198111832142,547.649288084358,2690
1,1,431,Text2Video-Zero/A pizza is topped with Italian sausage and mushrooms.mp4,25,36,"[4,5,6,7,8,9,11,12,13,14,15,16,18,19,20,21,22,23,24,26,27,28,29,30,32,32]",25,1366.8121458031237,80.57897281832993,10.580362053588033,142.59150996804237,0.24015293456614017,1600.8159378543496,2690
1,1,432,Gen-2/A piece of French bread is spread with butter.mp4,25,96,"[10,13,16,19,22,25,29,32,35,38,41,44,48,51,54,57,60,63,66,70,73,76,79,82,86,86]",25,1492.7028371021152,72.37463584169745,10.454766917973757,142.85267400555313,0.24090800434350967,1718.6369288247079,2690
1,1,433,Gen-2/A wheat field sways gracefully in the gentle breeze.mp4,25,96,"[10,13,16,19,22,25,29,32,35,38,41,44,48,51,54,57,60,63,66,70,73,76,79,82,86,86]",25,1629.607877926901,61.62126804701984,10.47580293379724,142.52023096196353,0.26351911947131157,1844.4989719428122,2690
1,1,434,Tune-A-Video/A photographer captures the neon lights of the city.mp4,25,24,"[2,3,4,5,5,6,7,8,8,9,10,11,12,12,13,14,15,15,16,17,18,18,19,20,21,21]",20,219.3077530246228,48.3149120118469,10.512645123526454,142.3628379125148,0.2218571025878191,420.7289151381701,2690
1,1,435,Gen-2/The seahorse swayed slowly on the sea floor.mp4,25,96,"[10,13,16,19,22,25,29,32,35,38,41,44,48,51,54,57,60,63,66,70,73,76,79,82,86,86]",25,1176.6920061782002,69.86443186178803,10.572524974122643,142.38251908682287,0.22822199389338493,1399.7496000956744,2690
1,1,436,Tune-A-Video/A sausage is grilled slightly crispy on the barbecue.mp4,25,24,"[2,3,4,5,5,6,7,8,8,9,10,11,12,12,13,14,15,15,16,17,18,18,19,20,21,21]",20,218.0836049374193,51.85015103779733,9.884143946692348,142.5342841539532,0.23455685004591942,422.59648395702243,2690
1,1,437,VideoCrafter/Crocodiles swim leisurely in the lake.mp4,25,16,"[2,2,3,3,4,4,5,5,6,6,6,7,8,8,9,9,10,10,10,11,12,12,12,13,14,14]",13,433.7412640452385,43.88945898972452,9.654259076341987,143.27591517940164,0.32040197402238846,630.8903698809445,2690
1,1,438,Text2Video-Zero/Children dig sandcastles on the beach.mp4,25,36,"[4,5,6,7,8,9,11,12,13,14,15,16,18,19,20,21,22,23,24,26,27,28,29,30,32,32]",25,322.25991995073855,50.2299249637872,9.933462832123041,142.35867583192885,0.23973104543983936,525.0312380958349,2690
1,1,439,Gen-2/A white orchid grows in a potted plant.mp4,25,96,"[10,13,16,19,22,25,29,32,35,38,41,44,48,51,54,57,60,63,66,70,73,76,79,82,86,86]",25,696.0213030688465,54.42473292350769,9.910151129588485,142.27845496498048,0.2251600380986929,902.8750769793987,2690
1,1,440,video_fusion/A photographer captures the neon lights of the city.mp4,25,16,"[2,2,3,3,4,4,5,5,6,6,6,7,8,8,9,9,10,10,10,11,12,12,12,13,14,14]",13,45.562713872641325,48.16393414512277,9.907654952257872,142.41777802817523,0.22968696430325508,246.29560485482216,2690
1,1,441,Hotshot-XL/Sunlight is streaming through the leaves onto the grass.mp4,25,8,"[1,1,1,1,2,2,2,2,3,3,3,3,4,4,4,4,4,5,5,5,5,6,6,6,6,6]",6,348.71862386353314,63.49433213472366,9.777399012818933,142.60691194795072,0.23219804279506207,564.8388520348817,2690
1,1,442,Hotshot-XL/A bowl of ramen has delicious pork and seaweed.mp4,25,8,"[1,1,1,1,2,2,2,2,3,3,3,3,4,4,4,4,4,5,5,5,5,6,6,6,6,6]",6,207.13983778841794,59.020540211349726,10.06577699445188,142.50570093281567,0.23395312018692493,418.97591087035835,2690
1,1,443,VideoCrafter/Great white sharks swim majestically in the depths of the ocean.mp4,25,16,"[2,2,3,3,4,4,5,5,6,6,6,7,8,8,9,9,10,10,10,11,12,12,12,13,14,14]",13,535.5383690912277,75.9697281755507,10.05346397869289,142.3597619868815,0.22448296658694744,764.1593420412391,2690
1,1,444,"VideoCrafter/Students enjoy their time on campus, full of youthful energy.mp4",25,16,"[2,2,3,3,4,4,5,5,6,6,6,7,8,8,9,9,10,10,10,11,12,12,12,13,14,14]",13,671.6845240443945,77.44736410677433,10.134086944162846,142.94123696163297,0.23987400345504284,902.4620100390166,2690
1,1,445,VideoCrafter/A cactus thrives in the harsh desert.mp4,25,16,"[2,2,3,3,4,4,5,5,6,6,6,7,8,8,9,9,10,10,10,11,12,12,12,13,14,14]",13,320.80714986659586,64.33088495396078,9.928803890943527,142.44658616371453,0.22306106984615326,537.7524089999497,2690
1,1,446,VideoCrafter/Visitors get information at the park's visitor center.mp4,25,16,"[2,2,3,3,4,4,5,5,6,6,6,7,8,8,9,9,10,10,10,11,12,12,12,13,14,14]",13,538.3546189405024,77.01482600532472,10.056609055027366,142.2588520217687,0.2400039229542017,767.9395510349423,2690
1,1,447,video_fusion/A pet owner walks their dog in the park.mp4,25,16,"[2,2,3,3,4,4,5,5,6,6,6,7,8,8,9,9,10,10,10,11,12,12,12,13,14,14]",13,48.174615018069744,56.953283958137035,10.494499001652002,142.4467759206891,0.2308799885213375,258.3153711166233,2690
1,1,448,video_fusion/A bowl of hot soup is especially delicious on a cold winter day.mp4,25,16,"[2,2,3,3,4,4,5,5,6,6,6,7,8,8,9,9,10,10,10,11,12,12,12,13,14,14]",13,38.84235699661076,59.6693039406091,10.546643054112792,142.54907192662358,0.22726994939148426,251.8498138524592,2690
1,1,449,"Text2Video-Zero/Students line up in the cafeteria, waiting for lunch.mp4",25,36,"[4,5,6,7,8,9,11,12,13,14,15,16,18,19,20,21,22,23,24,26,27,28,29,30,32,32]",25,227.5180488359183,67.31846602633595,10.558753041550517,142.384584993124,0.23613311350345612,448.02599982358515,2690
1,1,450,Hotshot-XL/Purple lavender grows in the field.mp4,25,8,"[1,1,1,1,2,2,2,2,3,3,3,3,4,4,4,4,4,5,5,5,5,6,6,6,6,6]",6,180.41360192000866,61.8472199421376,10.54437505081296,142.4526630435139,0.2279980108141899,395.4959528055042,2690
1,1,451,video_fusion/A butterfly gracefully dances among the flowers.mp4,25,16,"[2,2,3,3,4,4,5,5,6,6,6,7,8,8,9,9,10,10,10,11,12,12,12,13,14,14]",13,44.42988499067724,52.075488958507776,10.070596123114228,142.49780820682645,0.22670486941933632,249.3152969982475,2690
1,1,452,Gen-2/A golden field of wheat sways gently in the breeze.mp4,25,96,"[10,13,16,19,22,25,29,32,35,38,41,44,48,51,54,57,60,63,66,70,73,76,79,82,86,86]",25,1281.0906327795237,69.51175886206329,10.544985067099333,142.4422999843955,0.22054393775761127,1503.8197620306164,2690
1,1,453,Tune-A-Video/People sunbathe on the lawn.mp4,25,24,"[2,3,4,5,5,6,7,8,8,9,10,11,12,12,13,14,15,15,16,17,18,18,19,20,21,21]",20,346.76997107453644,57.27630411274731,10.534669971093535,142.38996291533113,0.22866902872920036,557.2125930339098,2690
1,1,454,"Text2Video-Zero/A waterfall cascades gracefully, resembling a silver thread.mp4",25,36,"[4,5,6,7,8,9,11,12,13,14,15,16,18,19,20,21,22,23,24,26,27,28,29,30,32,32]",25,916.9497960247099,73.99569498375058,10.664017172530293,142.6098570227623,0.223659910261631,1144.4519669748843,2690
1,1,455,Text2Video-Zero/Parents pick up students at the bus stop.mp4,25,36,"[4,5,6,7,8,9,11,12,13,14,15,16,18,19,20,21,22,23,24,26,27,28,29,30,32,32]",25,391.4568959735334,60.43377588503063,10.570671875029802,142.46154599823058,0.2293880097568035,605.1613171584904,2690
1,1,456,"video_fusion/Students line up in the cafeteria, waiting for lunch.mp4",25,16,"[2,2,3,3,4,4,5,5,6,6,6,7,8,8,9,9,10,10,10,11,12,12,12,13,14,14]",13,41.178588988259435,50.66325608640909,10.535595007240772,142.55319884978235,0.22502988576889038,245.16497692093253,2690
1,1,457,Gen-2/Students participate in celebration ceremonies in the school courtyard.mp4,25,96,"[10,13,16,19,22,25,29,32,35,38,41,44,48,51,54,57,60,63,66,70,73,76,79,82,86,86]",25,1222.874715924263,70.43244014494121,11.015084106475115,142.5096660386771,0.2320338971912861,1447.0784049481153,2690
1,1,458,Gen-2/Various fruit trees grow in the countryside.mp4,25,96,"[10,13,16,19,22,25,29,32,35,38,41,44,48,51,54,57,60,63,66,70,73,76,79,82,86,86]",25,2426.3518061488867,71.9085750170052,10.548476129770279,142.32164109125733,0.23323297500610352,2651.378894923255,2690
1,1,459,VideoCrafter/Students and teachers discuss topics in the classroom.mp4,25,16,"[2,2,3,3,4,4,5,5,6,6,6,7,8,8,9,9,10,10,10,11,12,12,12,13,14,14]",13,401.9125858321786,71.22506899759173,10.463313898071647,142.4761030357331,0.23150304332375526,626.3224449940026,2690
1,1,460,Gen-2/Sunflowers stand tall in a field.mp4,25,96,"[10,13,16,19,22,25,29,32,35,38,41,44,48,51,54,57,60,63,66,70,73,76,79,82,86,86]",25,1730.6570110376924,70.83481014706194,10.553112020716071,142.54626096226275,0.23205392062664032,1954.8328910022974,2690
1,1,461,VideoCrafter/A doctor is carefully examining a patient's body.mp4,25,16,"[2,2,3,3,4,4,5,5,6,6,6,7,8,8,9,9,10,10,10,11,12,12,12,13,14,14]",13,689.3117260187864,68.69943300262094,10.377097874879837,142.41364714689553,0.23779482580721378,911.0481040552258,2690
1,1,462,Gen-2/Students savor delicious soups in the cafeteria.mp4,25,96,"[10,13,16,19,22,25,29,32,35,38,41,44,48,51,54,57,60,63,66,70,73,76,79,82,86,86]",25,1294.6943219285458,64.58925409242511,9.67393210157752,142.28251692838967,0.22502406500279903,1511.475137900561,2690
1,1,463,VideoCrafter/A lotus leaf floats on a serene pond.mp4,25,16,"[2,2,3,3,4,4,5,5,6,6,6,7,8,8,9,9,10,10,10,11,12,12,12,13,14,14]",13,599.9054159037769,70.74473891407251,9.543068939819932,142.563781933859,0.2483369316905737,823.0139859952033,2690
1,1,464,Tune-A-Video/A thin pancake is spread with butter and maple syrup.mp4,25,24,"[2,3,4,5,5,6,7,8,8,9,10,11,12,12,13,14,15,15,16,17,18,18,19,20,21,21]",20,186.56194698996842,57.03037395142019,9.900264907628298,142.52128987573087,0.241472152993083,396.2641900870949,2690
1,1,465,Text2Video-Zero/Sunlight is streaming through the leaves onto the grass.mp4,25,36,"[4,5,6,7,8,9,11,12,13,14,15,16,18,19,20,21,22,23,24,26,27,28,29,30,32,32]",25,1081.8498299922794,60.35042298026383,9.744716109707952,142.4607210792601,0.24738581851124763,1294.661725172773,2690
1,1,466,video_fusion/A peony blooms with snow-white petals.mp4,25,16,"[2,2,3,3,4,4,5,5,6,6,6,7,8,8,9,9,10,10,10,11,12,12,12,13,14,14]",13,39.90480815991759,48.815235029906034,9.601301979273558,142.4951448570937,0.23349979892373085,241.05832492932677,2690
1,1,467,video_fusion/Vendors at the market display fresh fruits and vegetables.mp4,25,16,"[2,2,3,3,4,4,5,5,6,6,6,7,8,8,9,9,10,10,10,11,12,12,12,13,14,14]",13,47.35983209684491,41.30822792649269,9.714615065604448,142.47482200153172,0.23097707889974117,241.09676596708596,2690
1,1,468,video_fusion/A bowl of rich French onion soup emanates an enticing aroma.mp4,25,16,"[2,2,3,3,4,4,5,5,6,6,6,7,8,8,9,9,10,10,10,11,12,12,12,13,14,14]",13,30.960256000980735,41.71722615137696,9.881691075861454,142.70974602550268,0.2405899576842785,225.51773814484477,2690
1,1,469,VideoCrafter/The parrot chirped in the treetops.mp4,25,16,"[2,2,3,3,4,4,5,5,6,6,6,7,8,8,9,9,10,10,10,11,12,12,12,13,14,14]",13,531.4550900366157,75.01071901060641,9.715514024719596,142.37328409217298,0.22867415100336075,758.7978860829026,2690
1,1,470,Text2Video-Zero/Teenage skateboarders perform tricks by the pond.mp4,25,36,"[4,5,6,7,8,9,11,12,13,14,15,16,18,19,20,21,22,23,24,26,27,28,29,30,32,32]",25,943.2218819856644,72.3174880258739,10.747547028586268,142.40483194589615,0.23032398894429207,1168.931326828897,2690
1,1,471,Tune-A-Video/Students enjoy tasty sandwiches in the cafeteria.mp4,25,24,"[2,3,4,5,5,6,7,8,8,9,10,11,12,12,13,14,15,15,16,17,18,18,19,20,21,21]",20,606.270259944722,58.609002036973834,10.412856936454773,142.41909282281995,0.23270281963050365,817.9533379152417,2690
1,1,472,"Tune-A-Video/In front of a farmhouse, there is a swing.mp4",25,24,"[2,3,4,5,5,6,7,8,8,9,10,11,12,12,13,14,15,15,16,17,18,18,19,20,21,21]",20,115.83868390880525,48.089602030813694,10.41199709288776,142.51386490650475,0.22887904196977615,317.0920938719064,2690
1,1,473,Hotshot-XL/A field of dandelions lines the side of a rural road.mp4,25,8,"[1,1,1,1,2,2,2,2,3,3,3,3,4,4,4,4,4,5,5,5,5,6,6,6,6,6]",6,425.6579221691936,74.10526205785573,10.266531957313418,142.61745801195502,0.22641988471150398,652.8832509648055,2690
1,1,474,Gen-2/A family goes to the movies on the weekend.mp4,25,96,"[10,13,16,19,22,25,29,32,35,38,41,44,48,51,54,57,60,63,66,70,73,76,79,82,86,86]",25,2379.0723769925535,57.104216888546944,10.443879989907146,142.74265198037028,0.24700001813471317,2589.619753882289,2690
1,1,475,Text2Video-Zero/An explorer searches for adventure in the forest.mp4,25,36,"[4,5,6,7,8,9,11,12,13,14,15,16,18,19,20,21,22,23,24,26,27,28,29,30,32,32]",25,1106.6058508586138,73.21237516589463,10.492536937817931,142.35269697383046,0.23293914273381233,1332.9109989572316,2690
1,1,476,Text2Video-Zero/A doctor cares for patients in the hospital.mp4,25,36,"[4,5,6,7,8,9,11,12,13,14,15,16,18,19,20,21,22,23,24,26,27,28,29,30,32,32]",25,205.33062890172005,58.483506087213755,10.449971072375774,142.46013504453003,0.22919801995158195,416.9622058980167,2690
1,1,477,VideoCrafter/There's a drum and guitar in the music classroom.mp4,25,16,"[2,2,3,3,4,4,5,5,6,6,6,7,8,8,9,9,10,10,10,11,12,12,12,13,14,14]",13,451.83454104699194,56.76397797651589,10.52617491222918,142.48572406359017,0.24203979410231113,661.8665070272982,2690
1,1,478,Hotshot-XL/Military aircraft are neatly lined up on the military base.mp4,25,8,"[1,1,1,1,2,2,2,2,3,3,3,3,4,4,4,4,4,5,5,5,5,6,6,6,6,6]",6,249.31596498936415,75.41820895858109,10.579108959063888,142.9010289721191,0.24783401750028133,478.4757208544761,2690
1,1,479,"Gen-2/Students line up in the cafeteria, waiting for lunch.mp4",25,96,"[10,13,16,19,22,25,29,32,35,38,41,44,48,51,54,57,60,63,66,70,73,76,79,82,86,86]",25,1514.9395349435508,71.94409612566233,10.31991420313716,142.47897895984352,0.24619721807539463,1739.9393650703132,2690
1,1,480,Gen-2/A tennis player made spectacular plays at the net.mp4,25,96,"[10,13,16,19,22,25,29,32,35,38,41,44,48,51,54,57,60,63,66,70,73,76,79,82,86,86]",25,1681.0842459090054,63.3907828014344,9.844834916293621,142.59087503887713,0.23629609495401382,1897.1571570727974,2690
1,1,481,Tune-A-Video/A lotus leaf floats on a serene pond.mp4,25,24,"[2,3,4,5,5,6,7,8,8,9,10,11,12,12,13,14,15,15,16,17,18,18,19,20,21,21]",20,200.85661602206528,53.60035318881273,10.541688883677125,142.5793399102986,0.23853406310081482,407.8262348193675,2690
1,1,482,Gen-2/Soldiers are setting up tents in the camp.mp4,25,96,"[10,13,16,19,22,25,29,32,35,38,41,44,48,51,54,57,60,63,66,70,73,76,79,82,86,86]",25,1671.6250819154084,68.37217998690903,10.374184930697083,142.50957104377449,0.2261169720441103,1893.1165898684412,2690
1,1,483,Text2Video-Zero/A milkshake is garnished with fresh strawberries and cream.mp4,25,36,"[4,5,6,7,8,9,11,12,13,14,15,16,18,19,20,21,22,23,24,26,27,28,29,30,32,32]",25,431.03404995054007,63.95301199518144,10.275776032358408,142.49305706471205,0.23490283638238907,648.000868037343,2690
1,1,484,Hotshot-XL/A roasted salmon is presented on a plate.mp4,25,8,"[1,1,1,1,2,2,2,2,3,3,3,3,4,4,4,4,4,5,5,5,5,6,6,6,6,6]",6,198.73427995480597,61.261256923899055,9.795188903808594,142.59045501239598,0.22742408327758312,412.6188298687339,2690
1,1,485,VideoCrafter/A designer creates fashionable clothing designs.mp4,25,16,"[2,2,3,3,4,4,5,5,6,6,6,7,8,8,9,9,10,10,10,11,12,12,12,13,14,14]",13,707.2697768453509,67.33850599266589,9.919994976371527,142.65336585231125,0.23177498951554298,927.42181988433,2690
1,1,486,Tune-A-Video/A butterfly gracefully dances among the flowers.mp4,25,24,"[2,3,4,5,5,6,7,8,8,9,10,11,12,12,13,14,15,15,16,17,18,18,19,20,21,21]",20,206.12206612713635,56.56862095929682,9.876942029222846,142.63781695626676,0.23902091197669506,415.45371199026704,2690
1,1,487,"Hotshot-XL/In front of a farmhouse, there is a swing.mp4",25,8,"[1,1,1,1,2,2,2,2,3,3,3,3,4,4,4,4,4,5,5,5,5,6,6,6,6,6]",6,322.27332098409534,64.71641617827117,9.825936984270811,142.70391315221786,0.2393780741840601,539.7677461151034,2690
1,1,488,Hotshot-XL/A cup of hot chocolate is fragrant.mp4,25,8,"[1,1,1,1,2,2,2,2,3,3,3,3,4,4,4,4,4,5,5,5,5,6,6,6,6,6]",6,141.0837690345943,52.9965958558023,10.294857900589705,143.16154108382761,0.2859081141650677,347.8306320030242,2690
1,1,489,Tune-A-Video/A roasted cod fish is garnished with fresh herbs.mp4,25,24,"[2,3,4,5,5,6,7,8,8,9,10,11,12,12,13,14,15,15,16,17,18,18,19,20,21,21]",20,845.4328321386129,68.04957892745733,10.073988931253552,142.5193059258163,0.24747592397034168,1066.332384943962,2690
1,1,490,video_fusion/The lion roars majestically on the grassland.mp4,25,16,"[2,2,3,3,4,4,5,5,6,6,6,7,8,8,9,9,10,10,10,11,12,12,12,13,14,14]",13,39.921581046655774,52.873624954372644,10.029349941760302,142.65710511244833,0.23414893075823784,245.7242850214243,2690
1,1,491,Text2Video-Zero/A thin pancake is spread with butter and maple syrup.mp4,25,36,"[4,5,6,7,8,9,11,12,13,14,15,16,18,19,20,21,22,23,24,26,27,28,29,30,32,32]",25,344.5223330054432,61.13637099042535,10.072857839986682,142.7051720675081,0.22275885567069054,558.667778968811,2690
1,1,492,"Tune-A-Video/The campus has colorful gardens, full of vitality.mp4",25,24,"[2,3,4,5,5,6,7,8,8,9,10,11,12,12,13,14,15,15,16,17,18,18,19,20,21,21]",20,441.91555213183165,60.90457504615188,10.354530066251755,142.52291107550263,0.22868788801133633,655.9358309023082,2690
1,1,493,"Tune-A-Video/Willow trees by the river, swaying gently in the calming breeze.mp4",25,24,"[2,3,4,5,5,6,7,8,8,9,10,11,12,12,13,14,15,15,16,17,18,18,19,20,21,21]",20,199.13084409199655,52.75407899171114,10.011345846578479,142.6132139749825,0.22964784875512123,404.74656387232244,2690
1,1,494,Text2Video-Zero/A slice of French chocolate mousse cake brings sweet delight.mp4,25,36,"[4,5,6,7,8,9,11,12,13,14,15,16,18,19,20,21,22,23,24,26,27,28,29,30,32,32]",25,269.4872720167041,54.432635894045234,10.499099968001246,142.52847689203918,0.23104902356863022,477.18768403865397,2690
1,1,495,Hotshot-XL/A group of villagers wash clothes by the stream.mp4,25,8,"[1,1,1,1,2,2,2,2,3,3,3,3,4,4,4,4,4,5,5,5,5,6,6,6,6,6]",6,335.5096171144396,56.00608489476144,10.046073934063315,145.14930918812752,0.22734585218131542,546.9478110317141,2690
1,1,496,video_fusion/A field of dandelions lines the side of a rural road.mp4,25,16,"[2,2,3,3,4,4,5,5,6,6,6,7,8,8,9,9,10,10,10,11,12,12,12,13,14,14]",13,39.46833009831607,56.934925029054284,10.32709190621972,142.58528198115528,0.22818008437752724,249.55204012803733,2690
1,1,497,video_fusion/Purple lavender grows in the field.mp4,25,16,"[2,2,3,3,4,4,5,5,6,6,6,7,8,8,9,9,10,10,10,11,12,12,12,13,14,14]",13,42.48108994215727,58.52773692458868,10.529497871175408,142.59858382865787,0.23418478667736053,254.3844459578395,2690
1,1,498,Hotshot-XL/The roof of a farmhouse is covered in moss.mp4,25,8,"[1,1,1,1,2,2,2,2,3,3,3,3,4,4,4,4,4,5,5,5,5,6,6,6,6,6]",6,319.81957284733653,55.926050059497356,10.436732089146972,142.56752585060894,0.24192500859498978,529.0001288522035,2690
1,1,499,Gen-2/A roasted salmon is presented on a plate.mp4,25,96,"[10,13,16,19,22,25,29,32,35,38,41,44,48,51,54,57,60,63,66,70,73,76,79,82,86,86]",25,1696.1834370158613,71.11381203867495,10.39807079359889,142.51741697080433,0.23165694437921047,1920.4538979101926,2690
1,1,500,Text2Video-Zero/Students savor delicious soups in the cafeteria.mp4,25,36,"[4,5,6,7,8,9,11,12,13,14,15,16,18,19,20,21,22,23,24,26,27,28,29,30,32,32]",25,734.4258090015501,65.80973509699106,10.449494933709502,142.48287887312472,0.22821291349828243,953.4048940986395,2690
1,1,501,Text2Video-Zero/Vendors at the market display fresh fruits and vegetables.mp4,25,36,"[4,5,6,7,8,9,11,12,13,14,15,16,18,19,20,21,22,23,24,26,27,28,29,30,32,32]",25,761.2311248667538,69.58689703606069,10.539352893829346,142.59460591711104,0.22517004981637,984.1871350072324,2690
1,1,502,Text2Video-Zero/Crocodiles swim leisurely in the lake.mp4,25,36,"[4,5,6,7,8,9,11,12,13,14,15,16,18,19,20,21,22,23,24,26,27,28,29,30,32,32]",25,1273.5986120533198,70.4797301441431,10.838134912773967,142.33790105208755,0.22324593737721443,1497.4870490841568,2690
1,1,503,Hotshot-XL/Sunflowers stand tall in a field.mp4,25,8,"[1,1,1,1,2,2,2,2,3,3,3,3,4,4,4,4,4,5,5,5,5,6,6,6,6,6]",6,385.2778740692884,59.58570307120681,10.783919133245945,142.6171709317714,0.22878404706716537,598.501943051815,2690
1,1,504,Hotshot-XL/The parrot chirped in the treetops.mp4,25,8,"[1,1,1,1,2,2,2,2,3,3,3,3,4,4,4,4,4,5,5,5,5,6,6,6,6,6]",6,363.5964598506689,61.46760797128081,10.56484505534172,142.48065510764718,0.229384982958436,578.3489539753646,2690
1,1,505,video_fusion/The rural stream serves as the water source for villagers.mp4,25,16,"[2,2,3,3,4,4,5,5,6,6,6,7,8,8,9,9,10,10,10,11,12,12,12,13,14,14]",13,45.31222698278725,45.5156359821558,10.622118832543492,142.65597984194756,0.22868788801133633,244.34353318065405,2690
1,1,506,"Hotshot-XL/Blue skies and fluffy clouds, ever-changing shapes like poetry.mp4",25,8,"[1,1,1,1,2,2,2,2,3,3,3,3,4,4,4,4,4,5,5,5,5,6,6,6,6,6]",6,131.25074794515967,45.88032700121403,10.740485973656178,142.58670201525092,0.23785792291164398,330.70537401363254,2690
1,1,507,"Text2Video-Zero/Blue skies and fluffy clouds, ever-changing shapes like poetry.mp4",25,36,"[4,5,6,7,8,9,11,12,13,14,15,16,18,19,20,21,22,23,24,26,27,28,29,30,32,32]",25,393.227627966553,56.08154181391001,10.671482887119055,142.52948900684714,0.23077894002199173,602.7501639910042,2690
1,1,508,Gen-2/Cherry trees in the orchard are filled with red fruit.mp4,25,96,"[10,13,16,19,22,25,29,32,35,38,41,44,48,51,54,57,60,63,66,70,73,76,79,82,86,86]",25,2872.3661408293992,76.93649898283184,10.31019794754684,142.48108305037022,0.2386381383985281,3102.343410020694,2690
1,1,509,"Gen-2/Students enjoy their time on campus, full of youthful energy.mp4",25,96,"[10,13,16,19,22,25,29,32,35,38,41,44,48,51,54,57,60,63,66,70,73,76,79,82,86,86]",25,1315.3959210030735,62.60303291492164,10.472549125552177,142.38057797774673,0.22826483473181725,1531.0903678182513,2690
1,1,510,video_fusion/The parrot chirped in the treetops.mp4,25,16,"[2,2,3,3,4,4,5,5,6,6,6,7,8,8,9,9,10,10,10,11,12,12,12,13,14,14]",13,40.574424900114536,49.94927789084613,10.46659704297781,142.49335508793592,0.22935913875699043,243.7276099808514,2690
1,1,511,VideoCrafter/Students enjoy tasty sandwiches in the cafeteria.mp4,25,16,"[2,2,3,3,4,4,5,5,6,6,6,7,8,8,9,9,10,10,10,11,12,12,12,13,14,14]",13,453.7409911863506,79.86163115128875,10.068248026072979,142.46527501381934,0.23738504387438297,686.3881780300289,2690
1,1,512,Tune-A-Video/A bowl of rich French onion soup emanates an enticing aroma.mp4,25,24,"[2,3,4,5,5,6,7,8,8,9,10,11,12,12,13,14,15,15,16,17,18,18,19,20,21,21]",20,306.6444720607251,59.10319392569363,9.538053069263697,142.55837793461978,0.23137405514717102,518.0852068588138,2690
1,1,513,Gen-2/A purple bellflower opens in the sunlight.mp4,25,96,"[10,13,16,19,22,25,29,32,35,38,41,44,48,51,54,57,60,63,66,70,73,76,79,82,86,86]",25,1026.3865869492292,46.9692200422287,9.640017990022898,142.4893899820745,0.23950403556227684,1225.7357090711594,2690
1,1,514,Text2Video-Zero/Sunflowers stand tall in a field.mp4,25,36,"[4,5,6,7,8,9,11,12,13,14,15,16,18,19,20,21,22,23,24,26,27,28,29,30,32,32]",25,685.1918920874596,52.284966921433806,10.03906293772161,142.41149695590138,0.23854500614106655,890.1801500469446,2690
1,1,515,"VideoCrafter/A writer sits at a desk, crafting a new novel.mp4",25,16,"[2,2,3,3,4,4,5,5,6,6,6,7,8,8,9,9,10,10,10,11,12,12,12,13,14,14]",13,494.47782803326845,76.30030298605561,9.949167957529426,142.50088902190328,0.22770510986447334,723.4709481708705,2690
1,1,516,VideoCrafter/Swallows soar in the air.mp4,25,16,"[2,2,3,3,4,4,5,5,6,6,6,7,8,8,9,9,10,10,10,11,12,12,12,13,14,14]",13,666.8623939622194,54.91368588991463,10.08443790487945,142.4432669300586,0.2248138189315796,874.5428130496293,2690
1,1,517,video_fusion/The seahorse swayed slowly on the sea floor.mp4,25,16,"[2,2,3,3,4,4,5,5,6,6,6,7,8,8,9,9,10,10,10,11,12,12,12,13,14,14]",13,41.8191181961447,52.11319704540074,10.141258127987385,142.595870885998,0.22797100245952606,246.90661509521306,2690
1,1,518,Hotshot-XL/Visitors get information at the park's visitor center.mp4,25,8,"[1,1,1,1,2,2,2,2,3,3,3,3,4,4,4,4,4,5,5,5,5,6,6,6,6,6]",6,243.2351850438863,56.63901218213141,10.071306023746729,142.54870009608567,0.3065131604671478,452.81077292747796,2690
1,1,519,VideoCrafter/Students savor delicious soups in the cafeteria.mp4,25,16,"[2,2,3,3,4,4,5,5,6,6,6,7,8,8,9,9,10,10,10,11,12,12,12,13,14,14]",13,472.0966927707195,64.22497099265456,9.899323806166649,142.54880300723016,0.2860508393496275,689.0652340371162,2690
1,1,520,Gen-2/Children dig sandcastles on the beach.mp4,25,96,"[10,13,16,19,22,25,29,32,35,38,41,44,48,51,54,57,60,63,66,70,73,76,79,82,86,86]",25,1124.2561908438802,72.92191288433969,10.130378184840083,142.47381105087698,0.23751799017190933,1350.030117901042,2690
1,1,521,VideoCrafter/A daffodil sways in the spring breeze.mp4,25,16,"[2,2,3,3,4,4,5,5,6,6,6,7,8,8,9,9,10,10,10,11,12,12,12,13,14,14]",13,517.3390239942819,47.98094602301717,10.159525088965893,142.46455300599337,0.23241620510816574,718.1899610441178,2690
1,1,522,Gen-2/A doctor cares for patients in the hospital.mp4,25,96,"[10,13,16,19,22,25,29,32,35,38,41,44,48,51,54,57,60,63,66,70,73,76,79,82,86,86]",25,1225.8793970104307,52.76543996296823,10.461008874699473,142.46934093534946,0.2255658619105816,1431.8147480953485,2690
1,1,523,VideoCrafter/The leaves of a purple-leaf plum tree turn deep purple.mp4,25,16,"[2,2,3,3,4,4,5,5,6,6,6,7,8,8,9,9,10,10,10,11,12,12,12,13,14,14]",13,387.78795301914215,63.909946009516716,10.300104040652514,142.43942010216415,0.22645480930805206,604.672800982371,2690
1,1,524,VideoCrafter/A painter showcases their art on an outdoor gallery.mp4,25,16,"[2,2,3,3,4,4,5,5,6,6,6,7,8,8,9,9,10,10,10,11,12,12,12,13,14,14]",13,471.7476849909872,64.60949801839888,10.152801871299744,142.393060028553,0.2239991445094347,689.1411321703345,2690
1,1,525,Hotshot-XL/A salad is sprinkled with nuts and fruits.mp4,25,8,"[1,1,1,1,2,2,2,2,3,3,3,3,4,4,4,4,4,5,5,5,5,6,6,6,6,6]",6,221.29048802889884,65.10277395136654,10.15212177298963,142.55904708988965,0.2268820535391569,439.3407048191875,2690
1,1,526,"Gen-2/Wandering through a forest path, surrounded by emerald greenery.mp4",25,96,"[10,13,16,19,22,25,29,32,35,38,41,44,48,51,54,57,60,63,66,70,73,76,79,82,86,86]",25,2820.6473318859935,70.37470699287951,10.18825895152986,142.35575287602842,0.22537284530699253,3043.8011339865625,2690
1,1,527,"Text2Video-Zero/Unique desert landscapes, with dunes sculpted by the wind.mp4",25,36,"[4,5,6,7,8,9,11,12,13,14,15,16,18,19,20,21,22,23,24,26,27,28,29,30,32,32]",25,312.4737029429525,61.335213016718626,9.94951999746263,142.47545809485018,0.23610820062458515,526.4791159424931,2690
1,1,528,video_fusion/A milkshake is garnished with fresh strawberries and cream.mp4,25,16,"[2,2,3,3,4,4,5,5,6,6,6,7,8,8,9,9,10,10,10,11,12,12,12,13,14,14]",13,32.356613082811236,49.14742289111018,10.011248989030719,142.5337560940534,0.23165298625826836,234.28909201174974,2690
1,1,529,"Text2Video-Zero/The campus has colorful gardens, full of vitality.mp4",25,36,"[4,5,6,7,8,9,11,12,13,14,15,16,18,19,20,21,22,23,24,26,27,28,29,30,32,32]",25,860.0668818689883,70.08812692947686,10.10280498303473,142.38180103711784,0.23004505783319473,1082.87881501019,2690
1,1,530,Hotshot-XL/Vendors at the market display fresh fruits and vegetables.mp4,25,8,"[1,1,1,1,2,2,2,2,3,3,3,3,4,4,4,4,4,5,5,5,5,6,6,6,6,6]",6,339.3647549673915,62.45995708741248,10.031095938757062,142.76434294879436,0.24734903126955032,554.8788770101964,2690
1,1,531,Gen-2/A pizza is topped with Italian sausage and mushrooms.mp4,25,96,"[10,13,16,19,22,25,29,32,35,38,41,44,48,51,54,57,60,63,66,70,73,76,79,82,86,86]",25,1932.5081291608512,70.21688297390938,9.753967868164182,142.35169906169176,0.22525805979967117,2155.0660440698266,2690
1,1,532,video_fusion/The leaves of a purple-leaf plum tree turn deep purple.mp4,25,16,"[2,2,3,3,4,4,5,5,6,6,6,7,8,8,9,9,10,10,10,11,12,12,12,13,14,14]",13,46.793558867648244,54.92971488274634,9.936016984283924,142.42409099824727,0.22570393048226833,254.3235830962658,2690
1,1,533,VideoCrafter/An orchid blooms with deep purple flowers.mp4,25,16,"[2,2,3,3,4,4,5,5,6,6,6,7,8,8,9,9,10,10,10,11,12,12,12,13,14,14]",13,678.761342074722,57.909633964300156,9.762374917045236,142.24987803027034,0.22962898947298527,888.9270578511059,2690
1,1,534,Text2Video-Zero/A family goes to the movies on the weekend.mp4,25,36,"[4,5,6,7,8,9,11,12,13,14,15,16,18,19,20,21,22,23,24,26,27,28,29,30,32,32]",25,195.0146860908717,53.55833983048797,9.620346128940582,142.45577389374375,0.22687693126499653,400.8848969824612,2690
1,1,535,"Gen-2/In front of a farmhouse, there is a swing.mp4",25,96,"[10,13,16,19,22,25,29,32,35,38,41,44,48,51,54,57,60,63,66,70,73,76,79,82,86,86]",25,1987.1400850825012,62.2030810918659,10.121678002178669,142.36166886985302,0.23257499560713768,2202.074975008145,2690
1,1,536,video_fusion/A tennis player made spectacular plays at the net.mp4,25,16,"[2,2,3,3,4,4,5,5,6,6,6,7,8,8,9,9,10,10,10,11,12,12,12,13,14,14]",13,38.03350287489593,51.371894078329206,9.959433926269412,142.58037484250963,0.24769315496087074,242.20180697739124,2690
1,1,537,Tune-A-Video/A slice of French chocolate mousse cake brings sweet delight.mp4,25,24,"[2,3,4,5,5,6,7,8,8,9,10,11,12,12,13,14,15,15,16,17,18,18,19,20,21,21]",20,180.39281503297389,49.79496402665973,9.79393906891346,142.4281329382211,0.2297898754477501,382.6485190074891,2690
1,1,538,Tune-A-Video/Vendors at the market display fresh fruits and vegetables.mp4,25,24,"[2,3,4,5,5,6,7,8,8,9,10,11,12,12,13,14,15,15,16,17,18,18,19,20,21,21]",20,832.0639838930219,72.14818708598614,10.12274599634111,142.62514701113105,0.24718604981899261,1057.2166228666902,2690
1,1,539,Gen-2/Visitors get information at the park's visitor center.mp4,25,96,"[10,13,16,19,22,25,29,32,35,38,41,44,48,51,54,57,60,63,66,70,73,76,79,82,86,86]",25,1758.879723958671,72.30094098486006,10.090742027387023,142.87643088027835,0.26707188226282597,1984.4255701173097,2690
1,1,540,"Hotshot-XL/A writer sits at a desk, crafting a new novel.mp4",25,8,"[1,1,1,1,2,2,2,2,3,3,3,3,4,4,4,4,4,5,5,5,5,6,6,6,6,6]",6,194.4097129162401,56.835254188627005,10.085521964356303,142.4730101134628,0.24119997397065163,404.0538971312344,2690
1,1,541,Gen-2/People taking a leisurely walk admire the lake view.mp4,25,96,"[10,13,16,19,22,25,29,32,35,38,41,44,48,51,54,57,60,63,66,70,73,76,79,82,86,86]",25,1508.8589088991284,70.81035012379289,10.307812131941319,142.4857610836625,0.26192585937678814,1732.7345800586045,2690
1,1,542,Tune-A-Video/A bowl of ramen has delicious pork and seaweed.mp4,25,24,"[2,3,4,5,5,6,7,8,8,9,10,11,12,12,13,14,15,15,16,17,18,18,19,20,21,21]",20,813.7860880233347,66.31341995671391,10.196350049227476,142.34694000333548,0.25253300555050373,1032.9111209139228,2690
1,1,543,"Text2Video-Zero/A writer sits at a desk, crafting a new novel.mp4",25,36,"[4,5,6,7,8,9,11,12,13,14,15,16,18,19,20,21,22,23,24,26,27,28,29,30,32,32]",25,327.0842849742621,72.99508806318045,10.047174990177155,142.7781479433179,0.2359969075769186,553.1523698009551,2690
1,1,544,Text2Video-Zero/There's a drum and guitar in the music classroom.mp4,25,36,"[4,5,6,7,8,9,11,12,13,14,15,16,18,19,20,21,22,23,24,26,27,28,29,30,32,32]",25,242.0381971169263,65.0385448243469,9.787685936316848,142.71284197457135,0.2503558062016964,459.8363589029759,2690
1,1,545,video_fusion/Students create exquisite artwork in art class.mp4,25,16,"[2,2,3,3,4,4,5,5,6,6,6,7,8,8,9,9,10,10,10,11,12,12,12,13,14,14]",13,40.45198508538306,44.83092809095979,9.958984097465873,142.7164589986205,0.24508405476808548,238.21747093461454,2690
1,1,546,video_fusion/A painter showcases their art on an outdoor gallery.mp4,25,16,"[2,2,3,3,4,4,5,5,6,6,6,7,8,8,9,9,10,10,10,11,12,12,12,13,14,14]",13,42.169975116848946,57.47287394478917,10.524224024266005,142.61301886290312,0.2344690728932619,253.02987708710134,2690
1,1,547,VideoCrafter/A bowl of hot soup is especially delicious on a cold winter day.mp4,25,16,"[2,2,3,3,4,4,5,5,6,6,6,7,8,8,9,9,10,10,10,11,12,12,12,13,14,14]",13,340.93887312337756,71.56857405789196,10.511865839362144,142.5925970543176,0.24372083134949207,565.865232842043,2690
1,1,548,"Text2Video-Zero/Wandering through a forest path, surrounded by emerald greenery.mp4",25,36,"[4,5,6,7,8,9,11,12,13,14,15,16,18,19,20,21,22,23,24,26,27,28,29,30,32,32]",25,1694.6145528927445,77.78948498889804,10.270708007737994,142.40119699388742,0.23146509192883968,1925.3169640433043,2690
1,1,549,Gen-2/A cup of hot chocolate is fragrant.mp4,25,96,"[10,13,16,19,22,25,29,32,35,38,41,44,48,51,54,57,60,63,66,70,73,76,79,82,86,86]",25,1142.9777429439127,60.689341044053435,10.947217931970954,142.33838813379407,0.23292307741940022,1357.1961959823966,2690
1,1,550,Hotshot-XL/A white orchid grows in a potted plant.mp4,25,8,"[1,1,1,1,2,2,2,2,3,3,3,3,4,4,4,4,4,5,5,5,5,6,6,6,6,6]",6,125.34994608722627,61.9624990504235,10.525244055315852,142.448223894462,0.227268785238266,340.52183711901307,2690
1,1,551,video_fusion/A slice of French chocolate mousse cake brings sweet delight.mp4,25,16,"[2,2,3,3,4,4,5,5,6,6,6,7,8,8,9,9,10,10,10,11,12,12,12,13,14,14]",13,38.638251135125756,48.34350384771824,10.813741944730282,142.46016996912658,0.23223692551255226,240.49668293446302,2690
1,1,552,"Text2Video-Zero/Students enjoy their time on campus, full of youthful energy.mp4",25,36,"[4,5,6,7,8,9,11,12,13,14,15,16,18,19,20,21,22,23,24,26,27,28,29,30,32,32]",25,466.92907297983766,62.33811005949974,11.02393795736134,146.77240699529648,0.2626881469041109,687.3366460204124,2690
1,1,553,Text2Video-Zero/Students participate in celebration ceremonies in the school courtyard.mp4,25,36,"[4,5,6,7,8,9,11,12,13,14,15,16,18,19,20,21,22,23,24,26,27,28,29,30,32,32]",25,246.00046989507973,69.62249497883022,11.052465997636318,142.59130111895502,0.23144716396927834,469.5081119425595,2690
1,1,554,video_fusion/Children dig sandcastles on the beach.mp4,25,16,"[2,2,3,3,4,4,5,5,6,6,6,7,8,8,9,9,10,10,10,11,12,12,12,13,14,14]",13,29.45549483411014,53.157541900873184,10.89597586542368,145.0861939229071,0.23656291887164116,238.83990314789116,2690
1,1,555,Tune-A-Video/A cup of hot chocolate is fragrant.mp4,25,24,"[2,3,4,5,5,6,7,8,8,9,10,11,12,12,13,14,15,15,16,17,18,18,19,20,21,21]",20,135.7035411056131,60.67921407520771,10.837572161108255,142.6291768439114,0.2450461033731699,350.10269097983837,2690
1,1,556,VideoCrafter/A skier enjoys the thrill of skiing on a snowy mountain.mp4,25,16,"[2,2,3,3,4,4,5,5,6,6,6,7,8,8,9,9,10,10,10,11,12,12,12,13,14,14]",13,208.43033492565155,70.97483891993761,11.155818123370409,142.6148300524801,0.22641289979219437,433.41140705160797,2690
1,1,557,Text2Video-Zero/A group of villagers wash clothes by the stream.mp4,25,36,"[4,5,6,7,8,9,11,12,13,14,15,16,18,19,20,21,22,23,24,26,27,28,29,30,32,32]",25,931.6078359261155,84.18907900340855,10.88825217448175,142.63952197507024,0.24051894433796406,1169.5738700218499,2690
1,1,558,Hotshot-XL/A purple bellflower opens in the sunlight.mp4,25,8,"[1,1,1,1,2,2,2,2,3,3,3,3,4,4,4,4,4,5,5,5,5,6,6,6,6,6]",6,213.14635407179594,73.9187328144908,10.914917103946209,142.54941092804074,0.22544199600815773,440.7644469756633,2690
