trial,order_position,sample_index,sample_id,frame_count,video_total_frames,selected_frame_positions,unique_selected_frame_positions,decode_ms,processor_ms,host_to_device_ms,qwen_backbone_ms,pool_and_linear_ms,total_raw_video_to_scalar_ms,sequence_length
1,1,1,Tune-A-Video/A tennis player elegantly slid on the grass court.mp4,49,24,"[2,3,3,3,4,4,5,5,5,6,6,7,7,7,8,8,8,9,9,10,10,10,11,11,12,12,12,13,13,13,14,14,15,15,15,16,16,16,17,17,18,18,18,19,19,20,20,20,21,21]",20,487.9956180229783,127.32559908181429,20.334277069196105,253.01487697288394,0.23046694695949554,888.9117517974228,5138
1,1,2,VideoCrafter/Children dig sandcastles on the beach.mp4,49,16,"[2,2,2,2,3,3,3,3,4,4,4,4,5,5,5,5,6,6,6,6,6,7,7,7,8,8,8,8,9,9,9,9,10,10,10,10,10,11,11,11,12,12,12,12,12,13,13,13,14,14]",13,1548.7017610576004,111.69546796008945,20.230559865012765,252.87369801662862,0.22524013184010983,1933.7388230487704,5138
1,1,3,video_fusion/A purple bellflower opens in the sunlight.mp4,49,16,"[2,2,2,2,3,3,3,3,4,4,4,4,5,5,5,5,6,6,6,6,6,7,7,7,8,8,8,8,9,9,9,9,10,10,10,10,10,11,11,11,12,12,12,12,12,13,13,13,14,14]",13,83.24532420374453,95.66357196308672,20.76172991655767,252.99579207785428,0.23169792257249355,452.90797716006637,5138
1,1,4,Tune-A-Video/Children dig sandcastles on the beach.mp4,49,24,"[2,3,3,3,4,4,5,5,5,6,6,7,7,7,8,8,8,9,9,10,10,10,11,11,12,12,12,13,13,13,14,14,15,15,15,16,16,16,17,17,18,18,18,19,19,20,20,20,21,21]",20,1070.098069962114,109.31857698597014,20.13835497200489,252.9249789658934,0.24574995040893555,1452.7380070649087,5138
1,1,5,"Tune-A-Video/A baseball player swung the bat, preparing for a home run.mp4",49,24,"[2,3,3,3,4,4,5,5,5,6,6,7,7,7,8,8,8,9,9,10,10,10,11,11,12,12,12,13,13,13,14,14,15,15,15,16,16,16,17,17,18,18,18,19,19,20,20,20,21,21]",20,254.67952899634838,92.81543805263937,20.081097958609462,252.9571601189673,0.22994796745479107,620.7756299991161,5138
1,1,6,video_fusion/Students enjoy tasty sandwiches in the cafeteria.mp4,49,16,"[2,2,2,2,3,3,3,3,4,4,4,4,5,5,5,5,6,6,6,6,6,7,7,7,8,8,8,8,9,9,9,9,10,10,10,10,10,11,11,11,12,12,12,12,12,13,13,13,14,14]",13,81.77497307769954,109.01664895936847,20.421329885721207,252.86816502921283,0.23325299844145775,464.32515303604305,5138
1,1,7,Tune-A-Video/A salad is sprinkled with nuts and fruits.mp4,49,24,"[2,3,3,3,4,4,5,5,5,6,6,7,7,7,8,8,8,9,9,10,10,10,11,11,12,12,12,13,13,13,14,14,15,15,15,16,16,16,17,17,18,18,18,19,19,20,20,20,21,21]",20,1657.726511824876,106.17837402969599,19.869101932272315,252.81574297696352,0.22918288595974445,2036.8317260872573,5138
1,1,8,video_fusion/Visitors get information at the park's visitor center.mp4,49,16,"[2,2,2,2,3,3,3,3,4,4,4,4,5,5,5,5,6,6,6,6,6,7,7,7,8,8,8,8,9,9,9,9,10,10,10,10,10,11,11,11,12,12,12,12,12,13,13,13,14,14]",13,73.21958802640438,82.52469100989401,19.811292877420783,252.97633092850447,0.23965397849678993,428.78391593694687,5138
1,1,9,video_fusion/A group of villagers wash clothes by the stream.mp4,49,16,"[2,2,2,2,3,3,3,3,4,4,4,4,5,5,5,5,6,6,6,6,6,7,7,7,8,8,8,8,9,9,9,9,10,10,10,10,10,11,11,11,12,12,12,12,12,13,13,13,14,14]",13,78.43324495479465,88.43766618520021,20.166718866676092,252.99085397273302,0.24001393467187881,440.2797769289464,5138
1,1,10,Tune-A-Video/An explorer searches for adventure in the forest.mp4,49,24,"[2,3,3,3,4,4,5,5,5,6,6,7,7,7,8,8,8,9,9,10,10,10,11,11,12,12,12,13,13,13,14,14,15,15,15,16,16,16,17,17,18,18,18,19,19,20,20,20,21,21]",20,207.98126515001059,85.50568809732795,20.38862695917487,253.152224002406,0.23990892805159092,567.2785800416023,5138
1,1,11,Tune-A-Video/A piece of cheesecake is covered with blueberry sauce.mp4,49,24,"[2,3,3,3,4,4,5,5,5,6,6,7,7,7,8,8,8,9,9,10,10,10,11,11,12,12,12,13,13,13,14,14,15,15,15,16,16,16,17,17,18,18,18,19,19,20,20,20,21,21]",20,338.45734409987926,94.59734079428017,20.35322692245245,252.9446561820805,0.2277230378240347,706.5913688857108,5138
1,1,12,Text2Video-Zero/The rural stream serves as the water source for villagers.mp4,49,36,"[4,4,5,5,6,6,7,8,8,9,9,10,11,11,12,12,13,13,14,15,15,16,16,17,18,18,19,19,20,20,21,22,22,23,23,24,24,25,26,26,27,27,28,29,29,30,30,31,32,32]",29,2746.058797929436,112.6215448603034,20.736201899126172,252.87903496064246,0.22583594545722008,3132.5327770318836,5138
1,1,13,Gen-2/An orchid blooms with deep purple flowers.mp4,49,96,"[10,11,13,14,16,17,19,21,22,24,25,27,29,30,32,33,35,36,38,40,41,43,44,46,48,49,51,52,54,55,57,59,60,62,63,65,66,68,70,71,73,74,76,78,79,81,82,84,86,86]",49,1715.7500758767128,110.39141402579844,20.41072607971728,253.06338001973927,0.24902005679905415,2099.876702995971,5138
1,1,14,Gen-2/Vendors at the market display fresh fruits and vegetables.mp4,49,96,"[10,11,13,14,16,17,19,21,22,24,25,27,29,30,32,33,35,36,38,40,41,43,44,46,48,49,51,52,54,55,57,59,60,62,63,65,66,68,70,71,73,74,76,78,79,81,82,84,86,86]",49,2888.6514799669385,124.92570001631975,20.769482012838125,252.97617190517485,0.24041603319346905,3287.5752081163228,5138
1,1,15,Hotshot-XL/A peony blooms with snow-white petals.mp4,49,8,"[1,1,1,1,1,1,1,2,2,2,2,2,2,2,2,2,3,3,3,3,3,3,3,3,4,4,4,4,4,4,4,4,4,5,5,5,5,5,5,5,5,5,6,6,6,6,6,6,6,6]",6,201.71604794450104,88.6743909213692,20.2627070248127,252.88024102337658,0.5552158690989017,564.1008361708373,5138
1,1,16,"Hotshot-XL/The campus has colorful gardens, full of vitality.mp4",49,8,"[1,1,1,1,1,1,1,2,2,2,2,2,2,2,2,2,3,3,3,3,3,3,3,3,4,4,4,4,4,4,4,4,4,5,5,5,5,5,5,5,5,5,6,6,6,6,6,6,6,6]",6,719.2956190556288,100.94731906428933,20.123363006860018,252.95611284673214,0.23071910254657269,1093.5664060525596,5138
1,1,17,VideoCrafter/A family goes to the movies on the weekend.mp4,49,16,"[2,2,2,2,3,3,3,3,4,4,4,4,5,5,5,5,6,6,6,6,6,7,7,7,8,8,8,8,9,9,9,9,10,10,10,10,10,11,11,11,12,12,12,12,12,13,13,13,14,14]",13,926.1908049229532,142.5491739064455,20.13844414614141,252.80664209276438,0.24032988585531712,1341.9368509203196,5138
1,1,18,"Hotshot-XL/Students enjoy their time on campus, full of youthful energy.mp4",49,8,"[1,1,1,1,1,1,1,2,2,2,2,2,2,2,2,2,3,3,3,3,3,3,3,3,4,4,4,4,4,4,4,4,4,5,5,5,5,5,5,5,5,5,6,6,6,6,6,6,6,6]",6,514.3617989961058,119.59347710944712,20.735594909638166,253.03554604761302,0.23048394359648228,907.9688880592585,5138
1,1,19,VideoCrafter/A bowl of rich French onion soup emanates an enticing aroma.mp4,49,16,"[2,2,2,2,3,3,3,3,4,4,4,4,5,5,5,5,6,6,6,6,6,7,7,7,8,8,8,8,9,9,9,9,10,10,10,10,10,11,11,11,12,12,12,12,12,13,13,13,14,14]",13,1107.6184990815818,92.4281319603324,20.475309109315276,253.28662688843906,0.2444928977638483,1474.0671401377767,5138
1,1,20,Hotshot-XL/A butterfly gracefully dances among the flowers.mp4,49,8,"[1,1,1,1,1,1,1,2,2,2,2,2,2,2,2,2,3,3,3,3,3,3,3,3,4,4,4,4,4,4,4,4,4,5,5,5,5,5,5,5,5,5,6,6,6,6,6,6,6,6]",6,472.2312209196389,99.05727882869542,20.46232600696385,253.12751298770308,0.2450940664857626,845.135719049722,5138
1,1,21,Hotshot-XL/A sausage is grilled slightly crispy on the barbecue.mp4,49,8,"[1,1,1,1,1,1,1,2,2,2,2,2,2,2,2,2,3,3,3,3,3,3,3,3,4,4,4,4,4,4,4,4,4,5,5,5,5,5,5,5,5,5,6,6,6,6,6,6,6,6]",6,497.02161201275885,101.39744495972991,20.250792847946286,252.99561489373446,0.24472014047205448,871.9217560719699,5138
1,1,22,"VideoCrafter/In front of a farmhouse, there is a swing.mp4",49,16,"[2,2,2,2,3,3,3,3,4,4,4,4,5,5,5,5,6,6,6,6,6,7,7,7,8,8,8,8,9,9,9,9,10,10,10,10,10,11,11,11,12,12,12,12,12,13,13,13,14,14]",13,1169.2334818653762,106.24366695992649,20.86120890453458,253.0954850371927,0.2358909696340561,1549.6833641082048,5138
1,1,23,Tune-A-Video/There's a drum and guitar in the music classroom.mp4,49,24,"[2,3,3,3,4,4,5,5,5,6,6,7,7,7,8,8,8,9,9,10,10,10,11,11,12,12,12,13,13,13,14,14,15,15,15,16,16,16,17,17,18,18,18,19,19,20,20,20,21,21]",20,229.87744701094925,87.23724097944796,20.717113045975566,252.90852203033864,0.2317330799996853,590.9840120002627,5138
1,1,24,Hotshot-XL/An adorable little cat is napping on the windowsill.mp4,49,8,"[1,1,1,1,1,1,1,2,2,2,2,2,2,2,2,2,3,3,3,3,3,3,3,3,4,4,4,4,4,4,4,4,4,5,5,5,5,5,5,5,5,5,6,6,6,6,6,6,6,6]",6,359.9218169692904,104.22354401089251,20.016616908833385,256.24461891129613,0.22945902310311794,740.6480179633945,5138
1,1,25,Text2Video-Zero/An orchid blooms with deep purple flowers.mp4,49,36,"[4,4,5,5,6,6,7,8,8,9,9,10,11,11,12,12,13,13,14,15,15,16,16,17,18,18,19,19,20,20,21,22,22,23,23,24,24,25,26,26,27,27,28,29,29,30,30,31,32,32]",29,804.8788229934871,130.19230915233493,19.749097991734743,253.32484696991742,0.24542491883039474,1208.403053926304,5138
1,1,26,Hotshot-XL/An explorer searches for adventure in the forest.mp4,49,8,"[1,1,1,1,1,1,1,2,2,2,2,2,2,2,2,2,3,3,3,3,3,3,3,3,4,4,4,4,4,4,4,4,4,5,5,5,5,5,5,5,5,5,6,6,6,6,6,6,6,6]",6,656.8895329255611,105.01791001297534,19.393132999539375,252.9887289274484,0.23629004135727882,1034.5376450568438,5138
1,1,27,Hotshot-XL/The leaves of a purple-leaf plum tree turn deep purple.mp4,49,8,"[1,1,1,1,1,1,1,2,2,2,2,2,2,2,2,2,3,3,3,3,3,3,3,3,4,4,4,4,4,4,4,4,4,5,5,5,5,5,5,5,5,5,6,6,6,6,6,6,6,6]",6,567.2466917894781,102.51576104201376,19.86584789119661,253.26400087215006,0.25097886100411415,943.1549850851297,5138
1,1,28,VideoCrafter/An adorable little cat is napping on the windowsill.mp4,49,16,"[2,2,2,2,3,3,3,3,4,4,4,4,5,5,5,5,6,6,6,6,6,7,7,7,8,8,8,8,9,9,9,9,10,10,10,10,10,11,11,11,12,12,12,12,12,13,13,13,14,14]",13,759.4941460993141,110.11346708983183,19.735329085960984,253.12671205028892,0.239203916862607,1142.719626892358,5138
1,1,29,Gen-2/A designer creates fashionable clothing designs.mp4,49,96,"[10,11,13,14,16,17,19,21,22,24,25,27,29,30,32,33,35,36,38,40,41,43,44,46,48,49,51,52,54,55,57,59,60,62,63,65,66,68,70,71,73,74,76,78,79,81,82,84,86,86]",49,1841.0043430048972,125.2121680881828,20.43250110000372,253.98154696449637,0.3293969202786684,2240.9723189193755,5138
1,1,30,"Text2Video-Zero/A baseball player swung the bat, preparing for a home run.mp4",49,36,"[4,4,5,5,6,6,7,8,8,9,9,10,11,11,12,12,13,13,14,15,15,16,16,17,18,18,19,19,20,20,21,22,22,23,23,24,24,25,26,26,27,27,28,29,29,30,30,31,32,32]",29,508.3361519500613,98.01494097337127,19.266579998657107,253.24575509876013,0.2472689375281334,879.1225131135434,5138
1,1,31,Hotshot-XL/A slice of French chocolate mousse cake brings sweet delight.mp4,49,8,"[1,1,1,1,1,1,1,2,2,2,2,2,2,2,2,2,3,3,3,3,3,3,3,3,4,4,4,4,4,4,4,4,4,5,5,5,5,5,5,5,5,5,6,6,6,6,6,6,6,6]",6,432.05257412046194,130.55611099116504,19.370300928130746,253.23738204315305,0.2516771201044321,835.4798587970436,5138
1,1,32,"video_fusion/Plateaus surrounding lakes, embraced by peaceful and harmonious mountains.mp4",49,16,"[2,2,2,2,3,3,3,3,4,4,4,4,5,5,5,5,6,6,6,6,6,7,7,7,8,8,8,8,9,9,9,9,10,10,10,10,10,11,11,11,12,12,12,12,12,13,13,13,14,14]",13,73.77509889192879,98.6560748424381,19.380939891561866,253.4913730341941,0.25450997054576874,445.56957413442433,5138
1,1,33,Hotshot-XL/There's a drum and guitar in the music classroom.mp4,49,8,"[1,1,1,1,1,1,1,2,2,2,2,2,2,2,2,2,3,3,3,3,3,3,3,3,4,4,4,4,4,4,4,4,4,5,5,5,5,5,5,5,5,5,6,6,6,6,6,6,6,6]",6,382.16052600182593,129.00287192314863,19.042552914470434,253.23839904740453,0.25268993340432644,783.712935866788,5138
1,1,34,Hotshot-XL/A lotus leaf floats on a serene pond.mp4,49,8,"[1,1,1,1,1,1,1,2,2,2,2,2,2,2,2,2,3,3,3,3,3,3,3,3,4,4,4,4,4,4,4,4,4,5,5,5,5,5,5,5,5,5,6,6,6,6,6,6,6,6]",6,336.5804448258132,114.85097394324839,19.288436975330114,253.0773018952459,0.24271197617053986,724.0515069570392,5138
1,1,35,VideoCrafter/The rural stream serves as the water source for villagers.mp4,49,16,"[2,2,2,2,3,3,3,3,4,4,4,4,5,5,5,5,6,6,6,6,6,7,7,7,8,8,8,8,9,9,9,9,10,10,10,10,10,11,11,11,12,12,12,12,12,13,13,13,14,14]",13,1209.1054248157889,124.7294710483402,20.4148490447551,253.4006352070719,0.2736260648816824,1607.9363480675966,5138
1,1,36,VideoCrafter/A photographer captures the neon lights of the city.mp4,49,16,"[2,2,2,2,3,3,3,3,4,4,4,4,5,5,5,5,6,6,6,6,6,7,7,7,8,8,8,8,9,9,9,9,10,10,10,10,10,11,11,11,12,12,12,12,12,13,13,13,14,14]",13,1511.9774879422039,132.3775800410658,18.87570694088936,253.00729600712657,0.2425950951874256,1916.4926679804921,5138
1,1,37,"VideoCrafter/Students line up in the cafeteria, waiting for lunch.mp4",49,16,"[2,2,2,2,3,3,3,3,4,4,4,4,5,5,5,5,6,6,6,6,6,7,7,7,8,8,8,8,9,9,9,9,10,10,10,10,10,11,11,11,12,12,12,12,12,13,13,13,14,14]",13,1086.9888328015804,131.64571207016706,19.341123988851905,253.11705516651273,0.23421808145940304,1491.33783695288,5138
1,1,38,Gen-2/A kangaroo jumps across the Australian desert.mp4,49,96,"[10,11,13,14,16,17,19,21,22,24,25,27,29,30,32,33,35,36,38,40,41,43,44,46,48,49,51,52,54,55,57,59,60,62,63,65,66,68,70,71,73,74,76,78,79,81,82,84,86,86]",49,1700.696115847677,86.1853628885001,18.40404304675758,252.88648484274745,0.2436500508338213,2058.4270309191197,5138
1,1,39,Hotshot-XL/Students and teachers discuss topics in the classroom.mp4,49,8,"[1,1,1,1,1,1,1,2,2,2,2,2,2,2,2,2,3,3,3,3,3,3,3,3,4,4,4,4,4,4,4,4,4,5,5,5,5,5,5,5,5,5,6,6,6,6,6,6,6,6]",6,398.86255399324,99.90478097461164,18.802230944857,253.23370401747525,0.2695119474083185,771.0852769669145,5138
1,1,40,video_fusion/Military aircraft are neatly lined up on the military base.mp4,49,16,"[2,2,2,2,3,3,3,3,4,4,4,4,5,5,5,5,6,6,6,6,6,7,7,7,8,8,8,8,9,9,9,9,10,10,10,10,10,11,11,11,12,12,12,12,12,13,13,13,14,14]",13,84.3083041254431,94.88436998799443,18.701751017943025,253.03266081027687,0.23262412287294865,451.1715089902282,5138
1,1,41,video_fusion/The commander is strategizing in front of a map.mp4,49,16,"[2,2,2,2,3,3,3,3,4,4,4,4,5,5,5,5,6,6,6,6,6,7,7,7,8,8,8,8,9,9,9,9,10,10,10,10,10,11,11,11,12,12,12,12,12,13,13,13,14,14]",13,72.39804486744106,105.15089891850948,18.81394605152309,253.38718900457025,0.3215919714421034,450.0836441293359,5138
1,1,42,Hotshot-XL/A cactus thrives in the harsh desert.mp4,49,8,"[1,1,1,1,1,1,1,2,2,2,2,2,2,2,2,2,3,3,3,3,3,3,3,3,4,4,4,4,4,4,4,4,4,5,5,5,5,5,5,5,5,5,6,6,6,6,6,6,6,6]",6,581.999943125993,123.22416319511831,22.71636901423335,253.1745668966323,0.25065895169973373,981.3773930072784,5138
1,1,43,"Tune-A-Video/Wandering through a forest path, surrounded by emerald greenery.mp4",49,24,"[2,3,3,3,4,4,5,5,5,6,6,7,7,7,8,8,8,9,9,10,10,10,11,11,12,12,12,13,13,13,14,14,15,15,15,16,16,16,17,17,18,18,18,19,19,20,20,20,21,21]",20,1039.3235690426081,127.39653396420181,18.506787018850446,253.34094581194222,0.2790279686450958,1438.860007096082,5138
1,1,44,Tune-A-Video/Sunlight is streaming through the leaves onto the grass.mp4,49,24,"[2,3,3,3,4,4,5,5,5,6,6,7,7,7,8,8,8,9,9,10,10,10,11,11,12,12,12,13,13,13,14,14,15,15,15,16,16,16,17,17,18,18,18,19,19,20,20,20,21,21]",20,1010.1545050274581,120.99714996293187,18.483322113752365,253.1303339637816,0.24469499476253986,1403.022323967889,5138
1,1,45,video_fusion/A family goes to the movies on the weekend.mp4,49,16,"[2,2,2,2,3,3,3,3,4,4,4,4,5,5,5,5,6,6,6,6,6,7,7,7,8,8,8,8,9,9,9,9,10,10,10,10,10,11,11,11,12,12,12,12,12,13,13,13,14,14]",13,78.07772606611252,100.34648422151804,18.493376905098557,253.07679385878146,0.2382020466029644,450.24403813295066,5138
1,1,46,video_fusion/An explorer searches for adventure in the forest.mp4,49,16,"[2,2,2,2,3,3,3,3,4,4,4,4,5,5,5,5,6,6,6,6,6,7,7,7,8,8,8,8,9,9,9,9,10,10,10,10,10,11,11,11,12,12,12,12,12,13,13,13,14,14]",13,87.68455311655998,84.79540213011205,18.432100070640445,253.1733880750835,0.2524878364056349,444.3486831150949,5138
1,1,47,video_fusion/An adorable little cat is napping on the windowsill.mp4,49,16,"[2,2,2,2,3,3,3,3,4,4,4,4,5,5,5,5,6,6,6,6,6,7,7,7,8,8,8,8,9,9,9,9,10,10,10,10,10,11,11,11,12,12,12,12,12,13,13,13,14,14]",13,62.68289592117071,103.78358117304742,17.763226060196757,253.01056494936347,0.2516969107091427,437.50412412919104,5138
1,1,48,Text2Video-Zero/Soldiers are setting up tents in the camp.mp4,49,36,"[4,4,5,5,6,6,7,8,8,9,9,10,11,11,12,12,13,13,14,15,15,16,16,17,18,18,19,19,20,20,21,22,22,23,23,24,24,25,26,26,27,27,28,29,29,30,30,31,32,32]",29,2315.7414589077234,126.1268169619143,18.245500046759844,253.07484599761665,0.2595679834485054,2713.4604658931494,5138
1,1,49,Hotshot-XL/The lion roars majestically on the grassland.mp4,49,8,"[1,1,1,1,1,1,1,2,2,2,2,2,2,2,2,2,3,3,3,3,3,3,3,3,4,4,4,4,4,4,4,4,4,5,5,5,5,5,5,5,5,5,6,6,6,6,6,6,6,6]",6,580.6211170274764,95.6093231216073,17.887127120047808,253.0484739691019,0.24408800527453423,947.4213309586048,5138
1,1,50,VideoCrafter/A tennis player elegantly slid on the grass court.mp4,49,16,"[2,2,2,2,3,3,3,3,4,4,4,4,5,5,5,5,6,6,6,6,6,7,7,7,8,8,8,8,9,9,9,9,10,10,10,10,10,11,11,11,12,12,12,12,12,13,13,13,14,14]",13,859.7438430879265,101.31966392509639,18.63967697136104,253.0354610644281,0.22855587303638458,1232.979082968086,5138
1,1,51,Tune-A-Video/A designer creates fashionable clothing designs.mp4,49,24,"[2,3,3,3,4,4,5,5,5,6,6,7,7,7,8,8,8,9,9,10,10,10,11,11,12,12,12,13,13,13,14,14,15,15,15,16,16,16,17,17,18,18,18,19,19,20,20,20,21,21]",20,323.72926105745137,120.41605799458921,18.399374093860388,253.1204568222165,0.23204484023153782,715.9077129326761,5138
1,1,52,VideoCrafter/A diver is exploring the underwater world under the coral reef.mp4,49,16,"[2,2,2,2,3,3,3,3,4,4,4,4,5,5,5,5,6,6,6,6,6,7,7,7,8,8,8,8,9,9,9,9,10,10,10,10,10,11,11,11,12,12,12,12,12,13,13,13,14,14]",13,621.2762580253184,95.56542104110122,18.76545394770801,253.17852315492928,0.27426821179687977,989.0765950549394,5138
1,1,53,Text2Video-Zero/A photographer captures the neon lights of the city.mp4,49,36,"[4,4,5,5,6,6,7,8,8,9,9,10,11,11,12,12,13,13,14,15,15,16,16,17,18,18,19,19,20,20,21,22,22,23,23,24,24,25,26,26,27,27,28,29,29,30,30,31,32,32]",29,3054.202554980293,130.46180200763047,18.844177946448326,252.83641903661191,0.23669889196753502,3456.596140982583,5138
1,1,54,Tune-A-Video/The commander is strategizing in front of a map.mp4,49,24,"[2,3,3,3,4,4,5,5,5,6,6,7,7,7,8,8,8,9,9,10,10,10,11,11,12,12,12,13,13,13,14,14,15,15,15,16,16,16,17,17,18,18,18,19,19,20,20,20,21,21]",20,1000.6364439614117,98.3711639419198,18.937675980851054,253.04113002493978,0.23966003209352493,1371.2394831236452,5138
1,1,55,video_fusion/Soldiers are setting up tents in the camp.mp4,49,16,"[2,2,2,2,3,3,3,3,4,4,4,4,5,5,5,5,6,6,6,6,6,7,7,7,8,8,8,8,9,9,9,9,10,10,10,10,10,11,11,11,12,12,12,12,12,13,13,13,14,14]",13,81.58989087678492,84.892702056095,18.30126508139074,253.31612001173198,0.2545150928199291,438.3696129079908,5138
1,1,56,Text2Video-Zero/A roasted cod fish is garnished with fresh herbs.mp4,49,36,"[4,4,5,5,6,6,7,8,8,9,9,10,11,11,12,12,13,13,14,15,15,16,16,17,18,18,19,19,20,20,21,22,22,23,23,24,24,25,26,26,27,27,28,29,29,30,30,31,32,32]",29,708.3058450371027,125.8634019177407,18.50349409505725,253.12797795049846,0.23229699581861496,1106.044963002205,5138
1,1,57,video_fusion/A cactus thrives in the harsh desert.mp4,49,16,"[2,2,2,2,3,3,3,3,4,4,4,4,5,5,5,5,6,6,6,6,6,7,7,7,8,8,8,8,9,9,9,9,10,10,10,10,10,11,11,11,12,12,12,12,12,13,13,13,14,14]",13,65.45410817489028,87.262341985479,18.4128291439265,253.1105380039662,0.2384039107710123,424.4881318882108,5138
1,1,58,Hotshot-XL/A thin pancake is spread with butter and maple syrup.mp4,49,8,"[1,1,1,1,1,1,1,2,2,2,2,2,2,2,2,2,3,3,3,3,3,3,3,3,4,4,4,4,4,4,4,4,4,5,5,5,5,5,5,5,5,5,6,6,6,6,6,6,6,6]",6,431.71034287661314,101.73369687981904,18.548136111348867,253.19551094435155,0.2256229054182768,805.4239100310951,5138
1,1,59,Tune-A-Video/The lion roars majestically on the grassland.mp4,49,24,"[2,3,3,3,4,4,5,5,5,6,6,7,7,7,8,8,8,9,9,10,10,10,11,11,12,12,12,13,13,13,14,14,15,15,15,16,16,16,17,17,18,18,18,19,19,20,20,20,21,21]",20,719.4765380118042,124.18505293317139,18.782993080094457,253.0752751044929,0.23008789867162704,1115.761724067852,5138
1,1,60,"video_fusion/A writer sits at a desk, crafting a new novel.mp4",49,16,"[2,2,2,2,3,3,3,3,4,4,4,4,5,5,5,5,6,6,6,6,6,7,7,7,8,8,8,8,9,9,9,9,10,10,10,10,10,11,11,11,12,12,12,12,12,13,13,13,14,14]",13,63.34405508823693,97.9963990394026,18.10483494773507,253.07182595133781,0.24369615130126476,432.7709770295769,5138
1,1,61,Text2Video-Zero/A sausage is grilled slightly crispy on the barbecue.mp4,49,36,"[4,4,5,5,6,6,7,8,8,9,9,10,11,11,12,12,13,13,14,15,15,16,16,17,18,18,19,19,20,20,21,22,22,23,23,24,24,25,26,26,27,27,28,29,29,30,30,31,32,32]",29,453.9334559813142,112.63033514842391,18.771104980260134,253.1755119562149,0.23782090283930302,838.7595990207046,5138
1,1,62,"Text2Video-Zero/In front of a farmhouse, there is a swing.mp4",49,36,"[4,4,5,5,6,6,7,8,8,9,9,10,11,11,12,12,13,13,14,15,15,16,16,17,18,18,19,19,20,20,21,22,22,23,23,24,24,25,26,26,27,27,28,29,29,30,30,31,32,32]",29,3267.755768960342,105.31021002680063,18.700997810810804,252.75488197803497,0.2288308460265398,3644.7623050771654,5138
1,1,63,video_fusion/Parents pick up students at the bus stop.mp4,49,16,"[2,2,2,2,3,3,3,3,4,4,4,4,5,5,5,5,6,6,6,6,6,7,7,7,8,8,8,8,9,9,9,9,10,10,10,10,10,11,11,11,12,12,12,12,12,13,13,13,14,14]",13,79.21010092832148,88.60859810374677,18.461226020008326,253.27436812222004,0.2699571195989847,439.8423491511494,5138
1,1,64,Tune-A-Video/Parents pick up students at the bus stop.mp4,49,24,"[2,3,3,3,4,4,5,5,5,6,6,7,7,7,8,8,8,9,9,10,10,10,11,11,12,12,12,13,13,13,14,14,15,15,15,16,16,16,17,17,18,18,18,19,19,20,20,20,21,21]",20,639.6628839429468,129.12940699607134,18.91295309178531,252.92278407141566,0.2393098548054695,1040.882483124733,5138
1,1,65,"Gen-2/In a rugby match, players vied for possession of the rugby ball.mp4",49,96,"[10,11,13,14,16,17,19,21,22,24,25,27,29,30,32,33,35,36,38,40,41,43,44,46,48,49,51,52,54,55,57,59,60,62,63,65,66,68,70,71,73,74,76,78,79,81,82,84,86,86]",49,3971.0718328133225,101.82016110047698,20.007573068141937,253.02376202307642,0.24304399266839027,4346.178240841255,5138
1,1,66,Tune-A-Video/A family goes to the movies on the weekend.mp4,49,24,"[2,3,3,3,4,4,5,5,5,6,6,7,7,7,8,8,8,9,9,10,10,10,11,11,12,12,12,13,13,13,14,14,15,15,15,16,16,16,17,17,18,18,18,19,19,20,20,20,21,21]",20,314.8311998229474,99.69023009762168,19.274766091257334,253.09059489518404,0.2538049593567848,687.1516080573201,5138
1,1,67,VideoCrafter/The roof of a farmhouse is covered in moss.mp4,49,16,"[2,2,2,2,3,3,3,3,4,4,4,4,5,5,5,5,6,6,6,6,6,7,7,7,8,8,8,8,9,9,9,9,10,10,10,10,10,11,11,11,12,12,12,12,12,13,13,13,14,14]",13,1645.0180229730904,97.25583018735051,19.003231078386307,253.63499904051423,0.27085794135928154,2015.1955261826515,5138
1,1,68,"Hotshot-XL/Students line up in the cafeteria, waiting for lunch.mp4",49,8,"[1,1,1,1,1,1,1,2,2,2,2,2,2,2,2,2,3,3,3,3,3,3,3,3,4,4,4,4,4,4,4,4,4,5,5,5,5,5,5,5,5,5,6,6,6,6,6,6,6,6]",6,497.39925004541874,100.42882012203336,18.88022618368268,253.13461082987487,0.24981889873743057,870.1049590017647,5138
1,1,69,Hotshot-XL/Teenage skateboarders perform tricks by the pond.mp4,49,8,"[1,1,1,1,1,1,1,2,2,2,2,2,2,2,2,2,3,3,3,3,3,3,3,3,4,4,4,4,4,4,4,4,4,5,5,5,5,5,5,5,5,5,6,6,6,6,6,6,6,6]",6,531.6761999856681,98.6949650105089,18.772081937640905,253.04392096586525,0.23538782261312008,902.4357649032027,5138
1,1,70,Hotshot-XL/Various fruit trees grow in the countryside.mp4,49,8,"[1,1,1,1,1,1,1,2,2,2,2,2,2,2,2,2,3,3,3,3,3,3,3,3,4,4,4,4,4,4,4,4,4,5,5,5,5,5,5,5,5,5,6,6,6,6,6,6,6,6]",6,828.7704607937485,99.61667098104954,18.73789099045098,253.1483951024711,0.23990916088223457,1200.5247848574072,5138
1,1,71,Text2Video-Zero/Students program in the computer lab.mp4,49,36,"[4,4,5,5,6,6,7,8,8,9,9,10,11,11,12,12,13,13,14,15,15,16,16,17,18,18,19,19,20,20,21,22,22,23,23,24,24,25,26,26,27,27,28,29,29,30,30,31,32,32]",29,487.27754200808704,98.17404509522021,19.05770692974329,253.26142506673932,0.23969286121428013,858.0226730555296,5138
1,1,72,Text2Video-Zero/A water skier created splashes on the lake.mp4,49,36,"[4,4,5,5,6,6,7,8,8,9,9,10,11,11,12,12,13,13,14,15,15,16,16,17,18,18,19,19,20,20,21,22,22,23,23,24,24,25,26,26,27,27,28,29,29,30,30,31,32,32]",29,3549.908685963601,102.99032321199775,25.80350893549621,252.8906490188092,0.24350290186703205,3931.850300868973,5138
1,1,73,"VideoCrafter/A waterfall cascades gracefully, resembling a silver thread.mp4",49,16,"[2,2,2,2,3,3,3,3,4,4,4,4,5,5,5,5,6,6,6,6,6,7,7,7,8,8,8,8,9,9,9,9,10,10,10,10,10,11,11,11,12,12,12,12,12,13,13,13,14,14]",13,1603.13521604985,126.02601200342178,18.121037865057588,252.89357407018542,0.23550516925752163,2000.4218488465995,5138
1,1,74,Text2Video-Zero/A bowl of hot soup is especially delicious on a cold winter day.mp4,49,36,"[4,4,5,5,6,6,7,8,8,9,9,10,11,11,12,12,13,13,14,15,15,16,16,17,18,18,19,19,20,20,21,22,22,23,23,24,24,25,26,26,27,27,28,29,29,30,30,31,32,32]",29,437.14448087848723,89.35741684399545,18.45698500983417,254.19073808006942,0.24783494882285595,799.4081710930914,5138
1,1,75,"Tune-A-Video/A waterfall cascades gracefully, resembling a silver thread.mp4",49,24,"[2,3,3,3,4,4,5,5,5,6,6,7,7,7,8,8,8,9,9,10,10,10,11,11,12,12,12,13,13,13,14,14,15,15,15,16,16,16,17,17,18,18,18,19,19,20,20,20,21,21]",20,389.7046549245715,91.85267006978393,17.949833068996668,253.0717640183866,0.2306110691279173,752.8209430165589,5138
1,1,76,"Gen-2/Blue skies and fluffy clouds, ever-changing shapes like poetry.mp4",49,96,"[10,11,13,14,16,17,19,21,22,24,25,27,29,30,32,33,35,36,38,40,41,43,44,46,48,49,51,52,54,55,57,59,60,62,63,65,66,68,70,71,73,74,76,78,79,81,82,84,86,86]",49,2039.3263110890985,101.22523689642549,18.56460701674223,252.81219906173646,0.23469608277082443,2412.1771689970046,5138
1,1,77,Gen-2/Crocodiles swim leisurely in the lake.mp4,49,96,"[10,11,13,14,16,17,19,21,22,24,25,27,29,30,32,33,35,36,38,40,41,43,44,46,48,49,51,52,54,55,57,59,60,62,63,65,66,68,70,71,73,74,76,78,79,81,82,84,86,86]",49,2612.660062033683,120.98881392739713,18.069392070174217,252.95473309233785,0.23099593818187714,3004.9163731746376,5138
1,1,78,"VideoCrafter/A couple walks hand in hand on the beach, listening to the sound of the waves.mp4",49,16,"[2,2,2,2,3,3,3,3,4,4,4,4,5,5,5,5,6,6,6,6,6,7,7,7,8,8,8,8,9,9,9,9,10,10,10,10,10,11,11,11,12,12,12,12,12,13,13,13,14,14]",13,1102.0895082037896,120.07554597221315,21.659446880221367,253.36299207992852,0.2543858718127012,1497.453928925097,5138
1,1,79,video_fusion/Cherry trees in the orchard are filled with red fruit.mp4,49,16,"[2,2,2,2,3,3,3,3,4,4,4,4,5,5,5,5,6,6,6,6,6,7,7,7,8,8,8,8,9,9,9,9,10,10,10,10,10,11,11,11,12,12,12,12,12,13,13,13,14,14]",13,68.48180503584445,97.84100111573935,17.94555690139532,253.39789409190416,0.24089589715003967,437.92028608731925,5138
1,1,80,"Tune-A-Video/Students line up in the cafeteria, waiting for lunch.mp4",49,24,"[2,3,3,3,4,4,5,5,5,6,6,7,7,7,8,8,8,9,9,10,10,10,11,11,12,12,12,13,13,13,14,14,15,15,15,16,16,16,17,17,18,18,18,19,19,20,20,20,21,21]",20,822.8624809999019,122.18064698390663,18.19324097596109,252.9799782205373,0.22839498706161976,1216.456385096535,5138
1,1,81,"Text2Video-Zero/Willow trees by the river, swaying gently in the calming breeze.mp4",49,36,"[4,4,5,5,6,6,7,8,8,9,9,10,11,11,12,12,13,13,14,15,15,16,16,17,18,18,19,19,20,20,21,22,22,23,23,24,24,25,26,26,27,27,28,29,29,30,30,31,32,32]",29,1453.7830208428204,98.28426316380501,18.532195826992393,252.87076109088957,0.227401964366436,1823.7101980485022,5138
1,1,82,Text2Video-Zero/The leaves of a purple-leaf plum tree turn deep purple.mp4,49,36,"[4,4,5,5,6,6,7,8,8,9,9,10,11,11,12,12,13,13,14,15,15,16,16,17,18,18,19,19,20,20,21,22,22,23,23,24,24,25,26,26,27,27,28,29,29,30,30,31,32,32]",29,2762.7910610754043,105.37645686417818,17.8708010353148,252.72978493012488,0.23955502547323704,3139.0200050082058,5138
1,1,83,video_fusion/The crickets chirped merrily in the summer night.mp4,49,16,"[2,2,2,2,3,3,3,3,4,4,4,4,5,5,5,5,6,6,6,6,6,7,7,7,8,8,8,8,9,9,9,9,10,10,10,10,10,11,11,11,12,12,12,12,12,13,13,13,14,14]",13,89.40229192376137,85.51463903859258,17.922963947057724,253.05594690144062,0.23096101358532906,446.13777310587466,5138
1,1,84,Gen-2/Students program in the computer lab.mp4,49,96,"[10,11,13,14,16,17,19,21,22,24,25,27,29,30,32,33,35,36,38,40,41,43,44,46,48,49,51,52,54,55,57,59,60,62,63,65,66,68,70,71,73,74,76,78,79,81,82,84,86,86]",49,2066.1651690024883,122.43149010464549,19.26336600445211,252.82345502637327,0.22997194901108742,2460.9308750368655,5138
1,1,85,video_fusion/An ancient church is a landmark in the village.mp4,49,16,"[2,2,2,2,3,3,3,3,4,4,4,4,5,5,5,5,6,6,6,6,6,7,7,7,8,8,8,8,9,9,9,9,10,10,10,10,10,11,11,11,12,12,12,12,12,13,13,13,14,14]",13,68.58015293255448,101.8150569871068,18.32321984693408,253.1102611683309,0.32100104726850986,442.1597288455814,5138
1,1,86,Gen-2/A milkshake is garnished with fresh strawberries and cream.mp4,49,96,"[10,11,13,14,16,17,19,21,22,24,25,27,29,30,32,33,35,36,38,40,41,43,44,46,48,49,51,52,54,55,57,59,60,62,63,65,66,68,70,71,73,74,76,78,79,81,82,84,86,86]",49,2054.4879760127515,120.35047402605414,18.251373898237944,252.88874004036188,0.23416592739522457,2446.224716026336,5138
1,1,87,Gen-2/A tennis player elegantly slid on the grass court.mp4,49,96,"[10,11,13,14,16,17,19,21,22,24,25,27,29,30,32,33,35,36,38,40,41,43,44,46,48,49,51,52,54,55,57,59,60,62,63,65,66,68,70,71,73,74,76,78,79,81,82,84,86,86]",49,2280.347266001627,120.0885979924351,18.18290608935058,252.90535599924624,0.24029589258134365,2671.7772181145847,5138
1,1,88,Tune-A-Video/The rural stream serves as the water source for villagers.mp4,49,24,"[2,3,3,3,4,4,5,5,5,6,6,7,7,7,8,8,8,9,9,10,10,10,11,11,12,12,12,13,13,13,14,14,15,15,15,16,16,16,17,17,18,18,18,19,19,20,20,20,21,21]",20,403.1626230571419,115.3199290856719,18.698680214583874,253.24652902781963,0.24810200557112694,790.6878639478236,5138
1,1,89,Tune-A-Video/A milkshake is garnished with fresh strawberries and cream.mp4,49,24,"[2,3,3,3,4,4,5,5,5,6,6,7,7,7,8,8,8,9,9,10,10,10,11,11,12,12,12,13,13,13,14,14,15,15,15,16,16,16,17,17,18,18,18,19,19,20,20,20,21,21]",20,305.25499302893877,83.18758802488446,18.34326097741723,253.57514317147434,0.23773591965436935,660.6122881639749,5138
1,1,90,VideoCrafter/A purple bellflower opens in the sunlight.mp4,49,16,"[2,2,2,2,3,3,3,3,4,4,4,4,5,5,5,5,6,6,6,6,6,7,7,7,8,8,8,8,9,9,9,9,10,10,10,10,10,11,11,11,12,12,12,12,12,13,13,13,14,14]",13,1026.9980819430202,97.31549816206098,18.502987921237946,253.03338607773185,0.23863883689045906,1396.0998600814492,5138
1,1,91,Hotshot-XL/A water skier created splashes on the lake.mp4,49,8,"[1,1,1,1,1,1,1,2,2,2,2,2,2,2,2,2,3,3,3,3,3,3,3,3,4,4,4,4,4,4,4,4,4,5,5,5,5,5,5,5,5,5,6,6,6,6,6,6,6,6]",6,391.52372209355235,94.47958716191351,18.207093933597207,252.97746900469065,0.22897985763847828,757.4294779915363,5138
1,1,92,VideoCrafter/A group of villagers wash clothes by the stream.mp4,49,16,"[2,2,2,2,3,3,3,3,4,4,4,4,5,5,5,5,6,6,6,6,6,7,7,7,8,8,8,8,9,9,9,9,10,10,10,10,10,11,11,11,12,12,12,12,12,13,13,13,14,14]",13,1310.6381129473448,104.47154194116592,18.08742480352521,253.0240179039538,0.27794111520051956,1686.5141780581325,5138
1,1,93,Text2Video-Zero/The parrot chirped in the treetops.mp4,49,36,"[4,4,5,5,6,6,7,8,8,9,9,10,11,11,12,12,13,13,14,15,15,16,16,17,18,18,19,19,20,20,21,22,22,23,23,24,24,25,26,26,27,27,28,29,29,30,30,31,32,32]",29,439.67091012746096,115.78724882565439,18.304509110748768,253.40113299898803,0.2519970294088125,827.4321681819856,5138
1,1,94,"Gen-2/Willow trees by the river, swaying gently in the calming breeze.mp4",49,96,"[10,11,13,14,16,17,19,21,22,24,25,27,29,30,32,33,35,36,38,40,41,43,44,46,48,49,51,52,54,55,57,59,60,62,63,65,66,68,70,71,73,74,76,78,79,81,82,84,86,86]",49,3930.5605408735573,97.1741161774844,18.419813830405474,253.5761648323387,0.33484213054180145,4300.0773910898715,5138
1,1,95,Hotshot-XL/A piece of French bread is spread with butter.mp4,49,8,"[1,1,1,1,1,1,1,2,2,2,2,2,2,2,2,2,3,3,3,3,3,3,3,3,4,4,4,4,4,4,4,4,4,5,5,5,5,5,5,5,5,5,6,6,6,6,6,6,6,6]",6,337.380250915885,90.3746469411999,17.95049593783915,252.9525829013437,0.22668391466140747,698.8966141361743,5138
1,1,96,Tune-A-Video/Visitors get information at the park's visitor center.mp4,49,24,"[2,3,3,3,4,4,5,5,5,6,6,7,7,7,8,8,8,9,9,10,10,10,11,11,12,12,12,13,13,13,14,14,15,15,15,16,16,16,17,17,18,18,18,19,19,20,20,20,21,21]",20,561.5421899128705,113.69397584348917,18.271588953211904,253.42605891637504,0.3044640179723501,947.2503850702196,5138
1,1,97,"VideoCrafter/Willow trees by the river, swaying gently in the calming breeze.mp4",49,16,"[2,2,2,2,3,3,3,3,4,4,4,4,5,5,5,5,6,6,6,6,6,7,7,7,8,8,8,8,9,9,9,9,10,10,10,10,10,11,11,11,12,12,12,12,12,13,13,13,14,14]",13,831.3332151155919,127.0851450972259,20.557380048558116,252.87405005656183,0.23215892724692822,1232.0918859913945,5138
1,1,98,Text2Video-Zero/Great white sharks swim majestically in the depths of the ocean.mp4,49,36,"[4,4,5,5,6,6,7,8,8,9,9,10,11,11,12,12,13,13,14,15,15,16,16,17,18,18,19,19,20,20,21,22,22,23,23,24,24,25,26,26,27,27,28,29,29,30,30,31,32,32]",29,1245.7343570422381,91.22205805033445,20.665880059823394,253.14026093110442,0.23594708181917667,1611.0098320059478,5138
1,1,99,Text2Video-Zero/The crickets chirped merrily in the summer night.mp4,49,36,"[4,4,5,5,6,6,7,8,8,9,9,10,11,11,12,12,13,13,14,15,15,16,16,17,18,18,19,19,20,20,21,22,22,23,23,24,24,25,26,26,27,27,28,29,29,30,30,31,32,32]",29,770.97819885239,115.59721594676375,19.96941608376801,252.97214183956385,0.22521987557411194,1159.7526099067181,5138
1,1,100,Tune-A-Video/People taking a leisurely walk admire the lake view.mp4,49,24,"[2,3,3,3,4,4,5,5,5,6,6,7,7,7,8,8,8,9,9,10,10,10,11,11,12,12,12,13,13,13,14,14,15,15,15,16,16,16,17,17,18,18,18,19,19,20,20,20,21,21]",20,655.1586990244687,102.61307493783534,20.21515811793506,252.95541784726083,0.23921788670122623,1031.1925150454044,5138
1,1,101,video_fusion/An orchid blooms with deep purple flowers.mp4,49,16,"[2,2,2,2,3,3,3,3,4,4,4,4,5,5,5,5,6,6,6,6,6,7,7,7,8,8,8,8,9,9,9,9,10,10,10,10,10,11,11,11,12,12,12,12,12,13,13,13,14,14]",13,66.46979390643537,86.50991600006819,20.465286914259195,253.1086360104382,0.2352020237594843,426.7988088540733,5138
1,1,102,VideoCrafter/A wheat field sways gracefully in the gentle breeze.mp4,49,16,"[2,2,2,2,3,3,3,3,4,4,4,4,5,5,5,5,6,6,6,6,6,7,7,7,8,8,8,8,9,9,9,9,10,10,10,10,10,11,11,11,12,12,12,12,12,13,13,13,14,14]",13,1159.7836948931217,112.87242802791297,20.039944909512997,252.86890915594995,0.22603501565754414,1545.8017969503999,5138
1,1,103,Tune-A-Video/A roasted salmon is presented on a plate.mp4,49,24,"[2,3,3,3,4,4,5,5,5,6,6,7,7,7,8,8,8,9,9,10,10,10,11,11,12,12,12,13,13,13,14,14,15,15,15,16,16,16,17,17,18,18,18,19,19,20,20,20,21,21]",20,2129.142610123381,134.13796317763627,20.828052889555693,253.12583008781075,0.26472308672964573,2537.5107950530946,5138
1,1,104,"VideoCrafter/Plateaus surrounding lakes, embraced by peaceful and harmonious mountains.mp4",49,16,"[2,2,2,2,3,3,3,3,4,4,4,4,5,5,5,5,6,6,6,6,6,7,7,7,8,8,8,8,9,9,9,9,10,10,10,10,10,11,11,11,12,12,12,12,12,13,13,13,14,14]",13,1784.1601099353284,104.71383715048432,19.12981690838933,252.79314909130335,0.2277200110256672,2161.036563105881,5138
1,1,105,Text2Video-Zero/People taking a leisurely walk admire the lake view.mp4,49,36,"[4,4,5,5,6,6,7,8,8,9,9,10,11,11,12,12,13,13,14,15,15,16,16,17,18,18,19,19,20,20,21,22,22,23,23,24,24,25,26,26,27,27,28,29,29,30,30,31,32,32]",29,2336.0635940916836,104.85207801684737,19.181119976565242,252.76979408226907,0.22568018175661564,2713.103970978409,5138
1,1,106,Hotshot-XL/The commander is strategizing in front of a map.mp4,49,8,"[1,1,1,1,1,1,1,2,2,2,2,2,2,2,2,2,3,3,3,3,3,3,3,3,4,4,4,4,4,4,4,4,4,5,5,5,5,5,5,5,5,5,6,6,6,6,6,6,6,6]",6,433.4479800891131,128.8182099815458,19.251851830631495,253.0161989852786,0.2335561439394951,834.7784820944071,5138
1,1,107,"Gen-2/Plateaus surrounding lakes, embraced by peaceful and harmonious mountains.mp4",49,96,"[10,11,13,14,16,17,19,21,22,24,25,27,29,30,32,33,35,36,38,40,41,43,44,46,48,49,51,52,54,55,57,59,60,62,63,65,66,68,70,71,73,74,76,78,79,81,82,84,86,86]",49,2083.9483430609107,100.02501402050257,20.219000056385994,253.2615140080452,0.24817697703838348,2457.713908981532,5138
1,1,108,Text2Video-Zero/Sharks dart through the water.mp4,49,36,"[4,4,5,5,6,6,7,8,8,9,9,10,11,11,12,12,13,13,14,15,15,16,16,17,18,18,19,19,20,20,21,22,22,23,23,24,24,25,26,26,27,27,28,29,29,30,30,31,32,32]",29,2543.025719933212,106.97981505654752,20.377111854031682,252.93873995542526,0.24237902835011482,2923.5758290160447,5138
1,1,109,Text2Video-Zero/A white orchid grows in a potted plant.mp4,49,36,"[4,4,5,5,6,6,7,8,8,9,9,10,11,11,12,12,13,13,14,15,15,16,16,17,18,18,19,19,20,20,21,22,22,23,23,24,24,25,26,26,27,27,28,29,29,30,30,31,32,32]",29,377.17006797902286,112.9281809553504,26.456724852323532,253.07764811441302,0.26110000908374786,769.9046779889613,5138
1,1,110,VideoCrafter/Sunlight is streaming through the leaves onto the grass.mp4,49,16,"[2,2,2,2,3,3,3,3,4,4,4,4,5,5,5,5,6,6,6,6,6,7,7,7,8,8,8,8,9,9,9,9,10,10,10,10,10,11,11,11,12,12,12,12,12,13,13,13,14,14]",13,1767.7741451188922,139.97103599831462,20.05297294817865,252.8197669889778,0.23878389038145542,2180.869207950309,5138
1,1,111,"Hotshot-XL/A couple walks hand in hand on the beach, listening to the sound of the waves.mp4",49,8,"[1,1,1,1,1,1,1,2,2,2,2,2,2,2,2,2,3,3,3,3,3,3,3,3,4,4,4,4,4,4,4,4,4,5,5,5,5,5,5,5,5,5,6,6,6,6,6,6,6,6]",6,362.58356808684766,123.14830580726266,26.048389030620456,253.11439111828804,0.23218500427901745,765.1385948993266,5138
1,1,112,Text2Video-Zero/A pet owner walks their dog in the park.mp4,49,36,"[4,4,5,5,6,6,7,8,8,9,9,10,11,11,12,12,13,13,14,15,15,16,16,17,18,18,19,19,20,20,21,22,22,23,23,24,24,25,26,26,27,27,28,29,29,30,30,31,32,32]",29,1763.2506811060011,132.74965295568109,20.231208065524697,252.78488197363913,0.24692295119166374,2169.274636078626,5138
1,1,113,"video_fusion/A baseball player swung the bat, preparing for a home run.mp4",49,16,"[2,2,2,2,3,3,3,3,4,4,4,4,5,5,5,5,6,6,6,6,6,7,7,7,8,8,8,8,9,9,9,9,10,10,10,10,10,11,11,11,12,12,12,12,12,13,13,13,14,14]",13,77.91354903019965,84.28184082731605,20.25391301140189,253.17290402017534,0.24670804850757122,435.87949802167714,5138
1,1,114,Text2Video-Zero/A butterfly gracefully dances among the flowers.mp4,49,36,"[4,4,5,5,6,6,7,8,8,9,9,10,11,11,12,12,13,13,14,15,15,16,16,17,18,18,19,19,20,20,21,22,22,23,23,24,24,25,26,26,27,27,28,29,29,30,30,31,32,32]",29,464.7844969294965,83.95958505570889,19.90562491118908,252.91831512004137,0.2627559006214142,821.8413039576262,5138
1,1,115,VideoCrafter/A bowl of ramen has delicious pork and seaweed.mp4,49,16,"[2,2,2,2,3,3,3,3,4,4,4,4,5,5,5,5,6,6,6,6,6,7,7,7,8,8,8,8,9,9,9,9,10,10,10,10,10,11,11,11,12,12,12,12,12,13,13,13,14,14]",13,1268.131391145289,103.82336308248341,19.884906942024827,252.92881205677986,0.23605790920555592,1645.0157959479839,5138
1,1,116,Gen-2/A peony blooms with snow-white petals.mp4,49,96,"[10,11,13,14,16,17,19,21,22,24,25,27,29,30,32,33,35,36,38,40,41,43,44,46,48,49,51,52,54,55,57,59,60,62,63,65,66,68,70,71,73,74,76,78,79,81,82,84,86,86]",49,1741.3073149509728,84.38695897348225,19.69206496141851,253.2774000428617,0.2401750534772873,2098.914723843336,5138
1,1,117,Tune-A-Video/A piece of French bread is spread with butter.mp4,49,24,"[2,3,3,3,4,4,5,5,5,6,6,7,7,7,8,8,8,9,9,10,10,10,11,11,12,12,12,13,13,13,14,14,15,15,15,16,16,16,17,17,18,18,18,19,19,20,20,20,21,21]",20,438.81431105546653,96.87090781517327,19.118041032925248,253.10797081328928,0.23268721997737885,808.155468897894,5138
1,1,118,"Gen-2/A writer sits at a desk, crafting a new novel.mp4",49,96,"[10,11,13,14,16,17,19,21,22,24,25,27,29,30,32,33,35,36,38,40,41,43,44,46,48,49,51,52,54,55,57,59,60,62,63,65,66,68,70,71,73,74,76,78,79,81,82,84,86,86]",49,2707.6460050884634,121.77534122020006,20.168975926935673,252.73226108402014,0.23088394664227962,3102.564762113616,5138
1,1,119,VideoCrafter/A golden field of wheat sways gently in the breeze.mp4,49,16,"[2,2,2,2,3,3,3,3,4,4,4,4,5,5,5,5,6,6,6,6,6,7,7,7,8,8,8,8,9,9,9,9,10,10,10,10,10,11,11,11,12,12,12,12,12,13,13,13,14,14]",13,1323.5004651360214,134.52615914866328,20.159245934337378,252.83050211146474,0.22226502187550068,1731.2496521044523,5138
1,1,120,video_fusion/A tennis player elegantly slid on the grass court.mp4,49,16,"[2,2,2,2,3,3,3,3,4,4,4,4,5,5,5,5,6,6,6,6,6,7,7,7,8,8,8,8,9,9,9,9,10,10,10,10,10,11,11,11,12,12,12,12,12,13,13,13,14,14]",13,80.10513917542994,91.42764611169696,19.83981905505061,253.01855197176337,0.22668601013720036,444.628463126719,5138
1,1,121,Hotshot-XL/A tennis player made spectacular plays at the net.mp4,49,8,"[1,1,1,1,1,1,1,2,2,2,2,2,2,2,2,2,3,3,3,3,3,3,3,3,4,4,4,4,4,4,4,4,4,5,5,5,5,5,5,5,5,5,6,6,6,6,6,6,6,6]",6,411.7645020596683,117.75660212151706,20.057811867445707,252.92743602767587,0.23582903668284416,802.7540680486709,5138
1,1,122,Tune-A-Video/A kangaroo jumps across the Australian desert.mp4,49,24,"[2,3,3,3,4,4,5,5,5,6,6,7,7,7,8,8,8,9,9,10,10,10,11,11,12,12,12,13,13,13,14,14,15,15,15,16,16,16,17,17,18,18,18,19,19,20,20,20,21,21]",20,905.9189260005951,95.81480105407536,20.318811060860753,252.89794383570552,0.23761996999382973,1275.1985129434615,5138
1,1,123,VideoCrafter/A thin pancake is spread with butter and maple syrup.mp4,49,16,"[2,2,2,2,3,3,3,3,4,4,4,4,5,5,5,5,6,6,6,6,6,7,7,7,8,8,8,8,9,9,9,9,10,10,10,10,10,11,11,11,12,12,12,12,12,13,13,13,14,14]",13,1727.4688030593097,104.27219094708562,20.31583897769451,252.65111704356968,0.22709090262651443,2104.9457888584584,5138
1,1,124,Hotshot-XL/The rural stream serves as the water source for villagers.mp4,49,8,"[1,1,1,1,1,1,1,2,2,2,2,2,2,2,2,2,3,3,3,3,3,3,3,3,4,4,4,4,4,4,4,4,4,5,5,5,5,5,5,5,5,5,6,6,6,6,6,6,6,6]",6,725.6450389977545,101.10515495762229,20.205249078571796,252.88401008583605,0.2317400649189949,1100.0828759279102,5138
1,1,125,VideoCrafter/The crickets chirped merrily in the summer night.mp4,49,16,"[2,2,2,2,3,3,3,3,4,4,4,4,5,5,5,5,6,6,6,6,6,7,7,7,8,8,8,8,9,9,9,9,10,10,10,10,10,11,11,11,12,12,12,12,12,13,13,13,14,14]",13,997.1420320216566,103.04147400893271,20.314757013693452,253.00138490274549,0.22752606309950352,1373.7383810803294,5138
1,1,126,Gen-2/A bowl of ramen has delicious pork and seaweed.mp4,49,96,"[10,11,13,14,16,17,19,21,22,24,25,27,29,30,32,33,35,36,38,40,41,43,44,46,48,49,51,52,54,55,57,59,60,62,63,65,66,68,70,71,73,74,76,78,79,81,82,84,86,86]",49,1892.2423250041902,106.48901597596705,19.890347961336374,253.1074860598892,0.2567470073699951,2272.0006539020687,5138
1,1,127,Gen-2/A pet owner walks their dog in the park.mp4,49,96,"[10,11,13,14,16,17,19,21,22,24,25,27,29,30,32,33,35,36,38,40,41,43,44,46,48,49,51,52,54,55,57,59,60,62,63,65,66,68,70,71,73,74,76,78,79,81,82,84,86,86]",49,6784.358802018687,131.1674730386585,19.922137958928943,253.26758297160268,0.2500619739294052,7188.9796438626945,5138
1,1,128,Hotshot-XL/Students create exquisite artwork in art class.mp4,49,8,"[1,1,1,1,1,1,1,2,2,2,2,2,2,2,2,2,3,3,3,3,3,3,3,3,4,4,4,4,4,4,4,4,4,5,5,5,5,5,5,5,5,5,6,6,6,6,6,6,6,6]",6,431.4589698333293,121.6310178861022,19.61629488505423,252.71734781563282,0.23836991749703884,825.6778598297387,5138
1,1,129,Gen-2/Parents pick up students at the bus stop.mp4,49,96,"[10,11,13,14,16,17,19,21,22,24,25,27,29,30,32,33,35,36,38,40,41,43,44,46,48,49,51,52,54,55,57,59,60,62,63,65,66,68,70,71,73,74,76,78,79,81,82,84,86,86]",49,2790.013621095568,117.41128214634955,20.450913114473224,252.61543015949428,0.2506319433450699,3180.7543099857867,5138
1,1,130,"VideoCrafter/Unique desert landscapes, with dunes sculpted by the wind.mp4",49,16,"[2,2,2,2,3,3,3,3,4,4,4,4,5,5,5,5,6,6,6,6,6,7,7,7,8,8,8,8,9,9,9,9,10,10,10,10,10,11,11,11,12,12,12,12,12,13,13,13,14,14]",13,1717.715356964618,142.39338389597833,19.644590094685555,252.66833999194205,0.23108604364097118,2132.6648599933833,5138
1,1,131,Text2Video-Zero/The commander is strategizing in front of a map.mp4,49,36,"[4,4,5,5,6,6,7,8,8,9,9,10,11,11,12,12,13,13,14,15,15,16,16,17,18,18,19,19,20,20,21,22,22,23,23,24,24,25,26,26,27,27,28,29,29,30,30,31,32,32]",29,662.4179680366069,132.3730000294745,19.61994799785316,252.89999600499868,0.23772590793669224,1067.5619770772755,5138
1,1,132,Text2Video-Zero/A wheat field sways gracefully in the gentle breeze.mp4,49,36,"[4,4,5,5,6,6,7,8,8,9,9,10,11,11,12,12,13,13,14,15,15,16,16,17,18,18,19,19,20,20,21,22,22,23,23,24,24,25,26,26,27,27,28,29,29,30,30,31,32,32]",29,1904.4652951415628,137.20457395538688,19.747524056583643,252.6740280445665,0.24916487745940685,2314.353188034147,5138
1,1,133,Tune-A-Video/Students create exquisite artwork in art class.mp4,49,24,"[2,3,3,3,4,4,5,5,5,6,6,7,7,7,8,8,8,9,9,10,10,10,11,11,12,12,12,13,13,13,14,14,15,15,15,16,16,16,17,17,18,18,18,19,19,20,20,20,21,21]",20,1358.225021045655,109.12654199637473,20.191097864881158,252.8067440725863,0.23222784511744976,1740.592384012416,5138
1,1,134,Hotshot-XL/Soldiers are setting up tents in the camp.mp4,49,8,"[1,1,1,1,1,1,1,2,2,2,2,2,2,2,2,2,3,3,3,3,3,3,3,3,4,4,4,4,4,4,4,4,4,5,5,5,5,5,5,5,5,5,6,6,6,6,6,6,6,6]",6,515.0077641010284,104.2674530763179,20.605482859537005,252.86765513010323,0.2281211782246828,892.9872929584235,5138
1,1,135,video_fusion/Sunflowers stand tall in a field.mp4,49,16,"[2,2,2,2,3,3,3,3,4,4,4,4,5,5,5,5,6,6,6,6,6,7,7,7,8,8,8,8,9,9,9,9,10,10,10,10,10,11,11,11,12,12,12,12,12,13,13,13,14,14]",13,70.50260808318853,90.391811914742,21.31793205626309,253.0273119919002,0.2318208571523428,435.48226705752313,5138
1,1,136,VideoCrafter/A sausage is grilled slightly crispy on the barbecue.mp4,49,16,"[2,2,2,2,3,3,3,3,4,4,4,4,5,5,5,5,6,6,6,6,6,7,7,7,8,8,8,8,9,9,9,9,10,10,10,10,10,11,11,11,12,12,12,12,12,13,13,13,14,14]",13,1364.438450196758,138.66086513735354,20.225445041432977,252.9197591356933,0.23382902145385742,1776.4907300006598,5138
1,1,137,VideoCrafter/A pizza is topped with Italian sausage and mushrooms.mp4,49,16,"[2,2,2,2,3,3,3,3,4,4,4,4,5,5,5,5,6,6,6,6,6,7,7,7,8,8,8,8,9,9,9,9,10,10,10,10,10,11,11,11,12,12,12,12,12,13,13,13,14,14]",13,1394.9138638563454,126.69547600671649,20.357728004455566,252.93346587568521,0.23591401986777782,1795.1482699718326,5138
1,1,138,VideoCrafter/The school auditorium is decorated with festive decorations.mp4,49,16,"[2,2,2,2,3,3,3,3,4,4,4,4,5,5,5,5,6,6,6,6,6,7,7,7,8,8,8,8,9,9,9,9,10,10,10,10,10,11,11,11,12,12,12,12,12,13,13,13,14,14]",13,1475.7565690670162,120.63487898558378,19.23629711382091,252.73612583987415,0.22509903647005558,1868.6003941111267,5138
1,1,139,Tune-A-Video/Teenage skateboarders perform tricks by the pond.mp4,49,24,"[2,3,3,3,4,4,5,5,5,6,6,7,7,7,8,8,8,9,9,10,10,10,11,11,12,12,12,13,13,13,14,14,15,15,15,16,16,16,17,17,18,18,18,19,19,20,20,20,21,21]",20,365.1785550173372,93.34713686257601,19.614035030826926,252.81721609644592,0.2254280261695385,731.1933089513332,5138
1,1,140,"Tune-A-Video/Blue skies and fluffy clouds, ever-changing shapes like poetry.mp4",49,24,"[2,3,3,3,4,4,5,5,5,6,6,7,7,7,8,8,8,9,9,10,10,10,11,11,12,12,12,13,13,13,14,14,15,15,15,16,16,16,17,17,18,18,18,19,19,20,20,20,21,21]",20,397.1441360190511,84.24581214785576,19.27792397327721,252.84148496575654,0.22817496210336685,753.7479859311134,5138
1,1,141,"Gen-2/The campus has colorful gardens, full of vitality.mp4",49,96,"[10,11,13,14,16,17,19,21,22,24,25,27,29,30,32,33,35,36,38,40,41,43,44,46,48,49,51,52,54,55,57,59,60,62,63,65,66,68,70,71,73,74,76,78,79,81,82,84,86,86]",49,4470.367364119738,108.5622850805521,19.97987087816,252.896229038015,0.23771985433995724,4852.056587813422,5138
1,1,142,Tune-A-Video/Swallows soar in the air.mp4,49,24,"[2,3,3,3,4,4,5,5,5,6,6,7,7,7,8,8,8,9,9,10,10,10,11,11,12,12,12,13,13,13,14,14,15,15,15,16,16,16,17,17,18,18,18,19,19,20,20,20,21,21]",20,371.3081569876522,99.03701394796371,20.293567096814513,256.31492119282484,0.23351912386715412,747.1995051018894,5138
1,1,143,Tune-A-Video/The seahorse swayed slowly on the sea floor.mp4,49,24,"[2,3,3,3,4,4,5,5,5,6,6,7,7,7,8,8,8,9,9,10,10,10,11,11,12,12,12,13,13,13,14,14,15,15,15,16,16,16,17,17,18,18,18,19,19,20,20,20,21,21]",20,340.3644668869674,107.4577821418643,19.791979109868407,252.79484991915524,0.2289479598402977,720.6492049153894,5138
1,1,144,"VideoCrafter/In a rugby match, players vied for possession of the rugby ball.mp4",49,16,"[2,2,2,2,3,3,3,3,4,4,4,4,5,5,5,5,6,6,6,6,6,7,7,7,8,8,8,8,9,9,9,9,10,10,10,10,10,11,11,11,12,12,12,12,12,13,13,13,14,14]",13,1419.9324590153992,107.02751786448061,20.367053104564548,252.9927180148661,0.2530000638216734,1800.5863400176167,5138
1,1,145,Hotshot-XL/Parents pick up students at the bus stop.mp4,49,8,"[1,1,1,1,1,1,1,2,2,2,2,2,2,2,2,2,3,3,3,3,3,3,3,3,4,4,4,4,4,4,4,4,4,5,5,5,5,5,5,5,5,5,6,6,6,6,6,6,6,6]",6,549.680412048474,104.64908089488745,19.88051296211779,252.81846802681684,0.2281349152326584,927.268419181928,5138
1,1,146,Hotshot-XL/Students enjoy tasty sandwiches in the cafeteria.mp4,49,8,"[1,1,1,1,1,1,1,2,2,2,2,2,2,2,2,2,3,3,3,3,3,3,3,3,4,4,4,4,4,4,4,4,4,5,5,5,5,5,5,5,5,5,6,6,6,6,6,6,6,6]",6,396.5518809854984,98.67960214614868,19.998551113530993,252.87840608507395,0.23744883947074413,768.3579549193382,5138
1,1,147,"VideoCrafter/A baseball player swung the bat, preparing for a home run.mp4",49,16,"[2,2,2,2,3,3,3,3,4,4,4,4,5,5,5,5,6,6,6,6,6,7,7,7,8,8,8,8,9,9,9,9,10,10,10,10,10,11,11,11,12,12,12,12,12,13,13,13,14,14]",13,1461.9658719748259,107.59885585866868,19.935295917093754,252.77137896046042,0.22888998501002789,1842.510842019692,5138
1,1,148,Text2Video-Zero/Students create exquisite artwork in art class.mp4,49,36,"[4,4,5,5,6,6,7,8,8,9,9,10,11,11,12,12,13,13,14,15,15,16,16,17,18,18,19,19,20,20,21,22,22,23,23,24,24,25,26,26,27,27,28,29,29,30,30,31,32,32]",29,1780.66900302656,105.8921660296619,20.064824959263206,252.75031407363713,0.23131491616368294,2159.6189360134304,5138
1,1,149,VideoCrafter/A hippo leisurely floats in the water.mp4,49,16,"[2,2,2,2,3,3,3,3,4,4,4,4,5,5,5,5,6,6,6,6,6,7,7,7,8,8,8,8,9,9,9,9,10,10,10,10,10,11,11,11,12,12,12,12,12,13,13,13,14,14]",13,1178.2074021175504,114.30994817055762,19.962049089372158,253.21543612517416,0.23989402689039707,1565.9471668768674,5138
1,1,150,Tune-A-Video/Students savor delicious soups in the cafeteria.mp4,49,24,"[2,3,3,3,4,4,5,5,5,6,6,7,7,7,8,8,8,9,9,10,10,10,11,11,12,12,12,13,13,13,14,14,15,15,15,16,16,16,17,17,18,18,18,19,19,20,20,20,21,21]",20,1107.2538900189102,130.5178110487759,19.376619951799512,252.92956898920238,0.2497269306331873,1510.3396479971707,5138
1,1,151,Tune-A-Video/A skier enjoys the thrill of skiing on a snowy mountain.mp4,49,24,"[2,3,3,3,4,4,5,5,5,6,6,7,7,7,8,8,8,9,9,10,10,10,11,11,12,12,12,13,13,13,14,14,15,15,15,16,16,16,17,17,18,18,18,19,19,20,20,20,21,21]",20,540.4717281926423,101.87456104904413,19.567992072552443,252.90904100984335,0.22973399609327316,915.0635621044785,5138
1,1,152,Tune-A-Video/A cactus thrives in the harsh desert.mp4,49,24,"[2,3,3,3,4,4,5,5,5,6,6,7,7,7,8,8,8,9,9,10,10,10,11,11,12,12,12,13,13,13,14,14,15,15,15,16,16,16,17,17,18,18,18,19,19,20,20,20,21,21]",20,638.7439139652997,102.83352294936776,19.291687989607453,252.9203020967543,0.3525239881128073,1014.1607648693025,5138
1,1,153,Tune-A-Video/A field of dandelions lines the side of a rural road.mp4,49,24,"[2,3,3,3,4,4,5,5,5,6,6,7,7,7,8,8,8,9,9,10,10,10,11,11,12,12,12,13,13,13,14,14,15,15,15,16,16,16,17,17,18,18,18,19,19,20,20,20,21,21]",20,1015.0355231016874,107.15734888799489,19.8153262026608,252.80601810663939,0.23457594215869904,1395.061113173142,5138
1,1,154,Text2Video-Zero/Military aircraft are neatly lined up on the military base.mp4,49,36,"[4,4,5,5,6,6,7,8,8,9,9,10,11,11,12,12,13,13,14,15,15,16,16,17,18,18,19,19,20,20,21,22,22,23,23,24,24,25,26,26,27,27,28,29,29,30,30,31,32,32]",29,431.15207296796143,96.42895287834108,19.835622049868107,252.84722982905805,0.22889184765517712,800.5041461437941,5138
1,1,155,Hotshot-XL/A kangaroo jumps across the Australian desert.mp4,49,8,"[1,1,1,1,1,1,1,2,2,2,2,2,2,2,2,2,3,3,3,3,3,3,3,3,4,4,4,4,4,4,4,4,4,5,5,5,5,5,5,5,5,5,6,6,6,6,6,6,6,6]",6,469.9806161224842,94.73744500428438,20.267863990738988,252.87527707405388,0.22959313355386257,838.1022019311786,5138
1,1,156,video_fusion/A doctor is carefully examining a patient's body.mp4,49,16,"[2,2,2,2,3,3,3,3,4,4,4,4,5,5,5,5,6,6,6,6,6,7,7,7,8,8,8,8,9,9,9,9,10,10,10,10,10,11,11,11,12,12,12,12,12,13,13,13,14,14]",13,68.67112405598164,97.16781112365425,20.929228980094194,253.45722399652004,0.25034602731466293,440.4866818804294,5138
1,1,157,Hotshot-XL/A doctor cares for patients in the hospital.mp4,49,8,"[1,1,1,1,1,1,1,2,2,2,2,2,2,2,2,2,3,3,3,3,3,3,3,3,4,4,4,4,4,4,4,4,4,5,5,5,5,5,5,5,5,5,6,6,6,6,6,6,6,6]",6,324.07602085731924,112.3860978987068,20.542355021461844,253.0429707840085,0.2376539632678032,710.2954119909555,5138
1,1,158,Gen-2/An ancient church is a landmark in the village.mp4,49,96,"[10,11,13,14,16,17,19,21,22,24,25,27,29,30,32,33,35,36,38,40,41,43,44,46,48,49,51,52,54,55,57,59,60,62,63,65,66,68,70,71,73,74,76,78,79,81,82,84,86,86]",49,4459.735902957618,109.24220294691622,20.102256210520864,252.99794506281614,0.24437694810330868,4842.334917979315,5138
1,1,159,Hotshot-XL/Children dig sandcastles on the beach.mp4,49,8,"[1,1,1,1,1,1,1,2,2,2,2,2,2,2,2,2,3,3,3,3,3,3,3,3,4,4,4,4,4,4,4,4,4,5,5,5,5,5,5,5,5,5,6,6,6,6,6,6,6,6]",6,615.4095809906721,135.71589207276702,20.326772006228566,252.6334780268371,0.2279949840158224,1024.3263391312212,5138
1,1,160,VideoCrafter/An explorer searches for adventure in the forest.mp4,49,16,"[2,2,2,2,3,3,3,3,4,4,4,4,5,5,5,5,6,6,6,6,6,7,7,7,8,8,8,8,9,9,9,9,10,10,10,10,10,11,11,11,12,12,12,12,12,13,13,13,14,14]",13,1632.0718100760132,108.12427289783955,19.892890937626362,252.80173192732036,0.230665085837245,2013.1330909207463,5138
1,1,161,Text2Video-Zero/Cherry trees in the orchard are filled with red fruit.mp4,49,36,"[4,4,5,5,6,6,7,8,8,9,9,10,11,11,12,12,13,13,14,15,15,16,16,17,18,18,19,19,20,20,21,22,22,23,23,24,24,25,26,26,27,27,28,29,29,30,30,31,32,32]",29,2523.259503999725,106.26846994273365,19.93337390013039,252.76398891583085,0.24023884907364845,2902.478192001581,5138
1,1,162,Hotshot-XL/The school auditorium is decorated with festive decorations.mp4,49,8,"[1,1,1,1,1,1,1,2,2,2,2,2,2,2,2,2,3,3,3,3,3,3,3,3,4,4,4,4,4,4,4,4,4,5,5,5,5,5,5,5,5,5,6,6,6,6,6,6,6,6]",6,483.44134795479476,134.630257030949,19.29533015936613,252.88264313712716,0.24540210142731667,890.5068170279264,5138
1,1,163,Text2Video-Zero/An adorable little cat is napping on the windowsill.mp4,49,36,"[4,4,5,5,6,6,7,8,8,9,9,10,11,11,12,12,13,13,14,15,15,16,16,17,18,18,19,19,20,20,21,22,22,23,23,24,24,25,26,26,27,27,28,29,29,30,30,31,32,32]",29,451.8713338766247,117.0553769916296,19.22420016489923,252.91870604269207,0.38114399649202824,841.4635611698031,5138
1,1,164,Tune-A-Video/A doctor is carefully examining a patient's body.mp4,49,24,"[2,3,3,3,4,4,5,5,5,6,6,7,7,7,8,8,8,9,9,10,10,10,11,11,12,12,12,13,13,13,14,14,15,15,15,16,16,16,17,17,18,18,18,19,19,20,20,20,21,21]",20,751.9980180077255,98.76338904723525,19.78524401783943,252.76838499121368,0.22878707386553288,1123.555860016495,5138
1,1,165,Gen-2/An adorable little cat is napping on the windowsill.mp4,49,96,"[10,11,13,14,16,17,19,21,22,24,25,27,29,30,32,33,35,36,38,40,41,43,44,46,48,49,51,52,54,55,57,59,60,62,63,65,66,68,70,71,73,74,76,78,79,81,82,84,86,86]",49,1873.5465090721846,97.62672218494117,19.614191027358174,252.6722028851509,0.23125391453504562,2243.7028740532696,5138
1,1,166,VideoCrafter/A kangaroo jumps across the Australian desert.mp4,49,16,"[2,2,2,2,3,3,3,3,4,4,4,4,5,5,5,5,6,6,6,6,6,7,7,7,8,8,8,8,9,9,9,9,10,10,10,10,10,11,11,11,12,12,12,12,12,13,13,13,14,14]",13,1383.1480399239808,102.23474004305899,19.790238002315164,252.91257491335273,0.24345098063349724,1758.3410951774567,5138
1,1,167,video_fusion/A thin pancake is spread with butter and maple syrup.mp4,49,16,"[2,2,2,2,3,3,3,3,4,4,4,4,5,5,5,5,6,6,6,6,6,7,7,7,8,8,8,8,9,9,9,9,10,10,10,10,10,11,11,11,12,12,12,12,12,13,13,13,14,14]",13,68.80950508639216,109.72610185854137,19.763339078053832,253.0736078042537,0.2519218251109123,451.6348228789866,5138
1,1,168,Tune-A-Video/A diver is exploring the underwater world under the coral reef.mp4,49,24,"[2,3,3,3,4,4,5,5,5,6,6,7,7,7,8,8,8,9,9,10,10,10,11,11,12,12,12,13,13,13,14,14,15,15,15,16,16,16,17,17,18,18,18,19,19,20,20,20,21,21]",20,915.61289713718,140.70902485400438,20.01319103874266,252.7127859648317,0.23928005248308182,1329.2993500363082,5138
1,1,169,Gen-2/A slice of French chocolate mousse cake brings sweet delight.mp4,49,96,"[10,11,13,14,16,17,19,21,22,24,25,27,29,30,32,33,35,36,38,40,41,43,44,46,48,49,51,52,54,55,57,59,60,62,63,65,66,68,70,71,73,74,76,78,79,81,82,84,86,86]",49,2052.38942313008,111.02127702906728,20.053593907505274,253.56920179910958,0.2795979380607605,2437.3316371347755,5138
1,1,170,"Gen-2/A couple walks hand in hand on the beach, listening to the sound of the waves.mp4",49,96,"[10,11,13,14,16,17,19,21,22,24,25,27,29,30,32,33,35,36,38,40,41,43,44,46,48,49,51,52,54,55,57,59,60,62,63,65,66,68,70,71,73,74,76,78,79,81,82,84,86,86]",49,1920.1408547814935,131.29597809165716,19.8158691637218,252.80214310623705,0.2552950754761696,2324.322364060208,5138
1,1,171,Text2Video-Zero/A hippo leisurely floats in the water.mp4,49,36,"[4,4,5,5,6,6,7,8,8,9,9,10,11,11,12,12,13,13,14,15,15,16,16,17,18,18,19,19,20,20,21,22,22,23,23,24,24,25,26,26,27,27,28,29,29,30,30,31,32,32]",29,2336.2773440312594,133.91387602314353,19.498795038089156,252.6120508555323,0.23902906104922295,2742.5538669340312,5138
1,1,172,"Tune-A-Video/In a rugby match, players vied for possession of the rugby ball.mp4",49,24,"[2,3,3,3,4,4,5,5,5,6,6,7,7,7,8,8,8,9,9,10,10,10,11,11,12,12,12,13,13,13,14,14,15,15,15,16,16,16,17,17,18,18,18,19,19,20,20,20,21,21]",20,908.3308139815927,108.36830595508218,19.758787006139755,252.67961504869163,0.23311586119234562,1289.3821329344064,5138
1,1,173,"VideoCrafter/The campus has colorful gardens, full of vitality.mp4",49,16,"[2,2,2,2,3,3,3,3,4,4,4,4,5,5,5,5,6,6,6,6,6,7,7,7,8,8,8,8,9,9,9,9,10,10,10,10,10,11,11,11,12,12,12,12,12,13,13,13,14,14]",13,458.2229300867766,102.1112680900842,19.76855401881039,253.05690499953926,0.2380451187491417,833.4082718938589,5138
1,1,174,Hotshot-XL/A family goes to the movies on the weekend.mp4,49,8,"[1,1,1,1,1,1,1,2,2,2,2,2,2,2,2,2,3,3,3,3,3,3,3,3,4,4,4,4,4,4,4,4,4,5,5,5,5,5,5,5,5,5,6,6,6,6,6,6,6,6]",6,328.7958321161568,105.72453192435205,19.453871995210648,252.8680011164397,0.2333228476345539,707.0874420460314,5138
1,1,175,Tune-A-Video/A pizza is topped with Italian sausage and mushrooms.mp4,49,24,"[2,3,3,3,4,4,5,5,5,6,6,7,7,7,8,8,8,9,9,10,10,10,11,11,12,12,12,13,13,13,14,14,15,15,15,16,16,16,17,17,18,18,18,19,19,20,20,20,21,21]",20,1615.8455109689385,104.74220407195389,19.72081488929689,252.8018420562148,0.25104195810854435,1993.3733460493386,5138
1,1,176,Tune-A-Video/An orchid blooms with deep purple flowers.mp4,49,24,"[2,3,3,3,4,4,5,5,5,6,6,7,7,7,8,8,8,9,9,10,10,10,11,11,12,12,12,13,13,13,14,14,15,15,15,16,16,16,17,17,18,18,18,19,19,20,20,20,21,21]",20,921.4168780017644,104.72345701418817,19.44913505576551,252.92570400051773,0.23965886794030666,1298.7670148722827,5138
1,1,177,VideoCrafter/A doctor cares for patients in the hospital.mp4,49,16,"[2,2,2,2,3,3,3,3,4,4,4,4,5,5,5,5,6,6,6,6,6,7,7,7,8,8,8,8,9,9,9,9,10,10,10,10,10,11,11,11,12,12,12,12,12,13,13,13,14,14]",13,879.2735799215734,106.15659202449024,20.165849942713976,256.2135229818523,0.23871497251093388,1262.060813838616,5138
1,1,178,Hotshot-XL/A pizza is topped with Italian sausage and mushrooms.mp4,49,8,"[1,1,1,1,1,1,1,2,2,2,2,2,2,2,2,2,3,3,3,3,3,3,3,3,4,4,4,4,4,4,4,4,4,5,5,5,5,5,5,5,5,5,6,6,6,6,6,6,6,6]",6,572.8919669054449,105.69404112175107,19.38881608657539,253.14416619949043,0.22885086946189404,951.359196100384,5138
1,1,179,VideoCrafter/A salad is sprinkled with nuts and fruits.mp4,49,16,"[2,2,2,2,3,3,3,3,4,4,4,4,5,5,5,5,6,6,6,6,6,7,7,7,8,8,8,8,9,9,9,9,10,10,10,10,10,11,11,11,12,12,12,12,12,13,13,13,14,14]",13,1574.0867520216852,120.87376695126295,19.68247606419027,252.72446195594966,0.22694794461131096,1967.6063519436866,5138
1,1,180,Hotshot-XL/A photographer captures the neon lights of the city.mp4,49,8,"[1,1,1,1,1,1,1,2,2,2,2,2,2,2,2,2,3,3,3,3,3,3,3,3,4,4,4,4,4,4,4,4,4,5,5,5,5,5,5,5,5,5,6,6,6,6,6,6,6,6]",6,301.4748489949852,108.55188802815974,19.993621157482266,252.95184506103396,0.2876659855246544,683.2704171538353,5138
1,1,181,Tune-A-Video/Soldiers are setting up tents in the camp.mp4,49,24,"[2,3,3,3,4,4,5,5,5,6,6,7,7,7,8,8,8,9,9,10,10,10,11,11,12,12,12,13,13,13,14,14,15,15,15,16,16,16,17,17,18,18,18,19,19,20,20,20,21,21]",20,1144.2086701281369,94.91080697625875,18.149859039112926,252.7520009316504,0.22357795387506485,1510.2569968439639,5138
1,1,182,VideoCrafter/Soldiers are setting up tents in the camp.mp4,49,16,"[2,2,2,2,3,3,3,3,4,4,4,4,5,5,5,5,6,6,6,6,6,7,7,7,8,8,8,8,9,9,9,9,10,10,10,10,10,11,11,11,12,12,12,12,12,13,13,13,14,14]",13,1300.9354181122035,139.72018100321293,18.759122118353844,252.9821079224348,0.2597200218588114,1712.6691350713372,5138
1,1,183,video_fusion/Students program in the computer lab.mp4,49,16,"[2,2,2,2,3,3,3,3,4,4,4,4,5,5,5,5,6,6,6,6,6,7,7,7,8,8,8,8,9,9,9,9,10,10,10,10,10,11,11,11,12,12,12,12,12,13,13,13,14,14]",13,71.8639271799475,99.1076361387968,18.76044482924044,253.3637471497059,0.25833514519035816,443.3648958802223,5138
1,1,184,video_fusion/Various fruit trees grow in the countryside.mp4,49,16,"[2,2,2,2,3,3,3,3,4,4,4,4,5,5,5,5,6,6,6,6,6,7,7,7,8,8,8,8,9,9,9,9,10,10,10,10,10,11,11,11,12,12,12,12,12,13,13,13,14,14]",13,75.14066714793444,109.38069690018892,19.02893208898604,253.1330611091107,0.2685289364308119,456.96302806027234,5138
1,1,185,Gen-2/The rural stream serves as the water source for villagers.mp4,49,96,"[10,11,13,14,16,17,19,21,22,24,25,27,29,30,32,33,35,36,38,40,41,43,44,46,48,49,51,52,54,55,57,59,60,62,63,65,66,68,70,71,73,74,76,78,79,81,82,84,86,86]",49,4848.679329035804,101.82103211991489,18.53063190355897,252.66855512745678,0.24140207096934319,5221.952379914001,5138
1,1,186,Text2Video-Zero/A skier enjoys the thrill of skiing on a snowy mountain.mp4,49,36,"[4,4,5,5,6,6,7,8,8,9,9,10,11,11,12,12,13,13,14,15,15,16,16,17,18,18,19,19,20,20,21,22,22,23,23,24,24,25,26,26,27,27,28,29,29,30,30,31,32,32]",29,2201.376127079129,124.02484798803926,18.589019076898694,252.47188517823815,0.24509290233254433,2596.719868015498,5138
1,1,187,"video_fusion/Students enjoy their time on campus, full of youthful energy.mp4",49,16,"[2,2,2,2,3,3,3,3,4,4,4,4,5,5,5,5,6,6,6,6,6,7,7,7,8,8,8,8,9,9,9,9,10,10,10,10,10,11,11,11,12,12,12,12,12,13,13,13,14,14]",13,79.35372903011739,82.83002208918333,18.690536031499505,253.5253979731351,0.2699298784136772,434.6809918060899,5138
1,1,188,Text2Video-Zero/Various fruit trees grow in the countryside.mp4,49,36,"[4,4,5,5,6,6,7,8,8,9,9,10,11,11,12,12,13,13,14,15,15,16,16,17,18,18,19,19,20,20,21,22,22,23,23,24,24,25,26,26,27,27,28,29,29,30,30,31,32,32]",29,1267.6433259621263,112.25398513488472,19.902555039152503,252.9378030449152,0.24884403683245182,1653.0060649383813,5138
1,1,189,video_fusion/A bowl of ramen has delicious pork and seaweed.mp4,49,16,"[2,2,2,2,3,3,3,3,4,4,4,4,5,5,5,5,6,6,6,6,6,7,7,7,8,8,8,8,9,9,9,9,10,10,10,10,10,11,11,11,12,12,12,12,12,13,13,13,14,14]",13,72.04941613599658,80.83638083189726,18.462260020896792,253.2459010835737,0.32409001141786575,424.92907494306564,5138
1,1,190,VideoCrafter/A roasted cod fish is garnished with fresh herbs.mp4,49,16,"[2,2,2,2,3,3,3,3,4,4,4,4,5,5,5,5,6,6,6,6,6,7,7,7,8,8,8,8,9,9,9,9,10,10,10,10,10,11,11,11,12,12,12,12,12,13,13,13,14,14]",13,1787.7680228557438,119.49117202311754,18.483730033040047,252.84595508128405,0.2505849115550518,2178.852115990594,5138
1,1,191,video_fusion/Swallows soar in the air.mp4,49,16,"[2,2,2,2,3,3,3,3,4,4,4,4,5,5,5,5,6,6,6,6,6,7,7,7,8,8,8,8,9,9,9,9,10,10,10,10,10,11,11,11,12,12,12,12,12,13,13,13,14,14]",13,72.15722789987922,85.81255399622023,17.963682068511844,253.19772120565176,0.23571704514324665,429.37755584716797,5138
1,1,192,Text2Video-Zero/Students and teachers discuss topics in the classroom.mp4,49,36,"[4,4,5,5,6,6,7,8,8,9,9,10,11,11,12,12,13,13,14,15,15,16,16,17,18,18,19,19,20,20,21,22,22,23,23,24,24,25,26,26,27,27,28,29,29,30,30,31,32,32]",29,898.2480210252106,95.97416478209198,18.177094170823693,252.91222892701626,0.23178406991064548,1265.5551659408957,5138
1,1,193,Hotshot-XL/The seahorse swayed slowly on the sea floor.mp4,49,8,"[1,1,1,1,1,1,1,2,2,2,2,2,2,2,2,2,3,3,3,3,3,3,3,3,4,4,4,4,4,4,4,4,4,5,5,5,5,5,5,5,5,5,6,6,6,6,6,6,6,6]",6,597.1764230635017,93.99973507970572,17.913965042680502,253.04056098684669,0.23609795607626438,962.3794800136238,5138
1,1,194,video_fusion/A wheat field sways gracefully in the gentle breeze.mp4,49,16,"[2,2,2,2,3,3,3,3,4,4,4,4,5,5,5,5,6,6,6,6,6,7,7,7,8,8,8,8,9,9,9,9,10,10,10,10,10,11,11,11,12,12,12,12,12,13,13,13,14,14]",13,86.74626285210252,99.88206601701677,18.094405997544527,253.50005319342017,0.23588701151311398,458.4694199729711,5138
1,1,195,Gen-2/A piece of cheesecake is covered with blueberry sauce.mp4,49,96,"[10,11,13,14,16,17,19,21,22,24,25,27,29,30,32,33,35,36,38,40,41,43,44,46,48,49,51,52,54,55,57,59,60,62,63,65,66,68,70,71,73,74,76,78,79,81,82,84,86,86]",49,2184.9122990388423,95.90330603532493,18.061876064166427,252.73340591229498,0.2572168596088886,2551.8831610679626,5138
1,1,196,"video_fusion/A waterfall cascades gracefully, resembling a silver thread.mp4",49,16,"[2,2,2,2,3,3,3,3,4,4,4,4,5,5,5,5,6,6,6,6,6,7,7,7,8,8,8,8,9,9,9,9,10,10,10,10,10,11,11,11,12,12,12,12,12,13,13,13,14,14]",13,78.14408000558615,78.1149270478636,18.19268404506147,253.04019800387323,0.2333309967070818,427.73634591139853,5138
1,1,197,Gen-2/A salad is sprinkled with nuts and fruits.mp4,49,96,"[10,11,13,14,16,17,19,21,22,24,25,27,29,30,32,33,35,36,38,40,41,43,44,46,48,49,51,52,54,55,57,59,60,62,63,65,66,68,70,71,73,74,76,78,79,81,82,84,86,86]",49,3034.2468309681863,121.40019400976598,19.4908760022372,252.81048100441694,0.24796882644295692,3428.2092708162963,5138
1,1,198,Gen-2/A diver is exploring the underwater world under the coral reef.mp4,49,96,"[10,11,13,14,16,17,19,21,22,24,25,27,29,30,32,33,35,36,38,40,41,43,44,46,48,49,51,52,54,55,57,59,60,62,63,65,66,68,70,71,73,74,76,78,79,81,82,84,86,86]",49,3343.585188034922,122.68495187163353,18.458895850926638,252.4221888743341,0.22690300829708576,3737.390313996002,5138
1,1,199,Gen-2/A bowl of rich French onion soup emanates an enticing aroma.mp4,49,96,"[10,11,13,14,16,17,19,21,22,24,25,27,29,30,32,33,35,36,38,40,41,43,44,46,48,49,51,52,54,55,57,59,60,62,63,65,66,68,70,71,73,74,76,78,79,81,82,84,86,86]",49,4688.713402952999,130.62735903076828,17.519816057756543,253.189129056409,0.27219182811677456,5090.339760994539,5138
1,1,200,VideoCrafter/A roasted salmon is presented on a plate.mp4,49,16,"[2,2,2,2,3,3,3,3,4,4,4,4,5,5,5,5,6,6,6,6,6,7,7,7,8,8,8,8,9,9,9,9,10,10,10,10,10,11,11,11,12,12,12,12,12,13,13,13,14,14]",13,1445.3499999362975,110.34389096312225,18.70604301802814,252.74228304624557,0.25371601805090904,1827.4091170169413,5138
1,1,201,Hotshot-XL/A bowl of hot soup is especially delicious on a cold winter day.mp4,49,8,"[1,1,1,1,1,1,1,2,2,2,2,2,2,2,2,2,3,3,3,3,3,3,3,3,4,4,4,4,4,4,4,4,4,5,5,5,5,5,5,5,5,5,6,6,6,6,6,6,6,6]",6,260.2050600107759,92.09283394739032,18.14431883394718,252.830351004377,0.23497804068028927,623.518924927339,5138
1,1,202,Hotshot-XL/A roasted cod fish is garnished with fresh herbs.mp4,49,8,"[1,1,1,1,1,1,1,2,2,2,2,2,2,2,2,2,3,3,3,3,3,3,3,3,4,4,4,4,4,4,4,4,4,5,5,5,5,5,5,5,5,5,6,6,6,6,6,6,6,6]",6,554.3385660275817,118.54118201881647,17.98201585188508,252.8826219495386,0.24132989346981049,943.9982092007995,5138
1,1,203,Tune-A-Video/A pet owner walks their dog in the park.mp4,49,24,"[2,3,3,3,4,4,5,5,5,6,6,7,7,7,8,8,8,9,9,10,10,10,11,11,12,12,12,13,13,13,14,14,15,15,15,16,16,16,17,17,18,18,18,19,19,20,20,20,21,21]",20,323.3180579263717,90.43343202210963,18.592985114082694,252.89162201806903,0.23248209618031979,685.4808779899031,5138
1,1,204,video_fusion/A white orchid grows in a potted plant.mp4,49,16,"[2,2,2,2,3,3,3,3,4,4,4,4,5,5,5,5,6,6,6,6,6,7,7,7,8,8,8,8,9,9,9,9,10,10,10,10,10,11,11,11,12,12,12,12,12,13,13,13,14,14]",13,59.955053962767124,98.41927187517285,18.050929065793753,253.10585694387555,0.23208698257803917,429.7743991483003,5138
1,1,205,Text2Video-Zero/A designer creates fashionable clothing designs.mp4,49,36,"[4,4,5,5,6,6,7,8,8,9,9,10,11,11,12,12,13,13,14,15,15,16,16,17,18,18,19,19,20,20,21,22,22,23,23,24,24,25,26,26,27,27,28,29,29,30,30,31,32,32]",29,522.1501269843429,106.37319413945079,17.535377060994506,252.9529659077525,0.23219501599669456,899.2569390684366,5138
1,1,206,Gen-2/There's a drum and guitar in the music classroom.mp4,49,96,"[10,11,13,14,16,17,19,21,22,24,25,27,29,30,32,33,35,36,38,40,41,43,44,46,48,49,51,52,54,55,57,59,60,62,63,65,66,68,70,71,73,74,76,78,79,81,82,84,86,86]",49,2168.3760029263794,111.03834607638419,18.115910002961755,252.60251597501338,0.23957295343279839,2550.3843331243843,5138
1,1,207,"Hotshot-XL/Unique desert landscapes, with dunes sculpted by the wind.mp4",49,8,"[1,1,1,1,1,1,1,2,2,2,2,2,2,2,2,2,3,3,3,3,3,3,3,3,4,4,4,4,4,4,4,4,4,5,5,5,5,5,5,5,5,5,6,6,6,6,6,6,6,6]",6,473.87326299212873,120.52598409354687,18.25721119530499,252.76015303097665,0.23256195709109306,865.6613221392035,5138
1,1,208,VideoCrafter/A cup of hot chocolate is fragrant.mp4,49,16,"[2,2,2,2,3,3,3,3,4,4,4,4,5,5,5,5,6,6,6,6,6,7,7,7,8,8,8,8,9,9,9,9,10,10,10,10,10,11,11,11,12,12,12,12,12,13,13,13,14,14]",13,920.6003230065107,115.6954187899828,17.758181085810065,252.76280590333045,0.24078506976366043,1307.0694860070944,5138
1,1,209,Gen-2/The school auditorium is decorated with festive decorations.mp4,49,96,"[10,11,13,14,16,17,19,21,22,24,25,27,29,30,32,33,35,36,38,40,41,43,44,46,48,49,51,52,54,55,57,59,60,62,63,65,66,68,70,71,73,74,76,78,79,81,82,84,86,86]",49,4881.064612884074,118.6557631008327,18.06457177735865,253.1535120215267,0.26002409867942333,5271.2329011410475,5138
1,1,210,Gen-2/People sunbathe on the lawn.mp4,49,96,"[10,11,13,14,16,17,19,21,22,24,25,27,29,30,32,33,35,36,38,40,41,43,44,46,48,49,51,52,54,55,57,59,60,62,63,65,66,68,70,71,73,74,76,78,79,81,82,84,86,86]",49,3251.4883677940816,126.53845199383795,18.15715408883989,253.63096594810486,0.28706295415759087,3650.1186380628496,5138
1,1,211,Tune-A-Video/Various fruit trees grow in the countryside.mp4,49,24,"[2,3,3,3,4,4,5,5,5,6,6,7,7,7,8,8,8,9,9,10,10,10,11,11,12,12,12,13,13,13,14,14,15,15,15,16,16,16,17,17,18,18,18,19,19,20,20,20,21,21]",20,1392.617158126086,120.61009299941361,18.074190942570567,252.62100296095014,0.2528608310967684,1784.1869869735092,5138
1,1,212,Hotshot-XL/An orchid blooms with deep purple flowers.mp4,49,8,"[1,1,1,1,1,1,1,2,2,2,2,2,2,2,2,2,3,3,3,3,3,3,3,3,4,4,4,4,4,4,4,4,4,5,5,5,5,5,5,5,5,5,6,6,6,6,6,6,6,6]",6,486.27422912977636,93.07929500937462,18.983956892043352,253.22285015136003,0.23620203137397766,851.8094809260219,5138
1,1,213,video_fusion/A salad is sprinkled with nuts and fruits.mp4,49,16,"[2,2,2,2,3,3,3,3,4,4,4,4,5,5,5,5,6,6,6,6,6,7,7,7,8,8,8,8,9,9,9,9,10,10,10,10,10,11,11,11,12,12,12,12,12,13,13,13,14,14]",13,75.80151315778494,75.02232794649899,18.314536893740296,252.8306010644883,0.22427807562053204,422.2041869070381,5138
1,1,214,video_fusion/A piece of French bread is spread with butter.mp4,49,16,"[2,2,2,2,3,3,3,3,4,4,4,4,5,5,5,5,6,6,6,6,6,7,7,7,8,8,8,8,9,9,9,9,10,10,10,10,10,11,11,11,12,12,12,12,12,13,13,13,14,14]",13,72.30365392751992,76.41737698577344,17.59523991495371,253.05382604710758,0.2293840516358614,419.6097548119724,5138
1,1,215,Tune-A-Video/A group of villagers wash clothes by the stream.mp4,49,24,"[2,3,3,3,4,4,5,5,5,6,6,7,7,7,8,8,8,9,9,10,10,10,11,11,12,12,12,13,13,13,14,14,15,15,15,16,16,16,17,17,18,18,18,19,19,20,20,20,21,21]",20,389.48330585844815,86.24688303098083,18.378681037575006,252.843352034688,0.23102201521396637,747.1935909707099,5138
1,1,216,Gen-2/Students create exquisite artwork in art class.mp4,49,96,"[10,11,13,14,16,17,19,21,22,24,25,27,29,30,32,33,35,36,38,40,41,43,44,46,48,49,51,52,54,55,57,59,60,62,63,65,66,68,70,71,73,74,76,78,79,81,82,84,86,86]",49,2029.2765339836478,108.60803606919944,17.769546015188098,252.71491217426956,0.24964706972241402,2408.6296600289643,5138
1,1,217,VideoCrafter/Students participate in celebration ceremonies in the school courtyard.mp4,49,16,"[2,2,2,2,3,3,3,3,4,4,4,4,5,5,5,5,6,6,6,6,6,7,7,7,8,8,8,8,9,9,9,9,10,10,10,10,10,11,11,11,12,12,12,12,12,13,13,13,14,14]",13,1296.4742940384895,128.1963000074029,18.04101699963212,252.6850439608097,0.29522692784667015,1695.703455945477,5138
1,1,218,Gen-2/There are boats on the park lake.mp4,49,96,"[10,11,13,14,16,17,19,21,22,24,25,27,29,30,32,33,35,36,38,40,41,43,44,46,48,49,51,52,54,55,57,59,60,62,63,65,66,68,70,71,73,74,76,78,79,81,82,84,86,86]",49,3367.9895289242268,92.04204217530787,18.201762111857533,252.8161669615656,0.24480209685862064,3731.3081088941544,5138
1,1,219,video_fusion/A diver is exploring the underwater world under the coral reef.mp4,49,16,"[2,2,2,2,3,3,3,3,4,4,4,4,5,5,5,5,6,6,6,6,6,7,7,7,8,8,8,8,9,9,9,9,10,10,10,10,10,11,11,11,12,12,12,12,12,13,13,13,14,14]",13,94.06308201141655,101.44799994304776,18.66770605556667,252.81681306660175,0.2287158276885748,467.23403013311327,5138
1,1,220,Text2Video-Zero/Visitors get information at the park's visitor center.mp4,49,36,"[4,4,5,5,6,6,7,8,8,9,9,10,11,11,12,12,13,13,14,15,15,16,16,17,18,18,19,19,20,20,21,22,22,23,23,24,24,25,26,26,27,27,28,29,29,30,30,31,32,32]",29,1024.069163016975,90.3519201092422,18.271059030666947,252.6577659882605,0.2270219847559929,1385.588358156383,5138
1,1,221,"video_fusion/In front of a farmhouse, there is a swing.mp4",49,16,"[2,2,2,2,3,3,3,3,4,4,4,4,5,5,5,5,6,6,6,6,6,7,7,7,8,8,8,8,9,9,9,9,10,10,10,10,10,11,11,11,12,12,12,12,12,13,13,13,14,14]",13,64.64231899008155,85.23515611886978,18.225054955109954,252.72145681083202,0.23122597485780716,421.0654830094427,5138
1,1,222,Gen-2/A lotus leaf floats on a serene pond.mp4,49,96,"[10,11,13,14,16,17,19,21,22,24,25,27,29,30,32,33,35,36,38,40,41,43,44,46,48,49,51,52,54,55,57,59,60,62,63,65,66,68,70,71,73,74,76,78,79,81,82,84,86,86]",49,1938.4887730702758,94.97199789620936,18.429195042699575,252.52714892849326,0.23868493735790253,2304.667816963047,5138
1,1,223,VideoCrafter/A white orchid grows in a potted plant.mp4,49,16,"[2,2,2,2,3,3,3,3,4,4,4,4,5,5,5,5,6,6,6,6,6,7,7,7,8,8,8,8,9,9,9,9,10,10,10,10,10,11,11,11,12,12,12,12,12,13,13,13,14,14]",13,832.1936288848519,96.2670180015266,18.375610001385212,253.0586791690439,0.2476449590176344,1200.1538381446153,5138
1,1,224,"VideoCrafter/Blue skies and fluffy clouds, ever-changing shapes like poetry.mp4",49,16,"[2,2,2,2,3,3,3,3,4,4,4,4,5,5,5,5,6,6,6,6,6,7,7,7,8,8,8,8,9,9,9,9,10,10,10,10,10,11,11,11,12,12,12,12,12,13,13,13,14,14]",13,1477.634513983503,103.21033908985555,18.38802802376449,252.89768120273948,0.23522810079157352,1852.380984928459,5138
1,1,225,"Hotshot-XL/A waterfall cascades gracefully, resembling a silver thread.mp4",49,8,"[1,1,1,1,1,1,1,2,2,2,2,2,2,2,2,2,3,3,3,3,3,3,3,3,4,4,4,4,4,4,4,4,4,5,5,5,5,5,5,5,5,5,6,6,6,6,6,6,6,6]",6,669.0305219963193,120.30577100813389,18.430094933137298,252.90841492824256,0.2283048816025257,1060.9142819885164,5138
1,1,226,Tune-A-Video/The school auditorium is decorated with festive decorations.mp4,49,24,"[2,3,3,3,4,4,5,5,5,6,6,7,7,7,8,8,8,9,9,10,10,10,11,11,12,12,12,13,13,13,14,14,15,15,15,16,16,16,17,17,18,18,18,19,19,20,20,20,21,21]",20,576.2864910066128,95.36165813915431,18.19837000221014,255.41324191726744,0.24262000806629658,945.5128042027354,5138
1,1,227,video_fusion/Teenage skateboarders perform tricks by the pond.mp4,49,16,"[2,2,2,2,3,3,3,3,4,4,4,4,5,5,5,5,6,6,6,6,6,7,7,7,8,8,8,8,9,9,9,9,10,10,10,10,10,11,11,11,12,12,12,12,12,13,13,13,14,14]",13,83.94576306454837,99.59350689314306,18.119754968211055,253.00299911759794,0.22397097200155258,454.89617995917797,5138
1,1,228,video_fusion/A water skier created splashes on the lake.mp4,49,16,"[2,2,2,2,3,3,3,3,4,4,4,4,5,5,5,5,6,6,6,6,6,7,7,7,8,8,8,8,9,9,9,9,10,10,10,10,10,11,11,11,12,12,12,12,12,13,13,13,14,14]",13,85.16772696748376,87.32026093639433,18.20435095578432,252.9679979197681,0.230373814702034,443.90167901292443,5138
1,1,229,video_fusion/A doctor cares for patients in the hospital.mp4,49,16,"[2,2,2,2,3,3,3,3,4,4,4,4,5,5,5,5,6,6,6,6,6,7,7,7,8,8,8,8,9,9,9,9,10,10,10,10,10,11,11,11,12,12,12,12,12,13,13,13,14,14]",13,69.03083994984627,78.50585505366325,17.806766089051962,252.9626169707626,0.2334208693355322,418.5494731646031,5138
1,1,230,Hotshot-XL/Crocodiles swim leisurely in the lake.mp4,49,8,"[1,1,1,1,1,1,1,2,2,2,2,2,2,2,2,2,3,3,3,3,3,3,3,3,4,4,4,4,4,4,4,4,4,5,5,5,5,5,5,5,5,5,6,6,6,6,6,6,6,6]",6,621.8805469106883,95.79504397697747,17.737007001414895,252.77402414940298,0.2393987961113453,988.4380041621625,5138
1,1,231,Tune-A-Video/A purple bellflower opens in the sunlight.mp4,49,24,"[2,3,3,3,4,4,5,5,5,6,6,7,7,7,8,8,8,9,9,10,10,10,11,11,12,12,12,13,13,13,14,14,15,15,15,16,16,16,17,17,18,18,18,19,19,20,20,20,21,21]",20,771.6054560150951,113.30885509960353,17.458128975704312,252.87826382555068,0.24462002329528332,1155.5068690795451,5138
1,1,232,Tune-A-Video/A bowl of spicy Mexican chili is very delicious.mp4,49,24,"[2,3,3,3,4,4,5,5,5,6,6,7,7,7,8,8,8,9,9,10,10,10,11,11,12,12,12,13,13,13,14,14,15,15,15,16,16,16,17,17,18,18,18,19,19,20,20,20,21,21]",20,472.99366584047675,89.78439401835203,17.539834138005972,258.56694416143,0.24556880816817284,839.1419830732048,5138
1,1,233,Gen-2/The roof of a farmhouse is covered in moss.mp4,49,96,"[10,11,13,14,16,17,19,21,22,24,25,27,29,30,32,33,35,36,38,40,41,43,44,46,48,49,51,52,54,55,57,59,60,62,63,65,66,68,70,71,73,74,76,78,79,81,82,84,86,86]",49,4998.12394217588,98.71839312836528,18.277427181601524,252.6618039701134,0.23287790827453136,5368.0263930000365,5138
1,1,234,video_fusion/A lotus leaf floats on a serene pond.mp4,49,16,"[2,2,2,2,3,3,3,3,4,4,4,4,5,5,5,5,6,6,6,6,6,7,7,7,8,8,8,8,9,9,9,9,10,10,10,10,10,11,11,11,12,12,12,12,12,13,13,13,14,14]",13,63.36229806765914,87.23883214406669,17.904443899169564,253.32935899496078,0.22688880562782288,422.07236285321414,5138
1,1,235,VideoCrafter/Purple lavender grows in the field.mp4,49,16,"[2,2,2,2,3,3,3,3,4,4,4,4,5,5,5,5,6,6,6,6,6,7,7,7,8,8,8,8,9,9,9,9,10,10,10,10,10,11,11,11,12,12,12,12,12,13,13,13,14,14]",13,732.9708749894053,97.0278459135443,17.978082178160548,252.89024086669087,0.2332900185137987,1101.1128090322018,5138
1,1,236,Tune-A-Video/A white orchid grows in a potted plant.mp4,49,24,"[2,3,3,3,4,4,5,5,5,6,6,7,7,7,8,8,8,9,9,10,10,10,11,11,12,12,12,13,13,13,14,14,15,15,15,16,16,16,17,17,18,18,18,19,19,20,20,20,21,21]",20,731.4246927853674,96.77680511958897,17.930150032043457,252.87679000757635,0.2284569200128317,1099.2479918058962,5138
1,1,237,Gen-2/A bowl of hot soup is especially delicious on a cold winter day.mp4,49,96,"[10,11,13,14,16,17,19,21,22,24,25,27,29,30,32,33,35,36,38,40,41,43,44,46,48,49,51,52,54,55,57,59,60,62,63,65,66,68,70,71,73,74,76,78,79,81,82,84,86,86]",49,2834.402875043452,94.83531303703785,18.02949421107769,252.69446801394224,0.23909006267786026,3200.2125449944288,5138
1,1,238,Tune-A-Video/A peony blooms with snow-white petals.mp4,49,24,"[2,3,3,3,4,4,5,5,5,6,6,7,7,7,8,8,8,9,9,10,10,10,11,11,12,12,12,13,13,13,14,14,15,15,15,16,16,16,17,17,18,18,18,19,19,20,20,20,21,21]",20,901.4737589750439,117.53406701609492,18.047105986624956,252.57834303192794,0.23066881112754345,1289.87689409405,5138
1,1,239,Hotshot-XL/A golden field of wheat sways gently in the breeze.mp4,49,8,"[1,1,1,1,1,1,1,2,2,2,2,2,2,2,2,2,3,3,3,3,3,3,3,3,4,4,4,4,4,4,4,4,4,5,5,5,5,5,5,5,5,5,6,6,6,6,6,6,6,6]",6,734.1835438273847,88.83448503911495,18.23238003998995,253.06083913892508,0.24339905939996243,1094.5670800283551,5138
1,1,240,video_fusion/There are boats on the park lake.mp4,49,16,"[2,2,2,2,3,3,3,3,4,4,4,4,5,5,5,5,6,6,6,6,6,7,7,7,8,8,8,8,9,9,9,9,10,10,10,10,10,11,11,11,12,12,12,12,12,13,13,13,14,14]",13,60.45460212044418,79.10721283406019,18.062341958284378,257.26952287368476,0.23541203700006008,415.14087398536503,5138
1,1,241,video_fusion/Sharks dart through the water.mp4,49,16,"[2,2,2,2,3,3,3,3,4,4,4,4,5,5,5,5,6,6,6,6,6,7,7,7,8,8,8,8,9,9,9,9,10,10,10,10,10,11,11,11,12,12,12,12,12,13,13,13,14,14]",13,60.722792986780405,101.2596390210092,18.174011958763003,253.04804393090308,0.23023388348519802,433.44643199816346,5138
1,1,242,Gen-2/A roasted cod fish is garnished with fresh herbs.mp4,49,96,"[10,11,13,14,16,17,19,21,22,24,25,27,29,30,32,33,35,36,38,40,41,43,44,46,48,49,51,52,54,55,57,59,60,62,63,65,66,68,70,71,73,74,76,78,79,81,82,84,86,86]",49,3175.7557408418506,106.3224000390619,17.83950417302549,254.13640984334052,0.2679817844182253,3554.335674038157,5138
1,1,243,Hotshot-XL/A bowl of spicy Mexican chili is very delicious.mp4,49,8,"[1,1,1,1,1,1,1,2,2,2,2,2,2,2,2,2,3,3,3,3,3,3,3,3,4,4,4,4,4,4,4,4,4,5,5,5,5,5,5,5,5,5,6,6,6,6,6,6,6,6]",6,496.77818082273006,118.39206190779805,17.693944973871112,252.88008200004697,0.22850604727864265,885.9848401043564,5138
1,1,244,Gen-2/A skier enjoys the thrill of skiing on a snowy mountain.mp4,49,96,"[10,11,13,14,16,17,19,21,22,24,25,27,29,30,32,33,35,36,38,40,41,43,44,46,48,49,51,52,54,55,57,59,60,62,63,65,66,68,70,71,73,74,76,78,79,81,82,84,86,86]",49,2512.099926127121,100.46932008117437,17.96574704349041,252.6424650568515,0.2470221370458603,2883.4376339800656,5138
1,1,245,video_fusion/The roof of a farmhouse is covered in moss.mp4,49,16,"[2,2,2,2,3,3,3,3,4,4,4,4,5,5,5,5,6,6,6,6,6,7,7,7,8,8,8,8,9,9,9,9,10,10,10,10,10,11,11,11,12,12,12,12,12,13,13,13,14,14]",13,73.5651790164411,94.05740397050977,17.912653973326087,252.9266809578985,0.2324532251805067,438.70511488057673,5138
1,1,246,video_fusion/A pizza is topped with Italian sausage and mushrooms.mp4,49,16,"[2,2,2,2,3,3,3,3,4,4,4,4,5,5,5,5,6,6,6,6,6,7,7,7,8,8,8,8,9,9,9,9,10,10,10,10,10,11,11,11,12,12,12,12,12,13,13,13,14,14]",13,71.39633502811193,89.6308880764991,18.10037880204618,253.26709006913006,0.23443903774023056,432.6402258593589,5138
1,1,247,"video_fusion/Unique desert landscapes, with dunes sculpted by the wind.mp4",49,16,"[2,2,2,2,3,3,3,3,4,4,4,4,5,5,5,5,6,6,6,6,6,7,7,7,8,8,8,8,9,9,9,9,10,10,10,10,10,11,11,11,12,12,12,12,12,13,13,13,14,14]",13,62.772650038823485,90.92800202779472,18.315565073862672,253.0280128121376,0.23665488697588444,425.29213707894087,5138
1,1,248,Hotshot-XL/A daffodil sways in the spring breeze.mp4,49,8,"[1,1,1,1,1,1,1,2,2,2,2,2,2,2,2,2,3,3,3,3,3,3,3,3,4,4,4,4,4,4,4,4,4,5,5,5,5,5,5,5,5,5,6,6,6,6,6,6,6,6]",6,282.7772169839591,105.89689505286515,18.128131981939077,252.8774868696928,0.2357920166105032,659.9270070437342,5138
1,1,249,"video_fusion/Willow trees by the river, swaying gently in the calming breeze.mp4",49,16,"[2,2,2,2,3,3,3,3,4,4,4,4,5,5,5,5,6,6,6,6,6,7,7,7,8,8,8,8,9,9,9,9,10,10,10,10,10,11,11,11,12,12,12,12,12,13,13,13,14,14]",13,75.9465079754591,79.56846104934812,17.98017998225987,252.91883200407028,0.29498711228370667,426.72031512483954,5138
1,1,250,VideoCrafter/A water skier created splashes on the lake.mp4,49,16,"[2,2,2,2,3,3,3,3,4,4,4,4,5,5,5,5,6,6,6,6,6,7,7,7,8,8,8,8,9,9,9,9,10,10,10,10,10,11,11,11,12,12,12,12,12,13,13,13,14,14]",13,835.2594349998981,111.56171513721347,17.96560501679778,252.79056490398943,0.22337096743285656,1217.8128641098738,5138
1,1,251,VideoCrafter/A slice of French chocolate mousse cake brings sweet delight.mp4,49,16,"[2,2,2,2,3,3,3,3,4,4,4,4,5,5,5,5,6,6,6,6,6,7,7,7,8,8,8,8,9,9,9,9,10,10,10,10,10,11,11,11,12,12,12,12,12,13,13,13,14,14]",13,1407.6014799065888,114.39064191654325,18.007838865742087,252.81559978611767,0.23401016369462013,1793.062070850283,5138
1,1,252,video_fusion/People taking a leisurely walk admire the lake view.mp4,49,16,"[2,2,2,2,3,3,3,3,4,4,4,4,5,5,5,5,6,6,6,6,6,7,7,7,8,8,8,8,9,9,9,9,10,10,10,10,10,11,11,11,12,12,12,12,12,13,13,13,14,14]",13,69.51297097839415,87.58947299793363,18.006117083132267,252.7777140494436,0.22132997401058674,428.1190480105579,5138
1,1,253,Gen-2/The commander is strategizing in front of a map.mp4,49,96,"[10,11,13,14,16,17,19,21,22,24,25,27,29,30,32,33,35,36,38,40,41,43,44,46,48,49,51,52,54,55,57,59,60,62,63,65,66,68,70,71,73,74,76,78,79,81,82,84,86,86]",49,3008.677495876327,106.23875400051475,17.80139794573188,252.70336703397334,0.2273449208587408,3385.6602599844337,5138
1,1,254,Tune-A-Video/A painter showcases their art on an outdoor gallery.mp4,49,24,"[2,3,3,3,4,4,5,5,5,6,6,7,7,7,8,8,8,9,9,10,10,10,11,11,12,12,12,13,13,13,14,14,15,15,15,16,16,16,17,17,18,18,18,19,19,20,20,20,21,21]",20,417.58170211687684,84.40392999909818,20.948885940015316,252.6134888175875,0.2248601522296667,775.7844079751521,5138
1,1,255,Tune-A-Video/Military aircraft are neatly lined up on the military base.mp4,49,24,"[2,3,3,3,4,4,5,5,5,6,6,7,7,7,8,8,8,9,9,10,10,10,11,11,12,12,12,13,13,13,14,14,15,15,15,16,16,16,17,17,18,18,18,19,19,20,20,20,21,21]",20,734.6147098578513,115.92004192061722,21.454917965456843,254.54375986009836,0.2669510431587696,1126.826441846788,5138
1,1,256,"Tune-A-Video/Plateaus surrounding lakes, embraced by peaceful and harmonious mountains.mp4",49,24,"[2,3,3,3,4,4,5,5,5,6,6,7,7,7,8,8,8,9,9,10,10,10,11,11,12,12,12,13,13,13,14,14,15,15,15,16,16,16,17,17,18,18,18,19,19,20,20,20,21,21]",20,985.738781047985,98.20995898917317,18.624087097123265,253.5678071435541,0.2589710056781769,1356.4134258776903,5138
1,1,257,Gen-2/A sausage is grilled slightly crispy on the barbecue.mp4,49,96,"[10,11,13,14,16,17,19,21,22,24,25,27,29,30,32,33,35,36,38,40,41,43,44,46,48,49,51,52,54,55,57,59,60,62,63,65,66,68,70,71,73,74,76,78,79,81,82,84,86,86]",49,2709.790737135336,116.75914493389428,17.725510988384485,252.72398814558983,0.2430190797895193,3097.2545880358666,5138
1,1,258,Tune-A-Video/Sunflowers stand tall in a field.mp4,49,24,"[2,3,3,3,4,4,5,5,5,6,6,7,7,7,8,8,8,9,9,10,10,10,11,11,12,12,12,13,13,13,14,14,15,15,15,16,16,16,17,17,18,18,18,19,19,20,20,20,21,21]",20,1039.1114228405058,119.29363594390452,17.570232041180134,252.80209397897124,0.22766203619539738,1429.01632306166,5138
1,1,259,Text2Video-Zero/A kangaroo jumps across the Australian desert.mp4,49,36,"[4,4,5,5,6,6,7,8,8,9,9,10,11,11,12,12,13,13,14,15,15,16,16,17,18,18,19,19,20,20,21,22,22,23,23,24,24,25,26,26,27,27,28,29,29,30,30,31,32,32]",29,3036.4217630121857,112.72233817726374,18.31816602498293,252.6619299314916,0.23808912374079227,3420.3730530571193,5138
1,1,260,video_fusion/Students participate in celebration ceremonies in the school courtyard.mp4,49,16,"[2,2,2,2,3,3,3,3,4,4,4,4,5,5,5,5,6,6,6,6,6,7,7,7,8,8,8,8,9,9,9,9,10,10,10,10,10,11,11,11,12,12,12,12,12,13,13,13,14,14]",13,97.80190302990377,88.79179297946393,18.30070000141859,253.29343718476593,0.2423780970275402,458.44158180989325,5138
1,1,261,video_fusion/A roasted salmon is presented on a plate.mp4,49,16,"[2,2,2,2,3,3,3,3,4,4,4,4,5,5,5,5,6,6,6,6,6,7,7,7,8,8,8,8,9,9,9,9,10,10,10,10,10,11,11,11,12,12,12,12,12,13,13,13,14,14]",13,108.03474602289498,92.41285896860063,18.582835793495178,252.76852189563215,0.2301027998328209,472.04253706149757,5138
1,1,262,Hotshot-XL/A hippo leisurely floats in the water.mp4,49,8,"[1,1,1,1,1,1,1,2,2,2,2,2,2,2,2,2,3,3,3,3,3,3,3,3,4,4,4,4,4,4,4,4,4,5,5,5,5,5,5,5,5,5,6,6,6,6,6,6,6,6]",6,424.9752650503069,98.13941596075892,18.401948967948556,252.76917684823275,0.23539410904049873,794.5327400229871,5138
1,1,263,Tune-A-Video/Crocodiles swim leisurely in the lake.mp4,49,24,"[2,3,3,3,4,4,5,5,5,6,6,7,7,7,8,8,8,9,9,10,10,10,11,11,12,12,12,13,13,13,14,14,15,15,15,16,16,16,17,17,18,18,18,19,19,20,20,20,21,21]",20,1093.604198191315,121.98529182933271,18.38259003125131,253.39973298832774,0.24542585015296936,1487.6288319937885,5138
1,1,264,VideoCrafter/Cherry trees in the orchard are filled with red fruit.mp4,49,16,"[2,2,2,2,3,3,3,3,4,4,4,4,5,5,5,5,6,6,6,6,6,7,7,7,8,8,8,8,9,9,9,9,10,10,10,10,10,11,11,11,12,12,12,12,12,13,13,13,14,14]",13,1297.4194230046123,101.16833401843905,18.10907805338502,252.82194511964917,0.22604805417358875,1669.756568968296,5138
1,1,265,Text2Video-Zero/A tennis player elegantly slid on the grass court.mp4,49,36,"[4,4,5,5,6,6,7,8,8,9,9,10,11,11,12,12,13,13,14,15,15,16,16,17,18,18,19,19,20,20,21,22,22,23,23,24,24,25,26,26,27,27,28,29,29,30,30,31,32,32]",29,1396.6880750376731,117.4031631089747,18.533553928136826,252.87660700269043,0.23322994820773602,1785.7468619477004,5138
1,1,266,Text2Video-Zero/An ancient church is a landmark in the village.mp4,49,36,"[4,4,5,5,6,6,7,8,8,9,9,10,11,11,12,12,13,13,14,15,15,16,16,17,18,18,19,19,20,20,21,22,22,23,23,24,24,25,26,26,27,27,28,29,29,30,30,31,32,32]",29,3235.6030959635973,128.71655798517168,17.976501025259495,252.64379009604454,0.2328080590814352,3635.1845618337393,5138
1,1,267,Tune-A-Video/A tennis player made spectacular plays at the net.mp4,49,24,"[2,3,3,3,4,4,5,5,5,6,6,7,7,7,8,8,8,9,9,10,10,10,11,11,12,12,12,13,13,13,14,14,15,15,15,16,16,16,17,17,18,18,18,19,19,20,20,20,21,21]",20,963.5095908306539,99.9886051286012,18.065440002828836,252.73291789926589,0.23542111739516258,1334.5450568012893,5138
1,1,268,Hotshot-XL/A doctor is carefully examining a patient's body.mp4,49,8,"[1,1,1,1,1,1,1,2,2,2,2,2,2,2,2,2,3,3,3,3,3,3,3,3,4,4,4,4,4,4,4,4,4,5,5,5,5,5,5,5,5,5,6,6,6,6,6,6,6,6]",6,321.796502918005,98.65242498926818,17.968853004276752,253.00294999033213,0.30046701431274414,691.7336340993643,5138
1,1,269,VideoCrafter/People sunbathe on the lawn.mp4,49,16,"[2,2,2,2,3,3,3,3,4,4,4,4,5,5,5,5,6,6,6,6,6,7,7,7,8,8,8,8,9,9,9,9,10,10,10,10,10,11,11,11,12,12,12,12,12,13,13,13,14,14]",13,1372.1316561568528,104.66930107213557,18.50043097510934,253.25225084088743,0.30550500378012657,1748.8712870981544,5138
1,1,270,Gen-2/The lion roars majestically on the grassland.mp4,49,96,"[10,11,13,14,16,17,19,21,22,24,25,27,29,30,32,33,35,36,38,40,41,43,44,46,48,49,51,52,54,55,57,59,60,62,63,65,66,68,70,71,73,74,76,78,79,81,82,84,86,86]",49,2672.585943946615,97.9165758471936,18.334839958697557,253.2003028318286,0.2607908099889755,3042.308966163546,5138
1,1,271,Tune-A-Video/A hippo leisurely floats in the water.mp4,49,24,"[2,3,3,3,4,4,5,5,5,6,6,7,7,7,8,8,8,9,9,10,10,10,11,11,12,12,12,13,13,13,14,14,15,15,15,16,16,16,17,17,18,18,18,19,19,20,20,20,21,21]",20,1023.8826489076018,108.35254192352295,17.85843912512064,252.9126489534974,0.23407116532325745,1403.2519098836929,5138
1,1,272,video_fusion/A designer creates fashionable clothing designs.mp4,49,16,"[2,2,2,2,3,3,3,3,4,4,4,4,5,5,5,5,6,6,6,6,6,7,7,7,8,8,8,8,9,9,9,9,10,10,10,10,10,11,11,11,12,12,12,12,12,13,13,13,14,14]",13,95.82926705479622,84.09066405147314,17.70710200071335,252.98273283988237,0.2245099749416113,450.8443030063063,5138
1,1,273,Text2Video-Zero/There are boats on the park lake.mp4,49,36,"[4,4,5,5,6,6,7,8,8,9,9,10,11,11,12,12,13,13,14,15,15,16,16,17,18,18,19,19,20,20,21,22,22,23,23,24,24,25,26,26,27,27,28,29,29,30,30,31,32,32]",29,1618.9555448945612,119.0004120580852,18.341563874855638,252.697090851143,0.24077203124761581,2009.2470380477607,5138
1,1,274,Text2Video-Zero/People sunbathe on the lawn.mp4,49,36,"[4,4,5,5,6,6,7,8,8,9,9,10,11,11,12,12,13,13,14,15,15,16,16,17,18,18,19,19,20,20,21,22,22,23,23,24,24,25,26,26,27,27,28,29,29,30,30,31,32,32]",29,1869.4937259424478,134.89007600583136,17.87685905583203,252.71659810096025,0.2235539723187685,2275.2129861619323,5138
1,1,275,Text2Video-Zero/The lion roars majestically on the grassland.mp4,49,36,"[4,4,5,5,6,6,7,8,8,9,9,10,11,11,12,12,13,13,14,15,15,16,16,17,18,18,19,19,20,20,21,22,22,23,23,24,24,25,26,26,27,27,28,29,29,30,30,31,32,32]",29,465.5291219241917,98.56348298490047,18.56300886720419,252.89563788101077,0.2390530426055193,835.8013981487602,5138
1,1,276,Hotshot-XL/A wheat field sways gracefully in the gentle breeze.mp4,49,8,"[1,1,1,1,1,1,1,2,2,2,2,2,2,2,2,2,3,3,3,3,3,3,3,3,4,4,4,4,4,4,4,4,4,5,5,5,5,5,5,5,5,5,6,6,6,6,6,6,6,6]",6,510.23172005079687,100.14325100928545,18.50774185732007,253.67184984497726,0.2504901494830847,882.8177279792726,5138
1,1,277,video_fusion/A piece of cheesecake is covered with blueberry sauce.mp4,49,16,"[2,2,2,2,3,3,3,3,4,4,4,4,5,5,5,5,6,6,6,6,6,7,7,7,8,8,8,8,9,9,9,9,10,10,10,10,10,11,11,11,12,12,12,12,12,13,13,13,14,14]",13,62.994753010571,83.63005588762462,18.492887960746884,253.69250099174678,0.25371997617185116,419.0749248955399,5138
1,1,278,VideoCrafter/A milkshake is garnished with fresh strawberries and cream.mp4,49,16,"[2,2,2,2,3,3,3,3,4,4,4,4,5,5,5,5,6,6,6,6,6,7,7,7,8,8,8,8,9,9,9,9,10,10,10,10,10,11,11,11,12,12,12,12,12,13,13,13,14,14]",13,1474.127704044804,128.3176289871335,18.03102088160813,252.82628601416945,0.2360448706895113,1873.5501430928707,5138
1,1,279,VideoCrafter/Students create exquisite artwork in art class.mp4,49,16,"[2,2,2,2,3,3,3,3,4,4,4,4,5,5,5,5,6,6,6,6,6,7,7,7,8,8,8,8,9,9,9,9,10,10,10,10,10,11,11,11,12,12,12,12,12,13,13,13,14,14]",13,1073.7034210469574,117.92086809873581,18.232567002996802,252.90042301639915,0.2305039670318365,1463.0003448110074,5138
1,1,280,Text2Video-Zero/The school auditorium is decorated with festive decorations.mp4,49,36,"[4,4,5,5,6,6,7,8,8,9,9,10,11,11,12,12,13,13,14,15,15,16,16,17,18,18,19,19,20,20,21,22,22,23,23,24,24,25,26,26,27,27,28,29,29,30,30,31,32,32]",29,602.8020752128214,111.04310397058725,17.952125053852797,252.80256406404078,0.22726203314960003,984.8387220408767,5138
1,1,281,VideoCrafter/The lion roars majestically on the grassland.mp4,49,16,"[2,2,2,2,3,3,3,3,4,4,4,4,5,5,5,5,6,6,6,6,6,7,7,7,8,8,8,8,9,9,9,9,10,10,10,10,10,11,11,11,12,12,12,12,12,13,13,13,14,14]",13,1429.3817111756653,105.62615701928735,18.67921999655664,252.8442400507629,0.2334329765290022,1806.7768209148198,5138
1,1,282,Hotshot-XL/Sharks dart through the water.mp4,49,8,"[1,1,1,1,1,1,1,2,2,2,2,2,2,2,2,2,3,3,3,3,3,3,3,3,4,4,4,4,4,4,4,4,4,5,5,5,5,5,5,5,5,5,6,6,6,6,6,6,6,6]",6,260.53638686425984,97.98784088343382,18.460308900102973,252.86696990951896,0.23159594275057316,630.0948350690305,5138
1,1,283,Text2Video-Zero/A bowl of spicy Mexican chili is very delicious.mp4,49,36,"[4,4,5,5,6,6,7,8,8,9,9,10,11,11,12,12,13,13,14,15,15,16,16,17,18,18,19,19,20,20,21,22,22,23,23,24,24,25,26,26,27,27,28,29,29,30,30,31,32,32]",29,493.6495798174292,91.71110508032143,18.395683029666543,253.35692893713713,0.24720910005271435,857.3731749784201,5138
1,1,284,video_fusion/A roasted cod fish is garnished with fresh herbs.mp4,49,16,"[2,2,2,2,3,3,3,3,4,4,4,4,5,5,5,5,6,6,6,6,6,7,7,7,8,8,8,8,9,9,9,9,10,10,10,10,10,11,11,11,12,12,12,12,12,13,13,13,14,14]",13,90.17850691452622,86.53114712797105,18.46848684363067,253.09648807160556,0.2310390118509531,448.5174170695245,5138
1,1,285,Text2Video-Zero/A field of dandelions lines the side of a rural road.mp4,49,36,"[4,4,5,5,6,6,7,8,8,9,9,10,11,11,12,12,13,13,14,15,15,16,16,17,18,18,19,19,20,20,21,22,22,23,23,24,24,25,26,26,27,27,28,29,29,30,30,31,32,32]",29,4120.655884034932,117.89714987389743,17.630679067224264,253.3671020064503,0.2649740781635046,4509.8300070967525,5138
1,1,286,Tune-A-Video/There are boats on the park lake.mp4,49,24,"[2,3,3,3,4,4,5,5,5,6,6,7,7,7,8,8,8,9,9,10,10,10,11,11,12,12,12,13,13,13,14,14,15,15,15,16,16,16,17,17,18,18,18,19,19,20,20,20,21,21]",20,1121.4980739168823,125.03517791628838,17.791070975363255,252.8111170977354,0.23476709611713886,1517.38178008236,5138
1,1,287,video_fusion/Students savor delicious soups in the cafeteria.mp4,49,16,"[2,2,2,2,3,3,3,3,4,4,4,4,5,5,5,5,6,6,6,6,6,7,7,7,8,8,8,8,9,9,9,9,10,10,10,10,10,11,11,11,12,12,12,12,12,13,13,13,14,14]",13,73.16874992102385,79.37286607921124,18.14587414264679,252.99641583114862,0.23684999905526638,423.9332170691341,5138
1,1,288,Text2Video-Zero/A bowl of ramen has delicious pork and seaweed.mp4,49,36,"[4,4,5,5,6,6,7,8,8,9,9,10,11,11,12,12,13,13,14,15,15,16,16,17,18,18,19,19,20,20,21,22,22,23,23,24,24,25,26,26,27,27,28,29,29,30,30,31,32,32]",29,612.8846949432045,109.66196283698082,17.609758069738746,252.90984800085425,0.22300519049167633,993.3012099936604,5138
1,1,289,"Hotshot-XL/In a rugby match, players vied for possession of the rugby ball.mp4",49,8,"[1,1,1,1,1,1,1,2,2,2,2,2,2,2,2,2,3,3,3,3,3,3,3,3,4,4,4,4,4,4,4,4,4,5,5,5,5,5,5,5,5,5,6,6,6,6,6,6,6,6]",6,444.2962179891765,95.64793901517987,19.5790589787066,252.89018684998155,0.2289570402354002,812.6537038479,5138
1,1,290,"video_fusion/Blue skies and fluffy clouds, ever-changing shapes like poetry.mp4",49,16,"[2,2,2,2,3,3,3,3,4,4,4,4,5,5,5,5,6,6,6,6,6,7,7,7,8,8,8,8,9,9,9,9,10,10,10,10,10,11,11,11,12,12,12,12,12,13,13,13,14,14]",13,100.17848201096058,80.33489994704723,18.193772062659264,253.29138804227114,0.2294769510626793,452.2393860388547,5138
1,1,291,Hotshot-XL/A painter showcases their art on an outdoor gallery.mp4,49,8,"[1,1,1,1,1,1,1,2,2,2,2,2,2,2,2,2,3,3,3,3,3,3,3,3,4,4,4,4,4,4,4,4,4,5,5,5,5,5,5,5,5,5,6,6,6,6,6,6,6,6]",6,555.7700111530721,115.37760612554848,17.788765020668507,253.00322193652391,0.2284629736095667,942.1808240003884,5138
1,1,292,Hotshot-XL/A milkshake is garnished with fresh strawberries and cream.mp4,49,8,"[1,1,1,1,1,1,1,2,2,2,2,2,2,2,2,2,3,3,3,3,3,3,3,3,4,4,4,4,4,4,4,4,4,5,5,5,5,5,5,5,5,5,6,6,6,6,6,6,6,6]",6,212.5694309361279,103.62299298867583,17.735032131895423,252.84583494067192,0.23047183640301228,587.013681884855,5138
1,1,293,Tune-A-Video/Cherry trees in the orchard are filled with red fruit.mp4,49,24,"[2,3,3,3,4,4,5,5,5,6,6,7,7,7,8,8,8,9,9,10,10,10,11,11,12,12,12,13,13,13,14,14,15,15,15,16,16,16,17,17,18,18,18,19,19,20,20,20,21,21]",20,397.4731368944049,91.96014585904777,17.9739308077842,253.1327879987657,0.23164204321801662,760.7821798883379,5138
1,1,294,Gen-2/The leaves of a purple-leaf plum tree turn deep purple.mp4,49,96,"[10,11,13,14,16,17,19,21,22,24,25,27,29,30,32,33,35,36,38,40,41,43,44,46,48,49,51,52,54,55,57,59,60,62,63,65,66,68,70,71,73,74,76,78,79,81,82,84,86,86]",49,1999.7291420586407,105.30090797692537,17.936401069164276,252.8734039515257,0.24448800832033157,2376.098898006603,5138
1,1,295,Hotshot-XL/Cherry trees in the orchard are filled with red fruit.mp4,49,8,"[1,1,1,1,1,1,1,2,2,2,2,2,2,2,2,2,3,3,3,3,3,3,3,3,4,4,4,4,4,4,4,4,4,5,5,5,5,5,5,5,5,5,6,6,6,6,6,6,6,6]",6,640.1859398465604,122.47761385515332,18.003664910793304,252.97536398284137,0.23043598048388958,1033.8845970109105,5138
1,1,296,Gen-2/A doctor is carefully examining a patient's body.mp4,49,96,"[10,11,13,14,16,17,19,21,22,24,25,27,29,30,32,33,35,36,38,40,41,43,44,46,48,49,51,52,54,55,57,59,60,62,63,65,66,68,70,71,73,74,76,78,79,81,82,84,86,86]",49,1677.751619135961,118.11481788754463,17.585659166797996,252.69830110482872,0.2358010970056057,2066.4009540341794,5138
1,1,297,Hotshot-XL/Swallows soar in the air.mp4,49,8,"[1,1,1,1,1,1,1,2,2,2,2,2,2,2,2,2,3,3,3,3,3,3,3,3,4,4,4,4,4,4,4,4,4,5,5,5,5,5,5,5,5,5,6,6,6,6,6,6,6,6]",6,203.40412203222513,100.4719811026007,17.793809063732624,252.89223808795214,0.2306241076439619,574.8053479474038,5138
1,1,298,video_fusion/Crocodiles swim leisurely in the lake.mp4,49,16,"[2,2,2,2,3,3,3,3,4,4,4,4,5,5,5,5,6,6,6,6,6,7,7,7,8,8,8,8,9,9,9,9,10,10,10,10,10,11,11,11,12,12,12,12,12,13,13,13,14,14]",13,71.77367596887052,79.57050483673811,17.851982032880187,252.89799412712455,0.22324291057884693,422.3293617833406,5138
1,1,299,video_fusion/A hippo leisurely floats in the water.mp4,49,16,"[2,2,2,2,3,3,3,3,4,4,4,4,5,5,5,5,6,6,6,6,6,7,7,7,8,8,8,8,9,9,9,9,10,10,10,10,10,11,11,11,12,12,12,12,12,13,13,13,14,14]",13,83.75398511998355,77.21692905761302,17.595733981579542,257.8206560574472,0.24284515529870987,436.64089497178793,5138
1,1,300,Hotshot-XL/A diver is exploring the underwater world under the coral reef.mp4,49,8,"[1,1,1,1,1,1,1,2,2,2,2,2,2,2,2,2,3,3,3,3,3,3,3,3,4,4,4,4,4,4,4,4,4,5,5,5,5,5,5,5,5,5,6,6,6,6,6,6,6,6]",6,720.0977550819516,130.89409889653325,18.28179694712162,253.41357686556876,0.3090191166847944,1123.0077401269227,5138
1,1,301,Text2Video-Zero/Swallows soar in the air.mp4,49,36,"[4,4,5,5,6,6,7,8,8,9,9,10,11,11,12,12,13,13,14,15,15,16,16,17,18,18,19,19,20,20,21,22,22,23,23,24,24,25,26,26,27,27,28,29,29,30,30,31,32,32]",29,525.134241906926,99.53829809091985,18.028482096269727,252.95937806367874,0.22658100351691246,895.898062037304,5138
1,1,302,"Hotshot-XL/Plateaus surrounding lakes, embraced by peaceful and harmonious mountains.mp4",49,8,"[1,1,1,1,1,1,1,2,2,2,2,2,2,2,2,2,3,3,3,3,3,3,3,3,4,4,4,4,4,4,4,4,4,5,5,5,5,5,5,5,5,5,6,6,6,6,6,6,6,6]",6,351.04571795091033,81.43774303607643,18.04062118753791,253.04217892698944,0.2752619329839945,703.8522460497916,5138
1,1,303,Gen-2/Sharks dart through the water.mp4,49,96,"[10,11,13,14,16,17,19,21,22,24,25,27,29,30,32,33,35,36,38,40,41,43,44,46,48,49,51,52,54,55,57,59,60,62,63,65,66,68,70,71,73,74,76,78,79,81,82,84,86,86]",49,2508.8828369043767,97.67097909934819,18.070329213514924,252.994918031618,0.3212899900972843,2877.9527451843023,5138
1,1,304,Gen-2/Great white sharks swim majestically in the depths of the ocean.mp4,49,96,"[10,11,13,14,16,17,19,21,22,24,25,27,29,30,32,33,35,36,38,40,41,43,44,46,48,49,51,52,54,55,57,59,60,62,63,65,66,68,70,71,73,74,76,78,79,81,82,84,86,86]",49,1637.340822024271,95.66708304919302,18.130197189748287,253.1429659575224,0.23082992993295193,2004.5227431692183,5138
1,1,305,Text2Video-Zero/A peony blooms with snow-white petals.mp4,49,36,"[4,4,5,5,6,6,7,8,8,9,9,10,11,11,12,12,13,13,14,15,15,16,16,17,18,18,19,19,20,20,21,22,22,23,23,24,24,25,26,26,27,27,28,29,29,30,30,31,32,32]",29,1356.4950060099363,113.22169192135334,17.983964877203107,253.13101708889008,0.23002596572041512,1741.0745781380683,5138
1,1,306,VideoCrafter/Various fruit trees grow in the countryside.mp4,49,16,"[2,2,2,2,3,3,3,3,4,4,4,4,5,5,5,5,6,6,6,6,6,7,7,7,8,8,8,8,9,9,9,9,10,10,10,10,10,11,11,11,12,12,12,12,12,13,13,13,14,14]",13,1901.3194849248976,115.2744758874178,18.207739107310772,252.77067814022303,0.23105205036699772,2287.8151671029627,5138
1,1,307,Hotshot-XL/Students participate in celebration ceremonies in the school courtyard.mp4,49,8,"[1,1,1,1,1,1,1,2,2,2,2,2,2,2,2,2,3,3,3,3,3,3,3,3,4,4,4,4,4,4,4,4,4,5,5,5,5,5,5,5,5,5,6,6,6,6,6,6,6,6]",6,620.1980721671134,112.68434207886457,18.23507994413376,252.9968440067023,0.2329130657017231,1004.3579188641161,5138
1,1,308,Hotshot-XL/An ancient church is a landmark in the village.mp4,49,8,"[1,1,1,1,1,1,1,2,2,2,2,2,2,2,2,2,3,3,3,3,3,3,3,3,4,4,4,4,4,4,4,4,4,5,5,5,5,5,5,5,5,5,6,6,6,6,6,6,6,6]",6,629.1188569739461,85.1872970815748,18.344633048400283,252.7847799938172,0.22915122099220753,985.6755950022489,5138
1,1,309,Gen-2/A butterfly gracefully dances among the flowers.mp4,49,96,"[10,11,13,14,16,17,19,21,22,24,25,27,29,30,32,33,35,36,38,40,41,43,44,46,48,49,51,52,54,55,57,59,60,62,63,65,66,68,70,71,73,74,76,78,79,81,82,84,86,86]",49,2460.4160389862955,101.59421688877046,18.521026009693742,253.55496699921787,0.2609351649880409,2834.3615371268243,5138
1,1,310,Gen-2/A water skier created splashes on the lake.mp4,49,96,"[10,11,13,14,16,17,19,21,22,24,25,27,29,30,32,33,35,36,38,40,41,43,44,46,48,49,51,52,54,55,57,59,60,62,63,65,66,68,70,71,73,74,76,78,79,81,82,84,86,86]",49,2568.9085382036865,119.01655490510166,17.879015998914838,252.52964301034808,0.23353099822998047,2958.5785809904337,5138
1,1,311,Gen-2/A field of dandelions lines the side of a rural road.mp4,49,96,"[10,11,13,14,16,17,19,21,22,24,25,27,29,30,32,33,35,36,38,40,41,43,44,46,48,49,51,52,54,55,57,59,60,62,63,65,66,68,70,71,73,74,76,78,79,81,82,84,86,86]",49,3505.095318891108,110.07325304672122,18.13810388557613,252.60936305858195,0.2302571665495634,3886.1580200027674,5138
1,1,312,Text2Video-Zero/The seahorse swayed slowly on the sea floor.mp4,49,36,"[4,4,5,5,6,6,7,8,8,9,9,10,11,11,12,12,13,13,14,15,15,16,16,17,18,18,19,19,20,20,21,22,22,23,23,24,24,25,26,26,27,27,28,29,29,30,30,31,32,32]",29,2104.7233659774065,121.93704303354025,18.001310992985964,252.54587596282363,0.32660714350640774,2497.546498896554,5138
1,1,313,Text2Video-Zero/A diver is exploring the underwater world under the coral reef.mp4,49,36,"[4,4,5,5,6,6,7,8,8,9,9,10,11,11,12,12,13,13,14,15,15,16,16,17,18,18,19,19,20,20,21,22,22,23,23,24,24,25,26,26,27,27,28,29,29,30,30,31,32,32]",29,3137.794069945812,119.63942786678672,18.38770997710526,252.59889080189168,0.24815299548208714,3528.6828479729593,5138
1,1,314,VideoCrafter/A pet owner walks their dog in the park.mp4,49,16,"[2,2,2,2,3,3,3,3,4,4,4,4,5,5,5,5,6,6,6,6,6,7,7,7,8,8,8,8,9,9,9,9,10,10,10,10,10,11,11,11,12,12,12,12,12,13,13,13,14,14]",13,1646.8700768891722,115.52513297647238,18.44145404174924,252.93377903290093,0.233012018725276,2034.0145770460367,5138
1,1,315,Gen-2/An explorer searches for adventure in the forest.mp4,49,96,"[10,11,13,14,16,17,19,21,22,24,25,27,29,30,32,33,35,36,38,40,41,43,44,46,48,49,51,52,54,55,57,59,60,62,63,65,66,68,70,71,73,74,76,78,79,81,82,84,86,86]",49,5679.011692060158,128.894163062796,18.45070207491517,252.54243798553944,0.24365517310798168,6079.155009938404,5138
1,1,316,VideoCrafter/A tennis player made spectacular plays at the net.mp4,49,16,"[2,2,2,2,3,3,3,3,4,4,4,4,5,5,5,5,6,6,6,6,6,7,7,7,8,8,8,8,9,9,9,9,10,10,10,10,10,11,11,11,12,12,12,12,12,13,13,13,14,14]",13,1152.179614873603,131.0940661933273,18.333638785406947,252.31751007959247,0.24144304916262627,1554.1770269628614,5138
1,1,317,"Tune-A-Video/Unique desert landscapes, with dunes sculpted by the wind.mp4",49,24,"[2,3,3,3,4,4,5,5,5,6,6,7,7,7,8,8,8,9,9,10,10,10,11,11,12,12,12,13,13,13,14,14,15,15,15,16,16,16,17,17,18,18,18,19,19,20,20,20,21,21]",20,454.28289799019694,112.63441783376038,18.182225059717894,252.5385250337422,0.2825460396707058,837.932514026761,5138
1,1,318,video_fusion/Sunlight is streaming through the leaves onto the grass.mp4,49,16,"[2,2,2,2,3,3,3,3,4,4,4,4,5,5,5,5,6,6,6,6,6,7,7,7,8,8,8,8,9,9,9,9,10,10,10,10,10,11,11,11,12,12,12,12,12,13,13,13,14,14]",13,82.70677179098129,98.6617561429739,18.699092091992497,252.88316514343023,0.23101898841559887,453.19707598537207,5138
1,1,319,Gen-2/A thin pancake is spread with butter and maple syrup.mp4,49,96,"[10,11,13,14,16,17,19,21,22,24,25,27,29,30,32,33,35,36,38,40,41,43,44,46,48,49,51,52,54,55,57,59,60,62,63,65,66,68,70,71,73,74,76,78,79,81,82,84,86,86]",49,2118.004766991362,116.02752399630845,18.176174024119973,252.31282110325992,0.23562414571642876,2504.7723369207233,5138
1,1,320,Tune-A-Video/Purple lavender grows in the field.mp4,49,24,"[2,3,3,3,4,4,5,5,5,6,6,7,7,7,8,8,8,9,9,10,10,10,11,11,12,12,12,13,13,13,14,14,15,15,15,16,16,16,17,17,18,18,18,19,19,20,20,20,21,21]",20,606.9597918540239,118.88395017012954,17.85286609083414,252.74923397228122,0.23454497568309307,996.6915270779282,5138
1,1,321,Hotshot-XL/Students program in the computer lab.mp4,49,8,"[1,1,1,1,1,1,1,2,2,2,2,2,2,2,2,2,3,3,3,3,3,3,3,3,4,4,4,4,4,4,4,4,4,5,5,5,5,5,5,5,5,5,6,6,6,6,6,6,6,6]",6,387.7644359599799,106.45330999977887,17.46206311509013,252.99969990737736,0.2289928961545229,764.921128982678,5138
1,1,322,Text2Video-Zero/A roasted salmon is presented on a plate.mp4,49,36,"[4,4,5,5,6,6,7,8,8,9,9,10,11,11,12,12,13,13,14,15,15,16,16,17,18,18,19,19,20,20,21,22,22,23,23,24,24,25,26,26,27,27,28,29,29,30,30,31,32,32]",29,2582.490972010419,118.99997596628964,17.929330002516508,252.72670504637063,0.25986204855144024,2972.419962985441,5138
1,1,323,Hotshot-XL/A bowl of rich French onion soup emanates an enticing aroma.mp4,49,8,"[1,1,1,1,1,1,1,2,2,2,2,2,2,2,2,2,3,3,3,3,3,3,3,3,4,4,4,4,4,4,4,4,4,5,5,5,5,5,5,5,5,5,6,6,6,6,6,6,6,6]",6,374.92829910479486,112.06684494391084,17.960818950086832,252.70387693308294,0.23003807291388512,757.9024771694094,5138
1,1,324,Gen-2/A photographer captures the neon lights of the city.mp4,49,96,"[10,11,13,14,16,17,19,21,22,24,25,27,29,30,32,33,35,36,38,40,41,43,44,46,48,49,51,52,54,55,57,59,60,62,63,65,66,68,70,71,73,74,76,78,79,81,82,84,86,86]",49,2435.0092420354486,114.5679650362581,18.084586830809712,253.12549504451454,0.3408989869058132,2821.143449982628,5138
1,1,325,VideoCrafter/Sunflowers stand tall in a field.mp4,49,16,"[2,2,2,2,3,3,3,3,4,4,4,4,5,5,5,5,6,6,6,6,6,7,7,7,8,8,8,8,9,9,9,9,10,10,10,10,10,11,11,11,12,12,12,12,12,13,13,13,14,14]",13,931.4783050213009,123.55180201120675,18.1413518730551,252.72258394397795,0.23206486366689205,1326.1379830073565,5138
1,1,326,VideoCrafter/Teenage skateboarders perform tricks by the pond.mp4,49,16,"[2,2,2,2,3,3,3,3,4,4,4,4,5,5,5,5,6,6,6,6,6,7,7,7,8,8,8,8,9,9,9,9,10,10,10,10,10,11,11,11,12,12,12,12,12,13,13,13,14,14]",13,1311.668197158724,94.84318387694657,18.42756592668593,252.7780660893768,0.24845520965754986,1677.9775568284094,5138
1,1,327,video_fusion/A skier enjoys the thrill of skiing on a snowy mountain.mp4,49,16,"[2,2,2,2,3,3,3,3,4,4,4,4,5,5,5,5,6,6,6,6,6,7,7,7,8,8,8,8,9,9,9,9,10,10,10,10,10,11,11,11,12,12,12,12,12,13,13,13,14,14]",13,75.28425985947251,78.464430058375,18.372819060459733,252.99429590813816,0.25323196314275265,425.38137803785503,5138
1,1,328,VideoCrafter/An ancient church is a landmark in the village.mp4,49,16,"[2,2,2,2,3,3,3,3,4,4,4,4,5,5,5,5,6,6,6,6,6,7,7,7,8,8,8,8,9,9,9,9,10,10,10,10,10,11,11,11,12,12,12,12,12,13,13,13,14,14]",13,1130.9068319387734,113.81168710067868,17.75696105323732,252.61224899441004,0.22649182938039303,1515.3258650097996,5138
1,1,329,"Text2Video-Zero/In a rugby match, players vied for possession of the rugby ball.mp4",49,36,"[4,4,5,5,6,6,7,8,8,9,9,10,11,11,12,12,13,13,14,15,15,16,16,17,18,18,19,19,20,20,21,22,22,23,23,24,24,25,26,26,27,27,28,29,29,30,30,31,32,32]",29,1843.8945352099836,115.24785100482404,17.970727989450097,252.84132012166083,0.2353508025407791,2230.202545179054,5138
1,1,330,Gen-2/Sunlight is streaming through the leaves onto the grass.mp4,49,96,"[10,11,13,14,16,17,19,21,22,24,25,27,29,30,32,33,35,36,38,40,41,43,44,46,48,49,51,52,54,55,57,59,60,62,63,65,66,68,70,71,73,74,76,78,79,81,82,84,86,86]",49,3611.280699027702,102.49486495740712,18.050256883725524,253.42407799325883,0.2708509564399719,3985.5343978852034,5138
1,1,331,Text2Video-Zero/A purple bellflower opens in the sunlight.mp4,49,36,"[4,4,5,5,6,6,7,8,8,9,9,10,11,11,12,12,13,13,14,15,15,16,16,17,18,18,19,19,20,20,21,22,22,23,23,24,24,25,26,26,27,27,28,29,29,30,30,31,32,32]",29,995.6520509440452,116.98560020886362,17.775085987523198,252.6039071381092,0.23373193107545376,1383.2620391622186,5138
1,1,332,Tune-A-Video/The parrot chirped in the treetops.mp4,49,24,"[2,3,3,3,4,4,5,5,5,6,6,7,7,7,8,8,8,9,9,10,10,10,11,11,12,12,12,13,13,13,14,14,15,15,15,16,16,16,17,17,18,18,18,19,19,20,20,20,21,21]",20,733.2431660033762,111.00523197092116,18.281660974025726,252.69784592092037,0.2439089585095644,1115.482946159318,5138
1,1,333,Tune-A-Video/The leaves of a purple-leaf plum tree turn deep purple.mp4,49,24,"[2,3,3,3,4,4,5,5,5,6,6,7,7,7,8,8,8,9,9,10,10,10,11,11,12,12,12,13,13,13,14,14,15,15,15,16,16,16,17,17,18,18,18,19,19,20,20,20,21,21]",20,445.8582850638777,105.76129285618663,18.269843887537718,252.9212839435786,0.24039298295974731,823.0621919501573,5138
1,1,334,Gen-2/Swallows soar in the air.mp4,49,96,"[10,11,13,14,16,17,19,21,22,24,25,27,29,30,32,33,35,36,38,40,41,43,44,46,48,49,51,52,54,55,57,59,60,62,63,65,66,68,70,71,73,74,76,78,79,81,82,84,86,86]",49,1084.1934790369123,107.35168913379312,17.522649839520454,252.52990587614477,0.2451268956065178,1461.8542969692498,5138
1,1,335,video_fusion/The school auditorium is decorated with festive decorations.mp4,49,16,"[2,2,2,2,3,3,3,3,4,4,4,4,5,5,5,5,6,6,6,6,6,7,7,7,8,8,8,8,9,9,9,9,10,10,10,10,10,11,11,11,12,12,12,12,12,13,13,13,14,14]",13,68.18640977144241,94.4211077876389,18.092666985467076,253.029823070392,0.2450889442116022,433.9858291205019,5138
1,1,336,Hotshot-XL/People taking a leisurely walk admire the lake view.mp4,49,8,"[1,1,1,1,1,1,1,2,2,2,2,2,2,2,2,2,3,3,3,3,3,3,3,3,4,4,4,4,4,4,4,4,4,5,5,5,5,5,5,5,5,5,6,6,6,6,6,6,6,6]",6,497.0351520460099,109.2466430272907,18.08510604314506,253.099120920524,0.24013896472752094,877.7168579399586,5138
1,1,337,Gen-2/Teenage skateboarders perform tricks by the pond.mp4,49,96,"[10,11,13,14,16,17,19,21,22,24,25,27,29,30,32,33,35,36,38,40,41,43,44,46,48,49,51,52,54,55,57,59,60,62,63,65,66,68,70,71,73,74,76,78,79,81,82,84,86,86]",49,2274.316499941051,114.30106894113123,18.138046842068434,252.81917792744935,0.23956201039254665,2659.8257278092206,5138
1,1,338,"Text2Video-Zero/A couple walks hand in hand on the beach, listening to the sound of the waves.mp4",49,36,"[4,4,5,5,6,6,7,8,8,9,9,10,11,11,12,12,13,13,14,15,15,16,16,17,18,18,19,19,20,20,21,22,22,23,23,24,24,25,26,26,27,27,28,29,29,30,30,31,32,32]",29,546.8301440123469,119.10494603216648,17.654535826295614,252.73324502632022,0.23112702183425426,936.5648310631514,5138
1,1,339,"Tune-A-Video/A writer sits at a desk, crafting a new novel.mp4",49,24,"[2,3,3,3,4,4,5,5,5,6,6,7,7,7,8,8,8,9,9,10,10,10,11,11,12,12,12,13,13,13,14,14,15,15,15,16,16,16,17,17,18,18,18,19,19,20,20,20,21,21]",20,556.0062939766794,109.39802299253643,17.874141922220588,252.69376207143068,0.22978102788329124,936.2133149988949,5138
1,1,340,Text2Video-Zero/A painter showcases their art on an outdoor gallery.mp4,49,36,"[4,4,5,5,6,6,7,8,8,9,9,10,11,11,12,12,13,13,14,15,15,16,16,17,18,18,19,19,20,20,21,22,22,23,23,24,24,25,26,26,27,27,28,29,29,30,30,31,32,32]",29,2383.0812231171876,96.96288383565843,18.26768694445491,252.50126607716084,0.23651006631553173,2751.0606278665364,5138
1,1,341,video_fusion/A sausage is grilled slightly crispy on the barbecue.mp4,49,16,"[2,2,2,2,3,3,3,3,4,4,4,4,5,5,5,5,6,6,6,6,6,7,7,7,8,8,8,8,9,9,9,9,10,10,10,10,10,11,11,11,12,12,12,12,12,13,13,13,14,14]",13,75.58826706372201,79.36043501831591,18.172851065173745,252.97482102178037,0.2283791545778513,426.33496108464897,5138
1,1,342,Text2Video-Zero/A cactus thrives in the harsh desert.mp4,49,36,"[4,4,5,5,6,6,7,8,8,9,9,10,11,11,12,12,13,13,14,15,15,16,16,17,18,18,19,19,20,20,21,22,22,23,23,24,24,25,26,26,27,27,28,29,29,30,30,31,32,32]",29,2352.8435630723834,96.02657705545425,17.375861993059516,253.04054096341133,0.24702493101358414,2719.5455650798976,5138
1,1,343,VideoCrafter/Sharks dart through the water.mp4,49,16,"[2,2,2,2,3,3,3,3,4,4,4,4,5,5,5,5,6,6,6,6,6,7,7,7,8,8,8,8,9,9,9,9,10,10,10,10,10,11,11,11,12,12,12,12,12,13,13,13,14,14]",13,771.889491006732,101.33301094174385,17.440024996176362,252.77152308262885,0.26054191403090954,1143.708229996264,5138
1,1,344,Text2Video-Zero/A cup of hot chocolate is fragrant.mp4,49,36,"[4,4,5,5,6,6,7,8,8,9,9,10,11,11,12,12,13,13,14,15,15,16,16,17,18,18,19,19,20,20,21,22,22,23,23,24,24,25,26,26,27,27,28,29,29,30,30,31,32,32]",29,308.5748131852597,93.17880612798035,17.896432895213366,252.67907814122736,0.22635282948613167,672.567379893735,5138
1,1,345,VideoCrafter/People taking a leisurely walk admire the lake view.mp4,49,16,"[2,2,2,2,3,3,3,3,4,4,4,4,5,5,5,5,6,6,6,6,6,7,7,7,8,8,8,8,9,9,9,9,10,10,10,10,10,11,11,11,12,12,12,12,12,13,13,13,14,14]",13,1398.768896004185,113.13022882677615,17.796166008338332,254.16015298105776,0.2586760092526674,1784.1283860616386,5138
1,1,346,"Hotshot-XL/A baseball player swung the bat, preparing for a home run.mp4",49,8,"[1,1,1,1,1,1,1,2,2,2,2,2,2,2,2,2,3,3,3,3,3,3,3,3,4,4,4,4,4,4,4,4,4,5,5,5,5,5,5,5,5,5,6,6,6,6,6,6,6,6]",6,544.1398799885064,110.28019292280078,17.940674908459187,252.93221813626587,0.22160704247653484,925.5262648221105,5138
1,1,347,Text2Video-Zero/A lotus leaf floats on a serene pond.mp4,49,36,"[4,4,5,5,6,6,7,8,8,9,9,10,11,11,12,12,13,13,14,15,15,16,16,17,18,18,19,19,20,20,21,22,22,23,23,24,24,25,26,26,27,27,28,29,29,30,30,31,32,32]",29,394.5563251618296,97.15120494365692,17.824454000219703,253.26120085082948,0.3000069409608841,763.1049389019608,5138
1,1,348,Tune-A-Video/A water skier created splashes on the lake.mp4,49,24,"[2,3,3,3,4,4,5,5,5,6,6,7,7,7,8,8,8,9,9,10,10,10,11,11,12,12,12,13,13,13,14,14,15,15,15,16,16,16,17,17,18,18,18,19,19,20,20,20,21,21]",20,396.26826788298786,99.38592300750315,17.66666304320097,252.78874207288027,0.2508058678358793,766.3720790296793,5138
1,1,349,Text2Video-Zero/Purple lavender grows in the field.mp4,49,36,"[4,4,5,5,6,6,7,8,8,9,9,10,11,11,12,12,13,13,14,15,15,16,16,17,18,18,19,19,20,20,21,22,22,23,23,24,24,25,26,26,27,27,28,29,29,30,30,31,32,32]",29,1969.4784230086952,112.54103505052626,17.707690130919218,252.77270004153252,0.23035495541989803,2352.7410300448537,5138
1,1,350,video_fusion/A daffodil sways in the spring breeze.mp4,49,16,"[2,2,2,2,3,3,3,3,4,4,4,4,5,5,5,5,6,6,6,6,6,7,7,7,8,8,8,8,9,9,9,9,10,10,10,10,10,11,11,11,12,12,12,12,12,13,13,13,14,14]",13,87.20034384168684,84.59393586963415,17.55693298764527,252.82872305251658,0.22865086793899536,442.42156110703945,5138
1,1,351,Gen-2/The parrot chirped in the treetops.mp4,49,96,"[10,11,13,14,16,17,19,21,22,24,25,27,29,30,32,33,35,36,38,40,41,43,44,46,48,49,51,52,54,55,57,59,60,62,63,65,66,68,70,71,73,74,76,78,79,81,82,84,86,86]",49,3147.827428067103,113.99897700175643,17.700516153126955,252.51233205199242,0.23789098486304283,3532.293174881488,5138
1,1,352,Tune-A-Video/A bowl of hot soup is especially delicious on a cold winter day.mp4,49,24,"[2,3,3,3,4,4,5,5,5,6,6,7,7,7,8,8,8,9,9,10,10,10,11,11,12,12,12,13,13,13,14,14,15,15,15,16,16,16,17,17,18,18,18,19,19,20,20,20,21,21]",20,395.16411116346717,104.6509079169482,18.07883707806468,252.43577710352838,0.22839801385998726,770.569953834638,5138
1,1,353,Text2Video-Zero/Students enjoy tasty sandwiches in the cafeteria.mp4,49,36,"[4,4,5,5,6,6,7,8,8,9,9,10,11,11,12,12,13,13,14,15,15,16,16,17,18,18,19,19,20,20,21,22,22,23,23,24,24,25,26,26,27,27,28,29,29,30,30,31,32,32]",29,1386.5569019690156,113.77574596554041,17.836261074990034,252.8606380801648,0.23935106582939625,1771.2845071218908,5138
1,1,354,Text2Video-Zero/A tennis player made spectacular plays at the net.mp4,49,36,"[4,4,5,5,6,6,7,8,8,9,9,10,11,11,12,12,13,13,14,15,15,16,16,17,18,18,19,19,20,20,21,22,22,23,23,24,24,25,26,26,27,27,28,29,29,30,30,31,32,32]",29,1535.296494839713,110.22437107749283,18.085998948663473,252.83124297857285,0.3015750553458929,1916.751286946237,5138
1,1,355,Gen-2/Military aircraft are neatly lined up on the military base.mp4,49,96,"[10,11,13,14,16,17,19,21,22,24,25,27,29,30,32,33,35,36,38,40,41,43,44,46,48,49,51,52,54,55,57,59,60,62,63,65,66,68,70,71,73,74,76,78,79,81,82,84,86,86]",49,2565.6192149035633,122.88239691406488,18.67588981986046,252.7904601301998,0.23234914988279343,2960.2115859743208,5138
1,1,356,Text2Video-Zero/A piece of cheesecake is covered with blueberry sauce.mp4,49,36,"[4,4,5,5,6,6,7,8,8,9,9,10,11,11,12,12,13,13,14,15,15,16,16,17,18,18,19,19,20,20,21,22,22,23,23,24,24,25,26,26,27,27,28,29,29,30,30,31,32,32]",29,497.143039945513,93.35013013333082,18.65393714979291,253.27305821701884,0.24103699252009392,862.6780710183084,5138
1,1,357,VideoCrafter/The seahorse swayed slowly on the sea floor.mp4,49,16,"[2,2,2,2,3,3,3,3,4,4,4,4,5,5,5,5,6,6,6,6,6,7,7,7,8,8,8,8,9,9,9,9,10,10,10,10,10,11,11,11,12,12,12,12,12,13,13,13,14,14]",13,1748.6605579033494,115.6498349737376,18.474471988156438,252.82111600972712,0.2436838112771511,2135.863237082958,5138
1,1,358,VideoCrafter/Parents pick up students at the bus stop.mp4,49,16,"[2,2,2,2,3,3,3,3,4,4,4,4,5,5,5,5,6,6,6,6,6,7,7,7,8,8,8,8,9,9,9,9,10,10,10,10,10,11,11,11,12,12,12,12,12,13,13,13,14,14]",13,1363.4455120190978,115.91839999891818,18.697733990848064,252.6876439806074,0.24054478853940964,1751.0039939079434,5138
1,1,359,VideoCrafter/A piece of French bread is spread with butter.mp4,49,16,"[2,2,2,2,3,3,3,3,4,4,4,4,5,5,5,5,6,6,6,6,6,7,7,7,8,8,8,8,9,9,9,9,10,10,10,10,10,11,11,11,12,12,12,12,12,13,13,13,14,14]",13,466.43374394625425,106.02814704179764,18.48090603016317,252.7757368516177,0.2334329765290022,843.9630691427737,5138
1,1,360,"Gen-2/A waterfall cascades gracefully, resembling a silver thread.mp4",49,96,"[10,11,13,14,16,17,19,21,22,24,25,27,29,30,32,33,35,36,38,40,41,43,44,46,48,49,51,52,54,55,57,59,60,62,63,65,66,68,70,71,73,74,76,78,79,81,82,84,86,86]",49,5414.65637087822,112.40527895279229,18.398697022348642,252.70318100228906,0.2647358924150467,5798.440621001646,5138
1,1,361,video_fusion/A golden field of wheat sways gently in the breeze.mp4,49,16,"[2,2,2,2,3,3,3,3,4,4,4,4,5,5,5,5,6,6,6,6,6,7,7,7,8,8,8,8,9,9,9,9,10,10,10,10,10,11,11,11,12,12,12,12,12,13,13,13,14,14]",13,80.56536200456321,97.9272979311645,18.205458065494895,252.90542910806835,0.2434910275042057,449.85787314362824,5138
1,1,362,VideoCrafter/Military aircraft are neatly lined up on the military base.mp4,49,16,"[2,2,2,2,3,3,3,3,4,4,4,4,5,5,5,5,6,6,6,6,6,7,7,7,8,8,8,8,9,9,9,9,10,10,10,10,10,11,11,11,12,12,12,12,12,13,13,13,14,14]",13,1048.2728129718453,111.04455892927945,18.316300818696618,252.68113799393177,0.2313130535185337,1430.5575010366738,5138
1,1,363,Text2Video-Zero/A salad is sprinkled with nuts and fruits.mp4,49,36,"[4,4,5,5,6,6,7,8,8,9,9,10,11,11,12,12,13,13,14,15,15,16,16,17,18,18,19,19,20,20,21,22,22,23,23,24,24,25,26,26,27,27,28,29,29,30,30,31,32,32]",29,1035.7131040655077,113.55753103271127,18.405056092888117,253.19961202330887,0.2523160073906183,1421.1407210677862,5138
1,1,364,Gen-2/A group of villagers wash clothes by the stream.mp4,49,96,"[10,11,13,14,16,17,19,21,22,24,25,27,29,30,32,33,35,36,38,40,41,43,44,46,48,49,51,52,54,55,57,59,60,62,63,65,66,68,70,71,73,74,76,78,79,81,82,84,86,86]",49,3643.402392975986,117.8385119419545,18.96519702859223,252.94386502355337,0.25522406212985516,4033.4205159451813,5138
1,1,365,Text2Video-Zero/A doctor is carefully examining a patient's body.mp4,49,36,"[4,4,5,5,6,6,7,8,8,9,9,10,11,11,12,12,13,13,14,15,15,16,16,17,18,18,19,19,20,20,21,22,22,23,23,24,24,25,26,26,27,27,28,29,29,30,30,31,32,32]",29,359.2236898839474,101.93323995918036,18.46281881444156,252.77155404910445,0.2300830092281103,732.6338300481439,5138
1,1,366,Tune-A-Video/An ancient church is a landmark in the village.mp4,49,24,"[2,3,3,3,4,4,5,5,5,6,6,7,7,7,8,8,8,9,9,10,10,10,11,11,12,12,12,13,13,13,14,14,15,15,15,16,16,16,17,17,18,18,18,19,19,20,20,20,21,21]",20,225.50321090966463,76.94001914933324,18.607541918754578,253.03394882939756,0.23996015079319477,574.3384889792651,5138
1,1,367,Hotshot-XL/A tennis player elegantly slid on the grass court.mp4,49,8,"[1,1,1,1,1,1,1,2,2,2,2,2,2,2,2,2,3,3,3,3,3,3,3,3,4,4,4,4,4,4,4,4,4,5,5,5,5,5,5,5,5,5,6,6,6,6,6,6,6,6]",6,243.17692802287638,98.02711685188115,18.420353066176176,252.9770249966532,0.2328041009604931,612.8464199136943,5138
1,1,368,Gen-2/Purple lavender grows in the field.mp4,49,96,"[10,11,13,14,16,17,19,21,22,24,25,27,29,30,32,33,35,36,38,40,41,43,44,46,48,49,51,52,54,55,57,59,60,62,63,65,66,68,70,71,73,74,76,78,79,81,82,84,86,86]",49,2213.3291179779917,111.00634397007525,18.209800822660327,252.49260617420077,0.2930290065705776,2595.343773951754,5138
1,1,369,Tune-A-Video/An adorable little cat is napping on the windowsill.mp4,49,24,"[2,3,3,3,4,4,5,5,5,6,6,7,7,7,8,8,8,9,9,10,10,10,11,11,12,12,12,13,13,13,14,14,15,15,15,16,16,16,17,17,18,18,18,19,19,20,20,20,21,21]",20,484.13796187378466,118.72839089483023,18.346118973568082,252.72237788885832,0.2263390924781561,874.1733678616583,5138
1,1,370,Text2Video-Zero/The roof of a farmhouse is covered in moss.mp4,49,36,"[4,4,5,5,6,6,7,8,8,9,9,10,11,11,12,12,13,13,14,15,15,16,16,17,18,18,19,19,20,20,21,22,22,23,23,24,24,25,26,26,27,27,28,29,29,30,30,31,32,32]",29,1307.0566030219197,110.8465928118676,18.10432691127062,252.4825988803059,0.22008689120411873,1688.7245930265635,5138
1,1,371,Hotshot-XL/A skier enjoys the thrill of skiing on a snowy mountain.mp4,49,8,"[1,1,1,1,1,1,1,2,2,2,2,2,2,2,2,2,3,3,3,3,3,3,3,3,4,4,4,4,4,4,4,4,4,5,5,5,5,5,5,5,5,5,6,6,6,6,6,6,6,6]",6,339.46857298724353,109.79566420428455,18.65846710279584,252.88375793024898,0.2946739550679922,721.1124571040273,5138
1,1,372,video_fusion/A cup of hot chocolate is fragrant.mp4,49,16,"[2,2,2,2,3,3,3,3,4,4,4,4,5,5,5,5,6,6,6,6,6,7,7,7,8,8,8,8,9,9,9,9,10,10,10,10,10,11,11,11,12,12,12,12,12,13,13,13,14,14]",13,65.24459295906126,92.56419818848372,18.572786124423146,253.34404897876084,0.23790402337908745,429.9746740143746,5138
1,1,373,Tune-A-Video/The crickets chirped merrily in the summer night.mp4,49,24,"[2,3,3,3,4,4,5,5,5,6,6,7,7,7,8,8,8,9,9,10,10,10,11,11,12,12,12,13,13,13,14,14,15,15,15,16,16,16,17,17,18,18,18,19,19,20,20,20,21,21]",20,291.89147404395044,93.84035901166499,18.46918906085193,252.94652301818132,0.30647614039480686,657.465934054926,5138
1,1,374,VideoCrafter/Vendors at the market display fresh fruits and vegetables.mp4,49,16,"[2,2,2,2,3,3,3,3,4,4,4,4,5,5,5,5,6,6,6,6,6,7,7,7,8,8,8,8,9,9,9,9,10,10,10,10,10,11,11,11,12,12,12,12,12,13,13,13,14,14]",13,1397.1123490482569,111.83581920340657,17.943398095667362,252.7061200235039,0.23104692809283733,1779.843457043171,5138
1,1,375,Text2Video-Zero/A daffodil sways in the spring breeze.mp4,49,36,"[4,4,5,5,6,6,7,8,8,9,9,10,11,11,12,12,13,13,14,15,15,16,16,17,18,18,19,19,20,20,21,22,22,23,23,24,24,25,26,26,27,27,28,29,29,30,30,31,32,32]",29,795.3353349585086,112.07856796681881,17.696080030873418,252.94115114957094,0.22643711417913437,1178.28983720392,5138
1,1,376,"Tune-A-Video/Students enjoy their time on campus, full of youthful energy.mp4",49,24,"[2,3,3,3,4,4,5,5,5,6,6,7,7,7,8,8,8,9,9,10,10,10,11,11,12,12,12,13,13,13,14,14,15,15,15,16,16,16,17,17,18,18,18,19,19,20,20,20,21,21]",20,329.1759928688407,92.56451693363488,18.10750993900001,252.98521993681788,0.33220299519598484,693.178344052285,5138
1,1,377,Text2Video-Zero/A piece of French bread is spread with butter.mp4,49,36,"[4,4,5,5,6,6,7,8,8,9,9,10,11,11,12,12,13,13,14,15,15,16,16,17,18,18,19,19,20,20,21,22,22,23,23,24,24,25,26,26,27,27,28,29,29,30,30,31,32,32]",29,2149.3090530857444,115.58375181630254,18.65963893942535,252.40369699895382,0.2208738587796688,2536.1902569420636,5138
1,1,378,Hotshot-XL/The crickets chirped merrily in the summer night.mp4,49,8,"[1,1,1,1,1,1,1,2,2,2,2,2,2,2,2,2,3,3,3,3,3,3,3,3,4,4,4,4,4,4,4,4,4,5,5,5,5,5,5,5,5,5,6,6,6,6,6,6,6,6]",6,789.8813930805773,113.49868192337453,18.74511782079935,252.91707087308168,0.23627188056707382,1175.2899449784309,5138
1,1,379,Tune-A-Video/Students and teachers discuss topics in the classroom.mp4,49,24,"[2,3,3,3,4,4,5,5,5,6,6,7,7,7,8,8,8,9,9,10,10,10,11,11,12,12,12,13,13,13,14,14,15,15,15,16,16,16,17,17,18,18,18,19,19,20,20,20,21,21]",20,961.9913729839027,113.83837484754622,18.799698911607265,252.8171360027045,0.26567792519927025,1347.7240451611578,5138
1,1,380,"video_fusion/Wandering through a forest path, surrounded by emerald greenery.mp4",49,16,"[2,2,2,2,3,3,3,3,4,4,4,4,5,5,5,5,6,6,6,6,6,7,7,7,8,8,8,8,9,9,9,9,10,10,10,10,10,11,11,11,12,12,12,12,12,13,13,13,14,14]",13,83.94604711793363,91.55637281946838,18.392374040558934,253.02040996029973,0.23024296388030052,447.15637108311057,5138
1,1,381,Tune-A-Video/A doctor cares for patients in the hospital.mp4,49,24,"[2,3,3,3,4,4,5,5,5,6,6,7,7,7,8,8,8,9,9,10,10,10,11,11,12,12,12,13,13,13,14,14,15,15,15,16,16,16,17,17,18,18,18,19,19,20,20,20,21,21]",20,342.33411913737655,101.1295160278678,18.58728611841798,253.26156010851264,0.23025204427540302,715.5549309682101,5138
1,1,382,video_fusion/Great white sharks swim majestically in the depths of the ocean.mp4,49,16,"[2,2,2,2,3,3,3,3,4,4,4,4,5,5,5,5,6,6,6,6,6,7,7,7,8,8,8,8,9,9,9,9,10,10,10,10,10,11,11,11,12,12,12,12,12,13,13,13,14,14]",13,97.1135429572314,87.2961541172117,18.161416985094547,253.11617506667972,0.22552907466888428,455.92416706494987,5138
1,1,383,VideoCrafter/A bowl of spicy Mexican chili is very delicious.mp4,49,16,"[2,2,2,2,3,3,3,3,4,4,4,4,5,5,5,5,6,6,6,6,6,7,7,7,8,8,8,8,9,9,9,9,10,10,10,10,10,11,11,11,12,12,12,12,12,13,13,13,14,14]",13,1850.390916923061,101.42527217976749,18.25960003770888,253.13157797791064,0.2262229099869728,2223.444998031482,5138
1,1,384,VideoCrafter/There are boats on the park lake.mp4,49,16,"[2,2,2,2,3,3,3,3,4,4,4,4,5,5,5,5,6,6,6,6,6,7,7,7,8,8,8,8,9,9,9,9,10,10,10,10,10,11,11,11,12,12,12,12,12,13,13,13,14,14]",13,1000.3883389290422,100.93607404269278,18.378495005890727,255.8734540361911,0.22829906083643436,1375.816703075543,5138
1,1,385,Gen-2/A cactus thrives in the harsh desert.mp4,49,96,"[10,11,13,14,16,17,19,21,22,24,25,27,29,30,32,33,35,36,38,40,41,43,44,46,48,49,51,52,54,55,57,59,60,62,63,65,66,68,70,71,73,74,76,78,79,81,82,84,86,86]",49,4994.454554980621,96.67010302655399,18.160686129704118,252.69452412612736,0.22939802147448063,5362.225470133126,5138
1,1,386,"Text2Video-Zero/Plateaus surrounding lakes, embraced by peaceful and harmonious mountains.mp4",49,36,"[4,4,5,5,6,6,7,8,8,9,9,10,11,11,12,12,13,13,14,15,15,16,16,17,18,18,19,19,20,20,21,22,22,23,23,24,24,25,26,26,27,27,28,29,29,30,30,31,32,32]",29,1513.316122116521,120.89386396110058,18.03368190303445,252.79058190062642,0.29222690500319004,1905.3382021375,5138
1,1,387,video_fusion/Students and teachers discuss topics in the classroom.mp4,49,16,"[2,2,2,2,3,3,3,3,4,4,4,4,5,5,5,5,6,6,6,6,6,7,7,7,8,8,8,8,9,9,9,9,10,10,10,10,10,11,11,11,12,12,12,12,12,13,13,13,14,14]",13,73.28971684910357,76.00474799983203,17.953058937564492,253.22321709245443,0.2337498590350151,420.7149790599942,5138
1,1,388,VideoCrafter/A piece of cheesecake is covered with blueberry sauce.mp4,49,16,"[2,2,2,2,3,3,3,3,4,4,4,4,5,5,5,5,6,6,6,6,6,7,7,7,8,8,8,8,9,9,9,9,10,10,10,10,10,11,11,11,12,12,12,12,12,13,13,13,14,14]",13,969.4536759052426,76.48195512592793,18.033341970294714,252.9715048149228,0.23310096003115177,1317.1848841011524,5138
1,1,389,Tune-A-Video/Students program in the computer lab.mp4,49,24,"[2,3,3,3,4,4,5,5,5,6,6,7,7,7,8,8,8,9,9,10,10,10,11,11,12,12,12,13,13,13,14,14,15,15,15,16,16,16,17,17,18,18,18,19,19,20,20,20,21,21]",20,283.3908200263977,83.76170787960291,17.985278042033315,253.51816485635936,0.25069015100598335,638.9203178696334,5138
1,1,390,Gen-2/A painter showcases their art on an outdoor gallery.mp4,49,96,"[10,11,13,14,16,17,19,21,22,24,25,27,29,30,32,33,35,36,38,40,41,43,44,46,48,49,51,52,54,55,57,59,60,62,63,65,66,68,70,71,73,74,76,78,79,81,82,84,86,86]",49,2355.54286907427,119.10428781993687,18.463086104020476,252.67675216309726,0.22814306430518627,2746.0280030500144,5138
1,1,391,VideoCrafter/A peony blooms with snow-white petals.mp4,49,16,"[2,2,2,2,3,3,3,3,4,4,4,4,5,5,5,5,6,6,6,6,6,7,7,7,8,8,8,8,9,9,9,9,10,10,10,10,10,11,11,11,12,12,12,12,12,13,13,13,14,14]",13,1038.6597800534219,127.63552903197706,18.37975694797933,252.81368987634778,0.23216311819851398,1437.7324520610273,5138
1,1,392,Tune-A-Video/The roof of a farmhouse is covered in moss.mp4,49,24,"[2,3,3,3,4,4,5,5,5,6,6,7,7,7,8,8,8,9,9,10,10,10,11,11,12,12,12,13,13,13,14,14,15,15,15,16,16,16,17,17,18,18,18,19,19,20,20,20,21,21]",20,408.41703210026026,105.1043220795691,18.677343847230077,252.70078494213521,0.23537199012935162,785.146689042449,5138
1,1,393,Hotshot-XL/Students savor delicious soups in the cafeteria.mp4,49,8,"[1,1,1,1,1,1,1,2,2,2,2,2,2,2,2,2,3,3,3,3,3,3,3,3,4,4,4,4,4,4,4,4,4,5,5,5,5,5,5,5,5,5,6,6,6,6,6,6,6,6]",6,470.6136549357325,114.76210691034794,18.081062007695436,252.9112200718373,0.28813094832003117,856.6681640222669,5138
1,1,394,Tune-A-Video/Students participate in celebration ceremonies in the school courtyard.mp4,49,24,"[2,3,3,3,4,4,5,5,5,6,6,7,7,7,8,8,8,9,9,10,10,10,11,11,12,12,12,13,13,13,14,14,15,15,15,16,16,16,17,17,18,18,18,19,19,20,20,20,21,21]",20,865.769969066605,118.86724503710866,18.403143854811788,252.94003984890878,0.2259998582303524,1256.2190878670663,5138
1,1,395,Hotshot-XL/A designer creates fashionable clothing designs.mp4,49,8,"[1,1,1,1,1,1,1,2,2,2,2,2,2,2,2,2,3,3,3,3,3,3,3,3,4,4,4,4,4,4,4,4,4,5,5,5,5,5,5,5,5,5,6,6,6,6,6,6,6,6]",6,313.42576001770794,94.88906594924629,18.28411710448563,252.93245282955468,0.2252170816063881,679.7674640547484,5138
1,1,396,"VideoCrafter/Wandering through a forest path, surrounded by emerald greenery.mp4",49,16,"[2,2,2,2,3,3,3,3,4,4,4,4,5,5,5,5,6,6,6,6,6,7,7,7,8,8,8,8,9,9,9,9,10,10,10,10,10,11,11,11,12,12,12,12,12,13,13,13,14,14]",13,975.4772889427841,93.89343205839396,18.065343145281076,252.69711413420737,0.2251570113003254,1340.370886027813,5138
1,1,397,Tune-A-Video/Great white sharks swim majestically in the depths of the ocean.mp4,49,24,"[2,3,3,3,4,4,5,5,5,6,6,7,7,7,8,8,8,9,9,10,10,10,11,11,12,12,12,13,13,13,14,14,15,15,15,16,16,16,17,17,18,18,18,19,19,20,20,20,21,21]",20,287.2237318661064,94.62249209173024,18.122573848813772,252.72420793771744,0.2248960081487894,652.9294480569661,5138
1,1,398,video_fusion/A kangaroo jumps across the Australian desert.mp4,49,16,"[2,2,2,2,3,3,3,3,4,4,4,4,5,5,5,5,6,6,6,6,6,7,7,7,8,8,8,8,9,9,9,9,10,10,10,10,10,11,11,11,12,12,12,12,12,13,13,13,14,14]",13,69.02686692774296,93.51785504259169,18.137670122087002,252.98281805589795,0.24997605942189693,433.9261509012431,5138
1,1,399,Hotshot-XL/There are boats on the park lake.mp4,49,8,"[1,1,1,1,1,1,1,2,2,2,2,2,2,2,2,2,3,3,3,3,3,3,3,3,4,4,4,4,4,4,4,4,4,5,5,5,5,5,5,5,5,5,6,6,6,6,6,6,6,6]",6,473.77753211185336,113.42430883087218,18.424120964482427,253.23129794560373,0.25152694433927536,859.1217040084302,5138
1,1,400,Text2Video-Zero/A bowl of rich French onion soup emanates an enticing aroma.mp4,49,36,"[4,4,5,5,6,6,7,8,8,9,9,10,11,11,12,12,13,13,14,15,15,16,16,17,18,18,19,19,20,20,21,22,22,23,23,24,24,25,26,26,27,27,28,29,29,30,30,31,32,32]",29,374.2628281470388,103.66185591556132,18.164562061429024,252.87191080860794,0.22418703883886337,749.1961449850351,5138
1,1,401,Gen-2/A hippo leisurely floats in the water.mp4,49,96,"[10,11,13,14,16,17,19,21,22,24,25,27,29,30,32,33,35,36,38,40,41,43,44,46,48,49,51,52,54,55,57,59,60,62,63,65,66,68,70,71,73,74,76,78,79,81,82,84,86,86]",49,3219.436506042257,89.75622500292957,18.260458949953318,252.8023850172758,0.22331904619932175,3580.4908180143684,5138
1,1,402,"video_fusion/A couple walks hand in hand on the beach, listening to the sound of the waves.mp4",49,16,"[2,2,2,2,3,3,3,3,4,4,4,4,5,5,5,5,6,6,6,6,6,7,7,7,8,8,8,8,9,9,9,9,10,10,10,10,10,11,11,11,12,12,12,12,12,13,13,13,14,14]",13,70.03996102139354,99.41008198074996,17.75202201679349,253.0557820573449,0.23794686421751976,440.51179895177484,5138
1,1,403,VideoCrafter/The commander is strategizing in front of a map.mp4,49,16,"[2,2,2,2,3,3,3,3,4,4,4,4,5,5,5,5,6,6,6,6,6,7,7,7,8,8,8,8,9,9,9,9,10,10,10,10,10,11,11,11,12,12,12,12,12,13,13,13,14,14]",13,1077.8875891119242,109.83283189125359,17.725293058902025,252.88704596459866,0.23069488815963268,1458.5755087900907,5138
1,1,404,Hotshot-XL/Great white sharks swim majestically in the depths of the ocean.mp4,49,8,"[1,1,1,1,1,1,1,2,2,2,2,2,2,2,2,2,3,3,3,3,3,3,3,3,4,4,4,4,4,4,4,4,4,5,5,5,5,5,5,5,5,5,6,6,6,6,6,6,6,6]",6,295.1272448990494,105.90438987128437,17.955932999029756,253.1978760380298,0.242563895881176,672.4396881181747,5138
1,1,405,"Gen-2/A baseball player swung the bat, preparing for a home run.mp4",49,96,"[10,11,13,14,16,17,19,21,22,24,25,27,29,30,32,33,35,36,38,40,41,43,44,46,48,49,51,52,54,55,57,59,60,62,63,65,66,68,70,71,73,74,76,78,79,81,82,84,86,86]",49,1982.0291858632118,114.94024703279138,18.04286614060402,252.7465729508549,0.2289959229528904,2368.00332297571,5138
1,1,406,video_fusion/There's a drum and guitar in the music classroom.mp4,49,16,"[2,2,2,2,3,3,3,3,4,4,4,4,5,5,5,5,6,6,6,6,6,7,7,7,8,8,8,8,9,9,9,9,10,10,10,10,10,11,11,11,12,12,12,12,12,13,13,13,14,14]",13,57.184331119060516,97.80939691700041,18.194474978372455,253.0457228422165,0.22931210696697235,426.4741651713848,5138
1,1,407,Tune-A-Video/A wheat field sways gracefully in the gentle breeze.mp4,49,24,"[2,3,3,3,4,4,5,5,5,6,6,7,7,7,8,8,8,9,9,10,10,10,11,11,12,12,12,13,13,13,14,14,15,15,15,16,16,16,17,17,18,18,18,19,19,20,20,20,21,21]",20,858.3747399970889,102.51027811318636,18.265669932588935,253.07778106071055,0.22362102754414082,1232.4643300380558,5138
1,1,408,Tune-A-Video/Sharks dart through the water.mp4,49,24,"[2,3,3,3,4,4,5,5,5,6,6,7,7,7,8,8,8,9,9,10,10,10,11,11,12,12,12,13,13,13,14,14,15,15,15,16,16,16,17,17,18,18,18,19,19,20,20,20,21,21]",20,309.27181406877935,85.67162184044719,18.559005111455917,252.9943899717182,0.241447938606143,666.7502988129854,5138
1,1,409,Gen-2/Students and teachers discuss topics in the classroom.mp4,49,96,"[10,11,13,14,16,17,19,21,22,24,25,27,29,30,32,33,35,36,38,40,41,43,44,46,48,49,51,52,54,55,57,59,60,62,63,65,66,68,70,71,73,74,76,78,79,81,82,84,86,86]",49,2415.9523700363934,124.33509295806289,18.371556187048554,252.96290195547044,0.2289998810738325,2811.863041948527,5138
1,1,410,"Gen-2/Unique desert landscapes, with dunes sculpted by the wind.mp4",49,96,"[10,11,13,14,16,17,19,21,22,24,25,27,29,30,32,33,35,36,38,40,41,43,44,46,48,49,51,52,54,55,57,59,60,62,63,65,66,68,70,71,73,74,76,78,79,81,82,84,86,86]",49,3490.326468134299,131.1173599679023,18.41378817334771,252.6124611031264,0.2465648576617241,3892.7296879701316,5138
1,1,411,"Hotshot-XL/Wandering through a forest path, surrounded by emerald greenery.mp4",49,8,"[1,1,1,1,1,1,1,2,2,2,2,2,2,2,2,2,3,3,3,3,3,3,3,3,4,4,4,4,4,4,4,4,4,5,5,5,5,5,5,5,5,5,6,6,6,6,6,6,6,6]",6,797.0344119239599,126.39967282302678,18.455421086400747,252.7899220585823,0.2472910564392805,1194.9404950719327,5138
1,1,412,Gen-2/The crickets chirped merrily in the summer night.mp4,49,96,"[10,11,13,14,16,17,19,21,22,24,25,27,29,30,32,33,35,36,38,40,41,43,44,46,48,49,51,52,54,55,57,59,60,62,63,65,66,68,70,71,73,74,76,78,79,81,82,84,86,86]",49,2877.501690061763,115.33541092649102,18.504461040720344,252.70988699048758,0.23467186838388443,3264.2989319283515,5138
1,1,413,"video_fusion/In a rugby match, players vied for possession of the rugby ball.mp4",49,16,"[2,2,2,2,3,3,3,3,4,4,4,4,5,5,5,5,6,6,6,6,6,7,7,7,8,8,8,8,9,9,9,9,10,10,10,10,10,11,11,11,12,12,12,12,12,13,13,13,14,14]",13,69.19276714324951,105.98657606169581,18.517253221943974,252.8593058232218,0.22861198522150517,446.79491594433784,5138
1,1,414,Hotshot-XL/People sunbathe on the lawn.mp4,49,8,"[1,1,1,1,1,1,1,2,2,2,2,2,2,2,2,2,3,3,3,3,3,3,3,3,4,4,4,4,4,4,4,4,4,5,5,5,5,5,5,5,5,5,6,6,6,6,6,6,6,6]",6,505.6861010380089,116.9351008720696,18.2122269179672,253.25025198981166,0.27239881455898285,894.3705160636455,5138
1,1,415,Gen-2/Students enjoy tasty sandwiches in the cafeteria.mp4,49,96,"[10,11,13,14,16,17,19,21,22,24,25,27,29,30,32,33,35,36,38,40,41,43,44,46,48,49,51,52,54,55,57,59,60,62,63,65,66,68,70,71,73,74,76,78,79,81,82,84,86,86]",49,2349.206391023472,107.73360496386886,17.880724975839257,252.65982910059392,0.2373410388827324,2727.7308460325003,5138
1,1,416,Tune-A-Video/A daffodil sways in the spring breeze.mp4,49,24,"[2,3,3,3,4,4,5,5,5,6,6,7,7,7,8,8,8,9,9,10,10,10,11,11,12,12,12,13,13,13,14,14,15,15,15,16,16,16,17,17,18,18,18,19,19,20,20,20,21,21]",20,618.974335025996,119.25546894781291,17.982518998906016,252.617898164317,0.2267190720885992,1009.0673980303109,5138
1,1,417,VideoCrafter/A butterfly gracefully dances among the flowers.mp4,49,16,"[2,2,2,2,3,3,3,3,4,4,4,4,5,5,5,5,6,6,6,6,6,7,7,7,8,8,8,8,9,9,9,9,10,10,10,10,10,11,11,11,12,12,12,12,12,13,13,13,14,14]",13,1460.594834992662,100.41144117712975,18.119264859706163,252.74394010193646,0.22746785543859005,1832.1089639794081,5138
1,1,418,VideoCrafter/A field of dandelions lines the side of a rural road.mp4,49,16,"[2,2,2,2,3,3,3,3,4,4,4,4,5,5,5,5,6,6,6,6,6,7,7,7,8,8,8,8,9,9,9,9,10,10,10,10,10,11,11,11,12,12,12,12,12,13,13,13,14,14]",13,1881.9873030297458,120.02460286021233,18.270572181791067,252.68726097419858,0.23400294594466686,2273.2196499127895,5138
1,1,419,Gen-2/A bowl of spicy Mexican chili is very delicious.mp4,49,96,"[10,11,13,14,16,17,19,21,22,24,25,27,29,30,32,33,35,36,38,40,41,43,44,46,48,49,51,52,54,55,57,59,60,62,63,65,66,68,70,71,73,74,76,78,79,81,82,84,86,86]",49,4615.393840009347,100.97977099940181,18.75736704096198,253.2370660919696,0.253122067078948,4988.632634980604,5138
1,1,420,"Hotshot-XL/Willow trees by the river, swaying gently in the calming breeze.mp4",49,8,"[1,1,1,1,1,1,1,2,2,2,2,2,2,2,2,2,3,3,3,3,3,3,3,3,4,4,4,4,4,4,4,4,4,5,5,5,5,5,5,5,5,5,6,6,6,6,6,6,6,6]",6,742.4770321231335,121.09822011552751,18.288605846464634,252.7627539820969,0.2267130184918642,1134.8655140027404,5138
1,1,421,Text2Video-Zero/A golden field of wheat sways gently in the breeze.mp4,49,36,"[4,4,5,5,6,6,7,8,8,9,9,10,11,11,12,12,13,13,14,15,15,16,16,17,18,18,19,19,20,20,21,22,22,23,23,24,24,25,26,26,27,27,28,29,29,30,30,31,32,32]",29,1967.0774291735142,101.90402087755501,18.396547995507717,252.49063386581838,0.23470399901270866,2340.118662919849,5138
1,1,422,video_fusion/A bowl of spicy Mexican chili is very delicious.mp4,49,16,"[2,2,2,2,3,3,3,3,4,4,4,4,5,5,5,5,6,6,6,6,6,7,7,7,8,8,8,8,9,9,9,9,10,10,10,10,10,11,11,11,12,12,12,12,12,13,13,13,14,14]",13,69.80825704522431,92.27716294117272,18.3057168032974,253.19970794953406,0.22836891002953053,433.82981908507645,5138
1,1,423,"Tune-A-Video/A couple walks hand in hand on the beach, listening to the sound of the waves.mp4",49,24,"[2,3,3,3,4,4,5,5,5,6,6,7,7,7,8,8,8,9,9,10,10,10,11,11,12,12,12,13,13,13,14,14,15,15,15,16,16,16,17,17,18,18,18,19,19,20,20,20,21,21]",20,383.01029801368713,87.99506793729961,18.217321950942278,252.89111398160458,0.22608600556850433,742.3523031175137,5138
1,1,424,"video_fusion/The campus has colorful gardens, full of vitality.mp4",49,16,"[2,2,2,2,3,3,3,3,4,4,4,4,5,5,5,5,6,6,6,6,6,7,7,7,8,8,8,8,9,9,9,9,10,10,10,10,10,11,11,11,12,12,12,12,12,13,13,13,14,14]",13,107.63233993202448,99.59527780301869,18.29633698798716,252.98100500367582,0.23808912374079227,478.75345405191183,5138
1,1,425,Hotshot-XL/A piece of cheesecake is covered with blueberry sauce.mp4,49,8,"[1,1,1,1,1,1,1,2,2,2,2,2,2,2,2,2,3,3,3,3,3,3,3,3,4,4,4,4,4,4,4,4,4,5,5,5,5,5,5,5,5,5,6,6,6,6,6,6,6,6]",6,347.3326039966196,98.14556082710624,18.22920609265566,252.86202388815582,0.2298150211572647,716.8107028119266,5138
1,1,426,Hotshot-XL/A pet owner walks their dog in the park.mp4,49,8,"[1,1,1,1,1,1,1,2,2,2,2,2,2,2,2,2,3,3,3,3,3,3,3,3,4,4,4,4,4,4,4,4,4,5,5,5,5,5,5,5,5,5,6,6,6,6,6,6,6,6]",6,624.8873048461974,115.91343698091805,18.86726589873433,252.8813029639423,0.23846211843192577,1012.8010150510818,5138
1,1,427,video_fusion/People sunbathe on the lawn.mp4,49,16,"[2,2,2,2,3,3,3,3,4,4,4,4,5,5,5,5,6,6,6,6,6,7,7,7,8,8,8,8,9,9,9,9,10,10,10,10,10,11,11,11,12,12,12,12,12,13,13,13,14,14]",13,70.851671975106,93.09706697240472,18.245951971039176,253.28285386785865,0.2382348757237196,435.72762911207974,5138
1,1,428,Gen-2/A daffodil sways in the spring breeze.mp4,49,96,"[10,11,13,14,16,17,19,21,22,24,25,27,29,30,32,33,35,36,38,40,41,43,44,46,48,49,51,52,54,55,57,59,60,62,63,65,66,68,70,71,73,74,76,78,79,81,82,84,86,86]",49,1882.373576052487,91.45645191892982,17.823537113144994,252.70209810696542,0.22458098828792572,2244.5917930454016,5138
1,1,429,Tune-A-Video/A golden field of wheat sways gently in the breeze.mp4,49,24,"[2,3,3,3,4,4,5,5,5,6,6,7,7,7,8,8,8,9,9,10,10,10,11,11,12,12,12,13,13,13,14,14,15,15,15,16,16,16,17,17,18,18,18,19,19,20,20,20,21,21]",20,276.8279919400811,77.09176419302821,17.852956894785166,252.74622510187328,0.22465805523097515,624.7544640209526,5138
1,1,430,VideoCrafter/Students program in the computer lab.mp4,49,16,"[2,2,2,2,3,3,3,3,4,4,4,4,5,5,5,5,6,6,6,6,6,7,7,7,8,8,8,8,9,9,9,9,10,10,10,10,10,11,11,11,12,12,12,12,12,13,13,13,14,14]",13,873.0647531338036,129.38148295506835,18.007619073614478,252.8097031172365,0.23279106244444847,1273.5075240489095,5138
1,1,431,Text2Video-Zero/A pizza is topped with Italian sausage and mushrooms.mp4,49,36,"[4,4,5,5,6,6,7,8,8,9,9,10,11,11,12,12,13,13,14,15,15,16,16,17,18,18,19,19,20,20,21,22,22,23,23,24,24,25,26,26,27,27,28,29,29,30,30,31,32,32]",29,2641.5509518701583,106.195367872715,18.569216132164,252.6203040033579,0.2281409688293934,3019.176726927981,5138
1,1,432,Gen-2/A piece of French bread is spread with butter.mp4,49,96,"[10,11,13,14,16,17,19,21,22,24,25,27,29,30,32,33,35,36,38,40,41,43,44,46,48,49,51,52,54,55,57,59,60,62,63,65,66,68,70,71,73,74,76,78,79,81,82,84,86,86]",49,2958.3778120577335,95.02605511806905,18.15130701288581,252.5346581824124,0.24868780747056007,3324.3526599835604,5138
1,1,433,Gen-2/A wheat field sways gracefully in the gentle breeze.mp4,49,96,"[10,11,13,14,16,17,19,21,22,24,25,27,29,30,32,33,35,36,38,40,41,43,44,46,48,49,51,52,54,55,57,59,60,62,63,65,66,68,70,71,73,74,76,78,79,81,82,84,86,86]",49,3313.9069001190364,122.02478596009314,18.461219035089016,252.84079904668033,0.24757999926805496,3707.4954099953175,5138
1,1,434,Tune-A-Video/A photographer captures the neon lights of the city.mp4,49,24,"[2,3,3,3,4,4,5,5,5,6,6,7,7,7,8,8,8,9,9,10,10,10,11,11,12,12,12,13,13,13,14,14,15,15,15,16,16,16,17,17,18,18,18,19,19,20,20,20,21,21]",20,464.2419768497348,89.82280804775655,18.525721970945597,252.65853106975555,0.23463810794055462,825.4948549438268,5138
1,1,435,Gen-2/The seahorse swayed slowly on the sea floor.mp4,49,96,"[10,11,13,14,16,17,19,21,22,24,25,27,29,30,32,33,35,36,38,40,41,43,44,46,48,49,51,52,54,55,57,59,60,62,63,65,66,68,70,71,73,74,76,78,79,81,82,84,86,86]",49,2272.9822660330683,125.42054685764015,18.512876937165856,252.47168797068298,0.23668399080634117,2669.638501945883,5138
1,1,436,Tune-A-Video/A sausage is grilled slightly crispy on the barbecue.mp4,49,24,"[2,3,3,3,4,4,5,5,5,6,6,7,7,7,8,8,8,9,9,10,10,10,11,11,12,12,12,13,13,13,14,14,15,15,15,16,16,16,17,17,18,18,18,19,19,20,20,20,21,21]",20,419.7822720743716,118.87523019686341,18.523772014304996,252.75516090914607,0.2321337815374136,810.180044034496,5138
1,1,437,VideoCrafter/Crocodiles swim leisurely in the lake.mp4,49,16,"[2,2,2,2,3,3,3,3,4,4,4,4,5,5,5,5,6,6,6,6,6,7,7,7,8,8,8,8,9,9,9,9,10,10,10,10,10,11,11,11,12,12,12,12,12,13,13,13,14,14]",13,1172.8279159869999,110.44413899071515,21.26327995210886,252.73225596174598,0.29555405490100384,1557.5773159507662,5138
1,1,438,Text2Video-Zero/Children dig sandcastles on the beach.mp4,49,36,"[4,4,5,5,6,6,7,8,8,9,9,10,11,11,12,12,13,13,14,15,15,16,16,17,18,18,19,19,20,20,21,22,22,23,23,24,24,25,26,26,27,27,28,29,29,30,30,31,32,32]",29,635.203338926658,102.1567468997091,17.488569021224976,252.70576681941748,0.2301360946148634,1007.800973020494,5138
1,1,439,Gen-2/A white orchid grows in a potted plant.mp4,49,96,"[10,11,13,14,16,17,19,21,22,24,25,27,29,30,32,33,35,36,38,40,41,43,44,46,48,49,51,52,54,55,57,59,60,62,63,65,66,68,70,71,73,74,76,78,79,81,82,84,86,86]",49,1336.6810518782586,111.75429308786988,17.882453044876456,253.07560386136174,0.24804403074085712,1719.656954985112,5138
1,1,440,video_fusion/A photographer captures the neon lights of the city.mp4,49,16,"[2,2,2,2,3,3,3,3,4,4,4,4,5,5,5,5,6,6,6,6,6,7,7,7,8,8,8,8,9,9,9,9,10,10,10,10,10,11,11,11,12,12,12,12,12,13,13,13,14,14]",13,90.44039784930646,96.59783006645739,17.95190293341875,253.34120891056955,0.231532147154212,458.57448410242796,5138
1,1,441,Hotshot-XL/Sunlight is streaming through the leaves onto the grass.mp4,49,8,"[1,1,1,1,1,1,1,2,2,2,2,2,2,2,2,2,3,3,3,3,3,3,3,3,4,4,4,4,4,4,4,4,4,5,5,5,5,5,5,5,5,5,6,6,6,6,6,6,6,6]",6,666.3839181419462,104.30840100161731,17.968814820051193,252.8566620312631,0.22890698164701462,1041.7591638397425,5138
1,1,442,Hotshot-XL/A bowl of ramen has delicious pork and seaweed.mp4,49,8,"[1,1,1,1,1,1,1,2,2,2,2,2,2,2,2,2,3,3,3,3,3,3,3,3,4,4,4,4,4,4,4,4,4,5,5,5,5,5,5,5,5,5,6,6,6,6,6,6,6,6]",6,397.2570120822638,80.4432921577245,18.20429298095405,252.84526403993368,0.22258609533309937,748.9838299807161,5138
1,1,443,VideoCrafter/Great white sharks swim majestically in the depths of the ocean.mp4,49,16,"[2,2,2,2,3,3,3,3,4,4,4,4,5,5,5,5,6,6,6,6,6,7,7,7,8,8,8,8,9,9,9,9,10,10,10,10,10,11,11,11,12,12,12,12,12,13,13,13,14,14]",13,1175.256447866559,103.84535603225231,18.44002492725849,252.89944396354258,0.22853887639939785,1550.6818930152804,5138
1,1,444,"VideoCrafter/Students enjoy their time on campus, full of youthful energy.mp4",49,16,"[2,2,2,2,3,3,3,3,4,4,4,4,5,5,5,5,6,6,6,6,6,7,7,7,8,8,8,8,9,9,9,9,10,10,10,10,10,11,11,11,12,12,12,12,12,13,13,13,14,14]",13,1608.548867981881,111.64621007628739,18.387546995654702,252.73593608289957,0.23097009398043156,1991.560169029981,5138
1,1,445,VideoCrafter/A cactus thrives in the harsh desert.mp4,49,16,"[2,2,2,2,3,3,3,3,4,4,4,4,5,5,5,5,6,6,6,6,6,7,7,7,8,8,8,8,9,9,9,9,10,10,10,10,10,11,11,11,12,12,12,12,12,13,13,13,14,14]",13,821.7948591336608,82.90008595213294,18.252544105052948,252.9934251215309,0.23963209241628647,1176.1922328732908,5138
1,1,446,VideoCrafter/Visitors get information at the park's visitor center.mp4,49,16,"[2,2,2,2,3,3,3,3,4,4,4,4,5,5,5,5,6,6,6,6,6,7,7,7,8,8,8,8,9,9,9,9,10,10,10,10,10,11,11,11,12,12,12,12,12,13,13,13,14,14]",13,1397.10460905917,122.32171092182398,21.956343902274966,252.91837798431516,0.22474490106105804,1794.537747045979,5138
1,1,447,video_fusion/A pet owner walks their dog in the park.mp4,49,16,"[2,2,2,2,3,3,3,3,4,4,4,4,5,5,5,5,6,6,6,6,6,7,7,7,8,8,8,8,9,9,9,9,10,10,10,10,10,11,11,11,12,12,12,12,12,13,13,13,14,14]",13,88.50724319927394,92.0995301567018,18.68568011559546,253.37921897880733,0.2272571437060833,452.9100109357387,5138
1,1,448,video_fusion/A bowl of hot soup is especially delicious on a cold winter day.mp4,49,16,"[2,2,2,2,3,3,3,3,4,4,4,4,5,5,5,5,6,6,6,6,6,7,7,7,8,8,8,8,9,9,9,9,10,10,10,10,10,11,11,11,12,12,12,12,12,13,13,13,14,14]",13,65.62986085191369,84.63814202696085,19.00072186253965,253.22396587580442,0.22321892902255058,422.7271010167897,5138
1,1,449,"Text2Video-Zero/Students line up in the cafeteria, waiting for lunch.mp4",49,36,"[4,4,5,5,6,6,7,8,8,9,9,10,11,11,12,12,13,13,14,15,15,16,16,17,18,18,19,19,20,20,21,22,22,23,23,24,24,25,26,26,27,27,28,29,29,30,30,31,32,32]",29,423.4657308552414,91.48366982117295,18.450386123731732,252.88735493086278,0.2311808057129383,786.5304360166192,5138
1,1,450,Hotshot-XL/Purple lavender grows in the field.mp4,49,8,"[1,1,1,1,1,1,1,2,2,2,2,2,2,2,2,2,3,3,3,3,3,3,3,3,4,4,4,4,4,4,4,4,4,5,5,5,5,5,5,5,5,5,6,6,6,6,6,6,6,6]",6,373.53848782368004,120.64352119341493,18.441932974383235,252.61027202941477,0.2364239189773798,765.4859269969165,5138
1,1,451,video_fusion/A butterfly gracefully dances among the flowers.mp4,49,16,"[2,2,2,2,3,3,3,3,4,4,4,4,5,5,5,5,6,6,6,6,6,7,7,7,8,8,8,8,9,9,9,9,10,10,10,10,10,11,11,11,12,12,12,12,12,13,13,13,14,14]",13,78.26352398842573,86.56912902370095,18.165318062528968,253.05216992273927,0.22937683388590813,436.2912180367857,5138
1,1,452,Gen-2/A golden field of wheat sways gently in the breeze.mp4,49,96,"[10,11,13,14,16,17,19,21,22,24,25,27,29,30,32,33,35,36,38,40,41,43,44,46,48,49,51,52,54,55,57,59,60,62,63,65,66,68,70,71,73,74,76,78,79,81,82,84,86,86]",49,2440.6545511446893,95.35325085744262,18.420774955302477,252.94496794231236,0.3021929878741503,2807.687684893608,5138
1,1,453,Tune-A-Video/People sunbathe on the lawn.mp4,49,24,"[2,3,3,3,4,4,5,5,5,6,6,7,7,7,8,8,8,9,9,10,10,10,11,11,12,12,12,13,13,13,14,14,15,15,15,16,16,16,17,17,18,18,18,19,19,20,20,20,21,21]",20,847.3135160747916,96.23495605774224,18.364086048677564,252.69573810510337,0.22956985048949718,1214.8491630796343,5138
1,1,454,"Text2Video-Zero/A waterfall cascades gracefully, resembling a silver thread.mp4",49,36,"[4,4,5,5,6,6,7,8,8,9,9,10,11,11,12,12,13,13,14,15,15,16,16,17,18,18,19,19,20,20,21,22,22,23,23,24,24,25,26,26,27,27,28,29,29,30,30,31,32,32]",29,2133.356925100088,122.89934302680194,18.263153033331037,252.88189598359168,0.2305039670318365,2527.647581882775,5138
1,1,455,Text2Video-Zero/Parents pick up students at the bus stop.mp4,49,36,"[4,4,5,5,6,6,7,8,8,9,9,10,11,11,12,12,13,13,14,15,15,16,16,17,18,18,19,19,20,20,21,22,22,23,23,24,24,25,26,26,27,27,28,29,29,30,30,31,32,32]",29,1004.3120100162923,112.2668320313096,17.87438103929162,252.66839610412717,0.22489111870527267,1387.3612929601222,5138
1,1,456,"video_fusion/Students line up in the cafeteria, waiting for lunch.mp4",49,16,"[2,2,2,2,3,3,3,3,4,4,4,4,5,5,5,5,6,6,6,6,6,7,7,7,8,8,8,8,9,9,9,9,10,10,10,10,10,11,11,11,12,12,12,12,12,13,13,13,14,14]",13,84.36009706929326,85.15705703757703,17.86750997416675,253.03092901594937,0.2291018608957529,440.6558950431645,5138
1,1,457,Gen-2/Students participate in celebration ceremonies in the school courtyard.mp4,49,96,"[10,11,13,14,16,17,19,21,22,24,25,27,29,30,32,33,35,36,38,40,41,43,44,46,48,49,51,52,54,55,57,59,60,62,63,65,66,68,70,71,73,74,76,78,79,81,82,84,86,86]",49,2378.003755118698,118.87328885495663,18.2250807993114,252.84853810444474,0.24577300064265728,2768.2094550691545,5138
1,1,458,Gen-2/Various fruit trees grow in the countryside.mp4,49,96,"[10,11,13,14,16,17,19,21,22,24,25,27,29,30,32,33,35,36,38,40,41,43,44,46,48,49,51,52,54,55,57,59,60,62,63,65,66,68,70,71,73,74,76,78,79,81,82,84,86,86]",49,4603.0901649501175,92.38856798037887,18.20159307681024,252.5964539963752,0.22381008602678776,4966.512657003477,5138
1,1,459,VideoCrafter/Students and teachers discuss topics in the classroom.mp4,49,16,"[2,2,2,2,3,3,3,3,4,4,4,4,5,5,5,5,6,6,6,6,6,7,7,7,8,8,8,8,9,9,9,9,10,10,10,10,10,11,11,11,12,12,12,12,12,13,13,13,14,14]",13,1051.3428379781544,129.8847640864551,17.807452008128166,252.65361298806965,0.22845901548862457,1451.9337420351803,5138
1,1,460,Gen-2/Sunflowers stand tall in a field.mp4,49,96,"[10,11,13,14,16,17,19,21,22,24,25,27,29,30,32,33,35,36,38,40,41,43,44,46,48,49,51,52,54,55,57,59,60,62,63,65,66,68,70,71,73,74,76,78,79,81,82,84,86,86]",49,3255.0800919998437,122.85595596767962,18.080025911331177,252.44777789339423,0.23272098042070866,3648.7105910200626,5138
1,1,461,VideoCrafter/A doctor is carefully examining a patient's body.mp4,49,16,"[2,2,2,2,3,3,3,3,4,4,4,4,5,5,5,5,6,6,6,6,6,7,7,7,8,8,8,8,9,9,9,9,10,10,10,10,10,11,11,11,12,12,12,12,12,13,13,13,14,14]",13,1584.724672138691,131.69905706308782,17.757270950824022,252.5389827787876,0.23117708042263985,1986.9622478727251,5138
1,1,462,Gen-2/Students savor delicious soups in the cafeteria.mp4,49,96,"[10,11,13,14,16,17,19,21,22,24,25,27,29,30,32,33,35,36,38,40,41,43,44,46,48,49,51,52,54,55,57,59,60,62,63,65,66,68,70,71,73,74,76,78,79,81,82,84,86,86]",49,2378.48127190955,108.95751090720296,18.55660881847143,252.92232795618474,0.2499681431800127,2759.182397974655,5138
1,1,463,VideoCrafter/A lotus leaf floats on a serene pond.mp4,49,16,"[2,2,2,2,3,3,3,3,4,4,4,4,5,5,5,5,6,6,6,6,6,7,7,7,8,8,8,8,9,9,9,9,10,10,10,10,10,11,11,11,12,12,12,12,12,13,13,13,14,14]",13,1370.1120899058878,98.1536761391908,18.042942974716425,252.7522318996489,0.23238593712449074,1739.3040340393782,5138
1,1,464,Tune-A-Video/A thin pancake is spread with butter and maple syrup.mp4,49,24,"[2,3,3,3,4,4,5,5,5,6,6,7,7,7,8,8,8,9,9,10,10,10,11,11,12,12,12,13,13,13,14,14,15,15,15,16,16,16,17,17,18,18,18,19,19,20,20,20,21,21]",20,392.2658758237958,95.19226010888815,17.96121709048748,252.81250500120223,0.23918412625789642,758.4822478238493,5138
1,1,465,Text2Video-Zero/Sunlight is streaming through the leaves onto the grass.mp4,49,36,"[4,4,5,5,6,6,7,8,8,9,9,10,11,11,12,12,13,13,14,15,15,16,16,17,18,18,19,19,20,20,21,22,22,23,23,24,24,25,26,26,27,27,28,29,29,30,30,31,32,32]",29,2303.6817498505116,113.47132595255971,18.09045602567494,252.4915838148445,0.2253169659525156,2687.974290922284,5138
1,1,466,video_fusion/A peony blooms with snow-white petals.mp4,49,16,"[2,2,2,2,3,3,3,3,4,4,4,4,5,5,5,5,6,6,6,6,6,7,7,7,8,8,8,8,9,9,9,9,10,10,10,10,10,11,11,11,12,12,12,12,12,13,13,13,14,14]",13,70.13823906891048,97.9873538017273,18.68197717703879,252.87043093703687,0.23454101756215096,439.9231818970293,5138
1,1,467,video_fusion/Vendors at the market display fresh fruits and vegetables.mp4,49,16,"[2,2,2,2,3,3,3,3,4,4,4,4,5,5,5,5,6,6,6,6,6,7,7,7,8,8,8,8,9,9,9,9,10,10,10,10,10,11,11,11,12,12,12,12,12,13,13,13,14,14]",13,90.86070908233523,100.03393795341253,18.85451003909111,252.73634819313884,0.23049814626574516,462.72949408739805,5138
1,1,468,video_fusion/A bowl of rich French onion soup emanates an enticing aroma.mp4,49,16,"[2,2,2,2,3,3,3,3,4,4,4,4,5,5,5,5,6,6,6,6,6,7,7,7,8,8,8,8,9,9,9,9,10,10,10,10,10,11,11,11,12,12,12,12,12,13,13,13,14,14]",13,62.41265614517033,98.96312118507922,18.40425585396588,252.85635516047478,0.23170793429017067,432.881185086444,5138
1,1,469,VideoCrafter/The parrot chirped in the treetops.mp4,49,16,"[2,2,2,2,3,3,3,3,4,4,4,4,5,5,5,5,6,6,6,6,6,7,7,7,8,8,8,8,9,9,9,9,10,10,10,10,10,11,11,11,12,12,12,12,12,13,13,13,14,14]",13,1302.7597009204328,103.34861394949257,18.6017039231956,252.67666904255748,0.22581894882023335,1677.6265220250934,5138
1,1,470,Text2Video-Zero/Teenage skateboarders perform tricks by the pond.mp4,49,36,"[4,4,5,5,6,6,7,8,8,9,9,10,11,11,12,12,13,13,14,15,15,16,16,17,18,18,19,19,20,20,21,22,22,23,23,24,24,25,26,26,27,27,28,29,29,30,30,31,32,32]",29,2175.0853559933603,121.36117601767182,18.2948368601501,252.4887330364436,0.23837806656956673,2567.482120124623,5138
1,1,471,Tune-A-Video/Students enjoy tasty sandwiches in the cafeteria.mp4,49,24,"[2,3,3,3,4,4,5,5,5,6,6,7,7,7,8,8,8,9,9,10,10,10,11,11,12,12,12,13,13,13,14,14,15,15,15,16,16,16,17,17,18,18,18,19,19,20,20,20,21,21]",20,1448.8536820281297,120.84000394679606,18.68601213209331,252.8538249898702,0.2447690349072218,1841.4943309035152,5138
1,1,472,"Tune-A-Video/In front of a farmhouse, there is a swing.mp4",49,24,"[2,3,3,3,4,4,5,5,5,6,6,7,7,7,8,8,8,9,9,10,10,10,11,11,12,12,12,13,13,13,14,14,15,15,15,16,16,16,17,17,18,18,18,19,19,20,20,20,21,21]",20,221.46615502424538,96.79610095918179,17.593229888007045,252.87687499076128,0.23619900457561016,588.9829110819846,5138
1,1,473,Hotshot-XL/A field of dandelions lines the side of a rural road.mp4,49,8,"[1,1,1,1,1,1,1,2,2,2,2,2,2,2,2,2,3,3,3,3,3,3,3,3,4,4,4,4,4,4,4,4,4,5,5,5,5,5,5,5,5,5,6,6,6,6,6,6,6,6]",6,735.1794289425015,119.41678100265563,18.30669492483139,253.30641400068998,0.2546580508351326,1126.4751718845218,5138
1,1,474,Gen-2/A family goes to the movies on the weekend.mp4,49,96,"[10,11,13,14,16,17,19,21,22,24,25,27,29,30,32,33,35,36,38,40,41,43,44,46,48,49,51,52,54,55,57,59,60,62,63,65,66,68,70,71,73,74,76,78,79,81,82,84,86,86]",49,4615.990360965952,118.90810681506991,18.279085867106915,252.7178160380572,0.22594700567424297,5006.133886985481,5138
1,1,475,Text2Video-Zero/An explorer searches for adventure in the forest.mp4,49,36,"[4,4,5,5,6,6,7,8,8,9,9,10,11,11,12,12,13,13,14,15,15,16,16,17,18,18,19,19,20,20,21,22,22,23,23,24,24,25,26,26,27,27,28,29,29,30,30,31,32,32]",29,2540.7667050603777,94.90829892456532,18.406593007966876,252.8107820544392,0.23266184143722057,2907.1367140859365,5138
1,1,476,Text2Video-Zero/A doctor cares for patients in the hospital.mp4,49,36,"[4,4,5,5,6,6,7,8,8,9,9,10,11,11,12,12,13,13,14,15,15,16,16,17,18,18,19,19,20,20,21,22,22,23,23,24,24,25,26,26,27,27,28,29,29,30,30,31,32,32]",29,396.0243130568415,105.5553168989718,17.922737868502736,252.67290184274316,0.23128092288970947,772.4210738670081,5138
1,1,477,VideoCrafter/There's a drum and guitar in the music classroom.mp4,49,16,"[2,2,2,2,3,3,3,3,4,4,4,4,5,5,5,5,6,6,6,6,6,7,7,7,8,8,8,8,9,9,9,9,10,10,10,10,10,11,11,11,12,12,12,12,12,13,13,13,14,14]",13,1020.4425931442529,112.69156099297106,18.50332203321159,252.68420693464577,0.24658208712935448,1404.582847142592,5138
1,1,478,Hotshot-XL/Military aircraft are neatly lined up on the military base.mp4,49,8,"[1,1,1,1,1,1,1,2,2,2,2,2,2,2,2,2,3,3,3,3,3,3,3,3,4,4,4,4,4,4,4,4,4,5,5,5,5,5,5,5,5,5,6,6,6,6,6,6,6,6]",6,462.7392119728029,111.1325949896127,18.58279202133417,252.79748905450106,0.24063093587756157,845.5082189757377,5138
1,1,479,"Gen-2/Students line up in the cafeteria, waiting for lunch.mp4",49,96,"[10,11,13,14,16,17,19,21,22,24,25,27,29,30,32,33,35,36,38,40,41,43,44,46,48,49,51,52,54,55,57,59,60,62,63,65,66,68,70,71,73,74,76,78,79,81,82,84,86,86]",49,2868.841015966609,121.89699290320277,18.3753939345479,252.49606790021062,0.23068394511938095,3261.8553049396724,5138
1,1,480,Gen-2/A tennis player made spectacular plays at the net.mp4,49,96,"[10,11,13,14,16,17,19,21,22,24,25,27,29,30,32,33,35,36,38,40,41,43,44,46,48,49,51,52,54,55,57,59,60,62,63,65,66,68,70,71,73,74,76,78,79,81,82,84,86,86]",49,3440.1617171242833,128.2191660720855,18.52713106200099,252.4690011050552,0.2331179566681385,3839.6222358569503,5138
1,1,481,Tune-A-Video/A lotus leaf floats on a serene pond.mp4,49,24,"[2,3,3,3,4,4,5,5,5,6,6,7,7,7,8,8,8,9,9,10,10,10,11,11,12,12,12,13,13,13,14,14,15,15,15,16,16,16,17,17,18,18,18,19,19,20,20,20,21,21]",20,522.0765320118517,108.24427707120776,18.3711398858577,252.40960880182683,0.2291861455887556,901.3456669636071,5138
1,1,482,Gen-2/Soldiers are setting up tents in the camp.mp4,49,96,"[10,11,13,14,16,17,19,21,22,24,25,27,29,30,32,33,35,36,38,40,41,43,44,46,48,49,51,52,54,55,57,59,60,62,63,65,66,68,70,71,73,74,76,78,79,81,82,84,86,86]",49,3083.0745031125844,121.52038118802011,21.299697924405336,253.2841400243342,0.31084404326975346,3479.5038090087473,5138
1,1,483,Text2Video-Zero/A milkshake is garnished with fresh strawberries and cream.mp4,49,36,"[4,4,5,5,6,6,7,8,8,9,9,10,11,11,12,12,13,13,14,15,15,16,16,17,18,18,19,19,20,20,21,22,22,23,23,24,24,25,26,26,27,27,28,29,29,30,30,31,32,32]",29,1112.4535941053182,125.02908194437623,18.018984934315085,252.46101687662303,0.22647110745310783,1508.2043108996004,5138
1,1,484,Hotshot-XL/A roasted salmon is presented on a plate.mp4,49,8,"[1,1,1,1,1,1,1,2,2,2,2,2,2,2,2,2,3,3,3,3,3,3,3,3,4,4,4,4,4,4,4,4,4,5,5,5,5,5,5,5,5,5,6,6,6,6,6,6,6,6]",6,374.5256350375712,102.26776706986129,18.13456299714744,252.70623294636607,0.2265681978315115,747.8749000001699,5138
1,1,485,VideoCrafter/A designer creates fashionable clothing designs.mp4,49,16,"[2,2,2,2,3,3,3,3,4,4,4,4,5,5,5,5,6,6,6,6,6,7,7,7,8,8,8,8,9,9,9,9,10,10,10,10,10,11,11,11,12,12,12,12,12,13,13,13,14,14]",13,1638.8342080172151,112.9767179954797,18.164023058488965,252.4584149941802,0.22124708630144596,2022.6692559663206,5138
1,1,486,Tune-A-Video/A butterfly gracefully dances among the flowers.mp4,49,24,"[2,3,3,3,4,4,5,5,5,6,6,7,7,7,8,8,8,9,9,10,10,10,11,11,12,12,12,13,13,13,14,14,15,15,15,16,16,16,17,17,18,18,18,19,19,20,20,20,21,21]",20,422.18719702214,88.47317192703485,18.416820093989372,253.7997500039637,0.22251112386584282,783.1136209424585,5138
1,1,487,"Hotshot-XL/In front of a farmhouse, there is a swing.mp4",49,8,"[1,1,1,1,1,1,1,2,2,2,2,2,2,2,2,2,3,3,3,3,3,3,3,3,4,4,4,4,4,4,4,4,4,5,5,5,5,5,5,5,5,5,6,6,6,6,6,6,6,6]",6,624.2621869314462,112.23160498775542,18.68128194473684,252.67757405526936,0.2218000590801239,1008.0885500647128,5138
1,1,488,Hotshot-XL/A cup of hot chocolate is fragrant.mp4,49,8,"[1,1,1,1,1,1,1,2,2,2,2,2,2,2,2,2,3,3,3,3,3,3,3,3,4,4,4,4,4,4,4,4,4,5,5,5,5,5,5,5,5,5,6,6,6,6,6,6,6,6]",6,282.4858659878373,102.51503600738943,17.948254942893982,252.6811680290848,0.22582802921533585,655.8713810518384,5138
1,1,489,Tune-A-Video/A roasted cod fish is garnished with fresh herbs.mp4,49,24,"[2,3,3,3,4,4,5,5,5,6,6,7,7,7,8,8,8,9,9,10,10,10,11,11,12,12,12,13,13,13,14,14,15,15,15,16,16,16,17,17,18,18,18,19,19,20,20,20,21,21]",20,1768.9985188189894,116.04103608988225,17.928055953234434,253.66759882308543,0.227420125156641,2156.8783801048994,5138
1,1,490,video_fusion/The lion roars majestically on the grassland.mp4,49,16,"[2,2,2,2,3,3,3,3,4,4,4,4,5,5,5,5,6,6,6,6,6,7,7,7,8,8,8,8,9,9,9,9,10,10,10,10,10,11,11,11,12,12,12,12,12,13,13,13,14,14]",13,72.06066814251244,88.7118149548769,18.1809701025486,252.94222496449947,0.22368901409208775,432.1304950863123,5138
1,1,491,Text2Video-Zero/A thin pancake is spread with butter and maple syrup.mp4,49,36,"[4,4,5,5,6,6,7,8,8,9,9,10,11,11,12,12,13,13,14,15,15,16,16,17,18,18,19,19,20,20,21,22,22,23,23,24,24,25,26,26,27,27,28,29,29,30,30,31,32,32]",29,682.0356538519263,110.0223429966718,17.920979065820575,252.64380499720573,0.22136187180876732,1062.8582309000194,5138
1,1,492,"Tune-A-Video/The campus has colorful gardens, full of vitality.mp4",49,24,"[2,3,3,3,4,4,5,5,5,6,6,7,7,7,8,8,8,9,9,10,10,10,11,11,12,12,12,13,13,13,14,14,15,15,15,16,16,16,17,17,18,18,18,19,19,20,20,20,21,21]",20,989.1600580886006,111.63765215314925,17.87713496014476,252.888168906793,0.3072819672524929,1371.8842200469226,5138
1,1,493,"Tune-A-Video/Willow trees by the river, swaying gently in the calming breeze.mp4",49,24,"[2,3,3,3,4,4,5,5,5,6,6,7,7,7,8,8,8,9,9,10,10,10,11,11,12,12,12,13,13,13,14,14,15,15,15,16,16,16,17,17,18,18,18,19,19,20,20,20,21,21]",20,387.6587781123817,99.75354303605855,17.89217395707965,252.7547050267458,0.23538107052445412,758.309782948345,5138
1,1,494,Text2Video-Zero/A slice of French chocolate mousse cake brings sweet delight.mp4,49,36,"[4,4,5,5,6,6,7,8,8,9,9,10,11,11,12,12,13,13,14,15,15,16,16,17,18,18,19,19,20,20,21,22,22,23,23,24,24,25,26,26,27,27,28,29,29,30,30,31,32,32]",29,507.91507097892463,101.38508607633412,18.028554040938616,253.17327911034226,0.235831830650568,880.7559481356293,5138
1,1,495,Hotshot-XL/A group of villagers wash clothes by the stream.mp4,49,8,"[1,1,1,1,1,1,1,2,2,2,2,2,2,2,2,2,3,3,3,3,3,3,3,3,4,4,4,4,4,4,4,4,4,5,5,5,5,5,5,5,5,5,6,6,6,6,6,6,6,6]",6,628.4657120704651,104.9492999445647,17.931769834831357,252.84341187216341,0.22535794414579868,1004.4293589890003,5138
1,1,496,video_fusion/A field of dandelions lines the side of a rural road.mp4,49,16,"[2,2,2,2,3,3,3,3,4,4,4,4,5,5,5,5,6,6,6,6,6,7,7,7,8,8,8,8,9,9,9,9,10,10,10,10,10,11,11,11,12,12,12,12,12,13,13,13,14,14]",13,77.58502988144755,98.09683519415557,17.89415581151843,253.57625493779778,0.2338699996471405,447.40056595765054,5138
1,1,497,video_fusion/Purple lavender grows in the field.mp4,49,16,"[2,2,2,2,3,3,3,3,4,4,4,4,5,5,5,5,6,6,6,6,6,7,7,7,8,8,8,8,9,9,9,9,10,10,10,10,10,11,11,11,12,12,12,12,12,13,13,13,14,14]",13,79.74547008052468,101.21337394230068,17.71619380451739,253.09364101849496,0.23023993708193302,452.00965786352754,5138
1,1,498,Hotshot-XL/The roof of a farmhouse is covered in moss.mp4,49,8,"[1,1,1,1,1,1,1,2,2,2,2,2,2,2,2,2,3,3,3,3,3,3,3,3,4,4,4,4,4,4,4,4,4,5,5,5,5,5,5,5,5,5,6,6,6,6,6,6,6,6]",6,623.1223130598664,115.21292710676789,17.90289906784892,252.7562549803406,0.22459402680397034,1009.24137304537,5138
1,1,499,Gen-2/A roasted salmon is presented on a plate.mp4,49,96,"[10,11,13,14,16,17,19,21,22,24,25,27,29,30,32,33,35,36,38,40,41,43,44,46,48,49,51,52,54,55,57,59,60,62,63,65,66,68,70,71,73,74,76,78,79,81,82,84,86,86]",49,2925.333098974079,114.10411586984992,17.65923318453133,252.55251280032098,0.2268659882247448,3309.8921310156584,5138
1,1,500,Text2Video-Zero/Students savor delicious soups in the cafeteria.mp4,49,36,"[4,4,5,5,6,6,7,8,8,9,9,10,11,11,12,12,13,13,14,15,15,16,16,17,18,18,19,19,20,20,21,22,22,23,23,24,24,25,26,26,27,27,28,29,29,30,30,31,32,32]",29,1139.788941014558,111.07448884285986,17.714319052174687,252.65588308684528,0.24791480973362923,1521.4973939582705,5138
1,1,501,Text2Video-Zero/Vendors at the market display fresh fruits and vegetables.mp4,49,36,"[4,4,5,5,6,6,7,8,8,9,9,10,11,11,12,12,13,13,14,15,15,16,16,17,18,18,19,19,20,20,21,22,22,23,23,24,24,25,26,26,27,27,28,29,29,30,30,31,32,32]",29,1312.2990890406072,93.2783829048276,18.25500396080315,253.30489804036915,0.33961888402700424,1677.4938681628555,5138
1,1,502,Text2Video-Zero/Crocodiles swim leisurely in the lake.mp4,49,36,"[4,4,5,5,6,6,7,8,8,9,9,10,11,11,12,12,13,13,14,15,15,16,16,17,18,18,19,19,20,20,21,22,22,23,23,24,24,25,26,26,27,27,28,29,29,30,30,31,32,32]",29,2468.758017057553,88.95886386744678,17.30877999216318,252.99661792814732,0.25575095787644386,2828.292260179296,5138
1,1,503,Hotshot-XL/Sunflowers stand tall in a field.mp4,49,8,"[1,1,1,1,1,1,1,2,2,2,2,2,2,2,2,2,3,3,3,3,3,3,3,3,4,4,4,4,4,4,4,4,4,5,5,5,5,5,5,5,5,5,6,6,6,6,6,6,6,6]",6,714.4464959856123,99.85184390097857,17.08015985786915,252.64577590860426,0.24010706692934036,1084.2786880675703,5138
1,1,504,Hotshot-XL/The parrot chirped in the treetops.mp4,49,8,"[1,1,1,1,1,1,1,2,2,2,2,2,2,2,2,2,3,3,3,3,3,3,3,3,4,4,4,4,4,4,4,4,4,5,5,5,5,5,5,5,5,5,6,6,6,6,6,6,6,6]",6,674.8002241365612,110.49755197018385,17.936322139576077,252.79394397512078,0.26118895038962364,1056.3036878593266,5138
1,1,505,video_fusion/The rural stream serves as the water source for villagers.mp4,49,16,"[2,2,2,2,3,3,3,3,4,4,4,4,5,5,5,5,6,6,6,6,6,7,7,7,8,8,8,8,9,9,9,9,10,10,10,10,10,11,11,11,12,12,12,12,12,13,13,13,14,14]",13,79.98258713632822,90.95062012784183,18.159669125452638,253.13556496985257,0.22680102847516537,442.4681798554957,5138
1,1,506,"Hotshot-XL/Blue skies and fluffy clouds, ever-changing shapes like poetry.mp4",49,8,"[1,1,1,1,1,1,1,2,2,2,2,2,2,2,2,2,3,3,3,3,3,3,3,3,4,4,4,4,4,4,4,4,4,5,5,5,5,5,5,5,5,5,6,6,6,6,6,6,6,6]",6,257.42454594001174,85.13448899611831,18.161226995289326,252.97061493620276,0.23292098194360733,613.9360358938575,5138
1,1,507,"Text2Video-Zero/Blue skies and fluffy clouds, ever-changing shapes like poetry.mp4",49,36,"[4,4,5,5,6,6,7,8,8,9,9,10,11,11,12,12,13,13,14,15,15,16,16,17,18,18,19,19,20,20,21,22,22,23,23,24,24,25,26,26,27,27,28,29,29,30,30,31,32,32]",29,1019.908290123567,120.41794089600444,18.271439941599965,253.1108451075852,0.2242161426693201,1411.948585882783,5138
1,1,508,Gen-2/Cherry trees in the orchard are filled with red fruit.mp4,49,96,"[10,11,13,14,16,17,19,21,22,24,25,27,29,30,32,33,35,36,38,40,41,43,44,46,48,49,51,52,54,55,57,59,60,62,63,65,66,68,70,71,73,74,76,78,79,81,82,84,86,86]",49,5535.624269861728,112.97419504262507,18.13175086863339,253.3883829601109,0.2359610516577959,5920.366771053523,5138
1,1,509,"Gen-2/Students enjoy their time on campus, full of youthful energy.mp4",49,96,"[10,11,13,14,16,17,19,21,22,24,25,27,29,30,32,33,35,36,38,40,41,43,44,46,48,49,51,52,54,55,57,59,60,62,63,65,66,68,70,71,73,74,76,78,79,81,82,84,86,86]",49,2428.2988710328937,116.38625804334879,18.231285037472844,252.43645999580622,0.2425829879939556,2815.611554076895,5138
1,1,510,video_fusion/The parrot chirped in the treetops.mp4,49,16,"[2,2,2,2,3,3,3,3,4,4,4,4,5,5,5,5,6,6,6,6,6,7,7,7,8,8,8,8,9,9,9,9,10,10,10,10,10,11,11,11,12,12,12,12,12,13,13,13,14,14]",13,78.40563706122339,89.86656297929585,18.296082969754934,253.1119219493121,0.24158298037946224,439.93335985578597,5138
1,1,511,VideoCrafter/Students enjoy tasty sandwiches in the cafeteria.mp4,49,16,"[2,2,2,2,3,3,3,3,4,4,4,4,5,5,5,5,6,6,6,6,6,7,7,7,8,8,8,8,9,9,9,9,10,10,10,10,10,11,11,11,12,12,12,12,12,13,13,13,14,14]",13,1042.1473470050842,95.5433240160346,17.861759988591075,252.67017306759953,0.2286990638822317,1408.4630091674626,5138
1,1,512,Tune-A-Video/A bowl of rich French onion soup emanates an enticing aroma.mp4,49,24,"[2,3,3,3,4,4,5,5,5,6,6,7,7,7,8,8,8,9,9,10,10,10,11,11,12,12,12,13,13,13,14,14,15,15,15,16,16,16,17,17,18,18,18,19,19,20,20,20,21,21]",20,755.8214080054313,119.38029690645635,17.6757019944489,252.5836410932243,0.23387093096971512,1145.7102741114795,5138
1,1,513,Gen-2/A purple bellflower opens in the sunlight.mp4,49,96,"[10,11,13,14,16,17,19,21,22,24,25,27,29,30,32,33,35,36,38,40,41,43,44,46,48,49,51,52,54,55,57,59,60,62,63,65,66,68,70,71,73,74,76,78,79,81,82,84,86,86]",49,2031.6250149626285,122.15512688271701,18.011043081060052,252.73783807642758,0.23481901735067368,2424.77613594383,5138
1,1,514,Text2Video-Zero/Sunflowers stand tall in a field.mp4,49,36,"[4,4,5,5,6,6,7,8,8,9,9,10,11,11,12,12,13,13,14,15,15,16,16,17,18,18,19,19,20,20,21,22,22,23,23,24,24,25,26,26,27,27,28,29,29,30,30,31,32,32]",29,1469.5972849149257,115.46385893598199,20.75739484280348,252.78250314295292,0.24003908038139343,1858.85378299281,5138
1,1,515,"VideoCrafter/A writer sits at a desk, crafting a new novel.mp4",49,16,"[2,2,2,2,3,3,3,3,4,4,4,4,5,5,5,5,6,6,6,6,6,7,7,7,8,8,8,8,9,9,9,9,10,10,10,10,10,11,11,11,12,12,12,12,12,13,13,13,14,14]",13,1144.6240430232137,120.48723199404776,18.04590388201177,253.07671399787068,0.24857418611645699,1536.4948061760515,5138
1,1,516,VideoCrafter/Swallows soar in the air.mp4,49,16,"[2,2,2,2,3,3,3,3,4,4,4,4,5,5,5,5,6,6,6,6,6,7,7,7,8,8,8,8,9,9,9,9,10,10,10,10,10,11,11,11,12,12,12,12,12,13,13,13,14,14]",13,1409.1450739651918,95.49447288736701,18.21815501898527,252.75767710991204,0.23361202329397202,1775.8611359167844,5138
1,1,517,video_fusion/The seahorse swayed slowly on the sea floor.mp4,49,16,"[2,2,2,2,3,3,3,3,4,4,4,4,5,5,5,5,6,6,6,6,6,7,7,7,8,8,8,8,9,9,9,9,10,10,10,10,10,11,11,11,12,12,12,12,12,13,13,13,14,14]",13,71.96619105525315,96.7468039598316,17.960417084395885,252.74113100022078,0.24149706587195396,439.6718218922615,5138
1,1,518,Hotshot-XL/Visitors get information at the park's visitor center.mp4,49,8,"[1,1,1,1,1,1,1,2,2,2,2,2,2,2,2,2,3,3,3,3,3,3,3,3,4,4,4,4,4,4,4,4,4,5,5,5,5,5,5,5,5,5,6,6,6,6,6,6,6,6]",6,493.029983015731,118.67744103074074,17.953208880499005,252.68229912035167,0.23058196529746056,882.58959306404,5138
1,1,519,VideoCrafter/Students savor delicious soups in the cafeteria.mp4,49,16,"[2,2,2,2,3,3,3,3,4,4,4,4,5,5,5,5,6,6,6,6,6,7,7,7,8,8,8,8,9,9,9,9,10,10,10,10,10,11,11,11,12,12,12,12,12,13,13,13,14,14]",13,1197.4093520548195,110.22842419333756,18.031681887805462,252.63952487148345,0.23061013780534267,1578.5540619399399,5138
1,1,520,Gen-2/Children dig sandcastles on the beach.mp4,49,96,"[10,11,13,14,16,17,19,21,22,24,25,27,29,30,32,33,35,36,38,40,41,43,44,46,48,49,51,52,54,55,57,59,60,62,63,65,66,68,70,71,73,74,76,78,79,81,82,84,86,86]",49,2128.144252113998,116.36235611513257,17.91146886534989,252.50480510294437,0.22542779333889484,2515.164284966886,5138
1,1,521,VideoCrafter/A daffodil sways in the spring breeze.mp4,49,16,"[2,2,2,2,3,3,3,3,4,4,4,4,5,5,5,5,6,6,6,6,6,7,7,7,8,8,8,8,9,9,9,9,10,10,10,10,10,11,11,11,12,12,12,12,12,13,13,13,14,14]",13,1191.3631330244243,119.19895117171109,17.80706807039678,252.5572800077498,0.22800499573349953,1581.1687570530921,5138
1,1,522,Gen-2/A doctor cares for patients in the hospital.mp4,49,96,"[10,11,13,14,16,17,19,21,22,24,25,27,29,30,32,33,35,36,38,40,41,43,44,46,48,49,51,52,54,55,57,59,60,62,63,65,66,68,70,71,73,74,76,78,79,81,82,84,86,86]",49,2354.5589421410114,113.67498198524117,17.879927065223455,252.5624551344663,0.23505301214754581,2738.924471195787,5138
1,1,523,VideoCrafter/The leaves of a purple-leaf plum tree turn deep purple.mp4,49,16,"[2,2,2,2,3,3,3,3,4,4,4,4,5,5,5,5,6,6,6,6,6,7,7,7,8,8,8,8,9,9,9,9,10,10,10,10,10,11,11,11,12,12,12,12,12,13,13,13,14,14]",13,1020.212922943756,107.49382781796157,18.02025199867785,252.88755097426474,0.23672287352383137,1398.8633949775249,5138
1,1,524,VideoCrafter/A painter showcases their art on an outdoor gallery.mp4,49,16,"[2,2,2,2,3,3,3,3,4,4,4,4,5,5,5,5,6,6,6,6,6,7,7,7,8,8,8,8,9,9,9,9,10,10,10,10,10,11,11,11,12,12,12,12,12,13,13,13,14,14]",13,1312.380502000451,127.28065811097622,17.848744057118893,252.61731795035303,0.23587001487612724,1710.3751779068261,5138
1,1,525,Hotshot-XL/A salad is sprinkled with nuts and fruits.mp4,49,8,"[1,1,1,1,1,1,1,2,2,2,2,2,2,2,2,2,3,3,3,3,3,3,3,3,4,4,4,4,4,4,4,4,4,5,5,5,5,5,5,5,5,5,6,6,6,6,6,6,6,6]",6,443.3728130534291,114.15107804350555,17.97162718139589,252.7361970860511,0.2420339733362198,828.4900221042335,5138
1,1,526,"Gen-2/Wandering through a forest path, surrounded by emerald greenery.mp4",49,96,"[10,11,13,14,16,17,19,21,22,24,25,27,29,30,32,33,35,36,38,40,41,43,44,46,48,49,51,52,54,55,57,59,60,62,63,65,66,68,70,71,73,74,76,78,79,81,82,84,86,86]",49,5493.666123133153,109.47066405788064,18.12603697180748,252.71218293346465,0.24479604326188564,5874.23601699993,5138
1,1,527,"Text2Video-Zero/Unique desert landscapes, with dunes sculpted by the wind.mp4",49,36,"[4,4,5,5,6,6,7,8,8,9,9,10,11,11,12,12,13,13,14,15,15,16,16,17,18,18,19,19,20,20,21,22,22,23,23,24,24,25,26,26,27,27,28,29,29,30,30,31,32,32]",29,983.8679451495409,111.63596296682954,17.720741918310523,252.6019790675491,0.2287409733980894,1366.0698849707842,5138
1,1,528,video_fusion/A milkshake is garnished with fresh strawberries and cream.mp4,49,16,"[2,2,2,2,3,3,3,3,4,4,4,4,5,5,5,5,6,6,6,6,6,7,7,7,8,8,8,8,9,9,9,9,10,10,10,10,10,11,11,11,12,12,12,12,12,13,13,13,14,14]",13,72.47434090822935,96.18022595532238,17.782478826120496,253.07903508655727,0.2555099781602621,439.7833507973701,5138
1,1,529,"Text2Video-Zero/The campus has colorful gardens, full of vitality.mp4",49,36,"[4,4,5,5,6,6,7,8,8,9,9,10,11,11,12,12,13,13,14,15,15,16,16,17,18,18,19,19,20,20,21,22,22,23,23,24,24,25,26,26,27,27,28,29,29,30,30,31,32,32]",29,2291.2054411135614,96.04413504712284,18.06023484095931,252.9993779025972,0.25414698757231236,2658.5759171284735,5138
1,1,530,Hotshot-XL/Vendors at the market display fresh fruits and vegetables.mp4,49,8,"[1,1,1,1,1,1,1,2,2,2,2,2,2,2,2,2,3,3,3,3,3,3,3,3,4,4,4,4,4,4,4,4,4,5,5,5,5,5,5,5,5,5,6,6,6,6,6,6,6,6]",6,695.1323479879647,94.04772194102407,17.907541943714023,255.01600001007318,0.23507094010710716,1062.3510510195047,5138
1,1,531,Gen-2/A pizza is topped with Italian sausage and mushrooms.mp4,49,96,"[10,11,13,14,16,17,19,21,22,24,25,27,29,30,32,33,35,36,38,40,41,43,44,46,48,49,51,52,54,55,57,59,60,62,63,65,66,68,70,71,73,74,76,78,79,81,82,84,86,86]",49,3796.2938679847866,117.53014707937837,17.812574980780482,252.08785198628902,0.22888695821166039,4183.9696450624615,5138
1,1,532,video_fusion/The leaves of a purple-leaf plum tree turn deep purple.mp4,49,16,"[2,2,2,2,3,3,3,3,4,4,4,4,5,5,5,5,6,6,6,6,6,7,7,7,8,8,8,8,9,9,9,9,10,10,10,10,10,11,11,11,12,12,12,12,12,13,13,13,14,14]",13,78.42467213049531,89.62706010788679,17.869618954136968,252.87254992872477,0.2255269791930914,439.031041925773,5138
1,1,533,VideoCrafter/An orchid blooms with deep purple flowers.mp4,49,16,"[2,2,2,2,3,3,3,3,4,4,4,4,5,5,5,5,6,6,6,6,6,7,7,7,8,8,8,8,9,9,9,9,10,10,10,10,10,11,11,11,12,12,12,12,12,13,13,13,14,14]",13,1194.5364591665566,97.1734409686178,18.14019586890936,252.51591694541276,0.22768299095332623,1562.6070220023394,5138
1,1,534,Text2Video-Zero/A family goes to the movies on the weekend.mp4,49,36,"[4,4,5,5,6,6,7,8,8,9,9,10,11,11,12,12,13,13,14,15,15,16,16,17,18,18,19,19,20,20,21,22,22,23,23,24,24,25,26,26,27,27,28,29,29,30,30,31,32,32]",29,376.0584609117359,80.32931596972048,18.068885896354914,252.90229194797575,0.2410390879958868,727.6122991461307,5138
1,1,535,"Gen-2/In front of a farmhouse, there is a swing.mp4",49,96,"[10,11,13,14,16,17,19,21,22,24,25,27,29,30,32,33,35,36,38,40,41,43,44,46,48,49,51,52,54,55,57,59,60,62,63,65,66,68,70,71,73,74,76,78,79,81,82,84,86,86]",49,3774.167014984414,97.43711003102362,18.008294980973005,252.3758749011904,0.22646714933216572,4142.229360993952,5138
1,1,536,video_fusion/A tennis player made spectacular plays at the net.mp4,49,16,"[2,2,2,2,3,3,3,3,4,4,4,4,5,5,5,5,6,6,6,6,6,7,7,7,8,8,8,8,9,9,9,9,10,10,10,10,10,11,11,11,12,12,12,12,12,13,13,13,14,14]",13,80.71846282109618,87.98727300018072,17.847287002950907,252.94887786731124,0.23464206606149673,439.74773795343935,5138
1,1,537,Tune-A-Video/A slice of French chocolate mousse cake brings sweet delight.mp4,49,24,"[2,3,3,3,4,4,5,5,5,6,6,7,7,7,8,8,8,9,9,10,10,10,11,11,12,12,12,13,13,13,14,14,15,15,15,16,16,16,17,17,18,18,18,19,19,20,20,20,21,21]",20,360.7493289746344,81.77040703594685,17.949098022654653,253.01598710939288,0.22668996825814247,713.7236150447279,5138
1,1,538,Tune-A-Video/Vendors at the market display fresh fruits and vegetables.mp4,49,24,"[2,3,3,3,4,4,5,5,5,6,6,7,7,7,8,8,8,9,9,10,10,10,11,11,12,12,12,13,13,13,14,14,15,15,15,16,16,16,17,17,18,18,18,19,19,20,20,20,21,21]",20,1670.0799921527505,94.32965493761003,18.329768907278776,252.63103796169162,0.25223218835890293,2035.6346231419593,5138
1,1,539,Gen-2/Visitors get information at the park's visitor center.mp4,49,96,"[10,11,13,14,16,17,19,21,22,24,25,27,29,30,32,33,35,36,38,40,41,43,44,46,48,49,51,52,54,55,57,59,60,62,63,65,66,68,70,71,73,74,76,78,79,81,82,84,86,86]",49,3278.7376269698143,108.2849339582026,18.193237017840147,252.97460705041885,0.36036595702171326,3658.564785029739,5138
1,1,540,"Hotshot-XL/A writer sits at a desk, crafting a new novel.mp4",49,8,"[1,1,1,1,1,1,1,2,2,2,2,2,2,2,2,2,3,3,3,3,3,3,3,3,4,4,4,4,4,4,4,4,4,5,5,5,5,5,5,5,5,5,6,6,6,6,6,6,6,6]",6,393.58176197856665,88.15758302807808,18.06591614149511,252.5990060530603,0.23053702898323536,752.646469976753,5138
1,1,541,Gen-2/People taking a leisurely walk admire the lake view.mp4,49,96,"[10,11,13,14,16,17,19,21,22,24,25,27,29,30,32,33,35,36,38,40,41,43,44,46,48,49,51,52,54,55,57,59,60,62,63,65,66,68,70,71,73,74,76,78,79,81,82,84,86,86]",49,2874.322474002838,98.29471097327769,17.84236798994243,252.57187895476818,0.2332860603928566,3243.2769190054387,5138
1,1,542,Tune-A-Video/A bowl of ramen has delicious pork and seaweed.mp4,49,24,"[2,3,3,3,4,4,5,5,5,6,6,7,7,7,8,8,8,9,9,10,10,10,11,11,12,12,12,13,13,13,14,14,15,15,15,16,16,16,17,17,18,18,18,19,19,20,20,20,21,21]",20,1906.1495040077716,107.0674299262464,17.85963703878224,252.48294393531978,0.23458106443285942,2283.8082278613,5138
1,1,543,"Text2Video-Zero/A writer sits at a desk, crafting a new novel.mp4",49,36,"[4,4,5,5,6,6,7,8,8,9,9,10,11,11,12,12,13,13,14,15,15,16,16,17,18,18,19,19,20,20,21,22,22,23,23,24,24,25,26,26,27,27,28,29,29,30,30,31,32,32]",29,817.318667890504,107.78811993077397,17.97288516536355,252.54559121094644,0.22833095863461494,1195.8676329813898,5138
1,1,544,Text2Video-Zero/There's a drum and guitar in the music classroom.mp4,49,36,"[4,4,5,5,6,6,7,8,8,9,9,10,11,11,12,12,13,13,14,15,15,16,16,17,18,18,19,19,20,20,21,22,22,23,23,24,24,25,26,26,27,27,28,29,29,30,30,31,32,32]",29,438.0515911616385,116.18701391853392,18.080294132232666,252.5925631634891,0.23154402151703835,825.1541960053146,5138
1,1,545,video_fusion/Students create exquisite artwork in art class.mp4,49,16,"[2,2,2,2,3,3,3,3,4,4,4,4,5,5,5,5,6,6,6,6,6,7,7,7,8,8,8,8,9,9,9,9,10,10,10,10,10,11,11,11,12,12,12,12,12,13,13,13,14,14]",13,69.60803596302867,99.41223100759089,18.00651615485549,252.8688688762486,0.22940593771636486,440.139336977154,5138
1,1,546,video_fusion/A painter showcases their art on an outdoor gallery.mp4,49,16,"[2,2,2,2,3,3,3,3,4,4,4,4,5,5,5,5,6,6,6,6,6,7,7,7,8,8,8,8,9,9,9,9,10,10,10,10,10,11,11,11,12,12,12,12,12,13,13,13,14,14]",13,81.14714291878045,99.23191601410508,17.8213429171592,252.90817813947797,0.2327470574527979,451.35488314554095,5138
1,1,547,VideoCrafter/A bowl of hot soup is especially delicious on a cold winter day.mp4,49,16,"[2,2,2,2,3,3,3,3,4,4,4,4,5,5,5,5,6,6,6,6,6,7,7,7,8,8,8,8,9,9,9,9,10,10,10,10,10,11,11,11,12,12,12,12,12,13,13,13,14,14]",13,820.8479632157832,124.50188887305558,18.13849317841232,253.15398792736232,0.32717478461563587,1216.9850908685476,5138
1,1,548,"Text2Video-Zero/Wandering through a forest path, surrounded by emerald greenery.mp4",49,36,"[4,4,5,5,6,6,7,8,8,9,9,10,11,11,12,12,13,13,14,15,15,16,16,17,18,18,19,19,20,20,21,22,22,23,23,24,24,25,26,26,27,27,28,29,29,30,30,31,32,32]",29,3442.456193966791,128.78316291607916,17.482188995927572,252.7908468618989,0.2440870739519596,3841.7710829526186,5138
1,1,549,Gen-2/A cup of hot chocolate is fragrant.mp4,49,96,"[10,11,13,14,16,17,19,21,22,24,25,27,29,30,32,33,35,36,38,40,41,43,44,46,48,49,51,52,54,55,57,59,60,62,63,65,66,68,70,71,73,74,76,78,79,81,82,84,86,86]",49,2214.500793023035,118.96477011032403,18.15965585410595,254.0431038942188,0.24471385404467583,2605.9251751285046,5138
1,1,550,Hotshot-XL/A white orchid grows in a potted plant.mp4,49,8,"[1,1,1,1,1,1,1,2,2,2,2,2,2,2,2,2,3,3,3,3,3,3,3,3,4,4,4,4,4,4,4,4,4,5,5,5,5,5,5,5,5,5,6,6,6,6,6,6,6,6]",6,251.88217707909644,105.26067507453263,18.07114202529192,253.2053159084171,0.2350460272282362,628.6662109196186,5138
1,1,551,video_fusion/A slice of French chocolate mousse cake brings sweet delight.mp4,49,16,"[2,2,2,2,3,3,3,3,4,4,4,4,5,5,5,5,6,6,6,6,6,7,7,7,8,8,8,8,9,9,9,9,10,10,10,10,10,11,11,11,12,12,12,12,12,13,13,13,14,14]",13,68.41534492559731,81.33850106969476,17.914429074153304,253.51069797761738,0.30735600739717484,421.50116595439613,5138
1,1,552,"Text2Video-Zero/Students enjoy their time on campus, full of youthful energy.mp4",49,36,"[4,4,5,5,6,6,7,8,8,9,9,10,11,11,12,12,13,13,14,15,15,16,16,17,18,18,19,19,20,20,21,22,22,23,23,24,24,25,26,26,27,27,28,29,29,30,30,31,32,32]",29,1021.0260360036045,98.09680795297027,17.54145696759224,252.46789609082043,0.22946204990148544,1389.3748228438199,5138
1,1,553,Text2Video-Zero/Students participate in celebration ceremonies in the school courtyard.mp4,49,36,"[4,4,5,5,6,6,7,8,8,9,9,10,11,11,12,12,13,13,14,15,15,16,16,17,18,18,19,19,20,20,21,22,22,23,23,24,24,25,26,26,27,27,28,29,29,30,30,31,32,32]",29,440.0195579510182,95.32765299081802,17.59352395310998,252.6792250573635,0.30383700504899025,805.9383919462562,5138
1,1,554,video_fusion/Children dig sandcastles on the beach.mp4,49,16,"[2,2,2,2,3,3,3,3,4,4,4,4,5,5,5,5,6,6,6,6,6,7,7,7,8,8,8,8,9,9,9,9,10,10,10,10,10,11,11,11,12,12,12,12,12,13,13,13,14,14]",13,59.837753186002374,97.15964505448937,17.65027199871838,252.80421995557845,0.22479286417365074,427.68963589333,5138
1,1,555,Tune-A-Video/A cup of hot chocolate is fragrant.mp4,49,24,"[2,3,3,3,4,4,5,5,5,6,6,7,7,7,8,8,8,9,9,10,10,10,11,11,12,12,12,13,13,13,14,14,15,15,15,16,16,16,17,17,18,18,18,19,19,20,20,20,21,21]",20,304.2188279796392,106.75842803902924,17.675917828455567,253.10896895825863,0.23208698257803917,682.0089190732688,5138
1,1,556,VideoCrafter/A skier enjoys the thrill of skiing on a snowy mountain.mp4,49,16,"[2,2,2,2,3,3,3,3,4,4,4,4,5,5,5,5,6,6,6,6,6,7,7,7,8,8,8,8,9,9,9,9,10,10,10,10,10,11,11,11,12,12,12,12,12,13,13,13,14,14]",13,545.9349099546671,122.90389300324023,17.633303068578243,252.7666031382978,0.231629004701972,939.4823948387057,5138
1,1,557,Text2Video-Zero/A group of villagers wash clothes by the stream.mp4,49,36,"[4,4,5,5,6,6,7,8,8,9,9,10,11,11,12,12,13,13,14,15,15,16,16,17,18,18,19,19,20,20,21,22,22,23,23,24,24,25,26,26,27,27,28,29,29,30,30,31,32,32]",29,2385.441418038681,124.45498490706086,17.597422003746033,252.3250519298017,0.22841012105345726,2780.0614121370018,5138
1,1,558,Hotshot-XL/A purple bellflower opens in the sunlight.mp4,49,8,"[1,1,1,1,1,1,1,2,2,2,2,2,2,2,2,2,3,3,3,3,3,3,3,3,4,4,4,4,4,4,4,4,4,5,5,5,5,5,5,5,5,5,6,6,6,6,6,6,6,6]",6,419.2997741047293,117.89382807910442,17.55282888188958,252.7544058393687,0.22517098113894463,807.7379399910569,5138
