run_name,architecture,experts,top_k,seed,split,true_class_index,true_class_name,predicted_class_index,predicted_class_name,count
moe_oeo_N4_k1_L4_lr0.002_s17,moe_oeo,4,1,17,train,0,01_TUMOR,0,01_TUMOR,236
moe_oeo_N4_k1_L4_lr0.002_s17,moe_oeo,4,1,17,train,0,01_TUMOR,1,02_STROMA,5
moe_oeo_N4_k1_L4_lr0.002_s17,moe_oeo,4,1,17,train,0,01_TUMOR,2,03_COMPLEX,53
moe_oeo_N4_k1_L4_lr0.002_s17,moe_oeo,4,1,17,train,0,01_TUMOR,3,04_LYMPHO,58
moe_oeo_N4_k1_L4_lr0.002_s17,moe_oeo,4,1,17,train,0,01_TUMOR,4,05_DEBRIS,1
moe_oeo_N4_k1_L4_lr0.002_s17,moe_oeo,4,1,17,train,0,01_TUMOR,5,06_MUCOSA,84
moe_oeo_N4_k1_L4_lr0.002_s17,moe_oeo,4,1,17,train,0,01_TUMOR,6,07_ADIPOSE,0
moe_oeo_N4_k1_L4_lr0.002_s17,moe_oeo,4,1,17,train,0,01_TUMOR,7,08_EMPTY,0
moe_oeo_N4_k1_L4_lr0.002_s17,moe_oeo,4,1,17,train,1,02_STROMA,0,01_TUMOR,13
moe_oeo_N4_k1_L4_lr0.002_s17,moe_oeo,4,1,17,train,1,02_STROMA,1,02_STROMA,274
moe_oeo_N4_k1_L4_lr0.002_s17,moe_oeo,4,1,17,train,1,02_STROMA,2,03_COMPLEX,62
moe_oeo_N4_k1_L4_lr0.002_s17,moe_oeo,4,1,17,train,1,02_STROMA,3,04_LYMPHO,3
moe_oeo_N4_k1_L4_lr0.002_s17,moe_oeo,4,1,17,train,1,02_STROMA,4,05_DEBRIS,63
moe_oeo_N4_k1_L4_lr0.002_s17,moe_oeo,4,1,17,train,1,02_STROMA,5,06_MUCOSA,21
moe_oeo_N4_k1_L4_lr0.002_s17,moe_oeo,4,1,17,train,1,02_STROMA,6,07_ADIPOSE,1
moe_oeo_N4_k1_L4_lr0.002_s17,moe_oeo,4,1,17,train,1,02_STROMA,7,08_EMPTY,0
moe_oeo_N4_k1_L4_lr0.002_s17,moe_oeo,4,1,17,train,2,03_COMPLEX,0,01_TUMOR,20
moe_oeo_N4_k1_L4_lr0.002_s17,moe_oeo,4,1,17,train,2,03_COMPLEX,1,02_STROMA,87
moe_oeo_N4_k1_L4_lr0.002_s17,moe_oeo,4,1,17,train,2,03_COMPLEX,2,03_COMPLEX,268
moe_oeo_N4_k1_L4_lr0.002_s17,moe_oeo,4,1,17,train,2,03_COMPLEX,3,04_LYMPHO,33
moe_oeo_N4_k1_L4_lr0.002_s17,moe_oeo,4,1,17,train,2,03_COMPLEX,4,05_DEBRIS,11
moe_oeo_N4_k1_L4_lr0.002_s17,moe_oeo,4,1,17,train,2,03_COMPLEX,5,06_MUCOSA,18
moe_oeo_N4_k1_L4_lr0.002_s17,moe_oeo,4,1,17,train,2,03_COMPLEX,6,07_ADIPOSE,0
moe_oeo_N4_k1_L4_lr0.002_s17,moe_oeo,4,1,17,train,2,03_COMPLEX,7,08_EMPTY,0
moe_oeo_N4_k1_L4_lr0.002_s17,moe_oeo,4,1,17,train,3,04_LYMPHO,0,01_TUMOR,103
moe_oeo_N4_k1_L4_lr0.002_s17,moe_oeo,4,1,17,train,3,04_LYMPHO,1,02_STROMA,3
moe_oeo_N4_k1_L4_lr0.002_s17,moe_oeo,4,1,17,train,3,04_LYMPHO,2,03_COMPLEX,53
moe_oeo_N4_k1_L4_lr0.002_s17,moe_oeo,4,1,17,train,3,04_LYMPHO,3,04_LYMPHO,236
moe_oeo_N4_k1_L4_lr0.002_s17,moe_oeo,4,1,17,train,3,04_LYMPHO,4,05_DEBRIS,2
moe_oeo_N4_k1_L4_lr0.002_s17,moe_oeo,4,1,17,train,3,04_LYMPHO,5,06_MUCOSA,40
moe_oeo_N4_k1_L4_lr0.002_s17,moe_oeo,4,1,17,train,3,04_LYMPHO,6,07_ADIPOSE,0
moe_oeo_N4_k1_L4_lr0.002_s17,moe_oeo,4,1,17,train,3,04_LYMPHO,7,08_EMPTY,0
moe_oeo_N4_k1_L4_lr0.002_s17,moe_oeo,4,1,17,train,4,05_DEBRIS,0,01_TUMOR,20
moe_oeo_N4_k1_L4_lr0.002_s17,moe_oeo,4,1,17,train,4,05_DEBRIS,1,02_STROMA,85
moe_oeo_N4_k1_L4_lr0.002_s17,moe_oeo,4,1,17,train,4,05_DEBRIS,2,03_COMPLEX,39
moe_oeo_N4_k1_L4_lr0.002_s17,moe_oeo,4,1,17,train,4,05_DEBRIS,3,04_LYMPHO,5
moe_oeo_N4_k1_L4_lr0.002_s17,moe_oeo,4,1,17,train,4,05_DEBRIS,4,05_DEBRIS,194
moe_oeo_N4_k1_L4_lr0.002_s17,moe_oeo,4,1,17,train,4,05_DEBRIS,5,06_MUCOSA,68
moe_oeo_N4_k1_L4_lr0.002_s17,moe_oeo,4,1,17,train,4,05_DEBRIS,6,07_ADIPOSE,26
moe_oeo_N4_k1_L4_lr0.002_s17,moe_oeo,4,1,17,train,4,05_DEBRIS,7,08_EMPTY,0
moe_oeo_N4_k1_L4_lr0.002_s17,moe_oeo,4,1,17,train,5,06_MUCOSA,0,01_TUMOR,82
moe_oeo_N4_k1_L4_lr0.002_s17,moe_oeo,4,1,17,train,5,06_MUCOSA,1,02_STROMA,4
moe_oeo_N4_k1_L4_lr0.002_s17,moe_oeo,4,1,17,train,5,06_MUCOSA,2,03_COMPLEX,11
moe_oeo_N4_k1_L4_lr0.002_s17,moe_oeo,4,1,17,train,5,06_MUCOSA,3,04_LYMPHO,41
moe_oeo_N4_k1_L4_lr0.002_s17,moe_oeo,4,1,17,train,5,06_MUCOSA,4,05_DEBRIS,10
moe_oeo_N4_k1_L4_lr0.002_s17,moe_oeo,4,1,17,train,5,06_MUCOSA,5,06_MUCOSA,288
moe_oeo_N4_k1_L4_lr0.002_s17,moe_oeo,4,1,17,train,5,06_MUCOSA,6,07_ADIPOSE,1
moe_oeo_N4_k1_L4_lr0.002_s17,moe_oeo,4,1,17,train,5,06_MUCOSA,7,08_EMPTY,0
moe_oeo_N4_k1_L4_lr0.002_s17,moe_oeo,4,1,17,train,6,07_ADIPOSE,0,01_TUMOR,2
moe_oeo_N4_k1_L4_lr0.002_s17,moe_oeo,4,1,17,train,6,07_ADIPOSE,1,02_STROMA,0
moe_oeo_N4_k1_L4_lr0.002_s17,moe_oeo,4,1,17,train,6,07_ADIPOSE,2,03_COMPLEX,0
moe_oeo_N4_k1_L4_lr0.002_s17,moe_oeo,4,1,17,train,6,07_ADIPOSE,3,04_LYMPHO,0
moe_oeo_N4_k1_L4_lr0.002_s17,moe_oeo,4,1,17,train,6,07_ADIPOSE,4,05_DEBRIS,2
moe_oeo_N4_k1_L4_lr0.002_s17,moe_oeo,4,1,17,train,6,07_ADIPOSE,5,06_MUCOSA,13
moe_oeo_N4_k1_L4_lr0.002_s17,moe_oeo,4,1,17,train,6,07_ADIPOSE,6,07_ADIPOSE,393
moe_oeo_N4_k1_L4_lr0.002_s17,moe_oeo,4,1,17,train,6,07_ADIPOSE,7,08_EMPTY,27
moe_oeo_N4_k1_L4_lr0.002_s17,moe_oeo,4,1,17,train,7,08_EMPTY,0,01_TUMOR,0
moe_oeo_N4_k1_L4_lr0.002_s17,moe_oeo,4,1,17,train,7,08_EMPTY,1,02_STROMA,0
moe_oeo_N4_k1_L4_lr0.002_s17,moe_oeo,4,1,17,train,7,08_EMPTY,2,03_COMPLEX,0
moe_oeo_N4_k1_L4_lr0.002_s17,moe_oeo,4,1,17,train,7,08_EMPTY,3,04_LYMPHO,0
moe_oeo_N4_k1_L4_lr0.002_s17,moe_oeo,4,1,17,train,7,08_EMPTY,4,05_DEBRIS,0
moe_oeo_N4_k1_L4_lr0.002_s17,moe_oeo,4,1,17,train,7,08_EMPTY,5,06_MUCOSA,1
moe_oeo_N4_k1_L4_lr0.002_s17,moe_oeo,4,1,17,train,7,08_EMPTY,6,07_ADIPOSE,5
moe_oeo_N4_k1_L4_lr0.002_s17,moe_oeo,4,1,17,train,7,08_EMPTY,7,08_EMPTY,431
moe_oeo_N4_k1_L4_lr0.002_s17,moe_oeo,4,1,17,val,0,01_TUMOR,0,01_TUMOR,42
moe_oeo_N4_k1_L4_lr0.002_s17,moe_oeo,4,1,17,val,0,01_TUMOR,1,02_STROMA,2
moe_oeo_N4_k1_L4_lr0.002_s17,moe_oeo,4,1,17,val,0,01_TUMOR,2,03_COMPLEX,12
moe_oeo_N4_k1_L4_lr0.002_s17,moe_oeo,4,1,17,val,0,01_TUMOR,3,04_LYMPHO,21
moe_oeo_N4_k1_L4_lr0.002_s17,moe_oeo,4,1,17,val,0,01_TUMOR,4,05_DEBRIS,0
moe_oeo_N4_k1_L4_lr0.002_s17,moe_oeo,4,1,17,val,0,01_TUMOR,5,06_MUCOSA,17
moe_oeo_N4_k1_L4_lr0.002_s17,moe_oeo,4,1,17,val,0,01_TUMOR,6,07_ADIPOSE,0
moe_oeo_N4_k1_L4_lr0.002_s17,moe_oeo,4,1,17,val,0,01_TUMOR,7,08_EMPTY,0
moe_oeo_N4_k1_L4_lr0.002_s17,moe_oeo,4,1,17,val,1,02_STROMA,0,01_TUMOR,4
moe_oeo_N4_k1_L4_lr0.002_s17,moe_oeo,4,1,17,val,1,02_STROMA,1,02_STROMA,55
moe_oeo_N4_k1_L4_lr0.002_s17,moe_oeo,4,1,17,val,1,02_STROMA,2,03_COMPLEX,17
moe_oeo_N4_k1_L4_lr0.002_s17,moe_oeo,4,1,17,val,1,02_STROMA,3,04_LYMPHO,0
moe_oeo_N4_k1_L4_lr0.002_s17,moe_oeo,4,1,17,val,1,02_STROMA,4,05_DEBRIS,11
moe_oeo_N4_k1_L4_lr0.002_s17,moe_oeo,4,1,17,val,1,02_STROMA,5,06_MUCOSA,7
moe_oeo_N4_k1_L4_lr0.002_s17,moe_oeo,4,1,17,val,1,02_STROMA,6,07_ADIPOSE,0
moe_oeo_N4_k1_L4_lr0.002_s17,moe_oeo,4,1,17,val,1,02_STROMA,7,08_EMPTY,0
moe_oeo_N4_k1_L4_lr0.002_s17,moe_oeo,4,1,17,val,2,03_COMPLEX,0,01_TUMOR,4
moe_oeo_N4_k1_L4_lr0.002_s17,moe_oeo,4,1,17,val,2,03_COMPLEX,1,02_STROMA,24
moe_oeo_N4_k1_L4_lr0.002_s17,moe_oeo,4,1,17,val,2,03_COMPLEX,2,03_COMPLEX,55
moe_oeo_N4_k1_L4_lr0.002_s17,moe_oeo,4,1,17,val,2,03_COMPLEX,3,04_LYMPHO,3
moe_oeo_N4_k1_L4_lr0.002_s17,moe_oeo,4,1,17,val,2,03_COMPLEX,4,05_DEBRIS,6
moe_oeo_N4_k1_L4_lr0.002_s17,moe_oeo,4,1,17,val,2,03_COMPLEX,5,06_MUCOSA,2
moe_oeo_N4_k1_L4_lr0.002_s17,moe_oeo,4,1,17,val,2,03_COMPLEX,6,07_ADIPOSE,0
moe_oeo_N4_k1_L4_lr0.002_s17,moe_oeo,4,1,17,val,2,03_COMPLEX,7,08_EMPTY,0
moe_oeo_N4_k1_L4_lr0.002_s17,moe_oeo,4,1,17,val,3,04_LYMPHO,0,01_TUMOR,24
moe_oeo_N4_k1_L4_lr0.002_s17,moe_oeo,4,1,17,val,3,04_LYMPHO,1,02_STROMA,0
moe_oeo_N4_k1_L4_lr0.002_s17,moe_oeo,4,1,17,val,3,04_LYMPHO,2,03_COMPLEX,14
moe_oeo_N4_k1_L4_lr0.002_s17,moe_oeo,4,1,17,val,3,04_LYMPHO,3,04_LYMPHO,47
moe_oeo_N4_k1_L4_lr0.002_s17,moe_oeo,4,1,17,val,3,04_LYMPHO,4,05_DEBRIS,0
moe_oeo_N4_k1_L4_lr0.002_s17,moe_oeo,4,1,17,val,3,04_LYMPHO,5,06_MUCOSA,9
moe_oeo_N4_k1_L4_lr0.002_s17,moe_oeo,4,1,17,val,3,04_LYMPHO,6,07_ADIPOSE,0
moe_oeo_N4_k1_L4_lr0.002_s17,moe_oeo,4,1,17,val,3,04_LYMPHO,7,08_EMPTY,0
moe_oeo_N4_k1_L4_lr0.002_s17,moe_oeo,4,1,17,val,4,05_DEBRIS,0,01_TUMOR,3
moe_oeo_N4_k1_L4_lr0.002_s17,moe_oeo,4,1,17,val,4,05_DEBRIS,1,02_STROMA,14
moe_oeo_N4_k1_L4_lr0.002_s17,moe_oeo,4,1,17,val,4,05_DEBRIS,2,03_COMPLEX,7
moe_oeo_N4_k1_L4_lr0.002_s17,moe_oeo,4,1,17,val,4,05_DEBRIS,3,04_LYMPHO,1
moe_oeo_N4_k1_L4_lr0.002_s17,moe_oeo,4,1,17,val,4,05_DEBRIS,4,05_DEBRIS,42
moe_oeo_N4_k1_L4_lr0.002_s17,moe_oeo,4,1,17,val,4,05_DEBRIS,5,06_MUCOSA,17
moe_oeo_N4_k1_L4_lr0.002_s17,moe_oeo,4,1,17,val,4,05_DEBRIS,6,07_ADIPOSE,9
moe_oeo_N4_k1_L4_lr0.002_s17,moe_oeo,4,1,17,val,4,05_DEBRIS,7,08_EMPTY,1
moe_oeo_N4_k1_L4_lr0.002_s17,moe_oeo,4,1,17,val,5,06_MUCOSA,0,01_TUMOR,10
moe_oeo_N4_k1_L4_lr0.002_s17,moe_oeo,4,1,17,val,5,06_MUCOSA,1,02_STROMA,0
moe_oeo_N4_k1_L4_lr0.002_s17,moe_oeo,4,1,17,val,5,06_MUCOSA,2,03_COMPLEX,4
moe_oeo_N4_k1_L4_lr0.002_s17,moe_oeo,4,1,17,val,5,06_MUCOSA,3,04_LYMPHO,10
moe_oeo_N4_k1_L4_lr0.002_s17,moe_oeo,4,1,17,val,5,06_MUCOSA,4,05_DEBRIS,2
moe_oeo_N4_k1_L4_lr0.002_s17,moe_oeo,4,1,17,val,5,06_MUCOSA,5,06_MUCOSA,68
moe_oeo_N4_k1_L4_lr0.002_s17,moe_oeo,4,1,17,val,5,06_MUCOSA,6,07_ADIPOSE,0
moe_oeo_N4_k1_L4_lr0.002_s17,moe_oeo,4,1,17,val,5,06_MUCOSA,7,08_EMPTY,0
moe_oeo_N4_k1_L4_lr0.002_s17,moe_oeo,4,1,17,val,6,07_ADIPOSE,0,01_TUMOR,0
moe_oeo_N4_k1_L4_lr0.002_s17,moe_oeo,4,1,17,val,6,07_ADIPOSE,1,02_STROMA,0
moe_oeo_N4_k1_L4_lr0.002_s17,moe_oeo,4,1,17,val,6,07_ADIPOSE,2,03_COMPLEX,0
moe_oeo_N4_k1_L4_lr0.002_s17,moe_oeo,4,1,17,val,6,07_ADIPOSE,3,04_LYMPHO,0
moe_oeo_N4_k1_L4_lr0.002_s17,moe_oeo,4,1,17,val,6,07_ADIPOSE,4,05_DEBRIS,2
moe_oeo_N4_k1_L4_lr0.002_s17,moe_oeo,4,1,17,val,6,07_ADIPOSE,5,06_MUCOSA,1
moe_oeo_N4_k1_L4_lr0.002_s17,moe_oeo,4,1,17,val,6,07_ADIPOSE,6,07_ADIPOSE,80
moe_oeo_N4_k1_L4_lr0.002_s17,moe_oeo,4,1,17,val,6,07_ADIPOSE,7,08_EMPTY,11
moe_oeo_N4_k1_L4_lr0.002_s17,moe_oeo,4,1,17,val,7,08_EMPTY,0,01_TUMOR,0
moe_oeo_N4_k1_L4_lr0.002_s17,moe_oeo,4,1,17,val,7,08_EMPTY,1,02_STROMA,0
moe_oeo_N4_k1_L4_lr0.002_s17,moe_oeo,4,1,17,val,7,08_EMPTY,2,03_COMPLEX,0
moe_oeo_N4_k1_L4_lr0.002_s17,moe_oeo,4,1,17,val,7,08_EMPTY,3,04_LYMPHO,0
moe_oeo_N4_k1_L4_lr0.002_s17,moe_oeo,4,1,17,val,7,08_EMPTY,4,05_DEBRIS,0
moe_oeo_N4_k1_L4_lr0.002_s17,moe_oeo,4,1,17,val,7,08_EMPTY,5,06_MUCOSA,0
moe_oeo_N4_k1_L4_lr0.002_s17,moe_oeo,4,1,17,val,7,08_EMPTY,6,07_ADIPOSE,2
moe_oeo_N4_k1_L4_lr0.002_s17,moe_oeo,4,1,17,val,7,08_EMPTY,7,08_EMPTY,92
moe_oeo_N4_k2_L4_lr0.002_s17,moe_oeo,4,2,17,train,0,01_TUMOR,0,01_TUMOR,222
moe_oeo_N4_k2_L4_lr0.002_s17,moe_oeo,4,2,17,train,0,01_TUMOR,1,02_STROMA,4
moe_oeo_N4_k2_L4_lr0.002_s17,moe_oeo,4,2,17,train,0,01_TUMOR,2,03_COMPLEX,38
moe_oeo_N4_k2_L4_lr0.002_s17,moe_oeo,4,2,17,train,0,01_TUMOR,3,04_LYMPHO,82
moe_oeo_N4_k2_L4_lr0.002_s17,moe_oeo,4,2,17,train,0,01_TUMOR,4,05_DEBRIS,1
moe_oeo_N4_k2_L4_lr0.002_s17,moe_oeo,4,2,17,train,0,01_TUMOR,5,06_MUCOSA,90
moe_oeo_N4_k2_L4_lr0.002_s17,moe_oeo,4,2,17,train,0,01_TUMOR,6,07_ADIPOSE,0
moe_oeo_N4_k2_L4_lr0.002_s17,moe_oeo,4,2,17,train,0,01_TUMOR,7,08_EMPTY,0
moe_oeo_N4_k2_L4_lr0.002_s17,moe_oeo,4,2,17,train,1,02_STROMA,0,01_TUMOR,2
moe_oeo_N4_k2_L4_lr0.002_s17,moe_oeo,4,2,17,train,1,02_STROMA,1,02_STROMA,295
moe_oeo_N4_k2_L4_lr0.002_s17,moe_oeo,4,2,17,train,1,02_STROMA,2,03_COMPLEX,29
moe_oeo_N4_k2_L4_lr0.002_s17,moe_oeo,4,2,17,train,1,02_STROMA,3,04_LYMPHO,2
moe_oeo_N4_k2_L4_lr0.002_s17,moe_oeo,4,2,17,train,1,02_STROMA,4,05_DEBRIS,101
moe_oeo_N4_k2_L4_lr0.002_s17,moe_oeo,4,2,17,train,1,02_STROMA,5,06_MUCOSA,7
moe_oeo_N4_k2_L4_lr0.002_s17,moe_oeo,4,2,17,train,1,02_STROMA,6,07_ADIPOSE,1
moe_oeo_N4_k2_L4_lr0.002_s17,moe_oeo,4,2,17,train,1,02_STROMA,7,08_EMPTY,0
moe_oeo_N4_k2_L4_lr0.002_s17,moe_oeo,4,2,17,train,2,03_COMPLEX,0,01_TUMOR,10
moe_oeo_N4_k2_L4_lr0.002_s17,moe_oeo,4,2,17,train,2,03_COMPLEX,1,02_STROMA,56
moe_oeo_N4_k2_L4_lr0.002_s17,moe_oeo,4,2,17,train,2,03_COMPLEX,2,03_COMPLEX,317
moe_oeo_N4_k2_L4_lr0.002_s17,moe_oeo,4,2,17,train,2,03_COMPLEX,3,04_LYMPHO,29
moe_oeo_N4_k2_L4_lr0.002_s17,moe_oeo,4,2,17,train,2,03_COMPLEX,4,05_DEBRIS,11
moe_oeo_N4_k2_L4_lr0.002_s17,moe_oeo,4,2,17,train,2,03_COMPLEX,5,06_MUCOSA,14
moe_oeo_N4_k2_L4_lr0.002_s17,moe_oeo,4,2,17,train,2,03_COMPLEX,6,07_ADIPOSE,0
moe_oeo_N4_k2_L4_lr0.002_s17,moe_oeo,4,2,17,train,2,03_COMPLEX,7,08_EMPTY,0
moe_oeo_N4_k2_L4_lr0.002_s17,moe_oeo,4,2,17,train,3,04_LYMPHO,0,01_TUMOR,29
moe_oeo_N4_k2_L4_lr0.002_s17,moe_oeo,4,2,17,train,3,04_LYMPHO,1,02_STROMA,0
moe_oeo_N4_k2_L4_lr0.002_s17,moe_oeo,4,2,17,train,3,04_LYMPHO,2,03_COMPLEX,33
moe_oeo_N4_k2_L4_lr0.002_s17,moe_oeo,4,2,17,train,3,04_LYMPHO,3,04_LYMPHO,337
moe_oeo_N4_k2_L4_lr0.002_s17,moe_oeo,4,2,17,train,3,04_LYMPHO,4,05_DEBRIS,0
moe_oeo_N4_k2_L4_lr0.002_s17,moe_oeo,4,2,17,train,3,04_LYMPHO,5,06_MUCOSA,38
moe_oeo_N4_k2_L4_lr0.002_s17,moe_oeo,4,2,17,train,3,04_LYMPHO,6,07_ADIPOSE,0
moe_oeo_N4_k2_L4_lr0.002_s17,moe_oeo,4,2,17,train,3,04_LYMPHO,7,08_EMPTY,0
moe_oeo_N4_k2_L4_lr0.002_s17,moe_oeo,4,2,17,train,4,05_DEBRIS,0,01_TUMOR,0
moe_oeo_N4_k2_L4_lr0.002_s17,moe_oeo,4,2,17,train,4,05_DEBRIS,1,02_STROMA,99
moe_oeo_N4_k2_L4_lr0.002_s17,moe_oeo,4,2,17,train,4,05_DEBRIS,2,03_COMPLEX,10
moe_oeo_N4_k2_L4_lr0.002_s17,moe_oeo,4,2,17,train,4,05_DEBRIS,3,04_LYMPHO,1
moe_oeo_N4_k2_L4_lr0.002_s17,moe_oeo,4,2,17,train,4,05_DEBRIS,4,05_DEBRIS,278
moe_oeo_N4_k2_L4_lr0.002_s17,moe_oeo,4,2,17,train,4,05_DEBRIS,5,06_MUCOSA,31
moe_oeo_N4_k2_L4_lr0.002_s17,moe_oeo,4,2,17,train,4,05_DEBRIS,6,07_ADIPOSE,18
moe_oeo_N4_k2_L4_lr0.002_s17,moe_oeo,4,2,17,train,4,05_DEBRIS,7,08_EMPTY,0
moe_oeo_N4_k2_L4_lr0.002_s17,moe_oeo,4,2,17,train,5,06_MUCOSA,0,01_TUMOR,13
moe_oeo_N4_k2_L4_lr0.002_s17,moe_oeo,4,2,17,train,5,06_MUCOSA,1,02_STROMA,3
moe_oeo_N4_k2_L4_lr0.002_s17,moe_oeo,4,2,17,train,5,06_MUCOSA,2,03_COMPLEX,1
moe_oeo_N4_k2_L4_lr0.002_s17,moe_oeo,4,2,17,train,5,06_MUCOSA,3,04_LYMPHO,29
moe_oeo_N4_k2_L4_lr0.002_s17,moe_oeo,4,2,17,train,5,06_MUCOSA,4,05_DEBRIS,13
moe_oeo_N4_k2_L4_lr0.002_s17,moe_oeo,4,2,17,train,5,06_MUCOSA,5,06_MUCOSA,377
moe_oeo_N4_k2_L4_lr0.002_s17,moe_oeo,4,2,17,train,5,06_MUCOSA,6,07_ADIPOSE,1
moe_oeo_N4_k2_L4_lr0.002_s17,moe_oeo,4,2,17,train,5,06_MUCOSA,7,08_EMPTY,0
moe_oeo_N4_k2_L4_lr0.002_s17,moe_oeo,4,2,17,train,6,07_ADIPOSE,0,01_TUMOR,0
moe_oeo_N4_k2_L4_lr0.002_s17,moe_oeo,4,2,17,train,6,07_ADIPOSE,1,02_STROMA,0
moe_oeo_N4_k2_L4_lr0.002_s17,moe_oeo,4,2,17,train,6,07_ADIPOSE,2,03_COMPLEX,0
moe_oeo_N4_k2_L4_lr0.002_s17,moe_oeo,4,2,17,train,6,07_ADIPOSE,3,04_LYMPHO,0
moe_oeo_N4_k2_L4_lr0.002_s17,moe_oeo,4,2,17,train,6,07_ADIPOSE,4,05_DEBRIS,1
moe_oeo_N4_k2_L4_lr0.002_s17,moe_oeo,4,2,17,train,6,07_ADIPOSE,5,06_MUCOSA,0
moe_oeo_N4_k2_L4_lr0.002_s17,moe_oeo,4,2,17,train,6,07_ADIPOSE,6,07_ADIPOSE,425
moe_oeo_N4_k2_L4_lr0.002_s17,moe_oeo,4,2,17,train,6,07_ADIPOSE,7,08_EMPTY,11
moe_oeo_N4_k2_L4_lr0.002_s17,moe_oeo,4,2,17,train,7,08_EMPTY,0,01_TUMOR,0
moe_oeo_N4_k2_L4_lr0.002_s17,moe_oeo,4,2,17,train,7,08_EMPTY,1,02_STROMA,0
moe_oeo_N4_k2_L4_lr0.002_s17,moe_oeo,4,2,17,train,7,08_EMPTY,2,03_COMPLEX,0
moe_oeo_N4_k2_L4_lr0.002_s17,moe_oeo,4,2,17,train,7,08_EMPTY,3,04_LYMPHO,0
moe_oeo_N4_k2_L4_lr0.002_s17,moe_oeo,4,2,17,train,7,08_EMPTY,4,05_DEBRIS,0
moe_oeo_N4_k2_L4_lr0.002_s17,moe_oeo,4,2,17,train,7,08_EMPTY,5,06_MUCOSA,1
moe_oeo_N4_k2_L4_lr0.002_s17,moe_oeo,4,2,17,train,7,08_EMPTY,6,07_ADIPOSE,11
moe_oeo_N4_k2_L4_lr0.002_s17,moe_oeo,4,2,17,train,7,08_EMPTY,7,08_EMPTY,425
moe_oeo_N4_k2_L4_lr0.002_s17,moe_oeo,4,2,17,val,0,01_TUMOR,0,01_TUMOR,42
moe_oeo_N4_k2_L4_lr0.002_s17,moe_oeo,4,2,17,val,0,01_TUMOR,1,02_STROMA,0
moe_oeo_N4_k2_L4_lr0.002_s17,moe_oeo,4,2,17,val,0,01_TUMOR,2,03_COMPLEX,10
moe_oeo_N4_k2_L4_lr0.002_s17,moe_oeo,4,2,17,val,0,01_TUMOR,3,04_LYMPHO,20
moe_oeo_N4_k2_L4_lr0.002_s17,moe_oeo,4,2,17,val,0,01_TUMOR,4,05_DEBRIS,1
moe_oeo_N4_k2_L4_lr0.002_s17,moe_oeo,4,2,17,val,0,01_TUMOR,5,06_MUCOSA,21
moe_oeo_N4_k2_L4_lr0.002_s17,moe_oeo,4,2,17,val,0,01_TUMOR,6,07_ADIPOSE,0
moe_oeo_N4_k2_L4_lr0.002_s17,moe_oeo,4,2,17,val,0,01_TUMOR,7,08_EMPTY,0
moe_oeo_N4_k2_L4_lr0.002_s17,moe_oeo,4,2,17,val,1,02_STROMA,0,01_TUMOR,1
moe_oeo_N4_k2_L4_lr0.002_s17,moe_oeo,4,2,17,val,1,02_STROMA,1,02_STROMA,59
moe_oeo_N4_k2_L4_lr0.002_s17,moe_oeo,4,2,17,val,1,02_STROMA,2,03_COMPLEX,8
moe_oeo_N4_k2_L4_lr0.002_s17,moe_oeo,4,2,17,val,1,02_STROMA,3,04_LYMPHO,0
moe_oeo_N4_k2_L4_lr0.002_s17,moe_oeo,4,2,17,val,1,02_STROMA,4,05_DEBRIS,25
moe_oeo_N4_k2_L4_lr0.002_s17,moe_oeo,4,2,17,val,1,02_STROMA,5,06_MUCOSA,1
moe_oeo_N4_k2_L4_lr0.002_s17,moe_oeo,4,2,17,val,1,02_STROMA,6,07_ADIPOSE,0
moe_oeo_N4_k2_L4_lr0.002_s17,moe_oeo,4,2,17,val,1,02_STROMA,7,08_EMPTY,0
moe_oeo_N4_k2_L4_lr0.002_s17,moe_oeo,4,2,17,val,2,03_COMPLEX,0,01_TUMOR,1
moe_oeo_N4_k2_L4_lr0.002_s17,moe_oeo,4,2,17,val,2,03_COMPLEX,1,02_STROMA,19
moe_oeo_N4_k2_L4_lr0.002_s17,moe_oeo,4,2,17,val,2,03_COMPLEX,2,03_COMPLEX,61
moe_oeo_N4_k2_L4_lr0.002_s17,moe_oeo,4,2,17,val,2,03_COMPLEX,3,04_LYMPHO,3
moe_oeo_N4_k2_L4_lr0.002_s17,moe_oeo,4,2,17,val,2,03_COMPLEX,4,05_DEBRIS,9
moe_oeo_N4_k2_L4_lr0.002_s17,moe_oeo,4,2,17,val,2,03_COMPLEX,5,06_MUCOSA,1
moe_oeo_N4_k2_L4_lr0.002_s17,moe_oeo,4,2,17,val,2,03_COMPLEX,6,07_ADIPOSE,0
moe_oeo_N4_k2_L4_lr0.002_s17,moe_oeo,4,2,17,val,2,03_COMPLEX,7,08_EMPTY,0
moe_oeo_N4_k2_L4_lr0.002_s17,moe_oeo,4,2,17,val,3,04_LYMPHO,0,01_TUMOR,8
moe_oeo_N4_k2_L4_lr0.002_s17,moe_oeo,4,2,17,val,3,04_LYMPHO,1,02_STROMA,0
moe_oeo_N4_k2_L4_lr0.002_s17,moe_oeo,4,2,17,val,3,04_LYMPHO,2,03_COMPLEX,8
moe_oeo_N4_k2_L4_lr0.002_s17,moe_oeo,4,2,17,val,3,04_LYMPHO,3,04_LYMPHO,71
moe_oeo_N4_k2_L4_lr0.002_s17,moe_oeo,4,2,17,val,3,04_LYMPHO,4,05_DEBRIS,1
moe_oeo_N4_k2_L4_lr0.002_s17,moe_oeo,4,2,17,val,3,04_LYMPHO,5,06_MUCOSA,6
moe_oeo_N4_k2_L4_lr0.002_s17,moe_oeo,4,2,17,val,3,04_LYMPHO,6,07_ADIPOSE,0
moe_oeo_N4_k2_L4_lr0.002_s17,moe_oeo,4,2,17,val,3,04_LYMPHO,7,08_EMPTY,0
moe_oeo_N4_k2_L4_lr0.002_s17,moe_oeo,4,2,17,val,4,05_DEBRIS,0,01_TUMOR,0
moe_oeo_N4_k2_L4_lr0.002_s17,moe_oeo,4,2,17,val,4,05_DEBRIS,1,02_STROMA,18
moe_oeo_N4_k2_L4_lr0.002_s17,moe_oeo,4,2,17,val,4,05_DEBRIS,2,03_COMPLEX,5
moe_oeo_N4_k2_L4_lr0.002_s17,moe_oeo,4,2,17,val,4,05_DEBRIS,3,04_LYMPHO,1
moe_oeo_N4_k2_L4_lr0.002_s17,moe_oeo,4,2,17,val,4,05_DEBRIS,4,05_DEBRIS,53
moe_oeo_N4_k2_L4_lr0.002_s17,moe_oeo,4,2,17,val,4,05_DEBRIS,5,06_MUCOSA,9
moe_oeo_N4_k2_L4_lr0.002_s17,moe_oeo,4,2,17,val,4,05_DEBRIS,6,07_ADIPOSE,8
moe_oeo_N4_k2_L4_lr0.002_s17,moe_oeo,4,2,17,val,4,05_DEBRIS,7,08_EMPTY,0
moe_oeo_N4_k2_L4_lr0.002_s17,moe_oeo,4,2,17,val,5,06_MUCOSA,0,01_TUMOR,3
moe_oeo_N4_k2_L4_lr0.002_s17,moe_oeo,4,2,17,val,5,06_MUCOSA,1,02_STROMA,0
moe_oeo_N4_k2_L4_lr0.002_s17,moe_oeo,4,2,17,val,5,06_MUCOSA,2,03_COMPLEX,1
moe_oeo_N4_k2_L4_lr0.002_s17,moe_oeo,4,2,17,val,5,06_MUCOSA,3,04_LYMPHO,5
moe_oeo_N4_k2_L4_lr0.002_s17,moe_oeo,4,2,17,val,5,06_MUCOSA,4,05_DEBRIS,2
moe_oeo_N4_k2_L4_lr0.002_s17,moe_oeo,4,2,17,val,5,06_MUCOSA,5,06_MUCOSA,83
moe_oeo_N4_k2_L4_lr0.002_s17,moe_oeo,4,2,17,val,5,06_MUCOSA,6,07_ADIPOSE,0
moe_oeo_N4_k2_L4_lr0.002_s17,moe_oeo,4,2,17,val,5,06_MUCOSA,7,08_EMPTY,0
moe_oeo_N4_k2_L4_lr0.002_s17,moe_oeo,4,2,17,val,6,07_ADIPOSE,0,01_TUMOR,0
moe_oeo_N4_k2_L4_lr0.002_s17,moe_oeo,4,2,17,val,6,07_ADIPOSE,1,02_STROMA,0
moe_oeo_N4_k2_L4_lr0.002_s17,moe_oeo,4,2,17,val,6,07_ADIPOSE,2,03_COMPLEX,0
moe_oeo_N4_k2_L4_lr0.002_s17,moe_oeo,4,2,17,val,6,07_ADIPOSE,3,04_LYMPHO,0
moe_oeo_N4_k2_L4_lr0.002_s17,moe_oeo,4,2,17,val,6,07_ADIPOSE,4,05_DEBRIS,1
moe_oeo_N4_k2_L4_lr0.002_s17,moe_oeo,4,2,17,val,6,07_ADIPOSE,5,06_MUCOSA,0
moe_oeo_N4_k2_L4_lr0.002_s17,moe_oeo,4,2,17,val,6,07_ADIPOSE,6,07_ADIPOSE,88
moe_oeo_N4_k2_L4_lr0.002_s17,moe_oeo,4,2,17,val,6,07_ADIPOSE,7,08_EMPTY,5
moe_oeo_N4_k2_L4_lr0.002_s17,moe_oeo,4,2,17,val,7,08_EMPTY,0,01_TUMOR,0
moe_oeo_N4_k2_L4_lr0.002_s17,moe_oeo,4,2,17,val,7,08_EMPTY,1,02_STROMA,0
moe_oeo_N4_k2_L4_lr0.002_s17,moe_oeo,4,2,17,val,7,08_EMPTY,2,03_COMPLEX,0
moe_oeo_N4_k2_L4_lr0.002_s17,moe_oeo,4,2,17,val,7,08_EMPTY,3,04_LYMPHO,0
moe_oeo_N4_k2_L4_lr0.002_s17,moe_oeo,4,2,17,val,7,08_EMPTY,4,05_DEBRIS,0
moe_oeo_N4_k2_L4_lr0.002_s17,moe_oeo,4,2,17,val,7,08_EMPTY,5,06_MUCOSA,0
moe_oeo_N4_k2_L4_lr0.002_s17,moe_oeo,4,2,17,val,7,08_EMPTY,6,07_ADIPOSE,2
moe_oeo_N4_k2_L4_lr0.002_s17,moe_oeo,4,2,17,val,7,08_EMPTY,7,08_EMPTY,92
moe_oeo_N4_k3_L4_lr0.002_s17,moe_oeo,4,3,17,train,0,01_TUMOR,0,01_TUMOR,261
moe_oeo_N4_k3_L4_lr0.002_s17,moe_oeo,4,3,17,train,0,01_TUMOR,1,02_STROMA,4
moe_oeo_N4_k3_L4_lr0.002_s17,moe_oeo,4,3,17,train,0,01_TUMOR,2,03_COMPLEX,24
moe_oeo_N4_k3_L4_lr0.002_s17,moe_oeo,4,3,17,train,0,01_TUMOR,3,04_LYMPHO,109
moe_oeo_N4_k3_L4_lr0.002_s17,moe_oeo,4,3,17,train,0,01_TUMOR,4,05_DEBRIS,1
moe_oeo_N4_k3_L4_lr0.002_s17,moe_oeo,4,3,17,train,0,01_TUMOR,5,06_MUCOSA,38
moe_oeo_N4_k3_L4_lr0.002_s17,moe_oeo,4,3,17,train,0,01_TUMOR,6,07_ADIPOSE,0
moe_oeo_N4_k3_L4_lr0.002_s17,moe_oeo,4,3,17,train,0,01_TUMOR,7,08_EMPTY,0
moe_oeo_N4_k3_L4_lr0.002_s17,moe_oeo,4,3,17,train,1,02_STROMA,0,01_TUMOR,3
moe_oeo_N4_k3_L4_lr0.002_s17,moe_oeo,4,3,17,train,1,02_STROMA,1,02_STROMA,289
moe_oeo_N4_k3_L4_lr0.002_s17,moe_oeo,4,3,17,train,1,02_STROMA,2,03_COMPLEX,28
moe_oeo_N4_k3_L4_lr0.002_s17,moe_oeo,4,3,17,train,1,02_STROMA,3,04_LYMPHO,0
moe_oeo_N4_k3_L4_lr0.002_s17,moe_oeo,4,3,17,train,1,02_STROMA,4,05_DEBRIS,107
moe_oeo_N4_k3_L4_lr0.002_s17,moe_oeo,4,3,17,train,1,02_STROMA,5,06_MUCOSA,8
moe_oeo_N4_k3_L4_lr0.002_s17,moe_oeo,4,3,17,train,1,02_STROMA,6,07_ADIPOSE,2
moe_oeo_N4_k3_L4_lr0.002_s17,moe_oeo,4,3,17,train,1,02_STROMA,7,08_EMPTY,0
moe_oeo_N4_k3_L4_lr0.002_s17,moe_oeo,4,3,17,train,2,03_COMPLEX,0,01_TUMOR,15
moe_oeo_N4_k3_L4_lr0.002_s17,moe_oeo,4,3,17,train,2,03_COMPLEX,1,02_STROMA,56
moe_oeo_N4_k3_L4_lr0.002_s17,moe_oeo,4,3,17,train,2,03_COMPLEX,2,03_COMPLEX,307
moe_oeo_N4_k3_L4_lr0.002_s17,moe_oeo,4,3,17,train,2,03_COMPLEX,3,04_LYMPHO,38
moe_oeo_N4_k3_L4_lr0.002_s17,moe_oeo,4,3,17,train,2,03_COMPLEX,4,05_DEBRIS,6
moe_oeo_N4_k3_L4_lr0.002_s17,moe_oeo,4,3,17,train,2,03_COMPLEX,5,06_MUCOSA,15
moe_oeo_N4_k3_L4_lr0.002_s17,moe_oeo,4,3,17,train,2,03_COMPLEX,6,07_ADIPOSE,0
moe_oeo_N4_k3_L4_lr0.002_s17,moe_oeo,4,3,17,train,2,03_COMPLEX,7,08_EMPTY,0
moe_oeo_N4_k3_L4_lr0.002_s17,moe_oeo,4,3,17,train,3,04_LYMPHO,0,01_TUMOR,57
moe_oeo_N4_k3_L4_lr0.002_s17,moe_oeo,4,3,17,train,3,04_LYMPHO,1,02_STROMA,0
moe_oeo_N4_k3_L4_lr0.002_s17,moe_oeo,4,3,17,train,3,04_LYMPHO,2,03_COMPLEX,21
moe_oeo_N4_k3_L4_lr0.002_s17,moe_oeo,4,3,17,train,3,04_LYMPHO,3,04_LYMPHO,334
moe_oeo_N4_k3_L4_lr0.002_s17,moe_oeo,4,3,17,train,3,04_LYMPHO,4,05_DEBRIS,1
moe_oeo_N4_k3_L4_lr0.002_s17,moe_oeo,4,3,17,train,3,04_LYMPHO,5,06_MUCOSA,24
moe_oeo_N4_k3_L4_lr0.002_s17,moe_oeo,4,3,17,train,3,04_LYMPHO,6,07_ADIPOSE,0
moe_oeo_N4_k3_L4_lr0.002_s17,moe_oeo,4,3,17,train,3,04_LYMPHO,7,08_EMPTY,0
moe_oeo_N4_k3_L4_lr0.002_s17,moe_oeo,4,3,17,train,4,05_DEBRIS,0,01_TUMOR,2
moe_oeo_N4_k3_L4_lr0.002_s17,moe_oeo,4,3,17,train,4,05_DEBRIS,1,02_STROMA,90
moe_oeo_N4_k3_L4_lr0.002_s17,moe_oeo,4,3,17,train,4,05_DEBRIS,2,03_COMPLEX,12
moe_oeo_N4_k3_L4_lr0.002_s17,moe_oeo,4,3,17,train,4,05_DEBRIS,3,04_LYMPHO,0
moe_oeo_N4_k3_L4_lr0.002_s17,moe_oeo,4,3,17,train,4,05_DEBRIS,4,05_DEBRIS,285
moe_oeo_N4_k3_L4_lr0.002_s17,moe_oeo,4,3,17,train,4,05_DEBRIS,5,06_MUCOSA,33
moe_oeo_N4_k3_L4_lr0.002_s17,moe_oeo,4,3,17,train,4,05_DEBRIS,6,07_ADIPOSE,15
moe_oeo_N4_k3_L4_lr0.002_s17,moe_oeo,4,3,17,train,4,05_DEBRIS,7,08_EMPTY,0
moe_oeo_N4_k3_L4_lr0.002_s17,moe_oeo,4,3,17,train,5,06_MUCOSA,0,01_TUMOR,38
moe_oeo_N4_k3_L4_lr0.002_s17,moe_oeo,4,3,17,train,5,06_MUCOSA,1,02_STROMA,1
moe_oeo_N4_k3_L4_lr0.002_s17,moe_oeo,4,3,17,train,5,06_MUCOSA,2,03_COMPLEX,2
moe_oeo_N4_k3_L4_lr0.002_s17,moe_oeo,4,3,17,train,5,06_MUCOSA,3,04_LYMPHO,26
moe_oeo_N4_k3_L4_lr0.002_s17,moe_oeo,4,3,17,train,5,06_MUCOSA,4,05_DEBRIS,14
moe_oeo_N4_k3_L4_lr0.002_s17,moe_oeo,4,3,17,train,5,06_MUCOSA,5,06_MUCOSA,356
moe_oeo_N4_k3_L4_lr0.002_s17,moe_oeo,4,3,17,train,5,06_MUCOSA,6,07_ADIPOSE,0
moe_oeo_N4_k3_L4_lr0.002_s17,moe_oeo,4,3,17,train,5,06_MUCOSA,7,08_EMPTY,0
moe_oeo_N4_k3_L4_lr0.002_s17,moe_oeo,4,3,17,train,6,07_ADIPOSE,0,01_TUMOR,0
moe_oeo_N4_k3_L4_lr0.002_s17,moe_oeo,4,3,17,train,6,07_ADIPOSE,1,02_STROMA,0
moe_oeo_N4_k3_L4_lr0.002_s17,moe_oeo,4,3,17,train,6,07_ADIPOSE,2,03_COMPLEX,0
moe_oeo_N4_k3_L4_lr0.002_s17,moe_oeo,4,3,17,train,6,07_ADIPOSE,3,04_LYMPHO,0
moe_oeo_N4_k3_L4_lr0.002_s17,moe_oeo,4,3,17,train,6,07_ADIPOSE,4,05_DEBRIS,2
moe_oeo_N4_k3_L4_lr0.002_s17,moe_oeo,4,3,17,train,6,07_ADIPOSE,5,06_MUCOSA,0
moe_oeo_N4_k3_L4_lr0.002_s17,moe_oeo,4,3,17,train,6,07_ADIPOSE,6,07_ADIPOSE,426
moe_oeo_N4_k3_L4_lr0.002_s17,moe_oeo,4,3,17,train,6,07_ADIPOSE,7,08_EMPTY,9
moe_oeo_N4_k3_L4_lr0.002_s17,moe_oeo,4,3,17,train,7,08_EMPTY,0,01_TUMOR,0
moe_oeo_N4_k3_L4_lr0.002_s17,moe_oeo,4,3,17,train,7,08_EMPTY,1,02_STROMA,0
moe_oeo_N4_k3_L4_lr0.002_s17,moe_oeo,4,3,17,train,7,08_EMPTY,2,03_COMPLEX,0
moe_oeo_N4_k3_L4_lr0.002_s17,moe_oeo,4,3,17,train,7,08_EMPTY,3,04_LYMPHO,0
moe_oeo_N4_k3_L4_lr0.002_s17,moe_oeo,4,3,17,train,7,08_EMPTY,4,05_DEBRIS,0
moe_oeo_N4_k3_L4_lr0.002_s17,moe_oeo,4,3,17,train,7,08_EMPTY,5,06_MUCOSA,1
moe_oeo_N4_k3_L4_lr0.002_s17,moe_oeo,4,3,17,train,7,08_EMPTY,6,07_ADIPOSE,11
moe_oeo_N4_k3_L4_lr0.002_s17,moe_oeo,4,3,17,train,7,08_EMPTY,7,08_EMPTY,425
moe_oeo_N4_k3_L4_lr0.002_s17,moe_oeo,4,3,17,val,0,01_TUMOR,0,01_TUMOR,53
moe_oeo_N4_k3_L4_lr0.002_s17,moe_oeo,4,3,17,val,0,01_TUMOR,1,02_STROMA,0
moe_oeo_N4_k3_L4_lr0.002_s17,moe_oeo,4,3,17,val,0,01_TUMOR,2,03_COMPLEX,9
moe_oeo_N4_k3_L4_lr0.002_s17,moe_oeo,4,3,17,val,0,01_TUMOR,3,04_LYMPHO,26
moe_oeo_N4_k3_L4_lr0.002_s17,moe_oeo,4,3,17,val,0,01_TUMOR,4,05_DEBRIS,0
moe_oeo_N4_k3_L4_lr0.002_s17,moe_oeo,4,3,17,val,0,01_TUMOR,5,06_MUCOSA,6
moe_oeo_N4_k3_L4_lr0.002_s17,moe_oeo,4,3,17,val,0,01_TUMOR,6,07_ADIPOSE,0
moe_oeo_N4_k3_L4_lr0.002_s17,moe_oeo,4,3,17,val,0,01_TUMOR,7,08_EMPTY,0
moe_oeo_N4_k3_L4_lr0.002_s17,moe_oeo,4,3,17,val,1,02_STROMA,0,01_TUMOR,1
moe_oeo_N4_k3_L4_lr0.002_s17,moe_oeo,4,3,17,val,1,02_STROMA,1,02_STROMA,59
moe_oeo_N4_k3_L4_lr0.002_s17,moe_oeo,4,3,17,val,1,02_STROMA,2,03_COMPLEX,7
moe_oeo_N4_k3_L4_lr0.002_s17,moe_oeo,4,3,17,val,1,02_STROMA,3,04_LYMPHO,0
moe_oeo_N4_k3_L4_lr0.002_s17,moe_oeo,4,3,17,val,1,02_STROMA,4,05_DEBRIS,26
moe_oeo_N4_k3_L4_lr0.002_s17,moe_oeo,4,3,17,val,1,02_STROMA,5,06_MUCOSA,1
moe_oeo_N4_k3_L4_lr0.002_s17,moe_oeo,4,3,17,val,1,02_STROMA,6,07_ADIPOSE,0
moe_oeo_N4_k3_L4_lr0.002_s17,moe_oeo,4,3,17,val,1,02_STROMA,7,08_EMPTY,0
moe_oeo_N4_k3_L4_lr0.002_s17,moe_oeo,4,3,17,val,2,03_COMPLEX,0,01_TUMOR,4
moe_oeo_N4_k3_L4_lr0.002_s17,moe_oeo,4,3,17,val,2,03_COMPLEX,1,02_STROMA,15
moe_oeo_N4_k3_L4_lr0.002_s17,moe_oeo,4,3,17,val,2,03_COMPLEX,2,03_COMPLEX,64
moe_oeo_N4_k3_L4_lr0.002_s17,moe_oeo,4,3,17,val,2,03_COMPLEX,3,04_LYMPHO,4
moe_oeo_N4_k3_L4_lr0.002_s17,moe_oeo,4,3,17,val,2,03_COMPLEX,4,05_DEBRIS,5
moe_oeo_N4_k3_L4_lr0.002_s17,moe_oeo,4,3,17,val,2,03_COMPLEX,5,06_MUCOSA,2
moe_oeo_N4_k3_L4_lr0.002_s17,moe_oeo,4,3,17,val,2,03_COMPLEX,6,07_ADIPOSE,0
moe_oeo_N4_k3_L4_lr0.002_s17,moe_oeo,4,3,17,val,2,03_COMPLEX,7,08_EMPTY,0
moe_oeo_N4_k3_L4_lr0.002_s17,moe_oeo,4,3,17,val,3,04_LYMPHO,0,01_TUMOR,12
moe_oeo_N4_k3_L4_lr0.002_s17,moe_oeo,4,3,17,val,3,04_LYMPHO,1,02_STROMA,0
moe_oeo_N4_k3_L4_lr0.002_s17,moe_oeo,4,3,17,val,3,04_LYMPHO,2,03_COMPLEX,5
moe_oeo_N4_k3_L4_lr0.002_s17,moe_oeo,4,3,17,val,3,04_LYMPHO,3,04_LYMPHO,73
moe_oeo_N4_k3_L4_lr0.002_s17,moe_oeo,4,3,17,val,3,04_LYMPHO,4,05_DEBRIS,0
moe_oeo_N4_k3_L4_lr0.002_s17,moe_oeo,4,3,17,val,3,04_LYMPHO,5,06_MUCOSA,4
moe_oeo_N4_k3_L4_lr0.002_s17,moe_oeo,4,3,17,val,3,04_LYMPHO,6,07_ADIPOSE,0
moe_oeo_N4_k3_L4_lr0.002_s17,moe_oeo,4,3,17,val,3,04_LYMPHO,7,08_EMPTY,0
moe_oeo_N4_k3_L4_lr0.002_s17,moe_oeo,4,3,17,val,4,05_DEBRIS,0,01_TUMOR,0
moe_oeo_N4_k3_L4_lr0.002_s17,moe_oeo,4,3,17,val,4,05_DEBRIS,1,02_STROMA,18
moe_oeo_N4_k3_L4_lr0.002_s17,moe_oeo,4,3,17,val,4,05_DEBRIS,2,03_COMPLEX,4
moe_oeo_N4_k3_L4_lr0.002_s17,moe_oeo,4,3,17,val,4,05_DEBRIS,3,04_LYMPHO,0
moe_oeo_N4_k3_L4_lr0.002_s17,moe_oeo,4,3,17,val,4,05_DEBRIS,4,05_DEBRIS,55
moe_oeo_N4_k3_L4_lr0.002_s17,moe_oeo,4,3,17,val,4,05_DEBRIS,5,06_MUCOSA,11
moe_oeo_N4_k3_L4_lr0.002_s17,moe_oeo,4,3,17,val,4,05_DEBRIS,6,07_ADIPOSE,6
moe_oeo_N4_k3_L4_lr0.002_s17,moe_oeo,4,3,17,val,4,05_DEBRIS,7,08_EMPTY,0
moe_oeo_N4_k3_L4_lr0.002_s17,moe_oeo,4,3,17,val,5,06_MUCOSA,0,01_TUMOR,6
moe_oeo_N4_k3_L4_lr0.002_s17,moe_oeo,4,3,17,val,5,06_MUCOSA,1,02_STROMA,0
moe_oeo_N4_k3_L4_lr0.002_s17,moe_oeo,4,3,17,val,5,06_MUCOSA,2,03_COMPLEX,1
moe_oeo_N4_k3_L4_lr0.002_s17,moe_oeo,4,3,17,val,5,06_MUCOSA,3,04_LYMPHO,8
moe_oeo_N4_k3_L4_lr0.002_s17,moe_oeo,4,3,17,val,5,06_MUCOSA,4,05_DEBRIS,3
moe_oeo_N4_k3_L4_lr0.002_s17,moe_oeo,4,3,17,val,5,06_MUCOSA,5,06_MUCOSA,76
moe_oeo_N4_k3_L4_lr0.002_s17,moe_oeo,4,3,17,val,5,06_MUCOSA,6,07_ADIPOSE,0
moe_oeo_N4_k3_L4_lr0.002_s17,moe_oeo,4,3,17,val,5,06_MUCOSA,7,08_EMPTY,0
moe_oeo_N4_k3_L4_lr0.002_s17,moe_oeo,4,3,17,val,6,07_ADIPOSE,0,01_TUMOR,0
moe_oeo_N4_k3_L4_lr0.002_s17,moe_oeo,4,3,17,val,6,07_ADIPOSE,1,02_STROMA,0
moe_oeo_N4_k3_L4_lr0.002_s17,moe_oeo,4,3,17,val,6,07_ADIPOSE,2,03_COMPLEX,0
moe_oeo_N4_k3_L4_lr0.002_s17,moe_oeo,4,3,17,val,6,07_ADIPOSE,3,04_LYMPHO,0
moe_oeo_N4_k3_L4_lr0.002_s17,moe_oeo,4,3,17,val,6,07_ADIPOSE,4,05_DEBRIS,2
moe_oeo_N4_k3_L4_lr0.002_s17,moe_oeo,4,3,17,val,6,07_ADIPOSE,5,06_MUCOSA,0
moe_oeo_N4_k3_L4_lr0.002_s17,moe_oeo,4,3,17,val,6,07_ADIPOSE,6,07_ADIPOSE,87
moe_oeo_N4_k3_L4_lr0.002_s17,moe_oeo,4,3,17,val,6,07_ADIPOSE,7,08_EMPTY,5
moe_oeo_N4_k3_L4_lr0.002_s17,moe_oeo,4,3,17,val,7,08_EMPTY,0,01_TUMOR,0
moe_oeo_N4_k3_L4_lr0.002_s17,moe_oeo,4,3,17,val,7,08_EMPTY,1,02_STROMA,0
moe_oeo_N4_k3_L4_lr0.002_s17,moe_oeo,4,3,17,val,7,08_EMPTY,2,03_COMPLEX,0
moe_oeo_N4_k3_L4_lr0.002_s17,moe_oeo,4,3,17,val,7,08_EMPTY,3,04_LYMPHO,0
moe_oeo_N4_k3_L4_lr0.002_s17,moe_oeo,4,3,17,val,7,08_EMPTY,4,05_DEBRIS,0
moe_oeo_N4_k3_L4_lr0.002_s17,moe_oeo,4,3,17,val,7,08_EMPTY,5,06_MUCOSA,0
moe_oeo_N4_k3_L4_lr0.002_s17,moe_oeo,4,3,17,val,7,08_EMPTY,6,07_ADIPOSE,2
moe_oeo_N4_k3_L4_lr0.002_s17,moe_oeo,4,3,17,val,7,08_EMPTY,7,08_EMPTY,92
moe_oeo_N4_k4_L4_lr0.002_s17,moe_oeo,4,4,17,train,0,01_TUMOR,0,01_TUMOR,266
moe_oeo_N4_k4_L4_lr0.002_s17,moe_oeo,4,4,17,train,0,01_TUMOR,1,02_STROMA,3
moe_oeo_N4_k4_L4_lr0.002_s17,moe_oeo,4,4,17,train,0,01_TUMOR,2,03_COMPLEX,23
moe_oeo_N4_k4_L4_lr0.002_s17,moe_oeo,4,4,17,train,0,01_TUMOR,3,04_LYMPHO,97
moe_oeo_N4_k4_L4_lr0.002_s17,moe_oeo,4,4,17,train,0,01_TUMOR,4,05_DEBRIS,1
moe_oeo_N4_k4_L4_lr0.002_s17,moe_oeo,4,4,17,train,0,01_TUMOR,5,06_MUCOSA,47
moe_oeo_N4_k4_L4_lr0.002_s17,moe_oeo,4,4,17,train,0,01_TUMOR,6,07_ADIPOSE,0
moe_oeo_N4_k4_L4_lr0.002_s17,moe_oeo,4,4,17,train,0,01_TUMOR,7,08_EMPTY,0
moe_oeo_N4_k4_L4_lr0.002_s17,moe_oeo,4,4,17,train,1,02_STROMA,0,01_TUMOR,3
moe_oeo_N4_k4_L4_lr0.002_s17,moe_oeo,4,4,17,train,1,02_STROMA,1,02_STROMA,322
moe_oeo_N4_k4_L4_lr0.002_s17,moe_oeo,4,4,17,train,1,02_STROMA,2,03_COMPLEX,32
moe_oeo_N4_k4_L4_lr0.002_s17,moe_oeo,4,4,17,train,1,02_STROMA,3,04_LYMPHO,0
moe_oeo_N4_k4_L4_lr0.002_s17,moe_oeo,4,4,17,train,1,02_STROMA,4,05_DEBRIS,65
moe_oeo_N4_k4_L4_lr0.002_s17,moe_oeo,4,4,17,train,1,02_STROMA,5,06_MUCOSA,14
moe_oeo_N4_k4_L4_lr0.002_s17,moe_oeo,4,4,17,train,1,02_STROMA,6,07_ADIPOSE,1
moe_oeo_N4_k4_L4_lr0.002_s17,moe_oeo,4,4,17,train,1,02_STROMA,7,08_EMPTY,0
moe_oeo_N4_k4_L4_lr0.002_s17,moe_oeo,4,4,17,train,2,03_COMPLEX,0,01_TUMOR,21
moe_oeo_N4_k4_L4_lr0.002_s17,moe_oeo,4,4,17,train,2,03_COMPLEX,1,02_STROMA,65
moe_oeo_N4_k4_L4_lr0.002_s17,moe_oeo,4,4,17,train,2,03_COMPLEX,2,03_COMPLEX,288
moe_oeo_N4_k4_L4_lr0.002_s17,moe_oeo,4,4,17,train,2,03_COMPLEX,3,04_LYMPHO,34
moe_oeo_N4_k4_L4_lr0.002_s17,moe_oeo,4,4,17,train,2,03_COMPLEX,4,05_DEBRIS,5
moe_oeo_N4_k4_L4_lr0.002_s17,moe_oeo,4,4,17,train,2,03_COMPLEX,5,06_MUCOSA,24
moe_oeo_N4_k4_L4_lr0.002_s17,moe_oeo,4,4,17,train,2,03_COMPLEX,6,07_ADIPOSE,0
moe_oeo_N4_k4_L4_lr0.002_s17,moe_oeo,4,4,17,train,2,03_COMPLEX,7,08_EMPTY,0
moe_oeo_N4_k4_L4_lr0.002_s17,moe_oeo,4,4,17,train,3,04_LYMPHO,0,01_TUMOR,66
moe_oeo_N4_k4_L4_lr0.002_s17,moe_oeo,4,4,17,train,3,04_LYMPHO,1,02_STROMA,0
moe_oeo_N4_k4_L4_lr0.002_s17,moe_oeo,4,4,17,train,3,04_LYMPHO,2,03_COMPLEX,22
moe_oeo_N4_k4_L4_lr0.002_s17,moe_oeo,4,4,17,train,3,04_LYMPHO,3,04_LYMPHO,335
moe_oeo_N4_k4_L4_lr0.002_s17,moe_oeo,4,4,17,train,3,04_LYMPHO,4,05_DEBRIS,2
moe_oeo_N4_k4_L4_lr0.002_s17,moe_oeo,4,4,17,train,3,04_LYMPHO,5,06_MUCOSA,12
moe_oeo_N4_k4_L4_lr0.002_s17,moe_oeo,4,4,17,train,3,04_LYMPHO,6,07_ADIPOSE,0
moe_oeo_N4_k4_L4_lr0.002_s17,moe_oeo,4,4,17,train,3,04_LYMPHO,7,08_EMPTY,0
moe_oeo_N4_k4_L4_lr0.002_s17,moe_oeo,4,4,17,train,4,05_DEBRIS,0,01_TUMOR,4
moe_oeo_N4_k4_L4_lr0.002_s17,moe_oeo,4,4,17,train,4,05_DEBRIS,1,02_STROMA,118
moe_oeo_N4_k4_L4_lr0.002_s17,moe_oeo,4,4,17,train,4,05_DEBRIS,2,03_COMPLEX,12
moe_oeo_N4_k4_L4_lr0.002_s17,moe_oeo,4,4,17,train,4,05_DEBRIS,3,04_LYMPHO,0
moe_oeo_N4_k4_L4_lr0.002_s17,moe_oeo,4,4,17,train,4,05_DEBRIS,4,05_DEBRIS,248
moe_oeo_N4_k4_L4_lr0.002_s17,moe_oeo,4,4,17,train,4,05_DEBRIS,5,06_MUCOSA,42
moe_oeo_N4_k4_L4_lr0.002_s17,moe_oeo,4,4,17,train,4,05_DEBRIS,6,07_ADIPOSE,13
moe_oeo_N4_k4_L4_lr0.002_s17,moe_oeo,4,4,17,train,4,05_DEBRIS,7,08_EMPTY,0
moe_oeo_N4_k4_L4_lr0.002_s17,moe_oeo,4,4,17,train,5,06_MUCOSA,0,01_TUMOR,41
moe_oeo_N4_k4_L4_lr0.002_s17,moe_oeo,4,4,17,train,5,06_MUCOSA,1,02_STROMA,3
moe_oeo_N4_k4_L4_lr0.002_s17,moe_oeo,4,4,17,train,5,06_MUCOSA,2,03_COMPLEX,3
moe_oeo_N4_k4_L4_lr0.002_s17,moe_oeo,4,4,17,train,5,06_MUCOSA,3,04_LYMPHO,31
moe_oeo_N4_k4_L4_lr0.002_s17,moe_oeo,4,4,17,train,5,06_MUCOSA,4,05_DEBRIS,14
moe_oeo_N4_k4_L4_lr0.002_s17,moe_oeo,4,4,17,train,5,06_MUCOSA,5,06_MUCOSA,345
moe_oeo_N4_k4_L4_lr0.002_s17,moe_oeo,4,4,17,train,5,06_MUCOSA,6,07_ADIPOSE,0
moe_oeo_N4_k4_L4_lr0.002_s17,moe_oeo,4,4,17,train,5,06_MUCOSA,7,08_EMPTY,0
moe_oeo_N4_k4_L4_lr0.002_s17,moe_oeo,4,4,17,train,6,07_ADIPOSE,0,01_TUMOR,0
moe_oeo_N4_k4_L4_lr0.002_s17,moe_oeo,4,4,17,train,6,07_ADIPOSE,1,02_STROMA,0
moe_oeo_N4_k4_L4_lr0.002_s17,moe_oeo,4,4,17,train,6,07_ADIPOSE,2,03_COMPLEX,0
moe_oeo_N4_k4_L4_lr0.002_s17,moe_oeo,4,4,17,train,6,07_ADIPOSE,3,04_LYMPHO,0
moe_oeo_N4_k4_L4_lr0.002_s17,moe_oeo,4,4,17,train,6,07_ADIPOSE,4,05_DEBRIS,1
moe_oeo_N4_k4_L4_lr0.002_s17,moe_oeo,4,4,17,train,6,07_ADIPOSE,5,06_MUCOSA,0
moe_oeo_N4_k4_L4_lr0.002_s17,moe_oeo,4,4,17,train,6,07_ADIPOSE,6,07_ADIPOSE,427
moe_oeo_N4_k4_L4_lr0.002_s17,moe_oeo,4,4,17,train,6,07_ADIPOSE,7,08_EMPTY,9
moe_oeo_N4_k4_L4_lr0.002_s17,moe_oeo,4,4,17,train,7,08_EMPTY,0,01_TUMOR,0
moe_oeo_N4_k4_L4_lr0.002_s17,moe_oeo,4,4,17,train,7,08_EMPTY,1,02_STROMA,0
moe_oeo_N4_k4_L4_lr0.002_s17,moe_oeo,4,4,17,train,7,08_EMPTY,2,03_COMPLEX,0
moe_oeo_N4_k4_L4_lr0.002_s17,moe_oeo,4,4,17,train,7,08_EMPTY,3,04_LYMPHO,0
moe_oeo_N4_k4_L4_lr0.002_s17,moe_oeo,4,4,17,train,7,08_EMPTY,4,05_DEBRIS,0
moe_oeo_N4_k4_L4_lr0.002_s17,moe_oeo,4,4,17,train,7,08_EMPTY,5,06_MUCOSA,1
moe_oeo_N4_k4_L4_lr0.002_s17,moe_oeo,4,4,17,train,7,08_EMPTY,6,07_ADIPOSE,12
moe_oeo_N4_k4_L4_lr0.002_s17,moe_oeo,4,4,17,train,7,08_EMPTY,7,08_EMPTY,424
moe_oeo_N4_k4_L4_lr0.002_s17,moe_oeo,4,4,17,val,0,01_TUMOR,0,01_TUMOR,54
moe_oeo_N4_k4_L4_lr0.002_s17,moe_oeo,4,4,17,val,0,01_TUMOR,1,02_STROMA,0
moe_oeo_N4_k4_L4_lr0.002_s17,moe_oeo,4,4,17,val,0,01_TUMOR,2,03_COMPLEX,6
moe_oeo_N4_k4_L4_lr0.002_s17,moe_oeo,4,4,17,val,0,01_TUMOR,3,04_LYMPHO,25
moe_oeo_N4_k4_L4_lr0.002_s17,moe_oeo,4,4,17,val,0,01_TUMOR,4,05_DEBRIS,1
moe_oeo_N4_k4_L4_lr0.002_s17,moe_oeo,4,4,17,val,0,01_TUMOR,5,06_MUCOSA,8
moe_oeo_N4_k4_L4_lr0.002_s17,moe_oeo,4,4,17,val,0,01_TUMOR,6,07_ADIPOSE,0
moe_oeo_N4_k4_L4_lr0.002_s17,moe_oeo,4,4,17,val,0,01_TUMOR,7,08_EMPTY,0
moe_oeo_N4_k4_L4_lr0.002_s17,moe_oeo,4,4,17,val,1,02_STROMA,0,01_TUMOR,1
moe_oeo_N4_k4_L4_lr0.002_s17,moe_oeo,4,4,17,val,1,02_STROMA,1,02_STROMA,60
moe_oeo_N4_k4_L4_lr0.002_s17,moe_oeo,4,4,17,val,1,02_STROMA,2,03_COMPLEX,10
moe_oeo_N4_k4_L4_lr0.002_s17,moe_oeo,4,4,17,val,1,02_STROMA,3,04_LYMPHO,0
moe_oeo_N4_k4_L4_lr0.002_s17,moe_oeo,4,4,17,val,1,02_STROMA,4,05_DEBRIS,20
moe_oeo_N4_k4_L4_lr0.002_s17,moe_oeo,4,4,17,val,1,02_STROMA,5,06_MUCOSA,3
moe_oeo_N4_k4_L4_lr0.002_s17,moe_oeo,4,4,17,val,1,02_STROMA,6,07_ADIPOSE,0
moe_oeo_N4_k4_L4_lr0.002_s17,moe_oeo,4,4,17,val,1,02_STROMA,7,08_EMPTY,0
moe_oeo_N4_k4_L4_lr0.002_s17,moe_oeo,4,4,17,val,2,03_COMPLEX,0,01_TUMOR,4
moe_oeo_N4_k4_L4_lr0.002_s17,moe_oeo,4,4,17,val,2,03_COMPLEX,1,02_STROMA,20
moe_oeo_N4_k4_L4_lr0.002_s17,moe_oeo,4,4,17,val,2,03_COMPLEX,2,03_COMPLEX,58
moe_oeo_N4_k4_L4_lr0.002_s17,moe_oeo,4,4,17,val,2,03_COMPLEX,3,04_LYMPHO,5
moe_oeo_N4_k4_L4_lr0.002_s17,moe_oeo,4,4,17,val,2,03_COMPLEX,4,05_DEBRIS,6
moe_oeo_N4_k4_L4_lr0.002_s17,moe_oeo,4,4,17,val,2,03_COMPLEX,5,06_MUCOSA,1
moe_oeo_N4_k4_L4_lr0.002_s17,moe_oeo,4,4,17,val,2,03_COMPLEX,6,07_ADIPOSE,0
moe_oeo_N4_k4_L4_lr0.002_s17,moe_oeo,4,4,17,val,2,03_COMPLEX,7,08_EMPTY,0
moe_oeo_N4_k4_L4_lr0.002_s17,moe_oeo,4,4,17,val,3,04_LYMPHO,0,01_TUMOR,12
moe_oeo_N4_k4_L4_lr0.002_s17,moe_oeo,4,4,17,val,3,04_LYMPHO,1,02_STROMA,0
moe_oeo_N4_k4_L4_lr0.002_s17,moe_oeo,4,4,17,val,3,04_LYMPHO,2,03_COMPLEX,4
moe_oeo_N4_k4_L4_lr0.002_s17,moe_oeo,4,4,17,val,3,04_LYMPHO,3,04_LYMPHO,70
moe_oeo_N4_k4_L4_lr0.002_s17,moe_oeo,4,4,17,val,3,04_LYMPHO,4,05_DEBRIS,1
moe_oeo_N4_k4_L4_lr0.002_s17,moe_oeo,4,4,17,val,3,04_LYMPHO,5,06_MUCOSA,7
moe_oeo_N4_k4_L4_lr0.002_s17,moe_oeo,4,4,17,val,3,04_LYMPHO,6,07_ADIPOSE,0
moe_oeo_N4_k4_L4_lr0.002_s17,moe_oeo,4,4,17,val,3,04_LYMPHO,7,08_EMPTY,0
moe_oeo_N4_k4_L4_lr0.002_s17,moe_oeo,4,4,17,val,4,05_DEBRIS,0,01_TUMOR,1
moe_oeo_N4_k4_L4_lr0.002_s17,moe_oeo,4,4,17,val,4,05_DEBRIS,1,02_STROMA,22
moe_oeo_N4_k4_L4_lr0.002_s17,moe_oeo,4,4,17,val,4,05_DEBRIS,2,03_COMPLEX,3
moe_oeo_N4_k4_L4_lr0.002_s17,moe_oeo,4,4,17,val,4,05_DEBRIS,3,04_LYMPHO,1
moe_oeo_N4_k4_L4_lr0.002_s17,moe_oeo,4,4,17,val,4,05_DEBRIS,4,05_DEBRIS,45
moe_oeo_N4_k4_L4_lr0.002_s17,moe_oeo,4,4,17,val,4,05_DEBRIS,5,06_MUCOSA,16
moe_oeo_N4_k4_L4_lr0.002_s17,moe_oeo,4,4,17,val,4,05_DEBRIS,6,07_ADIPOSE,6
moe_oeo_N4_k4_L4_lr0.002_s17,moe_oeo,4,4,17,val,4,05_DEBRIS,7,08_EMPTY,0
moe_oeo_N4_k4_L4_lr0.002_s17,moe_oeo,4,4,17,val,5,06_MUCOSA,0,01_TUMOR,10
moe_oeo_N4_k4_L4_lr0.002_s17,moe_oeo,4,4,17,val,5,06_MUCOSA,1,02_STROMA,0
moe_oeo_N4_k4_L4_lr0.002_s17,moe_oeo,4,4,17,val,5,06_MUCOSA,2,03_COMPLEX,0
moe_oeo_N4_k4_L4_lr0.002_s17,moe_oeo,4,4,17,val,5,06_MUCOSA,3,04_LYMPHO,6
moe_oeo_N4_k4_L4_lr0.002_s17,moe_oeo,4,4,17,val,5,06_MUCOSA,4,05_DEBRIS,4
moe_oeo_N4_k4_L4_lr0.002_s17,moe_oeo,4,4,17,val,5,06_MUCOSA,5,06_MUCOSA,74
moe_oeo_N4_k4_L4_lr0.002_s17,moe_oeo,4,4,17,val,5,06_MUCOSA,6,07_ADIPOSE,0
moe_oeo_N4_k4_L4_lr0.002_s17,moe_oeo,4,4,17,val,5,06_MUCOSA,7,08_EMPTY,0
moe_oeo_N4_k4_L4_lr0.002_s17,moe_oeo,4,4,17,val,6,07_ADIPOSE,0,01_TUMOR,0
moe_oeo_N4_k4_L4_lr0.002_s17,moe_oeo,4,4,17,val,6,07_ADIPOSE,1,02_STROMA,0
moe_oeo_N4_k4_L4_lr0.002_s17,moe_oeo,4,4,17,val,6,07_ADIPOSE,2,03_COMPLEX,0
moe_oeo_N4_k4_L4_lr0.002_s17,moe_oeo,4,4,17,val,6,07_ADIPOSE,3,04_LYMPHO,0
moe_oeo_N4_k4_L4_lr0.002_s17,moe_oeo,4,4,17,val,6,07_ADIPOSE,4,05_DEBRIS,2
moe_oeo_N4_k4_L4_lr0.002_s17,moe_oeo,4,4,17,val,6,07_ADIPOSE,5,06_MUCOSA,0
moe_oeo_N4_k4_L4_lr0.002_s17,moe_oeo,4,4,17,val,6,07_ADIPOSE,6,07_ADIPOSE,87
moe_oeo_N4_k4_L4_lr0.002_s17,moe_oeo,4,4,17,val,6,07_ADIPOSE,7,08_EMPTY,5
moe_oeo_N4_k4_L4_lr0.002_s17,moe_oeo,4,4,17,val,7,08_EMPTY,0,01_TUMOR,0
moe_oeo_N4_k4_L4_lr0.002_s17,moe_oeo,4,4,17,val,7,08_EMPTY,1,02_STROMA,0
moe_oeo_N4_k4_L4_lr0.002_s17,moe_oeo,4,4,17,val,7,08_EMPTY,2,03_COMPLEX,0
moe_oeo_N4_k4_L4_lr0.002_s17,moe_oeo,4,4,17,val,7,08_EMPTY,3,04_LYMPHO,0
moe_oeo_N4_k4_L4_lr0.002_s17,moe_oeo,4,4,17,val,7,08_EMPTY,4,05_DEBRIS,0
moe_oeo_N4_k4_L4_lr0.002_s17,moe_oeo,4,4,17,val,7,08_EMPTY,5,06_MUCOSA,0
moe_oeo_N4_k4_L4_lr0.002_s17,moe_oeo,4,4,17,val,7,08_EMPTY,6,07_ADIPOSE,2
moe_oeo_N4_k4_L4_lr0.002_s17,moe_oeo,4,4,17,val,7,08_EMPTY,7,08_EMPTY,92
moe_oeo_N16_k1_L4_lr0.002_s17,moe_oeo,16,1,17,train,0,01_TUMOR,0,01_TUMOR,281
moe_oeo_N16_k1_L4_lr0.002_s17,moe_oeo,16,1,17,train,0,01_TUMOR,1,02_STROMA,39
moe_oeo_N16_k1_L4_lr0.002_s17,moe_oeo,16,1,17,train,0,01_TUMOR,2,03_COMPLEX,24
moe_oeo_N16_k1_L4_lr0.002_s17,moe_oeo,16,1,17,train,0,01_TUMOR,3,04_LYMPHO,40
moe_oeo_N16_k1_L4_lr0.002_s17,moe_oeo,16,1,17,train,0,01_TUMOR,4,05_DEBRIS,0
moe_oeo_N16_k1_L4_lr0.002_s17,moe_oeo,16,1,17,train,0,01_TUMOR,5,06_MUCOSA,49
moe_oeo_N16_k1_L4_lr0.002_s17,moe_oeo,16,1,17,train,0,01_TUMOR,6,07_ADIPOSE,1
moe_oeo_N16_k1_L4_lr0.002_s17,moe_oeo,16,1,17,train,0,01_TUMOR,7,08_EMPTY,3
moe_oeo_N16_k1_L4_lr0.002_s17,moe_oeo,16,1,17,train,1,02_STROMA,0,01_TUMOR,17
moe_oeo_N16_k1_L4_lr0.002_s17,moe_oeo,16,1,17,train,1,02_STROMA,1,02_STROMA,106
moe_oeo_N16_k1_L4_lr0.002_s17,moe_oeo,16,1,17,train,1,02_STROMA,2,03_COMPLEX,246
moe_oeo_N16_k1_L4_lr0.002_s17,moe_oeo,16,1,17,train,1,02_STROMA,3,04_LYMPHO,7
moe_oeo_N16_k1_L4_lr0.002_s17,moe_oeo,16,1,17,train,1,02_STROMA,4,05_DEBRIS,24
moe_oeo_N16_k1_L4_lr0.002_s17,moe_oeo,16,1,17,train,1,02_STROMA,5,06_MUCOSA,24
moe_oeo_N16_k1_L4_lr0.002_s17,moe_oeo,16,1,17,train,1,02_STROMA,6,07_ADIPOSE,6
moe_oeo_N16_k1_L4_lr0.002_s17,moe_oeo,16,1,17,train,1,02_STROMA,7,08_EMPTY,7
moe_oeo_N16_k1_L4_lr0.002_s17,moe_oeo,16,1,17,train,2,03_COMPLEX,0,01_TUMOR,46
moe_oeo_N16_k1_L4_lr0.002_s17,moe_oeo,16,1,17,train,2,03_COMPLEX,1,02_STROMA,103
moe_oeo_N16_k1_L4_lr0.002_s17,moe_oeo,16,1,17,train,2,03_COMPLEX,2,03_COMPLEX,237
moe_oeo_N16_k1_L4_lr0.002_s17,moe_oeo,16,1,17,train,2,03_COMPLEX,3,04_LYMPHO,18
moe_oeo_N16_k1_L4_lr0.002_s17,moe_oeo,16,1,17,train,2,03_COMPLEX,4,05_DEBRIS,10
moe_oeo_N16_k1_L4_lr0.002_s17,moe_oeo,16,1,17,train,2,03_COMPLEX,5,06_MUCOSA,22
moe_oeo_N16_k1_L4_lr0.002_s17,moe_oeo,16,1,17,train,2,03_COMPLEX,6,07_ADIPOSE,0
moe_oeo_N16_k1_L4_lr0.002_s17,moe_oeo,16,1,17,train,2,03_COMPLEX,7,08_EMPTY,1
moe_oeo_N16_k1_L4_lr0.002_s17,moe_oeo,16,1,17,train,3,04_LYMPHO,0,01_TUMOR,164
moe_oeo_N16_k1_L4_lr0.002_s17,moe_oeo,16,1,17,train,3,04_LYMPHO,1,02_STROMA,31
moe_oeo_N16_k1_L4_lr0.002_s17,moe_oeo,16,1,17,train,3,04_LYMPHO,2,03_COMPLEX,25
moe_oeo_N16_k1_L4_lr0.002_s17,moe_oeo,16,1,17,train,3,04_LYMPHO,3,04_LYMPHO,178
moe_oeo_N16_k1_L4_lr0.002_s17,moe_oeo,16,1,17,train,3,04_LYMPHO,4,05_DEBRIS,0
moe_oeo_N16_k1_L4_lr0.002_s17,moe_oeo,16,1,17,train,3,04_LYMPHO,5,06_MUCOSA,34
moe_oeo_N16_k1_L4_lr0.002_s17,moe_oeo,16,1,17,train,3,04_LYMPHO,6,07_ADIPOSE,5
moe_oeo_N16_k1_L4_lr0.002_s17,moe_oeo,16,1,17,train,3,04_LYMPHO,7,08_EMPTY,0
moe_oeo_N16_k1_L4_lr0.002_s17,moe_oeo,16,1,17,train,4,05_DEBRIS,0,01_TUMOR,16
moe_oeo_N16_k1_L4_lr0.002_s17,moe_oeo,16,1,17,train,4,05_DEBRIS,1,02_STROMA,86
moe_oeo_N16_k1_L4_lr0.002_s17,moe_oeo,16,1,17,train,4,05_DEBRIS,2,03_COMPLEX,134
moe_oeo_N16_k1_L4_lr0.002_s17,moe_oeo,16,1,17,train,4,05_DEBRIS,3,04_LYMPHO,5
moe_oeo_N16_k1_L4_lr0.002_s17,moe_oeo,16,1,17,train,4,05_DEBRIS,4,05_DEBRIS,74
moe_oeo_N16_k1_L4_lr0.002_s17,moe_oeo,16,1,17,train,4,05_DEBRIS,5,06_MUCOSA,75
moe_oeo_N16_k1_L4_lr0.002_s17,moe_oeo,16,1,17,train,4,05_DEBRIS,6,07_ADIPOSE,32
moe_oeo_N16_k1_L4_lr0.002_s17,moe_oeo,16,1,17,train,4,05_DEBRIS,7,08_EMPTY,15
moe_oeo_N16_k1_L4_lr0.002_s17,moe_oeo,16,1,17,train,5,06_MUCOSA,0,01_TUMOR,29
moe_oeo_N16_k1_L4_lr0.002_s17,moe_oeo,16,1,17,train,5,06_MUCOSA,1,02_STROMA,17
moe_oeo_N16_k1_L4_lr0.002_s17,moe_oeo,16,1,17,train,5,06_MUCOSA,2,03_COMPLEX,93
moe_oeo_N16_k1_L4_lr0.002_s17,moe_oeo,16,1,17,train,5,06_MUCOSA,3,04_LYMPHO,29
moe_oeo_N16_k1_L4_lr0.002_s17,moe_oeo,16,1,17,train,5,06_MUCOSA,4,05_DEBRIS,11
moe_oeo_N16_k1_L4_lr0.002_s17,moe_oeo,16,1,17,train,5,06_MUCOSA,5,06_MUCOSA,252
moe_oeo_N16_k1_L4_lr0.002_s17,moe_oeo,16,1,17,train,5,06_MUCOSA,6,07_ADIPOSE,6
moe_oeo_N16_k1_L4_lr0.002_s17,moe_oeo,16,1,17,train,5,06_MUCOSA,7,08_EMPTY,0
moe_oeo_N16_k1_L4_lr0.002_s17,moe_oeo,16,1,17,train,6,07_ADIPOSE,0,01_TUMOR,0
moe_oeo_N16_k1_L4_lr0.002_s17,moe_oeo,16,1,17,train,6,07_ADIPOSE,1,02_STROMA,8
moe_oeo_N16_k1_L4_lr0.002_s17,moe_oeo,16,1,17,train,6,07_ADIPOSE,2,03_COMPLEX,3
moe_oeo_N16_k1_L4_lr0.002_s17,moe_oeo,16,1,17,train,6,07_ADIPOSE,3,04_LYMPHO,0
moe_oeo_N16_k1_L4_lr0.002_s17,moe_oeo,16,1,17,train,6,07_ADIPOSE,4,05_DEBRIS,4
moe_oeo_N16_k1_L4_lr0.002_s17,moe_oeo,16,1,17,train,6,07_ADIPOSE,5,06_MUCOSA,7
moe_oeo_N16_k1_L4_lr0.002_s17,moe_oeo,16,1,17,train,6,07_ADIPOSE,6,07_ADIPOSE,361
moe_oeo_N16_k1_L4_lr0.002_s17,moe_oeo,16,1,17,train,6,07_ADIPOSE,7,08_EMPTY,54
moe_oeo_N16_k1_L4_lr0.002_s17,moe_oeo,16,1,17,train,7,08_EMPTY,0,01_TUMOR,0
moe_oeo_N16_k1_L4_lr0.002_s17,moe_oeo,16,1,17,train,7,08_EMPTY,1,02_STROMA,0
moe_oeo_N16_k1_L4_lr0.002_s17,moe_oeo,16,1,17,train,7,08_EMPTY,2,03_COMPLEX,0
moe_oeo_N16_k1_L4_lr0.002_s17,moe_oeo,16,1,17,train,7,08_EMPTY,3,04_LYMPHO,0
moe_oeo_N16_k1_L4_lr0.002_s17,moe_oeo,16,1,17,train,7,08_EMPTY,4,05_DEBRIS,0
moe_oeo_N16_k1_L4_lr0.002_s17,moe_oeo,16,1,17,train,7,08_EMPTY,5,06_MUCOSA,1
moe_oeo_N16_k1_L4_lr0.002_s17,moe_oeo,16,1,17,train,7,08_EMPTY,6,07_ADIPOSE,13
moe_oeo_N16_k1_L4_lr0.002_s17,moe_oeo,16,1,17,train,7,08_EMPTY,7,08_EMPTY,423
moe_oeo_N16_k1_L4_lr0.002_s17,moe_oeo,16,1,17,val,0,01_TUMOR,0,01_TUMOR,60
moe_oeo_N16_k1_L4_lr0.002_s17,moe_oeo,16,1,17,val,0,01_TUMOR,1,02_STROMA,12
moe_oeo_N16_k1_L4_lr0.002_s17,moe_oeo,16,1,17,val,0,01_TUMOR,2,03_COMPLEX,8
moe_oeo_N16_k1_L4_lr0.002_s17,moe_oeo,16,1,17,val,0,01_TUMOR,3,04_LYMPHO,8
moe_oeo_N16_k1_L4_lr0.002_s17,moe_oeo,16,1,17,val,0,01_TUMOR,4,05_DEBRIS,1
moe_oeo_N16_k1_L4_lr0.002_s17,moe_oeo,16,1,17,val,0,01_TUMOR,5,06_MUCOSA,5
moe_oeo_N16_k1_L4_lr0.002_s17,moe_oeo,16,1,17,val,0,01_TUMOR,6,07_ADIPOSE,0
moe_oeo_N16_k1_L4_lr0.002_s17,moe_oeo,16,1,17,val,0,01_TUMOR,7,08_EMPTY,0
moe_oeo_N16_k1_L4_lr0.002_s17,moe_oeo,16,1,17,val,1,02_STROMA,0,01_TUMOR,5
moe_oeo_N16_k1_L4_lr0.002_s17,moe_oeo,16,1,17,val,1,02_STROMA,1,02_STROMA,28
moe_oeo_N16_k1_L4_lr0.002_s17,moe_oeo,16,1,17,val,1,02_STROMA,2,03_COMPLEX,50
moe_oeo_N16_k1_L4_lr0.002_s17,moe_oeo,16,1,17,val,1,02_STROMA,3,04_LYMPHO,1
moe_oeo_N16_k1_L4_lr0.002_s17,moe_oeo,16,1,17,val,1,02_STROMA,4,05_DEBRIS,2
moe_oeo_N16_k1_L4_lr0.002_s17,moe_oeo,16,1,17,val,1,02_STROMA,5,06_MUCOSA,6
moe_oeo_N16_k1_L4_lr0.002_s17,moe_oeo,16,1,17,val,1,02_STROMA,6,07_ADIPOSE,0
moe_oeo_N16_k1_L4_lr0.002_s17,moe_oeo,16,1,17,val,1,02_STROMA,7,08_EMPTY,2
moe_oeo_N16_k1_L4_lr0.002_s17,moe_oeo,16,1,17,val,2,03_COMPLEX,0,01_TUMOR,7
moe_oeo_N16_k1_L4_lr0.002_s17,moe_oeo,16,1,17,val,2,03_COMPLEX,1,02_STROMA,21
moe_oeo_N16_k1_L4_lr0.002_s17,moe_oeo,16,1,17,val,2,03_COMPLEX,2,03_COMPLEX,50
moe_oeo_N16_k1_L4_lr0.002_s17,moe_oeo,16,1,17,val,2,03_COMPLEX,3,04_LYMPHO,2
moe_oeo_N16_k1_L4_lr0.002_s17,moe_oeo,16,1,17,val,2,03_COMPLEX,4,05_DEBRIS,4
moe_oeo_N16_k1_L4_lr0.002_s17,moe_oeo,16,1,17,val,2,03_COMPLEX,5,06_MUCOSA,9
moe_oeo_N16_k1_L4_lr0.002_s17,moe_oeo,16,1,17,val,2,03_COMPLEX,6,07_ADIPOSE,0
moe_oeo_N16_k1_L4_lr0.002_s17,moe_oeo,16,1,17,val,2,03_COMPLEX,7,08_EMPTY,1
moe_oeo_N16_k1_L4_lr0.002_s17,moe_oeo,16,1,17,val,3,04_LYMPHO,0,01_TUMOR,39
moe_oeo_N16_k1_L4_lr0.002_s17,moe_oeo,16,1,17,val,3,04_LYMPHO,1,02_STROMA,10
moe_oeo_N16_k1_L4_lr0.002_s17,moe_oeo,16,1,17,val,3,04_LYMPHO,2,03_COMPLEX,12
moe_oeo_N16_k1_L4_lr0.002_s17,moe_oeo,16,1,17,val,3,04_LYMPHO,3,04_LYMPHO,24
moe_oeo_N16_k1_L4_lr0.002_s17,moe_oeo,16,1,17,val,3,04_LYMPHO,4,05_DEBRIS,0
moe_oeo_N16_k1_L4_lr0.002_s17,moe_oeo,16,1,17,val,3,04_LYMPHO,5,06_MUCOSA,9
moe_oeo_N16_k1_L4_lr0.002_s17,moe_oeo,16,1,17,val,3,04_LYMPHO,6,07_ADIPOSE,0
moe_oeo_N16_k1_L4_lr0.002_s17,moe_oeo,16,1,17,val,3,04_LYMPHO,7,08_EMPTY,0
moe_oeo_N16_k1_L4_lr0.002_s17,moe_oeo,16,1,17,val,4,05_DEBRIS,0,01_TUMOR,5
moe_oeo_N16_k1_L4_lr0.002_s17,moe_oeo,16,1,17,val,4,05_DEBRIS,1,02_STROMA,17
moe_oeo_N16_k1_L4_lr0.002_s17,moe_oeo,16,1,17,val,4,05_DEBRIS,2,03_COMPLEX,27
moe_oeo_N16_k1_L4_lr0.002_s17,moe_oeo,16,1,17,val,4,05_DEBRIS,3,04_LYMPHO,1
moe_oeo_N16_k1_L4_lr0.002_s17,moe_oeo,16,1,17,val,4,05_DEBRIS,4,05_DEBRIS,15
moe_oeo_N16_k1_L4_lr0.002_s17,moe_oeo,16,1,17,val,4,05_DEBRIS,5,06_MUCOSA,11
moe_oeo_N16_k1_L4_lr0.002_s17,moe_oeo,16,1,17,val,4,05_DEBRIS,6,07_ADIPOSE,10
moe_oeo_N16_k1_L4_lr0.002_s17,moe_oeo,16,1,17,val,4,05_DEBRIS,7,08_EMPTY,8
moe_oeo_N16_k1_L4_lr0.002_s17,moe_oeo,16,1,17,val,5,06_MUCOSA,0,01_TUMOR,15
moe_oeo_N16_k1_L4_lr0.002_s17,moe_oeo,16,1,17,val,5,06_MUCOSA,1,02_STROMA,4
moe_oeo_N16_k1_L4_lr0.002_s17,moe_oeo,16,1,17,val,5,06_MUCOSA,2,03_COMPLEX,15
moe_oeo_N16_k1_L4_lr0.002_s17,moe_oeo,16,1,17,val,5,06_MUCOSA,3,04_LYMPHO,4
moe_oeo_N16_k1_L4_lr0.002_s17,moe_oeo,16,1,17,val,5,06_MUCOSA,4,05_DEBRIS,2
moe_oeo_N16_k1_L4_lr0.002_s17,moe_oeo,16,1,17,val,5,06_MUCOSA,5,06_MUCOSA,50
moe_oeo_N16_k1_L4_lr0.002_s17,moe_oeo,16,1,17,val,5,06_MUCOSA,6,07_ADIPOSE,4
moe_oeo_N16_k1_L4_lr0.002_s17,moe_oeo,16,1,17,val,5,06_MUCOSA,7,08_EMPTY,0
moe_oeo_N16_k1_L4_lr0.002_s17,moe_oeo,16,1,17,val,6,07_ADIPOSE,0,01_TUMOR,0
moe_oeo_N16_k1_L4_lr0.002_s17,moe_oeo,16,1,17,val,6,07_ADIPOSE,1,02_STROMA,0
moe_oeo_N16_k1_L4_lr0.002_s17,moe_oeo,16,1,17,val,6,07_ADIPOSE,2,03_COMPLEX,0
moe_oeo_N16_k1_L4_lr0.002_s17,moe_oeo,16,1,17,val,6,07_ADIPOSE,3,04_LYMPHO,0
moe_oeo_N16_k1_L4_lr0.002_s17,moe_oeo,16,1,17,val,6,07_ADIPOSE,4,05_DEBRIS,1
moe_oeo_N16_k1_L4_lr0.002_s17,moe_oeo,16,1,17,val,6,07_ADIPOSE,5,06_MUCOSA,1
moe_oeo_N16_k1_L4_lr0.002_s17,moe_oeo,16,1,17,val,6,07_ADIPOSE,6,07_ADIPOSE,75
moe_oeo_N16_k1_L4_lr0.002_s17,moe_oeo,16,1,17,val,6,07_ADIPOSE,7,08_EMPTY,17
moe_oeo_N16_k1_L4_lr0.002_s17,moe_oeo,16,1,17,val,7,08_EMPTY,0,01_TUMOR,0
moe_oeo_N16_k1_L4_lr0.002_s17,moe_oeo,16,1,17,val,7,08_EMPTY,1,02_STROMA,0
moe_oeo_N16_k1_L4_lr0.002_s17,moe_oeo,16,1,17,val,7,08_EMPTY,2,03_COMPLEX,0
moe_oeo_N16_k1_L4_lr0.002_s17,moe_oeo,16,1,17,val,7,08_EMPTY,3,04_LYMPHO,0
moe_oeo_N16_k1_L4_lr0.002_s17,moe_oeo,16,1,17,val,7,08_EMPTY,4,05_DEBRIS,0
moe_oeo_N16_k1_L4_lr0.002_s17,moe_oeo,16,1,17,val,7,08_EMPTY,5,06_MUCOSA,0
moe_oeo_N16_k1_L4_lr0.002_s17,moe_oeo,16,1,17,val,7,08_EMPTY,6,07_ADIPOSE,4
moe_oeo_N16_k1_L4_lr0.002_s17,moe_oeo,16,1,17,val,7,08_EMPTY,7,08_EMPTY,90
moe_oeo_N16_k4_L4_lr0.002_s17,moe_oeo,16,4,17,train,0,01_TUMOR,0,01_TUMOR,284
moe_oeo_N16_k4_L4_lr0.002_s17,moe_oeo,16,4,17,train,0,01_TUMOR,1,02_STROMA,4
moe_oeo_N16_k4_L4_lr0.002_s17,moe_oeo,16,4,17,train,0,01_TUMOR,2,03_COMPLEX,21
moe_oeo_N16_k4_L4_lr0.002_s17,moe_oeo,16,4,17,train,0,01_TUMOR,3,04_LYMPHO,61
moe_oeo_N16_k4_L4_lr0.002_s17,moe_oeo,16,4,17,train,0,01_TUMOR,4,05_DEBRIS,1
moe_oeo_N16_k4_L4_lr0.002_s17,moe_oeo,16,4,17,train,0,01_TUMOR,5,06_MUCOSA,64
moe_oeo_N16_k4_L4_lr0.002_s17,moe_oeo,16,4,17,train,0,01_TUMOR,6,07_ADIPOSE,2
moe_oeo_N16_k4_L4_lr0.002_s17,moe_oeo,16,4,17,train,0,01_TUMOR,7,08_EMPTY,0
moe_oeo_N16_k4_L4_lr0.002_s17,moe_oeo,16,4,17,train,1,02_STROMA,0,01_TUMOR,2
moe_oeo_N16_k4_L4_lr0.002_s17,moe_oeo,16,4,17,train,1,02_STROMA,1,02_STROMA,291
moe_oeo_N16_k4_L4_lr0.002_s17,moe_oeo,16,4,17,train,1,02_STROMA,2,03_COMPLEX,46
moe_oeo_N16_k4_L4_lr0.002_s17,moe_oeo,16,4,17,train,1,02_STROMA,3,04_LYMPHO,0
moe_oeo_N16_k4_L4_lr0.002_s17,moe_oeo,16,4,17,train,1,02_STROMA,4,05_DEBRIS,87
moe_oeo_N16_k4_L4_lr0.002_s17,moe_oeo,16,4,17,train,1,02_STROMA,5,06_MUCOSA,11
moe_oeo_N16_k4_L4_lr0.002_s17,moe_oeo,16,4,17,train,1,02_STROMA,6,07_ADIPOSE,0
moe_oeo_N16_k4_L4_lr0.002_s17,moe_oeo,16,4,17,train,1,02_STROMA,7,08_EMPTY,0
moe_oeo_N16_k4_L4_lr0.002_s17,moe_oeo,16,4,17,train,2,03_COMPLEX,0,01_TUMOR,19
moe_oeo_N16_k4_L4_lr0.002_s17,moe_oeo,16,4,17,train,2,03_COMPLEX,1,02_STROMA,60
moe_oeo_N16_k4_L4_lr0.002_s17,moe_oeo,16,4,17,train,2,03_COMPLEX,2,03_COMPLEX,291
moe_oeo_N16_k4_L4_lr0.002_s17,moe_oeo,16,4,17,train,2,03_COMPLEX,3,04_LYMPHO,31
moe_oeo_N16_k4_L4_lr0.002_s17,moe_oeo,16,4,17,train,2,03_COMPLEX,4,05_DEBRIS,11
moe_oeo_N16_k4_L4_lr0.002_s17,moe_oeo,16,4,17,train,2,03_COMPLEX,5,06_MUCOSA,25
moe_oeo_N16_k4_L4_lr0.002_s17,moe_oeo,16,4,17,train,2,03_COMPLEX,6,07_ADIPOSE,0
moe_oeo_N16_k4_L4_lr0.002_s17,moe_oeo,16,4,17,train,2,03_COMPLEX,7,08_EMPTY,0
moe_oeo_N16_k4_L4_lr0.002_s17,moe_oeo,16,4,17,train,3,04_LYMPHO,0,01_TUMOR,54
moe_oeo_N16_k4_L4_lr0.002_s17,moe_oeo,16,4,17,train,3,04_LYMPHO,1,02_STROMA,1
moe_oeo_N16_k4_L4_lr0.002_s17,moe_oeo,16,4,17,train,3,04_LYMPHO,2,03_COMPLEX,38
moe_oeo_N16_k4_L4_lr0.002_s17,moe_oeo,16,4,17,train,3,04_LYMPHO,3,04_LYMPHO,315
moe_oeo_N16_k4_L4_lr0.002_s17,moe_oeo,16,4,17,train,3,04_LYMPHO,4,05_DEBRIS,1
moe_oeo_N16_k4_L4_lr0.002_s17,moe_oeo,16,4,17,train,3,04_LYMPHO,5,06_MUCOSA,28
moe_oeo_N16_k4_L4_lr0.002_s17,moe_oeo,16,4,17,train,3,04_LYMPHO,6,07_ADIPOSE,0
moe_oeo_N16_k4_L4_lr0.002_s17,moe_oeo,16,4,17,train,3,04_LYMPHO,7,08_EMPTY,0
moe_oeo_N16_k4_L4_lr0.002_s17,moe_oeo,16,4,17,train,4,05_DEBRIS,0,01_TUMOR,2
moe_oeo_N16_k4_L4_lr0.002_s17,moe_oeo,16,4,17,train,4,05_DEBRIS,1,02_STROMA,111
moe_oeo_N16_k4_L4_lr0.002_s17,moe_oeo,16,4,17,train,4,05_DEBRIS,2,03_COMPLEX,33
moe_oeo_N16_k4_L4_lr0.002_s17,moe_oeo,16,4,17,train,4,05_DEBRIS,3,04_LYMPHO,0
moe_oeo_N16_k4_L4_lr0.002_s17,moe_oeo,16,4,17,train,4,05_DEBRIS,4,05_DEBRIS,222
moe_oeo_N16_k4_L4_lr0.002_s17,moe_oeo,16,4,17,train,4,05_DEBRIS,5,06_MUCOSA,52
moe_oeo_N16_k4_L4_lr0.002_s17,moe_oeo,16,4,17,train,4,05_DEBRIS,6,07_ADIPOSE,17
moe_oeo_N16_k4_L4_lr0.002_s17,moe_oeo,16,4,17,train,4,05_DEBRIS,7,08_EMPTY,0
moe_oeo_N16_k4_L4_lr0.002_s17,moe_oeo,16,4,17,train,5,06_MUCOSA,0,01_TUMOR,23
moe_oeo_N16_k4_L4_lr0.002_s17,moe_oeo,16,4,17,train,5,06_MUCOSA,1,02_STROMA,2
moe_oeo_N16_k4_L4_lr0.002_s17,moe_oeo,16,4,17,train,5,06_MUCOSA,2,03_COMPLEX,1
moe_oeo_N16_k4_L4_lr0.002_s17,moe_oeo,16,4,17,train,5,06_MUCOSA,3,04_LYMPHO,25
moe_oeo_N16_k4_L4_lr0.002_s17,moe_oeo,16,4,17,train,5,06_MUCOSA,4,05_DEBRIS,10
moe_oeo_N16_k4_L4_lr0.002_s17,moe_oeo,16,4,17,train,5,06_MUCOSA,5,06_MUCOSA,375
moe_oeo_N16_k4_L4_lr0.002_s17,moe_oeo,16,4,17,train,5,06_MUCOSA,6,07_ADIPOSE,1
moe_oeo_N16_k4_L4_lr0.002_s17,moe_oeo,16,4,17,train,5,06_MUCOSA,7,08_EMPTY,0
moe_oeo_N16_k4_L4_lr0.002_s17,moe_oeo,16,4,17,train,6,07_ADIPOSE,0,01_TUMOR,0
moe_oeo_N16_k4_L4_lr0.002_s17,moe_oeo,16,4,17,train,6,07_ADIPOSE,1,02_STROMA,0
moe_oeo_N16_k4_L4_lr0.002_s17,moe_oeo,16,4,17,train,6,07_ADIPOSE,2,03_COMPLEX,0
moe_oeo_N16_k4_L4_lr0.002_s17,moe_oeo,16,4,17,train,6,07_ADIPOSE,3,04_LYMPHO,0
moe_oeo_N16_k4_L4_lr0.002_s17,moe_oeo,16,4,17,train,6,07_ADIPOSE,4,05_DEBRIS,5
moe_oeo_N16_k4_L4_lr0.002_s17,moe_oeo,16,4,17,train,6,07_ADIPOSE,5,06_MUCOSA,1
moe_oeo_N16_k4_L4_lr0.002_s17,moe_oeo,16,4,17,train,6,07_ADIPOSE,6,07_ADIPOSE,397
moe_oeo_N16_k4_L4_lr0.002_s17,moe_oeo,16,4,17,train,6,07_ADIPOSE,7,08_EMPTY,34
moe_oeo_N16_k4_L4_lr0.002_s17,moe_oeo,16,4,17,train,7,08_EMPTY,0,01_TUMOR,0
moe_oeo_N16_k4_L4_lr0.002_s17,moe_oeo,16,4,17,train,7,08_EMPTY,1,02_STROMA,0
moe_oeo_N16_k4_L4_lr0.002_s17,moe_oeo,16,4,17,train,7,08_EMPTY,2,03_COMPLEX,0
moe_oeo_N16_k4_L4_lr0.002_s17,moe_oeo,16,4,17,train,7,08_EMPTY,3,04_LYMPHO,0
moe_oeo_N16_k4_L4_lr0.002_s17,moe_oeo,16,4,17,train,7,08_EMPTY,4,05_DEBRIS,0
moe_oeo_N16_k4_L4_lr0.002_s17,moe_oeo,16,4,17,train,7,08_EMPTY,5,06_MUCOSA,1
moe_oeo_N16_k4_L4_lr0.002_s17,moe_oeo,16,4,17,train,7,08_EMPTY,6,07_ADIPOSE,6
moe_oeo_N16_k4_L4_lr0.002_s17,moe_oeo,16,4,17,train,7,08_EMPTY,7,08_EMPTY,430
moe_oeo_N16_k4_L4_lr0.002_s17,moe_oeo,16,4,17,val,0,01_TUMOR,0,01_TUMOR,55
moe_oeo_N16_k4_L4_lr0.002_s17,moe_oeo,16,4,17,val,0,01_TUMOR,1,02_STROMA,0
moe_oeo_N16_k4_L4_lr0.002_s17,moe_oeo,16,4,17,val,0,01_TUMOR,2,03_COMPLEX,4
moe_oeo_N16_k4_L4_lr0.002_s17,moe_oeo,16,4,17,val,0,01_TUMOR,3,04_LYMPHO,16
moe_oeo_N16_k4_L4_lr0.002_s17,moe_oeo,16,4,17,val,0,01_TUMOR,4,05_DEBRIS,1
moe_oeo_N16_k4_L4_lr0.002_s17,moe_oeo,16,4,17,val,0,01_TUMOR,5,06_MUCOSA,17
moe_oeo_N16_k4_L4_lr0.002_s17,moe_oeo,16,4,17,val,0,01_TUMOR,6,07_ADIPOSE,1
moe_oeo_N16_k4_L4_lr0.002_s17,moe_oeo,16,4,17,val,0,01_TUMOR,7,08_EMPTY,0
moe_oeo_N16_k4_L4_lr0.002_s17,moe_oeo,16,4,17,val,1,02_STROMA,0,01_TUMOR,1
moe_oeo_N16_k4_L4_lr0.002_s17,moe_oeo,16,4,17,val,1,02_STROMA,1,02_STROMA,50
moe_oeo_N16_k4_L4_lr0.002_s17,moe_oeo,16,4,17,val,1,02_STROMA,2,03_COMPLEX,18
moe_oeo_N16_k4_L4_lr0.002_s17,moe_oeo,16,4,17,val,1,02_STROMA,3,04_LYMPHO,0
moe_oeo_N16_k4_L4_lr0.002_s17,moe_oeo,16,4,17,val,1,02_STROMA,4,05_DEBRIS,23
moe_oeo_N16_k4_L4_lr0.002_s17,moe_oeo,16,4,17,val,1,02_STROMA,5,06_MUCOSA,2
moe_oeo_N16_k4_L4_lr0.002_s17,moe_oeo,16,4,17,val,1,02_STROMA,6,07_ADIPOSE,0
moe_oeo_N16_k4_L4_lr0.002_s17,moe_oeo,16,4,17,val,1,02_STROMA,7,08_EMPTY,0
moe_oeo_N16_k4_L4_lr0.002_s17,moe_oeo,16,4,17,val,2,03_COMPLEX,0,01_TUMOR,4
moe_oeo_N16_k4_L4_lr0.002_s17,moe_oeo,16,4,17,val,2,03_COMPLEX,1,02_STROMA,18
moe_oeo_N16_k4_L4_lr0.002_s17,moe_oeo,16,4,17,val,2,03_COMPLEX,2,03_COMPLEX,58
moe_oeo_N16_k4_L4_lr0.002_s17,moe_oeo,16,4,17,val,2,03_COMPLEX,3,04_LYMPHO,6
moe_oeo_N16_k4_L4_lr0.002_s17,moe_oeo,16,4,17,val,2,03_COMPLEX,4,05_DEBRIS,6
moe_oeo_N16_k4_L4_lr0.002_s17,moe_oeo,16,4,17,val,2,03_COMPLEX,5,06_MUCOSA,2
moe_oeo_N16_k4_L4_lr0.002_s17,moe_oeo,16,4,17,val,2,03_COMPLEX,6,07_ADIPOSE,0
moe_oeo_N16_k4_L4_lr0.002_s17,moe_oeo,16,4,17,val,2,03_COMPLEX,7,08_EMPTY,0
moe_oeo_N16_k4_L4_lr0.002_s17,moe_oeo,16,4,17,val,3,04_LYMPHO,0,01_TUMOR,10
moe_oeo_N16_k4_L4_lr0.002_s17,moe_oeo,16,4,17,val,3,04_LYMPHO,1,02_STROMA,0
moe_oeo_N16_k4_L4_lr0.002_s17,moe_oeo,16,4,17,val,3,04_LYMPHO,2,03_COMPLEX,9
moe_oeo_N16_k4_L4_lr0.002_s17,moe_oeo,16,4,17,val,3,04_LYMPHO,3,04_LYMPHO,71
moe_oeo_N16_k4_L4_lr0.002_s17,moe_oeo,16,4,17,val,3,04_LYMPHO,4,05_DEBRIS,0
moe_oeo_N16_k4_L4_lr0.002_s17,moe_oeo,16,4,17,val,3,04_LYMPHO,5,06_MUCOSA,4
moe_oeo_N16_k4_L4_lr0.002_s17,moe_oeo,16,4,17,val,3,04_LYMPHO,6,07_ADIPOSE,0
moe_oeo_N16_k4_L4_lr0.002_s17,moe_oeo,16,4,17,val,3,04_LYMPHO,7,08_EMPTY,0
moe_oeo_N16_k4_L4_lr0.002_s17,moe_oeo,16,4,17,val,4,05_DEBRIS,0,01_TUMOR,0
moe_oeo_N16_k4_L4_lr0.002_s17,moe_oeo,16,4,17,val,4,05_DEBRIS,1,02_STROMA,19
moe_oeo_N16_k4_L4_lr0.002_s17,moe_oeo,16,4,17,val,4,05_DEBRIS,2,03_COMPLEX,10
moe_oeo_N16_k4_L4_lr0.002_s17,moe_oeo,16,4,17,val,4,05_DEBRIS,3,04_LYMPHO,0
moe_oeo_N16_k4_L4_lr0.002_s17,moe_oeo,16,4,17,val,4,05_DEBRIS,4,05_DEBRIS,44
moe_oeo_N16_k4_L4_lr0.002_s17,moe_oeo,16,4,17,val,4,05_DEBRIS,5,06_MUCOSA,14
moe_oeo_N16_k4_L4_lr0.002_s17,moe_oeo,16,4,17,val,4,05_DEBRIS,6,07_ADIPOSE,6
moe_oeo_N16_k4_L4_lr0.002_s17,moe_oeo,16,4,17,val,4,05_DEBRIS,7,08_EMPTY,1
moe_oeo_N16_k4_L4_lr0.002_s17,moe_oeo,16,4,17,val,5,06_MUCOSA,0,01_TUMOR,8
moe_oeo_N16_k4_L4_lr0.002_s17,moe_oeo,16,4,17,val,5,06_MUCOSA,1,02_STROMA,0
moe_oeo_N16_k4_L4_lr0.002_s17,moe_oeo,16,4,17,val,5,06_MUCOSA,2,03_COMPLEX,0
moe_oeo_N16_k4_L4_lr0.002_s17,moe_oeo,16,4,17,val,5,06_MUCOSA,3,04_LYMPHO,4
moe_oeo_N16_k4_L4_lr0.002_s17,moe_oeo,16,4,17,val,5,06_MUCOSA,4,05_DEBRIS,3
moe_oeo_N16_k4_L4_lr0.002_s17,moe_oeo,16,4,17,val,5,06_MUCOSA,5,06_MUCOSA,79
moe_oeo_N16_k4_L4_lr0.002_s17,moe_oeo,16,4,17,val,5,06_MUCOSA,6,07_ADIPOSE,0
moe_oeo_N16_k4_L4_lr0.002_s17,moe_oeo,16,4,17,val,5,06_MUCOSA,7,08_EMPTY,0
moe_oeo_N16_k4_L4_lr0.002_s17,moe_oeo,16,4,17,val,6,07_ADIPOSE,0,01_TUMOR,0
moe_oeo_N16_k4_L4_lr0.002_s17,moe_oeo,16,4,17,val,6,07_ADIPOSE,1,02_STROMA,0
moe_oeo_N16_k4_L4_lr0.002_s17,moe_oeo,16,4,17,val,6,07_ADIPOSE,2,03_COMPLEX,0
moe_oeo_N16_k4_L4_lr0.002_s17,moe_oeo,16,4,17,val,6,07_ADIPOSE,3,04_LYMPHO,0
moe_oeo_N16_k4_L4_lr0.002_s17,moe_oeo,16,4,17,val,6,07_ADIPOSE,4,05_DEBRIS,2
moe_oeo_N16_k4_L4_lr0.002_s17,moe_oeo,16,4,17,val,6,07_ADIPOSE,5,06_MUCOSA,1
moe_oeo_N16_k4_L4_lr0.002_s17,moe_oeo,16,4,17,val,6,07_ADIPOSE,6,07_ADIPOSE,80
moe_oeo_N16_k4_L4_lr0.002_s17,moe_oeo,16,4,17,val,6,07_ADIPOSE,7,08_EMPTY,11
moe_oeo_N16_k4_L4_lr0.002_s17,moe_oeo,16,4,17,val,7,08_EMPTY,0,01_TUMOR,0
moe_oeo_N16_k4_L4_lr0.002_s17,moe_oeo,16,4,17,val,7,08_EMPTY,1,02_STROMA,0
moe_oeo_N16_k4_L4_lr0.002_s17,moe_oeo,16,4,17,val,7,08_EMPTY,2,03_COMPLEX,0
moe_oeo_N16_k4_L4_lr0.002_s17,moe_oeo,16,4,17,val,7,08_EMPTY,3,04_LYMPHO,0
moe_oeo_N16_k4_L4_lr0.002_s17,moe_oeo,16,4,17,val,7,08_EMPTY,4,05_DEBRIS,0
moe_oeo_N16_k4_L4_lr0.002_s17,moe_oeo,16,4,17,val,7,08_EMPTY,5,06_MUCOSA,0
moe_oeo_N16_k4_L4_lr0.002_s17,moe_oeo,16,4,17,val,7,08_EMPTY,6,07_ADIPOSE,1
moe_oeo_N16_k4_L4_lr0.002_s17,moe_oeo,16,4,17,val,7,08_EMPTY,7,08_EMPTY,93
moe_oeo_N16_k8_L4_lr0.002_s17,moe_oeo,16,8,17,train,0,01_TUMOR,0,01_TUMOR,188
moe_oeo_N16_k8_L4_lr0.002_s17,moe_oeo,16,8,17,train,0,01_TUMOR,1,02_STROMA,4
moe_oeo_N16_k8_L4_lr0.002_s17,moe_oeo,16,8,17,train,0,01_TUMOR,2,03_COMPLEX,24
moe_oeo_N16_k8_L4_lr0.002_s17,moe_oeo,16,8,17,train,0,01_TUMOR,3,04_LYMPHO,143
moe_oeo_N16_k8_L4_lr0.002_s17,moe_oeo,16,8,17,train,0,01_TUMOR,4,05_DEBRIS,0
moe_oeo_N16_k8_L4_lr0.002_s17,moe_oeo,16,8,17,train,0,01_TUMOR,5,06_MUCOSA,78
moe_oeo_N16_k8_L4_lr0.002_s17,moe_oeo,16,8,17,train,0,01_TUMOR,6,07_ADIPOSE,0
moe_oeo_N16_k8_L4_lr0.002_s17,moe_oeo,16,8,17,train,0,01_TUMOR,7,08_EMPTY,0
moe_oeo_N16_k8_L4_lr0.002_s17,moe_oeo,16,8,17,train,1,02_STROMA,0,01_TUMOR,3
moe_oeo_N16_k8_L4_lr0.002_s17,moe_oeo,16,8,17,train,1,02_STROMA,1,02_STROMA,303
moe_oeo_N16_k8_L4_lr0.002_s17,moe_oeo,16,8,17,train,1,02_STROMA,2,03_COMPLEX,36
moe_oeo_N16_k8_L4_lr0.002_s17,moe_oeo,16,8,17,train,1,02_STROMA,3,04_LYMPHO,0
moe_oeo_N16_k8_L4_lr0.002_s17,moe_oeo,16,8,17,train,1,02_STROMA,4,05_DEBRIS,85
moe_oeo_N16_k8_L4_lr0.002_s17,moe_oeo,16,8,17,train,1,02_STROMA,5,06_MUCOSA,10
moe_oeo_N16_k8_L4_lr0.002_s17,moe_oeo,16,8,17,train,1,02_STROMA,6,07_ADIPOSE,0
moe_oeo_N16_k8_L4_lr0.002_s17,moe_oeo,16,8,17,train,1,02_STROMA,7,08_EMPTY,0
moe_oeo_N16_k8_L4_lr0.002_s17,moe_oeo,16,8,17,train,2,03_COMPLEX,0,01_TUMOR,8
moe_oeo_N16_k8_L4_lr0.002_s17,moe_oeo,16,8,17,train,2,03_COMPLEX,1,02_STROMA,65
moe_oeo_N16_k8_L4_lr0.002_s17,moe_oeo,16,8,17,train,2,03_COMPLEX,2,03_COMPLEX,296
moe_oeo_N16_k8_L4_lr0.002_s17,moe_oeo,16,8,17,train,2,03_COMPLEX,3,04_LYMPHO,26
moe_oeo_N16_k8_L4_lr0.002_s17,moe_oeo,16,8,17,train,2,03_COMPLEX,4,05_DEBRIS,11
moe_oeo_N16_k8_L4_lr0.002_s17,moe_oeo,16,8,17,train,2,03_COMPLEX,5,06_MUCOSA,31
moe_oeo_N16_k8_L4_lr0.002_s17,moe_oeo,16,8,17,train,2,03_COMPLEX,6,07_ADIPOSE,0
moe_oeo_N16_k8_L4_lr0.002_s17,moe_oeo,16,8,17,train,2,03_COMPLEX,7,08_EMPTY,0
moe_oeo_N16_k8_L4_lr0.002_s17,moe_oeo,16,8,17,train,3,04_LYMPHO,0,01_TUMOR,42
moe_oeo_N16_k8_L4_lr0.002_s17,moe_oeo,16,8,17,train,3,04_LYMPHO,1,02_STROMA,0
moe_oeo_N16_k8_L4_lr0.002_s17,moe_oeo,16,8,17,train,3,04_LYMPHO,2,03_COMPLEX,37
moe_oeo_N16_k8_L4_lr0.002_s17,moe_oeo,16,8,17,train,3,04_LYMPHO,3,04_LYMPHO,310
moe_oeo_N16_k8_L4_lr0.002_s17,moe_oeo,16,8,17,train,3,04_LYMPHO,4,05_DEBRIS,0
moe_oeo_N16_k8_L4_lr0.002_s17,moe_oeo,16,8,17,train,3,04_LYMPHO,5,06_MUCOSA,48
moe_oeo_N16_k8_L4_lr0.002_s17,moe_oeo,16,8,17,train,3,04_LYMPHO,6,07_ADIPOSE,0
moe_oeo_N16_k8_L4_lr0.002_s17,moe_oeo,16,8,17,train,3,04_LYMPHO,7,08_EMPTY,0
moe_oeo_N16_k8_L4_lr0.002_s17,moe_oeo,16,8,17,train,4,05_DEBRIS,0,01_TUMOR,1
moe_oeo_N16_k8_L4_lr0.002_s17,moe_oeo,16,8,17,train,4,05_DEBRIS,1,02_STROMA,101
moe_oeo_N16_k8_L4_lr0.002_s17,moe_oeo,16,8,17,train,4,05_DEBRIS,2,03_COMPLEX,12
moe_oeo_N16_k8_L4_lr0.002_s17,moe_oeo,16,8,17,train,4,05_DEBRIS,3,04_LYMPHO,0
moe_oeo_N16_k8_L4_lr0.002_s17,moe_oeo,16,8,17,train,4,05_DEBRIS,4,05_DEBRIS,264
moe_oeo_N16_k8_L4_lr0.002_s17,moe_oeo,16,8,17,train,4,05_DEBRIS,5,06_MUCOSA,40
moe_oeo_N16_k8_L4_lr0.002_s17,moe_oeo,16,8,17,train,4,05_DEBRIS,6,07_ADIPOSE,19
moe_oeo_N16_k8_L4_lr0.002_s17,moe_oeo,16,8,17,train,4,05_DEBRIS,7,08_EMPTY,0
moe_oeo_N16_k8_L4_lr0.002_s17,moe_oeo,16,8,17,train,5,06_MUCOSA,0,01_TUMOR,23
moe_oeo_N16_k8_L4_lr0.002_s17,moe_oeo,16,8,17,train,5,06_MUCOSA,1,02_STROMA,3
moe_oeo_N16_k8_L4_lr0.002_s17,moe_oeo,16,8,17,train,5,06_MUCOSA,2,03_COMPLEX,3
moe_oeo_N16_k8_L4_lr0.002_s17,moe_oeo,16,8,17,train,5,06_MUCOSA,3,04_LYMPHO,36
moe_oeo_N16_k8_L4_lr0.002_s17,moe_oeo,16,8,17,train,5,06_MUCOSA,4,05_DEBRIS,6
moe_oeo_N16_k8_L4_lr0.002_s17,moe_oeo,16,8,17,train,5,06_MUCOSA,5,06_MUCOSA,366
moe_oeo_N16_k8_L4_lr0.002_s17,moe_oeo,16,8,17,train,5,06_MUCOSA,6,07_ADIPOSE,0
moe_oeo_N16_k8_L4_lr0.002_s17,moe_oeo,16,8,17,train,5,06_MUCOSA,7,08_EMPTY,0
moe_oeo_N16_k8_L4_lr0.002_s17,moe_oeo,16,8,17,train,6,07_ADIPOSE,0,01_TUMOR,0
moe_oeo_N16_k8_L4_lr0.002_s17,moe_oeo,16,8,17,train,6,07_ADIPOSE,1,02_STROMA,0
moe_oeo_N16_k8_L4_lr0.002_s17,moe_oeo,16,8,17,train,6,07_ADIPOSE,2,03_COMPLEX,0
moe_oeo_N16_k8_L4_lr0.002_s17,moe_oeo,16,8,17,train,6,07_ADIPOSE,3,04_LYMPHO,0
moe_oeo_N16_k8_L4_lr0.002_s17,moe_oeo,16,8,17,train,6,07_ADIPOSE,4,05_DEBRIS,5
moe_oeo_N16_k8_L4_lr0.002_s17,moe_oeo,16,8,17,train,6,07_ADIPOSE,5,06_MUCOSA,1
moe_oeo_N16_k8_L4_lr0.002_s17,moe_oeo,16,8,17,train,6,07_ADIPOSE,6,07_ADIPOSE,415
moe_oeo_N16_k8_L4_lr0.002_s17,moe_oeo,16,8,17,train,6,07_ADIPOSE,7,08_EMPTY,16
moe_oeo_N16_k8_L4_lr0.002_s17,moe_oeo,16,8,17,train,7,08_EMPTY,0,01_TUMOR,0
moe_oeo_N16_k8_L4_lr0.002_s17,moe_oeo,16,8,17,train,7,08_EMPTY,1,02_STROMA,0
moe_oeo_N16_k8_L4_lr0.002_s17,moe_oeo,16,8,17,train,7,08_EMPTY,2,03_COMPLEX,0
moe_oeo_N16_k8_L4_lr0.002_s17,moe_oeo,16,8,17,train,7,08_EMPTY,3,04_LYMPHO,0
moe_oeo_N16_k8_L4_lr0.002_s17,moe_oeo,16,8,17,train,7,08_EMPTY,4,05_DEBRIS,0
moe_oeo_N16_k8_L4_lr0.002_s17,moe_oeo,16,8,17,train,7,08_EMPTY,5,06_MUCOSA,1
moe_oeo_N16_k8_L4_lr0.002_s17,moe_oeo,16,8,17,train,7,08_EMPTY,6,07_ADIPOSE,7
moe_oeo_N16_k8_L4_lr0.002_s17,moe_oeo,16,8,17,train,7,08_EMPTY,7,08_EMPTY,429
moe_oeo_N16_k8_L4_lr0.002_s17,moe_oeo,16,8,17,val,0,01_TUMOR,0,01_TUMOR,43
moe_oeo_N16_k8_L4_lr0.002_s17,moe_oeo,16,8,17,val,0,01_TUMOR,1,02_STROMA,1
moe_oeo_N16_k8_L4_lr0.002_s17,moe_oeo,16,8,17,val,0,01_TUMOR,2,03_COMPLEX,10
moe_oeo_N16_k8_L4_lr0.002_s17,moe_oeo,16,8,17,val,0,01_TUMOR,3,04_LYMPHO,33
moe_oeo_N16_k8_L4_lr0.002_s17,moe_oeo,16,8,17,val,0,01_TUMOR,4,05_DEBRIS,0
moe_oeo_N16_k8_L4_lr0.002_s17,moe_oeo,16,8,17,val,0,01_TUMOR,5,06_MUCOSA,6
moe_oeo_N16_k8_L4_lr0.002_s17,moe_oeo,16,8,17,val,0,01_TUMOR,6,07_ADIPOSE,1
moe_oeo_N16_k8_L4_lr0.002_s17,moe_oeo,16,8,17,val,0,01_TUMOR,7,08_EMPTY,0
moe_oeo_N16_k8_L4_lr0.002_s17,moe_oeo,16,8,17,val,1,02_STROMA,0,01_TUMOR,0
moe_oeo_N16_k8_L4_lr0.002_s17,moe_oeo,16,8,17,val,1,02_STROMA,1,02_STROMA,61
moe_oeo_N16_k8_L4_lr0.002_s17,moe_oeo,16,8,17,val,1,02_STROMA,2,03_COMPLEX,8
moe_oeo_N16_k8_L4_lr0.002_s17,moe_oeo,16,8,17,val,1,02_STROMA,3,04_LYMPHO,0
moe_oeo_N16_k8_L4_lr0.002_s17,moe_oeo,16,8,17,val,1,02_STROMA,4,05_DEBRIS,22
moe_oeo_N16_k8_L4_lr0.002_s17,moe_oeo,16,8,17,val,1,02_STROMA,5,06_MUCOSA,3
moe_oeo_N16_k8_L4_lr0.002_s17,moe_oeo,16,8,17,val,1,02_STROMA,6,07_ADIPOSE,0
moe_oeo_N16_k8_L4_lr0.002_s17,moe_oeo,16,8,17,val,1,02_STROMA,7,08_EMPTY,0
moe_oeo_N16_k8_L4_lr0.002_s17,moe_oeo,16,8,17,val,2,03_COMPLEX,0,01_TUMOR,1
moe_oeo_N16_k8_L4_lr0.002_s17,moe_oeo,16,8,17,val,2,03_COMPLEX,1,02_STROMA,24
moe_oeo_N16_k8_L4_lr0.002_s17,moe_oeo,16,8,17,val,2,03_COMPLEX,2,03_COMPLEX,62
moe_oeo_N16_k8_L4_lr0.002_s17,moe_oeo,16,8,17,val,2,03_COMPLEX,3,04_LYMPHO,2
moe_oeo_N16_k8_L4_lr0.002_s17,moe_oeo,16,8,17,val,2,03_COMPLEX,4,05_DEBRIS,2
moe_oeo_N16_k8_L4_lr0.002_s17,moe_oeo,16,8,17,val,2,03_COMPLEX,5,06_MUCOSA,3
moe_oeo_N16_k8_L4_lr0.002_s17,moe_oeo,16,8,17,val,2,03_COMPLEX,6,07_ADIPOSE,0
moe_oeo_N16_k8_L4_lr0.002_s17,moe_oeo,16,8,17,val,2,03_COMPLEX,7,08_EMPTY,0
moe_oeo_N16_k8_L4_lr0.002_s17,moe_oeo,16,8,17,val,3,04_LYMPHO,0,01_TUMOR,10
moe_oeo_N16_k8_L4_lr0.002_s17,moe_oeo,16,8,17,val,3,04_LYMPHO,1,02_STROMA,0
moe_oeo_N16_k8_L4_lr0.002_s17,moe_oeo,16,8,17,val,3,04_LYMPHO,2,03_COMPLEX,11
moe_oeo_N16_k8_L4_lr0.002_s17,moe_oeo,16,8,17,val,3,04_LYMPHO,3,04_LYMPHO,65
moe_oeo_N16_k8_L4_lr0.002_s17,moe_oeo,16,8,17,val,3,04_LYMPHO,4,05_DEBRIS,0
moe_oeo_N16_k8_L4_lr0.002_s17,moe_oeo,16,8,17,val,3,04_LYMPHO,5,06_MUCOSA,8
moe_oeo_N16_k8_L4_lr0.002_s17,moe_oeo,16,8,17,val,3,04_LYMPHO,6,07_ADIPOSE,0
moe_oeo_N16_k8_L4_lr0.002_s17,moe_oeo,16,8,17,val,3,04_LYMPHO,7,08_EMPTY,0
moe_oeo_N16_k8_L4_lr0.002_s17,moe_oeo,16,8,17,val,4,05_DEBRIS,0,01_TUMOR,0
moe_oeo_N16_k8_L4_lr0.002_s17,moe_oeo,16,8,17,val,4,05_DEBRIS,1,02_STROMA,20
moe_oeo_N16_k8_L4_lr0.002_s17,moe_oeo,16,8,17,val,4,05_DEBRIS,2,03_COMPLEX,3
moe_oeo_N16_k8_L4_lr0.002_s17,moe_oeo,16,8,17,val,4,05_DEBRIS,3,04_LYMPHO,0
moe_oeo_N16_k8_L4_lr0.002_s17,moe_oeo,16,8,17,val,4,05_DEBRIS,4,05_DEBRIS,48
moe_oeo_N16_k8_L4_lr0.002_s17,moe_oeo,16,8,17,val,4,05_DEBRIS,5,06_MUCOSA,12
moe_oeo_N16_k8_L4_lr0.002_s17,moe_oeo,16,8,17,val,4,05_DEBRIS,6,07_ADIPOSE,11
moe_oeo_N16_k8_L4_lr0.002_s17,moe_oeo,16,8,17,val,4,05_DEBRIS,7,08_EMPTY,0
moe_oeo_N16_k8_L4_lr0.002_s17,moe_oeo,16,8,17,val,5,06_MUCOSA,0,01_TUMOR,8
moe_oeo_N16_k8_L4_lr0.002_s17,moe_oeo,16,8,17,val,5,06_MUCOSA,1,02_STROMA,0
moe_oeo_N16_k8_L4_lr0.002_s17,moe_oeo,16,8,17,val,5,06_MUCOSA,2,03_COMPLEX,0
moe_oeo_N16_k8_L4_lr0.002_s17,moe_oeo,16,8,17,val,5,06_MUCOSA,3,04_LYMPHO,5
moe_oeo_N16_k8_L4_lr0.002_s17,moe_oeo,16,8,17,val,5,06_MUCOSA,4,05_DEBRIS,2
moe_oeo_N16_k8_L4_lr0.002_s17,moe_oeo,16,8,17,val,5,06_MUCOSA,5,06_MUCOSA,79
moe_oeo_N16_k8_L4_lr0.002_s17,moe_oeo,16,8,17,val,5,06_MUCOSA,6,07_ADIPOSE,0
moe_oeo_N16_k8_L4_lr0.002_s17,moe_oeo,16,8,17,val,5,06_MUCOSA,7,08_EMPTY,0
moe_oeo_N16_k8_L4_lr0.002_s17,moe_oeo,16,8,17,val,6,07_ADIPOSE,0,01_TUMOR,0
moe_oeo_N16_k8_L4_lr0.002_s17,moe_oeo,16,8,17,val,6,07_ADIPOSE,1,02_STROMA,0
moe_oeo_N16_k8_L4_lr0.002_s17,moe_oeo,16,8,17,val,6,07_ADIPOSE,2,03_COMPLEX,0
moe_oeo_N16_k8_L4_lr0.002_s17,moe_oeo,16,8,17,val,6,07_ADIPOSE,3,04_LYMPHO,0
moe_oeo_N16_k8_L4_lr0.002_s17,moe_oeo,16,8,17,val,6,07_ADIPOSE,4,05_DEBRIS,3
moe_oeo_N16_k8_L4_lr0.002_s17,moe_oeo,16,8,17,val,6,07_ADIPOSE,5,06_MUCOSA,0
moe_oeo_N16_k8_L4_lr0.002_s17,moe_oeo,16,8,17,val,6,07_ADIPOSE,6,07_ADIPOSE,85
moe_oeo_N16_k8_L4_lr0.002_s17,moe_oeo,16,8,17,val,6,07_ADIPOSE,7,08_EMPTY,6
moe_oeo_N16_k8_L4_lr0.002_s17,moe_oeo,16,8,17,val,7,08_EMPTY,0,01_TUMOR,0
moe_oeo_N16_k8_L4_lr0.002_s17,moe_oeo,16,8,17,val,7,08_EMPTY,1,02_STROMA,0
moe_oeo_N16_k8_L4_lr0.002_s17,moe_oeo,16,8,17,val,7,08_EMPTY,2,03_COMPLEX,0
moe_oeo_N16_k8_L4_lr0.002_s17,moe_oeo,16,8,17,val,7,08_EMPTY,3,04_LYMPHO,0
moe_oeo_N16_k8_L4_lr0.002_s17,moe_oeo,16,8,17,val,7,08_EMPTY,4,05_DEBRIS,0
moe_oeo_N16_k8_L4_lr0.002_s17,moe_oeo,16,8,17,val,7,08_EMPTY,5,06_MUCOSA,0
moe_oeo_N16_k8_L4_lr0.002_s17,moe_oeo,16,8,17,val,7,08_EMPTY,6,07_ADIPOSE,2
moe_oeo_N16_k8_L4_lr0.002_s17,moe_oeo,16,8,17,val,7,08_EMPTY,7,08_EMPTY,92
moe_oeo_N16_k16_L4_lr0.002_s17,moe_oeo,16,16,17,train,0,01_TUMOR,0,01_TUMOR,308
moe_oeo_N16_k16_L4_lr0.002_s17,moe_oeo,16,16,17,train,0,01_TUMOR,1,02_STROMA,5
moe_oeo_N16_k16_L4_lr0.002_s17,moe_oeo,16,16,17,train,0,01_TUMOR,2,03_COMPLEX,46
moe_oeo_N16_k16_L4_lr0.002_s17,moe_oeo,16,16,17,train,0,01_TUMOR,3,04_LYMPHO,39
moe_oeo_N16_k16_L4_lr0.002_s17,moe_oeo,16,16,17,train,0,01_TUMOR,4,05_DEBRIS,1
moe_oeo_N16_k16_L4_lr0.002_s17,moe_oeo,16,16,17,train,0,01_TUMOR,5,06_MUCOSA,38
moe_oeo_N16_k16_L4_lr0.002_s17,moe_oeo,16,16,17,train,0,01_TUMOR,6,07_ADIPOSE,0
moe_oeo_N16_k16_L4_lr0.002_s17,moe_oeo,16,16,17,train,0,01_TUMOR,7,08_EMPTY,0
moe_oeo_N16_k16_L4_lr0.002_s17,moe_oeo,16,16,17,train,1,02_STROMA,0,01_TUMOR,7
moe_oeo_N16_k16_L4_lr0.002_s17,moe_oeo,16,16,17,train,1,02_STROMA,1,02_STROMA,317
moe_oeo_N16_k16_L4_lr0.002_s17,moe_oeo,16,16,17,train,1,02_STROMA,2,03_COMPLEX,27
moe_oeo_N16_k16_L4_lr0.002_s17,moe_oeo,16,16,17,train,1,02_STROMA,3,04_LYMPHO,0
moe_oeo_N16_k16_L4_lr0.002_s17,moe_oeo,16,16,17,train,1,02_STROMA,4,05_DEBRIS,77
moe_oeo_N16_k16_L4_lr0.002_s17,moe_oeo,16,16,17,train,1,02_STROMA,5,06_MUCOSA,8
moe_oeo_N16_k16_L4_lr0.002_s17,moe_oeo,16,16,17,train,1,02_STROMA,6,07_ADIPOSE,1
moe_oeo_N16_k16_L4_lr0.002_s17,moe_oeo,16,16,17,train,1,02_STROMA,7,08_EMPTY,0
moe_oeo_N16_k16_L4_lr0.002_s17,moe_oeo,16,16,17,train,2,03_COMPLEX,0,01_TUMOR,19
moe_oeo_N16_k16_L4_lr0.002_s17,moe_oeo,16,16,17,train,2,03_COMPLEX,1,02_STROMA,51
moe_oeo_N16_k16_L4_lr0.002_s17,moe_oeo,16,16,17,train,2,03_COMPLEX,2,03_COMPLEX,324
moe_oeo_N16_k16_L4_lr0.002_s17,moe_oeo,16,16,17,train,2,03_COMPLEX,3,04_LYMPHO,14
moe_oeo_N16_k16_L4_lr0.002_s17,moe_oeo,16,16,17,train,2,03_COMPLEX,4,05_DEBRIS,9
moe_oeo_N16_k16_L4_lr0.002_s17,moe_oeo,16,16,17,train,2,03_COMPLEX,5,06_MUCOSA,20
moe_oeo_N16_k16_L4_lr0.002_s17,moe_oeo,16,16,17,train,2,03_COMPLEX,6,07_ADIPOSE,0
moe_oeo_N16_k16_L4_lr0.002_s17,moe_oeo,16,16,17,train,2,03_COMPLEX,7,08_EMPTY,0
moe_oeo_N16_k16_L4_lr0.002_s17,moe_oeo,16,16,17,train,3,04_LYMPHO,0,01_TUMOR,32
moe_oeo_N16_k16_L4_lr0.002_s17,moe_oeo,16,16,17,train,3,04_LYMPHO,1,02_STROMA,1
moe_oeo_N16_k16_L4_lr0.002_s17,moe_oeo,16,16,17,train,3,04_LYMPHO,2,03_COMPLEX,33
moe_oeo_N16_k16_L4_lr0.002_s17,moe_oeo,16,16,17,train,3,04_LYMPHO,3,04_LYMPHO,359
moe_oeo_N16_k16_L4_lr0.002_s17,moe_oeo,16,16,17,train,3,04_LYMPHO,4,05_DEBRIS,1
moe_oeo_N16_k16_L4_lr0.002_s17,moe_oeo,16,16,17,train,3,04_LYMPHO,5,06_MUCOSA,11
moe_oeo_N16_k16_L4_lr0.002_s17,moe_oeo,16,16,17,train,3,04_LYMPHO,6,07_ADIPOSE,0
moe_oeo_N16_k16_L4_lr0.002_s17,moe_oeo,16,16,17,train,3,04_LYMPHO,7,08_EMPTY,0
moe_oeo_N16_k16_L4_lr0.002_s17,moe_oeo,16,16,17,train,4,05_DEBRIS,0,01_TUMOR,6
moe_oeo_N16_k16_L4_lr0.002_s17,moe_oeo,16,16,17,train,4,05_DEBRIS,1,02_STROMA,101
moe_oeo_N16_k16_L4_lr0.002_s17,moe_oeo,16,16,17,train,4,05_DEBRIS,2,03_COMPLEX,10
moe_oeo_N16_k16_L4_lr0.002_s17,moe_oeo,16,16,17,train,4,05_DEBRIS,3,04_LYMPHO,0
moe_oeo_N16_k16_L4_lr0.002_s17,moe_oeo,16,16,17,train,4,05_DEBRIS,4,05_DEBRIS,280
moe_oeo_N16_k16_L4_lr0.002_s17,moe_oeo,16,16,17,train,4,05_DEBRIS,5,06_MUCOSA,31
moe_oeo_N16_k16_L4_lr0.002_s17,moe_oeo,16,16,17,train,4,05_DEBRIS,6,07_ADIPOSE,9
moe_oeo_N16_k16_L4_lr0.002_s17,moe_oeo,16,16,17,train,4,05_DEBRIS,7,08_EMPTY,0
moe_oeo_N16_k16_L4_lr0.002_s17,moe_oeo,16,16,17,train,5,06_MUCOSA,0,01_TUMOR,35
moe_oeo_N16_k16_L4_lr0.002_s17,moe_oeo,16,16,17,train,5,06_MUCOSA,1,02_STROMA,3
moe_oeo_N16_k16_L4_lr0.002_s17,moe_oeo,16,16,17,train,5,06_MUCOSA,2,03_COMPLEX,3
moe_oeo_N16_k16_L4_lr0.002_s17,moe_oeo,16,16,17,train,5,06_MUCOSA,3,04_LYMPHO,22
moe_oeo_N16_k16_L4_lr0.002_s17,moe_oeo,16,16,17,train,5,06_MUCOSA,4,05_DEBRIS,10
moe_oeo_N16_k16_L4_lr0.002_s17,moe_oeo,16,16,17,train,5,06_MUCOSA,5,06_MUCOSA,364
moe_oeo_N16_k16_L4_lr0.002_s17,moe_oeo,16,16,17,train,5,06_MUCOSA,6,07_ADIPOSE,0
moe_oeo_N16_k16_L4_lr0.002_s17,moe_oeo,16,16,17,train,5,06_MUCOSA,7,08_EMPTY,0
moe_oeo_N16_k16_L4_lr0.002_s17,moe_oeo,16,16,17,train,6,07_ADIPOSE,0,01_TUMOR,0
moe_oeo_N16_k16_L4_lr0.002_s17,moe_oeo,16,16,17,train,6,07_ADIPOSE,1,02_STROMA,0
moe_oeo_N16_k16_L4_lr0.002_s17,moe_oeo,16,16,17,train,6,07_ADIPOSE,2,03_COMPLEX,0
moe_oeo_N16_k16_L4_lr0.002_s17,moe_oeo,16,16,17,train,6,07_ADIPOSE,3,04_LYMPHO,0
moe_oeo_N16_k16_L4_lr0.002_s17,moe_oeo,16,16,17,train,6,07_ADIPOSE,4,05_DEBRIS,2
moe_oeo_N16_k16_L4_lr0.002_s17,moe_oeo,16,16,17,train,6,07_ADIPOSE,5,06_MUCOSA,0
moe_oeo_N16_k16_L4_lr0.002_s17,moe_oeo,16,16,17,train,6,07_ADIPOSE,6,07_ADIPOSE,425
moe_oeo_N16_k16_L4_lr0.002_s17,moe_oeo,16,16,17,train,6,07_ADIPOSE,7,08_EMPTY,10
moe_oeo_N16_k16_L4_lr0.002_s17,moe_oeo,16,16,17,train,7,08_EMPTY,0,01_TUMOR,0
moe_oeo_N16_k16_L4_lr0.002_s17,moe_oeo,16,16,17,train,7,08_EMPTY,1,02_STROMA,0
moe_oeo_N16_k16_L4_lr0.002_s17,moe_oeo,16,16,17,train,7,08_EMPTY,2,03_COMPLEX,0
moe_oeo_N16_k16_L4_lr0.002_s17,moe_oeo,16,16,17,train,7,08_EMPTY,3,04_LYMPHO,0
moe_oeo_N16_k16_L4_lr0.002_s17,moe_oeo,16,16,17,train,7,08_EMPTY,4,05_DEBRIS,0
moe_oeo_N16_k16_L4_lr0.002_s17,moe_oeo,16,16,17,train,7,08_EMPTY,5,06_MUCOSA,1
moe_oeo_N16_k16_L4_lr0.002_s17,moe_oeo,16,16,17,train,7,08_EMPTY,6,07_ADIPOSE,11
moe_oeo_N16_k16_L4_lr0.002_s17,moe_oeo,16,16,17,train,7,08_EMPTY,7,08_EMPTY,425
moe_oeo_N16_k16_L4_lr0.002_s17,moe_oeo,16,16,17,val,0,01_TUMOR,0,01_TUMOR,59
moe_oeo_N16_k16_L4_lr0.002_s17,moe_oeo,16,16,17,val,0,01_TUMOR,1,02_STROMA,0
moe_oeo_N16_k16_L4_lr0.002_s17,moe_oeo,16,16,17,val,0,01_TUMOR,2,03_COMPLEX,15
moe_oeo_N16_k16_L4_lr0.002_s17,moe_oeo,16,16,17,val,0,01_TUMOR,3,04_LYMPHO,12
moe_oeo_N16_k16_L4_lr0.002_s17,moe_oeo,16,16,17,val,0,01_TUMOR,4,05_DEBRIS,0
moe_oeo_N16_k16_L4_lr0.002_s17,moe_oeo,16,16,17,val,0,01_TUMOR,5,06_MUCOSA,8
moe_oeo_N16_k16_L4_lr0.002_s17,moe_oeo,16,16,17,val,0,01_TUMOR,6,07_ADIPOSE,0
moe_oeo_N16_k16_L4_lr0.002_s17,moe_oeo,16,16,17,val,0,01_TUMOR,7,08_EMPTY,0
moe_oeo_N16_k16_L4_lr0.002_s17,moe_oeo,16,16,17,val,1,02_STROMA,0,01_TUMOR,1
moe_oeo_N16_k16_L4_lr0.002_s17,moe_oeo,16,16,17,val,1,02_STROMA,1,02_STROMA,57
moe_oeo_N16_k16_L4_lr0.002_s17,moe_oeo,16,16,17,val,1,02_STROMA,2,03_COMPLEX,10
moe_oeo_N16_k16_L4_lr0.002_s17,moe_oeo,16,16,17,val,1,02_STROMA,3,04_LYMPHO,0
moe_oeo_N16_k16_L4_lr0.002_s17,moe_oeo,16,16,17,val,1,02_STROMA,4,05_DEBRIS,25
moe_oeo_N16_k16_L4_lr0.002_s17,moe_oeo,16,16,17,val,1,02_STROMA,5,06_MUCOSA,1
moe_oeo_N16_k16_L4_lr0.002_s17,moe_oeo,16,16,17,val,1,02_STROMA,6,07_ADIPOSE,0
moe_oeo_N16_k16_L4_lr0.002_s17,moe_oeo,16,16,17,val,1,02_STROMA,7,08_EMPTY,0
moe_oeo_N16_k16_L4_lr0.002_s17,moe_oeo,16,16,17,val,2,03_COMPLEX,0,01_TUMOR,5
moe_oeo_N16_k16_L4_lr0.002_s17,moe_oeo,16,16,17,val,2,03_COMPLEX,1,02_STROMA,15
moe_oeo_N16_k16_L4_lr0.002_s17,moe_oeo,16,16,17,val,2,03_COMPLEX,2,03_COMPLEX,65
moe_oeo_N16_k16_L4_lr0.002_s17,moe_oeo,16,16,17,val,2,03_COMPLEX,3,04_LYMPHO,3
moe_oeo_N16_k16_L4_lr0.002_s17,moe_oeo,16,16,17,val,2,03_COMPLEX,4,05_DEBRIS,4
moe_oeo_N16_k16_L4_lr0.002_s17,moe_oeo,16,16,17,val,2,03_COMPLEX,5,06_MUCOSA,2
moe_oeo_N16_k16_L4_lr0.002_s17,moe_oeo,16,16,17,val,2,03_COMPLEX,6,07_ADIPOSE,0
moe_oeo_N16_k16_L4_lr0.002_s17,moe_oeo,16,16,17,val,2,03_COMPLEX,7,08_EMPTY,0
moe_oeo_N16_k16_L4_lr0.002_s17,moe_oeo,16,16,17,val,3,04_LYMPHO,0,01_TUMOR,8
moe_oeo_N16_k16_L4_lr0.002_s17,moe_oeo,16,16,17,val,3,04_LYMPHO,1,02_STROMA,0
moe_oeo_N16_k16_L4_lr0.002_s17,moe_oeo,16,16,17,val,3,04_LYMPHO,2,03_COMPLEX,13
moe_oeo_N16_k16_L4_lr0.002_s17,moe_oeo,16,16,17,val,3,04_LYMPHO,3,04_LYMPHO,66
moe_oeo_N16_k16_L4_lr0.002_s17,moe_oeo,16,16,17,val,3,04_LYMPHO,4,05_DEBRIS,0
moe_oeo_N16_k16_L4_lr0.002_s17,moe_oeo,16,16,17,val,3,04_LYMPHO,5,06_MUCOSA,7
moe_oeo_N16_k16_L4_lr0.002_s17,moe_oeo,16,16,17,val,3,04_LYMPHO,6,07_ADIPOSE,0
moe_oeo_N16_k16_L4_lr0.002_s17,moe_oeo,16,16,17,val,3,04_LYMPHO,7,08_EMPTY,0
moe_oeo_N16_k16_L4_lr0.002_s17,moe_oeo,16,16,17,val,4,05_DEBRIS,0,01_TUMOR,2
moe_oeo_N16_k16_L4_lr0.002_s17,moe_oeo,16,16,17,val,4,05_DEBRIS,1,02_STROMA,17
moe_oeo_N16_k16_L4_lr0.002_s17,moe_oeo,16,16,17,val,4,05_DEBRIS,2,03_COMPLEX,2
moe_oeo_N16_k16_L4_lr0.002_s17,moe_oeo,16,16,17,val,4,05_DEBRIS,3,04_LYMPHO,0
moe_oeo_N16_k16_L4_lr0.002_s17,moe_oeo,16,16,17,val,4,05_DEBRIS,4,05_DEBRIS,54
moe_oeo_N16_k16_L4_lr0.002_s17,moe_oeo,16,16,17,val,4,05_DEBRIS,5,06_MUCOSA,13
moe_oeo_N16_k16_L4_lr0.002_s17,moe_oeo,16,16,17,val,4,05_DEBRIS,6,07_ADIPOSE,6
moe_oeo_N16_k16_L4_lr0.002_s17,moe_oeo,16,16,17,val,4,05_DEBRIS,7,08_EMPTY,0
moe_oeo_N16_k16_L4_lr0.002_s17,moe_oeo,16,16,17,val,5,06_MUCOSA,0,01_TUMOR,4
moe_oeo_N16_k16_L4_lr0.002_s17,moe_oeo,16,16,17,val,5,06_MUCOSA,1,02_STROMA,0
moe_oeo_N16_k16_L4_lr0.002_s17,moe_oeo,16,16,17,val,5,06_MUCOSA,2,03_COMPLEX,0
moe_oeo_N16_k16_L4_lr0.002_s17,moe_oeo,16,16,17,val,5,06_MUCOSA,3,04_LYMPHO,7
moe_oeo_N16_k16_L4_lr0.002_s17,moe_oeo,16,16,17,val,5,06_MUCOSA,4,05_DEBRIS,4
moe_oeo_N16_k16_L4_lr0.002_s17,moe_oeo,16,16,17,val,5,06_MUCOSA,5,06_MUCOSA,79
moe_oeo_N16_k16_L4_lr0.002_s17,moe_oeo,16,16,17,val,5,06_MUCOSA,6,07_ADIPOSE,0
moe_oeo_N16_k16_L4_lr0.002_s17,moe_oeo,16,16,17,val,5,06_MUCOSA,7,08_EMPTY,0
moe_oeo_N16_k16_L4_lr0.002_s17,moe_oeo,16,16,17,val,6,07_ADIPOSE,0,01_TUMOR,0
moe_oeo_N16_k16_L4_lr0.002_s17,moe_oeo,16,16,17,val,6,07_ADIPOSE,1,02_STROMA,0
moe_oeo_N16_k16_L4_lr0.002_s17,moe_oeo,16,16,17,val,6,07_ADIPOSE,2,03_COMPLEX,0
moe_oeo_N16_k16_L4_lr0.002_s17,moe_oeo,16,16,17,val,6,07_ADIPOSE,3,04_LYMPHO,0
moe_oeo_N16_k16_L4_lr0.002_s17,moe_oeo,16,16,17,val,6,07_ADIPOSE,4,05_DEBRIS,1
moe_oeo_N16_k16_L4_lr0.002_s17,moe_oeo,16,16,17,val,6,07_ADIPOSE,5,06_MUCOSA,0
moe_oeo_N16_k16_L4_lr0.002_s17,moe_oeo,16,16,17,val,6,07_ADIPOSE,6,07_ADIPOSE,88
moe_oeo_N16_k16_L4_lr0.002_s17,moe_oeo,16,16,17,val,6,07_ADIPOSE,7,08_EMPTY,5
moe_oeo_N16_k16_L4_lr0.002_s17,moe_oeo,16,16,17,val,7,08_EMPTY,0,01_TUMOR,0
moe_oeo_N16_k16_L4_lr0.002_s17,moe_oeo,16,16,17,val,7,08_EMPTY,1,02_STROMA,0
moe_oeo_N16_k16_L4_lr0.002_s17,moe_oeo,16,16,17,val,7,08_EMPTY,2,03_COMPLEX,0
moe_oeo_N16_k16_L4_lr0.002_s17,moe_oeo,16,16,17,val,7,08_EMPTY,3,04_LYMPHO,0
moe_oeo_N16_k16_L4_lr0.002_s17,moe_oeo,16,16,17,val,7,08_EMPTY,4,05_DEBRIS,0
moe_oeo_N16_k16_L4_lr0.002_s17,moe_oeo,16,16,17,val,7,08_EMPTY,5,06_MUCOSA,0
moe_oeo_N16_k16_L4_lr0.002_s17,moe_oeo,16,16,17,val,7,08_EMPTY,6,07_ADIPOSE,2
moe_oeo_N16_k16_L4_lr0.002_s17,moe_oeo,16,16,17,val,7,08_EMPTY,7,08_EMPTY,92
moe_oeo_N25_k1_L4_lr0.002_s17,moe_oeo,25,1,17,train,0,01_TUMOR,0,01_TUMOR,136
moe_oeo_N25_k1_L4_lr0.002_s17,moe_oeo,25,1,17,train,0,01_TUMOR,1,02_STROMA,8
moe_oeo_N25_k1_L4_lr0.002_s17,moe_oeo,25,1,17,train,0,01_TUMOR,2,03_COMPLEX,65
moe_oeo_N25_k1_L4_lr0.002_s17,moe_oeo,25,1,17,train,0,01_TUMOR,3,04_LYMPHO,107
moe_oeo_N25_k1_L4_lr0.002_s17,moe_oeo,25,1,17,train,0,01_TUMOR,4,05_DEBRIS,3
moe_oeo_N25_k1_L4_lr0.002_s17,moe_oeo,25,1,17,train,0,01_TUMOR,5,06_MUCOSA,101
moe_oeo_N25_k1_L4_lr0.002_s17,moe_oeo,25,1,17,train,0,01_TUMOR,6,07_ADIPOSE,16
moe_oeo_N25_k1_L4_lr0.002_s17,moe_oeo,25,1,17,train,0,01_TUMOR,7,08_EMPTY,1
moe_oeo_N25_k1_L4_lr0.002_s17,moe_oeo,25,1,17,train,1,02_STROMA,0,01_TUMOR,2
moe_oeo_N25_k1_L4_lr0.002_s17,moe_oeo,25,1,17,train,1,02_STROMA,1,02_STROMA,330
moe_oeo_N25_k1_L4_lr0.002_s17,moe_oeo,25,1,17,train,1,02_STROMA,2,03_COMPLEX,39
moe_oeo_N25_k1_L4_lr0.002_s17,moe_oeo,25,1,17,train,1,02_STROMA,3,04_LYMPHO,2
moe_oeo_N25_k1_L4_lr0.002_s17,moe_oeo,25,1,17,train,1,02_STROMA,4,05_DEBRIS,49
moe_oeo_N25_k1_L4_lr0.002_s17,moe_oeo,25,1,17,train,1,02_STROMA,5,06_MUCOSA,14
moe_oeo_N25_k1_L4_lr0.002_s17,moe_oeo,25,1,17,train,1,02_STROMA,6,07_ADIPOSE,1
moe_oeo_N25_k1_L4_lr0.002_s17,moe_oeo,25,1,17,train,1,02_STROMA,7,08_EMPTY,0
moe_oeo_N25_k1_L4_lr0.002_s17,moe_oeo,25,1,17,train,2,03_COMPLEX,0,01_TUMOR,11
moe_oeo_N25_k1_L4_lr0.002_s17,moe_oeo,25,1,17,train,2,03_COMPLEX,1,02_STROMA,93
moe_oeo_N25_k1_L4_lr0.002_s17,moe_oeo,25,1,17,train,2,03_COMPLEX,2,03_COMPLEX,286
moe_oeo_N25_k1_L4_lr0.002_s17,moe_oeo,25,1,17,train,2,03_COMPLEX,3,04_LYMPHO,20
moe_oeo_N25_k1_L4_lr0.002_s17,moe_oeo,25,1,17,train,2,03_COMPLEX,4,05_DEBRIS,6
moe_oeo_N25_k1_L4_lr0.002_s17,moe_oeo,25,1,17,train,2,03_COMPLEX,5,06_MUCOSA,20
moe_oeo_N25_k1_L4_lr0.002_s17,moe_oeo,25,1,17,train,2,03_COMPLEX,6,07_ADIPOSE,1
moe_oeo_N25_k1_L4_lr0.002_s17,moe_oeo,25,1,17,train,2,03_COMPLEX,7,08_EMPTY,0
moe_oeo_N25_k1_L4_lr0.002_s17,moe_oeo,25,1,17,train,3,04_LYMPHO,0,01_TUMOR,22
moe_oeo_N25_k1_L4_lr0.002_s17,moe_oeo,25,1,17,train,3,04_LYMPHO,1,02_STROMA,0
moe_oeo_N25_k1_L4_lr0.002_s17,moe_oeo,25,1,17,train,3,04_LYMPHO,2,03_COMPLEX,54
moe_oeo_N25_k1_L4_lr0.002_s17,moe_oeo,25,1,17,train,3,04_LYMPHO,3,04_LYMPHO,319
moe_oeo_N25_k1_L4_lr0.002_s17,moe_oeo,25,1,17,train,3,04_LYMPHO,4,05_DEBRIS,1
moe_oeo_N25_k1_L4_lr0.002_s17,moe_oeo,25,1,17,train,3,04_LYMPHO,5,06_MUCOSA,30
moe_oeo_N25_k1_L4_lr0.002_s17,moe_oeo,25,1,17,train,3,04_LYMPHO,6,07_ADIPOSE,11
moe_oeo_N25_k1_L4_lr0.002_s17,moe_oeo,25,1,17,train,3,04_LYMPHO,7,08_EMPTY,0
moe_oeo_N25_k1_L4_lr0.002_s17,moe_oeo,25,1,17,train,4,05_DEBRIS,0,01_TUMOR,0
moe_oeo_N25_k1_L4_lr0.002_s17,moe_oeo,25,1,17,train,4,05_DEBRIS,1,02_STROMA,161
moe_oeo_N25_k1_L4_lr0.002_s17,moe_oeo,25,1,17,train,4,05_DEBRIS,2,03_COMPLEX,12
moe_oeo_N25_k1_L4_lr0.002_s17,moe_oeo,25,1,17,train,4,05_DEBRIS,3,04_LYMPHO,3
moe_oeo_N25_k1_L4_lr0.002_s17,moe_oeo,25,1,17,train,4,05_DEBRIS,4,05_DEBRIS,199
moe_oeo_N25_k1_L4_lr0.002_s17,moe_oeo,25,1,17,train,4,05_DEBRIS,5,06_MUCOSA,40
moe_oeo_N25_k1_L4_lr0.002_s17,moe_oeo,25,1,17,train,4,05_DEBRIS,6,07_ADIPOSE,22
moe_oeo_N25_k1_L4_lr0.002_s17,moe_oeo,25,1,17,train,4,05_DEBRIS,7,08_EMPTY,0
moe_oeo_N25_k1_L4_lr0.002_s17,moe_oeo,25,1,17,train,5,06_MUCOSA,0,01_TUMOR,38
moe_oeo_N25_k1_L4_lr0.002_s17,moe_oeo,25,1,17,train,5,06_MUCOSA,1,02_STROMA,7
moe_oeo_N25_k1_L4_lr0.002_s17,moe_oeo,25,1,17,train,5,06_MUCOSA,2,03_COMPLEX,14
moe_oeo_N25_k1_L4_lr0.002_s17,moe_oeo,25,1,17,train,5,06_MUCOSA,3,04_LYMPHO,49
moe_oeo_N25_k1_L4_lr0.002_s17,moe_oeo,25,1,17,train,5,06_MUCOSA,4,05_DEBRIS,15
moe_oeo_N25_k1_L4_lr0.002_s17,moe_oeo,25,1,17,train,5,06_MUCOSA,5,06_MUCOSA,308
moe_oeo_N25_k1_L4_lr0.002_s17,moe_oeo,25,1,17,train,5,06_MUCOSA,6,07_ADIPOSE,6
moe_oeo_N25_k1_L4_lr0.002_s17,moe_oeo,25,1,17,train,5,06_MUCOSA,7,08_EMPTY,0
moe_oeo_N25_k1_L4_lr0.002_s17,moe_oeo,25,1,17,train,6,07_ADIPOSE,0,01_TUMOR,0
moe_oeo_N25_k1_L4_lr0.002_s17,moe_oeo,25,1,17,train,6,07_ADIPOSE,1,02_STROMA,0
moe_oeo_N25_k1_L4_lr0.002_s17,moe_oeo,25,1,17,train,6,07_ADIPOSE,2,03_COMPLEX,0
moe_oeo_N25_k1_L4_lr0.002_s17,moe_oeo,25,1,17,train,6,07_ADIPOSE,3,04_LYMPHO,0
moe_oeo_N25_k1_L4_lr0.002_s17,moe_oeo,25,1,17,train,6,07_ADIPOSE,4,05_DEBRIS,16
moe_oeo_N25_k1_L4_lr0.002_s17,moe_oeo,25,1,17,train,6,07_ADIPOSE,5,06_MUCOSA,8
moe_oeo_N25_k1_L4_lr0.002_s17,moe_oeo,25,1,17,train,6,07_ADIPOSE,6,07_ADIPOSE,316
moe_oeo_N25_k1_L4_lr0.002_s17,moe_oeo,25,1,17,train,6,07_ADIPOSE,7,08_EMPTY,97
moe_oeo_N25_k1_L4_lr0.002_s17,moe_oeo,25,1,17,train,7,08_EMPTY,0,01_TUMOR,1
moe_oeo_N25_k1_L4_lr0.002_s17,moe_oeo,25,1,17,train,7,08_EMPTY,1,02_STROMA,0
moe_oeo_N25_k1_L4_lr0.002_s17,moe_oeo,25,1,17,train,7,08_EMPTY,2,03_COMPLEX,0
moe_oeo_N25_k1_L4_lr0.002_s17,moe_oeo,25,1,17,train,7,08_EMPTY,3,04_LYMPHO,0
moe_oeo_N25_k1_L4_lr0.002_s17,moe_oeo,25,1,17,train,7,08_EMPTY,4,05_DEBRIS,0
moe_oeo_N25_k1_L4_lr0.002_s17,moe_oeo,25,1,17,train,7,08_EMPTY,5,06_MUCOSA,1
moe_oeo_N25_k1_L4_lr0.002_s17,moe_oeo,25,1,17,train,7,08_EMPTY,6,07_ADIPOSE,2
moe_oeo_N25_k1_L4_lr0.002_s17,moe_oeo,25,1,17,train,7,08_EMPTY,7,08_EMPTY,433
moe_oeo_N25_k1_L4_lr0.002_s17,moe_oeo,25,1,17,val,0,01_TUMOR,0,01_TUMOR,28
moe_oeo_N25_k1_L4_lr0.002_s17,moe_oeo,25,1,17,val,0,01_TUMOR,1,02_STROMA,0
moe_oeo_N25_k1_L4_lr0.002_s17,moe_oeo,25,1,17,val,0,01_TUMOR,2,03_COMPLEX,18
moe_oeo_N25_k1_L4_lr0.002_s17,moe_oeo,25,1,17,val,0,01_TUMOR,3,04_LYMPHO,24
moe_oeo_N25_k1_L4_lr0.002_s17,moe_oeo,25,1,17,val,0,01_TUMOR,4,05_DEBRIS,2
moe_oeo_N25_k1_L4_lr0.002_s17,moe_oeo,25,1,17,val,0,01_TUMOR,5,06_MUCOSA,21
moe_oeo_N25_k1_L4_lr0.002_s17,moe_oeo,25,1,17,val,0,01_TUMOR,6,07_ADIPOSE,1
moe_oeo_N25_k1_L4_lr0.002_s17,moe_oeo,25,1,17,val,0,01_TUMOR,7,08_EMPTY,0
moe_oeo_N25_k1_L4_lr0.002_s17,moe_oeo,25,1,17,val,1,02_STROMA,0,01_TUMOR,1
moe_oeo_N25_k1_L4_lr0.002_s17,moe_oeo,25,1,17,val,1,02_STROMA,1,02_STROMA,72
moe_oeo_N25_k1_L4_lr0.002_s17,moe_oeo,25,1,17,val,1,02_STROMA,2,03_COMPLEX,11
moe_oeo_N25_k1_L4_lr0.002_s17,moe_oeo,25,1,17,val,1,02_STROMA,3,04_LYMPHO,0
moe_oeo_N25_k1_L4_lr0.002_s17,moe_oeo,25,1,17,val,1,02_STROMA,4,05_DEBRIS,10
moe_oeo_N25_k1_L4_lr0.002_s17,moe_oeo,25,1,17,val,1,02_STROMA,5,06_MUCOSA,0
moe_oeo_N25_k1_L4_lr0.002_s17,moe_oeo,25,1,17,val,1,02_STROMA,6,07_ADIPOSE,0
moe_oeo_N25_k1_L4_lr0.002_s17,moe_oeo,25,1,17,val,1,02_STROMA,7,08_EMPTY,0
moe_oeo_N25_k1_L4_lr0.002_s17,moe_oeo,25,1,17,val,2,03_COMPLEX,0,01_TUMOR,0
moe_oeo_N25_k1_L4_lr0.002_s17,moe_oeo,25,1,17,val,2,03_COMPLEX,1,02_STROMA,34
moe_oeo_N25_k1_L4_lr0.002_s17,moe_oeo,25,1,17,val,2,03_COMPLEX,2,03_COMPLEX,44
moe_oeo_N25_k1_L4_lr0.002_s17,moe_oeo,25,1,17,val,2,03_COMPLEX,3,04_LYMPHO,6
moe_oeo_N25_k1_L4_lr0.002_s17,moe_oeo,25,1,17,val,2,03_COMPLEX,4,05_DEBRIS,7
moe_oeo_N25_k1_L4_lr0.002_s17,moe_oeo,25,1,17,val,2,03_COMPLEX,5,06_MUCOSA,3
moe_oeo_N25_k1_L4_lr0.002_s17,moe_oeo,25,1,17,val,2,03_COMPLEX,6,07_ADIPOSE,0
moe_oeo_N25_k1_L4_lr0.002_s17,moe_oeo,25,1,17,val,2,03_COMPLEX,7,08_EMPTY,0
moe_oeo_N25_k1_L4_lr0.002_s17,moe_oeo,25,1,17,val,3,04_LYMPHO,0,01_TUMOR,6
moe_oeo_N25_k1_L4_lr0.002_s17,moe_oeo,25,1,17,val,3,04_LYMPHO,1,02_STROMA,0
moe_oeo_N25_k1_L4_lr0.002_s17,moe_oeo,25,1,17,val,3,04_LYMPHO,2,03_COMPLEX,14
moe_oeo_N25_k1_L4_lr0.002_s17,moe_oeo,25,1,17,val,3,04_LYMPHO,3,04_LYMPHO,69
moe_oeo_N25_k1_L4_lr0.002_s17,moe_oeo,25,1,17,val,3,04_LYMPHO,4,05_DEBRIS,0
moe_oeo_N25_k1_L4_lr0.002_s17,moe_oeo,25,1,17,val,3,04_LYMPHO,5,06_MUCOSA,3
moe_oeo_N25_k1_L4_lr0.002_s17,moe_oeo,25,1,17,val,3,04_LYMPHO,6,07_ADIPOSE,2
moe_oeo_N25_k1_L4_lr0.002_s17,moe_oeo,25,1,17,val,3,04_LYMPHO,7,08_EMPTY,0
moe_oeo_N25_k1_L4_lr0.002_s17,moe_oeo,25,1,17,val,4,05_DEBRIS,0,01_TUMOR,0
moe_oeo_N25_k1_L4_lr0.002_s17,moe_oeo,25,1,17,val,4,05_DEBRIS,1,02_STROMA,25
moe_oeo_N25_k1_L4_lr0.002_s17,moe_oeo,25,1,17,val,4,05_DEBRIS,2,03_COMPLEX,4
moe_oeo_N25_k1_L4_lr0.002_s17,moe_oeo,25,1,17,val,4,05_DEBRIS,3,04_LYMPHO,0
moe_oeo_N25_k1_L4_lr0.002_s17,moe_oeo,25,1,17,val,4,05_DEBRIS,4,05_DEBRIS,48
moe_oeo_N25_k1_L4_lr0.002_s17,moe_oeo,25,1,17,val,4,05_DEBRIS,5,06_MUCOSA,8
moe_oeo_N25_k1_L4_lr0.002_s17,moe_oeo,25,1,17,val,4,05_DEBRIS,6,07_ADIPOSE,8
moe_oeo_N25_k1_L4_lr0.002_s17,moe_oeo,25,1,17,val,4,05_DEBRIS,7,08_EMPTY,1
moe_oeo_N25_k1_L4_lr0.002_s17,moe_oeo,25,1,17,val,5,06_MUCOSA,0,01_TUMOR,11
moe_oeo_N25_k1_L4_lr0.002_s17,moe_oeo,25,1,17,val,5,06_MUCOSA,1,02_STROMA,2
moe_oeo_N25_k1_L4_lr0.002_s17,moe_oeo,25,1,17,val,5,06_MUCOSA,2,03_COMPLEX,3
moe_oeo_N25_k1_L4_lr0.002_s17,moe_oeo,25,1,17,val,5,06_MUCOSA,3,04_LYMPHO,3
moe_oeo_N25_k1_L4_lr0.002_s17,moe_oeo,25,1,17,val,5,06_MUCOSA,4,05_DEBRIS,4
moe_oeo_N25_k1_L4_lr0.002_s17,moe_oeo,25,1,17,val,5,06_MUCOSA,5,06_MUCOSA,70
moe_oeo_N25_k1_L4_lr0.002_s17,moe_oeo,25,1,17,val,5,06_MUCOSA,6,07_ADIPOSE,1
moe_oeo_N25_k1_L4_lr0.002_s17,moe_oeo,25,1,17,val,5,06_MUCOSA,7,08_EMPTY,0
moe_oeo_N25_k1_L4_lr0.002_s17,moe_oeo,25,1,17,val,6,07_ADIPOSE,0,01_TUMOR,0
moe_oeo_N25_k1_L4_lr0.002_s17,moe_oeo,25,1,17,val,6,07_ADIPOSE,1,02_STROMA,0
moe_oeo_N25_k1_L4_lr0.002_s17,moe_oeo,25,1,17,val,6,07_ADIPOSE,2,03_COMPLEX,0
moe_oeo_N25_k1_L4_lr0.002_s17,moe_oeo,25,1,17,val,6,07_ADIPOSE,3,04_LYMPHO,0
moe_oeo_N25_k1_L4_lr0.002_s17,moe_oeo,25,1,17,val,6,07_ADIPOSE,4,05_DEBRIS,3
moe_oeo_N25_k1_L4_lr0.002_s17,moe_oeo,25,1,17,val,6,07_ADIPOSE,5,06_MUCOSA,2
moe_oeo_N25_k1_L4_lr0.002_s17,moe_oeo,25,1,17,val,6,07_ADIPOSE,6,07_ADIPOSE,62
moe_oeo_N25_k1_L4_lr0.002_s17,moe_oeo,25,1,17,val,6,07_ADIPOSE,7,08_EMPTY,27
moe_oeo_N25_k1_L4_lr0.002_s17,moe_oeo,25,1,17,val,7,08_EMPTY,0,01_TUMOR,0
moe_oeo_N25_k1_L4_lr0.002_s17,moe_oeo,25,1,17,val,7,08_EMPTY,1,02_STROMA,0
moe_oeo_N25_k1_L4_lr0.002_s17,moe_oeo,25,1,17,val,7,08_EMPTY,2,03_COMPLEX,0
moe_oeo_N25_k1_L4_lr0.002_s17,moe_oeo,25,1,17,val,7,08_EMPTY,3,04_LYMPHO,0
moe_oeo_N25_k1_L4_lr0.002_s17,moe_oeo,25,1,17,val,7,08_EMPTY,4,05_DEBRIS,0
moe_oeo_N25_k1_L4_lr0.002_s17,moe_oeo,25,1,17,val,7,08_EMPTY,5,06_MUCOSA,0
moe_oeo_N25_k1_L4_lr0.002_s17,moe_oeo,25,1,17,val,7,08_EMPTY,6,07_ADIPOSE,1
moe_oeo_N25_k1_L4_lr0.002_s17,moe_oeo,25,1,17,val,7,08_EMPTY,7,08_EMPTY,93
moe_oeo_N25_k6_L4_lr0.002_s17,moe_oeo,25,6,17,train,0,01_TUMOR,0,01_TUMOR,367
moe_oeo_N25_k6_L4_lr0.002_s17,moe_oeo,25,6,17,train,0,01_TUMOR,1,02_STROMA,4
moe_oeo_N25_k6_L4_lr0.002_s17,moe_oeo,25,6,17,train,0,01_TUMOR,2,03_COMPLEX,13
moe_oeo_N25_k6_L4_lr0.002_s17,moe_oeo,25,6,17,train,0,01_TUMOR,3,04_LYMPHO,26
moe_oeo_N25_k6_L4_lr0.002_s17,moe_oeo,25,6,17,train,0,01_TUMOR,4,05_DEBRIS,0
moe_oeo_N25_k6_L4_lr0.002_s17,moe_oeo,25,6,17,train,0,01_TUMOR,5,06_MUCOSA,27
moe_oeo_N25_k6_L4_lr0.002_s17,moe_oeo,25,6,17,train,0,01_TUMOR,6,07_ADIPOSE,0
moe_oeo_N25_k6_L4_lr0.002_s17,moe_oeo,25,6,17,train,0,01_TUMOR,7,08_EMPTY,0
moe_oeo_N25_k6_L4_lr0.002_s17,moe_oeo,25,6,17,train,1,02_STROMA,0,01_TUMOR,5
moe_oeo_N25_k6_L4_lr0.002_s17,moe_oeo,25,6,17,train,1,02_STROMA,1,02_STROMA,314
moe_oeo_N25_k6_L4_lr0.002_s17,moe_oeo,25,6,17,train,1,02_STROMA,2,03_COMPLEX,28
moe_oeo_N25_k6_L4_lr0.002_s17,moe_oeo,25,6,17,train,1,02_STROMA,3,04_LYMPHO,0
moe_oeo_N25_k6_L4_lr0.002_s17,moe_oeo,25,6,17,train,1,02_STROMA,4,05_DEBRIS,87
moe_oeo_N25_k6_L4_lr0.002_s17,moe_oeo,25,6,17,train,1,02_STROMA,5,06_MUCOSA,3
moe_oeo_N25_k6_L4_lr0.002_s17,moe_oeo,25,6,17,train,1,02_STROMA,6,07_ADIPOSE,0
moe_oeo_N25_k6_L4_lr0.002_s17,moe_oeo,25,6,17,train,1,02_STROMA,7,08_EMPTY,0
moe_oeo_N25_k6_L4_lr0.002_s17,moe_oeo,25,6,17,train,2,03_COMPLEX,0,01_TUMOR,12
moe_oeo_N25_k6_L4_lr0.002_s17,moe_oeo,25,6,17,train,2,03_COMPLEX,1,02_STROMA,52
moe_oeo_N25_k6_L4_lr0.002_s17,moe_oeo,25,6,17,train,2,03_COMPLEX,2,03_COMPLEX,339
moe_oeo_N25_k6_L4_lr0.002_s17,moe_oeo,25,6,17,train,2,03_COMPLEX,3,04_LYMPHO,17
moe_oeo_N25_k6_L4_lr0.002_s17,moe_oeo,25,6,17,train,2,03_COMPLEX,4,05_DEBRIS,4
moe_oeo_N25_k6_L4_lr0.002_s17,moe_oeo,25,6,17,train,2,03_COMPLEX,5,06_MUCOSA,13
moe_oeo_N25_k6_L4_lr0.002_s17,moe_oeo,25,6,17,train,2,03_COMPLEX,6,07_ADIPOSE,0
moe_oeo_N25_k6_L4_lr0.002_s17,moe_oeo,25,6,17,train,2,03_COMPLEX,7,08_EMPTY,0
moe_oeo_N25_k6_L4_lr0.002_s17,moe_oeo,25,6,17,train,3,04_LYMPHO,0,01_TUMOR,24
moe_oeo_N25_k6_L4_lr0.002_s17,moe_oeo,25,6,17,train,3,04_LYMPHO,1,02_STROMA,2
moe_oeo_N25_k6_L4_lr0.002_s17,moe_oeo,25,6,17,train,3,04_LYMPHO,2,03_COMPLEX,28
moe_oeo_N25_k6_L4_lr0.002_s17,moe_oeo,25,6,17,train,3,04_LYMPHO,3,04_LYMPHO,375
moe_oeo_N25_k6_L4_lr0.002_s17,moe_oeo,25,6,17,train,3,04_LYMPHO,4,05_DEBRIS,0
moe_oeo_N25_k6_L4_lr0.002_s17,moe_oeo,25,6,17,train,3,04_LYMPHO,5,06_MUCOSA,8
moe_oeo_N25_k6_L4_lr0.002_s17,moe_oeo,25,6,17,train,3,04_LYMPHO,6,07_ADIPOSE,0
moe_oeo_N25_k6_L4_lr0.002_s17,moe_oeo,25,6,17,train,3,04_LYMPHO,7,08_EMPTY,0
moe_oeo_N25_k6_L4_lr0.002_s17,moe_oeo,25,6,17,train,4,05_DEBRIS,0,01_TUMOR,1
moe_oeo_N25_k6_L4_lr0.002_s17,moe_oeo,25,6,17,train,4,05_DEBRIS,1,02_STROMA,80
moe_oeo_N25_k6_L4_lr0.002_s17,moe_oeo,25,6,17,train,4,05_DEBRIS,2,03_COMPLEX,8
moe_oeo_N25_k6_L4_lr0.002_s17,moe_oeo,25,6,17,train,4,05_DEBRIS,3,04_LYMPHO,0
moe_oeo_N25_k6_L4_lr0.002_s17,moe_oeo,25,6,17,train,4,05_DEBRIS,4,05_DEBRIS,298
moe_oeo_N25_k6_L4_lr0.002_s17,moe_oeo,25,6,17,train,4,05_DEBRIS,5,06_MUCOSA,30
moe_oeo_N25_k6_L4_lr0.002_s17,moe_oeo,25,6,17,train,4,05_DEBRIS,6,07_ADIPOSE,20
moe_oeo_N25_k6_L4_lr0.002_s17,moe_oeo,25,6,17,train,4,05_DEBRIS,7,08_EMPTY,0
moe_oeo_N25_k6_L4_lr0.002_s17,moe_oeo,25,6,17,train,5,06_MUCOSA,0,01_TUMOR,27
moe_oeo_N25_k6_L4_lr0.002_s17,moe_oeo,25,6,17,train,5,06_MUCOSA,1,02_STROMA,2
moe_oeo_N25_k6_L4_lr0.002_s17,moe_oeo,25,6,17,train,5,06_MUCOSA,2,03_COMPLEX,4
moe_oeo_N25_k6_L4_lr0.002_s17,moe_oeo,25,6,17,train,5,06_MUCOSA,3,04_LYMPHO,9
moe_oeo_N25_k6_L4_lr0.002_s17,moe_oeo,25,6,17,train,5,06_MUCOSA,4,05_DEBRIS,8
moe_oeo_N25_k6_L4_lr0.002_s17,moe_oeo,25,6,17,train,5,06_MUCOSA,5,06_MUCOSA,387
moe_oeo_N25_k6_L4_lr0.002_s17,moe_oeo,25,6,17,train,5,06_MUCOSA,6,07_ADIPOSE,0
moe_oeo_N25_k6_L4_lr0.002_s17,moe_oeo,25,6,17,train,5,06_MUCOSA,7,08_EMPTY,0
moe_oeo_N25_k6_L4_lr0.002_s17,moe_oeo,25,6,17,train,6,07_ADIPOSE,0,01_TUMOR,0
moe_oeo_N25_k6_L4_lr0.002_s17,moe_oeo,25,6,17,train,6,07_ADIPOSE,1,02_STROMA,0
moe_oeo_N25_k6_L4_lr0.002_s17,moe_oeo,25,6,17,train,6,07_ADIPOSE,2,03_COMPLEX,0
moe_oeo_N25_k6_L4_lr0.002_s17,moe_oeo,25,6,17,train,6,07_ADIPOSE,3,04_LYMPHO,0
moe_oeo_N25_k6_L4_lr0.002_s17,moe_oeo,25,6,17,train,6,07_ADIPOSE,4,05_DEBRIS,12
moe_oeo_N25_k6_L4_lr0.002_s17,moe_oeo,25,6,17,train,6,07_ADIPOSE,5,06_MUCOSA,1
moe_oeo_N25_k6_L4_lr0.002_s17,moe_oeo,25,6,17,train,6,07_ADIPOSE,6,07_ADIPOSE,415
moe_oeo_N25_k6_L4_lr0.002_s17,moe_oeo,25,6,17,train,6,07_ADIPOSE,7,08_EMPTY,9
moe_oeo_N25_k6_L4_lr0.002_s17,moe_oeo,25,6,17,train,7,08_EMPTY,0,01_TUMOR,0
moe_oeo_N25_k6_L4_lr0.002_s17,moe_oeo,25,6,17,train,7,08_EMPTY,1,02_STROMA,0
moe_oeo_N25_k6_L4_lr0.002_s17,moe_oeo,25,6,17,train,7,08_EMPTY,2,03_COMPLEX,0
moe_oeo_N25_k6_L4_lr0.002_s17,moe_oeo,25,6,17,train,7,08_EMPTY,3,04_LYMPHO,0
moe_oeo_N25_k6_L4_lr0.002_s17,moe_oeo,25,6,17,train,7,08_EMPTY,4,05_DEBRIS,0
moe_oeo_N25_k6_L4_lr0.002_s17,moe_oeo,25,6,17,train,7,08_EMPTY,5,06_MUCOSA,1
moe_oeo_N25_k6_L4_lr0.002_s17,moe_oeo,25,6,17,train,7,08_EMPTY,6,07_ADIPOSE,12
moe_oeo_N25_k6_L4_lr0.002_s17,moe_oeo,25,6,17,train,7,08_EMPTY,7,08_EMPTY,424
moe_oeo_N25_k6_L4_lr0.002_s17,moe_oeo,25,6,17,val,0,01_TUMOR,0,01_TUMOR,71
moe_oeo_N25_k6_L4_lr0.002_s17,moe_oeo,25,6,17,val,0,01_TUMOR,1,02_STROMA,1
moe_oeo_N25_k6_L4_lr0.002_s17,moe_oeo,25,6,17,val,0,01_TUMOR,2,03_COMPLEX,4
moe_oeo_N25_k6_L4_lr0.002_s17,moe_oeo,25,6,17,val,0,01_TUMOR,3,04_LYMPHO,12
moe_oeo_N25_k6_L4_lr0.002_s17,moe_oeo,25,6,17,val,0,01_TUMOR,4,05_DEBRIS,0
moe_oeo_N25_k6_L4_lr0.002_s17,moe_oeo,25,6,17,val,0,01_TUMOR,5,06_MUCOSA,6
moe_oeo_N25_k6_L4_lr0.002_s17,moe_oeo,25,6,17,val,0,01_TUMOR,6,07_ADIPOSE,0
moe_oeo_N25_k6_L4_lr0.002_s17,moe_oeo,25,6,17,val,0,01_TUMOR,7,08_EMPTY,0
moe_oeo_N25_k6_L4_lr0.002_s17,moe_oeo,25,6,17,val,1,02_STROMA,0,01_TUMOR,0
moe_oeo_N25_k6_L4_lr0.002_s17,moe_oeo,25,6,17,val,1,02_STROMA,1,02_STROMA,63
moe_oeo_N25_k6_L4_lr0.002_s17,moe_oeo,25,6,17,val,1,02_STROMA,2,03_COMPLEX,6
moe_oeo_N25_k6_L4_lr0.002_s17,moe_oeo,25,6,17,val,1,02_STROMA,3,04_LYMPHO,0
moe_oeo_N25_k6_L4_lr0.002_s17,moe_oeo,25,6,17,val,1,02_STROMA,4,05_DEBRIS,24
moe_oeo_N25_k6_L4_lr0.002_s17,moe_oeo,25,6,17,val,1,02_STROMA,5,06_MUCOSA,1
moe_oeo_N25_k6_L4_lr0.002_s17,moe_oeo,25,6,17,val,1,02_STROMA,6,07_ADIPOSE,0
moe_oeo_N25_k6_L4_lr0.002_s17,moe_oeo,25,6,17,val,1,02_STROMA,7,08_EMPTY,0
moe_oeo_N25_k6_L4_lr0.002_s17,moe_oeo,25,6,17,val,2,03_COMPLEX,0,01_TUMOR,2
moe_oeo_N25_k6_L4_lr0.002_s17,moe_oeo,25,6,17,val,2,03_COMPLEX,1,02_STROMA,18
moe_oeo_N25_k6_L4_lr0.002_s17,moe_oeo,25,6,17,val,2,03_COMPLEX,2,03_COMPLEX,64
moe_oeo_N25_k6_L4_lr0.002_s17,moe_oeo,25,6,17,val,2,03_COMPLEX,3,04_LYMPHO,3
moe_oeo_N25_k6_L4_lr0.002_s17,moe_oeo,25,6,17,val,2,03_COMPLEX,4,05_DEBRIS,5
moe_oeo_N25_k6_L4_lr0.002_s17,moe_oeo,25,6,17,val,2,03_COMPLEX,5,06_MUCOSA,2
moe_oeo_N25_k6_L4_lr0.002_s17,moe_oeo,25,6,17,val,2,03_COMPLEX,6,07_ADIPOSE,0
moe_oeo_N25_k6_L4_lr0.002_s17,moe_oeo,25,6,17,val,2,03_COMPLEX,7,08_EMPTY,0
moe_oeo_N25_k6_L4_lr0.002_s17,moe_oeo,25,6,17,val,3,04_LYMPHO,0,01_TUMOR,7
moe_oeo_N25_k6_L4_lr0.002_s17,moe_oeo,25,6,17,val,3,04_LYMPHO,1,02_STROMA,0
moe_oeo_N25_k6_L4_lr0.002_s17,moe_oeo,25,6,17,val,3,04_LYMPHO,2,03_COMPLEX,7
moe_oeo_N25_k6_L4_lr0.002_s17,moe_oeo,25,6,17,val,3,04_LYMPHO,3,04_LYMPHO,74
moe_oeo_N25_k6_L4_lr0.002_s17,moe_oeo,25,6,17,val,3,04_LYMPHO,4,05_DEBRIS,0
moe_oeo_N25_k6_L4_lr0.002_s17,moe_oeo,25,6,17,val,3,04_LYMPHO,5,06_MUCOSA,6
moe_oeo_N25_k6_L4_lr0.002_s17,moe_oeo,25,6,17,val,3,04_LYMPHO,6,07_ADIPOSE,0
moe_oeo_N25_k6_L4_lr0.002_s17,moe_oeo,25,6,17,val,3,04_LYMPHO,7,08_EMPTY,0
moe_oeo_N25_k6_L4_lr0.002_s17,moe_oeo,25,6,17,val,4,05_DEBRIS,0,01_TUMOR,1
moe_oeo_N25_k6_L4_lr0.002_s17,moe_oeo,25,6,17,val,4,05_DEBRIS,1,02_STROMA,16
moe_oeo_N25_k6_L4_lr0.002_s17,moe_oeo,25,6,17,val,4,05_DEBRIS,2,03_COMPLEX,2
moe_oeo_N25_k6_L4_lr0.002_s17,moe_oeo,25,6,17,val,4,05_DEBRIS,3,04_LYMPHO,0
moe_oeo_N25_k6_L4_lr0.002_s17,moe_oeo,25,6,17,val,4,05_DEBRIS,4,05_DEBRIS,58
moe_oeo_N25_k6_L4_lr0.002_s17,moe_oeo,25,6,17,val,4,05_DEBRIS,5,06_MUCOSA,9
moe_oeo_N25_k6_L4_lr0.002_s17,moe_oeo,25,6,17,val,4,05_DEBRIS,6,07_ADIPOSE,8
moe_oeo_N25_k6_L4_lr0.002_s17,moe_oeo,25,6,17,val,4,05_DEBRIS,7,08_EMPTY,0
moe_oeo_N25_k6_L4_lr0.002_s17,moe_oeo,25,6,17,val,5,06_MUCOSA,0,01_TUMOR,9
moe_oeo_N25_k6_L4_lr0.002_s17,moe_oeo,25,6,17,val,5,06_MUCOSA,1,02_STROMA,0
moe_oeo_N25_k6_L4_lr0.002_s17,moe_oeo,25,6,17,val,5,06_MUCOSA,2,03_COMPLEX,1
moe_oeo_N25_k6_L4_lr0.002_s17,moe_oeo,25,6,17,val,5,06_MUCOSA,3,04_LYMPHO,1
moe_oeo_N25_k6_L4_lr0.002_s17,moe_oeo,25,6,17,val,5,06_MUCOSA,4,05_DEBRIS,3
moe_oeo_N25_k6_L4_lr0.002_s17,moe_oeo,25,6,17,val,5,06_MUCOSA,5,06_MUCOSA,80
moe_oeo_N25_k6_L4_lr0.002_s17,moe_oeo,25,6,17,val,5,06_MUCOSA,6,07_ADIPOSE,0
moe_oeo_N25_k6_L4_lr0.002_s17,moe_oeo,25,6,17,val,5,06_MUCOSA,7,08_EMPTY,0
moe_oeo_N25_k6_L4_lr0.002_s17,moe_oeo,25,6,17,val,6,07_ADIPOSE,0,01_TUMOR,0
moe_oeo_N25_k6_L4_lr0.002_s17,moe_oeo,25,6,17,val,6,07_ADIPOSE,1,02_STROMA,0
moe_oeo_N25_k6_L4_lr0.002_s17,moe_oeo,25,6,17,val,6,07_ADIPOSE,2,03_COMPLEX,0
moe_oeo_N25_k6_L4_lr0.002_s17,moe_oeo,25,6,17,val,6,07_ADIPOSE,3,04_LYMPHO,0
moe_oeo_N25_k6_L4_lr0.002_s17,moe_oeo,25,6,17,val,6,07_ADIPOSE,4,05_DEBRIS,3
moe_oeo_N25_k6_L4_lr0.002_s17,moe_oeo,25,6,17,val,6,07_ADIPOSE,5,06_MUCOSA,2
moe_oeo_N25_k6_L4_lr0.002_s17,moe_oeo,25,6,17,val,6,07_ADIPOSE,6,07_ADIPOSE,84
moe_oeo_N25_k6_L4_lr0.002_s17,moe_oeo,25,6,17,val,6,07_ADIPOSE,7,08_EMPTY,5
moe_oeo_N25_k6_L4_lr0.002_s17,moe_oeo,25,6,17,val,7,08_EMPTY,0,01_TUMOR,0
moe_oeo_N25_k6_L4_lr0.002_s17,moe_oeo,25,6,17,val,7,08_EMPTY,1,02_STROMA,0
moe_oeo_N25_k6_L4_lr0.002_s17,moe_oeo,25,6,17,val,7,08_EMPTY,2,03_COMPLEX,0
moe_oeo_N25_k6_L4_lr0.002_s17,moe_oeo,25,6,17,val,7,08_EMPTY,3,04_LYMPHO,0
moe_oeo_N25_k6_L4_lr0.002_s17,moe_oeo,25,6,17,val,7,08_EMPTY,4,05_DEBRIS,0
moe_oeo_N25_k6_L4_lr0.002_s17,moe_oeo,25,6,17,val,7,08_EMPTY,5,06_MUCOSA,0
moe_oeo_N25_k6_L4_lr0.002_s17,moe_oeo,25,6,17,val,7,08_EMPTY,6,07_ADIPOSE,2
moe_oeo_N25_k6_L4_lr0.002_s17,moe_oeo,25,6,17,val,7,08_EMPTY,7,08_EMPTY,92
moe_oeo_N25_k12_L4_lr0.002_s17,moe_oeo,25,12,17,train,0,01_TUMOR,0,01_TUMOR,365
moe_oeo_N25_k12_L4_lr0.002_s17,moe_oeo,25,12,17,train,0,01_TUMOR,1,02_STROMA,4
moe_oeo_N25_k12_L4_lr0.002_s17,moe_oeo,25,12,17,train,0,01_TUMOR,2,03_COMPLEX,14
moe_oeo_N25_k12_L4_lr0.002_s17,moe_oeo,25,12,17,train,0,01_TUMOR,3,04_LYMPHO,23
moe_oeo_N25_k12_L4_lr0.002_s17,moe_oeo,25,12,17,train,0,01_TUMOR,4,05_DEBRIS,0
moe_oeo_N25_k12_L4_lr0.002_s17,moe_oeo,25,12,17,train,0,01_TUMOR,5,06_MUCOSA,31
moe_oeo_N25_k12_L4_lr0.002_s17,moe_oeo,25,12,17,train,0,01_TUMOR,6,07_ADIPOSE,0
moe_oeo_N25_k12_L4_lr0.002_s17,moe_oeo,25,12,17,train,0,01_TUMOR,7,08_EMPTY,0
moe_oeo_N25_k12_L4_lr0.002_s17,moe_oeo,25,12,17,train,1,02_STROMA,0,01_TUMOR,1
moe_oeo_N25_k12_L4_lr0.002_s17,moe_oeo,25,12,17,train,1,02_STROMA,1,02_STROMA,330
moe_oeo_N25_k12_L4_lr0.002_s17,moe_oeo,25,12,17,train,1,02_STROMA,2,03_COMPLEX,16
moe_oeo_N25_k12_L4_lr0.002_s17,moe_oeo,25,12,17,train,1,02_STROMA,3,04_LYMPHO,0
moe_oeo_N25_k12_L4_lr0.002_s17,moe_oeo,25,12,17,train,1,02_STROMA,4,05_DEBRIS,87
moe_oeo_N25_k12_L4_lr0.002_s17,moe_oeo,25,12,17,train,1,02_STROMA,5,06_MUCOSA,3
moe_oeo_N25_k12_L4_lr0.002_s17,moe_oeo,25,12,17,train,1,02_STROMA,6,07_ADIPOSE,0
moe_oeo_N25_k12_L4_lr0.002_s17,moe_oeo,25,12,17,train,1,02_STROMA,7,08_EMPTY,0
moe_oeo_N25_k12_L4_lr0.002_s17,moe_oeo,25,12,17,train,2,03_COMPLEX,0,01_TUMOR,12
moe_oeo_N25_k12_L4_lr0.002_s17,moe_oeo,25,12,17,train,2,03_COMPLEX,1,02_STROMA,34
moe_oeo_N25_k12_L4_lr0.002_s17,moe_oeo,25,12,17,train,2,03_COMPLEX,2,03_COMPLEX,363
moe_oeo_N25_k12_L4_lr0.002_s17,moe_oeo,25,12,17,train,2,03_COMPLEX,3,04_LYMPHO,10
moe_oeo_N25_k12_L4_lr0.002_s17,moe_oeo,25,12,17,train,2,03_COMPLEX,4,05_DEBRIS,9
moe_oeo_N25_k12_L4_lr0.002_s17,moe_oeo,25,12,17,train,2,03_COMPLEX,5,06_MUCOSA,9
moe_oeo_N25_k12_L4_lr0.002_s17,moe_oeo,25,12,17,train,2,03_COMPLEX,6,07_ADIPOSE,0
moe_oeo_N25_k12_L4_lr0.002_s17,moe_oeo,25,12,17,train,2,03_COMPLEX,7,08_EMPTY,0
moe_oeo_N25_k12_L4_lr0.002_s17,moe_oeo,25,12,17,train,3,04_LYMPHO,0,01_TUMOR,33
moe_oeo_N25_k12_L4_lr0.002_s17,moe_oeo,25,12,17,train,3,04_LYMPHO,1,02_STROMA,1
moe_oeo_N25_k12_L4_lr0.002_s17,moe_oeo,25,12,17,train,3,04_LYMPHO,2,03_COMPLEX,27
moe_oeo_N25_k12_L4_lr0.002_s17,moe_oeo,25,12,17,train,3,04_LYMPHO,3,04_LYMPHO,369
moe_oeo_N25_k12_L4_lr0.002_s17,moe_oeo,25,12,17,train,3,04_LYMPHO,4,05_DEBRIS,0
moe_oeo_N25_k12_L4_lr0.002_s17,moe_oeo,25,12,17,train,3,04_LYMPHO,5,06_MUCOSA,7
moe_oeo_N25_k12_L4_lr0.002_s17,moe_oeo,25,12,17,train,3,04_LYMPHO,6,07_ADIPOSE,0
moe_oeo_N25_k12_L4_lr0.002_s17,moe_oeo,25,12,17,train,3,04_LYMPHO,7,08_EMPTY,0
moe_oeo_N25_k12_L4_lr0.002_s17,moe_oeo,25,12,17,train,4,05_DEBRIS,0,01_TUMOR,0
moe_oeo_N25_k12_L4_lr0.002_s17,moe_oeo,25,12,17,train,4,05_DEBRIS,1,02_STROMA,33
moe_oeo_N25_k12_L4_lr0.002_s17,moe_oeo,25,12,17,train,4,05_DEBRIS,2,03_COMPLEX,8
moe_oeo_N25_k12_L4_lr0.002_s17,moe_oeo,25,12,17,train,4,05_DEBRIS,3,04_LYMPHO,0
moe_oeo_N25_k12_L4_lr0.002_s17,moe_oeo,25,12,17,train,4,05_DEBRIS,4,05_DEBRIS,374
moe_oeo_N25_k12_L4_lr0.002_s17,moe_oeo,25,12,17,train,4,05_DEBRIS,5,06_MUCOSA,13
moe_oeo_N25_k12_L4_lr0.002_s17,moe_oeo,25,12,17,train,4,05_DEBRIS,6,07_ADIPOSE,9
moe_oeo_N25_k12_L4_lr0.002_s17,moe_oeo,25,12,17,train,4,05_DEBRIS,7,08_EMPTY,0
moe_oeo_N25_k12_L4_lr0.002_s17,moe_oeo,25,12,17,train,5,06_MUCOSA,0,01_TUMOR,32
moe_oeo_N25_k12_L4_lr0.002_s17,moe_oeo,25,12,17,train,5,06_MUCOSA,1,02_STROMA,1
moe_oeo_N25_k12_L4_lr0.002_s17,moe_oeo,25,12,17,train,5,06_MUCOSA,2,03_COMPLEX,4
moe_oeo_N25_k12_L4_lr0.002_s17,moe_oeo,25,12,17,train,5,06_MUCOSA,3,04_LYMPHO,4
moe_oeo_N25_k12_L4_lr0.002_s17,moe_oeo,25,12,17,train,5,06_MUCOSA,4,05_DEBRIS,6
moe_oeo_N25_k12_L4_lr0.002_s17,moe_oeo,25,12,17,train,5,06_MUCOSA,5,06_MUCOSA,390
moe_oeo_N25_k12_L4_lr0.002_s17,moe_oeo,25,12,17,train,5,06_MUCOSA,6,07_ADIPOSE,0
moe_oeo_N25_k12_L4_lr0.002_s17,moe_oeo,25,12,17,train,5,06_MUCOSA,7,08_EMPTY,0
moe_oeo_N25_k12_L4_lr0.002_s17,moe_oeo,25,12,17,train,6,07_ADIPOSE,0,01_TUMOR,0
moe_oeo_N25_k12_L4_lr0.002_s17,moe_oeo,25,12,17,train,6,07_ADIPOSE,1,02_STROMA,0
moe_oeo_N25_k12_L4_lr0.002_s17,moe_oeo,25,12,17,train,6,07_ADIPOSE,2,03_COMPLEX,0
moe_oeo_N25_k12_L4_lr0.002_s17,moe_oeo,25,12,17,train,6,07_ADIPOSE,3,04_LYMPHO,0
moe_oeo_N25_k12_L4_lr0.002_s17,moe_oeo,25,12,17,train,6,07_ADIPOSE,4,05_DEBRIS,3
moe_oeo_N25_k12_L4_lr0.002_s17,moe_oeo,25,12,17,train,6,07_ADIPOSE,5,06_MUCOSA,0
moe_oeo_N25_k12_L4_lr0.002_s17,moe_oeo,25,12,17,train,6,07_ADIPOSE,6,07_ADIPOSE,426
moe_oeo_N25_k12_L4_lr0.002_s17,moe_oeo,25,12,17,train,6,07_ADIPOSE,7,08_EMPTY,8
moe_oeo_N25_k12_L4_lr0.002_s17,moe_oeo,25,12,17,train,7,08_EMPTY,0,01_TUMOR,0
moe_oeo_N25_k12_L4_lr0.002_s17,moe_oeo,25,12,17,train,7,08_EMPTY,1,02_STROMA,0
moe_oeo_N25_k12_L4_lr0.002_s17,moe_oeo,25,12,17,train,7,08_EMPTY,2,03_COMPLEX,0
moe_oeo_N25_k12_L4_lr0.002_s17,moe_oeo,25,12,17,train,7,08_EMPTY,3,04_LYMPHO,0
moe_oeo_N25_k12_L4_lr0.002_s17,moe_oeo,25,12,17,train,7,08_EMPTY,4,05_DEBRIS,0
moe_oeo_N25_k12_L4_lr0.002_s17,moe_oeo,25,12,17,train,7,08_EMPTY,5,06_MUCOSA,1
moe_oeo_N25_k12_L4_lr0.002_s17,moe_oeo,25,12,17,train,7,08_EMPTY,6,07_ADIPOSE,16
moe_oeo_N25_k12_L4_lr0.002_s17,moe_oeo,25,12,17,train,7,08_EMPTY,7,08_EMPTY,420
moe_oeo_N25_k12_L4_lr0.002_s17,moe_oeo,25,12,17,val,0,01_TUMOR,0,01_TUMOR,70
moe_oeo_N25_k12_L4_lr0.002_s17,moe_oeo,25,12,17,val,0,01_TUMOR,1,02_STROMA,0
moe_oeo_N25_k12_L4_lr0.002_s17,moe_oeo,25,12,17,val,0,01_TUMOR,2,03_COMPLEX,6
moe_oeo_N25_k12_L4_lr0.002_s17,moe_oeo,25,12,17,val,0,01_TUMOR,3,04_LYMPHO,11
moe_oeo_N25_k12_L4_lr0.002_s17,moe_oeo,25,12,17,val,0,01_TUMOR,4,05_DEBRIS,0
moe_oeo_N25_k12_L4_lr0.002_s17,moe_oeo,25,12,17,val,0,01_TUMOR,5,06_MUCOSA,7
moe_oeo_N25_k12_L4_lr0.002_s17,moe_oeo,25,12,17,val,0,01_TUMOR,6,07_ADIPOSE,0
moe_oeo_N25_k12_L4_lr0.002_s17,moe_oeo,25,12,17,val,0,01_TUMOR,7,08_EMPTY,0
moe_oeo_N25_k12_L4_lr0.002_s17,moe_oeo,25,12,17,val,1,02_STROMA,0,01_TUMOR,0
moe_oeo_N25_k12_L4_lr0.002_s17,moe_oeo,25,12,17,val,1,02_STROMA,1,02_STROMA,58
moe_oeo_N25_k12_L4_lr0.002_s17,moe_oeo,25,12,17,val,1,02_STROMA,2,03_COMPLEX,9
moe_oeo_N25_k12_L4_lr0.002_s17,moe_oeo,25,12,17,val,1,02_STROMA,3,04_LYMPHO,0
moe_oeo_N25_k12_L4_lr0.002_s17,moe_oeo,25,12,17,val,1,02_STROMA,4,05_DEBRIS,25
moe_oeo_N25_k12_L4_lr0.002_s17,moe_oeo,25,12,17,val,1,02_STROMA,5,06_MUCOSA,2
moe_oeo_N25_k12_L4_lr0.002_s17,moe_oeo,25,12,17,val,1,02_STROMA,6,07_ADIPOSE,0
moe_oeo_N25_k12_L4_lr0.002_s17,moe_oeo,25,12,17,val,1,02_STROMA,7,08_EMPTY,0
moe_oeo_N25_k12_L4_lr0.002_s17,moe_oeo,25,12,17,val,2,03_COMPLEX,0,01_TUMOR,3
moe_oeo_N25_k12_L4_lr0.002_s17,moe_oeo,25,12,17,val,2,03_COMPLEX,1,02_STROMA,18
moe_oeo_N25_k12_L4_lr0.002_s17,moe_oeo,25,12,17,val,2,03_COMPLEX,2,03_COMPLEX,65
moe_oeo_N25_k12_L4_lr0.002_s17,moe_oeo,25,12,17,val,2,03_COMPLEX,3,04_LYMPHO,1
moe_oeo_N25_k12_L4_lr0.002_s17,moe_oeo,25,12,17,val,2,03_COMPLEX,4,05_DEBRIS,5
moe_oeo_N25_k12_L4_lr0.002_s17,moe_oeo,25,12,17,val,2,03_COMPLEX,5,06_MUCOSA,2
moe_oeo_N25_k12_L4_lr0.002_s17,moe_oeo,25,12,17,val,2,03_COMPLEX,6,07_ADIPOSE,0
moe_oeo_N25_k12_L4_lr0.002_s17,moe_oeo,25,12,17,val,2,03_COMPLEX,7,08_EMPTY,0
moe_oeo_N25_k12_L4_lr0.002_s17,moe_oeo,25,12,17,val,3,04_LYMPHO,0,01_TUMOR,9
moe_oeo_N25_k12_L4_lr0.002_s17,moe_oeo,25,12,17,val,3,04_LYMPHO,1,02_STROMA,0
moe_oeo_N25_k12_L4_lr0.002_s17,moe_oeo,25,12,17,val,3,04_LYMPHO,2,03_COMPLEX,6
moe_oeo_N25_k12_L4_lr0.002_s17,moe_oeo,25,12,17,val,3,04_LYMPHO,3,04_LYMPHO,75
moe_oeo_N25_k12_L4_lr0.002_s17,moe_oeo,25,12,17,val,3,04_LYMPHO,4,05_DEBRIS,0
moe_oeo_N25_k12_L4_lr0.002_s17,moe_oeo,25,12,17,val,3,04_LYMPHO,5,06_MUCOSA,4
moe_oeo_N25_k12_L4_lr0.002_s17,moe_oeo,25,12,17,val,3,04_LYMPHO,6,07_ADIPOSE,0
moe_oeo_N25_k12_L4_lr0.002_s17,moe_oeo,25,12,17,val,3,04_LYMPHO,7,08_EMPTY,0
moe_oeo_N25_k12_L4_lr0.002_s17,moe_oeo,25,12,17,val,4,05_DEBRIS,0,01_TUMOR,1
moe_oeo_N25_k12_L4_lr0.002_s17,moe_oeo,25,12,17,val,4,05_DEBRIS,1,02_STROMA,9
moe_oeo_N25_k12_L4_lr0.002_s17,moe_oeo,25,12,17,val,4,05_DEBRIS,2,03_COMPLEX,3
moe_oeo_N25_k12_L4_lr0.002_s17,moe_oeo,25,12,17,val,4,05_DEBRIS,3,04_LYMPHO,0
moe_oeo_N25_k12_L4_lr0.002_s17,moe_oeo,25,12,17,val,4,05_DEBRIS,4,05_DEBRIS,69
moe_oeo_N25_k12_L4_lr0.002_s17,moe_oeo,25,12,17,val,4,05_DEBRIS,5,06_MUCOSA,5
moe_oeo_N25_k12_L4_lr0.002_s17,moe_oeo,25,12,17,val,4,05_DEBRIS,6,07_ADIPOSE,7
moe_oeo_N25_k12_L4_lr0.002_s17,moe_oeo,25,12,17,val,4,05_DEBRIS,7,08_EMPTY,0
moe_oeo_N25_k12_L4_lr0.002_s17,moe_oeo,25,12,17,val,5,06_MUCOSA,0,01_TUMOR,9
moe_oeo_N25_k12_L4_lr0.002_s17,moe_oeo,25,12,17,val,5,06_MUCOSA,1,02_STROMA,1
moe_oeo_N25_k12_L4_lr0.002_s17,moe_oeo,25,12,17,val,5,06_MUCOSA,2,03_COMPLEX,0
moe_oeo_N25_k12_L4_lr0.002_s17,moe_oeo,25,12,17,val,5,06_MUCOSA,3,04_LYMPHO,5
moe_oeo_N25_k12_L4_lr0.002_s17,moe_oeo,25,12,17,val,5,06_MUCOSA,4,05_DEBRIS,2
moe_oeo_N25_k12_L4_lr0.002_s17,moe_oeo,25,12,17,val,5,06_MUCOSA,5,06_MUCOSA,76
moe_oeo_N25_k12_L4_lr0.002_s17,moe_oeo,25,12,17,val,5,06_MUCOSA,6,07_ADIPOSE,1
moe_oeo_N25_k12_L4_lr0.002_s17,moe_oeo,25,12,17,val,5,06_MUCOSA,7,08_EMPTY,0
moe_oeo_N25_k12_L4_lr0.002_s17,moe_oeo,25,12,17,val,6,07_ADIPOSE,0,01_TUMOR,0
moe_oeo_N25_k12_L4_lr0.002_s17,moe_oeo,25,12,17,val,6,07_ADIPOSE,1,02_STROMA,0
moe_oeo_N25_k12_L4_lr0.002_s17,moe_oeo,25,12,17,val,6,07_ADIPOSE,2,03_COMPLEX,0
moe_oeo_N25_k12_L4_lr0.002_s17,moe_oeo,25,12,17,val,6,07_ADIPOSE,3,04_LYMPHO,0
moe_oeo_N25_k12_L4_lr0.002_s17,moe_oeo,25,12,17,val,6,07_ADIPOSE,4,05_DEBRIS,2
moe_oeo_N25_k12_L4_lr0.002_s17,moe_oeo,25,12,17,val,6,07_ADIPOSE,5,06_MUCOSA,0
moe_oeo_N25_k12_L4_lr0.002_s17,moe_oeo,25,12,17,val,6,07_ADIPOSE,6,07_ADIPOSE,90
moe_oeo_N25_k12_L4_lr0.002_s17,moe_oeo,25,12,17,val,6,07_ADIPOSE,7,08_EMPTY,2
moe_oeo_N25_k12_L4_lr0.002_s17,moe_oeo,25,12,17,val,7,08_EMPTY,0,01_TUMOR,0
moe_oeo_N25_k12_L4_lr0.002_s17,moe_oeo,25,12,17,val,7,08_EMPTY,1,02_STROMA,0
moe_oeo_N25_k12_L4_lr0.002_s17,moe_oeo,25,12,17,val,7,08_EMPTY,2,03_COMPLEX,0
moe_oeo_N25_k12_L4_lr0.002_s17,moe_oeo,25,12,17,val,7,08_EMPTY,3,04_LYMPHO,0
moe_oeo_N25_k12_L4_lr0.002_s17,moe_oeo,25,12,17,val,7,08_EMPTY,4,05_DEBRIS,0
moe_oeo_N25_k12_L4_lr0.002_s17,moe_oeo,25,12,17,val,7,08_EMPTY,5,06_MUCOSA,0
moe_oeo_N25_k12_L4_lr0.002_s17,moe_oeo,25,12,17,val,7,08_EMPTY,6,07_ADIPOSE,2
moe_oeo_N25_k12_L4_lr0.002_s17,moe_oeo,25,12,17,val,7,08_EMPTY,7,08_EMPTY,92
moe_oeo_N25_k25_L4_lr0.002_s17,moe_oeo,25,25,17,train,0,01_TUMOR,0,01_TUMOR,312
moe_oeo_N25_k25_L4_lr0.002_s17,moe_oeo,25,25,17,train,0,01_TUMOR,1,02_STROMA,4
moe_oeo_N25_k25_L4_lr0.002_s17,moe_oeo,25,25,17,train,0,01_TUMOR,2,03_COMPLEX,39
moe_oeo_N25_k25_L4_lr0.002_s17,moe_oeo,25,25,17,train,0,01_TUMOR,3,04_LYMPHO,38
moe_oeo_N25_k25_L4_lr0.002_s17,moe_oeo,25,25,17,train,0,01_TUMOR,4,05_DEBRIS,0
moe_oeo_N25_k25_L4_lr0.002_s17,moe_oeo,25,25,17,train,0,01_TUMOR,5,06_MUCOSA,44
moe_oeo_N25_k25_L4_lr0.002_s17,moe_oeo,25,25,17,train,0,01_TUMOR,6,07_ADIPOSE,0
moe_oeo_N25_k25_L4_lr0.002_s17,moe_oeo,25,25,17,train,0,01_TUMOR,7,08_EMPTY,0
moe_oeo_N25_k25_L4_lr0.002_s17,moe_oeo,25,25,17,train,1,02_STROMA,0,01_TUMOR,2
moe_oeo_N25_k25_L4_lr0.002_s17,moe_oeo,25,25,17,train,1,02_STROMA,1,02_STROMA,305
moe_oeo_N25_k25_L4_lr0.002_s17,moe_oeo,25,25,17,train,1,02_STROMA,2,03_COMPLEX,26
moe_oeo_N25_k25_L4_lr0.002_s17,moe_oeo,25,25,17,train,1,02_STROMA,3,04_LYMPHO,1
moe_oeo_N25_k25_L4_lr0.002_s17,moe_oeo,25,25,17,train,1,02_STROMA,4,05_DEBRIS,97
moe_oeo_N25_k25_L4_lr0.002_s17,moe_oeo,25,25,17,train,1,02_STROMA,5,06_MUCOSA,5
moe_oeo_N25_k25_L4_lr0.002_s17,moe_oeo,25,25,17,train,1,02_STROMA,6,07_ADIPOSE,1
moe_oeo_N25_k25_L4_lr0.002_s17,moe_oeo,25,25,17,train,1,02_STROMA,7,08_EMPTY,0
moe_oeo_N25_k25_L4_lr0.002_s17,moe_oeo,25,25,17,train,2,03_COMPLEX,0,01_TUMOR,17
moe_oeo_N25_k25_L4_lr0.002_s17,moe_oeo,25,25,17,train,2,03_COMPLEX,1,02_STROMA,52
moe_oeo_N25_k25_L4_lr0.002_s17,moe_oeo,25,25,17,train,2,03_COMPLEX,2,03_COMPLEX,332
moe_oeo_N25_k25_L4_lr0.002_s17,moe_oeo,25,25,17,train,2,03_COMPLEX,3,04_LYMPHO,16
moe_oeo_N25_k25_L4_lr0.002_s17,moe_oeo,25,25,17,train,2,03_COMPLEX,4,05_DEBRIS,6
moe_oeo_N25_k25_L4_lr0.002_s17,moe_oeo,25,25,17,train,2,03_COMPLEX,5,06_MUCOSA,14
moe_oeo_N25_k25_L4_lr0.002_s17,moe_oeo,25,25,17,train,2,03_COMPLEX,6,07_ADIPOSE,0
moe_oeo_N25_k25_L4_lr0.002_s17,moe_oeo,25,25,17,train,2,03_COMPLEX,7,08_EMPTY,0
moe_oeo_N25_k25_L4_lr0.002_s17,moe_oeo,25,25,17,train,3,04_LYMPHO,0,01_TUMOR,20
moe_oeo_N25_k25_L4_lr0.002_s17,moe_oeo,25,25,17,train,3,04_LYMPHO,1,02_STROMA,1
moe_oeo_N25_k25_L4_lr0.002_s17,moe_oeo,25,25,17,train,3,04_LYMPHO,2,03_COMPLEX,33
moe_oeo_N25_k25_L4_lr0.002_s17,moe_oeo,25,25,17,train,3,04_LYMPHO,3,04_LYMPHO,375
moe_oeo_N25_k25_L4_lr0.002_s17,moe_oeo,25,25,17,train,3,04_LYMPHO,4,05_DEBRIS,0
moe_oeo_N25_k25_L4_lr0.002_s17,moe_oeo,25,25,17,train,3,04_LYMPHO,5,06_MUCOSA,8
moe_oeo_N25_k25_L4_lr0.002_s17,moe_oeo,25,25,17,train,3,04_LYMPHO,6,07_ADIPOSE,0
moe_oeo_N25_k25_L4_lr0.002_s17,moe_oeo,25,25,17,train,3,04_LYMPHO,7,08_EMPTY,0
moe_oeo_N25_k25_L4_lr0.002_s17,moe_oeo,25,25,17,train,4,05_DEBRIS,0,01_TUMOR,1
moe_oeo_N25_k25_L4_lr0.002_s17,moe_oeo,25,25,17,train,4,05_DEBRIS,1,02_STROMA,79
moe_oeo_N25_k25_L4_lr0.002_s17,moe_oeo,25,25,17,train,4,05_DEBRIS,2,03_COMPLEX,8
moe_oeo_N25_k25_L4_lr0.002_s17,moe_oeo,25,25,17,train,4,05_DEBRIS,3,04_LYMPHO,0
moe_oeo_N25_k25_L4_lr0.002_s17,moe_oeo,25,25,17,train,4,05_DEBRIS,4,05_DEBRIS,326
moe_oeo_N25_k25_L4_lr0.002_s17,moe_oeo,25,25,17,train,4,05_DEBRIS,5,06_MUCOSA,16
moe_oeo_N25_k25_L4_lr0.002_s17,moe_oeo,25,25,17,train,4,05_DEBRIS,6,07_ADIPOSE,7
moe_oeo_N25_k25_L4_lr0.002_s17,moe_oeo,25,25,17,train,4,05_DEBRIS,7,08_EMPTY,0
moe_oeo_N25_k25_L4_lr0.002_s17,moe_oeo,25,25,17,train,5,06_MUCOSA,0,01_TUMOR,31
moe_oeo_N25_k25_L4_lr0.002_s17,moe_oeo,25,25,17,train,5,06_MUCOSA,1,02_STROMA,2
moe_oeo_N25_k25_L4_lr0.002_s17,moe_oeo,25,25,17,train,5,06_MUCOSA,2,03_COMPLEX,2
moe_oeo_N25_k25_L4_lr0.002_s17,moe_oeo,25,25,17,train,5,06_MUCOSA,3,04_LYMPHO,13
moe_oeo_N25_k25_L4_lr0.002_s17,moe_oeo,25,25,17,train,5,06_MUCOSA,4,05_DEBRIS,3
moe_oeo_N25_k25_L4_lr0.002_s17,moe_oeo,25,25,17,train,5,06_MUCOSA,5,06_MUCOSA,386
moe_oeo_N25_k25_L4_lr0.002_s17,moe_oeo,25,25,17,train,5,06_MUCOSA,6,07_ADIPOSE,0
moe_oeo_N25_k25_L4_lr0.002_s17,moe_oeo,25,25,17,train,5,06_MUCOSA,7,08_EMPTY,0
moe_oeo_N25_k25_L4_lr0.002_s17,moe_oeo,25,25,17,train,6,07_ADIPOSE,0,01_TUMOR,0
moe_oeo_N25_k25_L4_lr0.002_s17,moe_oeo,25,25,17,train,6,07_ADIPOSE,1,02_STROMA,0
moe_oeo_N25_k25_L4_lr0.002_s17,moe_oeo,25,25,17,train,6,07_ADIPOSE,2,03_COMPLEX,0
moe_oeo_N25_k25_L4_lr0.002_s17,moe_oeo,25,25,17,train,6,07_ADIPOSE,3,04_LYMPHO,0
moe_oeo_N25_k25_L4_lr0.002_s17,moe_oeo,25,25,17,train,6,07_ADIPOSE,4,05_DEBRIS,1
moe_oeo_N25_k25_L4_lr0.002_s17,moe_oeo,25,25,17,train,6,07_ADIPOSE,5,06_MUCOSA,0
moe_oeo_N25_k25_L4_lr0.002_s17,moe_oeo,25,25,17,train,6,07_ADIPOSE,6,07_ADIPOSE,425
moe_oeo_N25_k25_L4_lr0.002_s17,moe_oeo,25,25,17,train,6,07_ADIPOSE,7,08_EMPTY,11
moe_oeo_N25_k25_L4_lr0.002_s17,moe_oeo,25,25,17,train,7,08_EMPTY,0,01_TUMOR,0
moe_oeo_N25_k25_L4_lr0.002_s17,moe_oeo,25,25,17,train,7,08_EMPTY,1,02_STROMA,0
moe_oeo_N25_k25_L4_lr0.002_s17,moe_oeo,25,25,17,train,7,08_EMPTY,2,03_COMPLEX,0
moe_oeo_N25_k25_L4_lr0.002_s17,moe_oeo,25,25,17,train,7,08_EMPTY,3,04_LYMPHO,0
moe_oeo_N25_k25_L4_lr0.002_s17,moe_oeo,25,25,17,train,7,08_EMPTY,4,05_DEBRIS,1
moe_oeo_N25_k25_L4_lr0.002_s17,moe_oeo,25,25,17,train,7,08_EMPTY,5,06_MUCOSA,0
moe_oeo_N25_k25_L4_lr0.002_s17,moe_oeo,25,25,17,train,7,08_EMPTY,6,07_ADIPOSE,10
moe_oeo_N25_k25_L4_lr0.002_s17,moe_oeo,25,25,17,train,7,08_EMPTY,7,08_EMPTY,426
moe_oeo_N25_k25_L4_lr0.002_s17,moe_oeo,25,25,17,val,0,01_TUMOR,0,01_TUMOR,56
moe_oeo_N25_k25_L4_lr0.002_s17,moe_oeo,25,25,17,val,0,01_TUMOR,1,02_STROMA,0
moe_oeo_N25_k25_L4_lr0.002_s17,moe_oeo,25,25,17,val,0,01_TUMOR,2,03_COMPLEX,11
moe_oeo_N25_k25_L4_lr0.002_s17,moe_oeo,25,25,17,val,0,01_TUMOR,3,04_LYMPHO,21
moe_oeo_N25_k25_L4_lr0.002_s17,moe_oeo,25,25,17,val,0,01_TUMOR,4,05_DEBRIS,0
moe_oeo_N25_k25_L4_lr0.002_s17,moe_oeo,25,25,17,val,0,01_TUMOR,5,06_MUCOSA,6
moe_oeo_N25_k25_L4_lr0.002_s17,moe_oeo,25,25,17,val,0,01_TUMOR,6,07_ADIPOSE,0
moe_oeo_N25_k25_L4_lr0.002_s17,moe_oeo,25,25,17,val,0,01_TUMOR,7,08_EMPTY,0
moe_oeo_N25_k25_L4_lr0.002_s17,moe_oeo,25,25,17,val,1,02_STROMA,0,01_TUMOR,1
moe_oeo_N25_k25_L4_lr0.002_s17,moe_oeo,25,25,17,val,1,02_STROMA,1,02_STROMA,58
moe_oeo_N25_k25_L4_lr0.002_s17,moe_oeo,25,25,17,val,1,02_STROMA,2,03_COMPLEX,7
moe_oeo_N25_k25_L4_lr0.002_s17,moe_oeo,25,25,17,val,1,02_STROMA,3,04_LYMPHO,0
moe_oeo_N25_k25_L4_lr0.002_s17,moe_oeo,25,25,17,val,1,02_STROMA,4,05_DEBRIS,28
moe_oeo_N25_k25_L4_lr0.002_s17,moe_oeo,25,25,17,val,1,02_STROMA,5,06_MUCOSA,0
moe_oeo_N25_k25_L4_lr0.002_s17,moe_oeo,25,25,17,val,1,02_STROMA,6,07_ADIPOSE,0
moe_oeo_N25_k25_L4_lr0.002_s17,moe_oeo,25,25,17,val,1,02_STROMA,7,08_EMPTY,0
moe_oeo_N25_k25_L4_lr0.002_s17,moe_oeo,25,25,17,val,2,03_COMPLEX,0,01_TUMOR,7
moe_oeo_N25_k25_L4_lr0.002_s17,moe_oeo,25,25,17,val,2,03_COMPLEX,1,02_STROMA,20
moe_oeo_N25_k25_L4_lr0.002_s17,moe_oeo,25,25,17,val,2,03_COMPLEX,2,03_COMPLEX,60
moe_oeo_N25_k25_L4_lr0.002_s17,moe_oeo,25,25,17,val,2,03_COMPLEX,3,04_LYMPHO,1
moe_oeo_N25_k25_L4_lr0.002_s17,moe_oeo,25,25,17,val,2,03_COMPLEX,4,05_DEBRIS,3
moe_oeo_N25_k25_L4_lr0.002_s17,moe_oeo,25,25,17,val,2,03_COMPLEX,5,06_MUCOSA,3
moe_oeo_N25_k25_L4_lr0.002_s17,moe_oeo,25,25,17,val,2,03_COMPLEX,6,07_ADIPOSE,0
moe_oeo_N25_k25_L4_lr0.002_s17,moe_oeo,25,25,17,val,2,03_COMPLEX,7,08_EMPTY,0
moe_oeo_N25_k25_L4_lr0.002_s17,moe_oeo,25,25,17,val,3,04_LYMPHO,0,01_TUMOR,8
moe_oeo_N25_k25_L4_lr0.002_s17,moe_oeo,25,25,17,val,3,04_LYMPHO,1,02_STROMA,0
moe_oeo_N25_k25_L4_lr0.002_s17,moe_oeo,25,25,17,val,3,04_LYMPHO,2,03_COMPLEX,9
moe_oeo_N25_k25_L4_lr0.002_s17,moe_oeo,25,25,17,val,3,04_LYMPHO,3,04_LYMPHO,76
moe_oeo_N25_k25_L4_lr0.002_s17,moe_oeo,25,25,17,val,3,04_LYMPHO,4,05_DEBRIS,0
moe_oeo_N25_k25_L4_lr0.002_s17,moe_oeo,25,25,17,val,3,04_LYMPHO,5,06_MUCOSA,1
moe_oeo_N25_k25_L4_lr0.002_s17,moe_oeo,25,25,17,val,3,04_LYMPHO,6,07_ADIPOSE,0
moe_oeo_N25_k25_L4_lr0.002_s17,moe_oeo,25,25,17,val,3,04_LYMPHO,7,08_EMPTY,0
moe_oeo_N25_k25_L4_lr0.002_s17,moe_oeo,25,25,17,val,4,05_DEBRIS,0,01_TUMOR,1
moe_oeo_N25_k25_L4_lr0.002_s17,moe_oeo,25,25,17,val,4,05_DEBRIS,1,02_STROMA,12
moe_oeo_N25_k25_L4_lr0.002_s17,moe_oeo,25,25,17,val,4,05_DEBRIS,2,03_COMPLEX,3
moe_oeo_N25_k25_L4_lr0.002_s17,moe_oeo,25,25,17,val,4,05_DEBRIS,3,04_LYMPHO,0
moe_oeo_N25_k25_L4_lr0.002_s17,moe_oeo,25,25,17,val,4,05_DEBRIS,4,05_DEBRIS,63
moe_oeo_N25_k25_L4_lr0.002_s17,moe_oeo,25,25,17,val,4,05_DEBRIS,5,06_MUCOSA,8
moe_oeo_N25_k25_L4_lr0.002_s17,moe_oeo,25,25,17,val,4,05_DEBRIS,6,07_ADIPOSE,7
moe_oeo_N25_k25_L4_lr0.002_s17,moe_oeo,25,25,17,val,4,05_DEBRIS,7,08_EMPTY,0
moe_oeo_N25_k25_L4_lr0.002_s17,moe_oeo,25,25,17,val,5,06_MUCOSA,0,01_TUMOR,10
moe_oeo_N25_k25_L4_lr0.002_s17,moe_oeo,25,25,17,val,5,06_MUCOSA,1,02_STROMA,1
moe_oeo_N25_k25_L4_lr0.002_s17,moe_oeo,25,25,17,val,5,06_MUCOSA,2,03_COMPLEX,0
moe_oeo_N25_k25_L4_lr0.002_s17,moe_oeo,25,25,17,val,5,06_MUCOSA,3,04_LYMPHO,7
moe_oeo_N25_k25_L4_lr0.002_s17,moe_oeo,25,25,17,val,5,06_MUCOSA,4,05_DEBRIS,2
moe_oeo_N25_k25_L4_lr0.002_s17,moe_oeo,25,25,17,val,5,06_MUCOSA,5,06_MUCOSA,74
moe_oeo_N25_k25_L4_lr0.002_s17,moe_oeo,25,25,17,val,5,06_MUCOSA,6,07_ADIPOSE,0
moe_oeo_N25_k25_L4_lr0.002_s17,moe_oeo,25,25,17,val,5,06_MUCOSA,7,08_EMPTY,0
moe_oeo_N25_k25_L4_lr0.002_s17,moe_oeo,25,25,17,val,6,07_ADIPOSE,0,01_TUMOR,0
moe_oeo_N25_k25_L4_lr0.002_s17,moe_oeo,25,25,17,val,6,07_ADIPOSE,1,02_STROMA,0
moe_oeo_N25_k25_L4_lr0.002_s17,moe_oeo,25,25,17,val,6,07_ADIPOSE,2,03_COMPLEX,0
moe_oeo_N25_k25_L4_lr0.002_s17,moe_oeo,25,25,17,val,6,07_ADIPOSE,3,04_LYMPHO,0
moe_oeo_N25_k25_L4_lr0.002_s17,moe_oeo,25,25,17,val,6,07_ADIPOSE,4,05_DEBRIS,1
moe_oeo_N25_k25_L4_lr0.002_s17,moe_oeo,25,25,17,val,6,07_ADIPOSE,5,06_MUCOSA,0
moe_oeo_N25_k25_L4_lr0.002_s17,moe_oeo,25,25,17,val,6,07_ADIPOSE,6,07_ADIPOSE,88
moe_oeo_N25_k25_L4_lr0.002_s17,moe_oeo,25,25,17,val,6,07_ADIPOSE,7,08_EMPTY,5
moe_oeo_N25_k25_L4_lr0.002_s17,moe_oeo,25,25,17,val,7,08_EMPTY,0,01_TUMOR,0
moe_oeo_N25_k25_L4_lr0.002_s17,moe_oeo,25,25,17,val,7,08_EMPTY,1,02_STROMA,0
moe_oeo_N25_k25_L4_lr0.002_s17,moe_oeo,25,25,17,val,7,08_EMPTY,2,03_COMPLEX,0
moe_oeo_N25_k25_L4_lr0.002_s17,moe_oeo,25,25,17,val,7,08_EMPTY,3,04_LYMPHO,0
moe_oeo_N25_k25_L4_lr0.002_s17,moe_oeo,25,25,17,val,7,08_EMPTY,4,05_DEBRIS,0
moe_oeo_N25_k25_L4_lr0.002_s17,moe_oeo,25,25,17,val,7,08_EMPTY,5,06_MUCOSA,0
moe_oeo_N25_k25_L4_lr0.002_s17,moe_oeo,25,25,17,val,7,08_EMPTY,6,07_ADIPOSE,2
moe_oeo_N25_k25_L4_lr0.002_s17,moe_oeo,25,25,17,val,7,08_EMPTY,7,08_EMPTY,92
moe_oeo_N49_k1_L4_lr0.002_s17,moe_oeo,49,1,17,train,0,01_TUMOR,0,01_TUMOR,161
moe_oeo_N49_k1_L4_lr0.002_s17,moe_oeo,49,1,17,train,0,01_TUMOR,1,02_STROMA,4
moe_oeo_N49_k1_L4_lr0.002_s17,moe_oeo,49,1,17,train,0,01_TUMOR,2,03_COMPLEX,90
moe_oeo_N49_k1_L4_lr0.002_s17,moe_oeo,49,1,17,train,0,01_TUMOR,3,04_LYMPHO,33
moe_oeo_N49_k1_L4_lr0.002_s17,moe_oeo,49,1,17,train,0,01_TUMOR,4,05_DEBRIS,4
moe_oeo_N49_k1_L4_lr0.002_s17,moe_oeo,49,1,17,train,0,01_TUMOR,5,06_MUCOSA,88
moe_oeo_N49_k1_L4_lr0.002_s17,moe_oeo,49,1,17,train,0,01_TUMOR,6,07_ADIPOSE,51
moe_oeo_N49_k1_L4_lr0.002_s17,moe_oeo,49,1,17,train,0,01_TUMOR,7,08_EMPTY,6
moe_oeo_N49_k1_L4_lr0.002_s17,moe_oeo,49,1,17,train,1,02_STROMA,0,01_TUMOR,3
moe_oeo_N49_k1_L4_lr0.002_s17,moe_oeo,49,1,17,train,1,02_STROMA,1,02_STROMA,299
moe_oeo_N49_k1_L4_lr0.002_s17,moe_oeo,49,1,17,train,1,02_STROMA,2,03_COMPLEX,60
moe_oeo_N49_k1_L4_lr0.002_s17,moe_oeo,49,1,17,train,1,02_STROMA,3,04_LYMPHO,1
moe_oeo_N49_k1_L4_lr0.002_s17,moe_oeo,49,1,17,train,1,02_STROMA,4,05_DEBRIS,60
moe_oeo_N49_k1_L4_lr0.002_s17,moe_oeo,49,1,17,train,1,02_STROMA,5,06_MUCOSA,11
moe_oeo_N49_k1_L4_lr0.002_s17,moe_oeo,49,1,17,train,1,02_STROMA,6,07_ADIPOSE,2
moe_oeo_N49_k1_L4_lr0.002_s17,moe_oeo,49,1,17,train,1,02_STROMA,7,08_EMPTY,1
moe_oeo_N49_k1_L4_lr0.002_s17,moe_oeo,49,1,17,train,2,03_COMPLEX,0,01_TUMOR,31
moe_oeo_N49_k1_L4_lr0.002_s17,moe_oeo,49,1,17,train,2,03_COMPLEX,1,02_STROMA,97
moe_oeo_N49_k1_L4_lr0.002_s17,moe_oeo,49,1,17,train,2,03_COMPLEX,2,03_COMPLEX,249
moe_oeo_N49_k1_L4_lr0.002_s17,moe_oeo,49,1,17,train,2,03_COMPLEX,3,04_LYMPHO,27
moe_oeo_N49_k1_L4_lr0.002_s17,moe_oeo,49,1,17,train,2,03_COMPLEX,4,05_DEBRIS,5
moe_oeo_N49_k1_L4_lr0.002_s17,moe_oeo,49,1,17,train,2,03_COMPLEX,5,06_MUCOSA,24
moe_oeo_N49_k1_L4_lr0.002_s17,moe_oeo,49,1,17,train,2,03_COMPLEX,6,07_ADIPOSE,4
moe_oeo_N49_k1_L4_lr0.002_s17,moe_oeo,49,1,17,train,2,03_COMPLEX,7,08_EMPTY,0
moe_oeo_N49_k1_L4_lr0.002_s17,moe_oeo,49,1,17,train,3,04_LYMPHO,0,01_TUMOR,40
moe_oeo_N49_k1_L4_lr0.002_s17,moe_oeo,49,1,17,train,3,04_LYMPHO,1,02_STROMA,1
moe_oeo_N49_k1_L4_lr0.002_s17,moe_oeo,49,1,17,train,3,04_LYMPHO,2,03_COMPLEX,96
moe_oeo_N49_k1_L4_lr0.002_s17,moe_oeo,49,1,17,train,3,04_LYMPHO,3,04_LYMPHO,238
moe_oeo_N49_k1_L4_lr0.002_s17,moe_oeo,49,1,17,train,3,04_LYMPHO,4,05_DEBRIS,2
moe_oeo_N49_k1_L4_lr0.002_s17,moe_oeo,49,1,17,train,3,04_LYMPHO,5,06_MUCOSA,31
moe_oeo_N49_k1_L4_lr0.002_s17,moe_oeo,49,1,17,train,3,04_LYMPHO,6,07_ADIPOSE,25
moe_oeo_N49_k1_L4_lr0.002_s17,moe_oeo,49,1,17,train,3,04_LYMPHO,7,08_EMPTY,4
moe_oeo_N49_k1_L4_lr0.002_s17,moe_oeo,49,1,17,train,4,05_DEBRIS,0,01_TUMOR,6
moe_oeo_N49_k1_L4_lr0.002_s17,moe_oeo,49,1,17,train,4,05_DEBRIS,1,02_STROMA,115
moe_oeo_N49_k1_L4_lr0.002_s17,moe_oeo,49,1,17,train,4,05_DEBRIS,2,03_COMPLEX,18
moe_oeo_N49_k1_L4_lr0.002_s17,moe_oeo,49,1,17,train,4,05_DEBRIS,3,04_LYMPHO,7
moe_oeo_N49_k1_L4_lr0.002_s17,moe_oeo,49,1,17,train,4,05_DEBRIS,4,05_DEBRIS,187
moe_oeo_N49_k1_L4_lr0.002_s17,moe_oeo,49,1,17,train,4,05_DEBRIS,5,06_MUCOSA,37
moe_oeo_N49_k1_L4_lr0.002_s17,moe_oeo,49,1,17,train,4,05_DEBRIS,6,07_ADIPOSE,64
moe_oeo_N49_k1_L4_lr0.002_s17,moe_oeo,49,1,17,train,4,05_DEBRIS,7,08_EMPTY,3
moe_oeo_N49_k1_L4_lr0.002_s17,moe_oeo,49,1,17,train,5,06_MUCOSA,0,01_TUMOR,45
moe_oeo_N49_k1_L4_lr0.002_s17,moe_oeo,49,1,17,train,5,06_MUCOSA,1,02_STROMA,5
moe_oeo_N49_k1_L4_lr0.002_s17,moe_oeo,49,1,17,train,5,06_MUCOSA,2,03_COMPLEX,34
moe_oeo_N49_k1_L4_lr0.002_s17,moe_oeo,49,1,17,train,5,06_MUCOSA,3,04_LYMPHO,23
moe_oeo_N49_k1_L4_lr0.002_s17,moe_oeo,49,1,17,train,5,06_MUCOSA,4,05_DEBRIS,20
moe_oeo_N49_k1_L4_lr0.002_s17,moe_oeo,49,1,17,train,5,06_MUCOSA,5,06_MUCOSA,290
moe_oeo_N49_k1_L4_lr0.002_s17,moe_oeo,49,1,17,train,5,06_MUCOSA,6,07_ADIPOSE,13
moe_oeo_N49_k1_L4_lr0.002_s17,moe_oeo,49,1,17,train,5,06_MUCOSA,7,08_EMPTY,7
moe_oeo_N49_k1_L4_lr0.002_s17,moe_oeo,49,1,17,train,6,07_ADIPOSE,0,01_TUMOR,0
moe_oeo_N49_k1_L4_lr0.002_s17,moe_oeo,49,1,17,train,6,07_ADIPOSE,1,02_STROMA,0
moe_oeo_N49_k1_L4_lr0.002_s17,moe_oeo,49,1,17,train,6,07_ADIPOSE,2,03_COMPLEX,0
moe_oeo_N49_k1_L4_lr0.002_s17,moe_oeo,49,1,17,train,6,07_ADIPOSE,3,04_LYMPHO,0
moe_oeo_N49_k1_L4_lr0.002_s17,moe_oeo,49,1,17,train,6,07_ADIPOSE,4,05_DEBRIS,13
moe_oeo_N49_k1_L4_lr0.002_s17,moe_oeo,49,1,17,train,6,07_ADIPOSE,5,06_MUCOSA,4
moe_oeo_N49_k1_L4_lr0.002_s17,moe_oeo,49,1,17,train,6,07_ADIPOSE,6,07_ADIPOSE,362
moe_oeo_N49_k1_L4_lr0.002_s17,moe_oeo,49,1,17,train,6,07_ADIPOSE,7,08_EMPTY,58
moe_oeo_N49_k1_L4_lr0.002_s17,moe_oeo,49,1,17,train,7,08_EMPTY,0,01_TUMOR,0
moe_oeo_N49_k1_L4_lr0.002_s17,moe_oeo,49,1,17,train,7,08_EMPTY,1,02_STROMA,0
moe_oeo_N49_k1_L4_lr0.002_s17,moe_oeo,49,1,17,train,7,08_EMPTY,2,03_COMPLEX,0
moe_oeo_N49_k1_L4_lr0.002_s17,moe_oeo,49,1,17,train,7,08_EMPTY,3,04_LYMPHO,0
moe_oeo_N49_k1_L4_lr0.002_s17,moe_oeo,49,1,17,train,7,08_EMPTY,4,05_DEBRIS,0
moe_oeo_N49_k1_L4_lr0.002_s17,moe_oeo,49,1,17,train,7,08_EMPTY,5,06_MUCOSA,1
moe_oeo_N49_k1_L4_lr0.002_s17,moe_oeo,49,1,17,train,7,08_EMPTY,6,07_ADIPOSE,9
moe_oeo_N49_k1_L4_lr0.002_s17,moe_oeo,49,1,17,train,7,08_EMPTY,7,08_EMPTY,427
moe_oeo_N49_k1_L4_lr0.002_s17,moe_oeo,49,1,17,val,0,01_TUMOR,0,01_TUMOR,30
moe_oeo_N49_k1_L4_lr0.002_s17,moe_oeo,49,1,17,val,0,01_TUMOR,1,02_STROMA,3
moe_oeo_N49_k1_L4_lr0.002_s17,moe_oeo,49,1,17,val,0,01_TUMOR,2,03_COMPLEX,17
moe_oeo_N49_k1_L4_lr0.002_s17,moe_oeo,49,1,17,val,0,01_TUMOR,3,04_LYMPHO,14
moe_oeo_N49_k1_L4_lr0.002_s17,moe_oeo,49,1,17,val,0,01_TUMOR,4,05_DEBRIS,0
moe_oeo_N49_k1_L4_lr0.002_s17,moe_oeo,49,1,17,val,0,01_TUMOR,5,06_MUCOSA,13
moe_oeo_N49_k1_L4_lr0.002_s17,moe_oeo,49,1,17,val,0,01_TUMOR,6,07_ADIPOSE,17
moe_oeo_N49_k1_L4_lr0.002_s17,moe_oeo,49,1,17,val,0,01_TUMOR,7,08_EMPTY,0
moe_oeo_N49_k1_L4_lr0.002_s17,moe_oeo,49,1,17,val,1,02_STROMA,0,01_TUMOR,1
moe_oeo_N49_k1_L4_lr0.002_s17,moe_oeo,49,1,17,val,1,02_STROMA,1,02_STROMA,67
moe_oeo_N49_k1_L4_lr0.002_s17,moe_oeo,49,1,17,val,1,02_STROMA,2,03_COMPLEX,9
moe_oeo_N49_k1_L4_lr0.002_s17,moe_oeo,49,1,17,val,1,02_STROMA,3,04_LYMPHO,0
moe_oeo_N49_k1_L4_lr0.002_s17,moe_oeo,49,1,17,val,1,02_STROMA,4,05_DEBRIS,14
moe_oeo_N49_k1_L4_lr0.002_s17,moe_oeo,49,1,17,val,1,02_STROMA,5,06_MUCOSA,2
moe_oeo_N49_k1_L4_lr0.002_s17,moe_oeo,49,1,17,val,1,02_STROMA,6,07_ADIPOSE,1
moe_oeo_N49_k1_L4_lr0.002_s17,moe_oeo,49,1,17,val,1,02_STROMA,7,08_EMPTY,0
moe_oeo_N49_k1_L4_lr0.002_s17,moe_oeo,49,1,17,val,2,03_COMPLEX,0,01_TUMOR,1
moe_oeo_N49_k1_L4_lr0.002_s17,moe_oeo,49,1,17,val,2,03_COMPLEX,1,02_STROMA,27
moe_oeo_N49_k1_L4_lr0.002_s17,moe_oeo,49,1,17,val,2,03_COMPLEX,2,03_COMPLEX,50
moe_oeo_N49_k1_L4_lr0.002_s17,moe_oeo,49,1,17,val,2,03_COMPLEX,3,04_LYMPHO,7
moe_oeo_N49_k1_L4_lr0.002_s17,moe_oeo,49,1,17,val,2,03_COMPLEX,4,05_DEBRIS,3
moe_oeo_N49_k1_L4_lr0.002_s17,moe_oeo,49,1,17,val,2,03_COMPLEX,5,06_MUCOSA,3
moe_oeo_N49_k1_L4_lr0.002_s17,moe_oeo,49,1,17,val,2,03_COMPLEX,6,07_ADIPOSE,2
moe_oeo_N49_k1_L4_lr0.002_s17,moe_oeo,49,1,17,val,2,03_COMPLEX,7,08_EMPTY,1
moe_oeo_N49_k1_L4_lr0.002_s17,moe_oeo,49,1,17,val,3,04_LYMPHO,0,01_TUMOR,9
moe_oeo_N49_k1_L4_lr0.002_s17,moe_oeo,49,1,17,val,3,04_LYMPHO,1,02_STROMA,0
moe_oeo_N49_k1_L4_lr0.002_s17,moe_oeo,49,1,17,val,3,04_LYMPHO,2,03_COMPLEX,24
moe_oeo_N49_k1_L4_lr0.002_s17,moe_oeo,49,1,17,val,3,04_LYMPHO,3,04_LYMPHO,48
moe_oeo_N49_k1_L4_lr0.002_s17,moe_oeo,49,1,17,val,3,04_LYMPHO,4,05_DEBRIS,1
moe_oeo_N49_k1_L4_lr0.002_s17,moe_oeo,49,1,17,val,3,04_LYMPHO,5,06_MUCOSA,7
moe_oeo_N49_k1_L4_lr0.002_s17,moe_oeo,49,1,17,val,3,04_LYMPHO,6,07_ADIPOSE,3
moe_oeo_N49_k1_L4_lr0.002_s17,moe_oeo,49,1,17,val,3,04_LYMPHO,7,08_EMPTY,2
moe_oeo_N49_k1_L4_lr0.002_s17,moe_oeo,49,1,17,val,4,05_DEBRIS,0,01_TUMOR,2
moe_oeo_N49_k1_L4_lr0.002_s17,moe_oeo,49,1,17,val,4,05_DEBRIS,1,02_STROMA,21
moe_oeo_N49_k1_L4_lr0.002_s17,moe_oeo,49,1,17,val,4,05_DEBRIS,2,03_COMPLEX,3
moe_oeo_N49_k1_L4_lr0.002_s17,moe_oeo,49,1,17,val,4,05_DEBRIS,3,04_LYMPHO,1
moe_oeo_N49_k1_L4_lr0.002_s17,moe_oeo,49,1,17,val,4,05_DEBRIS,4,05_DEBRIS,41
moe_oeo_N49_k1_L4_lr0.002_s17,moe_oeo,49,1,17,val,4,05_DEBRIS,5,06_MUCOSA,5
moe_oeo_N49_k1_L4_lr0.002_s17,moe_oeo,49,1,17,val,4,05_DEBRIS,6,07_ADIPOSE,19
moe_oeo_N49_k1_L4_lr0.002_s17,moe_oeo,49,1,17,val,4,05_DEBRIS,7,08_EMPTY,2
moe_oeo_N49_k1_L4_lr0.002_s17,moe_oeo,49,1,17,val,5,06_MUCOSA,0,01_TUMOR,10
moe_oeo_N49_k1_L4_lr0.002_s17,moe_oeo,49,1,17,val,5,06_MUCOSA,1,02_STROMA,0
moe_oeo_N49_k1_L4_lr0.002_s17,moe_oeo,49,1,17,val,5,06_MUCOSA,2,03_COMPLEX,6
moe_oeo_N49_k1_L4_lr0.002_s17,moe_oeo,49,1,17,val,5,06_MUCOSA,3,04_LYMPHO,6
moe_oeo_N49_k1_L4_lr0.002_s17,moe_oeo,49,1,17,val,5,06_MUCOSA,4,05_DEBRIS,4
moe_oeo_N49_k1_L4_lr0.002_s17,moe_oeo,49,1,17,val,5,06_MUCOSA,5,06_MUCOSA,62
moe_oeo_N49_k1_L4_lr0.002_s17,moe_oeo,49,1,17,val,5,06_MUCOSA,6,07_ADIPOSE,6
moe_oeo_N49_k1_L4_lr0.002_s17,moe_oeo,49,1,17,val,5,06_MUCOSA,7,08_EMPTY,0
moe_oeo_N49_k1_L4_lr0.002_s17,moe_oeo,49,1,17,val,6,07_ADIPOSE,0,01_TUMOR,0
moe_oeo_N49_k1_L4_lr0.002_s17,moe_oeo,49,1,17,val,6,07_ADIPOSE,1,02_STROMA,0
moe_oeo_N49_k1_L4_lr0.002_s17,moe_oeo,49,1,17,val,6,07_ADIPOSE,2,03_COMPLEX,0
moe_oeo_N49_k1_L4_lr0.002_s17,moe_oeo,49,1,17,val,6,07_ADIPOSE,3,04_LYMPHO,0
moe_oeo_N49_k1_L4_lr0.002_s17,moe_oeo,49,1,17,val,6,07_ADIPOSE,4,05_DEBRIS,4
moe_oeo_N49_k1_L4_lr0.002_s17,moe_oeo,49,1,17,val,6,07_ADIPOSE,5,06_MUCOSA,1
moe_oeo_N49_k1_L4_lr0.002_s17,moe_oeo,49,1,17,val,6,07_ADIPOSE,6,07_ADIPOSE,67
moe_oeo_N49_k1_L4_lr0.002_s17,moe_oeo,49,1,17,val,6,07_ADIPOSE,7,08_EMPTY,22
moe_oeo_N49_k1_L4_lr0.002_s17,moe_oeo,49,1,17,val,7,08_EMPTY,0,01_TUMOR,0
moe_oeo_N49_k1_L4_lr0.002_s17,moe_oeo,49,1,17,val,7,08_EMPTY,1,02_STROMA,0
moe_oeo_N49_k1_L4_lr0.002_s17,moe_oeo,49,1,17,val,7,08_EMPTY,2,03_COMPLEX,0
moe_oeo_N49_k1_L4_lr0.002_s17,moe_oeo,49,1,17,val,7,08_EMPTY,3,04_LYMPHO,0
moe_oeo_N49_k1_L4_lr0.002_s17,moe_oeo,49,1,17,val,7,08_EMPTY,4,05_DEBRIS,0
moe_oeo_N49_k1_L4_lr0.002_s17,moe_oeo,49,1,17,val,7,08_EMPTY,5,06_MUCOSA,0
moe_oeo_N49_k1_L4_lr0.002_s17,moe_oeo,49,1,17,val,7,08_EMPTY,6,07_ADIPOSE,2
moe_oeo_N49_k1_L4_lr0.002_s17,moe_oeo,49,1,17,val,7,08_EMPTY,7,08_EMPTY,92
moe_oeo_N49_k12_L4_lr0.002_s17,moe_oeo,49,12,17,train,0,01_TUMOR,0,01_TUMOR,371
moe_oeo_N49_k12_L4_lr0.002_s17,moe_oeo,49,12,17,train,0,01_TUMOR,1,02_STROMA,5
moe_oeo_N49_k12_L4_lr0.002_s17,moe_oeo,49,12,17,train,0,01_TUMOR,2,03_COMPLEX,12
moe_oeo_N49_k12_L4_lr0.002_s17,moe_oeo,49,12,17,train,0,01_TUMOR,3,04_LYMPHO,26
moe_oeo_N49_k12_L4_lr0.002_s17,moe_oeo,49,12,17,train,0,01_TUMOR,4,05_DEBRIS,1
moe_oeo_N49_k12_L4_lr0.002_s17,moe_oeo,49,12,17,train,0,01_TUMOR,5,06_MUCOSA,22
moe_oeo_N49_k12_L4_lr0.002_s17,moe_oeo,49,12,17,train,0,01_TUMOR,6,07_ADIPOSE,0
moe_oeo_N49_k12_L4_lr0.002_s17,moe_oeo,49,12,17,train,0,01_TUMOR,7,08_EMPTY,0
moe_oeo_N49_k12_L4_lr0.002_s17,moe_oeo,49,12,17,train,1,02_STROMA,0,01_TUMOR,1
moe_oeo_N49_k12_L4_lr0.002_s17,moe_oeo,49,12,17,train,1,02_STROMA,1,02_STROMA,311
moe_oeo_N49_k12_L4_lr0.002_s17,moe_oeo,49,12,17,train,1,02_STROMA,2,03_COMPLEX,24
moe_oeo_N49_k12_L4_lr0.002_s17,moe_oeo,49,12,17,train,1,02_STROMA,3,04_LYMPHO,1
moe_oeo_N49_k12_L4_lr0.002_s17,moe_oeo,49,12,17,train,1,02_STROMA,4,05_DEBRIS,96
moe_oeo_N49_k12_L4_lr0.002_s17,moe_oeo,49,12,17,train,1,02_STROMA,5,06_MUCOSA,4
moe_oeo_N49_k12_L4_lr0.002_s17,moe_oeo,49,12,17,train,1,02_STROMA,6,07_ADIPOSE,0
moe_oeo_N49_k12_L4_lr0.002_s17,moe_oeo,49,12,17,train,1,02_STROMA,7,08_EMPTY,0
moe_oeo_N49_k12_L4_lr0.002_s17,moe_oeo,49,12,17,train,2,03_COMPLEX,0,01_TUMOR,14
moe_oeo_N49_k12_L4_lr0.002_s17,moe_oeo,49,12,17,train,2,03_COMPLEX,1,02_STROMA,48
moe_oeo_N49_k12_L4_lr0.002_s17,moe_oeo,49,12,17,train,2,03_COMPLEX,2,03_COMPLEX,328
moe_oeo_N49_k12_L4_lr0.002_s17,moe_oeo,49,12,17,train,2,03_COMPLEX,3,04_LYMPHO,25
moe_oeo_N49_k12_L4_lr0.002_s17,moe_oeo,49,12,17,train,2,03_COMPLEX,4,05_DEBRIS,13
moe_oeo_N49_k12_L4_lr0.002_s17,moe_oeo,49,12,17,train,2,03_COMPLEX,5,06_MUCOSA,9
moe_oeo_N49_k12_L4_lr0.002_s17,moe_oeo,49,12,17,train,2,03_COMPLEX,6,07_ADIPOSE,0
moe_oeo_N49_k12_L4_lr0.002_s17,moe_oeo,49,12,17,train,2,03_COMPLEX,7,08_EMPTY,0
moe_oeo_N49_k12_L4_lr0.002_s17,moe_oeo,49,12,17,train,3,04_LYMPHO,0,01_TUMOR,22
moe_oeo_N49_k12_L4_lr0.002_s17,moe_oeo,49,12,17,train,3,04_LYMPHO,1,02_STROMA,0
moe_oeo_N49_k12_L4_lr0.002_s17,moe_oeo,49,12,17,train,3,04_LYMPHO,2,03_COMPLEX,33
moe_oeo_N49_k12_L4_lr0.002_s17,moe_oeo,49,12,17,train,3,04_LYMPHO,3,04_LYMPHO,376
moe_oeo_N49_k12_L4_lr0.002_s17,moe_oeo,49,12,17,train,3,04_LYMPHO,4,05_DEBRIS,0
moe_oeo_N49_k12_L4_lr0.002_s17,moe_oeo,49,12,17,train,3,04_LYMPHO,5,06_MUCOSA,6
moe_oeo_N49_k12_L4_lr0.002_s17,moe_oeo,49,12,17,train,3,04_LYMPHO,6,07_ADIPOSE,0
moe_oeo_N49_k12_L4_lr0.002_s17,moe_oeo,49,12,17,train,3,04_LYMPHO,7,08_EMPTY,0
moe_oeo_N49_k12_L4_lr0.002_s17,moe_oeo,49,12,17,train,4,05_DEBRIS,0,01_TUMOR,3
moe_oeo_N49_k12_L4_lr0.002_s17,moe_oeo,49,12,17,train,4,05_DEBRIS,1,02_STROMA,55
moe_oeo_N49_k12_L4_lr0.002_s17,moe_oeo,49,12,17,train,4,05_DEBRIS,2,03_COMPLEX,7
moe_oeo_N49_k12_L4_lr0.002_s17,moe_oeo,49,12,17,train,4,05_DEBRIS,3,04_LYMPHO,0
moe_oeo_N49_k12_L4_lr0.002_s17,moe_oeo,49,12,17,train,4,05_DEBRIS,4,05_DEBRIS,322
moe_oeo_N49_k12_L4_lr0.002_s17,moe_oeo,49,12,17,train,4,05_DEBRIS,5,06_MUCOSA,35
moe_oeo_N49_k12_L4_lr0.002_s17,moe_oeo,49,12,17,train,4,05_DEBRIS,6,07_ADIPOSE,15
moe_oeo_N49_k12_L4_lr0.002_s17,moe_oeo,49,12,17,train,4,05_DEBRIS,7,08_EMPTY,0
moe_oeo_N49_k12_L4_lr0.002_s17,moe_oeo,49,12,17,train,5,06_MUCOSA,0,01_TUMOR,10
moe_oeo_N49_k12_L4_lr0.002_s17,moe_oeo,49,12,17,train,5,06_MUCOSA,1,02_STROMA,1
moe_oeo_N49_k12_L4_lr0.002_s17,moe_oeo,49,12,17,train,5,06_MUCOSA,2,03_COMPLEX,4
moe_oeo_N49_k12_L4_lr0.002_s17,moe_oeo,49,12,17,train,5,06_MUCOSA,3,04_LYMPHO,13
moe_oeo_N49_k12_L4_lr0.002_s17,moe_oeo,49,12,17,train,5,06_MUCOSA,4,05_DEBRIS,8
moe_oeo_N49_k12_L4_lr0.002_s17,moe_oeo,49,12,17,train,5,06_MUCOSA,5,06_MUCOSA,401
moe_oeo_N49_k12_L4_lr0.002_s17,moe_oeo,49,12,17,train,5,06_MUCOSA,6,07_ADIPOSE,0
moe_oeo_N49_k12_L4_lr0.002_s17,moe_oeo,49,12,17,train,5,06_MUCOSA,7,08_EMPTY,0
moe_oeo_N49_k12_L4_lr0.002_s17,moe_oeo,49,12,17,train,6,07_ADIPOSE,0,01_TUMOR,0
moe_oeo_N49_k12_L4_lr0.002_s17,moe_oeo,49,12,17,train,6,07_ADIPOSE,1,02_STROMA,0
moe_oeo_N49_k12_L4_lr0.002_s17,moe_oeo,49,12,17,train,6,07_ADIPOSE,2,03_COMPLEX,0
moe_oeo_N49_k12_L4_lr0.002_s17,moe_oeo,49,12,17,train,6,07_ADIPOSE,3,04_LYMPHO,0
moe_oeo_N49_k12_L4_lr0.002_s17,moe_oeo,49,12,17,train,6,07_ADIPOSE,4,05_DEBRIS,14
moe_oeo_N49_k12_L4_lr0.002_s17,moe_oeo,49,12,17,train,6,07_ADIPOSE,5,06_MUCOSA,2
moe_oeo_N49_k12_L4_lr0.002_s17,moe_oeo,49,12,17,train,6,07_ADIPOSE,6,07_ADIPOSE,409
moe_oeo_N49_k12_L4_lr0.002_s17,moe_oeo,49,12,17,train,6,07_ADIPOSE,7,08_EMPTY,12
moe_oeo_N49_k12_L4_lr0.002_s17,moe_oeo,49,12,17,train,7,08_EMPTY,0,01_TUMOR,0
moe_oeo_N49_k12_L4_lr0.002_s17,moe_oeo,49,12,17,train,7,08_EMPTY,1,02_STROMA,0
moe_oeo_N49_k12_L4_lr0.002_s17,moe_oeo,49,12,17,train,7,08_EMPTY,2,03_COMPLEX,0
moe_oeo_N49_k12_L4_lr0.002_s17,moe_oeo,49,12,17,train,7,08_EMPTY,3,04_LYMPHO,0
moe_oeo_N49_k12_L4_lr0.002_s17,moe_oeo,49,12,17,train,7,08_EMPTY,4,05_DEBRIS,0
moe_oeo_N49_k12_L4_lr0.002_s17,moe_oeo,49,12,17,train,7,08_EMPTY,5,06_MUCOSA,1
moe_oeo_N49_k12_L4_lr0.002_s17,moe_oeo,49,12,17,train,7,08_EMPTY,6,07_ADIPOSE,12
moe_oeo_N49_k12_L4_lr0.002_s17,moe_oeo,49,12,17,train,7,08_EMPTY,7,08_EMPTY,424
moe_oeo_N49_k12_L4_lr0.002_s17,moe_oeo,49,12,17,val,0,01_TUMOR,0,01_TUMOR,73
moe_oeo_N49_k12_L4_lr0.002_s17,moe_oeo,49,12,17,val,0,01_TUMOR,1,02_STROMA,0
moe_oeo_N49_k12_L4_lr0.002_s17,moe_oeo,49,12,17,val,0,01_TUMOR,2,03_COMPLEX,4
moe_oeo_N49_k12_L4_lr0.002_s17,moe_oeo,49,12,17,val,0,01_TUMOR,3,04_LYMPHO,10
moe_oeo_N49_k12_L4_lr0.002_s17,moe_oeo,49,12,17,val,0,01_TUMOR,4,05_DEBRIS,0
moe_oeo_N49_k12_L4_lr0.002_s17,moe_oeo,49,12,17,val,0,01_TUMOR,5,06_MUCOSA,7
moe_oeo_N49_k12_L4_lr0.002_s17,moe_oeo,49,12,17,val,0,01_TUMOR,6,07_ADIPOSE,0
moe_oeo_N49_k12_L4_lr0.002_s17,moe_oeo,49,12,17,val,0,01_TUMOR,7,08_EMPTY,0
moe_oeo_N49_k12_L4_lr0.002_s17,moe_oeo,49,12,17,val,1,02_STROMA,0,01_TUMOR,0
moe_oeo_N49_k12_L4_lr0.002_s17,moe_oeo,49,12,17,val,1,02_STROMA,1,02_STROMA,69
moe_oeo_N49_k12_L4_lr0.002_s17,moe_oeo,49,12,17,val,1,02_STROMA,2,03_COMPLEX,3
moe_oeo_N49_k12_L4_lr0.002_s17,moe_oeo,49,12,17,val,1,02_STROMA,3,04_LYMPHO,0
moe_oeo_N49_k12_L4_lr0.002_s17,moe_oeo,49,12,17,val,1,02_STROMA,4,05_DEBRIS,21
moe_oeo_N49_k12_L4_lr0.002_s17,moe_oeo,49,12,17,val,1,02_STROMA,5,06_MUCOSA,1
moe_oeo_N49_k12_L4_lr0.002_s17,moe_oeo,49,12,17,val,1,02_STROMA,6,07_ADIPOSE,0
moe_oeo_N49_k12_L4_lr0.002_s17,moe_oeo,49,12,17,val,1,02_STROMA,7,08_EMPTY,0
moe_oeo_N49_k12_L4_lr0.002_s17,moe_oeo,49,12,17,val,2,03_COMPLEX,0,01_TUMOR,2
moe_oeo_N49_k12_L4_lr0.002_s17,moe_oeo,49,12,17,val,2,03_COMPLEX,1,02_STROMA,21
moe_oeo_N49_k12_L4_lr0.002_s17,moe_oeo,49,12,17,val,2,03_COMPLEX,2,03_COMPLEX,63
moe_oeo_N49_k12_L4_lr0.002_s17,moe_oeo,49,12,17,val,2,03_COMPLEX,3,04_LYMPHO,2
moe_oeo_N49_k12_L4_lr0.002_s17,moe_oeo,49,12,17,val,2,03_COMPLEX,4,05_DEBRIS,6
moe_oeo_N49_k12_L4_lr0.002_s17,moe_oeo,49,12,17,val,2,03_COMPLEX,5,06_MUCOSA,0
moe_oeo_N49_k12_L4_lr0.002_s17,moe_oeo,49,12,17,val,2,03_COMPLEX,6,07_ADIPOSE,0
moe_oeo_N49_k12_L4_lr0.002_s17,moe_oeo,49,12,17,val,2,03_COMPLEX,7,08_EMPTY,0
moe_oeo_N49_k12_L4_lr0.002_s17,moe_oeo,49,12,17,val,3,04_LYMPHO,0,01_TUMOR,7
moe_oeo_N49_k12_L4_lr0.002_s17,moe_oeo,49,12,17,val,3,04_LYMPHO,1,02_STROMA,0
moe_oeo_N49_k12_L4_lr0.002_s17,moe_oeo,49,12,17,val,3,04_LYMPHO,2,03_COMPLEX,13
moe_oeo_N49_k12_L4_lr0.002_s17,moe_oeo,49,12,17,val,3,04_LYMPHO,3,04_LYMPHO,74
moe_oeo_N49_k12_L4_lr0.002_s17,moe_oeo,49,12,17,val,3,04_LYMPHO,4,05_DEBRIS,0
moe_oeo_N49_k12_L4_lr0.002_s17,moe_oeo,49,12,17,val,3,04_LYMPHO,5,06_MUCOSA,0
moe_oeo_N49_k12_L4_lr0.002_s17,moe_oeo,49,12,17,val,3,04_LYMPHO,6,07_ADIPOSE,0
moe_oeo_N49_k12_L4_lr0.002_s17,moe_oeo,49,12,17,val,3,04_LYMPHO,7,08_EMPTY,0
moe_oeo_N49_k12_L4_lr0.002_s17,moe_oeo,49,12,17,val,4,05_DEBRIS,0,01_TUMOR,0
moe_oeo_N49_k12_L4_lr0.002_s17,moe_oeo,49,12,17,val,4,05_DEBRIS,1,02_STROMA,14
moe_oeo_N49_k12_L4_lr0.002_s17,moe_oeo,49,12,17,val,4,05_DEBRIS,2,03_COMPLEX,4
moe_oeo_N49_k12_L4_lr0.002_s17,moe_oeo,49,12,17,val,4,05_DEBRIS,3,04_LYMPHO,0
moe_oeo_N49_k12_L4_lr0.002_s17,moe_oeo,49,12,17,val,4,05_DEBRIS,4,05_DEBRIS,62
moe_oeo_N49_k12_L4_lr0.002_s17,moe_oeo,49,12,17,val,4,05_DEBRIS,5,06_MUCOSA,9
moe_oeo_N49_k12_L4_lr0.002_s17,moe_oeo,49,12,17,val,4,05_DEBRIS,6,07_ADIPOSE,5
moe_oeo_N49_k12_L4_lr0.002_s17,moe_oeo,49,12,17,val,4,05_DEBRIS,7,08_EMPTY,0
moe_oeo_N49_k12_L4_lr0.002_s17,moe_oeo,49,12,17,val,5,06_MUCOSA,0,01_TUMOR,7
moe_oeo_N49_k12_L4_lr0.002_s17,moe_oeo,49,12,17,val,5,06_MUCOSA,1,02_STROMA,0
moe_oeo_N49_k12_L4_lr0.002_s17,moe_oeo,49,12,17,val,5,06_MUCOSA,2,03_COMPLEX,0
moe_oeo_N49_k12_L4_lr0.002_s17,moe_oeo,49,12,17,val,5,06_MUCOSA,3,04_LYMPHO,7
moe_oeo_N49_k12_L4_lr0.002_s17,moe_oeo,49,12,17,val,5,06_MUCOSA,4,05_DEBRIS,3
moe_oeo_N49_k12_L4_lr0.002_s17,moe_oeo,49,12,17,val,5,06_MUCOSA,5,06_MUCOSA,77
moe_oeo_N49_k12_L4_lr0.002_s17,moe_oeo,49,12,17,val,5,06_MUCOSA,6,07_ADIPOSE,0
moe_oeo_N49_k12_L4_lr0.002_s17,moe_oeo,49,12,17,val,5,06_MUCOSA,7,08_EMPTY,0
moe_oeo_N49_k12_L4_lr0.002_s17,moe_oeo,49,12,17,val,6,07_ADIPOSE,0,01_TUMOR,0
moe_oeo_N49_k12_L4_lr0.002_s17,moe_oeo,49,12,17,val,6,07_ADIPOSE,1,02_STROMA,0
moe_oeo_N49_k12_L4_lr0.002_s17,moe_oeo,49,12,17,val,6,07_ADIPOSE,2,03_COMPLEX,0
moe_oeo_N49_k12_L4_lr0.002_s17,moe_oeo,49,12,17,val,6,07_ADIPOSE,3,04_LYMPHO,0
moe_oeo_N49_k12_L4_lr0.002_s17,moe_oeo,49,12,17,val,6,07_ADIPOSE,4,05_DEBRIS,1
moe_oeo_N49_k12_L4_lr0.002_s17,moe_oeo,49,12,17,val,6,07_ADIPOSE,5,06_MUCOSA,1
moe_oeo_N49_k12_L4_lr0.002_s17,moe_oeo,49,12,17,val,6,07_ADIPOSE,6,07_ADIPOSE,87
moe_oeo_N49_k12_L4_lr0.002_s17,moe_oeo,49,12,17,val,6,07_ADIPOSE,7,08_EMPTY,5
moe_oeo_N49_k12_L4_lr0.002_s17,moe_oeo,49,12,17,val,7,08_EMPTY,0,01_TUMOR,0
moe_oeo_N49_k12_L4_lr0.002_s17,moe_oeo,49,12,17,val,7,08_EMPTY,1,02_STROMA,0
moe_oeo_N49_k12_L4_lr0.002_s17,moe_oeo,49,12,17,val,7,08_EMPTY,2,03_COMPLEX,0
moe_oeo_N49_k12_L4_lr0.002_s17,moe_oeo,49,12,17,val,7,08_EMPTY,3,04_LYMPHO,0
moe_oeo_N49_k12_L4_lr0.002_s17,moe_oeo,49,12,17,val,7,08_EMPTY,4,05_DEBRIS,0
moe_oeo_N49_k12_L4_lr0.002_s17,moe_oeo,49,12,17,val,7,08_EMPTY,5,06_MUCOSA,0
moe_oeo_N49_k12_L4_lr0.002_s17,moe_oeo,49,12,17,val,7,08_EMPTY,6,07_ADIPOSE,2
moe_oeo_N49_k12_L4_lr0.002_s17,moe_oeo,49,12,17,val,7,08_EMPTY,7,08_EMPTY,92
moe_oeo_N49_k24_L4_lr0.002_s17,moe_oeo,49,24,17,train,0,01_TUMOR,0,01_TUMOR,376
moe_oeo_N49_k24_L4_lr0.002_s17,moe_oeo,49,24,17,train,0,01_TUMOR,1,02_STROMA,4
moe_oeo_N49_k24_L4_lr0.002_s17,moe_oeo,49,24,17,train,0,01_TUMOR,2,03_COMPLEX,13
moe_oeo_N49_k24_L4_lr0.002_s17,moe_oeo,49,24,17,train,0,01_TUMOR,3,04_LYMPHO,24
moe_oeo_N49_k24_L4_lr0.002_s17,moe_oeo,49,24,17,train,0,01_TUMOR,4,05_DEBRIS,0
moe_oeo_N49_k24_L4_lr0.002_s17,moe_oeo,49,24,17,train,0,01_TUMOR,5,06_MUCOSA,20
moe_oeo_N49_k24_L4_lr0.002_s17,moe_oeo,49,24,17,train,0,01_TUMOR,6,07_ADIPOSE,0
moe_oeo_N49_k24_L4_lr0.002_s17,moe_oeo,49,24,17,train,0,01_TUMOR,7,08_EMPTY,0
moe_oeo_N49_k24_L4_lr0.002_s17,moe_oeo,49,24,17,train,1,02_STROMA,0,01_TUMOR,2
moe_oeo_N49_k24_L4_lr0.002_s17,moe_oeo,49,24,17,train,1,02_STROMA,1,02_STROMA,347
moe_oeo_N49_k24_L4_lr0.002_s17,moe_oeo,49,24,17,train,1,02_STROMA,2,03_COMPLEX,17
moe_oeo_N49_k24_L4_lr0.002_s17,moe_oeo,49,24,17,train,1,02_STROMA,3,04_LYMPHO,0
moe_oeo_N49_k24_L4_lr0.002_s17,moe_oeo,49,24,17,train,1,02_STROMA,4,05_DEBRIS,69
moe_oeo_N49_k24_L4_lr0.002_s17,moe_oeo,49,24,17,train,1,02_STROMA,5,06_MUCOSA,2
moe_oeo_N49_k24_L4_lr0.002_s17,moe_oeo,49,24,17,train,1,02_STROMA,6,07_ADIPOSE,0
moe_oeo_N49_k24_L4_lr0.002_s17,moe_oeo,49,24,17,train,1,02_STROMA,7,08_EMPTY,0
moe_oeo_N49_k24_L4_lr0.002_s17,moe_oeo,49,24,17,train,2,03_COMPLEX,0,01_TUMOR,9
moe_oeo_N49_k24_L4_lr0.002_s17,moe_oeo,49,24,17,train,2,03_COMPLEX,1,02_STROMA,35
moe_oeo_N49_k24_L4_lr0.002_s17,moe_oeo,49,24,17,train,2,03_COMPLEX,2,03_COMPLEX,363
moe_oeo_N49_k24_L4_lr0.002_s17,moe_oeo,49,24,17,train,2,03_COMPLEX,3,04_LYMPHO,16
moe_oeo_N49_k24_L4_lr0.002_s17,moe_oeo,49,24,17,train,2,03_COMPLEX,4,05_DEBRIS,6
moe_oeo_N49_k24_L4_lr0.002_s17,moe_oeo,49,24,17,train,2,03_COMPLEX,5,06_MUCOSA,8
moe_oeo_N49_k24_L4_lr0.002_s17,moe_oeo,49,24,17,train,2,03_COMPLEX,6,07_ADIPOSE,0
moe_oeo_N49_k24_L4_lr0.002_s17,moe_oeo,49,24,17,train,2,03_COMPLEX,7,08_EMPTY,0
moe_oeo_N49_k24_L4_lr0.002_s17,moe_oeo,49,24,17,train,3,04_LYMPHO,0,01_TUMOR,26
moe_oeo_N49_k24_L4_lr0.002_s17,moe_oeo,49,24,17,train,3,04_LYMPHO,1,02_STROMA,0
moe_oeo_N49_k24_L4_lr0.002_s17,moe_oeo,49,24,17,train,3,04_LYMPHO,2,03_COMPLEX,25
moe_oeo_N49_k24_L4_lr0.002_s17,moe_oeo,49,24,17,train,3,04_LYMPHO,3,04_LYMPHO,382
moe_oeo_N49_k24_L4_lr0.002_s17,moe_oeo,49,24,17,train,3,04_LYMPHO,4,05_DEBRIS,0
moe_oeo_N49_k24_L4_lr0.002_s17,moe_oeo,49,24,17,train,3,04_LYMPHO,5,06_MUCOSA,4
moe_oeo_N49_k24_L4_lr0.002_s17,moe_oeo,49,24,17,train,3,04_LYMPHO,6,07_ADIPOSE,0
moe_oeo_N49_k24_L4_lr0.002_s17,moe_oeo,49,24,17,train,3,04_LYMPHO,7,08_EMPTY,0
moe_oeo_N49_k24_L4_lr0.002_s17,moe_oeo,49,24,17,train,4,05_DEBRIS,0,01_TUMOR,1
moe_oeo_N49_k24_L4_lr0.002_s17,moe_oeo,49,24,17,train,4,05_DEBRIS,1,02_STROMA,43
moe_oeo_N49_k24_L4_lr0.002_s17,moe_oeo,49,24,17,train,4,05_DEBRIS,2,03_COMPLEX,9
moe_oeo_N49_k24_L4_lr0.002_s17,moe_oeo,49,24,17,train,4,05_DEBRIS,3,04_LYMPHO,0
moe_oeo_N49_k24_L4_lr0.002_s17,moe_oeo,49,24,17,train,4,05_DEBRIS,4,05_DEBRIS,358
moe_oeo_N49_k24_L4_lr0.002_s17,moe_oeo,49,24,17,train,4,05_DEBRIS,5,06_MUCOSA,18
moe_oeo_N49_k24_L4_lr0.002_s17,moe_oeo,49,24,17,train,4,05_DEBRIS,6,07_ADIPOSE,8
moe_oeo_N49_k24_L4_lr0.002_s17,moe_oeo,49,24,17,train,4,05_DEBRIS,7,08_EMPTY,0
moe_oeo_N49_k24_L4_lr0.002_s17,moe_oeo,49,24,17,train,5,06_MUCOSA,0,01_TUMOR,6
moe_oeo_N49_k24_L4_lr0.002_s17,moe_oeo,49,24,17,train,5,06_MUCOSA,1,02_STROMA,1
moe_oeo_N49_k24_L4_lr0.002_s17,moe_oeo,49,24,17,train,5,06_MUCOSA,2,03_COMPLEX,2
moe_oeo_N49_k24_L4_lr0.002_s17,moe_oeo,49,24,17,train,5,06_MUCOSA,3,04_LYMPHO,8
moe_oeo_N49_k24_L4_lr0.002_s17,moe_oeo,49,24,17,train,5,06_MUCOSA,4,05_DEBRIS,8
moe_oeo_N49_k24_L4_lr0.002_s17,moe_oeo,49,24,17,train,5,06_MUCOSA,5,06_MUCOSA,412
moe_oeo_N49_k24_L4_lr0.002_s17,moe_oeo,49,24,17,train,5,06_MUCOSA,6,07_ADIPOSE,0
moe_oeo_N49_k24_L4_lr0.002_s17,moe_oeo,49,24,17,train,5,06_MUCOSA,7,08_EMPTY,0
moe_oeo_N49_k24_L4_lr0.002_s17,moe_oeo,49,24,17,train,6,07_ADIPOSE,0,01_TUMOR,0
moe_oeo_N49_k24_L4_lr0.002_s17,moe_oeo,49,24,17,train,6,07_ADIPOSE,1,02_STROMA,0
moe_oeo_N49_k24_L4_lr0.002_s17,moe_oeo,49,24,17,train,6,07_ADIPOSE,2,03_COMPLEX,0
moe_oeo_N49_k24_L4_lr0.002_s17,moe_oeo,49,24,17,train,6,07_ADIPOSE,3,04_LYMPHO,0
moe_oeo_N49_k24_L4_lr0.002_s17,moe_oeo,49,24,17,train,6,07_ADIPOSE,4,05_DEBRIS,6
moe_oeo_N49_k24_L4_lr0.002_s17,moe_oeo,49,24,17,train,6,07_ADIPOSE,5,06_MUCOSA,0
moe_oeo_N49_k24_L4_lr0.002_s17,moe_oeo,49,24,17,train,6,07_ADIPOSE,6,07_ADIPOSE,419
moe_oeo_N49_k24_L4_lr0.002_s17,moe_oeo,49,24,17,train,6,07_ADIPOSE,7,08_EMPTY,12
moe_oeo_N49_k24_L4_lr0.002_s17,moe_oeo,49,24,17,train,7,08_EMPTY,0,01_TUMOR,0
moe_oeo_N49_k24_L4_lr0.002_s17,moe_oeo,49,24,17,train,7,08_EMPTY,1,02_STROMA,0
moe_oeo_N49_k24_L4_lr0.002_s17,moe_oeo,49,24,17,train,7,08_EMPTY,2,03_COMPLEX,0
moe_oeo_N49_k24_L4_lr0.002_s17,moe_oeo,49,24,17,train,7,08_EMPTY,3,04_LYMPHO,0
moe_oeo_N49_k24_L4_lr0.002_s17,moe_oeo,49,24,17,train,7,08_EMPTY,4,05_DEBRIS,0
moe_oeo_N49_k24_L4_lr0.002_s17,moe_oeo,49,24,17,train,7,08_EMPTY,5,06_MUCOSA,1
moe_oeo_N49_k24_L4_lr0.002_s17,moe_oeo,49,24,17,train,7,08_EMPTY,6,07_ADIPOSE,11
moe_oeo_N49_k24_L4_lr0.002_s17,moe_oeo,49,24,17,train,7,08_EMPTY,7,08_EMPTY,425
moe_oeo_N49_k24_L4_lr0.002_s17,moe_oeo,49,24,17,val,0,01_TUMOR,0,01_TUMOR,70
moe_oeo_N49_k24_L4_lr0.002_s17,moe_oeo,49,24,17,val,0,01_TUMOR,1,02_STROMA,0
moe_oeo_N49_k24_L4_lr0.002_s17,moe_oeo,49,24,17,val,0,01_TUMOR,2,03_COMPLEX,9
moe_oeo_N49_k24_L4_lr0.002_s17,moe_oeo,49,24,17,val,0,01_TUMOR,3,04_LYMPHO,10
moe_oeo_N49_k24_L4_lr0.002_s17,moe_oeo,49,24,17,val,0,01_TUMOR,4,05_DEBRIS,0
moe_oeo_N49_k24_L4_lr0.002_s17,moe_oeo,49,24,17,val,0,01_TUMOR,5,06_MUCOSA,5
moe_oeo_N49_k24_L4_lr0.002_s17,moe_oeo,49,24,17,val,0,01_TUMOR,6,07_ADIPOSE,0
moe_oeo_N49_k24_L4_lr0.002_s17,moe_oeo,49,24,17,val,0,01_TUMOR,7,08_EMPTY,0
moe_oeo_N49_k24_L4_lr0.002_s17,moe_oeo,49,24,17,val,1,02_STROMA,0,01_TUMOR,0
moe_oeo_N49_k24_L4_lr0.002_s17,moe_oeo,49,24,17,val,1,02_STROMA,1,02_STROMA,62
moe_oeo_N49_k24_L4_lr0.002_s17,moe_oeo,49,24,17,val,1,02_STROMA,2,03_COMPLEX,8
moe_oeo_N49_k24_L4_lr0.002_s17,moe_oeo,49,24,17,val,1,02_STROMA,3,04_LYMPHO,0
moe_oeo_N49_k24_L4_lr0.002_s17,moe_oeo,49,24,17,val,1,02_STROMA,4,05_DEBRIS,23
moe_oeo_N49_k24_L4_lr0.002_s17,moe_oeo,49,24,17,val,1,02_STROMA,5,06_MUCOSA,1
moe_oeo_N49_k24_L4_lr0.002_s17,moe_oeo,49,24,17,val,1,02_STROMA,6,07_ADIPOSE,0
moe_oeo_N49_k24_L4_lr0.002_s17,moe_oeo,49,24,17,val,1,02_STROMA,7,08_EMPTY,0
moe_oeo_N49_k24_L4_lr0.002_s17,moe_oeo,49,24,17,val,2,03_COMPLEX,0,01_TUMOR,2
moe_oeo_N49_k24_L4_lr0.002_s17,moe_oeo,49,24,17,val,2,03_COMPLEX,1,02_STROMA,22
moe_oeo_N49_k24_L4_lr0.002_s17,moe_oeo,49,24,17,val,2,03_COMPLEX,2,03_COMPLEX,64
moe_oeo_N49_k24_L4_lr0.002_s17,moe_oeo,49,24,17,val,2,03_COMPLEX,3,04_LYMPHO,0
moe_oeo_N49_k24_L4_lr0.002_s17,moe_oeo,49,24,17,val,2,03_COMPLEX,4,05_DEBRIS,3
moe_oeo_N49_k24_L4_lr0.002_s17,moe_oeo,49,24,17,val,2,03_COMPLEX,5,06_MUCOSA,3
moe_oeo_N49_k24_L4_lr0.002_s17,moe_oeo,49,24,17,val,2,03_COMPLEX,6,07_ADIPOSE,0
moe_oeo_N49_k24_L4_lr0.002_s17,moe_oeo,49,24,17,val,2,03_COMPLEX,7,08_EMPTY,0
moe_oeo_N49_k24_L4_lr0.002_s17,moe_oeo,49,24,17,val,3,04_LYMPHO,0,01_TUMOR,6
moe_oeo_N49_k24_L4_lr0.002_s17,moe_oeo,49,24,17,val,3,04_LYMPHO,1,02_STROMA,0
moe_oeo_N49_k24_L4_lr0.002_s17,moe_oeo,49,24,17,val,3,04_LYMPHO,2,03_COMPLEX,6
moe_oeo_N49_k24_L4_lr0.002_s17,moe_oeo,49,24,17,val,3,04_LYMPHO,3,04_LYMPHO,80
moe_oeo_N49_k24_L4_lr0.002_s17,moe_oeo,49,24,17,val,3,04_LYMPHO,4,05_DEBRIS,0
moe_oeo_N49_k24_L4_lr0.002_s17,moe_oeo,49,24,17,val,3,04_LYMPHO,5,06_MUCOSA,2
moe_oeo_N49_k24_L4_lr0.002_s17,moe_oeo,49,24,17,val,3,04_LYMPHO,6,07_ADIPOSE,0
moe_oeo_N49_k24_L4_lr0.002_s17,moe_oeo,49,24,17,val,3,04_LYMPHO,7,08_EMPTY,0
moe_oeo_N49_k24_L4_lr0.002_s17,moe_oeo,49,24,17,val,4,05_DEBRIS,0,01_TUMOR,0
moe_oeo_N49_k24_L4_lr0.002_s17,moe_oeo,49,24,17,val,4,05_DEBRIS,1,02_STROMA,13
moe_oeo_N49_k24_L4_lr0.002_s17,moe_oeo,49,24,17,val,4,05_DEBRIS,2,03_COMPLEX,3
moe_oeo_N49_k24_L4_lr0.002_s17,moe_oeo,49,24,17,val,4,05_DEBRIS,3,04_LYMPHO,0
moe_oeo_N49_k24_L4_lr0.002_s17,moe_oeo,49,24,17,val,4,05_DEBRIS,4,05_DEBRIS,66
moe_oeo_N49_k24_L4_lr0.002_s17,moe_oeo,49,24,17,val,4,05_DEBRIS,5,06_MUCOSA,7
moe_oeo_N49_k24_L4_lr0.002_s17,moe_oeo,49,24,17,val,4,05_DEBRIS,6,07_ADIPOSE,5
moe_oeo_N49_k24_L4_lr0.002_s17,moe_oeo,49,24,17,val,4,05_DEBRIS,7,08_EMPTY,0
moe_oeo_N49_k24_L4_lr0.002_s17,moe_oeo,49,24,17,val,5,06_MUCOSA,0,01_TUMOR,4
moe_oeo_N49_k24_L4_lr0.002_s17,moe_oeo,49,24,17,val,5,06_MUCOSA,1,02_STROMA,0
moe_oeo_N49_k24_L4_lr0.002_s17,moe_oeo,49,24,17,val,5,06_MUCOSA,2,03_COMPLEX,2
moe_oeo_N49_k24_L4_lr0.002_s17,moe_oeo,49,24,17,val,5,06_MUCOSA,3,04_LYMPHO,2
moe_oeo_N49_k24_L4_lr0.002_s17,moe_oeo,49,24,17,val,5,06_MUCOSA,4,05_DEBRIS,2
moe_oeo_N49_k24_L4_lr0.002_s17,moe_oeo,49,24,17,val,5,06_MUCOSA,5,06_MUCOSA,84
moe_oeo_N49_k24_L4_lr0.002_s17,moe_oeo,49,24,17,val,5,06_MUCOSA,6,07_ADIPOSE,0
moe_oeo_N49_k24_L4_lr0.002_s17,moe_oeo,49,24,17,val,5,06_MUCOSA,7,08_EMPTY,0
moe_oeo_N49_k24_L4_lr0.002_s17,moe_oeo,49,24,17,val,6,07_ADIPOSE,0,01_TUMOR,0
moe_oeo_N49_k24_L4_lr0.002_s17,moe_oeo,49,24,17,val,6,07_ADIPOSE,1,02_STROMA,0
moe_oeo_N49_k24_L4_lr0.002_s17,moe_oeo,49,24,17,val,6,07_ADIPOSE,2,03_COMPLEX,0
moe_oeo_N49_k24_L4_lr0.002_s17,moe_oeo,49,24,17,val,6,07_ADIPOSE,3,04_LYMPHO,0
moe_oeo_N49_k24_L4_lr0.002_s17,moe_oeo,49,24,17,val,6,07_ADIPOSE,4,05_DEBRIS,3
moe_oeo_N49_k24_L4_lr0.002_s17,moe_oeo,49,24,17,val,6,07_ADIPOSE,5,06_MUCOSA,0
moe_oeo_N49_k24_L4_lr0.002_s17,moe_oeo,49,24,17,val,6,07_ADIPOSE,6,07_ADIPOSE,86
moe_oeo_N49_k24_L4_lr0.002_s17,moe_oeo,49,24,17,val,6,07_ADIPOSE,7,08_EMPTY,5
moe_oeo_N49_k24_L4_lr0.002_s17,moe_oeo,49,24,17,val,7,08_EMPTY,0,01_TUMOR,0
moe_oeo_N49_k24_L4_lr0.002_s17,moe_oeo,49,24,17,val,7,08_EMPTY,1,02_STROMA,0
moe_oeo_N49_k24_L4_lr0.002_s17,moe_oeo,49,24,17,val,7,08_EMPTY,2,03_COMPLEX,0
moe_oeo_N49_k24_L4_lr0.002_s17,moe_oeo,49,24,17,val,7,08_EMPTY,3,04_LYMPHO,0
moe_oeo_N49_k24_L4_lr0.002_s17,moe_oeo,49,24,17,val,7,08_EMPTY,4,05_DEBRIS,0
moe_oeo_N49_k24_L4_lr0.002_s17,moe_oeo,49,24,17,val,7,08_EMPTY,5,06_MUCOSA,0
moe_oeo_N49_k24_L4_lr0.002_s17,moe_oeo,49,24,17,val,7,08_EMPTY,6,07_ADIPOSE,2
moe_oeo_N49_k24_L4_lr0.002_s17,moe_oeo,49,24,17,val,7,08_EMPTY,7,08_EMPTY,92
moe_oeo_N49_k49_L4_lr0.002_s17,moe_oeo,49,49,17,train,0,01_TUMOR,0,01_TUMOR,332
moe_oeo_N49_k49_L4_lr0.002_s17,moe_oeo,49,49,17,train,0,01_TUMOR,1,02_STROMA,4
moe_oeo_N49_k49_L4_lr0.002_s17,moe_oeo,49,49,17,train,0,01_TUMOR,2,03_COMPLEX,32
moe_oeo_N49_k49_L4_lr0.002_s17,moe_oeo,49,49,17,train,0,01_TUMOR,3,04_LYMPHO,25
moe_oeo_N49_k49_L4_lr0.002_s17,moe_oeo,49,49,17,train,0,01_TUMOR,4,05_DEBRIS,0
moe_oeo_N49_k49_L4_lr0.002_s17,moe_oeo,49,49,17,train,0,01_TUMOR,5,06_MUCOSA,44
moe_oeo_N49_k49_L4_lr0.002_s17,moe_oeo,49,49,17,train,0,01_TUMOR,6,07_ADIPOSE,0
moe_oeo_N49_k49_L4_lr0.002_s17,moe_oeo,49,49,17,train,0,01_TUMOR,7,08_EMPTY,0
moe_oeo_N49_k49_L4_lr0.002_s17,moe_oeo,49,49,17,train,1,02_STROMA,0,01_TUMOR,1
moe_oeo_N49_k49_L4_lr0.002_s17,moe_oeo,49,49,17,train,1,02_STROMA,1,02_STROMA,312
moe_oeo_N49_k49_L4_lr0.002_s17,moe_oeo,49,49,17,train,1,02_STROMA,2,03_COMPLEX,27
moe_oeo_N49_k49_L4_lr0.002_s17,moe_oeo,49,49,17,train,1,02_STROMA,3,04_LYMPHO,0
moe_oeo_N49_k49_L4_lr0.002_s17,moe_oeo,49,49,17,train,1,02_STROMA,4,05_DEBRIS,90
moe_oeo_N49_k49_L4_lr0.002_s17,moe_oeo,49,49,17,train,1,02_STROMA,5,06_MUCOSA,6
moe_oeo_N49_k49_L4_lr0.002_s17,moe_oeo,49,49,17,train,1,02_STROMA,6,07_ADIPOSE,1
moe_oeo_N49_k49_L4_lr0.002_s17,moe_oeo,49,49,17,train,1,02_STROMA,7,08_EMPTY,0
moe_oeo_N49_k49_L4_lr0.002_s17,moe_oeo,49,49,17,train,2,03_COMPLEX,0,01_TUMOR,21
moe_oeo_N49_k49_L4_lr0.002_s17,moe_oeo,49,49,17,train,2,03_COMPLEX,1,02_STROMA,45
moe_oeo_N49_k49_L4_lr0.002_s17,moe_oeo,49,49,17,train,2,03_COMPLEX,2,03_COMPLEX,338
moe_oeo_N49_k49_L4_lr0.002_s17,moe_oeo,49,49,17,train,2,03_COMPLEX,3,04_LYMPHO,10
moe_oeo_N49_k49_L4_lr0.002_s17,moe_oeo,49,49,17,train,2,03_COMPLEX,4,05_DEBRIS,9
moe_oeo_N49_k49_L4_lr0.002_s17,moe_oeo,49,49,17,train,2,03_COMPLEX,5,06_MUCOSA,14
moe_oeo_N49_k49_L4_lr0.002_s17,moe_oeo,49,49,17,train,2,03_COMPLEX,6,07_ADIPOSE,0
moe_oeo_N49_k49_L4_lr0.002_s17,moe_oeo,49,49,17,train,2,03_COMPLEX,7,08_EMPTY,0
moe_oeo_N49_k49_L4_lr0.002_s17,moe_oeo,49,49,17,train,3,04_LYMPHO,0,01_TUMOR,22
moe_oeo_N49_k49_L4_lr0.002_s17,moe_oeo,49,49,17,train,3,04_LYMPHO,1,02_STROMA,0
moe_oeo_N49_k49_L4_lr0.002_s17,moe_oeo,49,49,17,train,3,04_LYMPHO,2,03_COMPLEX,38
moe_oeo_N49_k49_L4_lr0.002_s17,moe_oeo,49,49,17,train,3,04_LYMPHO,3,04_LYMPHO,370
moe_oeo_N49_k49_L4_lr0.002_s17,moe_oeo,49,49,17,train,3,04_LYMPHO,4,05_DEBRIS,0
moe_oeo_N49_k49_L4_lr0.002_s17,moe_oeo,49,49,17,train,3,04_LYMPHO,5,06_MUCOSA,7
moe_oeo_N49_k49_L4_lr0.002_s17,moe_oeo,49,49,17,train,3,04_LYMPHO,6,07_ADIPOSE,0
moe_oeo_N49_k49_L4_lr0.002_s17,moe_oeo,49,49,17,train,3,04_LYMPHO,7,08_EMPTY,0
moe_oeo_N49_k49_L4_lr0.002_s17,moe_oeo,49,49,17,train,4,05_DEBRIS,0,01_TUMOR,0
moe_oeo_N49_k49_L4_lr0.002_s17,moe_oeo,49,49,17,train,4,05_DEBRIS,1,02_STROMA,83
moe_oeo_N49_k49_L4_lr0.002_s17,moe_oeo,49,49,17,train,4,05_DEBRIS,2,03_COMPLEX,8
moe_oeo_N49_k49_L4_lr0.002_s17,moe_oeo,49,49,17,train,4,05_DEBRIS,3,04_LYMPHO,0
moe_oeo_N49_k49_L4_lr0.002_s17,moe_oeo,49,49,17,train,4,05_DEBRIS,4,05_DEBRIS,319
moe_oeo_N49_k49_L4_lr0.002_s17,moe_oeo,49,49,17,train,4,05_DEBRIS,5,06_MUCOSA,21
moe_oeo_N49_k49_L4_lr0.002_s17,moe_oeo,49,49,17,train,4,05_DEBRIS,6,07_ADIPOSE,6
moe_oeo_N49_k49_L4_lr0.002_s17,moe_oeo,49,49,17,train,4,05_DEBRIS,7,08_EMPTY,0
moe_oeo_N49_k49_L4_lr0.002_s17,moe_oeo,49,49,17,train,5,06_MUCOSA,0,01_TUMOR,18
moe_oeo_N49_k49_L4_lr0.002_s17,moe_oeo,49,49,17,train,5,06_MUCOSA,1,02_STROMA,2
moe_oeo_N49_k49_L4_lr0.002_s17,moe_oeo,49,49,17,train,5,06_MUCOSA,2,03_COMPLEX,2
moe_oeo_N49_k49_L4_lr0.002_s17,moe_oeo,49,49,17,train,5,06_MUCOSA,3,04_LYMPHO,13
moe_oeo_N49_k49_L4_lr0.002_s17,moe_oeo,49,49,17,train,5,06_MUCOSA,4,05_DEBRIS,4
moe_oeo_N49_k49_L4_lr0.002_s17,moe_oeo,49,49,17,train,5,06_MUCOSA,5,06_MUCOSA,398
moe_oeo_N49_k49_L4_lr0.002_s17,moe_oeo,49,49,17,train,5,06_MUCOSA,6,07_ADIPOSE,0
moe_oeo_N49_k49_L4_lr0.002_s17,moe_oeo,49,49,17,train,5,06_MUCOSA,7,08_EMPTY,0
moe_oeo_N49_k49_L4_lr0.002_s17,moe_oeo,49,49,17,train,6,07_ADIPOSE,0,01_TUMOR,0
moe_oeo_N49_k49_L4_lr0.002_s17,moe_oeo,49,49,17,train,6,07_ADIPOSE,1,02_STROMA,0
moe_oeo_N49_k49_L4_lr0.002_s17,moe_oeo,49,49,17,train,6,07_ADIPOSE,2,03_COMPLEX,0
moe_oeo_N49_k49_L4_lr0.002_s17,moe_oeo,49,49,17,train,6,07_ADIPOSE,3,04_LYMPHO,0
moe_oeo_N49_k49_L4_lr0.002_s17,moe_oeo,49,49,17,train,6,07_ADIPOSE,4,05_DEBRIS,2
moe_oeo_N49_k49_L4_lr0.002_s17,moe_oeo,49,49,17,train,6,07_ADIPOSE,5,06_MUCOSA,0
moe_oeo_N49_k49_L4_lr0.002_s17,moe_oeo,49,49,17,train,6,07_ADIPOSE,6,07_ADIPOSE,425
moe_oeo_N49_k49_L4_lr0.002_s17,moe_oeo,49,49,17,train,6,07_ADIPOSE,7,08_EMPTY,10
moe_oeo_N49_k49_L4_lr0.002_s17,moe_oeo,49,49,17,train,7,08_EMPTY,0,01_TUMOR,0
moe_oeo_N49_k49_L4_lr0.002_s17,moe_oeo,49,49,17,train,7,08_EMPTY,1,02_STROMA,0
moe_oeo_N49_k49_L4_lr0.002_s17,moe_oeo,49,49,17,train,7,08_EMPTY,2,03_COMPLEX,0
moe_oeo_N49_k49_L4_lr0.002_s17,moe_oeo,49,49,17,train,7,08_EMPTY,3,04_LYMPHO,0
moe_oeo_N49_k49_L4_lr0.002_s17,moe_oeo,49,49,17,train,7,08_EMPTY,4,05_DEBRIS,1
moe_oeo_N49_k49_L4_lr0.002_s17,moe_oeo,49,49,17,train,7,08_EMPTY,5,06_MUCOSA,0
moe_oeo_N49_k49_L4_lr0.002_s17,moe_oeo,49,49,17,train,7,08_EMPTY,6,07_ADIPOSE,9
moe_oeo_N49_k49_L4_lr0.002_s17,moe_oeo,49,49,17,train,7,08_EMPTY,7,08_EMPTY,427
moe_oeo_N49_k49_L4_lr0.002_s17,moe_oeo,49,49,17,val,0,01_TUMOR,0,01_TUMOR,59
moe_oeo_N49_k49_L4_lr0.002_s17,moe_oeo,49,49,17,val,0,01_TUMOR,1,02_STROMA,1
moe_oeo_N49_k49_L4_lr0.002_s17,moe_oeo,49,49,17,val,0,01_TUMOR,2,03_COMPLEX,7
moe_oeo_N49_k49_L4_lr0.002_s17,moe_oeo,49,49,17,val,0,01_TUMOR,3,04_LYMPHO,20
moe_oeo_N49_k49_L4_lr0.002_s17,moe_oeo,49,49,17,val,0,01_TUMOR,4,05_DEBRIS,0
moe_oeo_N49_k49_L4_lr0.002_s17,moe_oeo,49,49,17,val,0,01_TUMOR,5,06_MUCOSA,7
moe_oeo_N49_k49_L4_lr0.002_s17,moe_oeo,49,49,17,val,0,01_TUMOR,6,07_ADIPOSE,0
moe_oeo_N49_k49_L4_lr0.002_s17,moe_oeo,49,49,17,val,0,01_TUMOR,7,08_EMPTY,0
moe_oeo_N49_k49_L4_lr0.002_s17,moe_oeo,49,49,17,val,1,02_STROMA,0,01_TUMOR,0
moe_oeo_N49_k49_L4_lr0.002_s17,moe_oeo,49,49,17,val,1,02_STROMA,1,02_STROMA,57
moe_oeo_N49_k49_L4_lr0.002_s17,moe_oeo,49,49,17,val,1,02_STROMA,2,03_COMPLEX,7
moe_oeo_N49_k49_L4_lr0.002_s17,moe_oeo,49,49,17,val,1,02_STROMA,3,04_LYMPHO,0
moe_oeo_N49_k49_L4_lr0.002_s17,moe_oeo,49,49,17,val,1,02_STROMA,4,05_DEBRIS,29
moe_oeo_N49_k49_L4_lr0.002_s17,moe_oeo,49,49,17,val,1,02_STROMA,5,06_MUCOSA,1
moe_oeo_N49_k49_L4_lr0.002_s17,moe_oeo,49,49,17,val,1,02_STROMA,6,07_ADIPOSE,0
moe_oeo_N49_k49_L4_lr0.002_s17,moe_oeo,49,49,17,val,1,02_STROMA,7,08_EMPTY,0
moe_oeo_N49_k49_L4_lr0.002_s17,moe_oeo,49,49,17,val,2,03_COMPLEX,0,01_TUMOR,7
moe_oeo_N49_k49_L4_lr0.002_s17,moe_oeo,49,49,17,val,2,03_COMPLEX,1,02_STROMA,18
moe_oeo_N49_k49_L4_lr0.002_s17,moe_oeo,49,49,17,val,2,03_COMPLEX,2,03_COMPLEX,62
moe_oeo_N49_k49_L4_lr0.002_s17,moe_oeo,49,49,17,val,2,03_COMPLEX,3,04_LYMPHO,2
moe_oeo_N49_k49_L4_lr0.002_s17,moe_oeo,49,49,17,val,2,03_COMPLEX,4,05_DEBRIS,4
moe_oeo_N49_k49_L4_lr0.002_s17,moe_oeo,49,49,17,val,2,03_COMPLEX,5,06_MUCOSA,1
moe_oeo_N49_k49_L4_lr0.002_s17,moe_oeo,49,49,17,val,2,03_COMPLEX,6,07_ADIPOSE,0
moe_oeo_N49_k49_L4_lr0.002_s17,moe_oeo,49,49,17,val,2,03_COMPLEX,7,08_EMPTY,0
moe_oeo_N49_k49_L4_lr0.002_s17,moe_oeo,49,49,17,val,3,04_LYMPHO,0,01_TUMOR,10
moe_oeo_N49_k49_L4_lr0.002_s17,moe_oeo,49,49,17,val,3,04_LYMPHO,1,02_STROMA,0
moe_oeo_N49_k49_L4_lr0.002_s17,moe_oeo,49,49,17,val,3,04_LYMPHO,2,03_COMPLEX,10
moe_oeo_N49_k49_L4_lr0.002_s17,moe_oeo,49,49,17,val,3,04_LYMPHO,3,04_LYMPHO,73
moe_oeo_N49_k49_L4_lr0.002_s17,moe_oeo,49,49,17,val,3,04_LYMPHO,4,05_DEBRIS,0
moe_oeo_N49_k49_L4_lr0.002_s17,moe_oeo,49,49,17,val,3,04_LYMPHO,5,06_MUCOSA,1
moe_oeo_N49_k49_L4_lr0.002_s17,moe_oeo,49,49,17,val,3,04_LYMPHO,6,07_ADIPOSE,0
moe_oeo_N49_k49_L4_lr0.002_s17,moe_oeo,49,49,17,val,3,04_LYMPHO,7,08_EMPTY,0
moe_oeo_N49_k49_L4_lr0.002_s17,moe_oeo,49,49,17,val,4,05_DEBRIS,0,01_TUMOR,0
moe_oeo_N49_k49_L4_lr0.002_s17,moe_oeo,49,49,17,val,4,05_DEBRIS,1,02_STROMA,15
moe_oeo_N49_k49_L4_lr0.002_s17,moe_oeo,49,49,17,val,4,05_DEBRIS,2,03_COMPLEX,4
moe_oeo_N49_k49_L4_lr0.002_s17,moe_oeo,49,49,17,val,4,05_DEBRIS,3,04_LYMPHO,0
moe_oeo_N49_k49_L4_lr0.002_s17,moe_oeo,49,49,17,val,4,05_DEBRIS,4,05_DEBRIS,58
moe_oeo_N49_k49_L4_lr0.002_s17,moe_oeo,49,49,17,val,4,05_DEBRIS,5,06_MUCOSA,11
moe_oeo_N49_k49_L4_lr0.002_s17,moe_oeo,49,49,17,val,4,05_DEBRIS,6,07_ADIPOSE,6
moe_oeo_N49_k49_L4_lr0.002_s17,moe_oeo,49,49,17,val,4,05_DEBRIS,7,08_EMPTY,0
moe_oeo_N49_k49_L4_lr0.002_s17,moe_oeo,49,49,17,val,5,06_MUCOSA,0,01_TUMOR,9
moe_oeo_N49_k49_L4_lr0.002_s17,moe_oeo,49,49,17,val,5,06_MUCOSA,1,02_STROMA,0
moe_oeo_N49_k49_L4_lr0.002_s17,moe_oeo,49,49,17,val,5,06_MUCOSA,2,03_COMPLEX,1
moe_oeo_N49_k49_L4_lr0.002_s17,moe_oeo,49,49,17,val,5,06_MUCOSA,3,04_LYMPHO,8
moe_oeo_N49_k49_L4_lr0.002_s17,moe_oeo,49,49,17,val,5,06_MUCOSA,4,05_DEBRIS,3
moe_oeo_N49_k49_L4_lr0.002_s17,moe_oeo,49,49,17,val,5,06_MUCOSA,5,06_MUCOSA,73
moe_oeo_N49_k49_L4_lr0.002_s17,moe_oeo,49,49,17,val,5,06_MUCOSA,6,07_ADIPOSE,0
moe_oeo_N49_k49_L4_lr0.002_s17,moe_oeo,49,49,17,val,5,06_MUCOSA,7,08_EMPTY,0
moe_oeo_N49_k49_L4_lr0.002_s17,moe_oeo,49,49,17,val,6,07_ADIPOSE,0,01_TUMOR,0
moe_oeo_N49_k49_L4_lr0.002_s17,moe_oeo,49,49,17,val,6,07_ADIPOSE,1,02_STROMA,0
moe_oeo_N49_k49_L4_lr0.002_s17,moe_oeo,49,49,17,val,6,07_ADIPOSE,2,03_COMPLEX,0
moe_oeo_N49_k49_L4_lr0.002_s17,moe_oeo,49,49,17,val,6,07_ADIPOSE,3,04_LYMPHO,0
moe_oeo_N49_k49_L4_lr0.002_s17,moe_oeo,49,49,17,val,6,07_ADIPOSE,4,05_DEBRIS,2
moe_oeo_N49_k49_L4_lr0.002_s17,moe_oeo,49,49,17,val,6,07_ADIPOSE,5,06_MUCOSA,0
moe_oeo_N49_k49_L4_lr0.002_s17,moe_oeo,49,49,17,val,6,07_ADIPOSE,6,07_ADIPOSE,87
moe_oeo_N49_k49_L4_lr0.002_s17,moe_oeo,49,49,17,val,6,07_ADIPOSE,7,08_EMPTY,5
moe_oeo_N49_k49_L4_lr0.002_s17,moe_oeo,49,49,17,val,7,08_EMPTY,0,01_TUMOR,0
moe_oeo_N49_k49_L4_lr0.002_s17,moe_oeo,49,49,17,val,7,08_EMPTY,1,02_STROMA,0
moe_oeo_N49_k49_L4_lr0.002_s17,moe_oeo,49,49,17,val,7,08_EMPTY,2,03_COMPLEX,0
moe_oeo_N49_k49_L4_lr0.002_s17,moe_oeo,49,49,17,val,7,08_EMPTY,3,04_LYMPHO,0
moe_oeo_N49_k49_L4_lr0.002_s17,moe_oeo,49,49,17,val,7,08_EMPTY,4,05_DEBRIS,0
moe_oeo_N49_k49_L4_lr0.002_s17,moe_oeo,49,49,17,val,7,08_EMPTY,5,06_MUCOSA,0
moe_oeo_N49_k49_L4_lr0.002_s17,moe_oeo,49,49,17,val,7,08_EMPTY,6,07_ADIPOSE,2
moe_oeo_N49_k49_L4_lr0.002_s17,moe_oeo,49,49,17,val,7,08_EMPTY,7,08_EMPTY,92
moe_oeo_N4_k1_L4_lr0.002_s27,moe_oeo,4,1,27,train,0,01_TUMOR,0,01_TUMOR,254
moe_oeo_N4_k1_L4_lr0.002_s27,moe_oeo,4,1,27,train,0,01_TUMOR,1,02_STROMA,9
moe_oeo_N4_k1_L4_lr0.002_s27,moe_oeo,4,1,27,train,0,01_TUMOR,2,03_COMPLEX,39
moe_oeo_N4_k1_L4_lr0.002_s27,moe_oeo,4,1,27,train,0,01_TUMOR,3,04_LYMPHO,59
moe_oeo_N4_k1_L4_lr0.002_s27,moe_oeo,4,1,27,train,0,01_TUMOR,4,05_DEBRIS,1
moe_oeo_N4_k1_L4_lr0.002_s27,moe_oeo,4,1,27,train,0,01_TUMOR,5,06_MUCOSA,75
moe_oeo_N4_k1_L4_lr0.002_s27,moe_oeo,4,1,27,train,0,01_TUMOR,6,07_ADIPOSE,0
moe_oeo_N4_k1_L4_lr0.002_s27,moe_oeo,4,1,27,train,0,01_TUMOR,7,08_EMPTY,0
moe_oeo_N4_k1_L4_lr0.002_s27,moe_oeo,4,1,27,train,1,02_STROMA,0,01_TUMOR,11
moe_oeo_N4_k1_L4_lr0.002_s27,moe_oeo,4,1,27,train,1,02_STROMA,1,02_STROMA,273
moe_oeo_N4_k1_L4_lr0.002_s27,moe_oeo,4,1,27,train,1,02_STROMA,2,03_COMPLEX,64
moe_oeo_N4_k1_L4_lr0.002_s27,moe_oeo,4,1,27,train,1,02_STROMA,3,04_LYMPHO,3
moe_oeo_N4_k1_L4_lr0.002_s27,moe_oeo,4,1,27,train,1,02_STROMA,4,05_DEBRIS,66
moe_oeo_N4_k1_L4_lr0.002_s27,moe_oeo,4,1,27,train,1,02_STROMA,5,06_MUCOSA,19
moe_oeo_N4_k1_L4_lr0.002_s27,moe_oeo,4,1,27,train,1,02_STROMA,6,07_ADIPOSE,1
moe_oeo_N4_k1_L4_lr0.002_s27,moe_oeo,4,1,27,train,1,02_STROMA,7,08_EMPTY,0
moe_oeo_N4_k1_L4_lr0.002_s27,moe_oeo,4,1,27,train,2,03_COMPLEX,0,01_TUMOR,24
moe_oeo_N4_k1_L4_lr0.002_s27,moe_oeo,4,1,27,train,2,03_COMPLEX,1,02_STROMA,93
moe_oeo_N4_k1_L4_lr0.002_s27,moe_oeo,4,1,27,train,2,03_COMPLEX,2,03_COMPLEX,252
moe_oeo_N4_k1_L4_lr0.002_s27,moe_oeo,4,1,27,train,2,03_COMPLEX,3,04_LYMPHO,38
moe_oeo_N4_k1_L4_lr0.002_s27,moe_oeo,4,1,27,train,2,03_COMPLEX,4,05_DEBRIS,13
moe_oeo_N4_k1_L4_lr0.002_s27,moe_oeo,4,1,27,train,2,03_COMPLEX,5,06_MUCOSA,17
moe_oeo_N4_k1_L4_lr0.002_s27,moe_oeo,4,1,27,train,2,03_COMPLEX,6,07_ADIPOSE,0
moe_oeo_N4_k1_L4_lr0.002_s27,moe_oeo,4,1,27,train,2,03_COMPLEX,7,08_EMPTY,0
moe_oeo_N4_k1_L4_lr0.002_s27,moe_oeo,4,1,27,train,3,04_LYMPHO,0,01_TUMOR,93
moe_oeo_N4_k1_L4_lr0.002_s27,moe_oeo,4,1,27,train,3,04_LYMPHO,1,02_STROMA,3
moe_oeo_N4_k1_L4_lr0.002_s27,moe_oeo,4,1,27,train,3,04_LYMPHO,2,03_COMPLEX,54
moe_oeo_N4_k1_L4_lr0.002_s27,moe_oeo,4,1,27,train,3,04_LYMPHO,3,04_LYMPHO,242
moe_oeo_N4_k1_L4_lr0.002_s27,moe_oeo,4,1,27,train,3,04_LYMPHO,4,05_DEBRIS,2
moe_oeo_N4_k1_L4_lr0.002_s27,moe_oeo,4,1,27,train,3,04_LYMPHO,5,06_MUCOSA,43
moe_oeo_N4_k1_L4_lr0.002_s27,moe_oeo,4,1,27,train,3,04_LYMPHO,6,07_ADIPOSE,0
moe_oeo_N4_k1_L4_lr0.002_s27,moe_oeo,4,1,27,train,3,04_LYMPHO,7,08_EMPTY,0
moe_oeo_N4_k1_L4_lr0.002_s27,moe_oeo,4,1,27,train,4,05_DEBRIS,0,01_TUMOR,21
moe_oeo_N4_k1_L4_lr0.002_s27,moe_oeo,4,1,27,train,4,05_DEBRIS,1,02_STROMA,83
moe_oeo_N4_k1_L4_lr0.002_s27,moe_oeo,4,1,27,train,4,05_DEBRIS,2,03_COMPLEX,38
moe_oeo_N4_k1_L4_lr0.002_s27,moe_oeo,4,1,27,train,4,05_DEBRIS,3,04_LYMPHO,3
moe_oeo_N4_k1_L4_lr0.002_s27,moe_oeo,4,1,27,train,4,05_DEBRIS,4,05_DEBRIS,198
moe_oeo_N4_k1_L4_lr0.002_s27,moe_oeo,4,1,27,train,4,05_DEBRIS,5,06_MUCOSA,67
moe_oeo_N4_k1_L4_lr0.002_s27,moe_oeo,4,1,27,train,4,05_DEBRIS,6,07_ADIPOSE,27
moe_oeo_N4_k1_L4_lr0.002_s27,moe_oeo,4,1,27,train,4,05_DEBRIS,7,08_EMPTY,0
moe_oeo_N4_k1_L4_lr0.002_s27,moe_oeo,4,1,27,train,5,06_MUCOSA,0,01_TUMOR,82
moe_oeo_N4_k1_L4_lr0.002_s27,moe_oeo,4,1,27,train,5,06_MUCOSA,1,02_STROMA,3
moe_oeo_N4_k1_L4_lr0.002_s27,moe_oeo,4,1,27,train,5,06_MUCOSA,2,03_COMPLEX,7
moe_oeo_N4_k1_L4_lr0.002_s27,moe_oeo,4,1,27,train,5,06_MUCOSA,3,04_LYMPHO,49
moe_oeo_N4_k1_L4_lr0.002_s27,moe_oeo,4,1,27,train,5,06_MUCOSA,4,05_DEBRIS,12
moe_oeo_N4_k1_L4_lr0.002_s27,moe_oeo,4,1,27,train,5,06_MUCOSA,5,06_MUCOSA,283
moe_oeo_N4_k1_L4_lr0.002_s27,moe_oeo,4,1,27,train,5,06_MUCOSA,6,07_ADIPOSE,1
moe_oeo_N4_k1_L4_lr0.002_s27,moe_oeo,4,1,27,train,5,06_MUCOSA,7,08_EMPTY,0
moe_oeo_N4_k1_L4_lr0.002_s27,moe_oeo,4,1,27,train,6,07_ADIPOSE,0,01_TUMOR,1
moe_oeo_N4_k1_L4_lr0.002_s27,moe_oeo,4,1,27,train,6,07_ADIPOSE,1,02_STROMA,0
moe_oeo_N4_k1_L4_lr0.002_s27,moe_oeo,4,1,27,train,6,07_ADIPOSE,2,03_COMPLEX,0
moe_oeo_N4_k1_L4_lr0.002_s27,moe_oeo,4,1,27,train,6,07_ADIPOSE,3,04_LYMPHO,0
moe_oeo_N4_k1_L4_lr0.002_s27,moe_oeo,4,1,27,train,6,07_ADIPOSE,4,05_DEBRIS,4
moe_oeo_N4_k1_L4_lr0.002_s27,moe_oeo,4,1,27,train,6,07_ADIPOSE,5,06_MUCOSA,10
moe_oeo_N4_k1_L4_lr0.002_s27,moe_oeo,4,1,27,train,6,07_ADIPOSE,6,07_ADIPOSE,398
moe_oeo_N4_k1_L4_lr0.002_s27,moe_oeo,4,1,27,train,6,07_ADIPOSE,7,08_EMPTY,24
moe_oeo_N4_k1_L4_lr0.002_s27,moe_oeo,4,1,27,train,7,08_EMPTY,0,01_TUMOR,0
moe_oeo_N4_k1_L4_lr0.002_s27,moe_oeo,4,1,27,train,7,08_EMPTY,1,02_STROMA,0
moe_oeo_N4_k1_L4_lr0.002_s27,moe_oeo,4,1,27,train,7,08_EMPTY,2,03_COMPLEX,0
moe_oeo_N4_k1_L4_lr0.002_s27,moe_oeo,4,1,27,train,7,08_EMPTY,3,04_LYMPHO,0
moe_oeo_N4_k1_L4_lr0.002_s27,moe_oeo,4,1,27,train,7,08_EMPTY,4,05_DEBRIS,0
moe_oeo_N4_k1_L4_lr0.002_s27,moe_oeo,4,1,27,train,7,08_EMPTY,5,06_MUCOSA,1
moe_oeo_N4_k1_L4_lr0.002_s27,moe_oeo,4,1,27,train,7,08_EMPTY,6,07_ADIPOSE,7
moe_oeo_N4_k1_L4_lr0.002_s27,moe_oeo,4,1,27,train,7,08_EMPTY,7,08_EMPTY,429
moe_oeo_N4_k1_L4_lr0.002_s27,moe_oeo,4,1,27,val,0,01_TUMOR,0,01_TUMOR,51
moe_oeo_N4_k1_L4_lr0.002_s27,moe_oeo,4,1,27,val,0,01_TUMOR,1,02_STROMA,2
moe_oeo_N4_k1_L4_lr0.002_s27,moe_oeo,4,1,27,val,0,01_TUMOR,2,03_COMPLEX,8
moe_oeo_N4_k1_L4_lr0.002_s27,moe_oeo,4,1,27,val,0,01_TUMOR,3,04_LYMPHO,18
moe_oeo_N4_k1_L4_lr0.002_s27,moe_oeo,4,1,27,val,0,01_TUMOR,4,05_DEBRIS,0
moe_oeo_N4_k1_L4_lr0.002_s27,moe_oeo,4,1,27,val,0,01_TUMOR,5,06_MUCOSA,15
moe_oeo_N4_k1_L4_lr0.002_s27,moe_oeo,4,1,27,val,0,01_TUMOR,6,07_ADIPOSE,0
moe_oeo_N4_k1_L4_lr0.002_s27,moe_oeo,4,1,27,val,0,01_TUMOR,7,08_EMPTY,0
moe_oeo_N4_k1_L4_lr0.002_s27,moe_oeo,4,1,27,val,1,02_STROMA,0,01_TUMOR,4
moe_oeo_N4_k1_L4_lr0.002_s27,moe_oeo,4,1,27,val,1,02_STROMA,1,02_STROMA,59
moe_oeo_N4_k1_L4_lr0.002_s27,moe_oeo,4,1,27,val,1,02_STROMA,2,03_COMPLEX,13
moe_oeo_N4_k1_L4_lr0.002_s27,moe_oeo,4,1,27,val,1,02_STROMA,3,04_LYMPHO,0
moe_oeo_N4_k1_L4_lr0.002_s27,moe_oeo,4,1,27,val,1,02_STROMA,4,05_DEBRIS,12
moe_oeo_N4_k1_L4_lr0.002_s27,moe_oeo,4,1,27,val,1,02_STROMA,5,06_MUCOSA,6
moe_oeo_N4_k1_L4_lr0.002_s27,moe_oeo,4,1,27,val,1,02_STROMA,6,07_ADIPOSE,0
moe_oeo_N4_k1_L4_lr0.002_s27,moe_oeo,4,1,27,val,1,02_STROMA,7,08_EMPTY,0
moe_oeo_N4_k1_L4_lr0.002_s27,moe_oeo,4,1,27,val,2,03_COMPLEX,0,01_TUMOR,4
moe_oeo_N4_k1_L4_lr0.002_s27,moe_oeo,4,1,27,val,2,03_COMPLEX,1,02_STROMA,25
moe_oeo_N4_k1_L4_lr0.002_s27,moe_oeo,4,1,27,val,2,03_COMPLEX,2,03_COMPLEX,55
moe_oeo_N4_k1_L4_lr0.002_s27,moe_oeo,4,1,27,val,2,03_COMPLEX,3,04_LYMPHO,3
moe_oeo_N4_k1_L4_lr0.002_s27,moe_oeo,4,1,27,val,2,03_COMPLEX,4,05_DEBRIS,5
moe_oeo_N4_k1_L4_lr0.002_s27,moe_oeo,4,1,27,val,2,03_COMPLEX,5,06_MUCOSA,2
moe_oeo_N4_k1_L4_lr0.002_s27,moe_oeo,4,1,27,val,2,03_COMPLEX,6,07_ADIPOSE,0
moe_oeo_N4_k1_L4_lr0.002_s27,moe_oeo,4,1,27,val,2,03_COMPLEX,7,08_EMPTY,0
moe_oeo_N4_k1_L4_lr0.002_s27,moe_oeo,4,1,27,val,3,04_LYMPHO,0,01_TUMOR,24
moe_oeo_N4_k1_L4_lr0.002_s27,moe_oeo,4,1,27,val,3,04_LYMPHO,1,02_STROMA,1
moe_oeo_N4_k1_L4_lr0.002_s27,moe_oeo,4,1,27,val,3,04_LYMPHO,2,03_COMPLEX,13
moe_oeo_N4_k1_L4_lr0.002_s27,moe_oeo,4,1,27,val,3,04_LYMPHO,3,04_LYMPHO,47
moe_oeo_N4_k1_L4_lr0.002_s27,moe_oeo,4,1,27,val,3,04_LYMPHO,4,05_DEBRIS,0
moe_oeo_N4_k1_L4_lr0.002_s27,moe_oeo,4,1,27,val,3,04_LYMPHO,5,06_MUCOSA,9
moe_oeo_N4_k1_L4_lr0.002_s27,moe_oeo,4,1,27,val,3,04_LYMPHO,6,07_ADIPOSE,0
moe_oeo_N4_k1_L4_lr0.002_s27,moe_oeo,4,1,27,val,3,04_LYMPHO,7,08_EMPTY,0
moe_oeo_N4_k1_L4_lr0.002_s27,moe_oeo,4,1,27,val,4,05_DEBRIS,0,01_TUMOR,3
moe_oeo_N4_k1_L4_lr0.002_s27,moe_oeo,4,1,27,val,4,05_DEBRIS,1,02_STROMA,13
moe_oeo_N4_k1_L4_lr0.002_s27,moe_oeo,4,1,27,val,4,05_DEBRIS,2,03_COMPLEX,8
moe_oeo_N4_k1_L4_lr0.002_s27,moe_oeo,4,1,27,val,4,05_DEBRIS,3,04_LYMPHO,2
moe_oeo_N4_k1_L4_lr0.002_s27,moe_oeo,4,1,27,val,4,05_DEBRIS,4,05_DEBRIS,37
moe_oeo_N4_k1_L4_lr0.002_s27,moe_oeo,4,1,27,val,4,05_DEBRIS,5,06_MUCOSA,19
moe_oeo_N4_k1_L4_lr0.002_s27,moe_oeo,4,1,27,val,4,05_DEBRIS,6,07_ADIPOSE,11
moe_oeo_N4_k1_L4_lr0.002_s27,moe_oeo,4,1,27,val,4,05_DEBRIS,7,08_EMPTY,1
moe_oeo_N4_k1_L4_lr0.002_s27,moe_oeo,4,1,27,val,5,06_MUCOSA,0,01_TUMOR,12
moe_oeo_N4_k1_L4_lr0.002_s27,moe_oeo,4,1,27,val,5,06_MUCOSA,1,02_STROMA,0
moe_oeo_N4_k1_L4_lr0.002_s27,moe_oeo,4,1,27,val,5,06_MUCOSA,2,03_COMPLEX,3
moe_oeo_N4_k1_L4_lr0.002_s27,moe_oeo,4,1,27,val,5,06_MUCOSA,3,04_LYMPHO,14
moe_oeo_N4_k1_L4_lr0.002_s27,moe_oeo,4,1,27,val,5,06_MUCOSA,4,05_DEBRIS,2
moe_oeo_N4_k1_L4_lr0.002_s27,moe_oeo,4,1,27,val,5,06_MUCOSA,5,06_MUCOSA,63
moe_oeo_N4_k1_L4_lr0.002_s27,moe_oeo,4,1,27,val,5,06_MUCOSA,6,07_ADIPOSE,0
moe_oeo_N4_k1_L4_lr0.002_s27,moe_oeo,4,1,27,val,5,06_MUCOSA,7,08_EMPTY,0
moe_oeo_N4_k1_L4_lr0.002_s27,moe_oeo,4,1,27,val,6,07_ADIPOSE,0,01_TUMOR,0
moe_oeo_N4_k1_L4_lr0.002_s27,moe_oeo,4,1,27,val,6,07_ADIPOSE,1,02_STROMA,0
moe_oeo_N4_k1_L4_lr0.002_s27,moe_oeo,4,1,27,val,6,07_ADIPOSE,2,03_COMPLEX,0
moe_oeo_N4_k1_L4_lr0.002_s27,moe_oeo,4,1,27,val,6,07_ADIPOSE,3,04_LYMPHO,0
moe_oeo_N4_k1_L4_lr0.002_s27,moe_oeo,4,1,27,val,6,07_ADIPOSE,4,05_DEBRIS,2
moe_oeo_N4_k1_L4_lr0.002_s27,moe_oeo,4,1,27,val,6,07_ADIPOSE,5,06_MUCOSA,1
moe_oeo_N4_k1_L4_lr0.002_s27,moe_oeo,4,1,27,val,6,07_ADIPOSE,6,07_ADIPOSE,84
moe_oeo_N4_k1_L4_lr0.002_s27,moe_oeo,4,1,27,val,6,07_ADIPOSE,7,08_EMPTY,7
moe_oeo_N4_k1_L4_lr0.002_s27,moe_oeo,4,1,27,val,7,08_EMPTY,0,01_TUMOR,0
moe_oeo_N4_k1_L4_lr0.002_s27,moe_oeo,4,1,27,val,7,08_EMPTY,1,02_STROMA,0
moe_oeo_N4_k1_L4_lr0.002_s27,moe_oeo,4,1,27,val,7,08_EMPTY,2,03_COMPLEX,0
moe_oeo_N4_k1_L4_lr0.002_s27,moe_oeo,4,1,27,val,7,08_EMPTY,3,04_LYMPHO,0
moe_oeo_N4_k1_L4_lr0.002_s27,moe_oeo,4,1,27,val,7,08_EMPTY,4,05_DEBRIS,0
moe_oeo_N4_k1_L4_lr0.002_s27,moe_oeo,4,1,27,val,7,08_EMPTY,5,06_MUCOSA,0
moe_oeo_N4_k1_L4_lr0.002_s27,moe_oeo,4,1,27,val,7,08_EMPTY,6,07_ADIPOSE,2
moe_oeo_N4_k1_L4_lr0.002_s27,moe_oeo,4,1,27,val,7,08_EMPTY,7,08_EMPTY,92
moe_oeo_N4_k2_L4_lr0.002_s27,moe_oeo,4,2,27,train,0,01_TUMOR,0,01_TUMOR,215
moe_oeo_N4_k2_L4_lr0.002_s27,moe_oeo,4,2,27,train,0,01_TUMOR,1,02_STROMA,4
moe_oeo_N4_k2_L4_lr0.002_s27,moe_oeo,4,2,27,train,0,01_TUMOR,2,03_COMPLEX,41
moe_oeo_N4_k2_L4_lr0.002_s27,moe_oeo,4,2,27,train,0,01_TUMOR,3,04_LYMPHO,89
moe_oeo_N4_k2_L4_lr0.002_s27,moe_oeo,4,2,27,train,0,01_TUMOR,4,05_DEBRIS,1
moe_oeo_N4_k2_L4_lr0.002_s27,moe_oeo,4,2,27,train,0,01_TUMOR,5,06_MUCOSA,87
moe_oeo_N4_k2_L4_lr0.002_s27,moe_oeo,4,2,27,train,0,01_TUMOR,6,07_ADIPOSE,0
moe_oeo_N4_k2_L4_lr0.002_s27,moe_oeo,4,2,27,train,0,01_TUMOR,7,08_EMPTY,0
moe_oeo_N4_k2_L4_lr0.002_s27,moe_oeo,4,2,27,train,1,02_STROMA,0,01_TUMOR,3
moe_oeo_N4_k2_L4_lr0.002_s27,moe_oeo,4,2,27,train,1,02_STROMA,1,02_STROMA,291
moe_oeo_N4_k2_L4_lr0.002_s27,moe_oeo,4,2,27,train,1,02_STROMA,2,03_COMPLEX,30
moe_oeo_N4_k2_L4_lr0.002_s27,moe_oeo,4,2,27,train,1,02_STROMA,3,04_LYMPHO,1
moe_oeo_N4_k2_L4_lr0.002_s27,moe_oeo,4,2,27,train,1,02_STROMA,4,05_DEBRIS,103
moe_oeo_N4_k2_L4_lr0.002_s27,moe_oeo,4,2,27,train,1,02_STROMA,5,06_MUCOSA,8
moe_oeo_N4_k2_L4_lr0.002_s27,moe_oeo,4,2,27,train,1,02_STROMA,6,07_ADIPOSE,1
moe_oeo_N4_k2_L4_lr0.002_s27,moe_oeo,4,2,27,train,1,02_STROMA,7,08_EMPTY,0
moe_oeo_N4_k2_L4_lr0.002_s27,moe_oeo,4,2,27,train,2,03_COMPLEX,0,01_TUMOR,9
moe_oeo_N4_k2_L4_lr0.002_s27,moe_oeo,4,2,27,train,2,03_COMPLEX,1,02_STROMA,56
moe_oeo_N4_k2_L4_lr0.002_s27,moe_oeo,4,2,27,train,2,03_COMPLEX,2,03_COMPLEX,323
moe_oeo_N4_k2_L4_lr0.002_s27,moe_oeo,4,2,27,train,2,03_COMPLEX,3,04_LYMPHO,25
moe_oeo_N4_k2_L4_lr0.002_s27,moe_oeo,4,2,27,train,2,03_COMPLEX,4,05_DEBRIS,10
moe_oeo_N4_k2_L4_lr0.002_s27,moe_oeo,4,2,27,train,2,03_COMPLEX,5,06_MUCOSA,14
moe_oeo_N4_k2_L4_lr0.002_s27,moe_oeo,4,2,27,train,2,03_COMPLEX,6,07_ADIPOSE,0
moe_oeo_N4_k2_L4_lr0.002_s27,moe_oeo,4,2,27,train,2,03_COMPLEX,7,08_EMPTY,0
moe_oeo_N4_k2_L4_lr0.002_s27,moe_oeo,4,2,27,train,3,04_LYMPHO,0,01_TUMOR,20
moe_oeo_N4_k2_L4_lr0.002_s27,moe_oeo,4,2,27,train,3,04_LYMPHO,1,02_STROMA,0
moe_oeo_N4_k2_L4_lr0.002_s27,moe_oeo,4,2,27,train,3,04_LYMPHO,2,03_COMPLEX,34
moe_oeo_N4_k2_L4_lr0.002_s27,moe_oeo,4,2,27,train,3,04_LYMPHO,3,04_LYMPHO,343
moe_oeo_N4_k2_L4_lr0.002_s27,moe_oeo,4,2,27,train,3,04_LYMPHO,4,05_DEBRIS,0
moe_oeo_N4_k2_L4_lr0.002_s27,moe_oeo,4,2,27,train,3,04_LYMPHO,5,06_MUCOSA,40
moe_oeo_N4_k2_L4_lr0.002_s27,moe_oeo,4,2,27,train,3,04_LYMPHO,6,07_ADIPOSE,0
moe_oeo_N4_k2_L4_lr0.002_s27,moe_oeo,4,2,27,train,3,04_LYMPHO,7,08_EMPTY,0
moe_oeo_N4_k2_L4_lr0.002_s27,moe_oeo,4,2,27,train,4,05_DEBRIS,0,01_TUMOR,0
moe_oeo_N4_k2_L4_lr0.002_s27,moe_oeo,4,2,27,train,4,05_DEBRIS,1,02_STROMA,92
moe_oeo_N4_k2_L4_lr0.002_s27,moe_oeo,4,2,27,train,4,05_DEBRIS,2,03_COMPLEX,11
moe_oeo_N4_k2_L4_lr0.002_s27,moe_oeo,4,2,27,train,4,05_DEBRIS,3,04_LYMPHO,0
moe_oeo_N4_k2_L4_lr0.002_s27,moe_oeo,4,2,27,train,4,05_DEBRIS,4,05_DEBRIS,283
moe_oeo_N4_k2_L4_lr0.002_s27,moe_oeo,4,2,27,train,4,05_DEBRIS,5,06_MUCOSA,34
moe_oeo_N4_k2_L4_lr0.002_s27,moe_oeo,4,2,27,train,4,05_DEBRIS,6,07_ADIPOSE,17
moe_oeo_N4_k2_L4_lr0.002_s27,moe_oeo,4,2,27,train,4,05_DEBRIS,7,08_EMPTY,0
moe_oeo_N4_k2_L4_lr0.002_s27,moe_oeo,4,2,27,train,5,06_MUCOSA,0,01_TUMOR,18
moe_oeo_N4_k2_L4_lr0.002_s27,moe_oeo,4,2,27,train,5,06_MUCOSA,1,02_STROMA,3
moe_oeo_N4_k2_L4_lr0.002_s27,moe_oeo,4,2,27,train,5,06_MUCOSA,2,03_COMPLEX,1
moe_oeo_N4_k2_L4_lr0.002_s27,moe_oeo,4,2,27,train,5,06_MUCOSA,3,04_LYMPHO,26
moe_oeo_N4_k2_L4_lr0.002_s27,moe_oeo,4,2,27,train,5,06_MUCOSA,4,05_DEBRIS,13
moe_oeo_N4_k2_L4_lr0.002_s27,moe_oeo,4,2,27,train,5,06_MUCOSA,5,06_MUCOSA,375
moe_oeo_N4_k2_L4_lr0.002_s27,moe_oeo,4,2,27,train,5,06_MUCOSA,6,07_ADIPOSE,1
moe_oeo_N4_k2_L4_lr0.002_s27,moe_oeo,4,2,27,train,5,06_MUCOSA,7,08_EMPTY,0
moe_oeo_N4_k2_L4_lr0.002_s27,moe_oeo,4,2,27,train,6,07_ADIPOSE,0,01_TUMOR,0
moe_oeo_N4_k2_L4_lr0.002_s27,moe_oeo,4,2,27,train,6,07_ADIPOSE,1,02_STROMA,0
moe_oeo_N4_k2_L4_lr0.002_s27,moe_oeo,4,2,27,train,6,07_ADIPOSE,2,03_COMPLEX,0
moe_oeo_N4_k2_L4_lr0.002_s27,moe_oeo,4,2,27,train,6,07_ADIPOSE,3,04_LYMPHO,0
moe_oeo_N4_k2_L4_lr0.002_s27,moe_oeo,4,2,27,train,6,07_ADIPOSE,4,05_DEBRIS,1
moe_oeo_N4_k2_L4_lr0.002_s27,moe_oeo,4,2,27,train,6,07_ADIPOSE,5,06_MUCOSA,0
moe_oeo_N4_k2_L4_lr0.002_s27,moe_oeo,4,2,27,train,6,07_ADIPOSE,6,07_ADIPOSE,425
moe_oeo_N4_k2_L4_lr0.002_s27,moe_oeo,4,2,27,train,6,07_ADIPOSE,7,08_EMPTY,11
moe_oeo_N4_k2_L4_lr0.002_s27,moe_oeo,4,2,27,train,7,08_EMPTY,0,01_TUMOR,0
moe_oeo_N4_k2_L4_lr0.002_s27,moe_oeo,4,2,27,train,7,08_EMPTY,1,02_STROMA,0
moe_oeo_N4_k2_L4_lr0.002_s27,moe_oeo,4,2,27,train,7,08_EMPTY,2,03_COMPLEX,0
moe_oeo_N4_k2_L4_lr0.002_s27,moe_oeo,4,2,27,train,7,08_EMPTY,3,04_LYMPHO,0
moe_oeo_N4_k2_L4_lr0.002_s27,moe_oeo,4,2,27,train,7,08_EMPTY,4,05_DEBRIS,0
moe_oeo_N4_k2_L4_lr0.002_s27,moe_oeo,4,2,27,train,7,08_EMPTY,5,06_MUCOSA,1
moe_oeo_N4_k2_L4_lr0.002_s27,moe_oeo,4,2,27,train,7,08_EMPTY,6,07_ADIPOSE,11
moe_oeo_N4_k2_L4_lr0.002_s27,moe_oeo,4,2,27,train,7,08_EMPTY,7,08_EMPTY,425
moe_oeo_N4_k2_L4_lr0.002_s27,moe_oeo,4,2,27,val,0,01_TUMOR,0,01_TUMOR,39
moe_oeo_N4_k2_L4_lr0.002_s27,moe_oeo,4,2,27,val,0,01_TUMOR,1,02_STROMA,1
moe_oeo_N4_k2_L4_lr0.002_s27,moe_oeo,4,2,27,val,0,01_TUMOR,2,03_COMPLEX,14
moe_oeo_N4_k2_L4_lr0.002_s27,moe_oeo,4,2,27,val,0,01_TUMOR,3,04_LYMPHO,19
moe_oeo_N4_k2_L4_lr0.002_s27,moe_oeo,4,2,27,val,0,01_TUMOR,4,05_DEBRIS,0
moe_oeo_N4_k2_L4_lr0.002_s27,moe_oeo,4,2,27,val,0,01_TUMOR,5,06_MUCOSA,21
moe_oeo_N4_k2_L4_lr0.002_s27,moe_oeo,4,2,27,val,0,01_TUMOR,6,07_ADIPOSE,0
moe_oeo_N4_k2_L4_lr0.002_s27,moe_oeo,4,2,27,val,0,01_TUMOR,7,08_EMPTY,0
moe_oeo_N4_k2_L4_lr0.002_s27,moe_oeo,4,2,27,val,1,02_STROMA,0,01_TUMOR,1
moe_oeo_N4_k2_L4_lr0.002_s27,moe_oeo,4,2,27,val,1,02_STROMA,1,02_STROMA,59
moe_oeo_N4_k2_L4_lr0.002_s27,moe_oeo,4,2,27,val,1,02_STROMA,2,03_COMPLEX,6
moe_oeo_N4_k2_L4_lr0.002_s27,moe_oeo,4,2,27,val,1,02_STROMA,3,04_LYMPHO,0
moe_oeo_N4_k2_L4_lr0.002_s27,moe_oeo,4,2,27,val,1,02_STROMA,4,05_DEBRIS,28
moe_oeo_N4_k2_L4_lr0.002_s27,moe_oeo,4,2,27,val,1,02_STROMA,5,06_MUCOSA,0
moe_oeo_N4_k2_L4_lr0.002_s27,moe_oeo,4,2,27,val,1,02_STROMA,6,07_ADIPOSE,0
moe_oeo_N4_k2_L4_lr0.002_s27,moe_oeo,4,2,27,val,1,02_STROMA,7,08_EMPTY,0
moe_oeo_N4_k2_L4_lr0.002_s27,moe_oeo,4,2,27,val,2,03_COMPLEX,0,01_TUMOR,1
moe_oeo_N4_k2_L4_lr0.002_s27,moe_oeo,4,2,27,val,2,03_COMPLEX,1,02_STROMA,22
moe_oeo_N4_k2_L4_lr0.002_s27,moe_oeo,4,2,27,val,2,03_COMPLEX,2,03_COMPLEX,60
moe_oeo_N4_k2_L4_lr0.002_s27,moe_oeo,4,2,27,val,2,03_COMPLEX,3,04_LYMPHO,3
moe_oeo_N4_k2_L4_lr0.002_s27,moe_oeo,4,2,27,val,2,03_COMPLEX,4,05_DEBRIS,7
moe_oeo_N4_k2_L4_lr0.002_s27,moe_oeo,4,2,27,val,2,03_COMPLEX,5,06_MUCOSA,1
moe_oeo_N4_k2_L4_lr0.002_s27,moe_oeo,4,2,27,val,2,03_COMPLEX,6,07_ADIPOSE,0
moe_oeo_N4_k2_L4_lr0.002_s27,moe_oeo,4,2,27,val,2,03_COMPLEX,7,08_EMPTY,0
moe_oeo_N4_k2_L4_lr0.002_s27,moe_oeo,4,2,27,val,3,04_LYMPHO,0,01_TUMOR,10
moe_oeo_N4_k2_L4_lr0.002_s27,moe_oeo,4,2,27,val,3,04_LYMPHO,1,02_STROMA,0
moe_oeo_N4_k2_L4_lr0.002_s27,moe_oeo,4,2,27,val,3,04_LYMPHO,2,03_COMPLEX,6
moe_oeo_N4_k2_L4_lr0.002_s27,moe_oeo,4,2,27,val,3,04_LYMPHO,3,04_LYMPHO,69
moe_oeo_N4_k2_L4_lr0.002_s27,moe_oeo,4,2,27,val,3,04_LYMPHO,4,05_DEBRIS,1
moe_oeo_N4_k2_L4_lr0.002_s27,moe_oeo,4,2,27,val,3,04_LYMPHO,5,06_MUCOSA,8
moe_oeo_N4_k2_L4_lr0.002_s27,moe_oeo,4,2,27,val,3,04_LYMPHO,6,07_ADIPOSE,0
moe_oeo_N4_k2_L4_lr0.002_s27,moe_oeo,4,2,27,val,3,04_LYMPHO,7,08_EMPTY,0
moe_oeo_N4_k2_L4_lr0.002_s27,moe_oeo,4,2,27,val,4,05_DEBRIS,0,01_TUMOR,0
moe_oeo_N4_k2_L4_lr0.002_s27,moe_oeo,4,2,27,val,4,05_DEBRIS,1,02_STROMA,18
moe_oeo_N4_k2_L4_lr0.002_s27,moe_oeo,4,2,27,val,4,05_DEBRIS,2,03_COMPLEX,6
moe_oeo_N4_k2_L4_lr0.002_s27,moe_oeo,4,2,27,val,4,05_DEBRIS,3,04_LYMPHO,0
moe_oeo_N4_k2_L4_lr0.002_s27,moe_oeo,4,2,27,val,4,05_DEBRIS,4,05_DEBRIS,51
moe_oeo_N4_k2_L4_lr0.002_s27,moe_oeo,4,2,27,val,4,05_DEBRIS,5,06_MUCOSA,10
moe_oeo_N4_k2_L4_lr0.002_s27,moe_oeo,4,2,27,val,4,05_DEBRIS,6,07_ADIPOSE,9
moe_oeo_N4_k2_L4_lr0.002_s27,moe_oeo,4,2,27,val,4,05_DEBRIS,7,08_EMPTY,0
moe_oeo_N4_k2_L4_lr0.002_s27,moe_oeo,4,2,27,val,5,06_MUCOSA,0,01_TUMOR,2
moe_oeo_N4_k2_L4_lr0.002_s27,moe_oeo,4,2,27,val,5,06_MUCOSA,1,02_STROMA,0
moe_oeo_N4_k2_L4_lr0.002_s27,moe_oeo,4,2,27,val,5,06_MUCOSA,2,03_COMPLEX,0
moe_oeo_N4_k2_L4_lr0.002_s27,moe_oeo,4,2,27,val,5,06_MUCOSA,3,04_LYMPHO,7
moe_oeo_N4_k2_L4_lr0.002_s27,moe_oeo,4,2,27,val,5,06_MUCOSA,4,05_DEBRIS,4
moe_oeo_N4_k2_L4_lr0.002_s27,moe_oeo,4,2,27,val,5,06_MUCOSA,5,06_MUCOSA,81
moe_oeo_N4_k2_L4_lr0.002_s27,moe_oeo,4,2,27,val,5,06_MUCOSA,6,07_ADIPOSE,0
moe_oeo_N4_k2_L4_lr0.002_s27,moe_oeo,4,2,27,val,5,06_MUCOSA,7,08_EMPTY,0
moe_oeo_N4_k2_L4_lr0.002_s27,moe_oeo,4,2,27,val,6,07_ADIPOSE,0,01_TUMOR,0
moe_oeo_N4_k2_L4_lr0.002_s27,moe_oeo,4,2,27,val,6,07_ADIPOSE,1,02_STROMA,0
moe_oeo_N4_k2_L4_lr0.002_s27,moe_oeo,4,2,27,val,6,07_ADIPOSE,2,03_COMPLEX,0
moe_oeo_N4_k2_L4_lr0.002_s27,moe_oeo,4,2,27,val,6,07_ADIPOSE,3,04_LYMPHO,0
moe_oeo_N4_k2_L4_lr0.002_s27,moe_oeo,4,2,27,val,6,07_ADIPOSE,4,05_DEBRIS,1
moe_oeo_N4_k2_L4_lr0.002_s27,moe_oeo,4,2,27,val,6,07_ADIPOSE,5,06_MUCOSA,0
moe_oeo_N4_k2_L4_lr0.002_s27,moe_oeo,4,2,27,val,6,07_ADIPOSE,6,07_ADIPOSE,88
moe_oeo_N4_k2_L4_lr0.002_s27,moe_oeo,4,2,27,val,6,07_ADIPOSE,7,08_EMPTY,5
moe_oeo_N4_k2_L4_lr0.002_s27,moe_oeo,4,2,27,val,7,08_EMPTY,0,01_TUMOR,0
moe_oeo_N4_k2_L4_lr0.002_s27,moe_oeo,4,2,27,val,7,08_EMPTY,1,02_STROMA,0
moe_oeo_N4_k2_L4_lr0.002_s27,moe_oeo,4,2,27,val,7,08_EMPTY,2,03_COMPLEX,0
moe_oeo_N4_k2_L4_lr0.002_s27,moe_oeo,4,2,27,val,7,08_EMPTY,3,04_LYMPHO,0
moe_oeo_N4_k2_L4_lr0.002_s27,moe_oeo,4,2,27,val,7,08_EMPTY,4,05_DEBRIS,0
moe_oeo_N4_k2_L4_lr0.002_s27,moe_oeo,4,2,27,val,7,08_EMPTY,5,06_MUCOSA,0
moe_oeo_N4_k2_L4_lr0.002_s27,moe_oeo,4,2,27,val,7,08_EMPTY,6,07_ADIPOSE,2
moe_oeo_N4_k2_L4_lr0.002_s27,moe_oeo,4,2,27,val,7,08_EMPTY,7,08_EMPTY,92
moe_oeo_N4_k3_L4_lr0.002_s27,moe_oeo,4,3,27,train,0,01_TUMOR,0,01_TUMOR,256
moe_oeo_N4_k3_L4_lr0.002_s27,moe_oeo,4,3,27,train,0,01_TUMOR,1,02_STROMA,3
moe_oeo_N4_k3_L4_lr0.002_s27,moe_oeo,4,3,27,train,0,01_TUMOR,2,03_COMPLEX,23
moe_oeo_N4_k3_L4_lr0.002_s27,moe_oeo,4,3,27,train,0,01_TUMOR,3,04_LYMPHO,117
moe_oeo_N4_k3_L4_lr0.002_s27,moe_oeo,4,3,27,train,0,01_TUMOR,4,05_DEBRIS,1
moe_oeo_N4_k3_L4_lr0.002_s27,moe_oeo,4,3,27,train,0,01_TUMOR,5,06_MUCOSA,37
moe_oeo_N4_k3_L4_lr0.002_s27,moe_oeo,4,3,27,train,0,01_TUMOR,6,07_ADIPOSE,0
moe_oeo_N4_k3_L4_lr0.002_s27,moe_oeo,4,3,27,train,0,01_TUMOR,7,08_EMPTY,0
moe_oeo_N4_k3_L4_lr0.002_s27,moe_oeo,4,3,27,train,1,02_STROMA,0,01_TUMOR,5
moe_oeo_N4_k3_L4_lr0.002_s27,moe_oeo,4,3,27,train,1,02_STROMA,1,02_STROMA,280
moe_oeo_N4_k3_L4_lr0.002_s27,moe_oeo,4,3,27,train,1,02_STROMA,2,03_COMPLEX,30
moe_oeo_N4_k3_L4_lr0.002_s27,moe_oeo,4,3,27,train,1,02_STROMA,3,04_LYMPHO,0
moe_oeo_N4_k3_L4_lr0.002_s27,moe_oeo,4,3,27,train,1,02_STROMA,4,05_DEBRIS,115
moe_oeo_N4_k3_L4_lr0.002_s27,moe_oeo,4,3,27,train,1,02_STROMA,5,06_MUCOSA,6
moe_oeo_N4_k3_L4_lr0.002_s27,moe_oeo,4,3,27,train,1,02_STROMA,6,07_ADIPOSE,1
moe_oeo_N4_k3_L4_lr0.002_s27,moe_oeo,4,3,27,train,1,02_STROMA,7,08_EMPTY,0
moe_oeo_N4_k3_L4_lr0.002_s27,moe_oeo,4,3,27,train,2,03_COMPLEX,0,01_TUMOR,20
moe_oeo_N4_k3_L4_lr0.002_s27,moe_oeo,4,3,27,train,2,03_COMPLEX,1,02_STROMA,48
moe_oeo_N4_k3_L4_lr0.002_s27,moe_oeo,4,3,27,train,2,03_COMPLEX,2,03_COMPLEX,304
moe_oeo_N4_k3_L4_lr0.002_s27,moe_oeo,4,3,27,train,2,03_COMPLEX,3,04_LYMPHO,34
moe_oeo_N4_k3_L4_lr0.002_s27,moe_oeo,4,3,27,train,2,03_COMPLEX,4,05_DEBRIS,14
moe_oeo_N4_k3_L4_lr0.002_s27,moe_oeo,4,3,27,train,2,03_COMPLEX,5,06_MUCOSA,17
moe_oeo_N4_k3_L4_lr0.002_s27,moe_oeo,4,3,27,train,2,03_COMPLEX,6,07_ADIPOSE,0
moe_oeo_N4_k3_L4_lr0.002_s27,moe_oeo,4,3,27,train,2,03_COMPLEX,7,08_EMPTY,0
moe_oeo_N4_k3_L4_lr0.002_s27,moe_oeo,4,3,27,train,3,04_LYMPHO,0,01_TUMOR,50
moe_oeo_N4_k3_L4_lr0.002_s27,moe_oeo,4,3,27,train,3,04_LYMPHO,1,02_STROMA,0
moe_oeo_N4_k3_L4_lr0.002_s27,moe_oeo,4,3,27,train,3,04_LYMPHO,2,03_COMPLEX,21
moe_oeo_N4_k3_L4_lr0.002_s27,moe_oeo,4,3,27,train,3,04_LYMPHO,3,04_LYMPHO,344
moe_oeo_N4_k3_L4_lr0.002_s27,moe_oeo,4,3,27,train,3,04_LYMPHO,4,05_DEBRIS,0
moe_oeo_N4_k3_L4_lr0.002_s27,moe_oeo,4,3,27,train,3,04_LYMPHO,5,06_MUCOSA,22
moe_oeo_N4_k3_L4_lr0.002_s27,moe_oeo,4,3,27,train,3,04_LYMPHO,6,07_ADIPOSE,0
moe_oeo_N4_k3_L4_lr0.002_s27,moe_oeo,4,3,27,train,3,04_LYMPHO,7,08_EMPTY,0
moe_oeo_N4_k3_L4_lr0.002_s27,moe_oeo,4,3,27,train,4,05_DEBRIS,0,01_TUMOR,4
moe_oeo_N4_k3_L4_lr0.002_s27,moe_oeo,4,3,27,train,4,05_DEBRIS,1,02_STROMA,90
moe_oeo_N4_k3_L4_lr0.002_s27,moe_oeo,4,3,27,train,4,05_DEBRIS,2,03_COMPLEX,14
moe_oeo_N4_k3_L4_lr0.002_s27,moe_oeo,4,3,27,train,4,05_DEBRIS,3,04_LYMPHO,0
moe_oeo_N4_k3_L4_lr0.002_s27,moe_oeo,4,3,27,train,4,05_DEBRIS,4,05_DEBRIS,284
moe_oeo_N4_k3_L4_lr0.002_s27,moe_oeo,4,3,27,train,4,05_DEBRIS,5,06_MUCOSA,31
moe_oeo_N4_k3_L4_lr0.002_s27,moe_oeo,4,3,27,train,4,05_DEBRIS,6,07_ADIPOSE,14
moe_oeo_N4_k3_L4_lr0.002_s27,moe_oeo,4,3,27,train,4,05_DEBRIS,7,08_EMPTY,0
moe_oeo_N4_k3_L4_lr0.002_s27,moe_oeo,4,3,27,train,5,06_MUCOSA,0,01_TUMOR,38
moe_oeo_N4_k3_L4_lr0.002_s27,moe_oeo,4,3,27,train,5,06_MUCOSA,1,02_STROMA,2
moe_oeo_N4_k3_L4_lr0.002_s27,moe_oeo,4,3,27,train,5,06_MUCOSA,2,03_COMPLEX,3
moe_oeo_N4_k3_L4_lr0.002_s27,moe_oeo,4,3,27,train,5,06_MUCOSA,3,04_LYMPHO,26
moe_oeo_N4_k3_L4_lr0.002_s27,moe_oeo,4,3,27,train,5,06_MUCOSA,4,05_DEBRIS,9
moe_oeo_N4_k3_L4_lr0.002_s27,moe_oeo,4,3,27,train,5,06_MUCOSA,5,06_MUCOSA,358
moe_oeo_N4_k3_L4_lr0.002_s27,moe_oeo,4,3,27,train,5,06_MUCOSA,6,07_ADIPOSE,1
moe_oeo_N4_k3_L4_lr0.002_s27,moe_oeo,4,3,27,train,5,06_MUCOSA,7,08_EMPTY,0
moe_oeo_N4_k3_L4_lr0.002_s27,moe_oeo,4,3,27,train,6,07_ADIPOSE,0,01_TUMOR,0
moe_oeo_N4_k3_L4_lr0.002_s27,moe_oeo,4,3,27,train,6,07_ADIPOSE,1,02_STROMA,0
moe_oeo_N4_k3_L4_lr0.002_s27,moe_oeo,4,3,27,train,6,07_ADIPOSE,2,03_COMPLEX,0
moe_oeo_N4_k3_L4_lr0.002_s27,moe_oeo,4,3,27,train,6,07_ADIPOSE,3,04_LYMPHO,0
moe_oeo_N4_k3_L4_lr0.002_s27,moe_oeo,4,3,27,train,6,07_ADIPOSE,4,05_DEBRIS,2
moe_oeo_N4_k3_L4_lr0.002_s27,moe_oeo,4,3,27,train,6,07_ADIPOSE,5,06_MUCOSA,0
moe_oeo_N4_k3_L4_lr0.002_s27,moe_oeo,4,3,27,train,6,07_ADIPOSE,6,07_ADIPOSE,425
moe_oeo_N4_k3_L4_lr0.002_s27,moe_oeo,4,3,27,train,6,07_ADIPOSE,7,08_EMPTY,10
moe_oeo_N4_k3_L4_lr0.002_s27,moe_oeo,4,3,27,train,7,08_EMPTY,0,01_TUMOR,0
moe_oeo_N4_k3_L4_lr0.002_s27,moe_oeo,4,3,27,train,7,08_EMPTY,1,02_STROMA,0
moe_oeo_N4_k3_L4_lr0.002_s27,moe_oeo,4,3,27,train,7,08_EMPTY,2,03_COMPLEX,0
moe_oeo_N4_k3_L4_lr0.002_s27,moe_oeo,4,3,27,train,7,08_EMPTY,3,04_LYMPHO,0
moe_oeo_N4_k3_L4_lr0.002_s27,moe_oeo,4,3,27,train,7,08_EMPTY,4,05_DEBRIS,0
moe_oeo_N4_k3_L4_lr0.002_s27,moe_oeo,4,3,27,train,7,08_EMPTY,5,06_MUCOSA,1
moe_oeo_N4_k3_L4_lr0.002_s27,moe_oeo,4,3,27,train,7,08_EMPTY,6,07_ADIPOSE,12
moe_oeo_N4_k3_L4_lr0.002_s27,moe_oeo,4,3,27,train,7,08_EMPTY,7,08_EMPTY,424
moe_oeo_N4_k3_L4_lr0.002_s27,moe_oeo,4,3,27,val,0,01_TUMOR,0,01_TUMOR,45
moe_oeo_N4_k3_L4_lr0.002_s27,moe_oeo,4,3,27,val,0,01_TUMOR,1,02_STROMA,0
moe_oeo_N4_k3_L4_lr0.002_s27,moe_oeo,4,3,27,val,0,01_TUMOR,2,03_COMPLEX,7
moe_oeo_N4_k3_L4_lr0.002_s27,moe_oeo,4,3,27,val,0,01_TUMOR,3,04_LYMPHO,34
moe_oeo_N4_k3_L4_lr0.002_s27,moe_oeo,4,3,27,val,0,01_TUMOR,4,05_DEBRIS,0
moe_oeo_N4_k3_L4_lr0.002_s27,moe_oeo,4,3,27,val,0,01_TUMOR,5,06_MUCOSA,8
moe_oeo_N4_k3_L4_lr0.002_s27,moe_oeo,4,3,27,val,0,01_TUMOR,6,07_ADIPOSE,0
moe_oeo_N4_k3_L4_lr0.002_s27,moe_oeo,4,3,27,val,0,01_TUMOR,7,08_EMPTY,0
moe_oeo_N4_k3_L4_lr0.002_s27,moe_oeo,4,3,27,val,1,02_STROMA,0,01_TUMOR,1
moe_oeo_N4_k3_L4_lr0.002_s27,moe_oeo,4,3,27,val,1,02_STROMA,1,02_STROMA,59
moe_oeo_N4_k3_L4_lr0.002_s27,moe_oeo,4,3,27,val,1,02_STROMA,2,03_COMPLEX,8
moe_oeo_N4_k3_L4_lr0.002_s27,moe_oeo,4,3,27,val,1,02_STROMA,3,04_LYMPHO,0
moe_oeo_N4_k3_L4_lr0.002_s27,moe_oeo,4,3,27,val,1,02_STROMA,4,05_DEBRIS,26
moe_oeo_N4_k3_L4_lr0.002_s27,moe_oeo,4,3,27,val,1,02_STROMA,5,06_MUCOSA,0
moe_oeo_N4_k3_L4_lr0.002_s27,moe_oeo,4,3,27,val,1,02_STROMA,6,07_ADIPOSE,0
moe_oeo_N4_k3_L4_lr0.002_s27,moe_oeo,4,3,27,val,1,02_STROMA,7,08_EMPTY,0
moe_oeo_N4_k3_L4_lr0.002_s27,moe_oeo,4,3,27,val,2,03_COMPLEX,0,01_TUMOR,4
moe_oeo_N4_k3_L4_lr0.002_s27,moe_oeo,4,3,27,val,2,03_COMPLEX,1,02_STROMA,20
moe_oeo_N4_k3_L4_lr0.002_s27,moe_oeo,4,3,27,val,2,03_COMPLEX,2,03_COMPLEX,58
moe_oeo_N4_k3_L4_lr0.002_s27,moe_oeo,4,3,27,val,2,03_COMPLEX,3,04_LYMPHO,5
moe_oeo_N4_k3_L4_lr0.002_s27,moe_oeo,4,3,27,val,2,03_COMPLEX,4,05_DEBRIS,4
moe_oeo_N4_k3_L4_lr0.002_s27,moe_oeo,4,3,27,val,2,03_COMPLEX,5,06_MUCOSA,3
moe_oeo_N4_k3_L4_lr0.002_s27,moe_oeo,4,3,27,val,2,03_COMPLEX,6,07_ADIPOSE,0
moe_oeo_N4_k3_L4_lr0.002_s27,moe_oeo,4,3,27,val,2,03_COMPLEX,7,08_EMPTY,0
moe_oeo_N4_k3_L4_lr0.002_s27,moe_oeo,4,3,27,val,3,04_LYMPHO,0,01_TUMOR,9
moe_oeo_N4_k3_L4_lr0.002_s27,moe_oeo,4,3,27,val,3,04_LYMPHO,1,02_STROMA,0
moe_oeo_N4_k3_L4_lr0.002_s27,moe_oeo,4,3,27,val,3,04_LYMPHO,2,03_COMPLEX,5
moe_oeo_N4_k3_L4_lr0.002_s27,moe_oeo,4,3,27,val,3,04_LYMPHO,3,04_LYMPHO,75
moe_oeo_N4_k3_L4_lr0.002_s27,moe_oeo,4,3,27,val,3,04_LYMPHO,4,05_DEBRIS,0
moe_oeo_N4_k3_L4_lr0.002_s27,moe_oeo,4,3,27,val,3,04_LYMPHO,5,06_MUCOSA,5
moe_oeo_N4_k3_L4_lr0.002_s27,moe_oeo,4,3,27,val,3,04_LYMPHO,6,07_ADIPOSE,0
moe_oeo_N4_k3_L4_lr0.002_s27,moe_oeo,4,3,27,val,3,04_LYMPHO,7,08_EMPTY,0
moe_oeo_N4_k3_L4_lr0.002_s27,moe_oeo,4,3,27,val,4,05_DEBRIS,0,01_TUMOR,1
moe_oeo_N4_k3_L4_lr0.002_s27,moe_oeo,4,3,27,val,4,05_DEBRIS,1,02_STROMA,17
moe_oeo_N4_k3_L4_lr0.002_s27,moe_oeo,4,3,27,val,4,05_DEBRIS,2,03_COMPLEX,6
moe_oeo_N4_k3_L4_lr0.002_s27,moe_oeo,4,3,27,val,4,05_DEBRIS,3,04_LYMPHO,0
moe_oeo_N4_k3_L4_lr0.002_s27,moe_oeo,4,3,27,val,4,05_DEBRIS,4,05_DEBRIS,57
moe_oeo_N4_k3_L4_lr0.002_s27,moe_oeo,4,3,27,val,4,05_DEBRIS,5,06_MUCOSA,6
moe_oeo_N4_k3_L4_lr0.002_s27,moe_oeo,4,3,27,val,4,05_DEBRIS,6,07_ADIPOSE,7
moe_oeo_N4_k3_L4_lr0.002_s27,moe_oeo,4,3,27,val,4,05_DEBRIS,7,08_EMPTY,0
moe_oeo_N4_k3_L4_lr0.002_s27,moe_oeo,4,3,27,val,5,06_MUCOSA,0,01_TUMOR,6
moe_oeo_N4_k3_L4_lr0.002_s27,moe_oeo,4,3,27,val,5,06_MUCOSA,1,02_STROMA,0
moe_oeo_N4_k3_L4_lr0.002_s27,moe_oeo,4,3,27,val,5,06_MUCOSA,2,03_COMPLEX,0
moe_oeo_N4_k3_L4_lr0.002_s27,moe_oeo,4,3,27,val,5,06_MUCOSA,3,04_LYMPHO,8
moe_oeo_N4_k3_L4_lr0.002_s27,moe_oeo,4,3,27,val,5,06_MUCOSA,4,05_DEBRIS,3
moe_oeo_N4_k3_L4_lr0.002_s27,moe_oeo,4,3,27,val,5,06_MUCOSA,5,06_MUCOSA,77
moe_oeo_N4_k3_L4_lr0.002_s27,moe_oeo,4,3,27,val,5,06_MUCOSA,6,07_ADIPOSE,0
moe_oeo_N4_k3_L4_lr0.002_s27,moe_oeo,4,3,27,val,5,06_MUCOSA,7,08_EMPTY,0
moe_oeo_N4_k3_L4_lr0.002_s27,moe_oeo,4,3,27,val,6,07_ADIPOSE,0,01_TUMOR,0
moe_oeo_N4_k3_L4_lr0.002_s27,moe_oeo,4,3,27,val,6,07_ADIPOSE,1,02_STROMA,0
moe_oeo_N4_k3_L4_lr0.002_s27,moe_oeo,4,3,27,val,6,07_ADIPOSE,2,03_COMPLEX,0
moe_oeo_N4_k3_L4_lr0.002_s27,moe_oeo,4,3,27,val,6,07_ADIPOSE,3,04_LYMPHO,0
moe_oeo_N4_k3_L4_lr0.002_s27,moe_oeo,4,3,27,val,6,07_ADIPOSE,4,05_DEBRIS,2
moe_oeo_N4_k3_L4_lr0.002_s27,moe_oeo,4,3,27,val,6,07_ADIPOSE,5,06_MUCOSA,0
moe_oeo_N4_k3_L4_lr0.002_s27,moe_oeo,4,3,27,val,6,07_ADIPOSE,6,07_ADIPOSE,87
moe_oeo_N4_k3_L4_lr0.002_s27,moe_oeo,4,3,27,val,6,07_ADIPOSE,7,08_EMPTY,5
moe_oeo_N4_k3_L4_lr0.002_s27,moe_oeo,4,3,27,val,7,08_EMPTY,0,01_TUMOR,0
moe_oeo_N4_k3_L4_lr0.002_s27,moe_oeo,4,3,27,val,7,08_EMPTY,1,02_STROMA,0
moe_oeo_N4_k3_L4_lr0.002_s27,moe_oeo,4,3,27,val,7,08_EMPTY,2,03_COMPLEX,0
moe_oeo_N4_k3_L4_lr0.002_s27,moe_oeo,4,3,27,val,7,08_EMPTY,3,04_LYMPHO,0
moe_oeo_N4_k3_L4_lr0.002_s27,moe_oeo,4,3,27,val,7,08_EMPTY,4,05_DEBRIS,0
moe_oeo_N4_k3_L4_lr0.002_s27,moe_oeo,4,3,27,val,7,08_EMPTY,5,06_MUCOSA,0
moe_oeo_N4_k3_L4_lr0.002_s27,moe_oeo,4,3,27,val,7,08_EMPTY,6,07_ADIPOSE,2
moe_oeo_N4_k3_L4_lr0.002_s27,moe_oeo,4,3,27,val,7,08_EMPTY,7,08_EMPTY,92
moe_oeo_N4_k4_L4_lr0.002_s27,moe_oeo,4,4,27,train,0,01_TUMOR,0,01_TUMOR,255
moe_oeo_N4_k4_L4_lr0.002_s27,moe_oeo,4,4,27,train,0,01_TUMOR,1,02_STROMA,4
moe_oeo_N4_k4_L4_lr0.002_s27,moe_oeo,4,4,27,train,0,01_TUMOR,2,03_COMPLEX,24
moe_oeo_N4_k4_L4_lr0.002_s27,moe_oeo,4,4,27,train,0,01_TUMOR,3,04_LYMPHO,107
moe_oeo_N4_k4_L4_lr0.002_s27,moe_oeo,4,4,27,train,0,01_TUMOR,4,05_DEBRIS,1
moe_oeo_N4_k4_L4_lr0.002_s27,moe_oeo,4,4,27,train,0,01_TUMOR,5,06_MUCOSA,46
moe_oeo_N4_k4_L4_lr0.002_s27,moe_oeo,4,4,27,train,0,01_TUMOR,6,07_ADIPOSE,0
moe_oeo_N4_k4_L4_lr0.002_s27,moe_oeo,4,4,27,train,0,01_TUMOR,7,08_EMPTY,0
moe_oeo_N4_k4_L4_lr0.002_s27,moe_oeo,4,4,27,train,1,02_STROMA,0,01_TUMOR,4
moe_oeo_N4_k4_L4_lr0.002_s27,moe_oeo,4,4,27,train,1,02_STROMA,1,02_STROMA,308
moe_oeo_N4_k4_L4_lr0.002_s27,moe_oeo,4,4,27,train,1,02_STROMA,2,03_COMPLEX,33
moe_oeo_N4_k4_L4_lr0.002_s27,moe_oeo,4,4,27,train,1,02_STROMA,3,04_LYMPHO,0
moe_oeo_N4_k4_L4_lr0.002_s27,moe_oeo,4,4,27,train,1,02_STROMA,4,05_DEBRIS,77
moe_oeo_N4_k4_L4_lr0.002_s27,moe_oeo,4,4,27,train,1,02_STROMA,5,06_MUCOSA,14
moe_oeo_N4_k4_L4_lr0.002_s27,moe_oeo,4,4,27,train,1,02_STROMA,6,07_ADIPOSE,1
moe_oeo_N4_k4_L4_lr0.002_s27,moe_oeo,4,4,27,train,1,02_STROMA,7,08_EMPTY,0
moe_oeo_N4_k4_L4_lr0.002_s27,moe_oeo,4,4,27,train,2,03_COMPLEX,0,01_TUMOR,20
moe_oeo_N4_k4_L4_lr0.002_s27,moe_oeo,4,4,27,train,2,03_COMPLEX,1,02_STROMA,68
moe_oeo_N4_k4_L4_lr0.002_s27,moe_oeo,4,4,27,train,2,03_COMPLEX,2,03_COMPLEX,287
moe_oeo_N4_k4_L4_lr0.002_s27,moe_oeo,4,4,27,train,2,03_COMPLEX,3,04_LYMPHO,30
moe_oeo_N4_k4_L4_lr0.002_s27,moe_oeo,4,4,27,train,2,03_COMPLEX,4,05_DEBRIS,9
moe_oeo_N4_k4_L4_lr0.002_s27,moe_oeo,4,4,27,train,2,03_COMPLEX,5,06_MUCOSA,23
moe_oeo_N4_k4_L4_lr0.002_s27,moe_oeo,4,4,27,train,2,03_COMPLEX,6,07_ADIPOSE,0
moe_oeo_N4_k4_L4_lr0.002_s27,moe_oeo,4,4,27,train,2,03_COMPLEX,7,08_EMPTY,0
moe_oeo_N4_k4_L4_lr0.002_s27,moe_oeo,4,4,27,train,3,04_LYMPHO,0,01_TUMOR,61
moe_oeo_N4_k4_L4_lr0.002_s27,moe_oeo,4,4,27,train,3,04_LYMPHO,1,02_STROMA,0
moe_oeo_N4_k4_L4_lr0.002_s27,moe_oeo,4,4,27,train,3,04_LYMPHO,2,03_COMPLEX,18
moe_oeo_N4_k4_L4_lr0.002_s27,moe_oeo,4,4,27,train,3,04_LYMPHO,3,04_LYMPHO,343
moe_oeo_N4_k4_L4_lr0.002_s27,moe_oeo,4,4,27,train,3,04_LYMPHO,4,05_DEBRIS,1
moe_oeo_N4_k4_L4_lr0.002_s27,moe_oeo,4,4,27,train,3,04_LYMPHO,5,06_MUCOSA,14
moe_oeo_N4_k4_L4_lr0.002_s27,moe_oeo,4,4,27,train,3,04_LYMPHO,6,07_ADIPOSE,0
moe_oeo_N4_k4_L4_lr0.002_s27,moe_oeo,4,4,27,train,3,04_LYMPHO,7,08_EMPTY,0
moe_oeo_N4_k4_L4_lr0.002_s27,moe_oeo,4,4,27,train,4,05_DEBRIS,0,01_TUMOR,2
moe_oeo_N4_k4_L4_lr0.002_s27,moe_oeo,4,4,27,train,4,05_DEBRIS,1,02_STROMA,114
moe_oeo_N4_k4_L4_lr0.002_s27,moe_oeo,4,4,27,train,4,05_DEBRIS,2,03_COMPLEX,11
moe_oeo_N4_k4_L4_lr0.002_s27,moe_oeo,4,4,27,train,4,05_DEBRIS,3,04_LYMPHO,0
moe_oeo_N4_k4_L4_lr0.002_s27,moe_oeo,4,4,27,train,4,05_DEBRIS,4,05_DEBRIS,255
moe_oeo_N4_k4_L4_lr0.002_s27,moe_oeo,4,4,27,train,4,05_DEBRIS,5,06_MUCOSA,42
moe_oeo_N4_k4_L4_lr0.002_s27,moe_oeo,4,4,27,train,4,05_DEBRIS,6,07_ADIPOSE,13
moe_oeo_N4_k4_L4_lr0.002_s27,moe_oeo,4,4,27,train,4,05_DEBRIS,7,08_EMPTY,0
moe_oeo_N4_k4_L4_lr0.002_s27,moe_oeo,4,4,27,train,5,06_MUCOSA,0,01_TUMOR,40
moe_oeo_N4_k4_L4_lr0.002_s27,moe_oeo,4,4,27,train,5,06_MUCOSA,1,02_STROMA,3
moe_oeo_N4_k4_L4_lr0.002_s27,moe_oeo,4,4,27,train,5,06_MUCOSA,2,03_COMPLEX,4
moe_oeo_N4_k4_L4_lr0.002_s27,moe_oeo,4,4,27,train,5,06_MUCOSA,3,04_LYMPHO,30
moe_oeo_N4_k4_L4_lr0.002_s27,moe_oeo,4,4,27,train,5,06_MUCOSA,4,05_DEBRIS,12
moe_oeo_N4_k4_L4_lr0.002_s27,moe_oeo,4,4,27,train,5,06_MUCOSA,5,06_MUCOSA,347
moe_oeo_N4_k4_L4_lr0.002_s27,moe_oeo,4,4,27,train,5,06_MUCOSA,6,07_ADIPOSE,1
moe_oeo_N4_k4_L4_lr0.002_s27,moe_oeo,4,4,27,train,5,06_MUCOSA,7,08_EMPTY,0
moe_oeo_N4_k4_L4_lr0.002_s27,moe_oeo,4,4,27,train,6,07_ADIPOSE,0,01_TUMOR,0
moe_oeo_N4_k4_L4_lr0.002_s27,moe_oeo,4,4,27,train,6,07_ADIPOSE,1,02_STROMA,0
moe_oeo_N4_k4_L4_lr0.002_s27,moe_oeo,4,4,27,train,6,07_ADIPOSE,2,03_COMPLEX,0
moe_oeo_N4_k4_L4_lr0.002_s27,moe_oeo,4,4,27,train,6,07_ADIPOSE,3,04_LYMPHO,0
moe_oeo_N4_k4_L4_lr0.002_s27,moe_oeo,4,4,27,train,6,07_ADIPOSE,4,05_DEBRIS,2
moe_oeo_N4_k4_L4_lr0.002_s27,moe_oeo,4,4,27,train,6,07_ADIPOSE,5,06_MUCOSA,0
moe_oeo_N4_k4_L4_lr0.002_s27,moe_oeo,4,4,27,train,6,07_ADIPOSE,6,07_ADIPOSE,425
moe_oeo_N4_k4_L4_lr0.002_s27,moe_oeo,4,4,27,train,6,07_ADIPOSE,7,08_EMPTY,10
moe_oeo_N4_k4_L4_lr0.002_s27,moe_oeo,4,4,27,train,7,08_EMPTY,0,01_TUMOR,0
moe_oeo_N4_k4_L4_lr0.002_s27,moe_oeo,4,4,27,train,7,08_EMPTY,1,02_STROMA,0
moe_oeo_N4_k4_L4_lr0.002_s27,moe_oeo,4,4,27,train,7,08_EMPTY,2,03_COMPLEX,0
moe_oeo_N4_k4_L4_lr0.002_s27,moe_oeo,4,4,27,train,7,08_EMPTY,3,04_LYMPHO,0
moe_oeo_N4_k4_L4_lr0.002_s27,moe_oeo,4,4,27,train,7,08_EMPTY,4,05_DEBRIS,0
moe_oeo_N4_k4_L4_lr0.002_s27,moe_oeo,4,4,27,train,7,08_EMPTY,5,06_MUCOSA,1
moe_oeo_N4_k4_L4_lr0.002_s27,moe_oeo,4,4,27,train,7,08_EMPTY,6,07_ADIPOSE,11
moe_oeo_N4_k4_L4_lr0.002_s27,moe_oeo,4,4,27,train,7,08_EMPTY,7,08_EMPTY,425
moe_oeo_N4_k4_L4_lr0.002_s27,moe_oeo,4,4,27,val,0,01_TUMOR,0,01_TUMOR,51
moe_oeo_N4_k4_L4_lr0.002_s27,moe_oeo,4,4,27,val,0,01_TUMOR,1,02_STROMA,0
moe_oeo_N4_k4_L4_lr0.002_s27,moe_oeo,4,4,27,val,0,01_TUMOR,2,03_COMPLEX,3
moe_oeo_N4_k4_L4_lr0.002_s27,moe_oeo,4,4,27,val,0,01_TUMOR,3,04_LYMPHO,29
moe_oeo_N4_k4_L4_lr0.002_s27,moe_oeo,4,4,27,val,0,01_TUMOR,4,05_DEBRIS,1
moe_oeo_N4_k4_L4_lr0.002_s27,moe_oeo,4,4,27,val,0,01_TUMOR,5,06_MUCOSA,10
moe_oeo_N4_k4_L4_lr0.002_s27,moe_oeo,4,4,27,val,0,01_TUMOR,6,07_ADIPOSE,0
moe_oeo_N4_k4_L4_lr0.002_s27,moe_oeo,4,4,27,val,0,01_TUMOR,7,08_EMPTY,0
moe_oeo_N4_k4_L4_lr0.002_s27,moe_oeo,4,4,27,val,1,02_STROMA,0,01_TUMOR,1
moe_oeo_N4_k4_L4_lr0.002_s27,moe_oeo,4,4,27,val,1,02_STROMA,1,02_STROMA,64
moe_oeo_N4_k4_L4_lr0.002_s27,moe_oeo,4,4,27,val,1,02_STROMA,2,03_COMPLEX,5
moe_oeo_N4_k4_L4_lr0.002_s27,moe_oeo,4,4,27,val,1,02_STROMA,3,04_LYMPHO,0
moe_oeo_N4_k4_L4_lr0.002_s27,moe_oeo,4,4,27,val,1,02_STROMA,4,05_DEBRIS,22
moe_oeo_N4_k4_L4_lr0.002_s27,moe_oeo,4,4,27,val,1,02_STROMA,5,06_MUCOSA,2
moe_oeo_N4_k4_L4_lr0.002_s27,moe_oeo,4,4,27,val,1,02_STROMA,6,07_ADIPOSE,0
moe_oeo_N4_k4_L4_lr0.002_s27,moe_oeo,4,4,27,val,1,02_STROMA,7,08_EMPTY,0
moe_oeo_N4_k4_L4_lr0.002_s27,moe_oeo,4,4,27,val,2,03_COMPLEX,0,01_TUMOR,5
moe_oeo_N4_k4_L4_lr0.002_s27,moe_oeo,4,4,27,val,2,03_COMPLEX,1,02_STROMA,22
moe_oeo_N4_k4_L4_lr0.002_s27,moe_oeo,4,4,27,val,2,03_COMPLEX,2,03_COMPLEX,57
moe_oeo_N4_k4_L4_lr0.002_s27,moe_oeo,4,4,27,val,2,03_COMPLEX,3,04_LYMPHO,4
moe_oeo_N4_k4_L4_lr0.002_s27,moe_oeo,4,4,27,val,2,03_COMPLEX,4,05_DEBRIS,4
moe_oeo_N4_k4_L4_lr0.002_s27,moe_oeo,4,4,27,val,2,03_COMPLEX,5,06_MUCOSA,2
moe_oeo_N4_k4_L4_lr0.002_s27,moe_oeo,4,4,27,val,2,03_COMPLEX,6,07_ADIPOSE,0
moe_oeo_N4_k4_L4_lr0.002_s27,moe_oeo,4,4,27,val,2,03_COMPLEX,7,08_EMPTY,0
moe_oeo_N4_k4_L4_lr0.002_s27,moe_oeo,4,4,27,val,3,04_LYMPHO,0,01_TUMOR,14
moe_oeo_N4_k4_L4_lr0.002_s27,moe_oeo,4,4,27,val,3,04_LYMPHO,1,02_STROMA,0
moe_oeo_N4_k4_L4_lr0.002_s27,moe_oeo,4,4,27,val,3,04_LYMPHO,2,03_COMPLEX,5
moe_oeo_N4_k4_L4_lr0.002_s27,moe_oeo,4,4,27,val,3,04_LYMPHO,3,04_LYMPHO,71
moe_oeo_N4_k4_L4_lr0.002_s27,moe_oeo,4,4,27,val,3,04_LYMPHO,4,05_DEBRIS,0
moe_oeo_N4_k4_L4_lr0.002_s27,moe_oeo,4,4,27,val,3,04_LYMPHO,5,06_MUCOSA,4
moe_oeo_N4_k4_L4_lr0.002_s27,moe_oeo,4,4,27,val,3,04_LYMPHO,6,07_ADIPOSE,0
moe_oeo_N4_k4_L4_lr0.002_s27,moe_oeo,4,4,27,val,3,04_LYMPHO,7,08_EMPTY,0
moe_oeo_N4_k4_L4_lr0.002_s27,moe_oeo,4,4,27,val,4,05_DEBRIS,0,01_TUMOR,1
moe_oeo_N4_k4_L4_lr0.002_s27,moe_oeo,4,4,27,val,4,05_DEBRIS,1,02_STROMA,20
moe_oeo_N4_k4_L4_lr0.002_s27,moe_oeo,4,4,27,val,4,05_DEBRIS,2,03_COMPLEX,2
moe_oeo_N4_k4_L4_lr0.002_s27,moe_oeo,4,4,27,val,4,05_DEBRIS,3,04_LYMPHO,1
moe_oeo_N4_k4_L4_lr0.002_s27,moe_oeo,4,4,27,val,4,05_DEBRIS,4,05_DEBRIS,47
moe_oeo_N4_k4_L4_lr0.002_s27,moe_oeo,4,4,27,val,4,05_DEBRIS,5,06_MUCOSA,15
moe_oeo_N4_k4_L4_lr0.002_s27,moe_oeo,4,4,27,val,4,05_DEBRIS,6,07_ADIPOSE,8
moe_oeo_N4_k4_L4_lr0.002_s27,moe_oeo,4,4,27,val,4,05_DEBRIS,7,08_EMPTY,0
moe_oeo_N4_k4_L4_lr0.002_s27,moe_oeo,4,4,27,val,5,06_MUCOSA,0,01_TUMOR,11
moe_oeo_N4_k4_L4_lr0.002_s27,moe_oeo,4,4,27,val,5,06_MUCOSA,1,02_STROMA,0
moe_oeo_N4_k4_L4_lr0.002_s27,moe_oeo,4,4,27,val,5,06_MUCOSA,2,03_COMPLEX,0
moe_oeo_N4_k4_L4_lr0.002_s27,moe_oeo,4,4,27,val,5,06_MUCOSA,3,04_LYMPHO,5
moe_oeo_N4_k4_L4_lr0.002_s27,moe_oeo,4,4,27,val,5,06_MUCOSA,4,05_DEBRIS,5
moe_oeo_N4_k4_L4_lr0.002_s27,moe_oeo,4,4,27,val,5,06_MUCOSA,5,06_MUCOSA,73
moe_oeo_N4_k4_L4_lr0.002_s27,moe_oeo,4,4,27,val,5,06_MUCOSA,6,07_ADIPOSE,0
moe_oeo_N4_k4_L4_lr0.002_s27,moe_oeo,4,4,27,val,5,06_MUCOSA,7,08_EMPTY,0
moe_oeo_N4_k4_L4_lr0.002_s27,moe_oeo,4,4,27,val,6,07_ADIPOSE,0,01_TUMOR,0
moe_oeo_N4_k4_L4_lr0.002_s27,moe_oeo,4,4,27,val,6,07_ADIPOSE,1,02_STROMA,0
moe_oeo_N4_k4_L4_lr0.002_s27,moe_oeo,4,4,27,val,6,07_ADIPOSE,2,03_COMPLEX,0
moe_oeo_N4_k4_L4_lr0.002_s27,moe_oeo,4,4,27,val,6,07_ADIPOSE,3,04_LYMPHO,0
moe_oeo_N4_k4_L4_lr0.002_s27,moe_oeo,4,4,27,val,6,07_ADIPOSE,4,05_DEBRIS,2
moe_oeo_N4_k4_L4_lr0.002_s27,moe_oeo,4,4,27,val,6,07_ADIPOSE,5,06_MUCOSA,0
moe_oeo_N4_k4_L4_lr0.002_s27,moe_oeo,4,4,27,val,6,07_ADIPOSE,6,07_ADIPOSE,87
moe_oeo_N4_k4_L4_lr0.002_s27,moe_oeo,4,4,27,val,6,07_ADIPOSE,7,08_EMPTY,5
moe_oeo_N4_k4_L4_lr0.002_s27,moe_oeo,4,4,27,val,7,08_EMPTY,0,01_TUMOR,0
moe_oeo_N4_k4_L4_lr0.002_s27,moe_oeo,4,4,27,val,7,08_EMPTY,1,02_STROMA,0
moe_oeo_N4_k4_L4_lr0.002_s27,moe_oeo,4,4,27,val,7,08_EMPTY,2,03_COMPLEX,0
moe_oeo_N4_k4_L4_lr0.002_s27,moe_oeo,4,4,27,val,7,08_EMPTY,3,04_LYMPHO,0
moe_oeo_N4_k4_L4_lr0.002_s27,moe_oeo,4,4,27,val,7,08_EMPTY,4,05_DEBRIS,0
moe_oeo_N4_k4_L4_lr0.002_s27,moe_oeo,4,4,27,val,7,08_EMPTY,5,06_MUCOSA,0
moe_oeo_N4_k4_L4_lr0.002_s27,moe_oeo,4,4,27,val,7,08_EMPTY,6,07_ADIPOSE,2
moe_oeo_N4_k4_L4_lr0.002_s27,moe_oeo,4,4,27,val,7,08_EMPTY,7,08_EMPTY,92
moe_oeo_N16_k1_L4_lr0.002_s27,moe_oeo,16,1,27,train,0,01_TUMOR,0,01_TUMOR,275
moe_oeo_N16_k1_L4_lr0.002_s27,moe_oeo,16,1,27,train,0,01_TUMOR,1,02_STROMA,39
moe_oeo_N16_k1_L4_lr0.002_s27,moe_oeo,16,1,27,train,0,01_TUMOR,2,03_COMPLEX,23
moe_oeo_N16_k1_L4_lr0.002_s27,moe_oeo,16,1,27,train,0,01_TUMOR,3,04_LYMPHO,50
moe_oeo_N16_k1_L4_lr0.002_s27,moe_oeo,16,1,27,train,0,01_TUMOR,4,05_DEBRIS,2
moe_oeo_N16_k1_L4_lr0.002_s27,moe_oeo,16,1,27,train,0,01_TUMOR,5,06_MUCOSA,45
moe_oeo_N16_k1_L4_lr0.002_s27,moe_oeo,16,1,27,train,0,01_TUMOR,6,07_ADIPOSE,2
moe_oeo_N16_k1_L4_lr0.002_s27,moe_oeo,16,1,27,train,0,01_TUMOR,7,08_EMPTY,1
moe_oeo_N16_k1_L4_lr0.002_s27,moe_oeo,16,1,27,train,1,02_STROMA,0,01_TUMOR,26
moe_oeo_N16_k1_L4_lr0.002_s27,moe_oeo,16,1,27,train,1,02_STROMA,1,02_STROMA,102
moe_oeo_N16_k1_L4_lr0.002_s27,moe_oeo,16,1,27,train,1,02_STROMA,2,03_COMPLEX,257
moe_oeo_N16_k1_L4_lr0.002_s27,moe_oeo,16,1,27,train,1,02_STROMA,3,04_LYMPHO,7
moe_oeo_N16_k1_L4_lr0.002_s27,moe_oeo,16,1,27,train,1,02_STROMA,4,05_DEBRIS,21
moe_oeo_N16_k1_L4_lr0.002_s27,moe_oeo,16,1,27,train,1,02_STROMA,5,06_MUCOSA,17
moe_oeo_N16_k1_L4_lr0.002_s27,moe_oeo,16,1,27,train,1,02_STROMA,6,07_ADIPOSE,5
moe_oeo_N16_k1_L4_lr0.002_s27,moe_oeo,16,1,27,train,1,02_STROMA,7,08_EMPTY,2
moe_oeo_N16_k1_L4_lr0.002_s27,moe_oeo,16,1,27,train,2,03_COMPLEX,0,01_TUMOR,49
moe_oeo_N16_k1_L4_lr0.002_s27,moe_oeo,16,1,27,train,2,03_COMPLEX,1,02_STROMA,84
moe_oeo_N16_k1_L4_lr0.002_s27,moe_oeo,16,1,27,train,2,03_COMPLEX,2,03_COMPLEX,250
moe_oeo_N16_k1_L4_lr0.002_s27,moe_oeo,16,1,27,train,2,03_COMPLEX,3,04_LYMPHO,19
moe_oeo_N16_k1_L4_lr0.002_s27,moe_oeo,16,1,27,train,2,03_COMPLEX,4,05_DEBRIS,11
moe_oeo_N16_k1_L4_lr0.002_s27,moe_oeo,16,1,27,train,2,03_COMPLEX,5,06_MUCOSA,24
moe_oeo_N16_k1_L4_lr0.002_s27,moe_oeo,16,1,27,train,2,03_COMPLEX,6,07_ADIPOSE,0
moe_oeo_N16_k1_L4_lr0.002_s27,moe_oeo,16,1,27,train,2,03_COMPLEX,7,08_EMPTY,0
moe_oeo_N16_k1_L4_lr0.002_s27,moe_oeo,16,1,27,train,3,04_LYMPHO,0,01_TUMOR,165
moe_oeo_N16_k1_L4_lr0.002_s27,moe_oeo,16,1,27,train,3,04_LYMPHO,1,02_STROMA,29
moe_oeo_N16_k1_L4_lr0.002_s27,moe_oeo,16,1,27,train,3,04_LYMPHO,2,03_COMPLEX,32
moe_oeo_N16_k1_L4_lr0.002_s27,moe_oeo,16,1,27,train,3,04_LYMPHO,3,04_LYMPHO,178
moe_oeo_N16_k1_L4_lr0.002_s27,moe_oeo,16,1,27,train,3,04_LYMPHO,4,05_DEBRIS,2
moe_oeo_N16_k1_L4_lr0.002_s27,moe_oeo,16,1,27,train,3,04_LYMPHO,5,06_MUCOSA,26
moe_oeo_N16_k1_L4_lr0.002_s27,moe_oeo,16,1,27,train,3,04_LYMPHO,6,07_ADIPOSE,5
moe_oeo_N16_k1_L4_lr0.002_s27,moe_oeo,16,1,27,train,3,04_LYMPHO,7,08_EMPTY,0
moe_oeo_N16_k1_L4_lr0.002_s27,moe_oeo,16,1,27,train,4,05_DEBRIS,0,01_TUMOR,23
moe_oeo_N16_k1_L4_lr0.002_s27,moe_oeo,16,1,27,train,4,05_DEBRIS,1,02_STROMA,82
moe_oeo_N16_k1_L4_lr0.002_s27,moe_oeo,16,1,27,train,4,05_DEBRIS,2,03_COMPLEX,142
moe_oeo_N16_k1_L4_lr0.002_s27,moe_oeo,16,1,27,train,4,05_DEBRIS,3,04_LYMPHO,9
moe_oeo_N16_k1_L4_lr0.002_s27,moe_oeo,16,1,27,train,4,05_DEBRIS,4,05_DEBRIS,73
moe_oeo_N16_k1_L4_lr0.002_s27,moe_oeo,16,1,27,train,4,05_DEBRIS,5,06_MUCOSA,61
moe_oeo_N16_k1_L4_lr0.002_s27,moe_oeo,16,1,27,train,4,05_DEBRIS,6,07_ADIPOSE,39
moe_oeo_N16_k1_L4_lr0.002_s27,moe_oeo,16,1,27,train,4,05_DEBRIS,7,08_EMPTY,8
moe_oeo_N16_k1_L4_lr0.002_s27,moe_oeo,16,1,27,train,5,06_MUCOSA,0,01_TUMOR,28
moe_oeo_N16_k1_L4_lr0.002_s27,moe_oeo,16,1,27,train,5,06_MUCOSA,1,02_STROMA,16
moe_oeo_N16_k1_L4_lr0.002_s27,moe_oeo,16,1,27,train,5,06_MUCOSA,2,03_COMPLEX,105
moe_oeo_N16_k1_L4_lr0.002_s27,moe_oeo,16,1,27,train,5,06_MUCOSA,3,04_LYMPHO,31
moe_oeo_N16_k1_L4_lr0.002_s27,moe_oeo,16,1,27,train,5,06_MUCOSA,4,05_DEBRIS,32
moe_oeo_N16_k1_L4_lr0.002_s27,moe_oeo,16,1,27,train,5,06_MUCOSA,5,06_MUCOSA,212
moe_oeo_N16_k1_L4_lr0.002_s27,moe_oeo,16,1,27,train,5,06_MUCOSA,6,07_ADIPOSE,13
moe_oeo_N16_k1_L4_lr0.002_s27,moe_oeo,16,1,27,train,5,06_MUCOSA,7,08_EMPTY,0
moe_oeo_N16_k1_L4_lr0.002_s27,moe_oeo,16,1,27,train,6,07_ADIPOSE,0,01_TUMOR,0
moe_oeo_N16_k1_L4_lr0.002_s27,moe_oeo,16,1,27,train,6,07_ADIPOSE,1,02_STROMA,2
moe_oeo_N16_k1_L4_lr0.002_s27,moe_oeo,16,1,27,train,6,07_ADIPOSE,2,03_COMPLEX,4
moe_oeo_N16_k1_L4_lr0.002_s27,moe_oeo,16,1,27,train,6,07_ADIPOSE,3,04_LYMPHO,0
moe_oeo_N16_k1_L4_lr0.002_s27,moe_oeo,16,1,27,train,6,07_ADIPOSE,4,05_DEBRIS,3
moe_oeo_N16_k1_L4_lr0.002_s27,moe_oeo,16,1,27,train,6,07_ADIPOSE,5,06_MUCOSA,9
moe_oeo_N16_k1_L4_lr0.002_s27,moe_oeo,16,1,27,train,6,07_ADIPOSE,6,07_ADIPOSE,369
moe_oeo_N16_k1_L4_lr0.002_s27,moe_oeo,16,1,27,train,6,07_ADIPOSE,7,08_EMPTY,50
moe_oeo_N16_k1_L4_lr0.002_s27,moe_oeo,16,1,27,train,7,08_EMPTY,0,01_TUMOR,0
moe_oeo_N16_k1_L4_lr0.002_s27,moe_oeo,16,1,27,train,7,08_EMPTY,1,02_STROMA,0
moe_oeo_N16_k1_L4_lr0.002_s27,moe_oeo,16,1,27,train,7,08_EMPTY,2,03_COMPLEX,0
moe_oeo_N16_k1_L4_lr0.002_s27,moe_oeo,16,1,27,train,7,08_EMPTY,3,04_LYMPHO,0
moe_oeo_N16_k1_L4_lr0.002_s27,moe_oeo,16,1,27,train,7,08_EMPTY,4,05_DEBRIS,0
moe_oeo_N16_k1_L4_lr0.002_s27,moe_oeo,16,1,27,train,7,08_EMPTY,5,06_MUCOSA,1
moe_oeo_N16_k1_L4_lr0.002_s27,moe_oeo,16,1,27,train,7,08_EMPTY,6,07_ADIPOSE,7
moe_oeo_N16_k1_L4_lr0.002_s27,moe_oeo,16,1,27,train,7,08_EMPTY,7,08_EMPTY,429
moe_oeo_N16_k1_L4_lr0.002_s27,moe_oeo,16,1,27,val,0,01_TUMOR,0,01_TUMOR,60
moe_oeo_N16_k1_L4_lr0.002_s27,moe_oeo,16,1,27,val,0,01_TUMOR,1,02_STROMA,9
moe_oeo_N16_k1_L4_lr0.002_s27,moe_oeo,16,1,27,val,0,01_TUMOR,2,03_COMPLEX,8
moe_oeo_N16_k1_L4_lr0.002_s27,moe_oeo,16,1,27,val,0,01_TUMOR,3,04_LYMPHO,11
moe_oeo_N16_k1_L4_lr0.002_s27,moe_oeo,16,1,27,val,0,01_TUMOR,4,05_DEBRIS,0
moe_oeo_N16_k1_L4_lr0.002_s27,moe_oeo,16,1,27,val,0,01_TUMOR,5,06_MUCOSA,6
moe_oeo_N16_k1_L4_lr0.002_s27,moe_oeo,16,1,27,val,0,01_TUMOR,6,07_ADIPOSE,0
moe_oeo_N16_k1_L4_lr0.002_s27,moe_oeo,16,1,27,val,0,01_TUMOR,7,08_EMPTY,0
moe_oeo_N16_k1_L4_lr0.002_s27,moe_oeo,16,1,27,val,1,02_STROMA,0,01_TUMOR,6
moe_oeo_N16_k1_L4_lr0.002_s27,moe_oeo,16,1,27,val,1,02_STROMA,1,02_STROMA,27
moe_oeo_N16_k1_L4_lr0.002_s27,moe_oeo,16,1,27,val,1,02_STROMA,2,03_COMPLEX,51
moe_oeo_N16_k1_L4_lr0.002_s27,moe_oeo,16,1,27,val,1,02_STROMA,3,04_LYMPHO,0
moe_oeo_N16_k1_L4_lr0.002_s27,moe_oeo,16,1,27,val,1,02_STROMA,4,05_DEBRIS,3
moe_oeo_N16_k1_L4_lr0.002_s27,moe_oeo,16,1,27,val,1,02_STROMA,5,06_MUCOSA,6
moe_oeo_N16_k1_L4_lr0.002_s27,moe_oeo,16,1,27,val,1,02_STROMA,6,07_ADIPOSE,0
moe_oeo_N16_k1_L4_lr0.002_s27,moe_oeo,16,1,27,val,1,02_STROMA,7,08_EMPTY,1
moe_oeo_N16_k1_L4_lr0.002_s27,moe_oeo,16,1,27,val,2,03_COMPLEX,0,01_TUMOR,11
moe_oeo_N16_k1_L4_lr0.002_s27,moe_oeo,16,1,27,val,2,03_COMPLEX,1,02_STROMA,17
moe_oeo_N16_k1_L4_lr0.002_s27,moe_oeo,16,1,27,val,2,03_COMPLEX,2,03_COMPLEX,53
moe_oeo_N16_k1_L4_lr0.002_s27,moe_oeo,16,1,27,val,2,03_COMPLEX,3,04_LYMPHO,2
moe_oeo_N16_k1_L4_lr0.002_s27,moe_oeo,16,1,27,val,2,03_COMPLEX,4,05_DEBRIS,4
moe_oeo_N16_k1_L4_lr0.002_s27,moe_oeo,16,1,27,val,2,03_COMPLEX,5,06_MUCOSA,7
moe_oeo_N16_k1_L4_lr0.002_s27,moe_oeo,16,1,27,val,2,03_COMPLEX,6,07_ADIPOSE,0
moe_oeo_N16_k1_L4_lr0.002_s27,moe_oeo,16,1,27,val,2,03_COMPLEX,7,08_EMPTY,0
moe_oeo_N16_k1_L4_lr0.002_s27,moe_oeo,16,1,27,val,3,04_LYMPHO,0,01_TUMOR,41
moe_oeo_N16_k1_L4_lr0.002_s27,moe_oeo,16,1,27,val,3,04_LYMPHO,1,02_STROMA,7
moe_oeo_N16_k1_L4_lr0.002_s27,moe_oeo,16,1,27,val,3,04_LYMPHO,2,03_COMPLEX,13
moe_oeo_N16_k1_L4_lr0.002_s27,moe_oeo,16,1,27,val,3,04_LYMPHO,3,04_LYMPHO,25
moe_oeo_N16_k1_L4_lr0.002_s27,moe_oeo,16,1,27,val,3,04_LYMPHO,4,05_DEBRIS,0
moe_oeo_N16_k1_L4_lr0.002_s27,moe_oeo,16,1,27,val,3,04_LYMPHO,5,06_MUCOSA,7
moe_oeo_N16_k1_L4_lr0.002_s27,moe_oeo,16,1,27,val,3,04_LYMPHO,6,07_ADIPOSE,1
moe_oeo_N16_k1_L4_lr0.002_s27,moe_oeo,16,1,27,val,3,04_LYMPHO,7,08_EMPTY,0
moe_oeo_N16_k1_L4_lr0.002_s27,moe_oeo,16,1,27,val,4,05_DEBRIS,0,01_TUMOR,4
moe_oeo_N16_k1_L4_lr0.002_s27,moe_oeo,16,1,27,val,4,05_DEBRIS,1,02_STROMA,16
moe_oeo_N16_k1_L4_lr0.002_s27,moe_oeo,16,1,27,val,4,05_DEBRIS,2,03_COMPLEX,30
moe_oeo_N16_k1_L4_lr0.002_s27,moe_oeo,16,1,27,val,4,05_DEBRIS,3,04_LYMPHO,0
moe_oeo_N16_k1_L4_lr0.002_s27,moe_oeo,16,1,27,val,4,05_DEBRIS,4,05_DEBRIS,15
moe_oeo_N16_k1_L4_lr0.002_s27,moe_oeo,16,1,27,val,4,05_DEBRIS,5,06_MUCOSA,13
moe_oeo_N16_k1_L4_lr0.002_s27,moe_oeo,16,1,27,val,4,05_DEBRIS,6,07_ADIPOSE,12
moe_oeo_N16_k1_L4_lr0.002_s27,moe_oeo,16,1,27,val,4,05_DEBRIS,7,08_EMPTY,4
moe_oeo_N16_k1_L4_lr0.002_s27,moe_oeo,16,1,27,val,5,06_MUCOSA,0,01_TUMOR,9
moe_oeo_N16_k1_L4_lr0.002_s27,moe_oeo,16,1,27,val,5,06_MUCOSA,1,02_STROMA,2
moe_oeo_N16_k1_L4_lr0.002_s27,moe_oeo,16,1,27,val,5,06_MUCOSA,2,03_COMPLEX,19
moe_oeo_N16_k1_L4_lr0.002_s27,moe_oeo,16,1,27,val,5,06_MUCOSA,3,04_LYMPHO,5
moe_oeo_N16_k1_L4_lr0.002_s27,moe_oeo,16,1,27,val,5,06_MUCOSA,4,05_DEBRIS,8
moe_oeo_N16_k1_L4_lr0.002_s27,moe_oeo,16,1,27,val,5,06_MUCOSA,5,06_MUCOSA,48
moe_oeo_N16_k1_L4_lr0.002_s27,moe_oeo,16,1,27,val,5,06_MUCOSA,6,07_ADIPOSE,3
moe_oeo_N16_k1_L4_lr0.002_s27,moe_oeo,16,1,27,val,5,06_MUCOSA,7,08_EMPTY,0
moe_oeo_N16_k1_L4_lr0.002_s27,moe_oeo,16,1,27,val,6,07_ADIPOSE,0,01_TUMOR,0
moe_oeo_N16_k1_L4_lr0.002_s27,moe_oeo,16,1,27,val,6,07_ADIPOSE,1,02_STROMA,0
moe_oeo_N16_k1_L4_lr0.002_s27,moe_oeo,16,1,27,val,6,07_ADIPOSE,2,03_COMPLEX,0
moe_oeo_N16_k1_L4_lr0.002_s27,moe_oeo,16,1,27,val,6,07_ADIPOSE,3,04_LYMPHO,0
moe_oeo_N16_k1_L4_lr0.002_s27,moe_oeo,16,1,27,val,6,07_ADIPOSE,4,05_DEBRIS,1
moe_oeo_N16_k1_L4_lr0.002_s27,moe_oeo,16,1,27,val,6,07_ADIPOSE,5,06_MUCOSA,0
moe_oeo_N16_k1_L4_lr0.002_s27,moe_oeo,16,1,27,val,6,07_ADIPOSE,6,07_ADIPOSE,78
moe_oeo_N16_k1_L4_lr0.002_s27,moe_oeo,16,1,27,val,6,07_ADIPOSE,7,08_EMPTY,15
moe_oeo_N16_k1_L4_lr0.002_s27,moe_oeo,16,1,27,val,7,08_EMPTY,0,01_TUMOR,0
moe_oeo_N16_k1_L4_lr0.002_s27,moe_oeo,16,1,27,val,7,08_EMPTY,1,02_STROMA,0
moe_oeo_N16_k1_L4_lr0.002_s27,moe_oeo,16,1,27,val,7,08_EMPTY,2,03_COMPLEX,0
moe_oeo_N16_k1_L4_lr0.002_s27,moe_oeo,16,1,27,val,7,08_EMPTY,3,04_LYMPHO,0
moe_oeo_N16_k1_L4_lr0.002_s27,moe_oeo,16,1,27,val,7,08_EMPTY,4,05_DEBRIS,0
moe_oeo_N16_k1_L4_lr0.002_s27,moe_oeo,16,1,27,val,7,08_EMPTY,5,06_MUCOSA,0
moe_oeo_N16_k1_L4_lr0.002_s27,moe_oeo,16,1,27,val,7,08_EMPTY,6,07_ADIPOSE,2
moe_oeo_N16_k1_L4_lr0.002_s27,moe_oeo,16,1,27,val,7,08_EMPTY,7,08_EMPTY,92
moe_oeo_N16_k4_L4_lr0.002_s27,moe_oeo,16,4,27,train,0,01_TUMOR,0,01_TUMOR,278
moe_oeo_N16_k4_L4_lr0.002_s27,moe_oeo,16,4,27,train,0,01_TUMOR,1,02_STROMA,4
moe_oeo_N16_k4_L4_lr0.002_s27,moe_oeo,16,4,27,train,0,01_TUMOR,2,03_COMPLEX,21
moe_oeo_N16_k4_L4_lr0.002_s27,moe_oeo,16,4,27,train,0,01_TUMOR,3,04_LYMPHO,87
moe_oeo_N16_k4_L4_lr0.002_s27,moe_oeo,16,4,27,train,0,01_TUMOR,4,05_DEBRIS,1
moe_oeo_N16_k4_L4_lr0.002_s27,moe_oeo,16,4,27,train,0,01_TUMOR,5,06_MUCOSA,44
moe_oeo_N16_k4_L4_lr0.002_s27,moe_oeo,16,4,27,train,0,01_TUMOR,6,07_ADIPOSE,2
moe_oeo_N16_k4_L4_lr0.002_s27,moe_oeo,16,4,27,train,0,01_TUMOR,7,08_EMPTY,0
moe_oeo_N16_k4_L4_lr0.002_s27,moe_oeo,16,4,27,train,1,02_STROMA,0,01_TUMOR,3
moe_oeo_N16_k4_L4_lr0.002_s27,moe_oeo,16,4,27,train,1,02_STROMA,1,02_STROMA,260
moe_oeo_N16_k4_L4_lr0.002_s27,moe_oeo,16,4,27,train,1,02_STROMA,2,03_COMPLEX,99
moe_oeo_N16_k4_L4_lr0.002_s27,moe_oeo,16,4,27,train,1,02_STROMA,3,04_LYMPHO,0
moe_oeo_N16_k4_L4_lr0.002_s27,moe_oeo,16,4,27,train,1,02_STROMA,4,05_DEBRIS,56
moe_oeo_N16_k4_L4_lr0.002_s27,moe_oeo,16,4,27,train,1,02_STROMA,5,06_MUCOSA,18
moe_oeo_N16_k4_L4_lr0.002_s27,moe_oeo,16,4,27,train,1,02_STROMA,6,07_ADIPOSE,1
moe_oeo_N16_k4_L4_lr0.002_s27,moe_oeo,16,4,27,train,1,02_STROMA,7,08_EMPTY,0
moe_oeo_N16_k4_L4_lr0.002_s27,moe_oeo,16,4,27,train,2,03_COMPLEX,0,01_TUMOR,13
moe_oeo_N16_k4_L4_lr0.002_s27,moe_oeo,16,4,27,train,2,03_COMPLEX,1,02_STROMA,46
moe_oeo_N16_k4_L4_lr0.002_s27,moe_oeo,16,4,27,train,2,03_COMPLEX,2,03_COMPLEX,298
moe_oeo_N16_k4_L4_lr0.002_s27,moe_oeo,16,4,27,train,2,03_COMPLEX,3,04_LYMPHO,43
moe_oeo_N16_k4_L4_lr0.002_s27,moe_oeo,16,4,27,train,2,03_COMPLEX,4,05_DEBRIS,15
moe_oeo_N16_k4_L4_lr0.002_s27,moe_oeo,16,4,27,train,2,03_COMPLEX,5,06_MUCOSA,22
moe_oeo_N16_k4_L4_lr0.002_s27,moe_oeo,16,4,27,train,2,03_COMPLEX,6,07_ADIPOSE,0
moe_oeo_N16_k4_L4_lr0.002_s27,moe_oeo,16,4,27,train,2,03_COMPLEX,7,08_EMPTY,0
moe_oeo_N16_k4_L4_lr0.002_s27,moe_oeo,16,4,27,train,3,04_LYMPHO,0,01_TUMOR,66
moe_oeo_N16_k4_L4_lr0.002_s27,moe_oeo,16,4,27,train,3,04_LYMPHO,1,02_STROMA,0
moe_oeo_N16_k4_L4_lr0.002_s27,moe_oeo,16,4,27,train,3,04_LYMPHO,2,03_COMPLEX,32
moe_oeo_N16_k4_L4_lr0.002_s27,moe_oeo,16,4,27,train,3,04_LYMPHO,3,04_LYMPHO,313
moe_oeo_N16_k4_L4_lr0.002_s27,moe_oeo,16,4,27,train,3,04_LYMPHO,4,05_DEBRIS,2
moe_oeo_N16_k4_L4_lr0.002_s27,moe_oeo,16,4,27,train,3,04_LYMPHO,5,06_MUCOSA,24
moe_oeo_N16_k4_L4_lr0.002_s27,moe_oeo,16,4,27,train,3,04_LYMPHO,6,07_ADIPOSE,0
moe_oeo_N16_k4_L4_lr0.002_s27,moe_oeo,16,4,27,train,3,04_LYMPHO,7,08_EMPTY,0
moe_oeo_N16_k4_L4_lr0.002_s27,moe_oeo,16,4,27,train,4,05_DEBRIS,0,01_TUMOR,1
moe_oeo_N16_k4_L4_lr0.002_s27,moe_oeo,16,4,27,train,4,05_DEBRIS,1,02_STROMA,122
moe_oeo_N16_k4_L4_lr0.002_s27,moe_oeo,16,4,27,train,4,05_DEBRIS,2,03_COMPLEX,52
moe_oeo_N16_k4_L4_lr0.002_s27,moe_oeo,16,4,27,train,4,05_DEBRIS,3,04_LYMPHO,2
moe_oeo_N16_k4_L4_lr0.002_s27,moe_oeo,16,4,27,train,4,05_DEBRIS,4,05_DEBRIS,176
moe_oeo_N16_k4_L4_lr0.002_s27,moe_oeo,16,4,27,train,4,05_DEBRIS,5,06_MUCOSA,61
moe_oeo_N16_k4_L4_lr0.002_s27,moe_oeo,16,4,27,train,4,05_DEBRIS,6,07_ADIPOSE,23
moe_oeo_N16_k4_L4_lr0.002_s27,moe_oeo,16,4,27,train,4,05_DEBRIS,7,08_EMPTY,0
moe_oeo_N16_k4_L4_lr0.002_s27,moe_oeo,16,4,27,train,5,06_MUCOSA,0,01_TUMOR,31
moe_oeo_N16_k4_L4_lr0.002_s27,moe_oeo,16,4,27,train,5,06_MUCOSA,1,02_STROMA,3
moe_oeo_N16_k4_L4_lr0.002_s27,moe_oeo,16,4,27,train,5,06_MUCOSA,2,03_COMPLEX,4
moe_oeo_N16_k4_L4_lr0.002_s27,moe_oeo,16,4,27,train,5,06_MUCOSA,3,04_LYMPHO,42
moe_oeo_N16_k4_L4_lr0.002_s27,moe_oeo,16,4,27,train,5,06_MUCOSA,4,05_DEBRIS,12
moe_oeo_N16_k4_L4_lr0.002_s27,moe_oeo,16,4,27,train,5,06_MUCOSA,5,06_MUCOSA,345
moe_oeo_N16_k4_L4_lr0.002_s27,moe_oeo,16,4,27,train,5,06_MUCOSA,6,07_ADIPOSE,0
moe_oeo_N16_k4_L4_lr0.002_s27,moe_oeo,16,4,27,train,5,06_MUCOSA,7,08_EMPTY,0
moe_oeo_N16_k4_L4_lr0.002_s27,moe_oeo,16,4,27,train,6,07_ADIPOSE,0,01_TUMOR,0
moe_oeo_N16_k4_L4_lr0.002_s27,moe_oeo,16,4,27,train,6,07_ADIPOSE,1,02_STROMA,0
moe_oeo_N16_k4_L4_lr0.002_s27,moe_oeo,16,4,27,train,6,07_ADIPOSE,2,03_COMPLEX,0
moe_oeo_N16_k4_L4_lr0.002_s27,moe_oeo,16,4,27,train,6,07_ADIPOSE,3,04_LYMPHO,0
moe_oeo_N16_k4_L4_lr0.002_s27,moe_oeo,16,4,27,train,6,07_ADIPOSE,4,05_DEBRIS,1
moe_oeo_N16_k4_L4_lr0.002_s27,moe_oeo,16,4,27,train,6,07_ADIPOSE,5,06_MUCOSA,5
moe_oeo_N16_k4_L4_lr0.002_s27,moe_oeo,16,4,27,train,6,07_ADIPOSE,6,07_ADIPOSE,399
moe_oeo_N16_k4_L4_lr0.002_s27,moe_oeo,16,4,27,train,6,07_ADIPOSE,7,08_EMPTY,32
moe_oeo_N16_k4_L4_lr0.002_s27,moe_oeo,16,4,27,train,7,08_EMPTY,0,01_TUMOR,0
moe_oeo_N16_k4_L4_lr0.002_s27,moe_oeo,16,4,27,train,7,08_EMPTY,1,02_STROMA,0
moe_oeo_N16_k4_L4_lr0.002_s27,moe_oeo,16,4,27,train,7,08_EMPTY,2,03_COMPLEX,0
moe_oeo_N16_k4_L4_lr0.002_s27,moe_oeo,16,4,27,train,7,08_EMPTY,3,04_LYMPHO,0
moe_oeo_N16_k4_L4_lr0.002_s27,moe_oeo,16,4,27,train,7,08_EMPTY,4,05_DEBRIS,0
moe_oeo_N16_k4_L4_lr0.002_s27,moe_oeo,16,4,27,train,7,08_EMPTY,5,06_MUCOSA,1
moe_oeo_N16_k4_L4_lr0.002_s27,moe_oeo,16,4,27,train,7,08_EMPTY,6,07_ADIPOSE,4
moe_oeo_N16_k4_L4_lr0.002_s27,moe_oeo,16,4,27,train,7,08_EMPTY,7,08_EMPTY,432
moe_oeo_N16_k4_L4_lr0.002_s27,moe_oeo,16,4,27,val,0,01_TUMOR,0,01_TUMOR,58
moe_oeo_N16_k4_L4_lr0.002_s27,moe_oeo,16,4,27,val,0,01_TUMOR,1,02_STROMA,0
moe_oeo_N16_k4_L4_lr0.002_s27,moe_oeo,16,4,27,val,0,01_TUMOR,2,03_COMPLEX,7
moe_oeo_N16_k4_L4_lr0.002_s27,moe_oeo,16,4,27,val,0,01_TUMOR,3,04_LYMPHO,19
moe_oeo_N16_k4_L4_lr0.002_s27,moe_oeo,16,4,27,val,0,01_TUMOR,4,05_DEBRIS,1
moe_oeo_N16_k4_L4_lr0.002_s27,moe_oeo,16,4,27,val,0,01_TUMOR,5,06_MUCOSA,8
moe_oeo_N16_k4_L4_lr0.002_s27,moe_oeo,16,4,27,val,0,01_TUMOR,6,07_ADIPOSE,1
moe_oeo_N16_k4_L4_lr0.002_s27,moe_oeo,16,4,27,val,0,01_TUMOR,7,08_EMPTY,0
moe_oeo_N16_k4_L4_lr0.002_s27,moe_oeo,16,4,27,val,1,02_STROMA,0,01_TUMOR,1
moe_oeo_N16_k4_L4_lr0.002_s27,moe_oeo,16,4,27,val,1,02_STROMA,1,02_STROMA,66
moe_oeo_N16_k4_L4_lr0.002_s27,moe_oeo,16,4,27,val,1,02_STROMA,2,03_COMPLEX,15
moe_oeo_N16_k4_L4_lr0.002_s27,moe_oeo,16,4,27,val,1,02_STROMA,3,04_LYMPHO,0
moe_oeo_N16_k4_L4_lr0.002_s27,moe_oeo,16,4,27,val,1,02_STROMA,4,05_DEBRIS,8
moe_oeo_N16_k4_L4_lr0.002_s27,moe_oeo,16,4,27,val,1,02_STROMA,5,06_MUCOSA,4
moe_oeo_N16_k4_L4_lr0.002_s27,moe_oeo,16,4,27,val,1,02_STROMA,6,07_ADIPOSE,0
moe_oeo_N16_k4_L4_lr0.002_s27,moe_oeo,16,4,27,val,1,02_STROMA,7,08_EMPTY,0
moe_oeo_N16_k4_L4_lr0.002_s27,moe_oeo,16,4,27,val,2,03_COMPLEX,0,01_TUMOR,2
moe_oeo_N16_k4_L4_lr0.002_s27,moe_oeo,16,4,27,val,2,03_COMPLEX,1,02_STROMA,10
moe_oeo_N16_k4_L4_lr0.002_s27,moe_oeo,16,4,27,val,2,03_COMPLEX,2,03_COMPLEX,71
moe_oeo_N16_k4_L4_lr0.002_s27,moe_oeo,16,4,27,val,2,03_COMPLEX,3,04_LYMPHO,1
moe_oeo_N16_k4_L4_lr0.002_s27,moe_oeo,16,4,27,val,2,03_COMPLEX,4,05_DEBRIS,8
moe_oeo_N16_k4_L4_lr0.002_s27,moe_oeo,16,4,27,val,2,03_COMPLEX,5,06_MUCOSA,2
moe_oeo_N16_k4_L4_lr0.002_s27,moe_oeo,16,4,27,val,2,03_COMPLEX,6,07_ADIPOSE,0
moe_oeo_N16_k4_L4_lr0.002_s27,moe_oeo,16,4,27,val,2,03_COMPLEX,7,08_EMPTY,0
moe_oeo_N16_k4_L4_lr0.002_s27,moe_oeo,16,4,27,val,3,04_LYMPHO,0,01_TUMOR,12
moe_oeo_N16_k4_L4_lr0.002_s27,moe_oeo,16,4,27,val,3,04_LYMPHO,1,02_STROMA,1
moe_oeo_N16_k4_L4_lr0.002_s27,moe_oeo,16,4,27,val,3,04_LYMPHO,2,03_COMPLEX,9
moe_oeo_N16_k4_L4_lr0.002_s27,moe_oeo,16,4,27,val,3,04_LYMPHO,3,04_LYMPHO,66
moe_oeo_N16_k4_L4_lr0.002_s27,moe_oeo,16,4,27,val,3,04_LYMPHO,4,05_DEBRIS,0
moe_oeo_N16_k4_L4_lr0.002_s27,moe_oeo,16,4,27,val,3,04_LYMPHO,5,06_MUCOSA,6
moe_oeo_N16_k4_L4_lr0.002_s27,moe_oeo,16,4,27,val,3,04_LYMPHO,6,07_ADIPOSE,0
moe_oeo_N16_k4_L4_lr0.002_s27,moe_oeo,16,4,27,val,3,04_LYMPHO,7,08_EMPTY,0
moe_oeo_N16_k4_L4_lr0.002_s27,moe_oeo,16,4,27,val,4,05_DEBRIS,0,01_TUMOR,0
moe_oeo_N16_k4_L4_lr0.002_s27,moe_oeo,16,4,27,val,4,05_DEBRIS,1,02_STROMA,19
moe_oeo_N16_k4_L4_lr0.002_s27,moe_oeo,16,4,27,val,4,05_DEBRIS,2,03_COMPLEX,17
moe_oeo_N16_k4_L4_lr0.002_s27,moe_oeo,16,4,27,val,4,05_DEBRIS,3,04_LYMPHO,0
moe_oeo_N16_k4_L4_lr0.002_s27,moe_oeo,16,4,27,val,4,05_DEBRIS,4,05_DEBRIS,34
moe_oeo_N16_k4_L4_lr0.002_s27,moe_oeo,16,4,27,val,4,05_DEBRIS,5,06_MUCOSA,16
moe_oeo_N16_k4_L4_lr0.002_s27,moe_oeo,16,4,27,val,4,05_DEBRIS,6,07_ADIPOSE,7
moe_oeo_N16_k4_L4_lr0.002_s27,moe_oeo,16,4,27,val,4,05_DEBRIS,7,08_EMPTY,1
moe_oeo_N16_k4_L4_lr0.002_s27,moe_oeo,16,4,27,val,5,06_MUCOSA,0,01_TUMOR,8
moe_oeo_N16_k4_L4_lr0.002_s27,moe_oeo,16,4,27,val,5,06_MUCOSA,1,02_STROMA,0
moe_oeo_N16_k4_L4_lr0.002_s27,moe_oeo,16,4,27,val,5,06_MUCOSA,2,03_COMPLEX,0
moe_oeo_N16_k4_L4_lr0.002_s27,moe_oeo,16,4,27,val,5,06_MUCOSA,3,04_LYMPHO,9
moe_oeo_N16_k4_L4_lr0.002_s27,moe_oeo,16,4,27,val,5,06_MUCOSA,4,05_DEBRIS,3
moe_oeo_N16_k4_L4_lr0.002_s27,moe_oeo,16,4,27,val,5,06_MUCOSA,5,06_MUCOSA,74
moe_oeo_N16_k4_L4_lr0.002_s27,moe_oeo,16,4,27,val,5,06_MUCOSA,6,07_ADIPOSE,0
moe_oeo_N16_k4_L4_lr0.002_s27,moe_oeo,16,4,27,val,5,06_MUCOSA,7,08_EMPTY,0
moe_oeo_N16_k4_L4_lr0.002_s27,moe_oeo,16,4,27,val,6,07_ADIPOSE,0,01_TUMOR,0
moe_oeo_N16_k4_L4_lr0.002_s27,moe_oeo,16,4,27,val,6,07_ADIPOSE,1,02_STROMA,1
moe_oeo_N16_k4_L4_lr0.002_s27,moe_oeo,16,4,27,val,6,07_ADIPOSE,2,03_COMPLEX,0
moe_oeo_N16_k4_L4_lr0.002_s27,moe_oeo,16,4,27,val,6,07_ADIPOSE,3,04_LYMPHO,0
moe_oeo_N16_k4_L4_lr0.002_s27,moe_oeo,16,4,27,val,6,07_ADIPOSE,4,05_DEBRIS,1
moe_oeo_N16_k4_L4_lr0.002_s27,moe_oeo,16,4,27,val,6,07_ADIPOSE,5,06_MUCOSA,1
moe_oeo_N16_k4_L4_lr0.002_s27,moe_oeo,16,4,27,val,6,07_ADIPOSE,6,07_ADIPOSE,80
moe_oeo_N16_k4_L4_lr0.002_s27,moe_oeo,16,4,27,val,6,07_ADIPOSE,7,08_EMPTY,11
moe_oeo_N16_k4_L4_lr0.002_s27,moe_oeo,16,4,27,val,7,08_EMPTY,0,01_TUMOR,0
moe_oeo_N16_k4_L4_lr0.002_s27,moe_oeo,16,4,27,val,7,08_EMPTY,1,02_STROMA,0
moe_oeo_N16_k4_L4_lr0.002_s27,moe_oeo,16,4,27,val,7,08_EMPTY,2,03_COMPLEX,0
moe_oeo_N16_k4_L4_lr0.002_s27,moe_oeo,16,4,27,val,7,08_EMPTY,3,04_LYMPHO,0
moe_oeo_N16_k4_L4_lr0.002_s27,moe_oeo,16,4,27,val,7,08_EMPTY,4,05_DEBRIS,0
moe_oeo_N16_k4_L4_lr0.002_s27,moe_oeo,16,4,27,val,7,08_EMPTY,5,06_MUCOSA,0
moe_oeo_N16_k4_L4_lr0.002_s27,moe_oeo,16,4,27,val,7,08_EMPTY,6,07_ADIPOSE,2
moe_oeo_N16_k4_L4_lr0.002_s27,moe_oeo,16,4,27,val,7,08_EMPTY,7,08_EMPTY,92
moe_oeo_N16_k8_L4_lr0.002_s27,moe_oeo,16,8,27,train,0,01_TUMOR,0,01_TUMOR,207
moe_oeo_N16_k8_L4_lr0.002_s27,moe_oeo,16,8,27,train,0,01_TUMOR,1,02_STROMA,2
moe_oeo_N16_k8_L4_lr0.002_s27,moe_oeo,16,8,27,train,0,01_TUMOR,2,03_COMPLEX,25
moe_oeo_N16_k8_L4_lr0.002_s27,moe_oeo,16,8,27,train,0,01_TUMOR,3,04_LYMPHO,139
moe_oeo_N16_k8_L4_lr0.002_s27,moe_oeo,16,8,27,train,0,01_TUMOR,4,05_DEBRIS,0
moe_oeo_N16_k8_L4_lr0.002_s27,moe_oeo,16,8,27,train,0,01_TUMOR,5,06_MUCOSA,64
moe_oeo_N16_k8_L4_lr0.002_s27,moe_oeo,16,8,27,train,0,01_TUMOR,6,07_ADIPOSE,0
moe_oeo_N16_k8_L4_lr0.002_s27,moe_oeo,16,8,27,train,0,01_TUMOR,7,08_EMPTY,0
moe_oeo_N16_k8_L4_lr0.002_s27,moe_oeo,16,8,27,train,1,02_STROMA,0,01_TUMOR,2
moe_oeo_N16_k8_L4_lr0.002_s27,moe_oeo,16,8,27,train,1,02_STROMA,1,02_STROMA,294
moe_oeo_N16_k8_L4_lr0.002_s27,moe_oeo,16,8,27,train,1,02_STROMA,2,03_COMPLEX,40
moe_oeo_N16_k8_L4_lr0.002_s27,moe_oeo,16,8,27,train,1,02_STROMA,3,04_LYMPHO,0
moe_oeo_N16_k8_L4_lr0.002_s27,moe_oeo,16,8,27,train,1,02_STROMA,4,05_DEBRIS,84
moe_oeo_N16_k8_L4_lr0.002_s27,moe_oeo,16,8,27,train,1,02_STROMA,5,06_MUCOSA,17
moe_oeo_N16_k8_L4_lr0.002_s27,moe_oeo,16,8,27,train,1,02_STROMA,6,07_ADIPOSE,0
moe_oeo_N16_k8_L4_lr0.002_s27,moe_oeo,16,8,27,train,1,02_STROMA,7,08_EMPTY,0
moe_oeo_N16_k8_L4_lr0.002_s27,moe_oeo,16,8,27,train,2,03_COMPLEX,0,01_TUMOR,9
moe_oeo_N16_k8_L4_lr0.002_s27,moe_oeo,16,8,27,train,2,03_COMPLEX,1,02_STROMA,60
moe_oeo_N16_k8_L4_lr0.002_s27,moe_oeo,16,8,27,train,2,03_COMPLEX,2,03_COMPLEX,305
moe_oeo_N16_k8_L4_lr0.002_s27,moe_oeo,16,8,27,train,2,03_COMPLEX,3,04_LYMPHO,25
moe_oeo_N16_k8_L4_lr0.002_s27,moe_oeo,16,8,27,train,2,03_COMPLEX,4,05_DEBRIS,13
moe_oeo_N16_k8_L4_lr0.002_s27,moe_oeo,16,8,27,train,2,03_COMPLEX,5,06_MUCOSA,25
moe_oeo_N16_k8_L4_lr0.002_s27,moe_oeo,16,8,27,train,2,03_COMPLEX,6,07_ADIPOSE,0
moe_oeo_N16_k8_L4_lr0.002_s27,moe_oeo,16,8,27,train,2,03_COMPLEX,7,08_EMPTY,0
moe_oeo_N16_k8_L4_lr0.002_s27,moe_oeo,16,8,27,train,3,04_LYMPHO,0,01_TUMOR,50
moe_oeo_N16_k8_L4_lr0.002_s27,moe_oeo,16,8,27,train,3,04_LYMPHO,1,02_STROMA,0
moe_oeo_N16_k8_L4_lr0.002_s27,moe_oeo,16,8,27,train,3,04_LYMPHO,2,03_COMPLEX,35
moe_oeo_N16_k8_L4_lr0.002_s27,moe_oeo,16,8,27,train,3,04_LYMPHO,3,04_LYMPHO,320
moe_oeo_N16_k8_L4_lr0.002_s27,moe_oeo,16,8,27,train,3,04_LYMPHO,4,05_DEBRIS,1
moe_oeo_N16_k8_L4_lr0.002_s27,moe_oeo,16,8,27,train,3,04_LYMPHO,5,06_MUCOSA,31
moe_oeo_N16_k8_L4_lr0.002_s27,moe_oeo,16,8,27,train,3,04_LYMPHO,6,07_ADIPOSE,0
moe_oeo_N16_k8_L4_lr0.002_s27,moe_oeo,16,8,27,train,3,04_LYMPHO,7,08_EMPTY,0
moe_oeo_N16_k8_L4_lr0.002_s27,moe_oeo,16,8,27,train,4,05_DEBRIS,0,01_TUMOR,4
moe_oeo_N16_k8_L4_lr0.002_s27,moe_oeo,16,8,27,train,4,05_DEBRIS,1,02_STROMA,107
moe_oeo_N16_k8_L4_lr0.002_s27,moe_oeo,16,8,27,train,4,05_DEBRIS,2,03_COMPLEX,9
moe_oeo_N16_k8_L4_lr0.002_s27,moe_oeo,16,8,27,train,4,05_DEBRIS,3,04_LYMPHO,0
moe_oeo_N16_k8_L4_lr0.002_s27,moe_oeo,16,8,27,train,4,05_DEBRIS,4,05_DEBRIS,247
moe_oeo_N16_k8_L4_lr0.002_s27,moe_oeo,16,8,27,train,4,05_DEBRIS,5,06_MUCOSA,49
moe_oeo_N16_k8_L4_lr0.002_s27,moe_oeo,16,8,27,train,4,05_DEBRIS,6,07_ADIPOSE,21
moe_oeo_N16_k8_L4_lr0.002_s27,moe_oeo,16,8,27,train,4,05_DEBRIS,7,08_EMPTY,0
moe_oeo_N16_k8_L4_lr0.002_s27,moe_oeo,16,8,27,train,5,06_MUCOSA,0,01_TUMOR,27
moe_oeo_N16_k8_L4_lr0.002_s27,moe_oeo,16,8,27,train,5,06_MUCOSA,1,02_STROMA,2
moe_oeo_N16_k8_L4_lr0.002_s27,moe_oeo,16,8,27,train,5,06_MUCOSA,2,03_COMPLEX,4
moe_oeo_N16_k8_L4_lr0.002_s27,moe_oeo,16,8,27,train,5,06_MUCOSA,3,04_LYMPHO,41
moe_oeo_N16_k8_L4_lr0.002_s27,moe_oeo,16,8,27,train,5,06_MUCOSA,4,05_DEBRIS,4
moe_oeo_N16_k8_L4_lr0.002_s27,moe_oeo,16,8,27,train,5,06_MUCOSA,5,06_MUCOSA,359
moe_oeo_N16_k8_L4_lr0.002_s27,moe_oeo,16,8,27,train,5,06_MUCOSA,6,07_ADIPOSE,0
moe_oeo_N16_k8_L4_lr0.002_s27,moe_oeo,16,8,27,train,5,06_MUCOSA,7,08_EMPTY,0
moe_oeo_N16_k8_L4_lr0.002_s27,moe_oeo,16,8,27,train,6,07_ADIPOSE,0,01_TUMOR,0
moe_oeo_N16_k8_L4_lr0.002_s27,moe_oeo,16,8,27,train,6,07_ADIPOSE,1,02_STROMA,0
moe_oeo_N16_k8_L4_lr0.002_s27,moe_oeo,16,8,27,train,6,07_ADIPOSE,2,03_COMPLEX,0
moe_oeo_N16_k8_L4_lr0.002_s27,moe_oeo,16,8,27,train,6,07_ADIPOSE,3,04_LYMPHO,0
moe_oeo_N16_k8_L4_lr0.002_s27,moe_oeo,16,8,27,train,6,07_ADIPOSE,4,05_DEBRIS,2
moe_oeo_N16_k8_L4_lr0.002_s27,moe_oeo,16,8,27,train,6,07_ADIPOSE,5,06_MUCOSA,2
moe_oeo_N16_k8_L4_lr0.002_s27,moe_oeo,16,8,27,train,6,07_ADIPOSE,6,07_ADIPOSE,417
moe_oeo_N16_k8_L4_lr0.002_s27,moe_oeo,16,8,27,train,6,07_ADIPOSE,7,08_EMPTY,16
moe_oeo_N16_k8_L4_lr0.002_s27,moe_oeo,16,8,27,train,7,08_EMPTY,0,01_TUMOR,0
moe_oeo_N16_k8_L4_lr0.002_s27,moe_oeo,16,8,27,train,7,08_EMPTY,1,02_STROMA,0
moe_oeo_N16_k8_L4_lr0.002_s27,moe_oeo,16,8,27,train,7,08_EMPTY,2,03_COMPLEX,0
moe_oeo_N16_k8_L4_lr0.002_s27,moe_oeo,16,8,27,train,7,08_EMPTY,3,04_LYMPHO,0
moe_oeo_N16_k8_L4_lr0.002_s27,moe_oeo,16,8,27,train,7,08_EMPTY,4,05_DEBRIS,0
moe_oeo_N16_k8_L4_lr0.002_s27,moe_oeo,16,8,27,train,7,08_EMPTY,5,06_MUCOSA,1
moe_oeo_N16_k8_L4_lr0.002_s27,moe_oeo,16,8,27,train,7,08_EMPTY,6,07_ADIPOSE,7
moe_oeo_N16_k8_L4_lr0.002_s27,moe_oeo,16,8,27,train,7,08_EMPTY,7,08_EMPTY,429
moe_oeo_N16_k8_L4_lr0.002_s27,moe_oeo,16,8,27,val,0,01_TUMOR,0,01_TUMOR,49
moe_oeo_N16_k8_L4_lr0.002_s27,moe_oeo,16,8,27,val,0,01_TUMOR,1,02_STROMA,1
moe_oeo_N16_k8_L4_lr0.002_s27,moe_oeo,16,8,27,val,0,01_TUMOR,2,03_COMPLEX,11
moe_oeo_N16_k8_L4_lr0.002_s27,moe_oeo,16,8,27,val,0,01_TUMOR,3,04_LYMPHO,25
moe_oeo_N16_k8_L4_lr0.002_s27,moe_oeo,16,8,27,val,0,01_TUMOR,4,05_DEBRIS,0
moe_oeo_N16_k8_L4_lr0.002_s27,moe_oeo,16,8,27,val,0,01_TUMOR,5,06_MUCOSA,8
moe_oeo_N16_k8_L4_lr0.002_s27,moe_oeo,16,8,27,val,0,01_TUMOR,6,07_ADIPOSE,0
moe_oeo_N16_k8_L4_lr0.002_s27,moe_oeo,16,8,27,val,0,01_TUMOR,7,08_EMPTY,0
moe_oeo_N16_k8_L4_lr0.002_s27,moe_oeo,16,8,27,val,1,02_STROMA,0,01_TUMOR,0
moe_oeo_N16_k8_L4_lr0.002_s27,moe_oeo,16,8,27,val,1,02_STROMA,1,02_STROMA,60
moe_oeo_N16_k8_L4_lr0.002_s27,moe_oeo,16,8,27,val,1,02_STROMA,2,03_COMPLEX,11
moe_oeo_N16_k8_L4_lr0.002_s27,moe_oeo,16,8,27,val,1,02_STROMA,3,04_LYMPHO,0
moe_oeo_N16_k8_L4_lr0.002_s27,moe_oeo,16,8,27,val,1,02_STROMA,4,05_DEBRIS,20
moe_oeo_N16_k8_L4_lr0.002_s27,moe_oeo,16,8,27,val,1,02_STROMA,5,06_MUCOSA,3
moe_oeo_N16_k8_L4_lr0.002_s27,moe_oeo,16,8,27,val,1,02_STROMA,6,07_ADIPOSE,0
moe_oeo_N16_k8_L4_lr0.002_s27,moe_oeo,16,8,27,val,1,02_STROMA,7,08_EMPTY,0
moe_oeo_N16_k8_L4_lr0.002_s27,moe_oeo,16,8,27,val,2,03_COMPLEX,0,01_TUMOR,3
moe_oeo_N16_k8_L4_lr0.002_s27,moe_oeo,16,8,27,val,2,03_COMPLEX,1,02_STROMA,23
moe_oeo_N16_k8_L4_lr0.002_s27,moe_oeo,16,8,27,val,2,03_COMPLEX,2,03_COMPLEX,63
moe_oeo_N16_k8_L4_lr0.002_s27,moe_oeo,16,8,27,val,2,03_COMPLEX,3,04_LYMPHO,1
moe_oeo_N16_k8_L4_lr0.002_s27,moe_oeo,16,8,27,val,2,03_COMPLEX,4,05_DEBRIS,3
moe_oeo_N16_k8_L4_lr0.002_s27,moe_oeo,16,8,27,val,2,03_COMPLEX,5,06_MUCOSA,1
moe_oeo_N16_k8_L4_lr0.002_s27,moe_oeo,16,8,27,val,2,03_COMPLEX,6,07_ADIPOSE,0
moe_oeo_N16_k8_L4_lr0.002_s27,moe_oeo,16,8,27,val,2,03_COMPLEX,7,08_EMPTY,0
moe_oeo_N16_k8_L4_lr0.002_s27,moe_oeo,16,8,27,val,3,04_LYMPHO,0,01_TUMOR,14
moe_oeo_N16_k8_L4_lr0.002_s27,moe_oeo,16,8,27,val,3,04_LYMPHO,1,02_STROMA,0
moe_oeo_N16_k8_L4_lr0.002_s27,moe_oeo,16,8,27,val,3,04_LYMPHO,2,03_COMPLEX,8
moe_oeo_N16_k8_L4_lr0.002_s27,moe_oeo,16,8,27,val,3,04_LYMPHO,3,04_LYMPHO,69
moe_oeo_N16_k8_L4_lr0.002_s27,moe_oeo,16,8,27,val,3,04_LYMPHO,4,05_DEBRIS,0
moe_oeo_N16_k8_L4_lr0.002_s27,moe_oeo,16,8,27,val,3,04_LYMPHO,5,06_MUCOSA,3
moe_oeo_N16_k8_L4_lr0.002_s27,moe_oeo,16,8,27,val,3,04_LYMPHO,6,07_ADIPOSE,0
moe_oeo_N16_k8_L4_lr0.002_s27,moe_oeo,16,8,27,val,3,04_LYMPHO,7,08_EMPTY,0
moe_oeo_N16_k8_L4_lr0.002_s27,moe_oeo,16,8,27,val,4,05_DEBRIS,0,01_TUMOR,0
moe_oeo_N16_k8_L4_lr0.002_s27,moe_oeo,16,8,27,val,4,05_DEBRIS,1,02_STROMA,19
moe_oeo_N16_k8_L4_lr0.002_s27,moe_oeo,16,8,27,val,4,05_DEBRIS,2,03_COMPLEX,3
moe_oeo_N16_k8_L4_lr0.002_s27,moe_oeo,16,8,27,val,4,05_DEBRIS,3,04_LYMPHO,0
moe_oeo_N16_k8_L4_lr0.002_s27,moe_oeo,16,8,27,val,4,05_DEBRIS,4,05_DEBRIS,48
moe_oeo_N16_k8_L4_lr0.002_s27,moe_oeo,16,8,27,val,4,05_DEBRIS,5,06_MUCOSA,14
moe_oeo_N16_k8_L4_lr0.002_s27,moe_oeo,16,8,27,val,4,05_DEBRIS,6,07_ADIPOSE,10
moe_oeo_N16_k8_L4_lr0.002_s27,moe_oeo,16,8,27,val,4,05_DEBRIS,7,08_EMPTY,0
moe_oeo_N16_k8_L4_lr0.002_s27,moe_oeo,16,8,27,val,5,06_MUCOSA,0,01_TUMOR,12
moe_oeo_N16_k8_L4_lr0.002_s27,moe_oeo,16,8,27,val,5,06_MUCOSA,1,02_STROMA,0
moe_oeo_N16_k8_L4_lr0.002_s27,moe_oeo,16,8,27,val,5,06_MUCOSA,2,03_COMPLEX,0
moe_oeo_N16_k8_L4_lr0.002_s27,moe_oeo,16,8,27,val,5,06_MUCOSA,3,04_LYMPHO,5
moe_oeo_N16_k8_L4_lr0.002_s27,moe_oeo,16,8,27,val,5,06_MUCOSA,4,05_DEBRIS,3
moe_oeo_N16_k8_L4_lr0.002_s27,moe_oeo,16,8,27,val,5,06_MUCOSA,5,06_MUCOSA,74
moe_oeo_N16_k8_L4_lr0.002_s27,moe_oeo,16,8,27,val,5,06_MUCOSA,6,07_ADIPOSE,0
moe_oeo_N16_k8_L4_lr0.002_s27,moe_oeo,16,8,27,val,5,06_MUCOSA,7,08_EMPTY,0
moe_oeo_N16_k8_L4_lr0.002_s27,moe_oeo,16,8,27,val,6,07_ADIPOSE,0,01_TUMOR,0
moe_oeo_N16_k8_L4_lr0.002_s27,moe_oeo,16,8,27,val,6,07_ADIPOSE,1,02_STROMA,0
moe_oeo_N16_k8_L4_lr0.002_s27,moe_oeo,16,8,27,val,6,07_ADIPOSE,2,03_COMPLEX,0
moe_oeo_N16_k8_L4_lr0.002_s27,moe_oeo,16,8,27,val,6,07_ADIPOSE,3,04_LYMPHO,0
moe_oeo_N16_k8_L4_lr0.002_s27,moe_oeo,16,8,27,val,6,07_ADIPOSE,4,05_DEBRIS,4
moe_oeo_N16_k8_L4_lr0.002_s27,moe_oeo,16,8,27,val,6,07_ADIPOSE,5,06_MUCOSA,0
moe_oeo_N16_k8_L4_lr0.002_s27,moe_oeo,16,8,27,val,6,07_ADIPOSE,6,07_ADIPOSE,85
moe_oeo_N16_k8_L4_lr0.002_s27,moe_oeo,16,8,27,val,6,07_ADIPOSE,7,08_EMPTY,5
moe_oeo_N16_k8_L4_lr0.002_s27,moe_oeo,16,8,27,val,7,08_EMPTY,0,01_TUMOR,0
moe_oeo_N16_k8_L4_lr0.002_s27,moe_oeo,16,8,27,val,7,08_EMPTY,1,02_STROMA,0
moe_oeo_N16_k8_L4_lr0.002_s27,moe_oeo,16,8,27,val,7,08_EMPTY,2,03_COMPLEX,0
moe_oeo_N16_k8_L4_lr0.002_s27,moe_oeo,16,8,27,val,7,08_EMPTY,3,04_LYMPHO,0
moe_oeo_N16_k8_L4_lr0.002_s27,moe_oeo,16,8,27,val,7,08_EMPTY,4,05_DEBRIS,0
moe_oeo_N16_k8_L4_lr0.002_s27,moe_oeo,16,8,27,val,7,08_EMPTY,5,06_MUCOSA,0
moe_oeo_N16_k8_L4_lr0.002_s27,moe_oeo,16,8,27,val,7,08_EMPTY,6,07_ADIPOSE,2
moe_oeo_N16_k8_L4_lr0.002_s27,moe_oeo,16,8,27,val,7,08_EMPTY,7,08_EMPTY,92
moe_oeo_N16_k16_L4_lr0.002_s27,moe_oeo,16,16,27,train,0,01_TUMOR,0,01_TUMOR,311
moe_oeo_N16_k16_L4_lr0.002_s27,moe_oeo,16,16,27,train,0,01_TUMOR,1,02_STROMA,5
moe_oeo_N16_k16_L4_lr0.002_s27,moe_oeo,16,16,27,train,0,01_TUMOR,2,03_COMPLEX,45
moe_oeo_N16_k16_L4_lr0.002_s27,moe_oeo,16,16,27,train,0,01_TUMOR,3,04_LYMPHO,41
moe_oeo_N16_k16_L4_lr0.002_s27,moe_oeo,16,16,27,train,0,01_TUMOR,4,05_DEBRIS,1
moe_oeo_N16_k16_L4_lr0.002_s27,moe_oeo,16,16,27,train,0,01_TUMOR,5,06_MUCOSA,34
moe_oeo_N16_k16_L4_lr0.002_s27,moe_oeo,16,16,27,train,0,01_TUMOR,6,07_ADIPOSE,0
moe_oeo_N16_k16_L4_lr0.002_s27,moe_oeo,16,16,27,train,0,01_TUMOR,7,08_EMPTY,0
moe_oeo_N16_k16_L4_lr0.002_s27,moe_oeo,16,16,27,train,1,02_STROMA,0,01_TUMOR,4
moe_oeo_N16_k16_L4_lr0.002_s27,moe_oeo,16,16,27,train,1,02_STROMA,1,02_STROMA,314
moe_oeo_N16_k16_L4_lr0.002_s27,moe_oeo,16,16,27,train,1,02_STROMA,2,03_COMPLEX,25
moe_oeo_N16_k16_L4_lr0.002_s27,moe_oeo,16,16,27,train,1,02_STROMA,3,04_LYMPHO,0
moe_oeo_N16_k16_L4_lr0.002_s27,moe_oeo,16,16,27,train,1,02_STROMA,4,05_DEBRIS,85
moe_oeo_N16_k16_L4_lr0.002_s27,moe_oeo,16,16,27,train,1,02_STROMA,5,06_MUCOSA,9
moe_oeo_N16_k16_L4_lr0.002_s27,moe_oeo,16,16,27,train,1,02_STROMA,6,07_ADIPOSE,0
moe_oeo_N16_k16_L4_lr0.002_s27,moe_oeo,16,16,27,train,1,02_STROMA,7,08_EMPTY,0
moe_oeo_N16_k16_L4_lr0.002_s27,moe_oeo,16,16,27,train,2,03_COMPLEX,0,01_TUMOR,15
moe_oeo_N16_k16_L4_lr0.002_s27,moe_oeo,16,16,27,train,2,03_COMPLEX,1,02_STROMA,45
moe_oeo_N16_k16_L4_lr0.002_s27,moe_oeo,16,16,27,train,2,03_COMPLEX,2,03_COMPLEX,329
moe_oeo_N16_k16_L4_lr0.002_s27,moe_oeo,16,16,27,train,2,03_COMPLEX,3,04_LYMPHO,19
moe_oeo_N16_k16_L4_lr0.002_s27,moe_oeo,16,16,27,train,2,03_COMPLEX,4,05_DEBRIS,9
moe_oeo_N16_k16_L4_lr0.002_s27,moe_oeo,16,16,27,train,2,03_COMPLEX,5,06_MUCOSA,20
moe_oeo_N16_k16_L4_lr0.002_s27,moe_oeo,16,16,27,train,2,03_COMPLEX,6,07_ADIPOSE,0
moe_oeo_N16_k16_L4_lr0.002_s27,moe_oeo,16,16,27,train,2,03_COMPLEX,7,08_EMPTY,0
moe_oeo_N16_k16_L4_lr0.002_s27,moe_oeo,16,16,27,train,3,04_LYMPHO,0,01_TUMOR,45
moe_oeo_N16_k16_L4_lr0.002_s27,moe_oeo,16,16,27,train,3,04_LYMPHO,1,02_STROMA,1
moe_oeo_N16_k16_L4_lr0.002_s27,moe_oeo,16,16,27,train,3,04_LYMPHO,2,03_COMPLEX,35
moe_oeo_N16_k16_L4_lr0.002_s27,moe_oeo,16,16,27,train,3,04_LYMPHO,3,04_LYMPHO,338
moe_oeo_N16_k16_L4_lr0.002_s27,moe_oeo,16,16,27,train,3,04_LYMPHO,4,05_DEBRIS,0
moe_oeo_N16_k16_L4_lr0.002_s27,moe_oeo,16,16,27,train,3,04_LYMPHO,5,06_MUCOSA,18
moe_oeo_N16_k16_L4_lr0.002_s27,moe_oeo,16,16,27,train,3,04_LYMPHO,6,07_ADIPOSE,0
moe_oeo_N16_k16_L4_lr0.002_s27,moe_oeo,16,16,27,train,3,04_LYMPHO,7,08_EMPTY,0
moe_oeo_N16_k16_L4_lr0.002_s27,moe_oeo,16,16,27,train,4,05_DEBRIS,0,01_TUMOR,5
moe_oeo_N16_k16_L4_lr0.002_s27,moe_oeo,16,16,27,train,4,05_DEBRIS,1,02_STROMA,98
moe_oeo_N16_k16_L4_lr0.002_s27,moe_oeo,16,16,27,train,4,05_DEBRIS,2,03_COMPLEX,9
moe_oeo_N16_k16_L4_lr0.002_s27,moe_oeo,16,16,27,train,4,05_DEBRIS,3,04_LYMPHO,0
moe_oeo_N16_k16_L4_lr0.002_s27,moe_oeo,16,16,27,train,4,05_DEBRIS,4,05_DEBRIS,285
moe_oeo_N16_k16_L4_lr0.002_s27,moe_oeo,16,16,27,train,4,05_DEBRIS,5,06_MUCOSA,31
moe_oeo_N16_k16_L4_lr0.002_s27,moe_oeo,16,16,27,train,4,05_DEBRIS,6,07_ADIPOSE,9
moe_oeo_N16_k16_L4_lr0.002_s27,moe_oeo,16,16,27,train,4,05_DEBRIS,7,08_EMPTY,0
moe_oeo_N16_k16_L4_lr0.002_s27,moe_oeo,16,16,27,train,5,06_MUCOSA,0,01_TUMOR,31
moe_oeo_N16_k16_L4_lr0.002_s27,moe_oeo,16,16,27,train,5,06_MUCOSA,1,02_STROMA,3
moe_oeo_N16_k16_L4_lr0.002_s27,moe_oeo,16,16,27,train,5,06_MUCOSA,2,03_COMPLEX,3
moe_oeo_N16_k16_L4_lr0.002_s27,moe_oeo,16,16,27,train,5,06_MUCOSA,3,04_LYMPHO,30
moe_oeo_N16_k16_L4_lr0.002_s27,moe_oeo,16,16,27,train,5,06_MUCOSA,4,05_DEBRIS,12
moe_oeo_N16_k16_L4_lr0.002_s27,moe_oeo,16,16,27,train,5,06_MUCOSA,5,06_MUCOSA,358
moe_oeo_N16_k16_L4_lr0.002_s27,moe_oeo,16,16,27,train,5,06_MUCOSA,6,07_ADIPOSE,0
moe_oeo_N16_k16_L4_lr0.002_s27,moe_oeo,16,16,27,train,5,06_MUCOSA,7,08_EMPTY,0
moe_oeo_N16_k16_L4_lr0.002_s27,moe_oeo,16,16,27,train,6,07_ADIPOSE,0,01_TUMOR,0
moe_oeo_N16_k16_L4_lr0.002_s27,moe_oeo,16,16,27,train,6,07_ADIPOSE,1,02_STROMA,0
moe_oeo_N16_k16_L4_lr0.002_s27,moe_oeo,16,16,27,train,6,07_ADIPOSE,2,03_COMPLEX,0
moe_oeo_N16_k16_L4_lr0.002_s27,moe_oeo,16,16,27,train,6,07_ADIPOSE,3,04_LYMPHO,0
moe_oeo_N16_k16_L4_lr0.002_s27,moe_oeo,16,16,27,train,6,07_ADIPOSE,4,05_DEBRIS,1
moe_oeo_N16_k16_L4_lr0.002_s27,moe_oeo,16,16,27,train,6,07_ADIPOSE,5,06_MUCOSA,0
moe_oeo_N16_k16_L4_lr0.002_s27,moe_oeo,16,16,27,train,6,07_ADIPOSE,6,07_ADIPOSE,425
moe_oeo_N16_k16_L4_lr0.002_s27,moe_oeo,16,16,27,train,6,07_ADIPOSE,7,08_EMPTY,11
moe_oeo_N16_k16_L4_lr0.002_s27,moe_oeo,16,16,27,train,7,08_EMPTY,0,01_TUMOR,0
moe_oeo_N16_k16_L4_lr0.002_s27,moe_oeo,16,16,27,train,7,08_EMPTY,1,02_STROMA,0
moe_oeo_N16_k16_L4_lr0.002_s27,moe_oeo,16,16,27,train,7,08_EMPTY,2,03_COMPLEX,0
moe_oeo_N16_k16_L4_lr0.002_s27,moe_oeo,16,16,27,train,7,08_EMPTY,3,04_LYMPHO,0
moe_oeo_N16_k16_L4_lr0.002_s27,moe_oeo,16,16,27,train,7,08_EMPTY,4,05_DEBRIS,0
moe_oeo_N16_k16_L4_lr0.002_s27,moe_oeo,16,16,27,train,7,08_EMPTY,5,06_MUCOSA,1
moe_oeo_N16_k16_L4_lr0.002_s27,moe_oeo,16,16,27,train,7,08_EMPTY,6,07_ADIPOSE,11
moe_oeo_N16_k16_L4_lr0.002_s27,moe_oeo,16,16,27,train,7,08_EMPTY,7,08_EMPTY,425
moe_oeo_N16_k16_L4_lr0.002_s27,moe_oeo,16,16,27,val,0,01_TUMOR,0,01_TUMOR,55
moe_oeo_N16_k16_L4_lr0.002_s27,moe_oeo,16,16,27,val,0,01_TUMOR,1,02_STROMA,0
moe_oeo_N16_k16_L4_lr0.002_s27,moe_oeo,16,16,27,val,0,01_TUMOR,2,03_COMPLEX,13
moe_oeo_N16_k16_L4_lr0.002_s27,moe_oeo,16,16,27,val,0,01_TUMOR,3,04_LYMPHO,15
moe_oeo_N16_k16_L4_lr0.002_s27,moe_oeo,16,16,27,val,0,01_TUMOR,4,05_DEBRIS,1
moe_oeo_N16_k16_L4_lr0.002_s27,moe_oeo,16,16,27,val,0,01_TUMOR,5,06_MUCOSA,10
moe_oeo_N16_k16_L4_lr0.002_s27,moe_oeo,16,16,27,val,0,01_TUMOR,6,07_ADIPOSE,0
moe_oeo_N16_k16_L4_lr0.002_s27,moe_oeo,16,16,27,val,0,01_TUMOR,7,08_EMPTY,0
moe_oeo_N16_k16_L4_lr0.002_s27,moe_oeo,16,16,27,val,1,02_STROMA,0,01_TUMOR,1
moe_oeo_N16_k16_L4_lr0.002_s27,moe_oeo,16,16,27,val,1,02_STROMA,1,02_STROMA,62
moe_oeo_N16_k16_L4_lr0.002_s27,moe_oeo,16,16,27,val,1,02_STROMA,2,03_COMPLEX,9
moe_oeo_N16_k16_L4_lr0.002_s27,moe_oeo,16,16,27,val,1,02_STROMA,3,04_LYMPHO,0
moe_oeo_N16_k16_L4_lr0.002_s27,moe_oeo,16,16,27,val,1,02_STROMA,4,05_DEBRIS,21
moe_oeo_N16_k16_L4_lr0.002_s27,moe_oeo,16,16,27,val,1,02_STROMA,5,06_MUCOSA,1
moe_oeo_N16_k16_L4_lr0.002_s27,moe_oeo,16,16,27,val,1,02_STROMA,6,07_ADIPOSE,0
moe_oeo_N16_k16_L4_lr0.002_s27,moe_oeo,16,16,27,val,1,02_STROMA,7,08_EMPTY,0
moe_oeo_N16_k16_L4_lr0.002_s27,moe_oeo,16,16,27,val,2,03_COMPLEX,0,01_TUMOR,6
moe_oeo_N16_k16_L4_lr0.002_s27,moe_oeo,16,16,27,val,2,03_COMPLEX,1,02_STROMA,19
moe_oeo_N16_k16_L4_lr0.002_s27,moe_oeo,16,16,27,val,2,03_COMPLEX,2,03_COMPLEX,64
moe_oeo_N16_k16_L4_lr0.002_s27,moe_oeo,16,16,27,val,2,03_COMPLEX,3,04_LYMPHO,1
moe_oeo_N16_k16_L4_lr0.002_s27,moe_oeo,16,16,27,val,2,03_COMPLEX,4,05_DEBRIS,3
moe_oeo_N16_k16_L4_lr0.002_s27,moe_oeo,16,16,27,val,2,03_COMPLEX,5,06_MUCOSA,1
moe_oeo_N16_k16_L4_lr0.002_s27,moe_oeo,16,16,27,val,2,03_COMPLEX,6,07_ADIPOSE,0
moe_oeo_N16_k16_L4_lr0.002_s27,moe_oeo,16,16,27,val,2,03_COMPLEX,7,08_EMPTY,0
moe_oeo_N16_k16_L4_lr0.002_s27,moe_oeo,16,16,27,val,3,04_LYMPHO,0,01_TUMOR,10
moe_oeo_N16_k16_L4_lr0.002_s27,moe_oeo,16,16,27,val,3,04_LYMPHO,1,02_STROMA,0
moe_oeo_N16_k16_L4_lr0.002_s27,moe_oeo,16,16,27,val,3,04_LYMPHO,2,03_COMPLEX,15
moe_oeo_N16_k16_L4_lr0.002_s27,moe_oeo,16,16,27,val,3,04_LYMPHO,3,04_LYMPHO,65
moe_oeo_N16_k16_L4_lr0.002_s27,moe_oeo,16,16,27,val,3,04_LYMPHO,4,05_DEBRIS,0
moe_oeo_N16_k16_L4_lr0.002_s27,moe_oeo,16,16,27,val,3,04_LYMPHO,5,06_MUCOSA,4
moe_oeo_N16_k16_L4_lr0.002_s27,moe_oeo,16,16,27,val,3,04_LYMPHO,6,07_ADIPOSE,0
moe_oeo_N16_k16_L4_lr0.002_s27,moe_oeo,16,16,27,val,3,04_LYMPHO,7,08_EMPTY,0
moe_oeo_N16_k16_L4_lr0.002_s27,moe_oeo,16,16,27,val,4,05_DEBRIS,0,01_TUMOR,2
moe_oeo_N16_k16_L4_lr0.002_s27,moe_oeo,16,16,27,val,4,05_DEBRIS,1,02_STROMA,16
moe_oeo_N16_k16_L4_lr0.002_s27,moe_oeo,16,16,27,val,4,05_DEBRIS,2,03_COMPLEX,2
moe_oeo_N16_k16_L4_lr0.002_s27,moe_oeo,16,16,27,val,4,05_DEBRIS,3,04_LYMPHO,0
moe_oeo_N16_k16_L4_lr0.002_s27,moe_oeo,16,16,27,val,4,05_DEBRIS,4,05_DEBRIS,56
moe_oeo_N16_k16_L4_lr0.002_s27,moe_oeo,16,16,27,val,4,05_DEBRIS,5,06_MUCOSA,12
moe_oeo_N16_k16_L4_lr0.002_s27,moe_oeo,16,16,27,val,4,05_DEBRIS,6,07_ADIPOSE,6
moe_oeo_N16_k16_L4_lr0.002_s27,moe_oeo,16,16,27,val,4,05_DEBRIS,7,08_EMPTY,0
moe_oeo_N16_k16_L4_lr0.002_s27,moe_oeo,16,16,27,val,5,06_MUCOSA,0,01_TUMOR,4
moe_oeo_N16_k16_L4_lr0.002_s27,moe_oeo,16,16,27,val,5,06_MUCOSA,1,02_STROMA,0
moe_oeo_N16_k16_L4_lr0.002_s27,moe_oeo,16,16,27,val,5,06_MUCOSA,2,03_COMPLEX,0
moe_oeo_N16_k16_L4_lr0.002_s27,moe_oeo,16,16,27,val,5,06_MUCOSA,3,04_LYMPHO,7
moe_oeo_N16_k16_L4_lr0.002_s27,moe_oeo,16,16,27,val,5,06_MUCOSA,4,05_DEBRIS,4
moe_oeo_N16_k16_L4_lr0.002_s27,moe_oeo,16,16,27,val,5,06_MUCOSA,5,06_MUCOSA,79
moe_oeo_N16_k16_L4_lr0.002_s27,moe_oeo,16,16,27,val,5,06_MUCOSA,6,07_ADIPOSE,0
moe_oeo_N16_k16_L4_lr0.002_s27,moe_oeo,16,16,27,val,5,06_MUCOSA,7,08_EMPTY,0
moe_oeo_N16_k16_L4_lr0.002_s27,moe_oeo,16,16,27,val,6,07_ADIPOSE,0,01_TUMOR,0
moe_oeo_N16_k16_L4_lr0.002_s27,moe_oeo,16,16,27,val,6,07_ADIPOSE,1,02_STROMA,0
moe_oeo_N16_k16_L4_lr0.002_s27,moe_oeo,16,16,27,val,6,07_ADIPOSE,2,03_COMPLEX,0
moe_oeo_N16_k16_L4_lr0.002_s27,moe_oeo,16,16,27,val,6,07_ADIPOSE,3,04_LYMPHO,0
moe_oeo_N16_k16_L4_lr0.002_s27,moe_oeo,16,16,27,val,6,07_ADIPOSE,4,05_DEBRIS,1
moe_oeo_N16_k16_L4_lr0.002_s27,moe_oeo,16,16,27,val,6,07_ADIPOSE,5,06_MUCOSA,0
moe_oeo_N16_k16_L4_lr0.002_s27,moe_oeo,16,16,27,val,6,07_ADIPOSE,6,07_ADIPOSE,88
moe_oeo_N16_k16_L4_lr0.002_s27,moe_oeo,16,16,27,val,6,07_ADIPOSE,7,08_EMPTY,5
moe_oeo_N16_k16_L4_lr0.002_s27,moe_oeo,16,16,27,val,7,08_EMPTY,0,01_TUMOR,0
moe_oeo_N16_k16_L4_lr0.002_s27,moe_oeo,16,16,27,val,7,08_EMPTY,1,02_STROMA,0
moe_oeo_N16_k16_L4_lr0.002_s27,moe_oeo,16,16,27,val,7,08_EMPTY,2,03_COMPLEX,0
moe_oeo_N16_k16_L4_lr0.002_s27,moe_oeo,16,16,27,val,7,08_EMPTY,3,04_LYMPHO,0
moe_oeo_N16_k16_L4_lr0.002_s27,moe_oeo,16,16,27,val,7,08_EMPTY,4,05_DEBRIS,0
moe_oeo_N16_k16_L4_lr0.002_s27,moe_oeo,16,16,27,val,7,08_EMPTY,5,06_MUCOSA,0
moe_oeo_N16_k16_L4_lr0.002_s27,moe_oeo,16,16,27,val,7,08_EMPTY,6,07_ADIPOSE,2
moe_oeo_N16_k16_L4_lr0.002_s27,moe_oeo,16,16,27,val,7,08_EMPTY,7,08_EMPTY,92
moe_oeo_N25_k1_L4_lr0.002_s27,moe_oeo,25,1,27,train,0,01_TUMOR,0,01_TUMOR,102
moe_oeo_N25_k1_L4_lr0.002_s27,moe_oeo,25,1,27,train,0,01_TUMOR,1,02_STROMA,4
moe_oeo_N25_k1_L4_lr0.002_s27,moe_oeo,25,1,27,train,0,01_TUMOR,2,03_COMPLEX,138
moe_oeo_N25_k1_L4_lr0.002_s27,moe_oeo,25,1,27,train,0,01_TUMOR,3,04_LYMPHO,63
moe_oeo_N25_k1_L4_lr0.002_s27,moe_oeo,25,1,27,train,0,01_TUMOR,4,05_DEBRIS,1
moe_oeo_N25_k1_L4_lr0.002_s27,moe_oeo,25,1,27,train,0,01_TUMOR,5,06_MUCOSA,119
moe_oeo_N25_k1_L4_lr0.002_s27,moe_oeo,25,1,27,train,0,01_TUMOR,6,07_ADIPOSE,10
moe_oeo_N25_k1_L4_lr0.002_s27,moe_oeo,25,1,27,train,0,01_TUMOR,7,08_EMPTY,0
moe_oeo_N25_k1_L4_lr0.002_s27,moe_oeo,25,1,27,train,1,02_STROMA,0,01_TUMOR,1
moe_oeo_N25_k1_L4_lr0.002_s27,moe_oeo,25,1,27,train,1,02_STROMA,1,02_STROMA,303
moe_oeo_N25_k1_L4_lr0.002_s27,moe_oeo,25,1,27,train,1,02_STROMA,2,03_COMPLEX,50
moe_oeo_N25_k1_L4_lr0.002_s27,moe_oeo,25,1,27,train,1,02_STROMA,3,04_LYMPHO,1
moe_oeo_N25_k1_L4_lr0.002_s27,moe_oeo,25,1,27,train,1,02_STROMA,4,05_DEBRIS,71
moe_oeo_N25_k1_L4_lr0.002_s27,moe_oeo,25,1,27,train,1,02_STROMA,5,06_MUCOSA,10
moe_oeo_N25_k1_L4_lr0.002_s27,moe_oeo,25,1,27,train,1,02_STROMA,6,07_ADIPOSE,1
moe_oeo_N25_k1_L4_lr0.002_s27,moe_oeo,25,1,27,train,1,02_STROMA,7,08_EMPTY,0
moe_oeo_N25_k1_L4_lr0.002_s27,moe_oeo,25,1,27,train,2,03_COMPLEX,0,01_TUMOR,5
moe_oeo_N25_k1_L4_lr0.002_s27,moe_oeo,25,1,27,train,2,03_COMPLEX,1,02_STROMA,56
moe_oeo_N25_k1_L4_lr0.002_s27,moe_oeo,25,1,27,train,2,03_COMPLEX,2,03_COMPLEX,342
moe_oeo_N25_k1_L4_lr0.002_s27,moe_oeo,25,1,27,train,2,03_COMPLEX,3,04_LYMPHO,4
moe_oeo_N25_k1_L4_lr0.002_s27,moe_oeo,25,1,27,train,2,03_COMPLEX,4,05_DEBRIS,9
moe_oeo_N25_k1_L4_lr0.002_s27,moe_oeo,25,1,27,train,2,03_COMPLEX,5,06_MUCOSA,21
moe_oeo_N25_k1_L4_lr0.002_s27,moe_oeo,25,1,27,train,2,03_COMPLEX,6,07_ADIPOSE,0
moe_oeo_N25_k1_L4_lr0.002_s27,moe_oeo,25,1,27,train,2,03_COMPLEX,7,08_EMPTY,0
moe_oeo_N25_k1_L4_lr0.002_s27,moe_oeo,25,1,27,train,3,04_LYMPHO,0,01_TUMOR,21
moe_oeo_N25_k1_L4_lr0.002_s27,moe_oeo,25,1,27,train,3,04_LYMPHO,1,02_STROMA,0
moe_oeo_N25_k1_L4_lr0.002_s27,moe_oeo,25,1,27,train,3,04_LYMPHO,2,03_COMPLEX,112
moe_oeo_N25_k1_L4_lr0.002_s27,moe_oeo,25,1,27,train,3,04_LYMPHO,3,04_LYMPHO,264
moe_oeo_N25_k1_L4_lr0.002_s27,moe_oeo,25,1,27,train,3,04_LYMPHO,4,05_DEBRIS,1
moe_oeo_N25_k1_L4_lr0.002_s27,moe_oeo,25,1,27,train,3,04_LYMPHO,5,06_MUCOSA,36
moe_oeo_N25_k1_L4_lr0.002_s27,moe_oeo,25,1,27,train,3,04_LYMPHO,6,07_ADIPOSE,3
moe_oeo_N25_k1_L4_lr0.002_s27,moe_oeo,25,1,27,train,3,04_LYMPHO,7,08_EMPTY,0
moe_oeo_N25_k1_L4_lr0.002_s27,moe_oeo,25,1,27,train,4,05_DEBRIS,0,01_TUMOR,1
moe_oeo_N25_k1_L4_lr0.002_s27,moe_oeo,25,1,27,train,4,05_DEBRIS,1,02_STROMA,135
moe_oeo_N25_k1_L4_lr0.002_s27,moe_oeo,25,1,27,train,4,05_DEBRIS,2,03_COMPLEX,13
moe_oeo_N25_k1_L4_lr0.002_s27,moe_oeo,25,1,27,train,4,05_DEBRIS,3,04_LYMPHO,0
moe_oeo_N25_k1_L4_lr0.002_s27,moe_oeo,25,1,27,train,4,05_DEBRIS,4,05_DEBRIS,222
moe_oeo_N25_k1_L4_lr0.002_s27,moe_oeo,25,1,27,train,4,05_DEBRIS,5,06_MUCOSA,35
moe_oeo_N25_k1_L4_lr0.002_s27,moe_oeo,25,1,27,train,4,05_DEBRIS,6,07_ADIPOSE,31
moe_oeo_N25_k1_L4_lr0.002_s27,moe_oeo,25,1,27,train,4,05_DEBRIS,7,08_EMPTY,0
moe_oeo_N25_k1_L4_lr0.002_s27,moe_oeo,25,1,27,train,5,06_MUCOSA,0,01_TUMOR,32
moe_oeo_N25_k1_L4_lr0.002_s27,moe_oeo,25,1,27,train,5,06_MUCOSA,1,02_STROMA,5
moe_oeo_N25_k1_L4_lr0.002_s27,moe_oeo,25,1,27,train,5,06_MUCOSA,2,03_COMPLEX,23
moe_oeo_N25_k1_L4_lr0.002_s27,moe_oeo,25,1,27,train,5,06_MUCOSA,3,04_LYMPHO,34
moe_oeo_N25_k1_L4_lr0.002_s27,moe_oeo,25,1,27,train,5,06_MUCOSA,4,05_DEBRIS,13
moe_oeo_N25_k1_L4_lr0.002_s27,moe_oeo,25,1,27,train,5,06_MUCOSA,5,06_MUCOSA,323
moe_oeo_N25_k1_L4_lr0.002_s27,moe_oeo,25,1,27,train,5,06_MUCOSA,6,07_ADIPOSE,7
moe_oeo_N25_k1_L4_lr0.002_s27,moe_oeo,25,1,27,train,5,06_MUCOSA,7,08_EMPTY,0
moe_oeo_N25_k1_L4_lr0.002_s27,moe_oeo,25,1,27,train,6,07_ADIPOSE,0,01_TUMOR,0
moe_oeo_N25_k1_L4_lr0.002_s27,moe_oeo,25,1,27,train,6,07_ADIPOSE,1,02_STROMA,0
moe_oeo_N25_k1_L4_lr0.002_s27,moe_oeo,25,1,27,train,6,07_ADIPOSE,2,03_COMPLEX,0
moe_oeo_N25_k1_L4_lr0.002_s27,moe_oeo,25,1,27,train,6,07_ADIPOSE,3,04_LYMPHO,0
moe_oeo_N25_k1_L4_lr0.002_s27,moe_oeo,25,1,27,train,6,07_ADIPOSE,4,05_DEBRIS,11
moe_oeo_N25_k1_L4_lr0.002_s27,moe_oeo,25,1,27,train,6,07_ADIPOSE,5,06_MUCOSA,8
moe_oeo_N25_k1_L4_lr0.002_s27,moe_oeo,25,1,27,train,6,07_ADIPOSE,6,07_ADIPOSE,332
moe_oeo_N25_k1_L4_lr0.002_s27,moe_oeo,25,1,27,train,6,07_ADIPOSE,7,08_EMPTY,86
moe_oeo_N25_k1_L4_lr0.002_s27,moe_oeo,25,1,27,train,7,08_EMPTY,0,01_TUMOR,1
moe_oeo_N25_k1_L4_lr0.002_s27,moe_oeo,25,1,27,train,7,08_EMPTY,1,02_STROMA,0
moe_oeo_N25_k1_L4_lr0.002_s27,moe_oeo,25,1,27,train,7,08_EMPTY,2,03_COMPLEX,0
moe_oeo_N25_k1_L4_lr0.002_s27,moe_oeo,25,1,27,train,7,08_EMPTY,3,04_LYMPHO,0
moe_oeo_N25_k1_L4_lr0.002_s27,moe_oeo,25,1,27,train,7,08_EMPTY,4,05_DEBRIS,0
moe_oeo_N25_k1_L4_lr0.002_s27,moe_oeo,25,1,27,train,7,08_EMPTY,5,06_MUCOSA,1
moe_oeo_N25_k1_L4_lr0.002_s27,moe_oeo,25,1,27,train,7,08_EMPTY,6,07_ADIPOSE,2
moe_oeo_N25_k1_L4_lr0.002_s27,moe_oeo,25,1,27,train,7,08_EMPTY,7,08_EMPTY,433
moe_oeo_N25_k1_L4_lr0.002_s27,moe_oeo,25,1,27,val,0,01_TUMOR,0,01_TUMOR,27
moe_oeo_N25_k1_L4_lr0.002_s27,moe_oeo,25,1,27,val,0,01_TUMOR,1,02_STROMA,1
moe_oeo_N25_k1_L4_lr0.002_s27,moe_oeo,25,1,27,val,0,01_TUMOR,2,03_COMPLEX,29
moe_oeo_N25_k1_L4_lr0.002_s27,moe_oeo,25,1,27,val,0,01_TUMOR,3,04_LYMPHO,12
moe_oeo_N25_k1_L4_lr0.002_s27,moe_oeo,25,1,27,val,0,01_TUMOR,4,05_DEBRIS,0
moe_oeo_N25_k1_L4_lr0.002_s27,moe_oeo,25,1,27,val,0,01_TUMOR,5,06_MUCOSA,24
moe_oeo_N25_k1_L4_lr0.002_s27,moe_oeo,25,1,27,val,0,01_TUMOR,6,07_ADIPOSE,1
moe_oeo_N25_k1_L4_lr0.002_s27,moe_oeo,25,1,27,val,0,01_TUMOR,7,08_EMPTY,0
moe_oeo_N25_k1_L4_lr0.002_s27,moe_oeo,25,1,27,val,1,02_STROMA,0,01_TUMOR,1
moe_oeo_N25_k1_L4_lr0.002_s27,moe_oeo,25,1,27,val,1,02_STROMA,1,02_STROMA,62
moe_oeo_N25_k1_L4_lr0.002_s27,moe_oeo,25,1,27,val,1,02_STROMA,2,03_COMPLEX,11
moe_oeo_N25_k1_L4_lr0.002_s27,moe_oeo,25,1,27,val,1,02_STROMA,3,04_LYMPHO,0
moe_oeo_N25_k1_L4_lr0.002_s27,moe_oeo,25,1,27,val,1,02_STROMA,4,05_DEBRIS,18
moe_oeo_N25_k1_L4_lr0.002_s27,moe_oeo,25,1,27,val,1,02_STROMA,5,06_MUCOSA,2
moe_oeo_N25_k1_L4_lr0.002_s27,moe_oeo,25,1,27,val,1,02_STROMA,6,07_ADIPOSE,0
moe_oeo_N25_k1_L4_lr0.002_s27,moe_oeo,25,1,27,val,1,02_STROMA,7,08_EMPTY,0
moe_oeo_N25_k1_L4_lr0.002_s27,moe_oeo,25,1,27,val,2,03_COMPLEX,0,01_TUMOR,1
moe_oeo_N25_k1_L4_lr0.002_s27,moe_oeo,25,1,27,val,2,03_COMPLEX,1,02_STROMA,24
moe_oeo_N25_k1_L4_lr0.002_s27,moe_oeo,25,1,27,val,2,03_COMPLEX,2,03_COMPLEX,55
moe_oeo_N25_k1_L4_lr0.002_s27,moe_oeo,25,1,27,val,2,03_COMPLEX,3,04_LYMPHO,2
moe_oeo_N25_k1_L4_lr0.002_s27,moe_oeo,25,1,27,val,2,03_COMPLEX,4,05_DEBRIS,9
moe_oeo_N25_k1_L4_lr0.002_s27,moe_oeo,25,1,27,val,2,03_COMPLEX,5,06_MUCOSA,3
moe_oeo_N25_k1_L4_lr0.002_s27,moe_oeo,25,1,27,val,2,03_COMPLEX,6,07_ADIPOSE,0
moe_oeo_N25_k1_L4_lr0.002_s27,moe_oeo,25,1,27,val,2,03_COMPLEX,7,08_EMPTY,0
moe_oeo_N25_k1_L4_lr0.002_s27,moe_oeo,25,1,27,val,3,04_LYMPHO,0,01_TUMOR,3
moe_oeo_N25_k1_L4_lr0.002_s27,moe_oeo,25,1,27,val,3,04_LYMPHO,1,02_STROMA,0
moe_oeo_N25_k1_L4_lr0.002_s27,moe_oeo,25,1,27,val,3,04_LYMPHO,2,03_COMPLEX,25
moe_oeo_N25_k1_L4_lr0.002_s27,moe_oeo,25,1,27,val,3,04_LYMPHO,3,04_LYMPHO,62
moe_oeo_N25_k1_L4_lr0.002_s27,moe_oeo,25,1,27,val,3,04_LYMPHO,4,05_DEBRIS,0
moe_oeo_N25_k1_L4_lr0.002_s27,moe_oeo,25,1,27,val,3,04_LYMPHO,5,06_MUCOSA,3
moe_oeo_N25_k1_L4_lr0.002_s27,moe_oeo,25,1,27,val,3,04_LYMPHO,6,07_ADIPOSE,1
moe_oeo_N25_k1_L4_lr0.002_s27,moe_oeo,25,1,27,val,3,04_LYMPHO,7,08_EMPTY,0
moe_oeo_N25_k1_L4_lr0.002_s27,moe_oeo,25,1,27,val,4,05_DEBRIS,0,01_TUMOR,1
moe_oeo_N25_k1_L4_lr0.002_s27,moe_oeo,25,1,27,val,4,05_DEBRIS,1,02_STROMA,26
moe_oeo_N25_k1_L4_lr0.002_s27,moe_oeo,25,1,27,val,4,05_DEBRIS,2,03_COMPLEX,4
moe_oeo_N25_k1_L4_lr0.002_s27,moe_oeo,25,1,27,val,4,05_DEBRIS,3,04_LYMPHO,0
moe_oeo_N25_k1_L4_lr0.002_s27,moe_oeo,25,1,27,val,4,05_DEBRIS,4,05_DEBRIS,45
moe_oeo_N25_k1_L4_lr0.002_s27,moe_oeo,25,1,27,val,4,05_DEBRIS,5,06_MUCOSA,9
moe_oeo_N25_k1_L4_lr0.002_s27,moe_oeo,25,1,27,val,4,05_DEBRIS,6,07_ADIPOSE,9
moe_oeo_N25_k1_L4_lr0.002_s27,moe_oeo,25,1,27,val,4,05_DEBRIS,7,08_EMPTY,0
moe_oeo_N25_k1_L4_lr0.002_s27,moe_oeo,25,1,27,val,5,06_MUCOSA,0,01_TUMOR,7
moe_oeo_N25_k1_L4_lr0.002_s27,moe_oeo,25,1,27,val,5,06_MUCOSA,1,02_STROMA,1
moe_oeo_N25_k1_L4_lr0.002_s27,moe_oeo,25,1,27,val,5,06_MUCOSA,2,03_COMPLEX,1
moe_oeo_N25_k1_L4_lr0.002_s27,moe_oeo,25,1,27,val,5,06_MUCOSA,3,04_LYMPHO,3
moe_oeo_N25_k1_L4_lr0.002_s27,moe_oeo,25,1,27,val,5,06_MUCOSA,4,05_DEBRIS,5
moe_oeo_N25_k1_L4_lr0.002_s27,moe_oeo,25,1,27,val,5,06_MUCOSA,5,06_MUCOSA,76
moe_oeo_N25_k1_L4_lr0.002_s27,moe_oeo,25,1,27,val,5,06_MUCOSA,6,07_ADIPOSE,1
moe_oeo_N25_k1_L4_lr0.002_s27,moe_oeo,25,1,27,val,5,06_MUCOSA,7,08_EMPTY,0
moe_oeo_N25_k1_L4_lr0.002_s27,moe_oeo,25,1,27,val,6,07_ADIPOSE,0,01_TUMOR,0
moe_oeo_N25_k1_L4_lr0.002_s27,moe_oeo,25,1,27,val,6,07_ADIPOSE,1,02_STROMA,0
moe_oeo_N25_k1_L4_lr0.002_s27,moe_oeo,25,1,27,val,6,07_ADIPOSE,2,03_COMPLEX,0
moe_oeo_N25_k1_L4_lr0.002_s27,moe_oeo,25,1,27,val,6,07_ADIPOSE,3,04_LYMPHO,0
moe_oeo_N25_k1_L4_lr0.002_s27,moe_oeo,25,1,27,val,6,07_ADIPOSE,4,05_DEBRIS,4
moe_oeo_N25_k1_L4_lr0.002_s27,moe_oeo,25,1,27,val,6,07_ADIPOSE,5,06_MUCOSA,2
moe_oeo_N25_k1_L4_lr0.002_s27,moe_oeo,25,1,27,val,6,07_ADIPOSE,6,07_ADIPOSE,62
moe_oeo_N25_k1_L4_lr0.002_s27,moe_oeo,25,1,27,val,6,07_ADIPOSE,7,08_EMPTY,26
moe_oeo_N25_k1_L4_lr0.002_s27,moe_oeo,25,1,27,val,7,08_EMPTY,0,01_TUMOR,0
moe_oeo_N25_k1_L4_lr0.002_s27,moe_oeo,25,1,27,val,7,08_EMPTY,1,02_STROMA,0
moe_oeo_N25_k1_L4_lr0.002_s27,moe_oeo,25,1,27,val,7,08_EMPTY,2,03_COMPLEX,0
moe_oeo_N25_k1_L4_lr0.002_s27,moe_oeo,25,1,27,val,7,08_EMPTY,3,04_LYMPHO,0
moe_oeo_N25_k1_L4_lr0.002_s27,moe_oeo,25,1,27,val,7,08_EMPTY,4,05_DEBRIS,0
moe_oeo_N25_k1_L4_lr0.002_s27,moe_oeo,25,1,27,val,7,08_EMPTY,5,06_MUCOSA,0
moe_oeo_N25_k1_L4_lr0.002_s27,moe_oeo,25,1,27,val,7,08_EMPTY,6,07_ADIPOSE,1
moe_oeo_N25_k1_L4_lr0.002_s27,moe_oeo,25,1,27,val,7,08_EMPTY,7,08_EMPTY,93
moe_oeo_N25_k6_L4_lr0.002_s27,moe_oeo,25,6,27,train,0,01_TUMOR,0,01_TUMOR,364
moe_oeo_N25_k6_L4_lr0.002_s27,moe_oeo,25,6,27,train,0,01_TUMOR,1,02_STROMA,4
moe_oeo_N25_k6_L4_lr0.002_s27,moe_oeo,25,6,27,train,0,01_TUMOR,2,03_COMPLEX,14
moe_oeo_N25_k6_L4_lr0.002_s27,moe_oeo,25,6,27,train,0,01_TUMOR,3,04_LYMPHO,24
moe_oeo_N25_k6_L4_lr0.002_s27,moe_oeo,25,6,27,train,0,01_TUMOR,4,05_DEBRIS,0
moe_oeo_N25_k6_L4_lr0.002_s27,moe_oeo,25,6,27,train,0,01_TUMOR,5,06_MUCOSA,31
moe_oeo_N25_k6_L4_lr0.002_s27,moe_oeo,25,6,27,train,0,01_TUMOR,6,07_ADIPOSE,0
moe_oeo_N25_k6_L4_lr0.002_s27,moe_oeo,25,6,27,train,0,01_TUMOR,7,08_EMPTY,0
moe_oeo_N25_k6_L4_lr0.002_s27,moe_oeo,25,6,27,train,1,02_STROMA,0,01_TUMOR,5
moe_oeo_N25_k6_L4_lr0.002_s27,moe_oeo,25,6,27,train,1,02_STROMA,1,02_STROMA,311
moe_oeo_N25_k6_L4_lr0.002_s27,moe_oeo,25,6,27,train,1,02_STROMA,2,03_COMPLEX,22
moe_oeo_N25_k6_L4_lr0.002_s27,moe_oeo,25,6,27,train,1,02_STROMA,3,04_LYMPHO,1
moe_oeo_N25_k6_L4_lr0.002_s27,moe_oeo,25,6,27,train,1,02_STROMA,4,05_DEBRIS,95
moe_oeo_N25_k6_L4_lr0.002_s27,moe_oeo,25,6,27,train,1,02_STROMA,5,06_MUCOSA,3
moe_oeo_N25_k6_L4_lr0.002_s27,moe_oeo,25,6,27,train,1,02_STROMA,6,07_ADIPOSE,0
moe_oeo_N25_k6_L4_lr0.002_s27,moe_oeo,25,6,27,train,1,02_STROMA,7,08_EMPTY,0
moe_oeo_N25_k6_L4_lr0.002_s27,moe_oeo,25,6,27,train,2,03_COMPLEX,0,01_TUMOR,13
moe_oeo_N25_k6_L4_lr0.002_s27,moe_oeo,25,6,27,train,2,03_COMPLEX,1,02_STROMA,41
moe_oeo_N25_k6_L4_lr0.002_s27,moe_oeo,25,6,27,train,2,03_COMPLEX,2,03_COMPLEX,347
moe_oeo_N25_k6_L4_lr0.002_s27,moe_oeo,25,6,27,train,2,03_COMPLEX,3,04_LYMPHO,12
moe_oeo_N25_k6_L4_lr0.002_s27,moe_oeo,25,6,27,train,2,03_COMPLEX,4,05_DEBRIS,11
moe_oeo_N25_k6_L4_lr0.002_s27,moe_oeo,25,6,27,train,2,03_COMPLEX,5,06_MUCOSA,13
moe_oeo_N25_k6_L4_lr0.002_s27,moe_oeo,25,6,27,train,2,03_COMPLEX,6,07_ADIPOSE,0
moe_oeo_N25_k6_L4_lr0.002_s27,moe_oeo,25,6,27,train,2,03_COMPLEX,7,08_EMPTY,0
moe_oeo_N25_k6_L4_lr0.002_s27,moe_oeo,25,6,27,train,3,04_LYMPHO,0,01_TUMOR,22
moe_oeo_N25_k6_L4_lr0.002_s27,moe_oeo,25,6,27,train,3,04_LYMPHO,1,02_STROMA,0
moe_oeo_N25_k6_L4_lr0.002_s27,moe_oeo,25,6,27,train,3,04_LYMPHO,2,03_COMPLEX,30
moe_oeo_N25_k6_L4_lr0.002_s27,moe_oeo,25,6,27,train,3,04_LYMPHO,3,04_LYMPHO,377
moe_oeo_N25_k6_L4_lr0.002_s27,moe_oeo,25,6,27,train,3,04_LYMPHO,4,05_DEBRIS,0
moe_oeo_N25_k6_L4_lr0.002_s27,moe_oeo,25,6,27,train,3,04_LYMPHO,5,06_MUCOSA,8
moe_oeo_N25_k6_L4_lr0.002_s27,moe_oeo,25,6,27,train,3,04_LYMPHO,6,07_ADIPOSE,0
moe_oeo_N25_k6_L4_lr0.002_s27,moe_oeo,25,6,27,train,3,04_LYMPHO,7,08_EMPTY,0
moe_oeo_N25_k6_L4_lr0.002_s27,moe_oeo,25,6,27,train,4,05_DEBRIS,0,01_TUMOR,1
moe_oeo_N25_k6_L4_lr0.002_s27,moe_oeo,25,6,27,train,4,05_DEBRIS,1,02_STROMA,64
moe_oeo_N25_k6_L4_lr0.002_s27,moe_oeo,25,6,27,train,4,05_DEBRIS,2,03_COMPLEX,10
moe_oeo_N25_k6_L4_lr0.002_s27,moe_oeo,25,6,27,train,4,05_DEBRIS,3,04_LYMPHO,0
moe_oeo_N25_k6_L4_lr0.002_s27,moe_oeo,25,6,27,train,4,05_DEBRIS,4,05_DEBRIS,320
moe_oeo_N25_k6_L4_lr0.002_s27,moe_oeo,25,6,27,train,4,05_DEBRIS,5,06_MUCOSA,24
moe_oeo_N25_k6_L4_lr0.002_s27,moe_oeo,25,6,27,train,4,05_DEBRIS,6,07_ADIPOSE,18
moe_oeo_N25_k6_L4_lr0.002_s27,moe_oeo,25,6,27,train,4,05_DEBRIS,7,08_EMPTY,0
moe_oeo_N25_k6_L4_lr0.002_s27,moe_oeo,25,6,27,train,5,06_MUCOSA,0,01_TUMOR,26
moe_oeo_N25_k6_L4_lr0.002_s27,moe_oeo,25,6,27,train,5,06_MUCOSA,1,02_STROMA,2
moe_oeo_N25_k6_L4_lr0.002_s27,moe_oeo,25,6,27,train,5,06_MUCOSA,2,03_COMPLEX,2
moe_oeo_N25_k6_L4_lr0.002_s27,moe_oeo,25,6,27,train,5,06_MUCOSA,3,04_LYMPHO,10
moe_oeo_N25_k6_L4_lr0.002_s27,moe_oeo,25,6,27,train,5,06_MUCOSA,4,05_DEBRIS,5
moe_oeo_N25_k6_L4_lr0.002_s27,moe_oeo,25,6,27,train,5,06_MUCOSA,5,06_MUCOSA,392
moe_oeo_N25_k6_L4_lr0.002_s27,moe_oeo,25,6,27,train,5,06_MUCOSA,6,07_ADIPOSE,0
moe_oeo_N25_k6_L4_lr0.002_s27,moe_oeo,25,6,27,train,5,06_MUCOSA,7,08_EMPTY,0
moe_oeo_N25_k6_L4_lr0.002_s27,moe_oeo,25,6,27,train,6,07_ADIPOSE,0,01_TUMOR,0
moe_oeo_N25_k6_L4_lr0.002_s27,moe_oeo,25,6,27,train,6,07_ADIPOSE,1,02_STROMA,0
moe_oeo_N25_k6_L4_lr0.002_s27,moe_oeo,25,6,27,train,6,07_ADIPOSE,2,03_COMPLEX,0
moe_oeo_N25_k6_L4_lr0.002_s27,moe_oeo,25,6,27,train,6,07_ADIPOSE,3,04_LYMPHO,0
moe_oeo_N25_k6_L4_lr0.002_s27,moe_oeo,25,6,27,train,6,07_ADIPOSE,4,05_DEBRIS,8
moe_oeo_N25_k6_L4_lr0.002_s27,moe_oeo,25,6,27,train,6,07_ADIPOSE,5,06_MUCOSA,1
moe_oeo_N25_k6_L4_lr0.002_s27,moe_oeo,25,6,27,train,6,07_ADIPOSE,6,07_ADIPOSE,414
moe_oeo_N25_k6_L4_lr0.002_s27,moe_oeo,25,6,27,train,6,07_ADIPOSE,7,08_EMPTY,14
moe_oeo_N25_k6_L4_lr0.002_s27,moe_oeo,25,6,27,train,7,08_EMPTY,0,01_TUMOR,0
moe_oeo_N25_k6_L4_lr0.002_s27,moe_oeo,25,6,27,train,7,08_EMPTY,1,02_STROMA,0
moe_oeo_N25_k6_L4_lr0.002_s27,moe_oeo,25,6,27,train,7,08_EMPTY,2,03_COMPLEX,0
moe_oeo_N25_k6_L4_lr0.002_s27,moe_oeo,25,6,27,train,7,08_EMPTY,3,04_LYMPHO,0
moe_oeo_N25_k6_L4_lr0.002_s27,moe_oeo,25,6,27,train,7,08_EMPTY,4,05_DEBRIS,0
moe_oeo_N25_k6_L4_lr0.002_s27,moe_oeo,25,6,27,train,7,08_EMPTY,5,06_MUCOSA,1
moe_oeo_N25_k6_L4_lr0.002_s27,moe_oeo,25,6,27,train,7,08_EMPTY,6,07_ADIPOSE,20
moe_oeo_N25_k6_L4_lr0.002_s27,moe_oeo,25,6,27,train,7,08_EMPTY,7,08_EMPTY,416
moe_oeo_N25_k6_L4_lr0.002_s27,moe_oeo,25,6,27,val,0,01_TUMOR,0,01_TUMOR,67
moe_oeo_N25_k6_L4_lr0.002_s27,moe_oeo,25,6,27,val,0,01_TUMOR,1,02_STROMA,0
moe_oeo_N25_k6_L4_lr0.002_s27,moe_oeo,25,6,27,val,0,01_TUMOR,2,03_COMPLEX,5
moe_oeo_N25_k6_L4_lr0.002_s27,moe_oeo,25,6,27,val,0,01_TUMOR,3,04_LYMPHO,14
moe_oeo_N25_k6_L4_lr0.002_s27,moe_oeo,25,6,27,val,0,01_TUMOR,4,05_DEBRIS,0
moe_oeo_N25_k6_L4_lr0.002_s27,moe_oeo,25,6,27,val,0,01_TUMOR,5,06_MUCOSA,7
moe_oeo_N25_k6_L4_lr0.002_s27,moe_oeo,25,6,27,val,0,01_TUMOR,6,07_ADIPOSE,1
moe_oeo_N25_k6_L4_lr0.002_s27,moe_oeo,25,6,27,val,0,01_TUMOR,7,08_EMPTY,0
moe_oeo_N25_k6_L4_lr0.002_s27,moe_oeo,25,6,27,val,1,02_STROMA,0,01_TUMOR,0
moe_oeo_N25_k6_L4_lr0.002_s27,moe_oeo,25,6,27,val,1,02_STROMA,1,02_STROMA,64
moe_oeo_N25_k6_L4_lr0.002_s27,moe_oeo,25,6,27,val,1,02_STROMA,2,03_COMPLEX,8
moe_oeo_N25_k6_L4_lr0.002_s27,moe_oeo,25,6,27,val,1,02_STROMA,3,04_LYMPHO,0
moe_oeo_N25_k6_L4_lr0.002_s27,moe_oeo,25,6,27,val,1,02_STROMA,4,05_DEBRIS,21
moe_oeo_N25_k6_L4_lr0.002_s27,moe_oeo,25,6,27,val,1,02_STROMA,5,06_MUCOSA,1
moe_oeo_N25_k6_L4_lr0.002_s27,moe_oeo,25,6,27,val,1,02_STROMA,6,07_ADIPOSE,0
moe_oeo_N25_k6_L4_lr0.002_s27,moe_oeo,25,6,27,val,1,02_STROMA,7,08_EMPTY,0
moe_oeo_N25_k6_L4_lr0.002_s27,moe_oeo,25,6,27,val,2,03_COMPLEX,0,01_TUMOR,2
moe_oeo_N25_k6_L4_lr0.002_s27,moe_oeo,25,6,27,val,2,03_COMPLEX,1,02_STROMA,20
moe_oeo_N25_k6_L4_lr0.002_s27,moe_oeo,25,6,27,val,2,03_COMPLEX,2,03_COMPLEX,63
moe_oeo_N25_k6_L4_lr0.002_s27,moe_oeo,25,6,27,val,2,03_COMPLEX,3,04_LYMPHO,3
moe_oeo_N25_k6_L4_lr0.002_s27,moe_oeo,25,6,27,val,2,03_COMPLEX,4,05_DEBRIS,5
moe_oeo_N25_k6_L4_lr0.002_s27,moe_oeo,25,6,27,val,2,03_COMPLEX,5,06_MUCOSA,1
moe_oeo_N25_k6_L4_lr0.002_s27,moe_oeo,25,6,27,val,2,03_COMPLEX,6,07_ADIPOSE,0
moe_oeo_N25_k6_L4_lr0.002_s27,moe_oeo,25,6,27,val,2,03_COMPLEX,7,08_EMPTY,0
moe_oeo_N25_k6_L4_lr0.002_s27,moe_oeo,25,6,27,val,3,04_LYMPHO,0,01_TUMOR,7
moe_oeo_N25_k6_L4_lr0.002_s27,moe_oeo,25,6,27,val,3,04_LYMPHO,1,02_STROMA,0
moe_oeo_N25_k6_L4_lr0.002_s27,moe_oeo,25,6,27,val,3,04_LYMPHO,2,03_COMPLEX,11
moe_oeo_N25_k6_L4_lr0.002_s27,moe_oeo,25,6,27,val,3,04_LYMPHO,3,04_LYMPHO,71
moe_oeo_N25_k6_L4_lr0.002_s27,moe_oeo,25,6,27,val,3,04_LYMPHO,4,05_DEBRIS,0
moe_oeo_N25_k6_L4_lr0.002_s27,moe_oeo,25,6,27,val,3,04_LYMPHO,5,06_MUCOSA,5
moe_oeo_N25_k6_L4_lr0.002_s27,moe_oeo,25,6,27,val,3,04_LYMPHO,6,07_ADIPOSE,0
moe_oeo_N25_k6_L4_lr0.002_s27,moe_oeo,25,6,27,val,3,04_LYMPHO,7,08_EMPTY,0
moe_oeo_N25_k6_L4_lr0.002_s27,moe_oeo,25,6,27,val,4,05_DEBRIS,0,01_TUMOR,1
moe_oeo_N25_k6_L4_lr0.002_s27,moe_oeo,25,6,27,val,4,05_DEBRIS,1,02_STROMA,13
moe_oeo_N25_k6_L4_lr0.002_s27,moe_oeo,25,6,27,val,4,05_DEBRIS,2,03_COMPLEX,5
moe_oeo_N25_k6_L4_lr0.002_s27,moe_oeo,25,6,27,val,4,05_DEBRIS,3,04_LYMPHO,0
moe_oeo_N25_k6_L4_lr0.002_s27,moe_oeo,25,6,27,val,4,05_DEBRIS,4,05_DEBRIS,55
moe_oeo_N25_k6_L4_lr0.002_s27,moe_oeo,25,6,27,val,4,05_DEBRIS,5,06_MUCOSA,8
moe_oeo_N25_k6_L4_lr0.002_s27,moe_oeo,25,6,27,val,4,05_DEBRIS,6,07_ADIPOSE,12
moe_oeo_N25_k6_L4_lr0.002_s27,moe_oeo,25,6,27,val,4,05_DEBRIS,7,08_EMPTY,0
moe_oeo_N25_k6_L4_lr0.002_s27,moe_oeo,25,6,27,val,5,06_MUCOSA,0,01_TUMOR,9
moe_oeo_N25_k6_L4_lr0.002_s27,moe_oeo,25,6,27,val,5,06_MUCOSA,1,02_STROMA,0
moe_oeo_N25_k6_L4_lr0.002_s27,moe_oeo,25,6,27,val,5,06_MUCOSA,2,03_COMPLEX,1
moe_oeo_N25_k6_L4_lr0.002_s27,moe_oeo,25,6,27,val,5,06_MUCOSA,3,04_LYMPHO,1
moe_oeo_N25_k6_L4_lr0.002_s27,moe_oeo,25,6,27,val,5,06_MUCOSA,4,05_DEBRIS,4
moe_oeo_N25_k6_L4_lr0.002_s27,moe_oeo,25,6,27,val,5,06_MUCOSA,5,06_MUCOSA,79
moe_oeo_N25_k6_L4_lr0.002_s27,moe_oeo,25,6,27,val,5,06_MUCOSA,6,07_ADIPOSE,0
moe_oeo_N25_k6_L4_lr0.002_s27,moe_oeo,25,6,27,val,5,06_MUCOSA,7,08_EMPTY,0
moe_oeo_N25_k6_L4_lr0.002_s27,moe_oeo,25,6,27,val,6,07_ADIPOSE,0,01_TUMOR,0
moe_oeo_N25_k6_L4_lr0.002_s27,moe_oeo,25,6,27,val,6,07_ADIPOSE,1,02_STROMA,0
moe_oeo_N25_k6_L4_lr0.002_s27,moe_oeo,25,6,27,val,6,07_ADIPOSE,2,03_COMPLEX,0
moe_oeo_N25_k6_L4_lr0.002_s27,moe_oeo,25,6,27,val,6,07_ADIPOSE,3,04_LYMPHO,0
moe_oeo_N25_k6_L4_lr0.002_s27,moe_oeo,25,6,27,val,6,07_ADIPOSE,4,05_DEBRIS,4
moe_oeo_N25_k6_L4_lr0.002_s27,moe_oeo,25,6,27,val,6,07_ADIPOSE,5,06_MUCOSA,0
moe_oeo_N25_k6_L4_lr0.002_s27,moe_oeo,25,6,27,val,6,07_ADIPOSE,6,07_ADIPOSE,86
moe_oeo_N25_k6_L4_lr0.002_s27,moe_oeo,25,6,27,val,6,07_ADIPOSE,7,08_EMPTY,4
moe_oeo_N25_k6_L4_lr0.002_s27,moe_oeo,25,6,27,val,7,08_EMPTY,0,01_TUMOR,0
moe_oeo_N25_k6_L4_lr0.002_s27,moe_oeo,25,6,27,val,7,08_EMPTY,1,02_STROMA,0
moe_oeo_N25_k6_L4_lr0.002_s27,moe_oeo,25,6,27,val,7,08_EMPTY,2,03_COMPLEX,0
moe_oeo_N25_k6_L4_lr0.002_s27,moe_oeo,25,6,27,val,7,08_EMPTY,3,04_LYMPHO,0
moe_oeo_N25_k6_L4_lr0.002_s27,moe_oeo,25,6,27,val,7,08_EMPTY,4,05_DEBRIS,0
moe_oeo_N25_k6_L4_lr0.002_s27,moe_oeo,25,6,27,val,7,08_EMPTY,5,06_MUCOSA,0
moe_oeo_N25_k6_L4_lr0.002_s27,moe_oeo,25,6,27,val,7,08_EMPTY,6,07_ADIPOSE,3
moe_oeo_N25_k6_L4_lr0.002_s27,moe_oeo,25,6,27,val,7,08_EMPTY,7,08_EMPTY,91
moe_oeo_N25_k12_L4_lr0.002_s27,moe_oeo,25,12,27,train,0,01_TUMOR,0,01_TUMOR,375
moe_oeo_N25_k12_L4_lr0.002_s27,moe_oeo,25,12,27,train,0,01_TUMOR,1,02_STROMA,5
moe_oeo_N25_k12_L4_lr0.002_s27,moe_oeo,25,12,27,train,0,01_TUMOR,2,03_COMPLEX,15
moe_oeo_N25_k12_L4_lr0.002_s27,moe_oeo,25,12,27,train,0,01_TUMOR,3,04_LYMPHO,16
moe_oeo_N25_k12_L4_lr0.002_s27,moe_oeo,25,12,27,train,0,01_TUMOR,4,05_DEBRIS,0
moe_oeo_N25_k12_L4_lr0.002_s27,moe_oeo,25,12,27,train,0,01_TUMOR,5,06_MUCOSA,26
moe_oeo_N25_k12_L4_lr0.002_s27,moe_oeo,25,12,27,train,0,01_TUMOR,6,07_ADIPOSE,0
moe_oeo_N25_k12_L4_lr0.002_s27,moe_oeo,25,12,27,train,0,01_TUMOR,7,08_EMPTY,0
moe_oeo_N25_k12_L4_lr0.002_s27,moe_oeo,25,12,27,train,1,02_STROMA,0,01_TUMOR,2
moe_oeo_N25_k12_L4_lr0.002_s27,moe_oeo,25,12,27,train,1,02_STROMA,1,02_STROMA,342
moe_oeo_N25_k12_L4_lr0.002_s27,moe_oeo,25,12,27,train,1,02_STROMA,2,03_COMPLEX,14
moe_oeo_N25_k12_L4_lr0.002_s27,moe_oeo,25,12,27,train,1,02_STROMA,3,04_LYMPHO,0
moe_oeo_N25_k12_L4_lr0.002_s27,moe_oeo,25,12,27,train,1,02_STROMA,4,05_DEBRIS,75
moe_oeo_N25_k12_L4_lr0.002_s27,moe_oeo,25,12,27,train,1,02_STROMA,5,06_MUCOSA,3
moe_oeo_N25_k12_L4_lr0.002_s27,moe_oeo,25,12,27,train,1,02_STROMA,6,07_ADIPOSE,1
moe_oeo_N25_k12_L4_lr0.002_s27,moe_oeo,25,12,27,train,1,02_STROMA,7,08_EMPTY,0
moe_oeo_N25_k12_L4_lr0.002_s27,moe_oeo,25,12,27,train,2,03_COMPLEX,0,01_TUMOR,8
moe_oeo_N25_k12_L4_lr0.002_s27,moe_oeo,25,12,27,train,2,03_COMPLEX,1,02_STROMA,38
moe_oeo_N25_k12_L4_lr0.002_s27,moe_oeo,25,12,27,train,2,03_COMPLEX,2,03_COMPLEX,358
moe_oeo_N25_k12_L4_lr0.002_s27,moe_oeo,25,12,27,train,2,03_COMPLEX,3,04_LYMPHO,13
moe_oeo_N25_k12_L4_lr0.002_s27,moe_oeo,25,12,27,train,2,03_COMPLEX,4,05_DEBRIS,6
moe_oeo_N25_k12_L4_lr0.002_s27,moe_oeo,25,12,27,train,2,03_COMPLEX,5,06_MUCOSA,14
moe_oeo_N25_k12_L4_lr0.002_s27,moe_oeo,25,12,27,train,2,03_COMPLEX,6,07_ADIPOSE,0
moe_oeo_N25_k12_L4_lr0.002_s27,moe_oeo,25,12,27,train,2,03_COMPLEX,7,08_EMPTY,0
moe_oeo_N25_k12_L4_lr0.002_s27,moe_oeo,25,12,27,train,3,04_LYMPHO,0,01_TUMOR,20
moe_oeo_N25_k12_L4_lr0.002_s27,moe_oeo,25,12,27,train,3,04_LYMPHO,1,02_STROMA,0
moe_oeo_N25_k12_L4_lr0.002_s27,moe_oeo,25,12,27,train,3,04_LYMPHO,2,03_COMPLEX,20
moe_oeo_N25_k12_L4_lr0.002_s27,moe_oeo,25,12,27,train,3,04_LYMPHO,3,04_LYMPHO,386
moe_oeo_N25_k12_L4_lr0.002_s27,moe_oeo,25,12,27,train,3,04_LYMPHO,4,05_DEBRIS,0
moe_oeo_N25_k12_L4_lr0.002_s27,moe_oeo,25,12,27,train,3,04_LYMPHO,5,06_MUCOSA,11
moe_oeo_N25_k12_L4_lr0.002_s27,moe_oeo,25,12,27,train,3,04_LYMPHO,6,07_ADIPOSE,0
moe_oeo_N25_k12_L4_lr0.002_s27,moe_oeo,25,12,27,train,3,04_LYMPHO,7,08_EMPTY,0
moe_oeo_N25_k12_L4_lr0.002_s27,moe_oeo,25,12,27,train,4,05_DEBRIS,0,01_TUMOR,1
moe_oeo_N25_k12_L4_lr0.002_s27,moe_oeo,25,12,27,train,4,05_DEBRIS,1,02_STROMA,35
moe_oeo_N25_k12_L4_lr0.002_s27,moe_oeo,25,12,27,train,4,05_DEBRIS,2,03_COMPLEX,7
moe_oeo_N25_k12_L4_lr0.002_s27,moe_oeo,25,12,27,train,4,05_DEBRIS,3,04_LYMPHO,0
moe_oeo_N25_k12_L4_lr0.002_s27,moe_oeo,25,12,27,train,4,05_DEBRIS,4,05_DEBRIS,366
moe_oeo_N25_k12_L4_lr0.002_s27,moe_oeo,25,12,27,train,4,05_DEBRIS,5,06_MUCOSA,20
moe_oeo_N25_k12_L4_lr0.002_s27,moe_oeo,25,12,27,train,4,05_DEBRIS,6,07_ADIPOSE,8
moe_oeo_N25_k12_L4_lr0.002_s27,moe_oeo,25,12,27,train,4,05_DEBRIS,7,08_EMPTY,0
moe_oeo_N25_k12_L4_lr0.002_s27,moe_oeo,25,12,27,train,5,06_MUCOSA,0,01_TUMOR,23
moe_oeo_N25_k12_L4_lr0.002_s27,moe_oeo,25,12,27,train,5,06_MUCOSA,1,02_STROMA,2
moe_oeo_N25_k12_L4_lr0.002_s27,moe_oeo,25,12,27,train,5,06_MUCOSA,2,03_COMPLEX,4
moe_oeo_N25_k12_L4_lr0.002_s27,moe_oeo,25,12,27,train,5,06_MUCOSA,3,04_LYMPHO,4
moe_oeo_N25_k12_L4_lr0.002_s27,moe_oeo,25,12,27,train,5,06_MUCOSA,4,05_DEBRIS,2
moe_oeo_N25_k12_L4_lr0.002_s27,moe_oeo,25,12,27,train,5,06_MUCOSA,5,06_MUCOSA,402
moe_oeo_N25_k12_L4_lr0.002_s27,moe_oeo,25,12,27,train,5,06_MUCOSA,6,07_ADIPOSE,0
moe_oeo_N25_k12_L4_lr0.002_s27,moe_oeo,25,12,27,train,5,06_MUCOSA,7,08_EMPTY,0
moe_oeo_N25_k12_L4_lr0.002_s27,moe_oeo,25,12,27,train,6,07_ADIPOSE,0,01_TUMOR,0
moe_oeo_N25_k12_L4_lr0.002_s27,moe_oeo,25,12,27,train,6,07_ADIPOSE,1,02_STROMA,0
moe_oeo_N25_k12_L4_lr0.002_s27,moe_oeo,25,12,27,train,6,07_ADIPOSE,2,03_COMPLEX,0
moe_oeo_N25_k12_L4_lr0.002_s27,moe_oeo,25,12,27,train,6,07_ADIPOSE,3,04_LYMPHO,0
moe_oeo_N25_k12_L4_lr0.002_s27,moe_oeo,25,12,27,train,6,07_ADIPOSE,4,05_DEBRIS,1
moe_oeo_N25_k12_L4_lr0.002_s27,moe_oeo,25,12,27,train,6,07_ADIPOSE,5,06_MUCOSA,0
moe_oeo_N25_k12_L4_lr0.002_s27,moe_oeo,25,12,27,train,6,07_ADIPOSE,6,07_ADIPOSE,427
moe_oeo_N25_k12_L4_lr0.002_s27,moe_oeo,25,12,27,train,6,07_ADIPOSE,7,08_EMPTY,9
moe_oeo_N25_k12_L4_lr0.002_s27,moe_oeo,25,12,27,train,7,08_EMPTY,0,01_TUMOR,0
moe_oeo_N25_k12_L4_lr0.002_s27,moe_oeo,25,12,27,train,7,08_EMPTY,1,02_STROMA,0
moe_oeo_N25_k12_L4_lr0.002_s27,moe_oeo,25,12,27,train,7,08_EMPTY,2,03_COMPLEX,0
moe_oeo_N25_k12_L4_lr0.002_s27,moe_oeo,25,12,27,train,7,08_EMPTY,3,04_LYMPHO,0
moe_oeo_N25_k12_L4_lr0.002_s27,moe_oeo,25,12,27,train,7,08_EMPTY,4,05_DEBRIS,0
moe_oeo_N25_k12_L4_lr0.002_s27,moe_oeo,25,12,27,train,7,08_EMPTY,5,06_MUCOSA,0
moe_oeo_N25_k12_L4_lr0.002_s27,moe_oeo,25,12,27,train,7,08_EMPTY,6,07_ADIPOSE,11
moe_oeo_N25_k12_L4_lr0.002_s27,moe_oeo,25,12,27,train,7,08_EMPTY,7,08_EMPTY,426
moe_oeo_N25_k12_L4_lr0.002_s27,moe_oeo,25,12,27,val,0,01_TUMOR,0,01_TUMOR,70
moe_oeo_N25_k12_L4_lr0.002_s27,moe_oeo,25,12,27,val,0,01_TUMOR,1,02_STROMA,0
moe_oeo_N25_k12_L4_lr0.002_s27,moe_oeo,25,12,27,val,0,01_TUMOR,2,03_COMPLEX,6
moe_oeo_N25_k12_L4_lr0.002_s27,moe_oeo,25,12,27,val,0,01_TUMOR,3,04_LYMPHO,12
moe_oeo_N25_k12_L4_lr0.002_s27,moe_oeo,25,12,27,val,0,01_TUMOR,4,05_DEBRIS,0
moe_oeo_N25_k12_L4_lr0.002_s27,moe_oeo,25,12,27,val,0,01_TUMOR,5,06_MUCOSA,6
moe_oeo_N25_k12_L4_lr0.002_s27,moe_oeo,25,12,27,val,0,01_TUMOR,6,07_ADIPOSE,0
moe_oeo_N25_k12_L4_lr0.002_s27,moe_oeo,25,12,27,val,0,01_TUMOR,7,08_EMPTY,0
moe_oeo_N25_k12_L4_lr0.002_s27,moe_oeo,25,12,27,val,1,02_STROMA,0,01_TUMOR,0
moe_oeo_N25_k12_L4_lr0.002_s27,moe_oeo,25,12,27,val,1,02_STROMA,1,02_STROMA,63
moe_oeo_N25_k12_L4_lr0.002_s27,moe_oeo,25,12,27,val,1,02_STROMA,2,03_COMPLEX,6
moe_oeo_N25_k12_L4_lr0.002_s27,moe_oeo,25,12,27,val,1,02_STROMA,3,04_LYMPHO,0
moe_oeo_N25_k12_L4_lr0.002_s27,moe_oeo,25,12,27,val,1,02_STROMA,4,05_DEBRIS,23
moe_oeo_N25_k12_L4_lr0.002_s27,moe_oeo,25,12,27,val,1,02_STROMA,5,06_MUCOSA,2
moe_oeo_N25_k12_L4_lr0.002_s27,moe_oeo,25,12,27,val,1,02_STROMA,6,07_ADIPOSE,0
moe_oeo_N25_k12_L4_lr0.002_s27,moe_oeo,25,12,27,val,1,02_STROMA,7,08_EMPTY,0
moe_oeo_N25_k12_L4_lr0.002_s27,moe_oeo,25,12,27,val,2,03_COMPLEX,0,01_TUMOR,3
moe_oeo_N25_k12_L4_lr0.002_s27,moe_oeo,25,12,27,val,2,03_COMPLEX,1,02_STROMA,20
moe_oeo_N25_k12_L4_lr0.002_s27,moe_oeo,25,12,27,val,2,03_COMPLEX,2,03_COMPLEX,65
moe_oeo_N25_k12_L4_lr0.002_s27,moe_oeo,25,12,27,val,2,03_COMPLEX,3,04_LYMPHO,1
moe_oeo_N25_k12_L4_lr0.002_s27,moe_oeo,25,12,27,val,2,03_COMPLEX,4,05_DEBRIS,5
moe_oeo_N25_k12_L4_lr0.002_s27,moe_oeo,25,12,27,val,2,03_COMPLEX,5,06_MUCOSA,0
moe_oeo_N25_k12_L4_lr0.002_s27,moe_oeo,25,12,27,val,2,03_COMPLEX,6,07_ADIPOSE,0
moe_oeo_N25_k12_L4_lr0.002_s27,moe_oeo,25,12,27,val,2,03_COMPLEX,7,08_EMPTY,0
moe_oeo_N25_k12_L4_lr0.002_s27,moe_oeo,25,12,27,val,3,04_LYMPHO,0,01_TUMOR,7
moe_oeo_N25_k12_L4_lr0.002_s27,moe_oeo,25,12,27,val,3,04_LYMPHO,1,02_STROMA,0
moe_oeo_N25_k12_L4_lr0.002_s27,moe_oeo,25,12,27,val,3,04_LYMPHO,2,03_COMPLEX,8
moe_oeo_N25_k12_L4_lr0.002_s27,moe_oeo,25,12,27,val,3,04_LYMPHO,3,04_LYMPHO,76
moe_oeo_N25_k12_L4_lr0.002_s27,moe_oeo,25,12,27,val,3,04_LYMPHO,4,05_DEBRIS,0
moe_oeo_N25_k12_L4_lr0.002_s27,moe_oeo,25,12,27,val,3,04_LYMPHO,5,06_MUCOSA,3
moe_oeo_N25_k12_L4_lr0.002_s27,moe_oeo,25,12,27,val,3,04_LYMPHO,6,07_ADIPOSE,0
moe_oeo_N25_k12_L4_lr0.002_s27,moe_oeo,25,12,27,val,3,04_LYMPHO,7,08_EMPTY,0
moe_oeo_N25_k12_L4_lr0.002_s27,moe_oeo,25,12,27,val,4,05_DEBRIS,0,01_TUMOR,1
moe_oeo_N25_k12_L4_lr0.002_s27,moe_oeo,25,12,27,val,4,05_DEBRIS,1,02_STROMA,8
moe_oeo_N25_k12_L4_lr0.002_s27,moe_oeo,25,12,27,val,4,05_DEBRIS,2,03_COMPLEX,3
moe_oeo_N25_k12_L4_lr0.002_s27,moe_oeo,25,12,27,val,4,05_DEBRIS,3,04_LYMPHO,0
moe_oeo_N25_k12_L4_lr0.002_s27,moe_oeo,25,12,27,val,4,05_DEBRIS,4,05_DEBRIS,67
moe_oeo_N25_k12_L4_lr0.002_s27,moe_oeo,25,12,27,val,4,05_DEBRIS,5,06_MUCOSA,8
moe_oeo_N25_k12_L4_lr0.002_s27,moe_oeo,25,12,27,val,4,05_DEBRIS,6,07_ADIPOSE,7
moe_oeo_N25_k12_L4_lr0.002_s27,moe_oeo,25,12,27,val,4,05_DEBRIS,7,08_EMPTY,0
moe_oeo_N25_k12_L4_lr0.002_s27,moe_oeo,25,12,27,val,5,06_MUCOSA,0,01_TUMOR,9
moe_oeo_N25_k12_L4_lr0.002_s27,moe_oeo,25,12,27,val,5,06_MUCOSA,1,02_STROMA,1
moe_oeo_N25_k12_L4_lr0.002_s27,moe_oeo,25,12,27,val,5,06_MUCOSA,2,03_COMPLEX,1
moe_oeo_N25_k12_L4_lr0.002_s27,moe_oeo,25,12,27,val,5,06_MUCOSA,3,04_LYMPHO,2
moe_oeo_N25_k12_L4_lr0.002_s27,moe_oeo,25,12,27,val,5,06_MUCOSA,4,05_DEBRIS,3
moe_oeo_N25_k12_L4_lr0.002_s27,moe_oeo,25,12,27,val,5,06_MUCOSA,5,06_MUCOSA,78
moe_oeo_N25_k12_L4_lr0.002_s27,moe_oeo,25,12,27,val,5,06_MUCOSA,6,07_ADIPOSE,0
moe_oeo_N25_k12_L4_lr0.002_s27,moe_oeo,25,12,27,val,5,06_MUCOSA,7,08_EMPTY,0
moe_oeo_N25_k12_L4_lr0.002_s27,moe_oeo,25,12,27,val,6,07_ADIPOSE,0,01_TUMOR,0
moe_oeo_N25_k12_L4_lr0.002_s27,moe_oeo,25,12,27,val,6,07_ADIPOSE,1,02_STROMA,0
moe_oeo_N25_k12_L4_lr0.002_s27,moe_oeo,25,12,27,val,6,07_ADIPOSE,2,03_COMPLEX,0
moe_oeo_N25_k12_L4_lr0.002_s27,moe_oeo,25,12,27,val,6,07_ADIPOSE,3,04_LYMPHO,0
moe_oeo_N25_k12_L4_lr0.002_s27,moe_oeo,25,12,27,val,6,07_ADIPOSE,4,05_DEBRIS,1
moe_oeo_N25_k12_L4_lr0.002_s27,moe_oeo,25,12,27,val,6,07_ADIPOSE,5,06_MUCOSA,0
moe_oeo_N25_k12_L4_lr0.002_s27,moe_oeo,25,12,27,val,6,07_ADIPOSE,6,07_ADIPOSE,88
moe_oeo_N25_k12_L4_lr0.002_s27,moe_oeo,25,12,27,val,6,07_ADIPOSE,7,08_EMPTY,5
moe_oeo_N25_k12_L4_lr0.002_s27,moe_oeo,25,12,27,val,7,08_EMPTY,0,01_TUMOR,0
moe_oeo_N25_k12_L4_lr0.002_s27,moe_oeo,25,12,27,val,7,08_EMPTY,1,02_STROMA,0
moe_oeo_N25_k12_L4_lr0.002_s27,moe_oeo,25,12,27,val,7,08_EMPTY,2,03_COMPLEX,0
moe_oeo_N25_k12_L4_lr0.002_s27,moe_oeo,25,12,27,val,7,08_EMPTY,3,04_LYMPHO,0
moe_oeo_N25_k12_L4_lr0.002_s27,moe_oeo,25,12,27,val,7,08_EMPTY,4,05_DEBRIS,0
moe_oeo_N25_k12_L4_lr0.002_s27,moe_oeo,25,12,27,val,7,08_EMPTY,5,06_MUCOSA,0
moe_oeo_N25_k12_L4_lr0.002_s27,moe_oeo,25,12,27,val,7,08_EMPTY,6,07_ADIPOSE,2
moe_oeo_N25_k12_L4_lr0.002_s27,moe_oeo,25,12,27,val,7,08_EMPTY,7,08_EMPTY,92
moe_oeo_N25_k25_L4_lr0.002_s27,moe_oeo,25,25,27,train,0,01_TUMOR,0,01_TUMOR,303
moe_oeo_N25_k25_L4_lr0.002_s27,moe_oeo,25,25,27,train,0,01_TUMOR,1,02_STROMA,6
moe_oeo_N25_k25_L4_lr0.002_s27,moe_oeo,25,25,27,train,0,01_TUMOR,2,03_COMPLEX,40
moe_oeo_N25_k25_L4_lr0.002_s27,moe_oeo,25,25,27,train,0,01_TUMOR,3,04_LYMPHO,47
moe_oeo_N25_k25_L4_lr0.002_s27,moe_oeo,25,25,27,train,0,01_TUMOR,4,05_DEBRIS,0
moe_oeo_N25_k25_L4_lr0.002_s27,moe_oeo,25,25,27,train,0,01_TUMOR,5,06_MUCOSA,41
moe_oeo_N25_k25_L4_lr0.002_s27,moe_oeo,25,25,27,train,0,01_TUMOR,6,07_ADIPOSE,0
moe_oeo_N25_k25_L4_lr0.002_s27,moe_oeo,25,25,27,train,0,01_TUMOR,7,08_EMPTY,0
moe_oeo_N25_k25_L4_lr0.002_s27,moe_oeo,25,25,27,train,1,02_STROMA,0,01_TUMOR,2
moe_oeo_N25_k25_L4_lr0.002_s27,moe_oeo,25,25,27,train,1,02_STROMA,1,02_STROMA,314
moe_oeo_N25_k25_L4_lr0.002_s27,moe_oeo,25,25,27,train,1,02_STROMA,2,03_COMPLEX,21
moe_oeo_N25_k25_L4_lr0.002_s27,moe_oeo,25,25,27,train,1,02_STROMA,3,04_LYMPHO,0
moe_oeo_N25_k25_L4_lr0.002_s27,moe_oeo,25,25,27,train,1,02_STROMA,4,05_DEBRIS,93
moe_oeo_N25_k25_L4_lr0.002_s27,moe_oeo,25,25,27,train,1,02_STROMA,5,06_MUCOSA,6
moe_oeo_N25_k25_L4_lr0.002_s27,moe_oeo,25,25,27,train,1,02_STROMA,6,07_ADIPOSE,1
moe_oeo_N25_k25_L4_lr0.002_s27,moe_oeo,25,25,27,train,1,02_STROMA,7,08_EMPTY,0
moe_oeo_N25_k25_L4_lr0.002_s27,moe_oeo,25,25,27,train,2,03_COMPLEX,0,01_TUMOR,18
moe_oeo_N25_k25_L4_lr0.002_s27,moe_oeo,25,25,27,train,2,03_COMPLEX,1,02_STROMA,55
moe_oeo_N25_k25_L4_lr0.002_s27,moe_oeo,25,25,27,train,2,03_COMPLEX,2,03_COMPLEX,329
moe_oeo_N25_k25_L4_lr0.002_s27,moe_oeo,25,25,27,train,2,03_COMPLEX,3,04_LYMPHO,12
moe_oeo_N25_k25_L4_lr0.002_s27,moe_oeo,25,25,27,train,2,03_COMPLEX,4,05_DEBRIS,9
moe_oeo_N25_k25_L4_lr0.002_s27,moe_oeo,25,25,27,train,2,03_COMPLEX,5,06_MUCOSA,14
moe_oeo_N25_k25_L4_lr0.002_s27,moe_oeo,25,25,27,train,2,03_COMPLEX,6,07_ADIPOSE,0
moe_oeo_N25_k25_L4_lr0.002_s27,moe_oeo,25,25,27,train,2,03_COMPLEX,7,08_EMPTY,0
moe_oeo_N25_k25_L4_lr0.002_s27,moe_oeo,25,25,27,train,3,04_LYMPHO,0,01_TUMOR,19
moe_oeo_N25_k25_L4_lr0.002_s27,moe_oeo,25,25,27,train,3,04_LYMPHO,1,02_STROMA,1
moe_oeo_N25_k25_L4_lr0.002_s27,moe_oeo,25,25,27,train,3,04_LYMPHO,2,03_COMPLEX,36
moe_oeo_N25_k25_L4_lr0.002_s27,moe_oeo,25,25,27,train,3,04_LYMPHO,3,04_LYMPHO,375
moe_oeo_N25_k25_L4_lr0.002_s27,moe_oeo,25,25,27,train,3,04_LYMPHO,4,05_DEBRIS,0
moe_oeo_N25_k25_L4_lr0.002_s27,moe_oeo,25,25,27,train,3,04_LYMPHO,5,06_MUCOSA,6
moe_oeo_N25_k25_L4_lr0.002_s27,moe_oeo,25,25,27,train,3,04_LYMPHO,6,07_ADIPOSE,0
moe_oeo_N25_k25_L4_lr0.002_s27,moe_oeo,25,25,27,train,3,04_LYMPHO,7,08_EMPTY,0
moe_oeo_N25_k25_L4_lr0.002_s27,moe_oeo,25,25,27,train,4,05_DEBRIS,0,01_TUMOR,0
moe_oeo_N25_k25_L4_lr0.002_s27,moe_oeo,25,25,27,train,4,05_DEBRIS,1,02_STROMA,78
moe_oeo_N25_k25_L4_lr0.002_s27,moe_oeo,25,25,27,train,4,05_DEBRIS,2,03_COMPLEX,9
moe_oeo_N25_k25_L4_lr0.002_s27,moe_oeo,25,25,27,train,4,05_DEBRIS,3,04_LYMPHO,0
moe_oeo_N25_k25_L4_lr0.002_s27,moe_oeo,25,25,27,train,4,05_DEBRIS,4,05_DEBRIS,323
moe_oeo_N25_k25_L4_lr0.002_s27,moe_oeo,25,25,27,train,4,05_DEBRIS,5,06_MUCOSA,22
moe_oeo_N25_k25_L4_lr0.002_s27,moe_oeo,25,25,27,train,4,05_DEBRIS,6,07_ADIPOSE,5
moe_oeo_N25_k25_L4_lr0.002_s27,moe_oeo,25,25,27,train,4,05_DEBRIS,7,08_EMPTY,0
moe_oeo_N25_k25_L4_lr0.002_s27,moe_oeo,25,25,27,train,5,06_MUCOSA,0,01_TUMOR,28
moe_oeo_N25_k25_L4_lr0.002_s27,moe_oeo,25,25,27,train,5,06_MUCOSA,1,02_STROMA,2
moe_oeo_N25_k25_L4_lr0.002_s27,moe_oeo,25,25,27,train,5,06_MUCOSA,2,03_COMPLEX,3
moe_oeo_N25_k25_L4_lr0.002_s27,moe_oeo,25,25,27,train,5,06_MUCOSA,3,04_LYMPHO,8
moe_oeo_N25_k25_L4_lr0.002_s27,moe_oeo,25,25,27,train,5,06_MUCOSA,4,05_DEBRIS,1
moe_oeo_N25_k25_L4_lr0.002_s27,moe_oeo,25,25,27,train,5,06_MUCOSA,5,06_MUCOSA,395
moe_oeo_N25_k25_L4_lr0.002_s27,moe_oeo,25,25,27,train,5,06_MUCOSA,6,07_ADIPOSE,0
moe_oeo_N25_k25_L4_lr0.002_s27,moe_oeo,25,25,27,train,5,06_MUCOSA,7,08_EMPTY,0
moe_oeo_N25_k25_L4_lr0.002_s27,moe_oeo,25,25,27,train,6,07_ADIPOSE,0,01_TUMOR,0
moe_oeo_N25_k25_L4_lr0.002_s27,moe_oeo,25,25,27,train,6,07_ADIPOSE,1,02_STROMA,0
moe_oeo_N25_k25_L4_lr0.002_s27,moe_oeo,25,25,27,train,6,07_ADIPOSE,2,03_COMPLEX,0
moe_oeo_N25_k25_L4_lr0.002_s27,moe_oeo,25,25,27,train,6,07_ADIPOSE,3,04_LYMPHO,0
moe_oeo_N25_k25_L4_lr0.002_s27,moe_oeo,25,25,27,train,6,07_ADIPOSE,4,05_DEBRIS,1
moe_oeo_N25_k25_L4_lr0.002_s27,moe_oeo,25,25,27,train,6,07_ADIPOSE,5,06_MUCOSA,0
moe_oeo_N25_k25_L4_lr0.002_s27,moe_oeo,25,25,27,train,6,07_ADIPOSE,6,07_ADIPOSE,426
moe_oeo_N25_k25_L4_lr0.002_s27,moe_oeo,25,25,27,train,6,07_ADIPOSE,7,08_EMPTY,10
moe_oeo_N25_k25_L4_lr0.002_s27,moe_oeo,25,25,27,train,7,08_EMPTY,0,01_TUMOR,0
moe_oeo_N25_k25_L4_lr0.002_s27,moe_oeo,25,25,27,train,7,08_EMPTY,1,02_STROMA,0
moe_oeo_N25_k25_L4_lr0.002_s27,moe_oeo,25,25,27,train,7,08_EMPTY,2,03_COMPLEX,0
moe_oeo_N25_k25_L4_lr0.002_s27,moe_oeo,25,25,27,train,7,08_EMPTY,3,04_LYMPHO,0
moe_oeo_N25_k25_L4_lr0.002_s27,moe_oeo,25,25,27,train,7,08_EMPTY,4,05_DEBRIS,0
moe_oeo_N25_k25_L4_lr0.002_s27,moe_oeo,25,25,27,train,7,08_EMPTY,5,06_MUCOSA,0
moe_oeo_N25_k25_L4_lr0.002_s27,moe_oeo,25,25,27,train,7,08_EMPTY,6,07_ADIPOSE,8
moe_oeo_N25_k25_L4_lr0.002_s27,moe_oeo,25,25,27,train,7,08_EMPTY,7,08_EMPTY,429
moe_oeo_N25_k25_L4_lr0.002_s27,moe_oeo,25,25,27,val,0,01_TUMOR,0,01_TUMOR,57
moe_oeo_N25_k25_L4_lr0.002_s27,moe_oeo,25,25,27,val,0,01_TUMOR,1,02_STROMA,0
moe_oeo_N25_k25_L4_lr0.002_s27,moe_oeo,25,25,27,val,0,01_TUMOR,2,03_COMPLEX,9
moe_oeo_N25_k25_L4_lr0.002_s27,moe_oeo,25,25,27,val,0,01_TUMOR,3,04_LYMPHO,22
moe_oeo_N25_k25_L4_lr0.002_s27,moe_oeo,25,25,27,val,0,01_TUMOR,4,05_DEBRIS,0
moe_oeo_N25_k25_L4_lr0.002_s27,moe_oeo,25,25,27,val,0,01_TUMOR,5,06_MUCOSA,6
moe_oeo_N25_k25_L4_lr0.002_s27,moe_oeo,25,25,27,val,0,01_TUMOR,6,07_ADIPOSE,0
moe_oeo_N25_k25_L4_lr0.002_s27,moe_oeo,25,25,27,val,0,01_TUMOR,7,08_EMPTY,0
moe_oeo_N25_k25_L4_lr0.002_s27,moe_oeo,25,25,27,val,1,02_STROMA,0,01_TUMOR,0
moe_oeo_N25_k25_L4_lr0.002_s27,moe_oeo,25,25,27,val,1,02_STROMA,1,02_STROMA,57
moe_oeo_N25_k25_L4_lr0.002_s27,moe_oeo,25,25,27,val,1,02_STROMA,2,03_COMPLEX,9
moe_oeo_N25_k25_L4_lr0.002_s27,moe_oeo,25,25,27,val,1,02_STROMA,3,04_LYMPHO,0
moe_oeo_N25_k25_L4_lr0.002_s27,moe_oeo,25,25,27,val,1,02_STROMA,4,05_DEBRIS,26
moe_oeo_N25_k25_L4_lr0.002_s27,moe_oeo,25,25,27,val,1,02_STROMA,5,06_MUCOSA,2
moe_oeo_N25_k25_L4_lr0.002_s27,moe_oeo,25,25,27,val,1,02_STROMA,6,07_ADIPOSE,0
moe_oeo_N25_k25_L4_lr0.002_s27,moe_oeo,25,25,27,val,1,02_STROMA,7,08_EMPTY,0
moe_oeo_N25_k25_L4_lr0.002_s27,moe_oeo,25,25,27,val,2,03_COMPLEX,0,01_TUMOR,8
moe_oeo_N25_k25_L4_lr0.002_s27,moe_oeo,25,25,27,val,2,03_COMPLEX,1,02_STROMA,22
moe_oeo_N25_k25_L4_lr0.002_s27,moe_oeo,25,25,27,val,2,03_COMPLEX,2,03_COMPLEX,58
moe_oeo_N25_k25_L4_lr0.002_s27,moe_oeo,25,25,27,val,2,03_COMPLEX,3,04_LYMPHO,2
moe_oeo_N25_k25_L4_lr0.002_s27,moe_oeo,25,25,27,val,2,03_COMPLEX,4,05_DEBRIS,3
moe_oeo_N25_k25_L4_lr0.002_s27,moe_oeo,25,25,27,val,2,03_COMPLEX,5,06_MUCOSA,1
moe_oeo_N25_k25_L4_lr0.002_s27,moe_oeo,25,25,27,val,2,03_COMPLEX,6,07_ADIPOSE,0
moe_oeo_N25_k25_L4_lr0.002_s27,moe_oeo,25,25,27,val,2,03_COMPLEX,7,08_EMPTY,0
moe_oeo_N25_k25_L4_lr0.002_s27,moe_oeo,25,25,27,val,3,04_LYMPHO,0,01_TUMOR,7
moe_oeo_N25_k25_L4_lr0.002_s27,moe_oeo,25,25,27,val,3,04_LYMPHO,1,02_STROMA,0
moe_oeo_N25_k25_L4_lr0.002_s27,moe_oeo,25,25,27,val,3,04_LYMPHO,2,03_COMPLEX,10
moe_oeo_N25_k25_L4_lr0.002_s27,moe_oeo,25,25,27,val,3,04_LYMPHO,3,04_LYMPHO,76
moe_oeo_N25_k25_L4_lr0.002_s27,moe_oeo,25,25,27,val,3,04_LYMPHO,4,05_DEBRIS,0
moe_oeo_N25_k25_L4_lr0.002_s27,moe_oeo,25,25,27,val,3,04_LYMPHO,5,06_MUCOSA,1
moe_oeo_N25_k25_L4_lr0.002_s27,moe_oeo,25,25,27,val,3,04_LYMPHO,6,07_ADIPOSE,0
moe_oeo_N25_k25_L4_lr0.002_s27,moe_oeo,25,25,27,val,3,04_LYMPHO,7,08_EMPTY,0
moe_oeo_N25_k25_L4_lr0.002_s27,moe_oeo,25,25,27,val,4,05_DEBRIS,0,01_TUMOR,2
moe_oeo_N25_k25_L4_lr0.002_s27,moe_oeo,25,25,27,val,4,05_DEBRIS,1,02_STROMA,14
moe_oeo_N25_k25_L4_lr0.002_s27,moe_oeo,25,25,27,val,4,05_DEBRIS,2,03_COMPLEX,3
moe_oeo_N25_k25_L4_lr0.002_s27,moe_oeo,25,25,27,val,4,05_DEBRIS,3,04_LYMPHO,0
moe_oeo_N25_k25_L4_lr0.002_s27,moe_oeo,25,25,27,val,4,05_DEBRIS,4,05_DEBRIS,58
moe_oeo_N25_k25_L4_lr0.002_s27,moe_oeo,25,25,27,val,4,05_DEBRIS,5,06_MUCOSA,10
moe_oeo_N25_k25_L4_lr0.002_s27,moe_oeo,25,25,27,val,4,05_DEBRIS,6,07_ADIPOSE,7
moe_oeo_N25_k25_L4_lr0.002_s27,moe_oeo,25,25,27,val,4,05_DEBRIS,7,08_EMPTY,0
moe_oeo_N25_k25_L4_lr0.002_s27,moe_oeo,25,25,27,val,5,06_MUCOSA,0,01_TUMOR,9
moe_oeo_N25_k25_L4_lr0.002_s27,moe_oeo,25,25,27,val,5,06_MUCOSA,1,02_STROMA,1
moe_oeo_N25_k25_L4_lr0.002_s27,moe_oeo,25,25,27,val,5,06_MUCOSA,2,03_COMPLEX,1
moe_oeo_N25_k25_L4_lr0.002_s27,moe_oeo,25,25,27,val,5,06_MUCOSA,3,04_LYMPHO,7
moe_oeo_N25_k25_L4_lr0.002_s27,moe_oeo,25,25,27,val,5,06_MUCOSA,4,05_DEBRIS,2
moe_oeo_N25_k25_L4_lr0.002_s27,moe_oeo,25,25,27,val,5,06_MUCOSA,5,06_MUCOSA,74
moe_oeo_N25_k25_L4_lr0.002_s27,moe_oeo,25,25,27,val,5,06_MUCOSA,6,07_ADIPOSE,0
moe_oeo_N25_k25_L4_lr0.002_s27,moe_oeo,25,25,27,val,5,06_MUCOSA,7,08_EMPTY,0
moe_oeo_N25_k25_L4_lr0.002_s27,moe_oeo,25,25,27,val,6,07_ADIPOSE,0,01_TUMOR,0
moe_oeo_N25_k25_L4_lr0.002_s27,moe_oeo,25,25,27,val,6,07_ADIPOSE,1,02_STROMA,0
moe_oeo_N25_k25_L4_lr0.002_s27,moe_oeo,25,25,27,val,6,07_ADIPOSE,2,03_COMPLEX,0
moe_oeo_N25_k25_L4_lr0.002_s27,moe_oeo,25,25,27,val,6,07_ADIPOSE,3,04_LYMPHO,0
moe_oeo_N25_k25_L4_lr0.002_s27,moe_oeo,25,25,27,val,6,07_ADIPOSE,4,05_DEBRIS,2
moe_oeo_N25_k25_L4_lr0.002_s27,moe_oeo,25,25,27,val,6,07_ADIPOSE,5,06_MUCOSA,0
moe_oeo_N25_k25_L4_lr0.002_s27,moe_oeo,25,25,27,val,6,07_ADIPOSE,6,07_ADIPOSE,87
moe_oeo_N25_k25_L4_lr0.002_s27,moe_oeo,25,25,27,val,6,07_ADIPOSE,7,08_EMPTY,5
moe_oeo_N25_k25_L4_lr0.002_s27,moe_oeo,25,25,27,val,7,08_EMPTY,0,01_TUMOR,0
moe_oeo_N25_k25_L4_lr0.002_s27,moe_oeo,25,25,27,val,7,08_EMPTY,1,02_STROMA,0
moe_oeo_N25_k25_L4_lr0.002_s27,moe_oeo,25,25,27,val,7,08_EMPTY,2,03_COMPLEX,0
moe_oeo_N25_k25_L4_lr0.002_s27,moe_oeo,25,25,27,val,7,08_EMPTY,3,04_LYMPHO,0
moe_oeo_N25_k25_L4_lr0.002_s27,moe_oeo,25,25,27,val,7,08_EMPTY,4,05_DEBRIS,0
moe_oeo_N25_k25_L4_lr0.002_s27,moe_oeo,25,25,27,val,7,08_EMPTY,5,06_MUCOSA,0
moe_oeo_N25_k25_L4_lr0.002_s27,moe_oeo,25,25,27,val,7,08_EMPTY,6,07_ADIPOSE,2
moe_oeo_N25_k25_L4_lr0.002_s27,moe_oeo,25,25,27,val,7,08_EMPTY,7,08_EMPTY,92
moe_oeo_N49_k1_L4_lr0.002_s27,moe_oeo,49,1,27,train,0,01_TUMOR,0,01_TUMOR,143
moe_oeo_N49_k1_L4_lr0.002_s27,moe_oeo,49,1,27,train,0,01_TUMOR,1,02_STROMA,12
moe_oeo_N49_k1_L4_lr0.002_s27,moe_oeo,49,1,27,train,0,01_TUMOR,2,03_COMPLEX,90
moe_oeo_N49_k1_L4_lr0.002_s27,moe_oeo,49,1,27,train,0,01_TUMOR,3,04_LYMPHO,46
moe_oeo_N49_k1_L4_lr0.002_s27,moe_oeo,49,1,27,train,0,01_TUMOR,4,05_DEBRIS,2
moe_oeo_N49_k1_L4_lr0.002_s27,moe_oeo,49,1,27,train,0,01_TUMOR,5,06_MUCOSA,96
moe_oeo_N49_k1_L4_lr0.002_s27,moe_oeo,49,1,27,train,0,01_TUMOR,6,07_ADIPOSE,45
moe_oeo_N49_k1_L4_lr0.002_s27,moe_oeo,49,1,27,train,0,01_TUMOR,7,08_EMPTY,3
moe_oeo_N49_k1_L4_lr0.002_s27,moe_oeo,49,1,27,train,1,02_STROMA,0,01_TUMOR,2
moe_oeo_N49_k1_L4_lr0.002_s27,moe_oeo,49,1,27,train,1,02_STROMA,1,02_STROMA,330
moe_oeo_N49_k1_L4_lr0.002_s27,moe_oeo,49,1,27,train,1,02_STROMA,2,03_COMPLEX,38
moe_oeo_N49_k1_L4_lr0.002_s27,moe_oeo,49,1,27,train,1,02_STROMA,3,04_LYMPHO,2
moe_oeo_N49_k1_L4_lr0.002_s27,moe_oeo,49,1,27,train,1,02_STROMA,4,05_DEBRIS,49
moe_oeo_N49_k1_L4_lr0.002_s27,moe_oeo,49,1,27,train,1,02_STROMA,5,06_MUCOSA,14
moe_oeo_N49_k1_L4_lr0.002_s27,moe_oeo,49,1,27,train,1,02_STROMA,6,07_ADIPOSE,2
moe_oeo_N49_k1_L4_lr0.002_s27,moe_oeo,49,1,27,train,1,02_STROMA,7,08_EMPTY,0
moe_oeo_N49_k1_L4_lr0.002_s27,moe_oeo,49,1,27,train,2,03_COMPLEX,0,01_TUMOR,23
moe_oeo_N49_k1_L4_lr0.002_s27,moe_oeo,49,1,27,train,2,03_COMPLEX,1,02_STROMA,117
moe_oeo_N49_k1_L4_lr0.002_s27,moe_oeo,49,1,27,train,2,03_COMPLEX,2,03_COMPLEX,226
moe_oeo_N49_k1_L4_lr0.002_s27,moe_oeo,49,1,27,train,2,03_COMPLEX,3,04_LYMPHO,29
moe_oeo_N49_k1_L4_lr0.002_s27,moe_oeo,49,1,27,train,2,03_COMPLEX,4,05_DEBRIS,13
moe_oeo_N49_k1_L4_lr0.002_s27,moe_oeo,49,1,27,train,2,03_COMPLEX,5,06_MUCOSA,24
moe_oeo_N49_k1_L4_lr0.002_s27,moe_oeo,49,1,27,train,2,03_COMPLEX,6,07_ADIPOSE,5
moe_oeo_N49_k1_L4_lr0.002_s27,moe_oeo,49,1,27,train,2,03_COMPLEX,7,08_EMPTY,0
moe_oeo_N49_k1_L4_lr0.002_s27,moe_oeo,49,1,27,train,3,04_LYMPHO,0,01_TUMOR,49
moe_oeo_N49_k1_L4_lr0.002_s27,moe_oeo,49,1,27,train,3,04_LYMPHO,1,02_STROMA,2
moe_oeo_N49_k1_L4_lr0.002_s27,moe_oeo,49,1,27,train,3,04_LYMPHO,2,03_COMPLEX,73
moe_oeo_N49_k1_L4_lr0.002_s27,moe_oeo,49,1,27,train,3,04_LYMPHO,3,04_LYMPHO,242
moe_oeo_N49_k1_L4_lr0.002_s27,moe_oeo,49,1,27,train,3,04_LYMPHO,4,05_DEBRIS,4
moe_oeo_N49_k1_L4_lr0.002_s27,moe_oeo,49,1,27,train,3,04_LYMPHO,5,06_MUCOSA,45
moe_oeo_N49_k1_L4_lr0.002_s27,moe_oeo,49,1,27,train,3,04_LYMPHO,6,07_ADIPOSE,19
moe_oeo_N49_k1_L4_lr0.002_s27,moe_oeo,49,1,27,train,3,04_LYMPHO,7,08_EMPTY,3
moe_oeo_N49_k1_L4_lr0.002_s27,moe_oeo,49,1,27,train,4,05_DEBRIS,0,01_TUMOR,2
moe_oeo_N49_k1_L4_lr0.002_s27,moe_oeo,49,1,27,train,4,05_DEBRIS,1,02_STROMA,151
moe_oeo_N49_k1_L4_lr0.002_s27,moe_oeo,49,1,27,train,4,05_DEBRIS,2,03_COMPLEX,12
moe_oeo_N49_k1_L4_lr0.002_s27,moe_oeo,49,1,27,train,4,05_DEBRIS,3,04_LYMPHO,5
moe_oeo_N49_k1_L4_lr0.002_s27,moe_oeo,49,1,27,train,4,05_DEBRIS,4,05_DEBRIS,202
moe_oeo_N49_k1_L4_lr0.002_s27,moe_oeo,49,1,27,train,4,05_DEBRIS,5,06_MUCOSA,44
moe_oeo_N49_k1_L4_lr0.002_s27,moe_oeo,49,1,27,train,4,05_DEBRIS,6,07_ADIPOSE,20
moe_oeo_N49_k1_L4_lr0.002_s27,moe_oeo,49,1,27,train,4,05_DEBRIS,7,08_EMPTY,1
moe_oeo_N49_k1_L4_lr0.002_s27,moe_oeo,49,1,27,train,5,06_MUCOSA,0,01_TUMOR,32
moe_oeo_N49_k1_L4_lr0.002_s27,moe_oeo,49,1,27,train,5,06_MUCOSA,1,02_STROMA,8
moe_oeo_N49_k1_L4_lr0.002_s27,moe_oeo,49,1,27,train,5,06_MUCOSA,2,03_COMPLEX,38
moe_oeo_N49_k1_L4_lr0.002_s27,moe_oeo,49,1,27,train,5,06_MUCOSA,3,04_LYMPHO,16
moe_oeo_N49_k1_L4_lr0.002_s27,moe_oeo,49,1,27,train,5,06_MUCOSA,4,05_DEBRIS,16
moe_oeo_N49_k1_L4_lr0.002_s27,moe_oeo,49,1,27,train,5,06_MUCOSA,5,06_MUCOSA,313
moe_oeo_N49_k1_L4_lr0.002_s27,moe_oeo,49,1,27,train,5,06_MUCOSA,6,07_ADIPOSE,13
moe_oeo_N49_k1_L4_lr0.002_s27,moe_oeo,49,1,27,train,5,06_MUCOSA,7,08_EMPTY,1
moe_oeo_N49_k1_L4_lr0.002_s27,moe_oeo,49,1,27,train,6,07_ADIPOSE,0,01_TUMOR,0
moe_oeo_N49_k1_L4_lr0.002_s27,moe_oeo,49,1,27,train,6,07_ADIPOSE,1,02_STROMA,0
moe_oeo_N49_k1_L4_lr0.002_s27,moe_oeo,49,1,27,train,6,07_ADIPOSE,2,03_COMPLEX,0
moe_oeo_N49_k1_L4_lr0.002_s27,moe_oeo,49,1,27,train,6,07_ADIPOSE,3,04_LYMPHO,0
moe_oeo_N49_k1_L4_lr0.002_s27,moe_oeo,49,1,27,train,6,07_ADIPOSE,4,05_DEBRIS,59
moe_oeo_N49_k1_L4_lr0.002_s27,moe_oeo,49,1,27,train,6,07_ADIPOSE,5,06_MUCOSA,6
moe_oeo_N49_k1_L4_lr0.002_s27,moe_oeo,49,1,27,train,6,07_ADIPOSE,6,07_ADIPOSE,316
moe_oeo_N49_k1_L4_lr0.002_s27,moe_oeo,49,1,27,train,6,07_ADIPOSE,7,08_EMPTY,56
moe_oeo_N49_k1_L4_lr0.002_s27,moe_oeo,49,1,27,train,7,08_EMPTY,0,01_TUMOR,0
moe_oeo_N49_k1_L4_lr0.002_s27,moe_oeo,49,1,27,train,7,08_EMPTY,1,02_STROMA,0
moe_oeo_N49_k1_L4_lr0.002_s27,moe_oeo,49,1,27,train,7,08_EMPTY,2,03_COMPLEX,0
moe_oeo_N49_k1_L4_lr0.002_s27,moe_oeo,49,1,27,train,7,08_EMPTY,3,04_LYMPHO,0
moe_oeo_N49_k1_L4_lr0.002_s27,moe_oeo,49,1,27,train,7,08_EMPTY,4,05_DEBRIS,0
moe_oeo_N49_k1_L4_lr0.002_s27,moe_oeo,49,1,27,train,7,08_EMPTY,5,06_MUCOSA,1
moe_oeo_N49_k1_L4_lr0.002_s27,moe_oeo,49,1,27,train,7,08_EMPTY,6,07_ADIPOSE,3
moe_oeo_N49_k1_L4_lr0.002_s27,moe_oeo,49,1,27,train,7,08_EMPTY,7,08_EMPTY,433
moe_oeo_N49_k1_L4_lr0.002_s27,moe_oeo,49,1,27,val,0,01_TUMOR,0,01_TUMOR,29
moe_oeo_N49_k1_L4_lr0.002_s27,moe_oeo,49,1,27,val,0,01_TUMOR,1,02_STROMA,5
moe_oeo_N49_k1_L4_lr0.002_s27,moe_oeo,49,1,27,val,0,01_TUMOR,2,03_COMPLEX,14
moe_oeo_N49_k1_L4_lr0.002_s27,moe_oeo,49,1,27,val,0,01_TUMOR,3,04_LYMPHO,15
moe_oeo_N49_k1_L4_lr0.002_s27,moe_oeo,49,1,27,val,0,01_TUMOR,4,05_DEBRIS,1
moe_oeo_N49_k1_L4_lr0.002_s27,moe_oeo,49,1,27,val,0,01_TUMOR,5,06_MUCOSA,16
moe_oeo_N49_k1_L4_lr0.002_s27,moe_oeo,49,1,27,val,0,01_TUMOR,6,07_ADIPOSE,14
moe_oeo_N49_k1_L4_lr0.002_s27,moe_oeo,49,1,27,val,0,01_TUMOR,7,08_EMPTY,0
moe_oeo_N49_k1_L4_lr0.002_s27,moe_oeo,49,1,27,val,1,02_STROMA,0,01_TUMOR,1
moe_oeo_N49_k1_L4_lr0.002_s27,moe_oeo,49,1,27,val,1,02_STROMA,1,02_STROMA,76
moe_oeo_N49_k1_L4_lr0.002_s27,moe_oeo,49,1,27,val,1,02_STROMA,2,03_COMPLEX,5
moe_oeo_N49_k1_L4_lr0.002_s27,moe_oeo,49,1,27,val,1,02_STROMA,3,04_LYMPHO,0
moe_oeo_N49_k1_L4_lr0.002_s27,moe_oeo,49,1,27,val,1,02_STROMA,4,05_DEBRIS,9
moe_oeo_N49_k1_L4_lr0.002_s27,moe_oeo,49,1,27,val,1,02_STROMA,5,06_MUCOSA,3
moe_oeo_N49_k1_L4_lr0.002_s27,moe_oeo,49,1,27,val,1,02_STROMA,6,07_ADIPOSE,0
moe_oeo_N49_k1_L4_lr0.002_s27,moe_oeo,49,1,27,val,1,02_STROMA,7,08_EMPTY,0
moe_oeo_N49_k1_L4_lr0.002_s27,moe_oeo,49,1,27,val,2,03_COMPLEX,0,01_TUMOR,1
moe_oeo_N49_k1_L4_lr0.002_s27,moe_oeo,49,1,27,val,2,03_COMPLEX,1,02_STROMA,28
moe_oeo_N49_k1_L4_lr0.002_s27,moe_oeo,49,1,27,val,2,03_COMPLEX,2,03_COMPLEX,48
moe_oeo_N49_k1_L4_lr0.002_s27,moe_oeo,49,1,27,val,2,03_COMPLEX,3,04_LYMPHO,7
moe_oeo_N49_k1_L4_lr0.002_s27,moe_oeo,49,1,27,val,2,03_COMPLEX,4,05_DEBRIS,6
moe_oeo_N49_k1_L4_lr0.002_s27,moe_oeo,49,1,27,val,2,03_COMPLEX,5,06_MUCOSA,2
moe_oeo_N49_k1_L4_lr0.002_s27,moe_oeo,49,1,27,val,2,03_COMPLEX,6,07_ADIPOSE,1
moe_oeo_N49_k1_L4_lr0.002_s27,moe_oeo,49,1,27,val,2,03_COMPLEX,7,08_EMPTY,1
moe_oeo_N49_k1_L4_lr0.002_s27,moe_oeo,49,1,27,val,3,04_LYMPHO,0,01_TUMOR,15
moe_oeo_N49_k1_L4_lr0.002_s27,moe_oeo,49,1,27,val,3,04_LYMPHO,1,02_STROMA,1
moe_oeo_N49_k1_L4_lr0.002_s27,moe_oeo,49,1,27,val,3,04_LYMPHO,2,03_COMPLEX,16
moe_oeo_N49_k1_L4_lr0.002_s27,moe_oeo,49,1,27,val,3,04_LYMPHO,3,04_LYMPHO,45
moe_oeo_N49_k1_L4_lr0.002_s27,moe_oeo,49,1,27,val,3,04_LYMPHO,4,05_DEBRIS,0
moe_oeo_N49_k1_L4_lr0.002_s27,moe_oeo,49,1,27,val,3,04_LYMPHO,5,06_MUCOSA,12
moe_oeo_N49_k1_L4_lr0.002_s27,moe_oeo,49,1,27,val,3,04_LYMPHO,6,07_ADIPOSE,4
moe_oeo_N49_k1_L4_lr0.002_s27,moe_oeo,49,1,27,val,3,04_LYMPHO,7,08_EMPTY,1
moe_oeo_N49_k1_L4_lr0.002_s27,moe_oeo,49,1,27,val,4,05_DEBRIS,0,01_TUMOR,2
moe_oeo_N49_k1_L4_lr0.002_s27,moe_oeo,49,1,27,val,4,05_DEBRIS,1,02_STROMA,28
moe_oeo_N49_k1_L4_lr0.002_s27,moe_oeo,49,1,27,val,4,05_DEBRIS,2,03_COMPLEX,2
moe_oeo_N49_k1_L4_lr0.002_s27,moe_oeo,49,1,27,val,4,05_DEBRIS,3,04_LYMPHO,0
moe_oeo_N49_k1_L4_lr0.002_s27,moe_oeo,49,1,27,val,4,05_DEBRIS,4,05_DEBRIS,41
moe_oeo_N49_k1_L4_lr0.002_s27,moe_oeo,49,1,27,val,4,05_DEBRIS,5,06_MUCOSA,13
moe_oeo_N49_k1_L4_lr0.002_s27,moe_oeo,49,1,27,val,4,05_DEBRIS,6,07_ADIPOSE,8
moe_oeo_N49_k1_L4_lr0.002_s27,moe_oeo,49,1,27,val,4,05_DEBRIS,7,08_EMPTY,0
moe_oeo_N49_k1_L4_lr0.002_s27,moe_oeo,49,1,27,val,5,06_MUCOSA,0,01_TUMOR,10
moe_oeo_N49_k1_L4_lr0.002_s27,moe_oeo,49,1,27,val,5,06_MUCOSA,1,02_STROMA,2
moe_oeo_N49_k1_L4_lr0.002_s27,moe_oeo,49,1,27,val,5,06_MUCOSA,2,03_COMPLEX,3
moe_oeo_N49_k1_L4_lr0.002_s27,moe_oeo,49,1,27,val,5,06_MUCOSA,3,04_LYMPHO,6
moe_oeo_N49_k1_L4_lr0.002_s27,moe_oeo,49,1,27,val,5,06_MUCOSA,4,05_DEBRIS,1
moe_oeo_N49_k1_L4_lr0.002_s27,moe_oeo,49,1,27,val,5,06_MUCOSA,5,06_MUCOSA,68
moe_oeo_N49_k1_L4_lr0.002_s27,moe_oeo,49,1,27,val,5,06_MUCOSA,6,07_ADIPOSE,3
moe_oeo_N49_k1_L4_lr0.002_s27,moe_oeo,49,1,27,val,5,06_MUCOSA,7,08_EMPTY,1
moe_oeo_N49_k1_L4_lr0.002_s27,moe_oeo,49,1,27,val,6,07_ADIPOSE,0,01_TUMOR,0
moe_oeo_N49_k1_L4_lr0.002_s27,moe_oeo,49,1,27,val,6,07_ADIPOSE,1,02_STROMA,0
moe_oeo_N49_k1_L4_lr0.002_s27,moe_oeo,49,1,27,val,6,07_ADIPOSE,2,03_COMPLEX,0
moe_oeo_N49_k1_L4_lr0.002_s27,moe_oeo,49,1,27,val,6,07_ADIPOSE,3,04_LYMPHO,0
moe_oeo_N49_k1_L4_lr0.002_s27,moe_oeo,49,1,27,val,6,07_ADIPOSE,4,05_DEBRIS,15
moe_oeo_N49_k1_L4_lr0.002_s27,moe_oeo,49,1,27,val,6,07_ADIPOSE,5,06_MUCOSA,2
moe_oeo_N49_k1_L4_lr0.002_s27,moe_oeo,49,1,27,val,6,07_ADIPOSE,6,07_ADIPOSE,59
moe_oeo_N49_k1_L4_lr0.002_s27,moe_oeo,49,1,27,val,6,07_ADIPOSE,7,08_EMPTY,18
moe_oeo_N49_k1_L4_lr0.002_s27,moe_oeo,49,1,27,val,7,08_EMPTY,0,01_TUMOR,0
moe_oeo_N49_k1_L4_lr0.002_s27,moe_oeo,49,1,27,val,7,08_EMPTY,1,02_STROMA,0
moe_oeo_N49_k1_L4_lr0.002_s27,moe_oeo,49,1,27,val,7,08_EMPTY,2,03_COMPLEX,0
moe_oeo_N49_k1_L4_lr0.002_s27,moe_oeo,49,1,27,val,7,08_EMPTY,3,04_LYMPHO,0
moe_oeo_N49_k1_L4_lr0.002_s27,moe_oeo,49,1,27,val,7,08_EMPTY,4,05_DEBRIS,1
moe_oeo_N49_k1_L4_lr0.002_s27,moe_oeo,49,1,27,val,7,08_EMPTY,5,06_MUCOSA,0
moe_oeo_N49_k1_L4_lr0.002_s27,moe_oeo,49,1,27,val,7,08_EMPTY,6,07_ADIPOSE,1
moe_oeo_N49_k1_L4_lr0.002_s27,moe_oeo,49,1,27,val,7,08_EMPTY,7,08_EMPTY,92
moe_oeo_N49_k12_L4_lr0.002_s27,moe_oeo,49,12,27,train,0,01_TUMOR,0,01_TUMOR,371
moe_oeo_N49_k12_L4_lr0.002_s27,moe_oeo,49,12,27,train,0,01_TUMOR,1,02_STROMA,4
moe_oeo_N49_k12_L4_lr0.002_s27,moe_oeo,49,12,27,train,0,01_TUMOR,2,03_COMPLEX,14
moe_oeo_N49_k12_L4_lr0.002_s27,moe_oeo,49,12,27,train,0,01_TUMOR,3,04_LYMPHO,26
moe_oeo_N49_k12_L4_lr0.002_s27,moe_oeo,49,12,27,train,0,01_TUMOR,4,05_DEBRIS,0
moe_oeo_N49_k12_L4_lr0.002_s27,moe_oeo,49,12,27,train,0,01_TUMOR,5,06_MUCOSA,21
moe_oeo_N49_k12_L4_lr0.002_s27,moe_oeo,49,12,27,train,0,01_TUMOR,6,07_ADIPOSE,1
moe_oeo_N49_k12_L4_lr0.002_s27,moe_oeo,49,12,27,train,0,01_TUMOR,7,08_EMPTY,0
moe_oeo_N49_k12_L4_lr0.002_s27,moe_oeo,49,12,27,train,1,02_STROMA,0,01_TUMOR,3
moe_oeo_N49_k12_L4_lr0.002_s27,moe_oeo,49,12,27,train,1,02_STROMA,1,02_STROMA,300
moe_oeo_N49_k12_L4_lr0.002_s27,moe_oeo,49,12,27,train,1,02_STROMA,2,03_COMPLEX,24
moe_oeo_N49_k12_L4_lr0.002_s27,moe_oeo,49,12,27,train,1,02_STROMA,3,04_LYMPHO,1
moe_oeo_N49_k12_L4_lr0.002_s27,moe_oeo,49,12,27,train,1,02_STROMA,4,05_DEBRIS,106
moe_oeo_N49_k12_L4_lr0.002_s27,moe_oeo,49,12,27,train,1,02_STROMA,5,06_MUCOSA,2
moe_oeo_N49_k12_L4_lr0.002_s27,moe_oeo,49,12,27,train,1,02_STROMA,6,07_ADIPOSE,1
moe_oeo_N49_k12_L4_lr0.002_s27,moe_oeo,49,12,27,train,1,02_STROMA,7,08_EMPTY,0
moe_oeo_N49_k12_L4_lr0.002_s27,moe_oeo,49,12,27,train,2,03_COMPLEX,0,01_TUMOR,12
moe_oeo_N49_k12_L4_lr0.002_s27,moe_oeo,49,12,27,train,2,03_COMPLEX,1,02_STROMA,41
moe_oeo_N49_k12_L4_lr0.002_s27,moe_oeo,49,12,27,train,2,03_COMPLEX,2,03_COMPLEX,338
moe_oeo_N49_k12_L4_lr0.002_s27,moe_oeo,49,12,27,train,2,03_COMPLEX,3,04_LYMPHO,21
moe_oeo_N49_k12_L4_lr0.002_s27,moe_oeo,49,12,27,train,2,03_COMPLEX,4,05_DEBRIS,13
moe_oeo_N49_k12_L4_lr0.002_s27,moe_oeo,49,12,27,train,2,03_COMPLEX,5,06_MUCOSA,12
moe_oeo_N49_k12_L4_lr0.002_s27,moe_oeo,49,12,27,train,2,03_COMPLEX,6,07_ADIPOSE,0
moe_oeo_N49_k12_L4_lr0.002_s27,moe_oeo,49,12,27,train,2,03_COMPLEX,7,08_EMPTY,0
moe_oeo_N49_k12_L4_lr0.002_s27,moe_oeo,49,12,27,train,3,04_LYMPHO,0,01_TUMOR,26
moe_oeo_N49_k12_L4_lr0.002_s27,moe_oeo,49,12,27,train,3,04_LYMPHO,1,02_STROMA,2
moe_oeo_N49_k12_L4_lr0.002_s27,moe_oeo,49,12,27,train,3,04_LYMPHO,2,03_COMPLEX,17
moe_oeo_N49_k12_L4_lr0.002_s27,moe_oeo,49,12,27,train,3,04_LYMPHO,3,04_LYMPHO,383
moe_oeo_N49_k12_L4_lr0.002_s27,moe_oeo,49,12,27,train,3,04_LYMPHO,4,05_DEBRIS,0
moe_oeo_N49_k12_L4_lr0.002_s27,moe_oeo,49,12,27,train,3,04_LYMPHO,5,06_MUCOSA,9
moe_oeo_N49_k12_L4_lr0.002_s27,moe_oeo,49,12,27,train,3,04_LYMPHO,6,07_ADIPOSE,0
moe_oeo_N49_k12_L4_lr0.002_s27,moe_oeo,49,12,27,train,3,04_LYMPHO,7,08_EMPTY,0
moe_oeo_N49_k12_L4_lr0.002_s27,moe_oeo,49,12,27,train,4,05_DEBRIS,0,01_TUMOR,1
moe_oeo_N49_k12_L4_lr0.002_s27,moe_oeo,49,12,27,train,4,05_DEBRIS,1,02_STROMA,45
moe_oeo_N49_k12_L4_lr0.002_s27,moe_oeo,49,12,27,train,4,05_DEBRIS,2,03_COMPLEX,6
moe_oeo_N49_k12_L4_lr0.002_s27,moe_oeo,49,12,27,train,4,05_DEBRIS,3,04_LYMPHO,1
moe_oeo_N49_k12_L4_lr0.002_s27,moe_oeo,49,12,27,train,4,05_DEBRIS,4,05_DEBRIS,341
moe_oeo_N49_k12_L4_lr0.002_s27,moe_oeo,49,12,27,train,4,05_DEBRIS,5,06_MUCOSA,30
moe_oeo_N49_k12_L4_lr0.002_s27,moe_oeo,49,12,27,train,4,05_DEBRIS,6,07_ADIPOSE,13
moe_oeo_N49_k12_L4_lr0.002_s27,moe_oeo,49,12,27,train,4,05_DEBRIS,7,08_EMPTY,0
moe_oeo_N49_k12_L4_lr0.002_s27,moe_oeo,49,12,27,train,5,06_MUCOSA,0,01_TUMOR,18
moe_oeo_N49_k12_L4_lr0.002_s27,moe_oeo,49,12,27,train,5,06_MUCOSA,1,02_STROMA,2
moe_oeo_N49_k12_L4_lr0.002_s27,moe_oeo,49,12,27,train,5,06_MUCOSA,2,03_COMPLEX,4
moe_oeo_N49_k12_L4_lr0.002_s27,moe_oeo,49,12,27,train,5,06_MUCOSA,3,04_LYMPHO,10
moe_oeo_N49_k12_L4_lr0.002_s27,moe_oeo,49,12,27,train,5,06_MUCOSA,4,05_DEBRIS,11
moe_oeo_N49_k12_L4_lr0.002_s27,moe_oeo,49,12,27,train,5,06_MUCOSA,5,06_MUCOSA,392
moe_oeo_N49_k12_L4_lr0.002_s27,moe_oeo,49,12,27,train,5,06_MUCOSA,6,07_ADIPOSE,0
moe_oeo_N49_k12_L4_lr0.002_s27,moe_oeo,49,12,27,train,5,06_MUCOSA,7,08_EMPTY,0
moe_oeo_N49_k12_L4_lr0.002_s27,moe_oeo,49,12,27,train,6,07_ADIPOSE,0,01_TUMOR,0
moe_oeo_N49_k12_L4_lr0.002_s27,moe_oeo,49,12,27,train,6,07_ADIPOSE,1,02_STROMA,0
moe_oeo_N49_k12_L4_lr0.002_s27,moe_oeo,49,12,27,train,6,07_ADIPOSE,2,03_COMPLEX,0
moe_oeo_N49_k12_L4_lr0.002_s27,moe_oeo,49,12,27,train,6,07_ADIPOSE,3,04_LYMPHO,0
moe_oeo_N49_k12_L4_lr0.002_s27,moe_oeo,49,12,27,train,6,07_ADIPOSE,4,05_DEBRIS,5
moe_oeo_N49_k12_L4_lr0.002_s27,moe_oeo,49,12,27,train,6,07_ADIPOSE,5,06_MUCOSA,1
moe_oeo_N49_k12_L4_lr0.002_s27,moe_oeo,49,12,27,train,6,07_ADIPOSE,6,07_ADIPOSE,421
moe_oeo_N49_k12_L4_lr0.002_s27,moe_oeo,49,12,27,train,6,07_ADIPOSE,7,08_EMPTY,10
moe_oeo_N49_k12_L4_lr0.002_s27,moe_oeo,49,12,27,train,7,08_EMPTY,0,01_TUMOR,0
moe_oeo_N49_k12_L4_lr0.002_s27,moe_oeo,49,12,27,train,7,08_EMPTY,1,02_STROMA,0
moe_oeo_N49_k12_L4_lr0.002_s27,moe_oeo,49,12,27,train,7,08_EMPTY,2,03_COMPLEX,0
moe_oeo_N49_k12_L4_lr0.002_s27,moe_oeo,49,12,27,train,7,08_EMPTY,3,04_LYMPHO,0
moe_oeo_N49_k12_L4_lr0.002_s27,moe_oeo,49,12,27,train,7,08_EMPTY,4,05_DEBRIS,0
moe_oeo_N49_k12_L4_lr0.002_s27,moe_oeo,49,12,27,train,7,08_EMPTY,5,06_MUCOSA,1
moe_oeo_N49_k12_L4_lr0.002_s27,moe_oeo,49,12,27,train,7,08_EMPTY,6,07_ADIPOSE,10
moe_oeo_N49_k12_L4_lr0.002_s27,moe_oeo,49,12,27,train,7,08_EMPTY,7,08_EMPTY,426
moe_oeo_N49_k12_L4_lr0.002_s27,moe_oeo,49,12,27,val,0,01_TUMOR,0,01_TUMOR,70
moe_oeo_N49_k12_L4_lr0.002_s27,moe_oeo,49,12,27,val,0,01_TUMOR,1,02_STROMA,1
moe_oeo_N49_k12_L4_lr0.002_s27,moe_oeo,49,12,27,val,0,01_TUMOR,2,03_COMPLEX,5
moe_oeo_N49_k12_L4_lr0.002_s27,moe_oeo,49,12,27,val,0,01_TUMOR,3,04_LYMPHO,12
moe_oeo_N49_k12_L4_lr0.002_s27,moe_oeo,49,12,27,val,0,01_TUMOR,4,05_DEBRIS,0
moe_oeo_N49_k12_L4_lr0.002_s27,moe_oeo,49,12,27,val,0,01_TUMOR,5,06_MUCOSA,6
moe_oeo_N49_k12_L4_lr0.002_s27,moe_oeo,49,12,27,val,0,01_TUMOR,6,07_ADIPOSE,0
moe_oeo_N49_k12_L4_lr0.002_s27,moe_oeo,49,12,27,val,0,01_TUMOR,7,08_EMPTY,0
moe_oeo_N49_k12_L4_lr0.002_s27,moe_oeo,49,12,27,val,1,02_STROMA,0,01_TUMOR,0
moe_oeo_N49_k12_L4_lr0.002_s27,moe_oeo,49,12,27,val,1,02_STROMA,1,02_STROMA,58
moe_oeo_N49_k12_L4_lr0.002_s27,moe_oeo,49,12,27,val,1,02_STROMA,2,03_COMPLEX,7
moe_oeo_N49_k12_L4_lr0.002_s27,moe_oeo,49,12,27,val,1,02_STROMA,3,04_LYMPHO,0
moe_oeo_N49_k12_L4_lr0.002_s27,moe_oeo,49,12,27,val,1,02_STROMA,4,05_DEBRIS,28
moe_oeo_N49_k12_L4_lr0.002_s27,moe_oeo,49,12,27,val,1,02_STROMA,5,06_MUCOSA,1
moe_oeo_N49_k12_L4_lr0.002_s27,moe_oeo,49,12,27,val,1,02_STROMA,6,07_ADIPOSE,0
moe_oeo_N49_k12_L4_lr0.002_s27,moe_oeo,49,12,27,val,1,02_STROMA,7,08_EMPTY,0
moe_oeo_N49_k12_L4_lr0.002_s27,moe_oeo,49,12,27,val,2,03_COMPLEX,0,01_TUMOR,2
moe_oeo_N49_k12_L4_lr0.002_s27,moe_oeo,49,12,27,val,2,03_COMPLEX,1,02_STROMA,26
moe_oeo_N49_k12_L4_lr0.002_s27,moe_oeo,49,12,27,val,2,03_COMPLEX,2,03_COMPLEX,59
moe_oeo_N49_k12_L4_lr0.002_s27,moe_oeo,49,12,27,val,2,03_COMPLEX,3,04_LYMPHO,2
moe_oeo_N49_k12_L4_lr0.002_s27,moe_oeo,49,12,27,val,2,03_COMPLEX,4,05_DEBRIS,4
moe_oeo_N49_k12_L4_lr0.002_s27,moe_oeo,49,12,27,val,2,03_COMPLEX,5,06_MUCOSA,1
moe_oeo_N49_k12_L4_lr0.002_s27,moe_oeo,49,12,27,val,2,03_COMPLEX,6,07_ADIPOSE,0
moe_oeo_N49_k12_L4_lr0.002_s27,moe_oeo,49,12,27,val,2,03_COMPLEX,7,08_EMPTY,0
moe_oeo_N49_k12_L4_lr0.002_s27,moe_oeo,49,12,27,val,3,04_LYMPHO,0,01_TUMOR,6
moe_oeo_N49_k12_L4_lr0.002_s27,moe_oeo,49,12,27,val,3,04_LYMPHO,1,02_STROMA,0
moe_oeo_N49_k12_L4_lr0.002_s27,moe_oeo,49,12,27,val,3,04_LYMPHO,2,03_COMPLEX,11
moe_oeo_N49_k12_L4_lr0.002_s27,moe_oeo,49,12,27,val,3,04_LYMPHO,3,04_LYMPHO,75
moe_oeo_N49_k12_L4_lr0.002_s27,moe_oeo,49,12,27,val,3,04_LYMPHO,4,05_DEBRIS,0
moe_oeo_N49_k12_L4_lr0.002_s27,moe_oeo,49,12,27,val,3,04_LYMPHO,5,06_MUCOSA,2
moe_oeo_N49_k12_L4_lr0.002_s27,moe_oeo,49,12,27,val,3,04_LYMPHO,6,07_ADIPOSE,0
moe_oeo_N49_k12_L4_lr0.002_s27,moe_oeo,49,12,27,val,3,04_LYMPHO,7,08_EMPTY,0
moe_oeo_N49_k12_L4_lr0.002_s27,moe_oeo,49,12,27,val,4,05_DEBRIS,0,01_TUMOR,0
moe_oeo_N49_k12_L4_lr0.002_s27,moe_oeo,49,12,27,val,4,05_DEBRIS,1,02_STROMA,12
moe_oeo_N49_k12_L4_lr0.002_s27,moe_oeo,49,12,27,val,4,05_DEBRIS,2,03_COMPLEX,3
moe_oeo_N49_k12_L4_lr0.002_s27,moe_oeo,49,12,27,val,4,05_DEBRIS,3,04_LYMPHO,0
moe_oeo_N49_k12_L4_lr0.002_s27,moe_oeo,49,12,27,val,4,05_DEBRIS,4,05_DEBRIS,63
moe_oeo_N49_k12_L4_lr0.002_s27,moe_oeo,49,12,27,val,4,05_DEBRIS,5,06_MUCOSA,12
moe_oeo_N49_k12_L4_lr0.002_s27,moe_oeo,49,12,27,val,4,05_DEBRIS,6,07_ADIPOSE,4
moe_oeo_N49_k12_L4_lr0.002_s27,moe_oeo,49,12,27,val,4,05_DEBRIS,7,08_EMPTY,0
moe_oeo_N49_k12_L4_lr0.002_s27,moe_oeo,49,12,27,val,5,06_MUCOSA,0,01_TUMOR,5
moe_oeo_N49_k12_L4_lr0.002_s27,moe_oeo,49,12,27,val,5,06_MUCOSA,1,02_STROMA,0
moe_oeo_N49_k12_L4_lr0.002_s27,moe_oeo,49,12,27,val,5,06_MUCOSA,2,03_COMPLEX,3
moe_oeo_N49_k12_L4_lr0.002_s27,moe_oeo,49,12,27,val,5,06_MUCOSA,3,04_LYMPHO,2
moe_oeo_N49_k12_L4_lr0.002_s27,moe_oeo,49,12,27,val,5,06_MUCOSA,4,05_DEBRIS,2
moe_oeo_N49_k12_L4_lr0.002_s27,moe_oeo,49,12,27,val,5,06_MUCOSA,5,06_MUCOSA,82
moe_oeo_N49_k12_L4_lr0.002_s27,moe_oeo,49,12,27,val,5,06_MUCOSA,6,07_ADIPOSE,0
moe_oeo_N49_k12_L4_lr0.002_s27,moe_oeo,49,12,27,val,5,06_MUCOSA,7,08_EMPTY,0
moe_oeo_N49_k12_L4_lr0.002_s27,moe_oeo,49,12,27,val,6,07_ADIPOSE,0,01_TUMOR,0
moe_oeo_N49_k12_L4_lr0.002_s27,moe_oeo,49,12,27,val,6,07_ADIPOSE,1,02_STROMA,0
moe_oeo_N49_k12_L4_lr0.002_s27,moe_oeo,49,12,27,val,6,07_ADIPOSE,2,03_COMPLEX,0
moe_oeo_N49_k12_L4_lr0.002_s27,moe_oeo,49,12,27,val,6,07_ADIPOSE,3,04_LYMPHO,0
moe_oeo_N49_k12_L4_lr0.002_s27,moe_oeo,49,12,27,val,6,07_ADIPOSE,4,05_DEBRIS,1
moe_oeo_N49_k12_L4_lr0.002_s27,moe_oeo,49,12,27,val,6,07_ADIPOSE,5,06_MUCOSA,1
moe_oeo_N49_k12_L4_lr0.002_s27,moe_oeo,49,12,27,val,6,07_ADIPOSE,6,07_ADIPOSE,86
moe_oeo_N49_k12_L4_lr0.002_s27,moe_oeo,49,12,27,val,6,07_ADIPOSE,7,08_EMPTY,6
moe_oeo_N49_k12_L4_lr0.002_s27,moe_oeo,49,12,27,val,7,08_EMPTY,0,01_TUMOR,0
moe_oeo_N49_k12_L4_lr0.002_s27,moe_oeo,49,12,27,val,7,08_EMPTY,1,02_STROMA,0
moe_oeo_N49_k12_L4_lr0.002_s27,moe_oeo,49,12,27,val,7,08_EMPTY,2,03_COMPLEX,0
moe_oeo_N49_k12_L4_lr0.002_s27,moe_oeo,49,12,27,val,7,08_EMPTY,3,04_LYMPHO,0
moe_oeo_N49_k12_L4_lr0.002_s27,moe_oeo,49,12,27,val,7,08_EMPTY,4,05_DEBRIS,0
moe_oeo_N49_k12_L4_lr0.002_s27,moe_oeo,49,12,27,val,7,08_EMPTY,5,06_MUCOSA,0
moe_oeo_N49_k12_L4_lr0.002_s27,moe_oeo,49,12,27,val,7,08_EMPTY,6,07_ADIPOSE,2
moe_oeo_N49_k12_L4_lr0.002_s27,moe_oeo,49,12,27,val,7,08_EMPTY,7,08_EMPTY,92
moe_oeo_N49_k24_L4_lr0.002_s27,moe_oeo,49,24,27,train,0,01_TUMOR,0,01_TUMOR,367
moe_oeo_N49_k24_L4_lr0.002_s27,moe_oeo,49,24,27,train,0,01_TUMOR,1,02_STROMA,4
moe_oeo_N49_k24_L4_lr0.002_s27,moe_oeo,49,24,27,train,0,01_TUMOR,2,03_COMPLEX,19
moe_oeo_N49_k24_L4_lr0.002_s27,moe_oeo,49,24,27,train,0,01_TUMOR,3,04_LYMPHO,24
moe_oeo_N49_k24_L4_lr0.002_s27,moe_oeo,49,24,27,train,0,01_TUMOR,4,05_DEBRIS,0
moe_oeo_N49_k24_L4_lr0.002_s27,moe_oeo,49,24,27,train,0,01_TUMOR,5,06_MUCOSA,23
moe_oeo_N49_k24_L4_lr0.002_s27,moe_oeo,49,24,27,train,0,01_TUMOR,6,07_ADIPOSE,0
moe_oeo_N49_k24_L4_lr0.002_s27,moe_oeo,49,24,27,train,0,01_TUMOR,7,08_EMPTY,0
moe_oeo_N49_k24_L4_lr0.002_s27,moe_oeo,49,24,27,train,1,02_STROMA,0,01_TUMOR,2
moe_oeo_N49_k24_L4_lr0.002_s27,moe_oeo,49,24,27,train,1,02_STROMA,1,02_STROMA,332
moe_oeo_N49_k24_L4_lr0.002_s27,moe_oeo,49,24,27,train,1,02_STROMA,2,03_COMPLEX,17
moe_oeo_N49_k24_L4_lr0.002_s27,moe_oeo,49,24,27,train,1,02_STROMA,3,04_LYMPHO,0
moe_oeo_N49_k24_L4_lr0.002_s27,moe_oeo,49,24,27,train,1,02_STROMA,4,05_DEBRIS,83
moe_oeo_N49_k24_L4_lr0.002_s27,moe_oeo,49,24,27,train,1,02_STROMA,5,06_MUCOSA,2
moe_oeo_N49_k24_L4_lr0.002_s27,moe_oeo,49,24,27,train,1,02_STROMA,6,07_ADIPOSE,1
moe_oeo_N49_k24_L4_lr0.002_s27,moe_oeo,49,24,27,train,1,02_STROMA,7,08_EMPTY,0
moe_oeo_N49_k24_L4_lr0.002_s27,moe_oeo,49,24,27,train,2,03_COMPLEX,0,01_TUMOR,10
moe_oeo_N49_k24_L4_lr0.002_s27,moe_oeo,49,24,27,train,2,03_COMPLEX,1,02_STROMA,31
moe_oeo_N49_k24_L4_lr0.002_s27,moe_oeo,49,24,27,train,2,03_COMPLEX,2,03_COMPLEX,361
moe_oeo_N49_k24_L4_lr0.002_s27,moe_oeo,49,24,27,train,2,03_COMPLEX,3,04_LYMPHO,15
moe_oeo_N49_k24_L4_lr0.002_s27,moe_oeo,49,24,27,train,2,03_COMPLEX,4,05_DEBRIS,7
moe_oeo_N49_k24_L4_lr0.002_s27,moe_oeo,49,24,27,train,2,03_COMPLEX,5,06_MUCOSA,13
moe_oeo_N49_k24_L4_lr0.002_s27,moe_oeo,49,24,27,train,2,03_COMPLEX,6,07_ADIPOSE,0
moe_oeo_N49_k24_L4_lr0.002_s27,moe_oeo,49,24,27,train,2,03_COMPLEX,7,08_EMPTY,0
moe_oeo_N49_k24_L4_lr0.002_s27,moe_oeo,49,24,27,train,3,04_LYMPHO,0,01_TUMOR,25
moe_oeo_N49_k24_L4_lr0.002_s27,moe_oeo,49,24,27,train,3,04_LYMPHO,1,02_STROMA,0
moe_oeo_N49_k24_L4_lr0.002_s27,moe_oeo,49,24,27,train,3,04_LYMPHO,2,03_COMPLEX,15
moe_oeo_N49_k24_L4_lr0.002_s27,moe_oeo,49,24,27,train,3,04_LYMPHO,3,04_LYMPHO,391
moe_oeo_N49_k24_L4_lr0.002_s27,moe_oeo,49,24,27,train,3,04_LYMPHO,4,05_DEBRIS,0
moe_oeo_N49_k24_L4_lr0.002_s27,moe_oeo,49,24,27,train,3,04_LYMPHO,5,06_MUCOSA,6
moe_oeo_N49_k24_L4_lr0.002_s27,moe_oeo,49,24,27,train,3,04_LYMPHO,6,07_ADIPOSE,0
moe_oeo_N49_k24_L4_lr0.002_s27,moe_oeo,49,24,27,train,3,04_LYMPHO,7,08_EMPTY,0
moe_oeo_N49_k24_L4_lr0.002_s27,moe_oeo,49,24,27,train,4,05_DEBRIS,0,01_TUMOR,3
moe_oeo_N49_k24_L4_lr0.002_s27,moe_oeo,49,24,27,train,4,05_DEBRIS,1,02_STROMA,34
moe_oeo_N49_k24_L4_lr0.002_s27,moe_oeo,49,24,27,train,4,05_DEBRIS,2,03_COMPLEX,6
moe_oeo_N49_k24_L4_lr0.002_s27,moe_oeo,49,24,27,train,4,05_DEBRIS,3,04_LYMPHO,0
moe_oeo_N49_k24_L4_lr0.002_s27,moe_oeo,49,24,27,train,4,05_DEBRIS,4,05_DEBRIS,368
moe_oeo_N49_k24_L4_lr0.002_s27,moe_oeo,49,24,27,train,4,05_DEBRIS,5,06_MUCOSA,17
moe_oeo_N49_k24_L4_lr0.002_s27,moe_oeo,49,24,27,train,4,05_DEBRIS,6,07_ADIPOSE,9
moe_oeo_N49_k24_L4_lr0.002_s27,moe_oeo,49,24,27,train,4,05_DEBRIS,7,08_EMPTY,0
moe_oeo_N49_k24_L4_lr0.002_s27,moe_oeo,49,24,27,train,5,06_MUCOSA,0,01_TUMOR,8
moe_oeo_N49_k24_L4_lr0.002_s27,moe_oeo,49,24,27,train,5,06_MUCOSA,1,02_STROMA,1
moe_oeo_N49_k24_L4_lr0.002_s27,moe_oeo,49,24,27,train,5,06_MUCOSA,2,03_COMPLEX,2
moe_oeo_N49_k24_L4_lr0.002_s27,moe_oeo,49,24,27,train,5,06_MUCOSA,3,04_LYMPHO,8
moe_oeo_N49_k24_L4_lr0.002_s27,moe_oeo,49,24,27,train,5,06_MUCOSA,4,05_DEBRIS,9
moe_oeo_N49_k24_L4_lr0.002_s27,moe_oeo,49,24,27,train,5,06_MUCOSA,5,06_MUCOSA,409
moe_oeo_N49_k24_L4_lr0.002_s27,moe_oeo,49,24,27,train,5,06_MUCOSA,6,07_ADIPOSE,0
moe_oeo_N49_k24_L4_lr0.002_s27,moe_oeo,49,24,27,train,5,06_MUCOSA,7,08_EMPTY,0
moe_oeo_N49_k24_L4_lr0.002_s27,moe_oeo,49,24,27,train,6,07_ADIPOSE,0,01_TUMOR,0
moe_oeo_N49_k24_L4_lr0.002_s27,moe_oeo,49,24,27,train,6,07_ADIPOSE,1,02_STROMA,0
moe_oeo_N49_k24_L4_lr0.002_s27,moe_oeo,49,24,27,train,6,07_ADIPOSE,2,03_COMPLEX,0
moe_oeo_N49_k24_L4_lr0.002_s27,moe_oeo,49,24,27,train,6,07_ADIPOSE,3,04_LYMPHO,0
moe_oeo_N49_k24_L4_lr0.002_s27,moe_oeo,49,24,27,train,6,07_ADIPOSE,4,05_DEBRIS,1
moe_oeo_N49_k24_L4_lr0.002_s27,moe_oeo,49,24,27,train,6,07_ADIPOSE,5,06_MUCOSA,0
moe_oeo_N49_k24_L4_lr0.002_s27,moe_oeo,49,24,27,train,6,07_ADIPOSE,6,07_ADIPOSE,427
moe_oeo_N49_k24_L4_lr0.002_s27,moe_oeo,49,24,27,train,6,07_ADIPOSE,7,08_EMPTY,9
moe_oeo_N49_k24_L4_lr0.002_s27,moe_oeo,49,24,27,train,7,08_EMPTY,0,01_TUMOR,0
moe_oeo_N49_k24_L4_lr0.002_s27,moe_oeo,49,24,27,train,7,08_EMPTY,1,02_STROMA,0
moe_oeo_N49_k24_L4_lr0.002_s27,moe_oeo,49,24,27,train,7,08_EMPTY,2,03_COMPLEX,0
moe_oeo_N49_k24_L4_lr0.002_s27,moe_oeo,49,24,27,train,7,08_EMPTY,3,04_LYMPHO,0
moe_oeo_N49_k24_L4_lr0.002_s27,moe_oeo,49,24,27,train,7,08_EMPTY,4,05_DEBRIS,0
moe_oeo_N49_k24_L4_lr0.002_s27,moe_oeo,49,24,27,train,7,08_EMPTY,5,06_MUCOSA,1
moe_oeo_N49_k24_L4_lr0.002_s27,moe_oeo,49,24,27,train,7,08_EMPTY,6,07_ADIPOSE,15
moe_oeo_N49_k24_L4_lr0.002_s27,moe_oeo,49,24,27,train,7,08_EMPTY,7,08_EMPTY,421
moe_oeo_N49_k24_L4_lr0.002_s27,moe_oeo,49,24,27,val,0,01_TUMOR,0,01_TUMOR,68
moe_oeo_N49_k24_L4_lr0.002_s27,moe_oeo,49,24,27,val,0,01_TUMOR,1,02_STROMA,0
moe_oeo_N49_k24_L4_lr0.002_s27,moe_oeo,49,24,27,val,0,01_TUMOR,2,03_COMPLEX,6
moe_oeo_N49_k24_L4_lr0.002_s27,moe_oeo,49,24,27,val,0,01_TUMOR,3,04_LYMPHO,16
moe_oeo_N49_k24_L4_lr0.002_s27,moe_oeo,49,24,27,val,0,01_TUMOR,4,05_DEBRIS,0
moe_oeo_N49_k24_L4_lr0.002_s27,moe_oeo,49,24,27,val,0,01_TUMOR,5,06_MUCOSA,4
moe_oeo_N49_k24_L4_lr0.002_s27,moe_oeo,49,24,27,val,0,01_TUMOR,6,07_ADIPOSE,0
moe_oeo_N49_k24_L4_lr0.002_s27,moe_oeo,49,24,27,val,0,01_TUMOR,7,08_EMPTY,0
moe_oeo_N49_k24_L4_lr0.002_s27,moe_oeo,49,24,27,val,1,02_STROMA,0,01_TUMOR,0
moe_oeo_N49_k24_L4_lr0.002_s27,moe_oeo,49,24,27,val,1,02_STROMA,1,02_STROMA,62
moe_oeo_N49_k24_L4_lr0.002_s27,moe_oeo,49,24,27,val,1,02_STROMA,2,03_COMPLEX,11
moe_oeo_N49_k24_L4_lr0.002_s27,moe_oeo,49,24,27,val,1,02_STROMA,3,04_LYMPHO,0
moe_oeo_N49_k24_L4_lr0.002_s27,moe_oeo,49,24,27,val,1,02_STROMA,4,05_DEBRIS,19
moe_oeo_N49_k24_L4_lr0.002_s27,moe_oeo,49,24,27,val,1,02_STROMA,5,06_MUCOSA,2
moe_oeo_N49_k24_L4_lr0.002_s27,moe_oeo,49,24,27,val,1,02_STROMA,6,07_ADIPOSE,0
moe_oeo_N49_k24_L4_lr0.002_s27,moe_oeo,49,24,27,val,1,02_STROMA,7,08_EMPTY,0
moe_oeo_N49_k24_L4_lr0.002_s27,moe_oeo,49,24,27,val,2,03_COMPLEX,0,01_TUMOR,3
moe_oeo_N49_k24_L4_lr0.002_s27,moe_oeo,49,24,27,val,2,03_COMPLEX,1,02_STROMA,23
moe_oeo_N49_k24_L4_lr0.002_s27,moe_oeo,49,24,27,val,2,03_COMPLEX,2,03_COMPLEX,60
moe_oeo_N49_k24_L4_lr0.002_s27,moe_oeo,49,24,27,val,2,03_COMPLEX,3,04_LYMPHO,2
moe_oeo_N49_k24_L4_lr0.002_s27,moe_oeo,49,24,27,val,2,03_COMPLEX,4,05_DEBRIS,5
moe_oeo_N49_k24_L4_lr0.002_s27,moe_oeo,49,24,27,val,2,03_COMPLEX,5,06_MUCOSA,1
moe_oeo_N49_k24_L4_lr0.002_s27,moe_oeo,49,24,27,val,2,03_COMPLEX,6,07_ADIPOSE,0
moe_oeo_N49_k24_L4_lr0.002_s27,moe_oeo,49,24,27,val,2,03_COMPLEX,7,08_EMPTY,0
moe_oeo_N49_k24_L4_lr0.002_s27,moe_oeo,49,24,27,val,3,04_LYMPHO,0,01_TUMOR,6
moe_oeo_N49_k24_L4_lr0.002_s27,moe_oeo,49,24,27,val,3,04_LYMPHO,1,02_STROMA,0
moe_oeo_N49_k24_L4_lr0.002_s27,moe_oeo,49,24,27,val,3,04_LYMPHO,2,03_COMPLEX,8
moe_oeo_N49_k24_L4_lr0.002_s27,moe_oeo,49,24,27,val,3,04_LYMPHO,3,04_LYMPHO,78
moe_oeo_N49_k24_L4_lr0.002_s27,moe_oeo,49,24,27,val,3,04_LYMPHO,4,05_DEBRIS,0
moe_oeo_N49_k24_L4_lr0.002_s27,moe_oeo,49,24,27,val,3,04_LYMPHO,5,06_MUCOSA,2
moe_oeo_N49_k24_L4_lr0.002_s27,moe_oeo,49,24,27,val,3,04_LYMPHO,6,07_ADIPOSE,0
moe_oeo_N49_k24_L4_lr0.002_s27,moe_oeo,49,24,27,val,3,04_LYMPHO,7,08_EMPTY,0
moe_oeo_N49_k24_L4_lr0.002_s27,moe_oeo,49,24,27,val,4,05_DEBRIS,0,01_TUMOR,0
moe_oeo_N49_k24_L4_lr0.002_s27,moe_oeo,49,24,27,val,4,05_DEBRIS,1,02_STROMA,10
moe_oeo_N49_k24_L4_lr0.002_s27,moe_oeo,49,24,27,val,4,05_DEBRIS,2,03_COMPLEX,3
moe_oeo_N49_k24_L4_lr0.002_s27,moe_oeo,49,24,27,val,4,05_DEBRIS,3,04_LYMPHO,0
moe_oeo_N49_k24_L4_lr0.002_s27,moe_oeo,49,24,27,val,4,05_DEBRIS,4,05_DEBRIS,65
moe_oeo_N49_k24_L4_lr0.002_s27,moe_oeo,49,24,27,val,4,05_DEBRIS,5,06_MUCOSA,10
moe_oeo_N49_k24_L4_lr0.002_s27,moe_oeo,49,24,27,val,4,05_DEBRIS,6,07_ADIPOSE,6
moe_oeo_N49_k24_L4_lr0.002_s27,moe_oeo,49,24,27,val,4,05_DEBRIS,7,08_EMPTY,0
moe_oeo_N49_k24_L4_lr0.002_s27,moe_oeo,49,24,27,val,5,06_MUCOSA,0,01_TUMOR,3
moe_oeo_N49_k24_L4_lr0.002_s27,moe_oeo,49,24,27,val,5,06_MUCOSA,1,02_STROMA,0
moe_oeo_N49_k24_L4_lr0.002_s27,moe_oeo,49,24,27,val,5,06_MUCOSA,2,03_COMPLEX,2
moe_oeo_N49_k24_L4_lr0.002_s27,moe_oeo,49,24,27,val,5,06_MUCOSA,3,04_LYMPHO,4
moe_oeo_N49_k24_L4_lr0.002_s27,moe_oeo,49,24,27,val,5,06_MUCOSA,4,05_DEBRIS,3
moe_oeo_N49_k24_L4_lr0.002_s27,moe_oeo,49,24,27,val,5,06_MUCOSA,5,06_MUCOSA,82
moe_oeo_N49_k24_L4_lr0.002_s27,moe_oeo,49,24,27,val,5,06_MUCOSA,6,07_ADIPOSE,0
moe_oeo_N49_k24_L4_lr0.002_s27,moe_oeo,49,24,27,val,5,06_MUCOSA,7,08_EMPTY,0
moe_oeo_N49_k24_L4_lr0.002_s27,moe_oeo,49,24,27,val,6,07_ADIPOSE,0,01_TUMOR,0
moe_oeo_N49_k24_L4_lr0.002_s27,moe_oeo,49,24,27,val,6,07_ADIPOSE,1,02_STROMA,0
moe_oeo_N49_k24_L4_lr0.002_s27,moe_oeo,49,24,27,val,6,07_ADIPOSE,2,03_COMPLEX,0
moe_oeo_N49_k24_L4_lr0.002_s27,moe_oeo,49,24,27,val,6,07_ADIPOSE,3,04_LYMPHO,0
moe_oeo_N49_k24_L4_lr0.002_s27,moe_oeo,49,24,27,val,6,07_ADIPOSE,4,05_DEBRIS,2
moe_oeo_N49_k24_L4_lr0.002_s27,moe_oeo,49,24,27,val,6,07_ADIPOSE,5,06_MUCOSA,0
moe_oeo_N49_k24_L4_lr0.002_s27,moe_oeo,49,24,27,val,6,07_ADIPOSE,6,07_ADIPOSE,88
moe_oeo_N49_k24_L4_lr0.002_s27,moe_oeo,49,24,27,val,6,07_ADIPOSE,7,08_EMPTY,4
moe_oeo_N49_k24_L4_lr0.002_s27,moe_oeo,49,24,27,val,7,08_EMPTY,0,01_TUMOR,0
moe_oeo_N49_k24_L4_lr0.002_s27,moe_oeo,49,24,27,val,7,08_EMPTY,1,02_STROMA,0
moe_oeo_N49_k24_L4_lr0.002_s27,moe_oeo,49,24,27,val,7,08_EMPTY,2,03_COMPLEX,0
moe_oeo_N49_k24_L4_lr0.002_s27,moe_oeo,49,24,27,val,7,08_EMPTY,3,04_LYMPHO,0
moe_oeo_N49_k24_L4_lr0.002_s27,moe_oeo,49,24,27,val,7,08_EMPTY,4,05_DEBRIS,0
moe_oeo_N49_k24_L4_lr0.002_s27,moe_oeo,49,24,27,val,7,08_EMPTY,5,06_MUCOSA,0
moe_oeo_N49_k24_L4_lr0.002_s27,moe_oeo,49,24,27,val,7,08_EMPTY,6,07_ADIPOSE,2
moe_oeo_N49_k24_L4_lr0.002_s27,moe_oeo,49,24,27,val,7,08_EMPTY,7,08_EMPTY,92
moe_oeo_N49_k49_L4_lr0.002_s27,moe_oeo,49,49,27,train,0,01_TUMOR,0,01_TUMOR,315
moe_oeo_N49_k49_L4_lr0.002_s27,moe_oeo,49,49,27,train,0,01_TUMOR,1,02_STROMA,5
moe_oeo_N49_k49_L4_lr0.002_s27,moe_oeo,49,49,27,train,0,01_TUMOR,2,03_COMPLEX,40
moe_oeo_N49_k49_L4_lr0.002_s27,moe_oeo,49,49,27,train,0,01_TUMOR,3,04_LYMPHO,29
moe_oeo_N49_k49_L4_lr0.002_s27,moe_oeo,49,49,27,train,0,01_TUMOR,4,05_DEBRIS,0
moe_oeo_N49_k49_L4_lr0.002_s27,moe_oeo,49,49,27,train,0,01_TUMOR,5,06_MUCOSA,48
moe_oeo_N49_k49_L4_lr0.002_s27,moe_oeo,49,49,27,train,0,01_TUMOR,6,07_ADIPOSE,0
moe_oeo_N49_k49_L4_lr0.002_s27,moe_oeo,49,49,27,train,0,01_TUMOR,7,08_EMPTY,0
moe_oeo_N49_k49_L4_lr0.002_s27,moe_oeo,49,49,27,train,1,02_STROMA,0,01_TUMOR,1
moe_oeo_N49_k49_L4_lr0.002_s27,moe_oeo,49,49,27,train,1,02_STROMA,1,02_STROMA,307
moe_oeo_N49_k49_L4_lr0.002_s27,moe_oeo,49,49,27,train,1,02_STROMA,2,03_COMPLEX,29
moe_oeo_N49_k49_L4_lr0.002_s27,moe_oeo,49,49,27,train,1,02_STROMA,3,04_LYMPHO,1
moe_oeo_N49_k49_L4_lr0.002_s27,moe_oeo,49,49,27,train,1,02_STROMA,4,05_DEBRIS,91
moe_oeo_N49_k49_L4_lr0.002_s27,moe_oeo,49,49,27,train,1,02_STROMA,5,06_MUCOSA,7
moe_oeo_N49_k49_L4_lr0.002_s27,moe_oeo,49,49,27,train,1,02_STROMA,6,07_ADIPOSE,1
moe_oeo_N49_k49_L4_lr0.002_s27,moe_oeo,49,49,27,train,1,02_STROMA,7,08_EMPTY,0
moe_oeo_N49_k49_L4_lr0.002_s27,moe_oeo,49,49,27,train,2,03_COMPLEX,0,01_TUMOR,19
moe_oeo_N49_k49_L4_lr0.002_s27,moe_oeo,49,49,27,train,2,03_COMPLEX,1,02_STROMA,45
moe_oeo_N49_k49_L4_lr0.002_s27,moe_oeo,49,49,27,train,2,03_COMPLEX,2,03_COMPLEX,342
moe_oeo_N49_k49_L4_lr0.002_s27,moe_oeo,49,49,27,train,2,03_COMPLEX,3,04_LYMPHO,12
moe_oeo_N49_k49_L4_lr0.002_s27,moe_oeo,49,49,27,train,2,03_COMPLEX,4,05_DEBRIS,4
moe_oeo_N49_k49_L4_lr0.002_s27,moe_oeo,49,49,27,train,2,03_COMPLEX,5,06_MUCOSA,15
moe_oeo_N49_k49_L4_lr0.002_s27,moe_oeo,49,49,27,train,2,03_COMPLEX,6,07_ADIPOSE,0
moe_oeo_N49_k49_L4_lr0.002_s27,moe_oeo,49,49,27,train,2,03_COMPLEX,7,08_EMPTY,0
moe_oeo_N49_k49_L4_lr0.002_s27,moe_oeo,49,49,27,train,3,04_LYMPHO,0,01_TUMOR,20
moe_oeo_N49_k49_L4_lr0.002_s27,moe_oeo,49,49,27,train,3,04_LYMPHO,1,02_STROMA,0
moe_oeo_N49_k49_L4_lr0.002_s27,moe_oeo,49,49,27,train,3,04_LYMPHO,2,03_COMPLEX,36
moe_oeo_N49_k49_L4_lr0.002_s27,moe_oeo,49,49,27,train,3,04_LYMPHO,3,04_LYMPHO,374
moe_oeo_N49_k49_L4_lr0.002_s27,moe_oeo,49,49,27,train,3,04_LYMPHO,4,05_DEBRIS,0
moe_oeo_N49_k49_L4_lr0.002_s27,moe_oeo,49,49,27,train,3,04_LYMPHO,5,06_MUCOSA,7
moe_oeo_N49_k49_L4_lr0.002_s27,moe_oeo,49,49,27,train,3,04_LYMPHO,6,07_ADIPOSE,0
moe_oeo_N49_k49_L4_lr0.002_s27,moe_oeo,49,49,27,train,3,04_LYMPHO,7,08_EMPTY,0
moe_oeo_N49_k49_L4_lr0.002_s27,moe_oeo,49,49,27,train,4,05_DEBRIS,0,01_TUMOR,1
moe_oeo_N49_k49_L4_lr0.002_s27,moe_oeo,49,49,27,train,4,05_DEBRIS,1,02_STROMA,70
moe_oeo_N49_k49_L4_lr0.002_s27,moe_oeo,49,49,27,train,4,05_DEBRIS,2,03_COMPLEX,10
moe_oeo_N49_k49_L4_lr0.002_s27,moe_oeo,49,49,27,train,4,05_DEBRIS,3,04_LYMPHO,0
moe_oeo_N49_k49_L4_lr0.002_s27,moe_oeo,49,49,27,train,4,05_DEBRIS,4,05_DEBRIS,329
moe_oeo_N49_k49_L4_lr0.002_s27,moe_oeo,49,49,27,train,4,05_DEBRIS,5,06_MUCOSA,21
moe_oeo_N49_k49_L4_lr0.002_s27,moe_oeo,49,49,27,train,4,05_DEBRIS,6,07_ADIPOSE,6
moe_oeo_N49_k49_L4_lr0.002_s27,moe_oeo,49,49,27,train,4,05_DEBRIS,7,08_EMPTY,0
moe_oeo_N49_k49_L4_lr0.002_s27,moe_oeo,49,49,27,train,5,06_MUCOSA,0,01_TUMOR,20
moe_oeo_N49_k49_L4_lr0.002_s27,moe_oeo,49,49,27,train,5,06_MUCOSA,1,02_STROMA,2
moe_oeo_N49_k49_L4_lr0.002_s27,moe_oeo,49,49,27,train,5,06_MUCOSA,2,03_COMPLEX,3
moe_oeo_N49_k49_L4_lr0.002_s27,moe_oeo,49,49,27,train,5,06_MUCOSA,3,04_LYMPHO,13
moe_oeo_N49_k49_L4_lr0.002_s27,moe_oeo,49,49,27,train,5,06_MUCOSA,4,05_DEBRIS,1
moe_oeo_N49_k49_L4_lr0.002_s27,moe_oeo,49,49,27,train,5,06_MUCOSA,5,06_MUCOSA,398
moe_oeo_N49_k49_L4_lr0.002_s27,moe_oeo,49,49,27,train,5,06_MUCOSA,6,07_ADIPOSE,0
moe_oeo_N49_k49_L4_lr0.002_s27,moe_oeo,49,49,27,train,5,06_MUCOSA,7,08_EMPTY,0
moe_oeo_N49_k49_L4_lr0.002_s27,moe_oeo,49,49,27,train,6,07_ADIPOSE,0,01_TUMOR,0
moe_oeo_N49_k49_L4_lr0.002_s27,moe_oeo,49,49,27,train,6,07_ADIPOSE,1,02_STROMA,0
moe_oeo_N49_k49_L4_lr0.002_s27,moe_oeo,49,49,27,train,6,07_ADIPOSE,2,03_COMPLEX,0
moe_oeo_N49_k49_L4_lr0.002_s27,moe_oeo,49,49,27,train,6,07_ADIPOSE,3,04_LYMPHO,0
moe_oeo_N49_k49_L4_lr0.002_s27,moe_oeo,49,49,27,train,6,07_ADIPOSE,4,05_DEBRIS,1
moe_oeo_N49_k49_L4_lr0.002_s27,moe_oeo,49,49,27,train,6,07_ADIPOSE,5,06_MUCOSA,0
moe_oeo_N49_k49_L4_lr0.002_s27,moe_oeo,49,49,27,train,6,07_ADIPOSE,6,07_ADIPOSE,426
moe_oeo_N49_k49_L4_lr0.002_s27,moe_oeo,49,49,27,train,6,07_ADIPOSE,7,08_EMPTY,10
moe_oeo_N49_k49_L4_lr0.002_s27,moe_oeo,49,49,27,train,7,08_EMPTY,0,01_TUMOR,0
moe_oeo_N49_k49_L4_lr0.002_s27,moe_oeo,49,49,27,train,7,08_EMPTY,1,02_STROMA,0
moe_oeo_N49_k49_L4_lr0.002_s27,moe_oeo,49,49,27,train,7,08_EMPTY,2,03_COMPLEX,0
moe_oeo_N49_k49_L4_lr0.002_s27,moe_oeo,49,49,27,train,7,08_EMPTY,3,04_LYMPHO,0
moe_oeo_N49_k49_L4_lr0.002_s27,moe_oeo,49,49,27,train,7,08_EMPTY,4,05_DEBRIS,1
moe_oeo_N49_k49_L4_lr0.002_s27,moe_oeo,49,49,27,train,7,08_EMPTY,5,06_MUCOSA,0
moe_oeo_N49_k49_L4_lr0.002_s27,moe_oeo,49,49,27,train,7,08_EMPTY,6,07_ADIPOSE,9
moe_oeo_N49_k49_L4_lr0.002_s27,moe_oeo,49,49,27,train,7,08_EMPTY,7,08_EMPTY,427
moe_oeo_N49_k49_L4_lr0.002_s27,moe_oeo,49,49,27,val,0,01_TUMOR,0,01_TUMOR,62
moe_oeo_N49_k49_L4_lr0.002_s27,moe_oeo,49,49,27,val,0,01_TUMOR,1,02_STROMA,0
moe_oeo_N49_k49_L4_lr0.002_s27,moe_oeo,49,49,27,val,0,01_TUMOR,2,03_COMPLEX,7
moe_oeo_N49_k49_L4_lr0.002_s27,moe_oeo,49,49,27,val,0,01_TUMOR,3,04_LYMPHO,16
moe_oeo_N49_k49_L4_lr0.002_s27,moe_oeo,49,49,27,val,0,01_TUMOR,4,05_DEBRIS,1
moe_oeo_N49_k49_L4_lr0.002_s27,moe_oeo,49,49,27,val,0,01_TUMOR,5,06_MUCOSA,8
moe_oeo_N49_k49_L4_lr0.002_s27,moe_oeo,49,49,27,val,0,01_TUMOR,6,07_ADIPOSE,0
moe_oeo_N49_k49_L4_lr0.002_s27,moe_oeo,49,49,27,val,0,01_TUMOR,7,08_EMPTY,0
moe_oeo_N49_k49_L4_lr0.002_s27,moe_oeo,49,49,27,val,1,02_STROMA,0,01_TUMOR,0
moe_oeo_N49_k49_L4_lr0.002_s27,moe_oeo,49,49,27,val,1,02_STROMA,1,02_STROMA,56
moe_oeo_N49_k49_L4_lr0.002_s27,moe_oeo,49,49,27,val,1,02_STROMA,2,03_COMPLEX,10
moe_oeo_N49_k49_L4_lr0.002_s27,moe_oeo,49,49,27,val,1,02_STROMA,3,04_LYMPHO,0
moe_oeo_N49_k49_L4_lr0.002_s27,moe_oeo,49,49,27,val,1,02_STROMA,4,05_DEBRIS,28
moe_oeo_N49_k49_L4_lr0.002_s27,moe_oeo,49,49,27,val,1,02_STROMA,5,06_MUCOSA,0
moe_oeo_N49_k49_L4_lr0.002_s27,moe_oeo,49,49,27,val,1,02_STROMA,6,07_ADIPOSE,0
moe_oeo_N49_k49_L4_lr0.002_s27,moe_oeo,49,49,27,val,1,02_STROMA,7,08_EMPTY,0
moe_oeo_N49_k49_L4_lr0.002_s27,moe_oeo,49,49,27,val,2,03_COMPLEX,0,01_TUMOR,7
moe_oeo_N49_k49_L4_lr0.002_s27,moe_oeo,49,49,27,val,2,03_COMPLEX,1,02_STROMA,22
moe_oeo_N49_k49_L4_lr0.002_s27,moe_oeo,49,49,27,val,2,03_COMPLEX,2,03_COMPLEX,61
moe_oeo_N49_k49_L4_lr0.002_s27,moe_oeo,49,49,27,val,2,03_COMPLEX,3,04_LYMPHO,1
moe_oeo_N49_k49_L4_lr0.002_s27,moe_oeo,49,49,27,val,2,03_COMPLEX,4,05_DEBRIS,2
moe_oeo_N49_k49_L4_lr0.002_s27,moe_oeo,49,49,27,val,2,03_COMPLEX,5,06_MUCOSA,1
moe_oeo_N49_k49_L4_lr0.002_s27,moe_oeo,49,49,27,val,2,03_COMPLEX,6,07_ADIPOSE,0
moe_oeo_N49_k49_L4_lr0.002_s27,moe_oeo,49,49,27,val,2,03_COMPLEX,7,08_EMPTY,0
moe_oeo_N49_k49_L4_lr0.002_s27,moe_oeo,49,49,27,val,3,04_LYMPHO,0,01_TUMOR,8
moe_oeo_N49_k49_L4_lr0.002_s27,moe_oeo,49,49,27,val,3,04_LYMPHO,1,02_STROMA,0
moe_oeo_N49_k49_L4_lr0.002_s27,moe_oeo,49,49,27,val,3,04_LYMPHO,2,03_COMPLEX,12
moe_oeo_N49_k49_L4_lr0.002_s27,moe_oeo,49,49,27,val,3,04_LYMPHO,3,04_LYMPHO,73
moe_oeo_N49_k49_L4_lr0.002_s27,moe_oeo,49,49,27,val,3,04_LYMPHO,4,05_DEBRIS,0
moe_oeo_N49_k49_L4_lr0.002_s27,moe_oeo,49,49,27,val,3,04_LYMPHO,5,06_MUCOSA,1
moe_oeo_N49_k49_L4_lr0.002_s27,moe_oeo,49,49,27,val,3,04_LYMPHO,6,07_ADIPOSE,0
moe_oeo_N49_k49_L4_lr0.002_s27,moe_oeo,49,49,27,val,3,04_LYMPHO,7,08_EMPTY,0
moe_oeo_N49_k49_L4_lr0.002_s27,moe_oeo,49,49,27,val,4,05_DEBRIS,0,01_TUMOR,0
moe_oeo_N49_k49_L4_lr0.002_s27,moe_oeo,49,49,27,val,4,05_DEBRIS,1,02_STROMA,16
moe_oeo_N49_k49_L4_lr0.002_s27,moe_oeo,49,49,27,val,4,05_DEBRIS,2,03_COMPLEX,4
moe_oeo_N49_k49_L4_lr0.002_s27,moe_oeo,49,49,27,val,4,05_DEBRIS,3,04_LYMPHO,0
moe_oeo_N49_k49_L4_lr0.002_s27,moe_oeo,49,49,27,val,4,05_DEBRIS,4,05_DEBRIS,59
moe_oeo_N49_k49_L4_lr0.002_s27,moe_oeo,49,49,27,val,4,05_DEBRIS,5,06_MUCOSA,8
moe_oeo_N49_k49_L4_lr0.002_s27,moe_oeo,49,49,27,val,4,05_DEBRIS,6,07_ADIPOSE,7
moe_oeo_N49_k49_L4_lr0.002_s27,moe_oeo,49,49,27,val,4,05_DEBRIS,7,08_EMPTY,0
moe_oeo_N49_k49_L4_lr0.002_s27,moe_oeo,49,49,27,val,5,06_MUCOSA,0,01_TUMOR,10
moe_oeo_N49_k49_L4_lr0.002_s27,moe_oeo,49,49,27,val,5,06_MUCOSA,1,02_STROMA,0
moe_oeo_N49_k49_L4_lr0.002_s27,moe_oeo,49,49,27,val,5,06_MUCOSA,2,03_COMPLEX,1
moe_oeo_N49_k49_L4_lr0.002_s27,moe_oeo,49,49,27,val,5,06_MUCOSA,3,04_LYMPHO,6
moe_oeo_N49_k49_L4_lr0.002_s27,moe_oeo,49,49,27,val,5,06_MUCOSA,4,05_DEBRIS,2
moe_oeo_N49_k49_L4_lr0.002_s27,moe_oeo,49,49,27,val,5,06_MUCOSA,5,06_MUCOSA,75
moe_oeo_N49_k49_L4_lr0.002_s27,moe_oeo,49,49,27,val,5,06_MUCOSA,6,07_ADIPOSE,0
moe_oeo_N49_k49_L4_lr0.002_s27,moe_oeo,49,49,27,val,5,06_MUCOSA,7,08_EMPTY,0
moe_oeo_N49_k49_L4_lr0.002_s27,moe_oeo,49,49,27,val,6,07_ADIPOSE,0,01_TUMOR,0
moe_oeo_N49_k49_L4_lr0.002_s27,moe_oeo,49,49,27,val,6,07_ADIPOSE,1,02_STROMA,0
moe_oeo_N49_k49_L4_lr0.002_s27,moe_oeo,49,49,27,val,6,07_ADIPOSE,2,03_COMPLEX,0
moe_oeo_N49_k49_L4_lr0.002_s27,moe_oeo,49,49,27,val,6,07_ADIPOSE,3,04_LYMPHO,0
moe_oeo_N49_k49_L4_lr0.002_s27,moe_oeo,49,49,27,val,6,07_ADIPOSE,4,05_DEBRIS,2
moe_oeo_N49_k49_L4_lr0.002_s27,moe_oeo,49,49,27,val,6,07_ADIPOSE,5,06_MUCOSA,0
moe_oeo_N49_k49_L4_lr0.002_s27,moe_oeo,49,49,27,val,6,07_ADIPOSE,6,07_ADIPOSE,87
moe_oeo_N49_k49_L4_lr0.002_s27,moe_oeo,49,49,27,val,6,07_ADIPOSE,7,08_EMPTY,5
moe_oeo_N49_k49_L4_lr0.002_s27,moe_oeo,49,49,27,val,7,08_EMPTY,0,01_TUMOR,0
moe_oeo_N49_k49_L4_lr0.002_s27,moe_oeo,49,49,27,val,7,08_EMPTY,1,02_STROMA,0
moe_oeo_N49_k49_L4_lr0.002_s27,moe_oeo,49,49,27,val,7,08_EMPTY,2,03_COMPLEX,0
moe_oeo_N49_k49_L4_lr0.002_s27,moe_oeo,49,49,27,val,7,08_EMPTY,3,04_LYMPHO,0
moe_oeo_N49_k49_L4_lr0.002_s27,moe_oeo,49,49,27,val,7,08_EMPTY,4,05_DEBRIS,0
moe_oeo_N49_k49_L4_lr0.002_s27,moe_oeo,49,49,27,val,7,08_EMPTY,5,06_MUCOSA,0
moe_oeo_N49_k49_L4_lr0.002_s27,moe_oeo,49,49,27,val,7,08_EMPTY,6,07_ADIPOSE,2
moe_oeo_N49_k49_L4_lr0.002_s27,moe_oeo,49,49,27,val,7,08_EMPTY,7,08_EMPTY,92
d2nn_expert_global_N4_k4_L4_lr0.002_s17,d2nn_expert_global,4,4,17,train,0,01_TUMOR,0,01_TUMOR,167
d2nn_expert_global_N4_k4_L4_lr0.002_s17,d2nn_expert_global,4,4,17,train,0,01_TUMOR,1,02_STROMA,5
d2nn_expert_global_N4_k4_L4_lr0.002_s17,d2nn_expert_global,4,4,17,train,0,01_TUMOR,2,03_COMPLEX,34
d2nn_expert_global_N4_k4_L4_lr0.002_s17,d2nn_expert_global,4,4,17,train,0,01_TUMOR,3,04_LYMPHO,111
d2nn_expert_global_N4_k4_L4_lr0.002_s17,d2nn_expert_global,4,4,17,train,0,01_TUMOR,4,05_DEBRIS,4
d2nn_expert_global_N4_k4_L4_lr0.002_s17,d2nn_expert_global,4,4,17,train,0,01_TUMOR,5,06_MUCOSA,116
d2nn_expert_global_N4_k4_L4_lr0.002_s17,d2nn_expert_global,4,4,17,train,0,01_TUMOR,6,07_ADIPOSE,0
d2nn_expert_global_N4_k4_L4_lr0.002_s17,d2nn_expert_global,4,4,17,train,0,01_TUMOR,7,08_EMPTY,0
d2nn_expert_global_N4_k4_L4_lr0.002_s17,d2nn_expert_global,4,4,17,train,1,02_STROMA,0,01_TUMOR,7
d2nn_expert_global_N4_k4_L4_lr0.002_s17,d2nn_expert_global,4,4,17,train,1,02_STROMA,1,02_STROMA,340
d2nn_expert_global_N4_k4_L4_lr0.002_s17,d2nn_expert_global,4,4,17,train,1,02_STROMA,2,03_COMPLEX,25
d2nn_expert_global_N4_k4_L4_lr0.002_s17,d2nn_expert_global,4,4,17,train,1,02_STROMA,3,04_LYMPHO,3
d2nn_expert_global_N4_k4_L4_lr0.002_s17,d2nn_expert_global,4,4,17,train,1,02_STROMA,4,05_DEBRIS,36
d2nn_expert_global_N4_k4_L4_lr0.002_s17,d2nn_expert_global,4,4,17,train,1,02_STROMA,5,06_MUCOSA,25
d2nn_expert_global_N4_k4_L4_lr0.002_s17,d2nn_expert_global,4,4,17,train,1,02_STROMA,6,07_ADIPOSE,1
d2nn_expert_global_N4_k4_L4_lr0.002_s17,d2nn_expert_global,4,4,17,train,1,02_STROMA,7,08_EMPTY,0
d2nn_expert_global_N4_k4_L4_lr0.002_s17,d2nn_expert_global,4,4,17,train,2,03_COMPLEX,0,01_TUMOR,19
d2nn_expert_global_N4_k4_L4_lr0.002_s17,d2nn_expert_global,4,4,17,train,2,03_COMPLEX,1,02_STROMA,117
d2nn_expert_global_N4_k4_L4_lr0.002_s17,d2nn_expert_global,4,4,17,train,2,03_COMPLEX,2,03_COMPLEX,226
d2nn_expert_global_N4_k4_L4_lr0.002_s17,d2nn_expert_global,4,4,17,train,2,03_COMPLEX,3,04_LYMPHO,37
d2nn_expert_global_N4_k4_L4_lr0.002_s17,d2nn_expert_global,4,4,17,train,2,03_COMPLEX,4,05_DEBRIS,13
d2nn_expert_global_N4_k4_L4_lr0.002_s17,d2nn_expert_global,4,4,17,train,2,03_COMPLEX,5,06_MUCOSA,25
d2nn_expert_global_N4_k4_L4_lr0.002_s17,d2nn_expert_global,4,4,17,train,2,03_COMPLEX,6,07_ADIPOSE,0
d2nn_expert_global_N4_k4_L4_lr0.002_s17,d2nn_expert_global,4,4,17,train,2,03_COMPLEX,7,08_EMPTY,0
d2nn_expert_global_N4_k4_L4_lr0.002_s17,d2nn_expert_global,4,4,17,train,3,04_LYMPHO,0,01_TUMOR,64
d2nn_expert_global_N4_k4_L4_lr0.002_s17,d2nn_expert_global,4,4,17,train,3,04_LYMPHO,1,02_STROMA,6
d2nn_expert_global_N4_k4_L4_lr0.002_s17,d2nn_expert_global,4,4,17,train,3,04_LYMPHO,2,03_COMPLEX,36
d2nn_expert_global_N4_k4_L4_lr0.002_s17,d2nn_expert_global,4,4,17,train,3,04_LYMPHO,3,04_LYMPHO,270
d2nn_expert_global_N4_k4_L4_lr0.002_s17,d2nn_expert_global,4,4,17,train,3,04_LYMPHO,4,05_DEBRIS,1
d2nn_expert_global_N4_k4_L4_lr0.002_s17,d2nn_expert_global,4,4,17,train,3,04_LYMPHO,5,06_MUCOSA,60
d2nn_expert_global_N4_k4_L4_lr0.002_s17,d2nn_expert_global,4,4,17,train,3,04_LYMPHO,6,07_ADIPOSE,0
d2nn_expert_global_N4_k4_L4_lr0.002_s17,d2nn_expert_global,4,4,17,train,3,04_LYMPHO,7,08_EMPTY,0
d2nn_expert_global_N4_k4_L4_lr0.002_s17,d2nn_expert_global,4,4,17,train,4,05_DEBRIS,0,01_TUMOR,3
d2nn_expert_global_N4_k4_L4_lr0.002_s17,d2nn_expert_global,4,4,17,train,4,05_DEBRIS,1,02_STROMA,159
d2nn_expert_global_N4_k4_L4_lr0.002_s17,d2nn_expert_global,4,4,17,train,4,05_DEBRIS,2,03_COMPLEX,25
d2nn_expert_global_N4_k4_L4_lr0.002_s17,d2nn_expert_global,4,4,17,train,4,05_DEBRIS,3,04_LYMPHO,1
d2nn_expert_global_N4_k4_L4_lr0.002_s17,d2nn_expert_global,4,4,17,train,4,05_DEBRIS,4,05_DEBRIS,139
d2nn_expert_global_N4_k4_L4_lr0.002_s17,d2nn_expert_global,4,4,17,train,4,05_DEBRIS,5,06_MUCOSA,88
d2nn_expert_global_N4_k4_L4_lr0.002_s17,d2nn_expert_global,4,4,17,train,4,05_DEBRIS,6,07_ADIPOSE,22
d2nn_expert_global_N4_k4_L4_lr0.002_s17,d2nn_expert_global,4,4,17,train,4,05_DEBRIS,7,08_EMPTY,0
d2nn_expert_global_N4_k4_L4_lr0.002_s17,d2nn_expert_global,4,4,17,train,5,06_MUCOSA,0,01_TUMOR,50
d2nn_expert_global_N4_k4_L4_lr0.002_s17,d2nn_expert_global,4,4,17,train,5,06_MUCOSA,1,02_STROMA,7
d2nn_expert_global_N4_k4_L4_lr0.002_s17,d2nn_expert_global,4,4,17,train,5,06_MUCOSA,2,03_COMPLEX,9
d2nn_expert_global_N4_k4_L4_lr0.002_s17,d2nn_expert_global,4,4,17,train,5,06_MUCOSA,3,04_LYMPHO,45
d2nn_expert_global_N4_k4_L4_lr0.002_s17,d2nn_expert_global,4,4,17,train,5,06_MUCOSA,4,05_DEBRIS,21
d2nn_expert_global_N4_k4_L4_lr0.002_s17,d2nn_expert_global,4,4,17,train,5,06_MUCOSA,5,06_MUCOSA,305
d2nn_expert_global_N4_k4_L4_lr0.002_s17,d2nn_expert_global,4,4,17,train,5,06_MUCOSA,6,07_ADIPOSE,0
d2nn_expert_global_N4_k4_L4_lr0.002_s17,d2nn_expert_global,4,4,17,train,5,06_MUCOSA,7,08_EMPTY,0
d2nn_expert_global_N4_k4_L4_lr0.002_s17,d2nn_expert_global,4,4,17,train,6,07_ADIPOSE,0,01_TUMOR,0
d2nn_expert_global_N4_k4_L4_lr0.002_s17,d2nn_expert_global,4,4,17,train,6,07_ADIPOSE,1,02_STROMA,0
d2nn_expert_global_N4_k4_L4_lr0.002_s17,d2nn_expert_global,4,4,17,train,6,07_ADIPOSE,2,03_COMPLEX,0
d2nn_expert_global_N4_k4_L4_lr0.002_s17,d2nn_expert_global,4,4,17,train,6,07_ADIPOSE,3,04_LYMPHO,0
d2nn_expert_global_N4_k4_L4_lr0.002_s17,d2nn_expert_global,4,4,17,train,6,07_ADIPOSE,4,05_DEBRIS,3
d2nn_expert_global_N4_k4_L4_lr0.002_s17,d2nn_expert_global,4,4,17,train,6,07_ADIPOSE,5,06_MUCOSA,1
d2nn_expert_global_N4_k4_L4_lr0.002_s17,d2nn_expert_global,4,4,17,train,6,07_ADIPOSE,6,07_ADIPOSE,426
d2nn_expert_global_N4_k4_L4_lr0.002_s17,d2nn_expert_global,4,4,17,train,6,07_ADIPOSE,7,08_EMPTY,7
d2nn_expert_global_N4_k4_L4_lr0.002_s17,d2nn_expert_global,4,4,17,train,7,08_EMPTY,0,01_TUMOR,0
d2nn_expert_global_N4_k4_L4_lr0.002_s17,d2nn_expert_global,4,4,17,train,7,08_EMPTY,1,02_STROMA,0
d2nn_expert_global_N4_k4_L4_lr0.002_s17,d2nn_expert_global,4,4,17,train,7,08_EMPTY,2,03_COMPLEX,0
d2nn_expert_global_N4_k4_L4_lr0.002_s17,d2nn_expert_global,4,4,17,train,7,08_EMPTY,3,04_LYMPHO,0
d2nn_expert_global_N4_k4_L4_lr0.002_s17,d2nn_expert_global,4,4,17,train,7,08_EMPTY,4,05_DEBRIS,1
d2nn_expert_global_N4_k4_L4_lr0.002_s17,d2nn_expert_global,4,4,17,train,7,08_EMPTY,5,06_MUCOSA,0
d2nn_expert_global_N4_k4_L4_lr0.002_s17,d2nn_expert_global,4,4,17,train,7,08_EMPTY,6,07_ADIPOSE,10
d2nn_expert_global_N4_k4_L4_lr0.002_s17,d2nn_expert_global,4,4,17,train,7,08_EMPTY,7,08_EMPTY,426
d2nn_expert_global_N4_k4_L4_lr0.002_s17,d2nn_expert_global,4,4,17,val,0,01_TUMOR,0,01_TUMOR,37
d2nn_expert_global_N4_k4_L4_lr0.002_s17,d2nn_expert_global,4,4,17,val,0,01_TUMOR,1,02_STROMA,2
d2nn_expert_global_N4_k4_L4_lr0.002_s17,d2nn_expert_global,4,4,17,val,0,01_TUMOR,2,03_COMPLEX,5
d2nn_expert_global_N4_k4_L4_lr0.002_s17,d2nn_expert_global,4,4,17,val,0,01_TUMOR,3,04_LYMPHO,30
d2nn_expert_global_N4_k4_L4_lr0.002_s17,d2nn_expert_global,4,4,17,val,0,01_TUMOR,4,05_DEBRIS,0
d2nn_expert_global_N4_k4_L4_lr0.002_s17,d2nn_expert_global,4,4,17,val,0,01_TUMOR,5,06_MUCOSA,20
d2nn_expert_global_N4_k4_L4_lr0.002_s17,d2nn_expert_global,4,4,17,val,0,01_TUMOR,6,07_ADIPOSE,0
d2nn_expert_global_N4_k4_L4_lr0.002_s17,d2nn_expert_global,4,4,17,val,0,01_TUMOR,7,08_EMPTY,0
d2nn_expert_global_N4_k4_L4_lr0.002_s17,d2nn_expert_global,4,4,17,val,1,02_STROMA,0,01_TUMOR,1
d2nn_expert_global_N4_k4_L4_lr0.002_s17,d2nn_expert_global,4,4,17,val,1,02_STROMA,1,02_STROMA,70
d2nn_expert_global_N4_k4_L4_lr0.002_s17,d2nn_expert_global,4,4,17,val,1,02_STROMA,2,03_COMPLEX,7
d2nn_expert_global_N4_k4_L4_lr0.002_s17,d2nn_expert_global,4,4,17,val,1,02_STROMA,3,04_LYMPHO,1
d2nn_expert_global_N4_k4_L4_lr0.002_s17,d2nn_expert_global,4,4,17,val,1,02_STROMA,4,05_DEBRIS,6
d2nn_expert_global_N4_k4_L4_lr0.002_s17,d2nn_expert_global,4,4,17,val,1,02_STROMA,5,06_MUCOSA,9
d2nn_expert_global_N4_k4_L4_lr0.002_s17,d2nn_expert_global,4,4,17,val,1,02_STROMA,6,07_ADIPOSE,0
d2nn_expert_global_N4_k4_L4_lr0.002_s17,d2nn_expert_global,4,4,17,val,1,02_STROMA,7,08_EMPTY,0
d2nn_expert_global_N4_k4_L4_lr0.002_s17,d2nn_expert_global,4,4,17,val,2,03_COMPLEX,0,01_TUMOR,3
d2nn_expert_global_N4_k4_L4_lr0.002_s17,d2nn_expert_global,4,4,17,val,2,03_COMPLEX,1,02_STROMA,35
d2nn_expert_global_N4_k4_L4_lr0.002_s17,d2nn_expert_global,4,4,17,val,2,03_COMPLEX,2,03_COMPLEX,43
d2nn_expert_global_N4_k4_L4_lr0.002_s17,d2nn_expert_global,4,4,17,val,2,03_COMPLEX,3,04_LYMPHO,6
d2nn_expert_global_N4_k4_L4_lr0.002_s17,d2nn_expert_global,4,4,17,val,2,03_COMPLEX,4,05_DEBRIS,5
d2nn_expert_global_N4_k4_L4_lr0.002_s17,d2nn_expert_global,4,4,17,val,2,03_COMPLEX,5,06_MUCOSA,2
d2nn_expert_global_N4_k4_L4_lr0.002_s17,d2nn_expert_global,4,4,17,val,2,03_COMPLEX,6,07_ADIPOSE,0
d2nn_expert_global_N4_k4_L4_lr0.002_s17,d2nn_expert_global,4,4,17,val,2,03_COMPLEX,7,08_EMPTY,0
d2nn_expert_global_N4_k4_L4_lr0.002_s17,d2nn_expert_global,4,4,17,val,3,04_LYMPHO,0,01_TUMOR,19
d2nn_expert_global_N4_k4_L4_lr0.002_s17,d2nn_expert_global,4,4,17,val,3,04_LYMPHO,1,02_STROMA,2
d2nn_expert_global_N4_k4_L4_lr0.002_s17,d2nn_expert_global,4,4,17,val,3,04_LYMPHO,2,03_COMPLEX,11
d2nn_expert_global_N4_k4_L4_lr0.002_s17,d2nn_expert_global,4,4,17,val,3,04_LYMPHO,3,04_LYMPHO,51
d2nn_expert_global_N4_k4_L4_lr0.002_s17,d2nn_expert_global,4,4,17,val,3,04_LYMPHO,4,05_DEBRIS,1
d2nn_expert_global_N4_k4_L4_lr0.002_s17,d2nn_expert_global,4,4,17,val,3,04_LYMPHO,5,06_MUCOSA,10
d2nn_expert_global_N4_k4_L4_lr0.002_s17,d2nn_expert_global,4,4,17,val,3,04_LYMPHO,6,07_ADIPOSE,0
d2nn_expert_global_N4_k4_L4_lr0.002_s17,d2nn_expert_global,4,4,17,val,3,04_LYMPHO,7,08_EMPTY,0
d2nn_expert_global_N4_k4_L4_lr0.002_s17,d2nn_expert_global,4,4,17,val,4,05_DEBRIS,0,01_TUMOR,3
d2nn_expert_global_N4_k4_L4_lr0.002_s17,d2nn_expert_global,4,4,17,val,4,05_DEBRIS,1,02_STROMA,28
d2nn_expert_global_N4_k4_L4_lr0.002_s17,d2nn_expert_global,4,4,17,val,4,05_DEBRIS,2,03_COMPLEX,5
d2nn_expert_global_N4_k4_L4_lr0.002_s17,d2nn_expert_global,4,4,17,val,4,05_DEBRIS,3,04_LYMPHO,1
d2nn_expert_global_N4_k4_L4_lr0.002_s17,d2nn_expert_global,4,4,17,val,4,05_DEBRIS,4,05_DEBRIS,29
d2nn_expert_global_N4_k4_L4_lr0.002_s17,d2nn_expert_global,4,4,17,val,4,05_DEBRIS,5,06_MUCOSA,17
d2nn_expert_global_N4_k4_L4_lr0.002_s17,d2nn_expert_global,4,4,17,val,4,05_DEBRIS,6,07_ADIPOSE,11
d2nn_expert_global_N4_k4_L4_lr0.002_s17,d2nn_expert_global,4,4,17,val,4,05_DEBRIS,7,08_EMPTY,0
d2nn_expert_global_N4_k4_L4_lr0.002_s17,d2nn_expert_global,4,4,17,val,5,06_MUCOSA,0,01_TUMOR,11
d2nn_expert_global_N4_k4_L4_lr0.002_s17,d2nn_expert_global,4,4,17,val,5,06_MUCOSA,1,02_STROMA,1
d2nn_expert_global_N4_k4_L4_lr0.002_s17,d2nn_expert_global,4,4,17,val,5,06_MUCOSA,2,03_COMPLEX,5
d2nn_expert_global_N4_k4_L4_lr0.002_s17,d2nn_expert_global,4,4,17,val,5,06_MUCOSA,3,04_LYMPHO,8
d2nn_expert_global_N4_k4_L4_lr0.002_s17,d2nn_expert_global,4,4,17,val,5,06_MUCOSA,4,05_DEBRIS,2
d2nn_expert_global_N4_k4_L4_lr0.002_s17,d2nn_expert_global,4,4,17,val,5,06_MUCOSA,5,06_MUCOSA,67
d2nn_expert_global_N4_k4_L4_lr0.002_s17,d2nn_expert_global,4,4,17,val,5,06_MUCOSA,6,07_ADIPOSE,0
d2nn_expert_global_N4_k4_L4_lr0.002_s17,d2nn_expert_global,4,4,17,val,5,06_MUCOSA,7,08_EMPTY,0
d2nn_expert_global_N4_k4_L4_lr0.002_s17,d2nn_expert_global,4,4,17,val,6,07_ADIPOSE,0,01_TUMOR,0
d2nn_expert_global_N4_k4_L4_lr0.002_s17,d2nn_expert_global,4,4,17,val,6,07_ADIPOSE,1,02_STROMA,0
d2nn_expert_global_N4_k4_L4_lr0.002_s17,d2nn_expert_global,4,4,17,val,6,07_ADIPOSE,2,03_COMPLEX,0
d2nn_expert_global_N4_k4_L4_lr0.002_s17,d2nn_expert_global,4,4,17,val,6,07_ADIPOSE,3,04_LYMPHO,0
d2nn_expert_global_N4_k4_L4_lr0.002_s17,d2nn_expert_global,4,4,17,val,6,07_ADIPOSE,4,05_DEBRIS,1
d2nn_expert_global_N4_k4_L4_lr0.002_s17,d2nn_expert_global,4,4,17,val,6,07_ADIPOSE,5,06_MUCOSA,1
d2nn_expert_global_N4_k4_L4_lr0.002_s17,d2nn_expert_global,4,4,17,val,6,07_ADIPOSE,6,07_ADIPOSE,87
d2nn_expert_global_N4_k4_L4_lr0.002_s17,d2nn_expert_global,4,4,17,val,6,07_ADIPOSE,7,08_EMPTY,5
d2nn_expert_global_N4_k4_L4_lr0.002_s17,d2nn_expert_global,4,4,17,val,7,08_EMPTY,0,01_TUMOR,0
d2nn_expert_global_N4_k4_L4_lr0.002_s17,d2nn_expert_global,4,4,17,val,7,08_EMPTY,1,02_STROMA,0
d2nn_expert_global_N4_k4_L4_lr0.002_s17,d2nn_expert_global,4,4,17,val,7,08_EMPTY,2,03_COMPLEX,0
d2nn_expert_global_N4_k4_L4_lr0.002_s17,d2nn_expert_global,4,4,17,val,7,08_EMPTY,3,04_LYMPHO,0
d2nn_expert_global_N4_k4_L4_lr0.002_s17,d2nn_expert_global,4,4,17,val,7,08_EMPTY,4,05_DEBRIS,0
d2nn_expert_global_N4_k4_L4_lr0.002_s17,d2nn_expert_global,4,4,17,val,7,08_EMPTY,5,06_MUCOSA,0
d2nn_expert_global_N4_k4_L4_lr0.002_s17,d2nn_expert_global,4,4,17,val,7,08_EMPTY,6,07_ADIPOSE,2
d2nn_expert_global_N4_k4_L4_lr0.002_s17,d2nn_expert_global,4,4,17,val,7,08_EMPTY,7,08_EMPTY,92
d2nn_expert_global_N4_k4_L4_lr0.002_s27,d2nn_expert_global,4,4,27,train,0,01_TUMOR,0,01_TUMOR,160
d2nn_expert_global_N4_k4_L4_lr0.002_s27,d2nn_expert_global,4,4,27,train,0,01_TUMOR,1,02_STROMA,5
d2nn_expert_global_N4_k4_L4_lr0.002_s27,d2nn_expert_global,4,4,27,train,0,01_TUMOR,2,03_COMPLEX,34
d2nn_expert_global_N4_k4_L4_lr0.002_s27,d2nn_expert_global,4,4,27,train,0,01_TUMOR,3,04_LYMPHO,124
d2nn_expert_global_N4_k4_L4_lr0.002_s27,d2nn_expert_global,4,4,27,train,0,01_TUMOR,4,05_DEBRIS,5
d2nn_expert_global_N4_k4_L4_lr0.002_s27,d2nn_expert_global,4,4,27,train,0,01_TUMOR,5,06_MUCOSA,109
d2nn_expert_global_N4_k4_L4_lr0.002_s27,d2nn_expert_global,4,4,27,train,0,01_TUMOR,6,07_ADIPOSE,0
d2nn_expert_global_N4_k4_L4_lr0.002_s27,d2nn_expert_global,4,4,27,train,0,01_TUMOR,7,08_EMPTY,0
d2nn_expert_global_N4_k4_L4_lr0.002_s27,d2nn_expert_global,4,4,27,train,1,02_STROMA,0,01_TUMOR,6
d2nn_expert_global_N4_k4_L4_lr0.002_s27,d2nn_expert_global,4,4,27,train,1,02_STROMA,1,02_STROMA,335
d2nn_expert_global_N4_k4_L4_lr0.002_s27,d2nn_expert_global,4,4,27,train,1,02_STROMA,2,03_COMPLEX,28
d2nn_expert_global_N4_k4_L4_lr0.002_s27,d2nn_expert_global,4,4,27,train,1,02_STROMA,3,04_LYMPHO,3
d2nn_expert_global_N4_k4_L4_lr0.002_s27,d2nn_expert_global,4,4,27,train,1,02_STROMA,4,05_DEBRIS,38
d2nn_expert_global_N4_k4_L4_lr0.002_s27,d2nn_expert_global,4,4,27,train,1,02_STROMA,5,06_MUCOSA,26
d2nn_expert_global_N4_k4_L4_lr0.002_s27,d2nn_expert_global,4,4,27,train,1,02_STROMA,6,07_ADIPOSE,1
d2nn_expert_global_N4_k4_L4_lr0.002_s27,d2nn_expert_global,4,4,27,train,1,02_STROMA,7,08_EMPTY,0
d2nn_expert_global_N4_k4_L4_lr0.002_s27,d2nn_expert_global,4,4,27,train,2,03_COMPLEX,0,01_TUMOR,19
d2nn_expert_global_N4_k4_L4_lr0.002_s27,d2nn_expert_global,4,4,27,train,2,03_COMPLEX,1,02_STROMA,112
d2nn_expert_global_N4_k4_L4_lr0.002_s27,d2nn_expert_global,4,4,27,train,2,03_COMPLEX,2,03_COMPLEX,230
d2nn_expert_global_N4_k4_L4_lr0.002_s27,d2nn_expert_global,4,4,27,train,2,03_COMPLEX,3,04_LYMPHO,39
d2nn_expert_global_N4_k4_L4_lr0.002_s27,d2nn_expert_global,4,4,27,train,2,03_COMPLEX,4,05_DEBRIS,9
d2nn_expert_global_N4_k4_L4_lr0.002_s27,d2nn_expert_global,4,4,27,train,2,03_COMPLEX,5,06_MUCOSA,28
d2nn_expert_global_N4_k4_L4_lr0.002_s27,d2nn_expert_global,4,4,27,train,2,03_COMPLEX,6,07_ADIPOSE,0
d2nn_expert_global_N4_k4_L4_lr0.002_s27,d2nn_expert_global,4,4,27,train,2,03_COMPLEX,7,08_EMPTY,0
d2nn_expert_global_N4_k4_L4_lr0.002_s27,d2nn_expert_global,4,4,27,train,3,04_LYMPHO,0,01_TUMOR,59
d2nn_expert_global_N4_k4_L4_lr0.002_s27,d2nn_expert_global,4,4,27,train,3,04_LYMPHO,1,02_STROMA,6
d2nn_expert_global_N4_k4_L4_lr0.002_s27,d2nn_expert_global,4,4,27,train,3,04_LYMPHO,2,03_COMPLEX,39
d2nn_expert_global_N4_k4_L4_lr0.002_s27,d2nn_expert_global,4,4,27,train,3,04_LYMPHO,3,04_LYMPHO,275
d2nn_expert_global_N4_k4_L4_lr0.002_s27,d2nn_expert_global,4,4,27,train,3,04_LYMPHO,4,05_DEBRIS,0
d2nn_expert_global_N4_k4_L4_lr0.002_s27,d2nn_expert_global,4,4,27,train,3,04_LYMPHO,5,06_MUCOSA,58
d2nn_expert_global_N4_k4_L4_lr0.002_s27,d2nn_expert_global,4,4,27,train,3,04_LYMPHO,6,07_ADIPOSE,0
d2nn_expert_global_N4_k4_L4_lr0.002_s27,d2nn_expert_global,4,4,27,train,3,04_LYMPHO,7,08_EMPTY,0
d2nn_expert_global_N4_k4_L4_lr0.002_s27,d2nn_expert_global,4,4,27,train,4,05_DEBRIS,0,01_TUMOR,2
d2nn_expert_global_N4_k4_L4_lr0.002_s27,d2nn_expert_global,4,4,27,train,4,05_DEBRIS,1,02_STROMA,163
d2nn_expert_global_N4_k4_L4_lr0.002_s27,d2nn_expert_global,4,4,27,train,4,05_DEBRIS,2,03_COMPLEX,28
d2nn_expert_global_N4_k4_L4_lr0.002_s27,d2nn_expert_global,4,4,27,train,4,05_DEBRIS,3,04_LYMPHO,1
d2nn_expert_global_N4_k4_L4_lr0.002_s27,d2nn_expert_global,4,4,27,train,4,05_DEBRIS,4,05_DEBRIS,134
d2nn_expert_global_N4_k4_L4_lr0.002_s27,d2nn_expert_global,4,4,27,train,4,05_DEBRIS,5,06_MUCOSA,87
d2nn_expert_global_N4_k4_L4_lr0.002_s27,d2nn_expert_global,4,4,27,train,4,05_DEBRIS,6,07_ADIPOSE,22
d2nn_expert_global_N4_k4_L4_lr0.002_s27,d2nn_expert_global,4,4,27,train,4,05_DEBRIS,7,08_EMPTY,0
d2nn_expert_global_N4_k4_L4_lr0.002_s27,d2nn_expert_global,4,4,27,train,5,06_MUCOSA,0,01_TUMOR,46
d2nn_expert_global_N4_k4_L4_lr0.002_s27,d2nn_expert_global,4,4,27,train,5,06_MUCOSA,1,02_STROMA,4
d2nn_expert_global_N4_k4_L4_lr0.002_s27,d2nn_expert_global,4,4,27,train,5,06_MUCOSA,2,03_COMPLEX,11
d2nn_expert_global_N4_k4_L4_lr0.002_s27,d2nn_expert_global,4,4,27,train,5,06_MUCOSA,3,04_LYMPHO,49
d2nn_expert_global_N4_k4_L4_lr0.002_s27,d2nn_expert_global,4,4,27,train,5,06_MUCOSA,4,05_DEBRIS,16
d2nn_expert_global_N4_k4_L4_lr0.002_s27,d2nn_expert_global,4,4,27,train,5,06_MUCOSA,5,06_MUCOSA,311
d2nn_expert_global_N4_k4_L4_lr0.002_s27,d2nn_expert_global,4,4,27,train,5,06_MUCOSA,6,07_ADIPOSE,0
d2nn_expert_global_N4_k4_L4_lr0.002_s27,d2nn_expert_global,4,4,27,train,5,06_MUCOSA,7,08_EMPTY,0
d2nn_expert_global_N4_k4_L4_lr0.002_s27,d2nn_expert_global,4,4,27,train,6,07_ADIPOSE,0,01_TUMOR,0
d2nn_expert_global_N4_k4_L4_lr0.002_s27,d2nn_expert_global,4,4,27,train,6,07_ADIPOSE,1,02_STROMA,0
d2nn_expert_global_N4_k4_L4_lr0.002_s27,d2nn_expert_global,4,4,27,train,6,07_ADIPOSE,2,03_COMPLEX,0
d2nn_expert_global_N4_k4_L4_lr0.002_s27,d2nn_expert_global,4,4,27,train,6,07_ADIPOSE,3,04_LYMPHO,0
d2nn_expert_global_N4_k4_L4_lr0.002_s27,d2nn_expert_global,4,4,27,train,6,07_ADIPOSE,4,05_DEBRIS,3
d2nn_expert_global_N4_k4_L4_lr0.002_s27,d2nn_expert_global,4,4,27,train,6,07_ADIPOSE,5,06_MUCOSA,1
d2nn_expert_global_N4_k4_L4_lr0.002_s27,d2nn_expert_global,4,4,27,train,6,07_ADIPOSE,6,07_ADIPOSE,426
d2nn_expert_global_N4_k4_L4_lr0.002_s27,d2nn_expert_global,4,4,27,train,6,07_ADIPOSE,7,08_EMPTY,7
d2nn_expert_global_N4_k4_L4_lr0.002_s27,d2nn_expert_global,4,4,27,train,7,08_EMPTY,0,01_TUMOR,0
d2nn_expert_global_N4_k4_L4_lr0.002_s27,d2nn_expert_global,4,4,27,train,7,08_EMPTY,1,02_STROMA,0
d2nn_expert_global_N4_k4_L4_lr0.002_s27,d2nn_expert_global,4,4,27,train,7,08_EMPTY,2,03_COMPLEX,0
d2nn_expert_global_N4_k4_L4_lr0.002_s27,d2nn_expert_global,4,4,27,train,7,08_EMPTY,3,04_LYMPHO,0
d2nn_expert_global_N4_k4_L4_lr0.002_s27,d2nn_expert_global,4,4,27,train,7,08_EMPTY,4,05_DEBRIS,0
d2nn_expert_global_N4_k4_L4_lr0.002_s27,d2nn_expert_global,4,4,27,train,7,08_EMPTY,5,06_MUCOSA,1
d2nn_expert_global_N4_k4_L4_lr0.002_s27,d2nn_expert_global,4,4,27,train,7,08_EMPTY,6,07_ADIPOSE,9
d2nn_expert_global_N4_k4_L4_lr0.002_s27,d2nn_expert_global,4,4,27,train,7,08_EMPTY,7,08_EMPTY,427
d2nn_expert_global_N4_k4_L4_lr0.002_s27,d2nn_expert_global,4,4,27,val,0,01_TUMOR,0,01_TUMOR,33
d2nn_expert_global_N4_k4_L4_lr0.002_s27,d2nn_expert_global,4,4,27,val,0,01_TUMOR,1,02_STROMA,1
d2nn_expert_global_N4_k4_L4_lr0.002_s27,d2nn_expert_global,4,4,27,val,0,01_TUMOR,2,03_COMPLEX,9
d2nn_expert_global_N4_k4_L4_lr0.002_s27,d2nn_expert_global,4,4,27,val,0,01_TUMOR,3,04_LYMPHO,29
d2nn_expert_global_N4_k4_L4_lr0.002_s27,d2nn_expert_global,4,4,27,val,0,01_TUMOR,4,05_DEBRIS,1
d2nn_expert_global_N4_k4_L4_lr0.002_s27,d2nn_expert_global,4,4,27,val,0,01_TUMOR,5,06_MUCOSA,21
d2nn_expert_global_N4_k4_L4_lr0.002_s27,d2nn_expert_global,4,4,27,val,0,01_TUMOR,6,07_ADIPOSE,0
d2nn_expert_global_N4_k4_L4_lr0.002_s27,d2nn_expert_global,4,4,27,val,0,01_TUMOR,7,08_EMPTY,0
d2nn_expert_global_N4_k4_L4_lr0.002_s27,d2nn_expert_global,4,4,27,val,1,02_STROMA,0,01_TUMOR,1
d2nn_expert_global_N4_k4_L4_lr0.002_s27,d2nn_expert_global,4,4,27,val,1,02_STROMA,1,02_STROMA,69
d2nn_expert_global_N4_k4_L4_lr0.002_s27,d2nn_expert_global,4,4,27,val,1,02_STROMA,2,03_COMPLEX,4
d2nn_expert_global_N4_k4_L4_lr0.002_s27,d2nn_expert_global,4,4,27,val,1,02_STROMA,3,04_LYMPHO,1
d2nn_expert_global_N4_k4_L4_lr0.002_s27,d2nn_expert_global,4,4,27,val,1,02_STROMA,4,05_DEBRIS,7
d2nn_expert_global_N4_k4_L4_lr0.002_s27,d2nn_expert_global,4,4,27,val,1,02_STROMA,5,06_MUCOSA,12
d2nn_expert_global_N4_k4_L4_lr0.002_s27,d2nn_expert_global,4,4,27,val,1,02_STROMA,6,07_ADIPOSE,0
d2nn_expert_global_N4_k4_L4_lr0.002_s27,d2nn_expert_global,4,4,27,val,1,02_STROMA,7,08_EMPTY,0
d2nn_expert_global_N4_k4_L4_lr0.002_s27,d2nn_expert_global,4,4,27,val,2,03_COMPLEX,0,01_TUMOR,3
d2nn_expert_global_N4_k4_L4_lr0.002_s27,d2nn_expert_global,4,4,27,val,2,03_COMPLEX,1,02_STROMA,35
d2nn_expert_global_N4_k4_L4_lr0.002_s27,d2nn_expert_global,4,4,27,val,2,03_COMPLEX,2,03_COMPLEX,44
d2nn_expert_global_N4_k4_L4_lr0.002_s27,d2nn_expert_global,4,4,27,val,2,03_COMPLEX,3,04_LYMPHO,3
d2nn_expert_global_N4_k4_L4_lr0.002_s27,d2nn_expert_global,4,4,27,val,2,03_COMPLEX,4,05_DEBRIS,5
d2nn_expert_global_N4_k4_L4_lr0.002_s27,d2nn_expert_global,4,4,27,val,2,03_COMPLEX,5,06_MUCOSA,4
d2nn_expert_global_N4_k4_L4_lr0.002_s27,d2nn_expert_global,4,4,27,val,2,03_COMPLEX,6,07_ADIPOSE,0
d2nn_expert_global_N4_k4_L4_lr0.002_s27,d2nn_expert_global,4,4,27,val,2,03_COMPLEX,7,08_EMPTY,0
d2nn_expert_global_N4_k4_L4_lr0.002_s27,d2nn_expert_global,4,4,27,val,3,04_LYMPHO,0,01_TUMOR,20
d2nn_expert_global_N4_k4_L4_lr0.002_s27,d2nn_expert_global,4,4,27,val,3,04_LYMPHO,1,02_STROMA,2
d2nn_expert_global_N4_k4_L4_lr0.002_s27,d2nn_expert_global,4,4,27,val,3,04_LYMPHO,2,03_COMPLEX,10
d2nn_expert_global_N4_k4_L4_lr0.002_s27,d2nn_expert_global,4,4,27,val,3,04_LYMPHO,3,04_LYMPHO,50
d2nn_expert_global_N4_k4_L4_lr0.002_s27,d2nn_expert_global,4,4,27,val,3,04_LYMPHO,4,05_DEBRIS,1
d2nn_expert_global_N4_k4_L4_lr0.002_s27,d2nn_expert_global,4,4,27,val,3,04_LYMPHO,5,06_MUCOSA,11
d2nn_expert_global_N4_k4_L4_lr0.002_s27,d2nn_expert_global,4,4,27,val,3,04_LYMPHO,6,07_ADIPOSE,0
d2nn_expert_global_N4_k4_L4_lr0.002_s27,d2nn_expert_global,4,4,27,val,3,04_LYMPHO,7,08_EMPTY,0
d2nn_expert_global_N4_k4_L4_lr0.002_s27,d2nn_expert_global,4,4,27,val,4,05_DEBRIS,0,01_TUMOR,2
d2nn_expert_global_N4_k4_L4_lr0.002_s27,d2nn_expert_global,4,4,27,val,4,05_DEBRIS,1,02_STROMA,28
d2nn_expert_global_N4_k4_L4_lr0.002_s27,d2nn_expert_global,4,4,27,val,4,05_DEBRIS,2,03_COMPLEX,6
d2nn_expert_global_N4_k4_L4_lr0.002_s27,d2nn_expert_global,4,4,27,val,4,05_DEBRIS,3,04_LYMPHO,0
d2nn_expert_global_N4_k4_L4_lr0.002_s27,d2nn_expert_global,4,4,27,val,4,05_DEBRIS,4,05_DEBRIS,30
d2nn_expert_global_N4_k4_L4_lr0.002_s27,d2nn_expert_global,4,4,27,val,4,05_DEBRIS,5,06_MUCOSA,17
d2nn_expert_global_N4_k4_L4_lr0.002_s27,d2nn_expert_global,4,4,27,val,4,05_DEBRIS,6,07_ADIPOSE,11
d2nn_expert_global_N4_k4_L4_lr0.002_s27,d2nn_expert_global,4,4,27,val,4,05_DEBRIS,7,08_EMPTY,0
d2nn_expert_global_N4_k4_L4_lr0.002_s27,d2nn_expert_global,4,4,27,val,5,06_MUCOSA,0,01_TUMOR,12
d2nn_expert_global_N4_k4_L4_lr0.002_s27,d2nn_expert_global,4,4,27,val,5,06_MUCOSA,1,02_STROMA,1
d2nn_expert_global_N4_k4_L4_lr0.002_s27,d2nn_expert_global,4,4,27,val,5,06_MUCOSA,2,03_COMPLEX,4
d2nn_expert_global_N4_k4_L4_lr0.002_s27,d2nn_expert_global,4,4,27,val,5,06_MUCOSA,3,04_LYMPHO,9
d2nn_expert_global_N4_k4_L4_lr0.002_s27,d2nn_expert_global,4,4,27,val,5,06_MUCOSA,4,05_DEBRIS,4
d2nn_expert_global_N4_k4_L4_lr0.002_s27,d2nn_expert_global,4,4,27,val,5,06_MUCOSA,5,06_MUCOSA,64
d2nn_expert_global_N4_k4_L4_lr0.002_s27,d2nn_expert_global,4,4,27,val,5,06_MUCOSA,6,07_ADIPOSE,0
d2nn_expert_global_N4_k4_L4_lr0.002_s27,d2nn_expert_global,4,4,27,val,5,06_MUCOSA,7,08_EMPTY,0
d2nn_expert_global_N4_k4_L4_lr0.002_s27,d2nn_expert_global,4,4,27,val,6,07_ADIPOSE,0,01_TUMOR,0
d2nn_expert_global_N4_k4_L4_lr0.002_s27,d2nn_expert_global,4,4,27,val,6,07_ADIPOSE,1,02_STROMA,0
d2nn_expert_global_N4_k4_L4_lr0.002_s27,d2nn_expert_global,4,4,27,val,6,07_ADIPOSE,2,03_COMPLEX,0
d2nn_expert_global_N4_k4_L4_lr0.002_s27,d2nn_expert_global,4,4,27,val,6,07_ADIPOSE,3,04_LYMPHO,0
d2nn_expert_global_N4_k4_L4_lr0.002_s27,d2nn_expert_global,4,4,27,val,6,07_ADIPOSE,4,05_DEBRIS,1
d2nn_expert_global_N4_k4_L4_lr0.002_s27,d2nn_expert_global,4,4,27,val,6,07_ADIPOSE,5,06_MUCOSA,1
d2nn_expert_global_N4_k4_L4_lr0.002_s27,d2nn_expert_global,4,4,27,val,6,07_ADIPOSE,6,07_ADIPOSE,88
d2nn_expert_global_N4_k4_L4_lr0.002_s27,d2nn_expert_global,4,4,27,val,6,07_ADIPOSE,7,08_EMPTY,4
d2nn_expert_global_N4_k4_L4_lr0.002_s27,d2nn_expert_global,4,4,27,val,7,08_EMPTY,0,01_TUMOR,0
d2nn_expert_global_N4_k4_L4_lr0.002_s27,d2nn_expert_global,4,4,27,val,7,08_EMPTY,1,02_STROMA,0
d2nn_expert_global_N4_k4_L4_lr0.002_s27,d2nn_expert_global,4,4,27,val,7,08_EMPTY,2,03_COMPLEX,0
d2nn_expert_global_N4_k4_L4_lr0.002_s27,d2nn_expert_global,4,4,27,val,7,08_EMPTY,3,04_LYMPHO,0
d2nn_expert_global_N4_k4_L4_lr0.002_s27,d2nn_expert_global,4,4,27,val,7,08_EMPTY,4,05_DEBRIS,0
d2nn_expert_global_N4_k4_L4_lr0.002_s27,d2nn_expert_global,4,4,27,val,7,08_EMPTY,5,06_MUCOSA,0
d2nn_expert_global_N4_k4_L4_lr0.002_s27,d2nn_expert_global,4,4,27,val,7,08_EMPTY,6,07_ADIPOSE,2
d2nn_expert_global_N4_k4_L4_lr0.002_s27,d2nn_expert_global,4,4,27,val,7,08_EMPTY,7,08_EMPTY,92
d2nn_expert_global_N16_k16_L4_lr0.002_s17,d2nn_expert_global,16,16,17,train,0,01_TUMOR,0,01_TUMOR,184
d2nn_expert_global_N16_k16_L4_lr0.002_s17,d2nn_expert_global,16,16,17,train,0,01_TUMOR,1,02_STROMA,5
d2nn_expert_global_N16_k16_L4_lr0.002_s17,d2nn_expert_global,16,16,17,train,0,01_TUMOR,2,03_COMPLEX,51
d2nn_expert_global_N16_k16_L4_lr0.002_s17,d2nn_expert_global,16,16,17,train,0,01_TUMOR,3,04_LYMPHO,98
d2nn_expert_global_N16_k16_L4_lr0.002_s17,d2nn_expert_global,16,16,17,train,0,01_TUMOR,4,05_DEBRIS,4
d2nn_expert_global_N16_k16_L4_lr0.002_s17,d2nn_expert_global,16,16,17,train,0,01_TUMOR,5,06_MUCOSA,95
d2nn_expert_global_N16_k16_L4_lr0.002_s17,d2nn_expert_global,16,16,17,train,0,01_TUMOR,6,07_ADIPOSE,0
d2nn_expert_global_N16_k16_L4_lr0.002_s17,d2nn_expert_global,16,16,17,train,0,01_TUMOR,7,08_EMPTY,0
d2nn_expert_global_N16_k16_L4_lr0.002_s17,d2nn_expert_global,16,16,17,train,1,02_STROMA,0,01_TUMOR,2
d2nn_expert_global_N16_k16_L4_lr0.002_s17,d2nn_expert_global,16,16,17,train,1,02_STROMA,1,02_STROMA,335
d2nn_expert_global_N16_k16_L4_lr0.002_s17,d2nn_expert_global,16,16,17,train,1,02_STROMA,2,03_COMPLEX,38
d2nn_expert_global_N16_k16_L4_lr0.002_s17,d2nn_expert_global,16,16,17,train,1,02_STROMA,3,04_LYMPHO,1
d2nn_expert_global_N16_k16_L4_lr0.002_s17,d2nn_expert_global,16,16,17,train,1,02_STROMA,4,05_DEBRIS,32
d2nn_expert_global_N16_k16_L4_lr0.002_s17,d2nn_expert_global,16,16,17,train,1,02_STROMA,5,06_MUCOSA,29
d2nn_expert_global_N16_k16_L4_lr0.002_s17,d2nn_expert_global,16,16,17,train,1,02_STROMA,6,07_ADIPOSE,0
d2nn_expert_global_N16_k16_L4_lr0.002_s17,d2nn_expert_global,16,16,17,train,1,02_STROMA,7,08_EMPTY,0
d2nn_expert_global_N16_k16_L4_lr0.002_s17,d2nn_expert_global,16,16,17,train,2,03_COMPLEX,0,01_TUMOR,17
d2nn_expert_global_N16_k16_L4_lr0.002_s17,d2nn_expert_global,16,16,17,train,2,03_COMPLEX,1,02_STROMA,96
d2nn_expert_global_N16_k16_L4_lr0.002_s17,d2nn_expert_global,16,16,17,train,2,03_COMPLEX,2,03_COMPLEX,259
d2nn_expert_global_N16_k16_L4_lr0.002_s17,d2nn_expert_global,16,16,17,train,2,03_COMPLEX,3,04_LYMPHO,38
d2nn_expert_global_N16_k16_L4_lr0.002_s17,d2nn_expert_global,16,16,17,train,2,03_COMPLEX,4,05_DEBRIS,10
d2nn_expert_global_N16_k16_L4_lr0.002_s17,d2nn_expert_global,16,16,17,train,2,03_COMPLEX,5,06_MUCOSA,17
d2nn_expert_global_N16_k16_L4_lr0.002_s17,d2nn_expert_global,16,16,17,train,2,03_COMPLEX,6,07_ADIPOSE,0
d2nn_expert_global_N16_k16_L4_lr0.002_s17,d2nn_expert_global,16,16,17,train,2,03_COMPLEX,7,08_EMPTY,0
d2nn_expert_global_N16_k16_L4_lr0.002_s17,d2nn_expert_global,16,16,17,train,3,04_LYMPHO,0,01_TUMOR,47
d2nn_expert_global_N16_k16_L4_lr0.002_s17,d2nn_expert_global,16,16,17,train,3,04_LYMPHO,1,02_STROMA,3
d2nn_expert_global_N16_k16_L4_lr0.002_s17,d2nn_expert_global,16,16,17,train,3,04_LYMPHO,2,03_COMPLEX,72
d2nn_expert_global_N16_k16_L4_lr0.002_s17,d2nn_expert_global,16,16,17,train,3,04_LYMPHO,3,04_LYMPHO,277
d2nn_expert_global_N16_k16_L4_lr0.002_s17,d2nn_expert_global,16,16,17,train,3,04_LYMPHO,4,05_DEBRIS,1
d2nn_expert_global_N16_k16_L4_lr0.002_s17,d2nn_expert_global,16,16,17,train,3,04_LYMPHO,5,06_MUCOSA,37
d2nn_expert_global_N16_k16_L4_lr0.002_s17,d2nn_expert_global,16,16,17,train,3,04_LYMPHO,6,07_ADIPOSE,0
d2nn_expert_global_N16_k16_L4_lr0.002_s17,d2nn_expert_global,16,16,17,train,3,04_LYMPHO,7,08_EMPTY,0
d2nn_expert_global_N16_k16_L4_lr0.002_s17,d2nn_expert_global,16,16,17,train,4,05_DEBRIS,0,01_TUMOR,5
d2nn_expert_global_N16_k16_L4_lr0.002_s17,d2nn_expert_global,16,16,17,train,4,05_DEBRIS,1,02_STROMA,177
d2nn_expert_global_N16_k16_L4_lr0.002_s17,d2nn_expert_global,16,16,17,train,4,05_DEBRIS,2,03_COMPLEX,21
d2nn_expert_global_N16_k16_L4_lr0.002_s17,d2nn_expert_global,16,16,17,train,4,05_DEBRIS,3,04_LYMPHO,1
d2nn_expert_global_N16_k16_L4_lr0.002_s17,d2nn_expert_global,16,16,17,train,4,05_DEBRIS,4,05_DEBRIS,156
d2nn_expert_global_N16_k16_L4_lr0.002_s17,d2nn_expert_global,16,16,17,train,4,05_DEBRIS,5,06_MUCOSA,64
d2nn_expert_global_N16_k16_L4_lr0.002_s17,d2nn_expert_global,16,16,17,train,4,05_DEBRIS,6,07_ADIPOSE,13
d2nn_expert_global_N16_k16_L4_lr0.002_s17,d2nn_expert_global,16,16,17,train,4,05_DEBRIS,7,08_EMPTY,0
d2nn_expert_global_N16_k16_L4_lr0.002_s17,d2nn_expert_global,16,16,17,train,5,06_MUCOSA,0,01_TUMOR,57
d2nn_expert_global_N16_k16_L4_lr0.002_s17,d2nn_expert_global,16,16,17,train,5,06_MUCOSA,1,02_STROMA,3
d2nn_expert_global_N16_k16_L4_lr0.002_s17,d2nn_expert_global,16,16,17,train,5,06_MUCOSA,2,03_COMPLEX,21
d2nn_expert_global_N16_k16_L4_lr0.002_s17,d2nn_expert_global,16,16,17,train,5,06_MUCOSA,3,04_LYMPHO,56
d2nn_expert_global_N16_k16_L4_lr0.002_s17,d2nn_expert_global,16,16,17,train,5,06_MUCOSA,4,05_DEBRIS,27
d2nn_expert_global_N16_k16_L4_lr0.002_s17,d2nn_expert_global,16,16,17,train,5,06_MUCOSA,5,06_MUCOSA,273
d2nn_expert_global_N16_k16_L4_lr0.002_s17,d2nn_expert_global,16,16,17,train,5,06_MUCOSA,6,07_ADIPOSE,0
d2nn_expert_global_N16_k16_L4_lr0.002_s17,d2nn_expert_global,16,16,17,train,5,06_MUCOSA,7,08_EMPTY,0
d2nn_expert_global_N16_k16_L4_lr0.002_s17,d2nn_expert_global,16,16,17,train,6,07_ADIPOSE,0,01_TUMOR,0
d2nn_expert_global_N16_k16_L4_lr0.002_s17,d2nn_expert_global,16,16,17,train,6,07_ADIPOSE,1,02_STROMA,0
d2nn_expert_global_N16_k16_L4_lr0.002_s17,d2nn_expert_global,16,16,17,train,6,07_ADIPOSE,2,03_COMPLEX,0
d2nn_expert_global_N16_k16_L4_lr0.002_s17,d2nn_expert_global,16,16,17,train,6,07_ADIPOSE,3,04_LYMPHO,0
d2nn_expert_global_N16_k16_L4_lr0.002_s17,d2nn_expert_global,16,16,17,train,6,07_ADIPOSE,4,05_DEBRIS,7
d2nn_expert_global_N16_k16_L4_lr0.002_s17,d2nn_expert_global,16,16,17,train,6,07_ADIPOSE,5,06_MUCOSA,0
d2nn_expert_global_N16_k16_L4_lr0.002_s17,d2nn_expert_global,16,16,17,train,6,07_ADIPOSE,6,07_ADIPOSE,419
d2nn_expert_global_N16_k16_L4_lr0.002_s17,d2nn_expert_global,16,16,17,train,6,07_ADIPOSE,7,08_EMPTY,11
d2nn_expert_global_N16_k16_L4_lr0.002_s17,d2nn_expert_global,16,16,17,train,7,08_EMPTY,0,01_TUMOR,0
d2nn_expert_global_N16_k16_L4_lr0.002_s17,d2nn_expert_global,16,16,17,train,7,08_EMPTY,1,02_STROMA,0
d2nn_expert_global_N16_k16_L4_lr0.002_s17,d2nn_expert_global,16,16,17,train,7,08_EMPTY,2,03_COMPLEX,0
d2nn_expert_global_N16_k16_L4_lr0.002_s17,d2nn_expert_global,16,16,17,train,7,08_EMPTY,3,04_LYMPHO,0
d2nn_expert_global_N16_k16_L4_lr0.002_s17,d2nn_expert_global,16,16,17,train,7,08_EMPTY,4,05_DEBRIS,1
d2nn_expert_global_N16_k16_L4_lr0.002_s17,d2nn_expert_global,16,16,17,train,7,08_EMPTY,5,06_MUCOSA,0
d2nn_expert_global_N16_k16_L4_lr0.002_s17,d2nn_expert_global,16,16,17,train,7,08_EMPTY,6,07_ADIPOSE,9
d2nn_expert_global_N16_k16_L4_lr0.002_s17,d2nn_expert_global,16,16,17,train,7,08_EMPTY,7,08_EMPTY,427
d2nn_expert_global_N16_k16_L4_lr0.002_s17,d2nn_expert_global,16,16,17,val,0,01_TUMOR,0,01_TUMOR,39
d2nn_expert_global_N16_k16_L4_lr0.002_s17,d2nn_expert_global,16,16,17,val,0,01_TUMOR,1,02_STROMA,3
d2nn_expert_global_N16_k16_L4_lr0.002_s17,d2nn_expert_global,16,16,17,val,0,01_TUMOR,2,03_COMPLEX,12
d2nn_expert_global_N16_k16_L4_lr0.002_s17,d2nn_expert_global,16,16,17,val,0,01_TUMOR,3,04_LYMPHO,24
d2nn_expert_global_N16_k16_L4_lr0.002_s17,d2nn_expert_global,16,16,17,val,0,01_TUMOR,4,05_DEBRIS,0
d2nn_expert_global_N16_k16_L4_lr0.002_s17,d2nn_expert_global,16,16,17,val,0,01_TUMOR,5,06_MUCOSA,16
d2nn_expert_global_N16_k16_L4_lr0.002_s17,d2nn_expert_global,16,16,17,val,0,01_TUMOR,6,07_ADIPOSE,0
d2nn_expert_global_N16_k16_L4_lr0.002_s17,d2nn_expert_global,16,16,17,val,0,01_TUMOR,7,08_EMPTY,0
d2nn_expert_global_N16_k16_L4_lr0.002_s17,d2nn_expert_global,16,16,17,val,1,02_STROMA,0,01_TUMOR,1
d2nn_expert_global_N16_k16_L4_lr0.002_s17,d2nn_expert_global,16,16,17,val,1,02_STROMA,1,02_STROMA,58
d2nn_expert_global_N16_k16_L4_lr0.002_s17,d2nn_expert_global,16,16,17,val,1,02_STROMA,2,03_COMPLEX,14
d2nn_expert_global_N16_k16_L4_lr0.002_s17,d2nn_expert_global,16,16,17,val,1,02_STROMA,3,04_LYMPHO,1
d2nn_expert_global_N16_k16_L4_lr0.002_s17,d2nn_expert_global,16,16,17,val,1,02_STROMA,4,05_DEBRIS,14
d2nn_expert_global_N16_k16_L4_lr0.002_s17,d2nn_expert_global,16,16,17,val,1,02_STROMA,5,06_MUCOSA,6
d2nn_expert_global_N16_k16_L4_lr0.002_s17,d2nn_expert_global,16,16,17,val,1,02_STROMA,6,07_ADIPOSE,0
d2nn_expert_global_N16_k16_L4_lr0.002_s17,d2nn_expert_global,16,16,17,val,1,02_STROMA,7,08_EMPTY,0
d2nn_expert_global_N16_k16_L4_lr0.002_s17,d2nn_expert_global,16,16,17,val,2,03_COMPLEX,0,01_TUMOR,2
d2nn_expert_global_N16_k16_L4_lr0.002_s17,d2nn_expert_global,16,16,17,val,2,03_COMPLEX,1,02_STROMA,34
d2nn_expert_global_N16_k16_L4_lr0.002_s17,d2nn_expert_global,16,16,17,val,2,03_COMPLEX,2,03_COMPLEX,46
d2nn_expert_global_N16_k16_L4_lr0.002_s17,d2nn_expert_global,16,16,17,val,2,03_COMPLEX,3,04_LYMPHO,5
d2nn_expert_global_N16_k16_L4_lr0.002_s17,d2nn_expert_global,16,16,17,val,2,03_COMPLEX,4,05_DEBRIS,2
d2nn_expert_global_N16_k16_L4_lr0.002_s17,d2nn_expert_global,16,16,17,val,2,03_COMPLEX,5,06_MUCOSA,5
d2nn_expert_global_N16_k16_L4_lr0.002_s17,d2nn_expert_global,16,16,17,val,2,03_COMPLEX,6,07_ADIPOSE,0
d2nn_expert_global_N16_k16_L4_lr0.002_s17,d2nn_expert_global,16,16,17,val,2,03_COMPLEX,7,08_EMPTY,0
d2nn_expert_global_N16_k16_L4_lr0.002_s17,d2nn_expert_global,16,16,17,val,3,04_LYMPHO,0,01_TUMOR,8
d2nn_expert_global_N16_k16_L4_lr0.002_s17,d2nn_expert_global,16,16,17,val,3,04_LYMPHO,1,02_STROMA,0
d2nn_expert_global_N16_k16_L4_lr0.002_s17,d2nn_expert_global,16,16,17,val,3,04_LYMPHO,2,03_COMPLEX,23
d2nn_expert_global_N16_k16_L4_lr0.002_s17,d2nn_expert_global,16,16,17,val,3,04_LYMPHO,3,04_LYMPHO,57
d2nn_expert_global_N16_k16_L4_lr0.002_s17,d2nn_expert_global,16,16,17,val,3,04_LYMPHO,4,05_DEBRIS,0
d2nn_expert_global_N16_k16_L4_lr0.002_s17,d2nn_expert_global,16,16,17,val,3,04_LYMPHO,5,06_MUCOSA,6
d2nn_expert_global_N16_k16_L4_lr0.002_s17,d2nn_expert_global,16,16,17,val,3,04_LYMPHO,6,07_ADIPOSE,0
d2nn_expert_global_N16_k16_L4_lr0.002_s17,d2nn_expert_global,16,16,17,val,3,04_LYMPHO,7,08_EMPTY,0
d2nn_expert_global_N16_k16_L4_lr0.002_s17,d2nn_expert_global,16,16,17,val,4,05_DEBRIS,0,01_TUMOR,3
d2nn_expert_global_N16_k16_L4_lr0.002_s17,d2nn_expert_global,16,16,17,val,4,05_DEBRIS,1,02_STROMA,29
d2nn_expert_global_N16_k16_L4_lr0.002_s17,d2nn_expert_global,16,16,17,val,4,05_DEBRIS,2,03_COMPLEX,4
d2nn_expert_global_N16_k16_L4_lr0.002_s17,d2nn_expert_global,16,16,17,val,4,05_DEBRIS,3,04_LYMPHO,0
d2nn_expert_global_N16_k16_L4_lr0.002_s17,d2nn_expert_global,16,16,17,val,4,05_DEBRIS,4,05_DEBRIS,36
d2nn_expert_global_N16_k16_L4_lr0.002_s17,d2nn_expert_global,16,16,17,val,4,05_DEBRIS,5,06_MUCOSA,13
d2nn_expert_global_N16_k16_L4_lr0.002_s17,d2nn_expert_global,16,16,17,val,4,05_DEBRIS,6,07_ADIPOSE,9
d2nn_expert_global_N16_k16_L4_lr0.002_s17,d2nn_expert_global,16,16,17,val,4,05_DEBRIS,7,08_EMPTY,0
d2nn_expert_global_N16_k16_L4_lr0.002_s17,d2nn_expert_global,16,16,17,val,5,06_MUCOSA,0,01_TUMOR,14
d2nn_expert_global_N16_k16_L4_lr0.002_s17,d2nn_expert_global,16,16,17,val,5,06_MUCOSA,1,02_STROMA,2
d2nn_expert_global_N16_k16_L4_lr0.002_s17,d2nn_expert_global,16,16,17,val,5,06_MUCOSA,2,03_COMPLEX,4
d2nn_expert_global_N16_k16_L4_lr0.002_s17,d2nn_expert_global,16,16,17,val,5,06_MUCOSA,3,04_LYMPHO,7
d2nn_expert_global_N16_k16_L4_lr0.002_s17,d2nn_expert_global,16,16,17,val,5,06_MUCOSA,4,05_DEBRIS,2
d2nn_expert_global_N16_k16_L4_lr0.002_s17,d2nn_expert_global,16,16,17,val,5,06_MUCOSA,5,06_MUCOSA,65
d2nn_expert_global_N16_k16_L4_lr0.002_s17,d2nn_expert_global,16,16,17,val,5,06_MUCOSA,6,07_ADIPOSE,0
d2nn_expert_global_N16_k16_L4_lr0.002_s17,d2nn_expert_global,16,16,17,val,5,06_MUCOSA,7,08_EMPTY,0
d2nn_expert_global_N16_k16_L4_lr0.002_s17,d2nn_expert_global,16,16,17,val,6,07_ADIPOSE,0,01_TUMOR,0
d2nn_expert_global_N16_k16_L4_lr0.002_s17,d2nn_expert_global,16,16,17,val,6,07_ADIPOSE,1,02_STROMA,0
d2nn_expert_global_N16_k16_L4_lr0.002_s17,d2nn_expert_global,16,16,17,val,6,07_ADIPOSE,2,03_COMPLEX,0
d2nn_expert_global_N16_k16_L4_lr0.002_s17,d2nn_expert_global,16,16,17,val,6,07_ADIPOSE,3,04_LYMPHO,0
d2nn_expert_global_N16_k16_L4_lr0.002_s17,d2nn_expert_global,16,16,17,val,6,07_ADIPOSE,4,05_DEBRIS,4
d2nn_expert_global_N16_k16_L4_lr0.002_s17,d2nn_expert_global,16,16,17,val,6,07_ADIPOSE,5,06_MUCOSA,0
d2nn_expert_global_N16_k16_L4_lr0.002_s17,d2nn_expert_global,16,16,17,val,6,07_ADIPOSE,6,07_ADIPOSE,85
d2nn_expert_global_N16_k16_L4_lr0.002_s17,d2nn_expert_global,16,16,17,val,6,07_ADIPOSE,7,08_EMPTY,5
d2nn_expert_global_N16_k16_L4_lr0.002_s17,d2nn_expert_global,16,16,17,val,7,08_EMPTY,0,01_TUMOR,0
d2nn_expert_global_N16_k16_L4_lr0.002_s17,d2nn_expert_global,16,16,17,val,7,08_EMPTY,1,02_STROMA,0
d2nn_expert_global_N16_k16_L4_lr0.002_s17,d2nn_expert_global,16,16,17,val,7,08_EMPTY,2,03_COMPLEX,0
d2nn_expert_global_N16_k16_L4_lr0.002_s17,d2nn_expert_global,16,16,17,val,7,08_EMPTY,3,04_LYMPHO,0
d2nn_expert_global_N16_k16_L4_lr0.002_s17,d2nn_expert_global,16,16,17,val,7,08_EMPTY,4,05_DEBRIS,0
d2nn_expert_global_N16_k16_L4_lr0.002_s17,d2nn_expert_global,16,16,17,val,7,08_EMPTY,5,06_MUCOSA,0
d2nn_expert_global_N16_k16_L4_lr0.002_s17,d2nn_expert_global,16,16,17,val,7,08_EMPTY,6,07_ADIPOSE,2
d2nn_expert_global_N16_k16_L4_lr0.002_s17,d2nn_expert_global,16,16,17,val,7,08_EMPTY,7,08_EMPTY,92
d2nn_expert_global_N16_k16_L4_lr0.002_s27,d2nn_expert_global,16,16,27,train,0,01_TUMOR,0,01_TUMOR,181
d2nn_expert_global_N16_k16_L4_lr0.002_s27,d2nn_expert_global,16,16,27,train,0,01_TUMOR,1,02_STROMA,8
d2nn_expert_global_N16_k16_L4_lr0.002_s27,d2nn_expert_global,16,16,27,train,0,01_TUMOR,2,03_COMPLEX,50
d2nn_expert_global_N16_k16_L4_lr0.002_s27,d2nn_expert_global,16,16,27,train,0,01_TUMOR,3,04_LYMPHO,109
d2nn_expert_global_N16_k16_L4_lr0.002_s27,d2nn_expert_global,16,16,27,train,0,01_TUMOR,4,05_DEBRIS,2
d2nn_expert_global_N16_k16_L4_lr0.002_s27,d2nn_expert_global,16,16,27,train,0,01_TUMOR,5,06_MUCOSA,87
d2nn_expert_global_N16_k16_L4_lr0.002_s27,d2nn_expert_global,16,16,27,train,0,01_TUMOR,6,07_ADIPOSE,0
d2nn_expert_global_N16_k16_L4_lr0.002_s27,d2nn_expert_global,16,16,27,train,0,01_TUMOR,7,08_EMPTY,0
d2nn_expert_global_N16_k16_L4_lr0.002_s27,d2nn_expert_global,16,16,27,train,1,02_STROMA,0,01_TUMOR,3
d2nn_expert_global_N16_k16_L4_lr0.002_s27,d2nn_expert_global,16,16,27,train,1,02_STROMA,1,02_STROMA,333
d2nn_expert_global_N16_k16_L4_lr0.002_s27,d2nn_expert_global,16,16,27,train,1,02_STROMA,2,03_COMPLEX,40
d2nn_expert_global_N16_k16_L4_lr0.002_s27,d2nn_expert_global,16,16,27,train,1,02_STROMA,3,04_LYMPHO,2
d2nn_expert_global_N16_k16_L4_lr0.002_s27,d2nn_expert_global,16,16,27,train,1,02_STROMA,4,05_DEBRIS,33
d2nn_expert_global_N16_k16_L4_lr0.002_s27,d2nn_expert_global,16,16,27,train,1,02_STROMA,5,06_MUCOSA,26
d2nn_expert_global_N16_k16_L4_lr0.002_s27,d2nn_expert_global,16,16,27,train,1,02_STROMA,6,07_ADIPOSE,0
d2nn_expert_global_N16_k16_L4_lr0.002_s27,d2nn_expert_global,16,16,27,train,1,02_STROMA,7,08_EMPTY,0
d2nn_expert_global_N16_k16_L4_lr0.002_s27,d2nn_expert_global,16,16,27,train,2,03_COMPLEX,0,01_TUMOR,19
d2nn_expert_global_N16_k16_L4_lr0.002_s27,d2nn_expert_global,16,16,27,train,2,03_COMPLEX,1,02_STROMA,90
d2nn_expert_global_N16_k16_L4_lr0.002_s27,d2nn_expert_global,16,16,27,train,2,03_COMPLEX,2,03_COMPLEX,263
d2nn_expert_global_N16_k16_L4_lr0.002_s27,d2nn_expert_global,16,16,27,train,2,03_COMPLEX,3,04_LYMPHO,39
d2nn_expert_global_N16_k16_L4_lr0.002_s27,d2nn_expert_global,16,16,27,train,2,03_COMPLEX,4,05_DEBRIS,11
d2nn_expert_global_N16_k16_L4_lr0.002_s27,d2nn_expert_global,16,16,27,train,2,03_COMPLEX,5,06_MUCOSA,15
d2nn_expert_global_N16_k16_L4_lr0.002_s27,d2nn_expert_global,16,16,27,train,2,03_COMPLEX,6,07_ADIPOSE,0
d2nn_expert_global_N16_k16_L4_lr0.002_s27,d2nn_expert_global,16,16,27,train,2,03_COMPLEX,7,08_EMPTY,0
d2nn_expert_global_N16_k16_L4_lr0.002_s27,d2nn_expert_global,16,16,27,train,3,04_LYMPHO,0,01_TUMOR,50
d2nn_expert_global_N16_k16_L4_lr0.002_s27,d2nn_expert_global,16,16,27,train,3,04_LYMPHO,1,02_STROMA,3
d2nn_expert_global_N16_k16_L4_lr0.002_s27,d2nn_expert_global,16,16,27,train,3,04_LYMPHO,2,03_COMPLEX,66
d2nn_expert_global_N16_k16_L4_lr0.002_s27,d2nn_expert_global,16,16,27,train,3,04_LYMPHO,3,04_LYMPHO,283
d2nn_expert_global_N16_k16_L4_lr0.002_s27,d2nn_expert_global,16,16,27,train,3,04_LYMPHO,4,05_DEBRIS,0
d2nn_expert_global_N16_k16_L4_lr0.002_s27,d2nn_expert_global,16,16,27,train,3,04_LYMPHO,5,06_MUCOSA,35
d2nn_expert_global_N16_k16_L4_lr0.002_s27,d2nn_expert_global,16,16,27,train,3,04_LYMPHO,6,07_ADIPOSE,0
d2nn_expert_global_N16_k16_L4_lr0.002_s27,d2nn_expert_global,16,16,27,train,3,04_LYMPHO,7,08_EMPTY,0
d2nn_expert_global_N16_k16_L4_lr0.002_s27,d2nn_expert_global,16,16,27,train,4,05_DEBRIS,0,01_TUMOR,4
d2nn_expert_global_N16_k16_L4_lr0.002_s27,d2nn_expert_global,16,16,27,train,4,05_DEBRIS,1,02_STROMA,163
d2nn_expert_global_N16_k16_L4_lr0.002_s27,d2nn_expert_global,16,16,27,train,4,05_DEBRIS,2,03_COMPLEX,25
d2nn_expert_global_N16_k16_L4_lr0.002_s27,d2nn_expert_global,16,16,27,train,4,05_DEBRIS,3,04_LYMPHO,1
d2nn_expert_global_N16_k16_L4_lr0.002_s27,d2nn_expert_global,16,16,27,train,4,05_DEBRIS,4,05_DEBRIS,171
d2nn_expert_global_N16_k16_L4_lr0.002_s27,d2nn_expert_global,16,16,27,train,4,05_DEBRIS,5,06_MUCOSA,59
d2nn_expert_global_N16_k16_L4_lr0.002_s27,d2nn_expert_global,16,16,27,train,4,05_DEBRIS,6,07_ADIPOSE,14
d2nn_expert_global_N16_k16_L4_lr0.002_s27,d2nn_expert_global,16,16,27,train,4,05_DEBRIS,7,08_EMPTY,0
d2nn_expert_global_N16_k16_L4_lr0.002_s27,d2nn_expert_global,16,16,27,train,5,06_MUCOSA,0,01_TUMOR,55
d2nn_expert_global_N16_k16_L4_lr0.002_s27,d2nn_expert_global,16,16,27,train,5,06_MUCOSA,1,02_STROMA,3
d2nn_expert_global_N16_k16_L4_lr0.002_s27,d2nn_expert_global,16,16,27,train,5,06_MUCOSA,2,03_COMPLEX,19
d2nn_expert_global_N16_k16_L4_lr0.002_s27,d2nn_expert_global,16,16,27,train,5,06_MUCOSA,3,04_LYMPHO,62
d2nn_expert_global_N16_k16_L4_lr0.002_s27,d2nn_expert_global,16,16,27,train,5,06_MUCOSA,4,05_DEBRIS,18
d2nn_expert_global_N16_k16_L4_lr0.002_s27,d2nn_expert_global,16,16,27,train,5,06_MUCOSA,5,06_MUCOSA,280
d2nn_expert_global_N16_k16_L4_lr0.002_s27,d2nn_expert_global,16,16,27,train,5,06_MUCOSA,6,07_ADIPOSE,0
d2nn_expert_global_N16_k16_L4_lr0.002_s27,d2nn_expert_global,16,16,27,train,5,06_MUCOSA,7,08_EMPTY,0
d2nn_expert_global_N16_k16_L4_lr0.002_s27,d2nn_expert_global,16,16,27,train,6,07_ADIPOSE,0,01_TUMOR,0
d2nn_expert_global_N16_k16_L4_lr0.002_s27,d2nn_expert_global,16,16,27,train,6,07_ADIPOSE,1,02_STROMA,0
d2nn_expert_global_N16_k16_L4_lr0.002_s27,d2nn_expert_global,16,16,27,train,6,07_ADIPOSE,2,03_COMPLEX,0
d2nn_expert_global_N16_k16_L4_lr0.002_s27,d2nn_expert_global,16,16,27,train,6,07_ADIPOSE,3,04_LYMPHO,0
d2nn_expert_global_N16_k16_L4_lr0.002_s27,d2nn_expert_global,16,16,27,train,6,07_ADIPOSE,4,05_DEBRIS,10
d2nn_expert_global_N16_k16_L4_lr0.002_s27,d2nn_expert_global,16,16,27,train,6,07_ADIPOSE,5,06_MUCOSA,0
d2nn_expert_global_N16_k16_L4_lr0.002_s27,d2nn_expert_global,16,16,27,train,6,07_ADIPOSE,6,07_ADIPOSE,416
d2nn_expert_global_N16_k16_L4_lr0.002_s27,d2nn_expert_global,16,16,27,train,6,07_ADIPOSE,7,08_EMPTY,11
d2nn_expert_global_N16_k16_L4_lr0.002_s27,d2nn_expert_global,16,16,27,train,7,08_EMPTY,0,01_TUMOR,0
d2nn_expert_global_N16_k16_L4_lr0.002_s27,d2nn_expert_global,16,16,27,train,7,08_EMPTY,1,02_STROMA,0
d2nn_expert_global_N16_k16_L4_lr0.002_s27,d2nn_expert_global,16,16,27,train,7,08_EMPTY,2,03_COMPLEX,0
d2nn_expert_global_N16_k16_L4_lr0.002_s27,d2nn_expert_global,16,16,27,train,7,08_EMPTY,3,04_LYMPHO,0
d2nn_expert_global_N16_k16_L4_lr0.002_s27,d2nn_expert_global,16,16,27,train,7,08_EMPTY,4,05_DEBRIS,1
d2nn_expert_global_N16_k16_L4_lr0.002_s27,d2nn_expert_global,16,16,27,train,7,08_EMPTY,5,06_MUCOSA,0
d2nn_expert_global_N16_k16_L4_lr0.002_s27,d2nn_expert_global,16,16,27,train,7,08_EMPTY,6,07_ADIPOSE,9
d2nn_expert_global_N16_k16_L4_lr0.002_s27,d2nn_expert_global,16,16,27,train,7,08_EMPTY,7,08_EMPTY,427
d2nn_expert_global_N16_k16_L4_lr0.002_s27,d2nn_expert_global,16,16,27,val,0,01_TUMOR,0,01_TUMOR,38
d2nn_expert_global_N16_k16_L4_lr0.002_s27,d2nn_expert_global,16,16,27,val,0,01_TUMOR,1,02_STROMA,2
d2nn_expert_global_N16_k16_L4_lr0.002_s27,d2nn_expert_global,16,16,27,val,0,01_TUMOR,2,03_COMPLEX,12
d2nn_expert_global_N16_k16_L4_lr0.002_s27,d2nn_expert_global,16,16,27,val,0,01_TUMOR,3,04_LYMPHO,27
d2nn_expert_global_N16_k16_L4_lr0.002_s27,d2nn_expert_global,16,16,27,val,0,01_TUMOR,4,05_DEBRIS,0
d2nn_expert_global_N16_k16_L4_lr0.002_s27,d2nn_expert_global,16,16,27,val,0,01_TUMOR,5,06_MUCOSA,15
d2nn_expert_global_N16_k16_L4_lr0.002_s27,d2nn_expert_global,16,16,27,val,0,01_TUMOR,6,07_ADIPOSE,0
d2nn_expert_global_N16_k16_L4_lr0.002_s27,d2nn_expert_global,16,16,27,val,0,01_TUMOR,7,08_EMPTY,0
d2nn_expert_global_N16_k16_L4_lr0.002_s27,d2nn_expert_global,16,16,27,val,1,02_STROMA,0,01_TUMOR,0
d2nn_expert_global_N16_k16_L4_lr0.002_s27,d2nn_expert_global,16,16,27,val,1,02_STROMA,1,02_STROMA,63
d2nn_expert_global_N16_k16_L4_lr0.002_s27,d2nn_expert_global,16,16,27,val,1,02_STROMA,2,03_COMPLEX,13
d2nn_expert_global_N16_k16_L4_lr0.002_s27,d2nn_expert_global,16,16,27,val,1,02_STROMA,3,04_LYMPHO,1
d2nn_expert_global_N16_k16_L4_lr0.002_s27,d2nn_expert_global,16,16,27,val,1,02_STROMA,4,05_DEBRIS,12
d2nn_expert_global_N16_k16_L4_lr0.002_s27,d2nn_expert_global,16,16,27,val,1,02_STROMA,5,06_MUCOSA,5
d2nn_expert_global_N16_k16_L4_lr0.002_s27,d2nn_expert_global,16,16,27,val,1,02_STROMA,6,07_ADIPOSE,0
d2nn_expert_global_N16_k16_L4_lr0.002_s27,d2nn_expert_global,16,16,27,val,1,02_STROMA,7,08_EMPTY,0
d2nn_expert_global_N16_k16_L4_lr0.002_s27,d2nn_expert_global,16,16,27,val,2,03_COMPLEX,0,01_TUMOR,3
d2nn_expert_global_N16_k16_L4_lr0.002_s27,d2nn_expert_global,16,16,27,val,2,03_COMPLEX,1,02_STROMA,29
d2nn_expert_global_N16_k16_L4_lr0.002_s27,d2nn_expert_global,16,16,27,val,2,03_COMPLEX,2,03_COMPLEX,48
d2nn_expert_global_N16_k16_L4_lr0.002_s27,d2nn_expert_global,16,16,27,val,2,03_COMPLEX,3,04_LYMPHO,5
d2nn_expert_global_N16_k16_L4_lr0.002_s27,d2nn_expert_global,16,16,27,val,2,03_COMPLEX,4,05_DEBRIS,5
d2nn_expert_global_N16_k16_L4_lr0.002_s27,d2nn_expert_global,16,16,27,val,2,03_COMPLEX,5,06_MUCOSA,4
d2nn_expert_global_N16_k16_L4_lr0.002_s27,d2nn_expert_global,16,16,27,val,2,03_COMPLEX,6,07_ADIPOSE,0
d2nn_expert_global_N16_k16_L4_lr0.002_s27,d2nn_expert_global,16,16,27,val,2,03_COMPLEX,7,08_EMPTY,0
d2nn_expert_global_N16_k16_L4_lr0.002_s27,d2nn_expert_global,16,16,27,val,3,04_LYMPHO,0,01_TUMOR,12
d2nn_expert_global_N16_k16_L4_lr0.002_s27,d2nn_expert_global,16,16,27,val,3,04_LYMPHO,1,02_STROMA,0
d2nn_expert_global_N16_k16_L4_lr0.002_s27,d2nn_expert_global,16,16,27,val,3,04_LYMPHO,2,03_COMPLEX,21
d2nn_expert_global_N16_k16_L4_lr0.002_s27,d2nn_expert_global,16,16,27,val,3,04_LYMPHO,3,04_LYMPHO,53
d2nn_expert_global_N16_k16_L4_lr0.002_s27,d2nn_expert_global,16,16,27,val,3,04_LYMPHO,4,05_DEBRIS,0
d2nn_expert_global_N16_k16_L4_lr0.002_s27,d2nn_expert_global,16,16,27,val,3,04_LYMPHO,5,06_MUCOSA,8
d2nn_expert_global_N16_k16_L4_lr0.002_s27,d2nn_expert_global,16,16,27,val,3,04_LYMPHO,6,07_ADIPOSE,0
d2nn_expert_global_N16_k16_L4_lr0.002_s27,d2nn_expert_global,16,16,27,val,3,04_LYMPHO,7,08_EMPTY,0
d2nn_expert_global_N16_k16_L4_lr0.002_s27,d2nn_expert_global,16,16,27,val,4,05_DEBRIS,0,01_TUMOR,2
d2nn_expert_global_N16_k16_L4_lr0.002_s27,d2nn_expert_global,16,16,27,val,4,05_DEBRIS,1,02_STROMA,26
d2nn_expert_global_N16_k16_L4_lr0.002_s27,d2nn_expert_global,16,16,27,val,4,05_DEBRIS,2,03_COMPLEX,4
d2nn_expert_global_N16_k16_L4_lr0.002_s27,d2nn_expert_global,16,16,27,val,4,05_DEBRIS,3,04_LYMPHO,0
d2nn_expert_global_N16_k16_L4_lr0.002_s27,d2nn_expert_global,16,16,27,val,4,05_DEBRIS,4,05_DEBRIS,40
d2nn_expert_global_N16_k16_L4_lr0.002_s27,d2nn_expert_global,16,16,27,val,4,05_DEBRIS,5,06_MUCOSA,14
d2nn_expert_global_N16_k16_L4_lr0.002_s27,d2nn_expert_global,16,16,27,val,4,05_DEBRIS,6,07_ADIPOSE,8
d2nn_expert_global_N16_k16_L4_lr0.002_s27,d2nn_expert_global,16,16,27,val,4,05_DEBRIS,7,08_EMPTY,0
d2nn_expert_global_N16_k16_L4_lr0.002_s27,d2nn_expert_global,16,16,27,val,5,06_MUCOSA,0,01_TUMOR,15
d2nn_expert_global_N16_k16_L4_lr0.002_s27,d2nn_expert_global,16,16,27,val,5,06_MUCOSA,1,02_STROMA,0
d2nn_expert_global_N16_k16_L4_lr0.002_s27,d2nn_expert_global,16,16,27,val,5,06_MUCOSA,2,03_COMPLEX,4
d2nn_expert_global_N16_k16_L4_lr0.002_s27,d2nn_expert_global,16,16,27,val,5,06_MUCOSA,3,04_LYMPHO,6
d2nn_expert_global_N16_k16_L4_lr0.002_s27,d2nn_expert_global,16,16,27,val,5,06_MUCOSA,4,05_DEBRIS,5
d2nn_expert_global_N16_k16_L4_lr0.002_s27,d2nn_expert_global,16,16,27,val,5,06_MUCOSA,5,06_MUCOSA,64
d2nn_expert_global_N16_k16_L4_lr0.002_s27,d2nn_expert_global,16,16,27,val,5,06_MUCOSA,6,07_ADIPOSE,0
d2nn_expert_global_N16_k16_L4_lr0.002_s27,d2nn_expert_global,16,16,27,val,5,06_MUCOSA,7,08_EMPTY,0
d2nn_expert_global_N16_k16_L4_lr0.002_s27,d2nn_expert_global,16,16,27,val,6,07_ADIPOSE,0,01_TUMOR,0
d2nn_expert_global_N16_k16_L4_lr0.002_s27,d2nn_expert_global,16,16,27,val,6,07_ADIPOSE,1,02_STROMA,0
d2nn_expert_global_N16_k16_L4_lr0.002_s27,d2nn_expert_global,16,16,27,val,6,07_ADIPOSE,2,03_COMPLEX,0
d2nn_expert_global_N16_k16_L4_lr0.002_s27,d2nn_expert_global,16,16,27,val,6,07_ADIPOSE,3,04_LYMPHO,0
d2nn_expert_global_N16_k16_L4_lr0.002_s27,d2nn_expert_global,16,16,27,val,6,07_ADIPOSE,4,05_DEBRIS,4
d2nn_expert_global_N16_k16_L4_lr0.002_s27,d2nn_expert_global,16,16,27,val,6,07_ADIPOSE,5,06_MUCOSA,0
d2nn_expert_global_N16_k16_L4_lr0.002_s27,d2nn_expert_global,16,16,27,val,6,07_ADIPOSE,6,07_ADIPOSE,85
d2nn_expert_global_N16_k16_L4_lr0.002_s27,d2nn_expert_global,16,16,27,val,6,07_ADIPOSE,7,08_EMPTY,5
d2nn_expert_global_N16_k16_L4_lr0.002_s27,d2nn_expert_global,16,16,27,val,7,08_EMPTY,0,01_TUMOR,0
d2nn_expert_global_N16_k16_L4_lr0.002_s27,d2nn_expert_global,16,16,27,val,7,08_EMPTY,1,02_STROMA,0
d2nn_expert_global_N16_k16_L4_lr0.002_s27,d2nn_expert_global,16,16,27,val,7,08_EMPTY,2,03_COMPLEX,0
d2nn_expert_global_N16_k16_L4_lr0.002_s27,d2nn_expert_global,16,16,27,val,7,08_EMPTY,3,04_LYMPHO,0
d2nn_expert_global_N16_k16_L4_lr0.002_s27,d2nn_expert_global,16,16,27,val,7,08_EMPTY,4,05_DEBRIS,0
d2nn_expert_global_N16_k16_L4_lr0.002_s27,d2nn_expert_global,16,16,27,val,7,08_EMPTY,5,06_MUCOSA,0
d2nn_expert_global_N16_k16_L4_lr0.002_s27,d2nn_expert_global,16,16,27,val,7,08_EMPTY,6,07_ADIPOSE,2
d2nn_expert_global_N16_k16_L4_lr0.002_s27,d2nn_expert_global,16,16,27,val,7,08_EMPTY,7,08_EMPTY,92
d2nn_expert_global_N25_k25_L4_lr0.002_s17,d2nn_expert_global,25,25,17,train,0,01_TUMOR,0,01_TUMOR,184
d2nn_expert_global_N25_k25_L4_lr0.002_s17,d2nn_expert_global,25,25,17,train,0,01_TUMOR,1,02_STROMA,10
d2nn_expert_global_N25_k25_L4_lr0.002_s17,d2nn_expert_global,25,25,17,train,0,01_TUMOR,2,03_COMPLEX,50
d2nn_expert_global_N25_k25_L4_lr0.002_s17,d2nn_expert_global,25,25,17,train,0,01_TUMOR,3,04_LYMPHO,106
d2nn_expert_global_N25_k25_L4_lr0.002_s17,d2nn_expert_global,25,25,17,train,0,01_TUMOR,4,05_DEBRIS,1
d2nn_expert_global_N25_k25_L4_lr0.002_s17,d2nn_expert_global,25,25,17,train,0,01_TUMOR,5,06_MUCOSA,86
d2nn_expert_global_N25_k25_L4_lr0.002_s17,d2nn_expert_global,25,25,17,train,0,01_TUMOR,6,07_ADIPOSE,0
d2nn_expert_global_N25_k25_L4_lr0.002_s17,d2nn_expert_global,25,25,17,train,0,01_TUMOR,7,08_EMPTY,0
d2nn_expert_global_N25_k25_L4_lr0.002_s17,d2nn_expert_global,25,25,17,train,1,02_STROMA,0,01_TUMOR,2
d2nn_expert_global_N25_k25_L4_lr0.002_s17,d2nn_expert_global,25,25,17,train,1,02_STROMA,1,02_STROMA,322
d2nn_expert_global_N25_k25_L4_lr0.002_s17,d2nn_expert_global,25,25,17,train,1,02_STROMA,2,03_COMPLEX,44
d2nn_expert_global_N25_k25_L4_lr0.002_s17,d2nn_expert_global,25,25,17,train,1,02_STROMA,3,04_LYMPHO,3
d2nn_expert_global_N25_k25_L4_lr0.002_s17,d2nn_expert_global,25,25,17,train,1,02_STROMA,4,05_DEBRIS,42
d2nn_expert_global_N25_k25_L4_lr0.002_s17,d2nn_expert_global,25,25,17,train,1,02_STROMA,5,06_MUCOSA,24
d2nn_expert_global_N25_k25_L4_lr0.002_s17,d2nn_expert_global,25,25,17,train,1,02_STROMA,6,07_ADIPOSE,0
d2nn_expert_global_N25_k25_L4_lr0.002_s17,d2nn_expert_global,25,25,17,train,1,02_STROMA,7,08_EMPTY,0
d2nn_expert_global_N25_k25_L4_lr0.002_s17,d2nn_expert_global,25,25,17,train,2,03_COMPLEX,0,01_TUMOR,16
d2nn_expert_global_N25_k25_L4_lr0.002_s17,d2nn_expert_global,25,25,17,train,2,03_COMPLEX,1,02_STROMA,85
d2nn_expert_global_N25_k25_L4_lr0.002_s17,d2nn_expert_global,25,25,17,train,2,03_COMPLEX,2,03_COMPLEX,268
d2nn_expert_global_N25_k25_L4_lr0.002_s17,d2nn_expert_global,25,25,17,train,2,03_COMPLEX,3,04_LYMPHO,33
d2nn_expert_global_N25_k25_L4_lr0.002_s17,d2nn_expert_global,25,25,17,train,2,03_COMPLEX,4,05_DEBRIS,15
d2nn_expert_global_N25_k25_L4_lr0.002_s17,d2nn_expert_global,25,25,17,train,2,03_COMPLEX,5,06_MUCOSA,20
d2nn_expert_global_N25_k25_L4_lr0.002_s17,d2nn_expert_global,25,25,17,train,2,03_COMPLEX,6,07_ADIPOSE,0
d2nn_expert_global_N25_k25_L4_lr0.002_s17,d2nn_expert_global,25,25,17,train,2,03_COMPLEX,7,08_EMPTY,0
d2nn_expert_global_N25_k25_L4_lr0.002_s17,d2nn_expert_global,25,25,17,train,3,04_LYMPHO,0,01_TUMOR,54
d2nn_expert_global_N25_k25_L4_lr0.002_s17,d2nn_expert_global,25,25,17,train,3,04_LYMPHO,1,02_STROMA,2
d2nn_expert_global_N25_k25_L4_lr0.002_s17,d2nn_expert_global,25,25,17,train,3,04_LYMPHO,2,03_COMPLEX,76
d2nn_expert_global_N25_k25_L4_lr0.002_s17,d2nn_expert_global,25,25,17,train,3,04_LYMPHO,3,04_LYMPHO,279
d2nn_expert_global_N25_k25_L4_lr0.002_s17,d2nn_expert_global,25,25,17,train,3,04_LYMPHO,4,05_DEBRIS,0
d2nn_expert_global_N25_k25_L4_lr0.002_s17,d2nn_expert_global,25,25,17,train,3,04_LYMPHO,5,06_MUCOSA,26
d2nn_expert_global_N25_k25_L4_lr0.002_s17,d2nn_expert_global,25,25,17,train,3,04_LYMPHO,6,07_ADIPOSE,0
d2nn_expert_global_N25_k25_L4_lr0.002_s17,d2nn_expert_global,25,25,17,train,3,04_LYMPHO,7,08_EMPTY,0
d2nn_expert_global_N25_k25_L4_lr0.002_s17,d2nn_expert_global,25,25,17,train,4,05_DEBRIS,0,01_TUMOR,2
d2nn_expert_global_N25_k25_L4_lr0.002_s17,d2nn_expert_global,25,25,17,train,4,05_DEBRIS,1,02_STROMA,165
d2nn_expert_global_N25_k25_L4_lr0.002_s17,d2nn_expert_global,25,25,17,train,4,05_DEBRIS,2,03_COMPLEX,24
d2nn_expert_global_N25_k25_L4_lr0.002_s17,d2nn_expert_global,25,25,17,train,4,05_DEBRIS,3,04_LYMPHO,1
d2nn_expert_global_N25_k25_L4_lr0.002_s17,d2nn_expert_global,25,25,17,train,4,05_DEBRIS,4,05_DEBRIS,171
d2nn_expert_global_N25_k25_L4_lr0.002_s17,d2nn_expert_global,25,25,17,train,4,05_DEBRIS,5,06_MUCOSA,60
d2nn_expert_global_N25_k25_L4_lr0.002_s17,d2nn_expert_global,25,25,17,train,4,05_DEBRIS,6,07_ADIPOSE,14
d2nn_expert_global_N25_k25_L4_lr0.002_s17,d2nn_expert_global,25,25,17,train,4,05_DEBRIS,7,08_EMPTY,0
d2nn_expert_global_N25_k25_L4_lr0.002_s17,d2nn_expert_global,25,25,17,train,5,06_MUCOSA,0,01_TUMOR,71
d2nn_expert_global_N25_k25_L4_lr0.002_s17,d2nn_expert_global,25,25,17,train,5,06_MUCOSA,1,02_STROMA,4
d2nn_expert_global_N25_k25_L4_lr0.002_s17,d2nn_expert_global,25,25,17,train,5,06_MUCOSA,2,03_COMPLEX,16
d2nn_expert_global_N25_k25_L4_lr0.002_s17,d2nn_expert_global,25,25,17,train,5,06_MUCOSA,3,04_LYMPHO,45
d2nn_expert_global_N25_k25_L4_lr0.002_s17,d2nn_expert_global,25,25,17,train,5,06_MUCOSA,4,05_DEBRIS,24
d2nn_expert_global_N25_k25_L4_lr0.002_s17,d2nn_expert_global,25,25,17,train,5,06_MUCOSA,5,06_MUCOSA,277
d2nn_expert_global_N25_k25_L4_lr0.002_s17,d2nn_expert_global,25,25,17,train,5,06_MUCOSA,6,07_ADIPOSE,0
d2nn_expert_global_N25_k25_L4_lr0.002_s17,d2nn_expert_global,25,25,17,train,5,06_MUCOSA,7,08_EMPTY,0
d2nn_expert_global_N25_k25_L4_lr0.002_s17,d2nn_expert_global,25,25,17,train,6,07_ADIPOSE,0,01_TUMOR,0
d2nn_expert_global_N25_k25_L4_lr0.002_s17,d2nn_expert_global,25,25,17,train,6,07_ADIPOSE,1,02_STROMA,0
d2nn_expert_global_N25_k25_L4_lr0.002_s17,d2nn_expert_global,25,25,17,train,6,07_ADIPOSE,2,03_COMPLEX,0
d2nn_expert_global_N25_k25_L4_lr0.002_s17,d2nn_expert_global,25,25,17,train,6,07_ADIPOSE,3,04_LYMPHO,0
d2nn_expert_global_N25_k25_L4_lr0.002_s17,d2nn_expert_global,25,25,17,train,6,07_ADIPOSE,4,05_DEBRIS,9
d2nn_expert_global_N25_k25_L4_lr0.002_s17,d2nn_expert_global,25,25,17,train,6,07_ADIPOSE,5,06_MUCOSA,0
d2nn_expert_global_N25_k25_L4_lr0.002_s17,d2nn_expert_global,25,25,17,train,6,07_ADIPOSE,6,07_ADIPOSE,419
d2nn_expert_global_N25_k25_L4_lr0.002_s17,d2nn_expert_global,25,25,17,train,6,07_ADIPOSE,7,08_EMPTY,9
d2nn_expert_global_N25_k25_L4_lr0.002_s17,d2nn_expert_global,25,25,17,train,7,08_EMPTY,0,01_TUMOR,0
d2nn_expert_global_N25_k25_L4_lr0.002_s17,d2nn_expert_global,25,25,17,train,7,08_EMPTY,1,02_STROMA,0
d2nn_expert_global_N25_k25_L4_lr0.002_s17,d2nn_expert_global,25,25,17,train,7,08_EMPTY,2,03_COMPLEX,0
d2nn_expert_global_N25_k25_L4_lr0.002_s17,d2nn_expert_global,25,25,17,train,7,08_EMPTY,3,04_LYMPHO,0
d2nn_expert_global_N25_k25_L4_lr0.002_s17,d2nn_expert_global,25,25,17,train,7,08_EMPTY,4,05_DEBRIS,1
d2nn_expert_global_N25_k25_L4_lr0.002_s17,d2nn_expert_global,25,25,17,train,7,08_EMPTY,5,06_MUCOSA,0
d2nn_expert_global_N25_k25_L4_lr0.002_s17,d2nn_expert_global,25,25,17,train,7,08_EMPTY,6,07_ADIPOSE,9
d2nn_expert_global_N25_k25_L4_lr0.002_s17,d2nn_expert_global,25,25,17,train,7,08_EMPTY,7,08_EMPTY,427
d2nn_expert_global_N25_k25_L4_lr0.002_s17,d2nn_expert_global,25,25,17,val,0,01_TUMOR,0,01_TUMOR,41
d2nn_expert_global_N25_k25_L4_lr0.002_s17,d2nn_expert_global,25,25,17,val,0,01_TUMOR,1,02_STROMA,1
d2nn_expert_global_N25_k25_L4_lr0.002_s17,d2nn_expert_global,25,25,17,val,0,01_TUMOR,2,03_COMPLEX,11
d2nn_expert_global_N25_k25_L4_lr0.002_s17,d2nn_expert_global,25,25,17,val,0,01_TUMOR,3,04_LYMPHO,23
d2nn_expert_global_N25_k25_L4_lr0.002_s17,d2nn_expert_global,25,25,17,val,0,01_TUMOR,4,05_DEBRIS,1
d2nn_expert_global_N25_k25_L4_lr0.002_s17,d2nn_expert_global,25,25,17,val,0,01_TUMOR,5,06_MUCOSA,17
d2nn_expert_global_N25_k25_L4_lr0.002_s17,d2nn_expert_global,25,25,17,val,0,01_TUMOR,6,07_ADIPOSE,0
d2nn_expert_global_N25_k25_L4_lr0.002_s17,d2nn_expert_global,25,25,17,val,0,01_TUMOR,7,08_EMPTY,0
d2nn_expert_global_N25_k25_L4_lr0.002_s17,d2nn_expert_global,25,25,17,val,1,02_STROMA,0,01_TUMOR,1
d2nn_expert_global_N25_k25_L4_lr0.002_s17,d2nn_expert_global,25,25,17,val,1,02_STROMA,1,02_STROMA,65
d2nn_expert_global_N25_k25_L4_lr0.002_s17,d2nn_expert_global,25,25,17,val,1,02_STROMA,2,03_COMPLEX,11
d2nn_expert_global_N25_k25_L4_lr0.002_s17,d2nn_expert_global,25,25,17,val,1,02_STROMA,3,04_LYMPHO,1
d2nn_expert_global_N25_k25_L4_lr0.002_s17,d2nn_expert_global,25,25,17,val,1,02_STROMA,4,05_DEBRIS,12
d2nn_expert_global_N25_k25_L4_lr0.002_s17,d2nn_expert_global,25,25,17,val,1,02_STROMA,5,06_MUCOSA,4
d2nn_expert_global_N25_k25_L4_lr0.002_s17,d2nn_expert_global,25,25,17,val,1,02_STROMA,6,07_ADIPOSE,0
d2nn_expert_global_N25_k25_L4_lr0.002_s17,d2nn_expert_global,25,25,17,val,1,02_STROMA,7,08_EMPTY,0
d2nn_expert_global_N25_k25_L4_lr0.002_s17,d2nn_expert_global,25,25,17,val,2,03_COMPLEX,0,01_TUMOR,3
d2nn_expert_global_N25_k25_L4_lr0.002_s17,d2nn_expert_global,25,25,17,val,2,03_COMPLEX,1,02_STROMA,32
d2nn_expert_global_N25_k25_L4_lr0.002_s17,d2nn_expert_global,25,25,17,val,2,03_COMPLEX,2,03_COMPLEX,46
d2nn_expert_global_N25_k25_L4_lr0.002_s17,d2nn_expert_global,25,25,17,val,2,03_COMPLEX,3,04_LYMPHO,5
d2nn_expert_global_N25_k25_L4_lr0.002_s17,d2nn_expert_global,25,25,17,val,2,03_COMPLEX,4,05_DEBRIS,4
d2nn_expert_global_N25_k25_L4_lr0.002_s17,d2nn_expert_global,25,25,17,val,2,03_COMPLEX,5,06_MUCOSA,4
d2nn_expert_global_N25_k25_L4_lr0.002_s17,d2nn_expert_global,25,25,17,val,2,03_COMPLEX,6,07_ADIPOSE,0
d2nn_expert_global_N25_k25_L4_lr0.002_s17,d2nn_expert_global,25,25,17,val,2,03_COMPLEX,7,08_EMPTY,0
d2nn_expert_global_N25_k25_L4_lr0.002_s17,d2nn_expert_global,25,25,17,val,3,04_LYMPHO,0,01_TUMOR,10
d2nn_expert_global_N25_k25_L4_lr0.002_s17,d2nn_expert_global,25,25,17,val,3,04_LYMPHO,1,02_STROMA,0
d2nn_expert_global_N25_k25_L4_lr0.002_s17,d2nn_expert_global,25,25,17,val,3,04_LYMPHO,2,03_COMPLEX,24
d2nn_expert_global_N25_k25_L4_lr0.002_s17,d2nn_expert_global,25,25,17,val,3,04_LYMPHO,3,04_LYMPHO,56
d2nn_expert_global_N25_k25_L4_lr0.002_s17,d2nn_expert_global,25,25,17,val,3,04_LYMPHO,4,05_DEBRIS,0
d2nn_expert_global_N25_k25_L4_lr0.002_s17,d2nn_expert_global,25,25,17,val,3,04_LYMPHO,5,06_MUCOSA,4
d2nn_expert_global_N25_k25_L4_lr0.002_s17,d2nn_expert_global,25,25,17,val,3,04_LYMPHO,6,07_ADIPOSE,0
d2nn_expert_global_N25_k25_L4_lr0.002_s17,d2nn_expert_global,25,25,17,val,3,04_LYMPHO,7,08_EMPTY,0
d2nn_expert_global_N25_k25_L4_lr0.002_s17,d2nn_expert_global,25,25,17,val,4,05_DEBRIS,0,01_TUMOR,2
d2nn_expert_global_N25_k25_L4_lr0.002_s17,d2nn_expert_global,25,25,17,val,4,05_DEBRIS,1,02_STROMA,27
d2nn_expert_global_N25_k25_L4_lr0.002_s17,d2nn_expert_global,25,25,17,val,4,05_DEBRIS,2,03_COMPLEX,3
d2nn_expert_global_N25_k25_L4_lr0.002_s17,d2nn_expert_global,25,25,17,val,4,05_DEBRIS,3,04_LYMPHO,0
d2nn_expert_global_N25_k25_L4_lr0.002_s17,d2nn_expert_global,25,25,17,val,4,05_DEBRIS,4,05_DEBRIS,39
d2nn_expert_global_N25_k25_L4_lr0.002_s17,d2nn_expert_global,25,25,17,val,4,05_DEBRIS,5,06_MUCOSA,15
d2nn_expert_global_N25_k25_L4_lr0.002_s17,d2nn_expert_global,25,25,17,val,4,05_DEBRIS,6,07_ADIPOSE,8
d2nn_expert_global_N25_k25_L4_lr0.002_s17,d2nn_expert_global,25,25,17,val,4,05_DEBRIS,7,08_EMPTY,0
d2nn_expert_global_N25_k25_L4_lr0.002_s17,d2nn_expert_global,25,25,17,val,5,06_MUCOSA,0,01_TUMOR,18
d2nn_expert_global_N25_k25_L4_lr0.002_s17,d2nn_expert_global,25,25,17,val,5,06_MUCOSA,1,02_STROMA,2
d2nn_expert_global_N25_k25_L4_lr0.002_s17,d2nn_expert_global,25,25,17,val,5,06_MUCOSA,2,03_COMPLEX,4
d2nn_expert_global_N25_k25_L4_lr0.002_s17,d2nn_expert_global,25,25,17,val,5,06_MUCOSA,3,04_LYMPHO,10
d2nn_expert_global_N25_k25_L4_lr0.002_s17,d2nn_expert_global,25,25,17,val,5,06_MUCOSA,4,05_DEBRIS,5
d2nn_expert_global_N25_k25_L4_lr0.002_s17,d2nn_expert_global,25,25,17,val,5,06_MUCOSA,5,06_MUCOSA,55
d2nn_expert_global_N25_k25_L4_lr0.002_s17,d2nn_expert_global,25,25,17,val,5,06_MUCOSA,6,07_ADIPOSE,0
d2nn_expert_global_N25_k25_L4_lr0.002_s17,d2nn_expert_global,25,25,17,val,5,06_MUCOSA,7,08_EMPTY,0
d2nn_expert_global_N25_k25_L4_lr0.002_s17,d2nn_expert_global,25,25,17,val,6,07_ADIPOSE,0,01_TUMOR,0
d2nn_expert_global_N25_k25_L4_lr0.002_s17,d2nn_expert_global,25,25,17,val,6,07_ADIPOSE,1,02_STROMA,0
d2nn_expert_global_N25_k25_L4_lr0.002_s17,d2nn_expert_global,25,25,17,val,6,07_ADIPOSE,2,03_COMPLEX,0
d2nn_expert_global_N25_k25_L4_lr0.002_s17,d2nn_expert_global,25,25,17,val,6,07_ADIPOSE,3,04_LYMPHO,0
d2nn_expert_global_N25_k25_L4_lr0.002_s17,d2nn_expert_global,25,25,17,val,6,07_ADIPOSE,4,05_DEBRIS,3
d2nn_expert_global_N25_k25_L4_lr0.002_s17,d2nn_expert_global,25,25,17,val,6,07_ADIPOSE,5,06_MUCOSA,0
d2nn_expert_global_N25_k25_L4_lr0.002_s17,d2nn_expert_global,25,25,17,val,6,07_ADIPOSE,6,07_ADIPOSE,86
d2nn_expert_global_N25_k25_L4_lr0.002_s17,d2nn_expert_global,25,25,17,val,6,07_ADIPOSE,7,08_EMPTY,5
d2nn_expert_global_N25_k25_L4_lr0.002_s17,d2nn_expert_global,25,25,17,val,7,08_EMPTY,0,01_TUMOR,0
d2nn_expert_global_N25_k25_L4_lr0.002_s17,d2nn_expert_global,25,25,17,val,7,08_EMPTY,1,02_STROMA,0
d2nn_expert_global_N25_k25_L4_lr0.002_s17,d2nn_expert_global,25,25,17,val,7,08_EMPTY,2,03_COMPLEX,0
d2nn_expert_global_N25_k25_L4_lr0.002_s17,d2nn_expert_global,25,25,17,val,7,08_EMPTY,3,04_LYMPHO,0
d2nn_expert_global_N25_k25_L4_lr0.002_s17,d2nn_expert_global,25,25,17,val,7,08_EMPTY,4,05_DEBRIS,0
d2nn_expert_global_N25_k25_L4_lr0.002_s17,d2nn_expert_global,25,25,17,val,7,08_EMPTY,5,06_MUCOSA,0
d2nn_expert_global_N25_k25_L4_lr0.002_s17,d2nn_expert_global,25,25,17,val,7,08_EMPTY,6,07_ADIPOSE,2
d2nn_expert_global_N25_k25_L4_lr0.002_s17,d2nn_expert_global,25,25,17,val,7,08_EMPTY,7,08_EMPTY,92
d2nn_expert_global_N25_k25_L4_lr0.002_s27,d2nn_expert_global,25,25,27,train,0,01_TUMOR,0,01_TUMOR,180
d2nn_expert_global_N25_k25_L4_lr0.002_s27,d2nn_expert_global,25,25,27,train,0,01_TUMOR,1,02_STROMA,8
d2nn_expert_global_N25_k25_L4_lr0.002_s27,d2nn_expert_global,25,25,27,train,0,01_TUMOR,2,03_COMPLEX,45
d2nn_expert_global_N25_k25_L4_lr0.002_s27,d2nn_expert_global,25,25,27,train,0,01_TUMOR,3,04_LYMPHO,122
d2nn_expert_global_N25_k25_L4_lr0.002_s27,d2nn_expert_global,25,25,27,train,0,01_TUMOR,4,05_DEBRIS,1
d2nn_expert_global_N25_k25_L4_lr0.002_s27,d2nn_expert_global,25,25,27,train,0,01_TUMOR,5,06_MUCOSA,81
d2nn_expert_global_N25_k25_L4_lr0.002_s27,d2nn_expert_global,25,25,27,train,0,01_TUMOR,6,07_ADIPOSE,0
d2nn_expert_global_N25_k25_L4_lr0.002_s27,d2nn_expert_global,25,25,27,train,0,01_TUMOR,7,08_EMPTY,0
d2nn_expert_global_N25_k25_L4_lr0.002_s27,d2nn_expert_global,25,25,27,train,1,02_STROMA,0,01_TUMOR,4
d2nn_expert_global_N25_k25_L4_lr0.002_s27,d2nn_expert_global,25,25,27,train,1,02_STROMA,1,02_STROMA,322
d2nn_expert_global_N25_k25_L4_lr0.002_s27,d2nn_expert_global,25,25,27,train,1,02_STROMA,2,03_COMPLEX,43
d2nn_expert_global_N25_k25_L4_lr0.002_s27,d2nn_expert_global,25,25,27,train,1,02_STROMA,3,04_LYMPHO,2
d2nn_expert_global_N25_k25_L4_lr0.002_s27,d2nn_expert_global,25,25,27,train,1,02_STROMA,4,05_DEBRIS,41
d2nn_expert_global_N25_k25_L4_lr0.002_s27,d2nn_expert_global,25,25,27,train,1,02_STROMA,5,06_MUCOSA,25
d2nn_expert_global_N25_k25_L4_lr0.002_s27,d2nn_expert_global,25,25,27,train,1,02_STROMA,6,07_ADIPOSE,0
d2nn_expert_global_N25_k25_L4_lr0.002_s27,d2nn_expert_global,25,25,27,train,1,02_STROMA,7,08_EMPTY,0
d2nn_expert_global_N25_k25_L4_lr0.002_s27,d2nn_expert_global,25,25,27,train,2,03_COMPLEX,0,01_TUMOR,20
d2nn_expert_global_N25_k25_L4_lr0.002_s27,d2nn_expert_global,25,25,27,train,2,03_COMPLEX,1,02_STROMA,83
d2nn_expert_global_N25_k25_L4_lr0.002_s27,d2nn_expert_global,25,25,27,train,2,03_COMPLEX,2,03_COMPLEX,268
d2nn_expert_global_N25_k25_L4_lr0.002_s27,d2nn_expert_global,25,25,27,train,2,03_COMPLEX,3,04_LYMPHO,37
d2nn_expert_global_N25_k25_L4_lr0.002_s27,d2nn_expert_global,25,25,27,train,2,03_COMPLEX,4,05_DEBRIS,12
d2nn_expert_global_N25_k25_L4_lr0.002_s27,d2nn_expert_global,25,25,27,train,2,03_COMPLEX,5,06_MUCOSA,17
d2nn_expert_global_N25_k25_L4_lr0.002_s27,d2nn_expert_global,25,25,27,train,2,03_COMPLEX,6,07_ADIPOSE,0
d2nn_expert_global_N25_k25_L4_lr0.002_s27,d2nn_expert_global,25,25,27,train,2,03_COMPLEX,7,08_EMPTY,0
d2nn_expert_global_N25_k25_L4_lr0.002_s27,d2nn_expert_global,25,25,27,train,3,04_LYMPHO,0,01_TUMOR,57
d2nn_expert_global_N25_k25_L4_lr0.002_s27,d2nn_expert_global,25,25,27,train,3,04_LYMPHO,1,02_STROMA,2
d2nn_expert_global_N25_k25_L4_lr0.002_s27,d2nn_expert_global,25,25,27,train,3,04_LYMPHO,2,03_COMPLEX,69
d2nn_expert_global_N25_k25_L4_lr0.002_s27,d2nn_expert_global,25,25,27,train,3,04_LYMPHO,3,04_LYMPHO,281
d2nn_expert_global_N25_k25_L4_lr0.002_s27,d2nn_expert_global,25,25,27,train,3,04_LYMPHO,4,05_DEBRIS,0
d2nn_expert_global_N25_k25_L4_lr0.002_s27,d2nn_expert_global,25,25,27,train,3,04_LYMPHO,5,06_MUCOSA,28
d2nn_expert_global_N25_k25_L4_lr0.002_s27,d2nn_expert_global,25,25,27,train,3,04_LYMPHO,6,07_ADIPOSE,0
d2nn_expert_global_N25_k25_L4_lr0.002_s27,d2nn_expert_global,25,25,27,train,3,04_LYMPHO,7,08_EMPTY,0
d2nn_expert_global_N25_k25_L4_lr0.002_s27,d2nn_expert_global,25,25,27,train,4,05_DEBRIS,0,01_TUMOR,2
d2nn_expert_global_N25_k25_L4_lr0.002_s27,d2nn_expert_global,25,25,27,train,4,05_DEBRIS,1,02_STROMA,160
d2nn_expert_global_N25_k25_L4_lr0.002_s27,d2nn_expert_global,25,25,27,train,4,05_DEBRIS,2,03_COMPLEX,26
d2nn_expert_global_N25_k25_L4_lr0.002_s27,d2nn_expert_global,25,25,27,train,4,05_DEBRIS,3,04_LYMPHO,1
d2nn_expert_global_N25_k25_L4_lr0.002_s27,d2nn_expert_global,25,25,27,train,4,05_DEBRIS,4,05_DEBRIS,180
d2nn_expert_global_N25_k25_L4_lr0.002_s27,d2nn_expert_global,25,25,27,train,4,05_DEBRIS,5,06_MUCOSA,58
d2nn_expert_global_N25_k25_L4_lr0.002_s27,d2nn_expert_global,25,25,27,train,4,05_DEBRIS,6,07_ADIPOSE,10
d2nn_expert_global_N25_k25_L4_lr0.002_s27,d2nn_expert_global,25,25,27,train,4,05_DEBRIS,7,08_EMPTY,0
d2nn_expert_global_N25_k25_L4_lr0.002_s27,d2nn_expert_global,25,25,27,train,5,06_MUCOSA,0,01_TUMOR,62
d2nn_expert_global_N25_k25_L4_lr0.002_s27,d2nn_expert_global,25,25,27,train,5,06_MUCOSA,1,02_STROMA,7
d2nn_expert_global_N25_k25_L4_lr0.002_s27,d2nn_expert_global,25,25,27,train,5,06_MUCOSA,2,03_COMPLEX,19
d2nn_expert_global_N25_k25_L4_lr0.002_s27,d2nn_expert_global,25,25,27,train,5,06_MUCOSA,3,04_LYMPHO,56
d2nn_expert_global_N25_k25_L4_lr0.002_s27,d2nn_expert_global,25,25,27,train,5,06_MUCOSA,4,05_DEBRIS,23
d2nn_expert_global_N25_k25_L4_lr0.002_s27,d2nn_expert_global,25,25,27,train,5,06_MUCOSA,5,06_MUCOSA,270
d2nn_expert_global_N25_k25_L4_lr0.002_s27,d2nn_expert_global,25,25,27,train,5,06_MUCOSA,6,07_ADIPOSE,0
d2nn_expert_global_N25_k25_L4_lr0.002_s27,d2nn_expert_global,25,25,27,train,5,06_MUCOSA,7,08_EMPTY,0
d2nn_expert_global_N25_k25_L4_lr0.002_s27,d2nn_expert_global,25,25,27,train,6,07_ADIPOSE,0,01_TUMOR,0
d2nn_expert_global_N25_k25_L4_lr0.002_s27,d2nn_expert_global,25,25,27,train,6,07_ADIPOSE,1,02_STROMA,0
d2nn_expert_global_N25_k25_L4_lr0.002_s27,d2nn_expert_global,25,25,27,train,6,07_ADIPOSE,2,03_COMPLEX,0
d2nn_expert_global_N25_k25_L4_lr0.002_s27,d2nn_expert_global,25,25,27,train,6,07_ADIPOSE,3,04_LYMPHO,0
d2nn_expert_global_N25_k25_L4_lr0.002_s27,d2nn_expert_global,25,25,27,train,6,07_ADIPOSE,4,05_DEBRIS,8
d2nn_expert_global_N25_k25_L4_lr0.002_s27,d2nn_expert_global,25,25,27,train,6,07_ADIPOSE,5,06_MUCOSA,0
d2nn_expert_global_N25_k25_L4_lr0.002_s27,d2nn_expert_global,25,25,27,train,6,07_ADIPOSE,6,07_ADIPOSE,419
d2nn_expert_global_N25_k25_L4_lr0.002_s27,d2nn_expert_global,25,25,27,train,6,07_ADIPOSE,7,08_EMPTY,10
d2nn_expert_global_N25_k25_L4_lr0.002_s27,d2nn_expert_global,25,25,27,train,7,08_EMPTY,0,01_TUMOR,0
d2nn_expert_global_N25_k25_L4_lr0.002_s27,d2nn_expert_global,25,25,27,train,7,08_EMPTY,1,02_STROMA,0
d2nn_expert_global_N25_k25_L4_lr0.002_s27,d2nn_expert_global,25,25,27,train,7,08_EMPTY,2,03_COMPLEX,0
d2nn_expert_global_N25_k25_L4_lr0.002_s27,d2nn_expert_global,25,25,27,train,7,08_EMPTY,3,04_LYMPHO,0
d2nn_expert_global_N25_k25_L4_lr0.002_s27,d2nn_expert_global,25,25,27,train,7,08_EMPTY,4,05_DEBRIS,1
d2nn_expert_global_N25_k25_L4_lr0.002_s27,d2nn_expert_global,25,25,27,train,7,08_EMPTY,5,06_MUCOSA,0
d2nn_expert_global_N25_k25_L4_lr0.002_s27,d2nn_expert_global,25,25,27,train,7,08_EMPTY,6,07_ADIPOSE,9
d2nn_expert_global_N25_k25_L4_lr0.002_s27,d2nn_expert_global,25,25,27,train,7,08_EMPTY,7,08_EMPTY,427
d2nn_expert_global_N25_k25_L4_lr0.002_s27,d2nn_expert_global,25,25,27,val,0,01_TUMOR,0,01_TUMOR,45
d2nn_expert_global_N25_k25_L4_lr0.002_s27,d2nn_expert_global,25,25,27,val,0,01_TUMOR,1,02_STROMA,1
d2nn_expert_global_N25_k25_L4_lr0.002_s27,d2nn_expert_global,25,25,27,val,0,01_TUMOR,2,03_COMPLEX,9
d2nn_expert_global_N25_k25_L4_lr0.002_s27,d2nn_expert_global,25,25,27,val,0,01_TUMOR,3,04_LYMPHO,25
d2nn_expert_global_N25_k25_L4_lr0.002_s27,d2nn_expert_global,25,25,27,val,0,01_TUMOR,4,05_DEBRIS,0
d2nn_expert_global_N25_k25_L4_lr0.002_s27,d2nn_expert_global,25,25,27,val,0,01_TUMOR,5,06_MUCOSA,14
d2nn_expert_global_N25_k25_L4_lr0.002_s27,d2nn_expert_global,25,25,27,val,0,01_TUMOR,6,07_ADIPOSE,0
d2nn_expert_global_N25_k25_L4_lr0.002_s27,d2nn_expert_global,25,25,27,val,0,01_TUMOR,7,08_EMPTY,0
d2nn_expert_global_N25_k25_L4_lr0.002_s27,d2nn_expert_global,25,25,27,val,1,02_STROMA,0,01_TUMOR,1
d2nn_expert_global_N25_k25_L4_lr0.002_s27,d2nn_expert_global,25,25,27,val,1,02_STROMA,1,02_STROMA,63
d2nn_expert_global_N25_k25_L4_lr0.002_s27,d2nn_expert_global,25,25,27,val,1,02_STROMA,2,03_COMPLEX,10
d2nn_expert_global_N25_k25_L4_lr0.002_s27,d2nn_expert_global,25,25,27,val,1,02_STROMA,3,04_LYMPHO,1
d2nn_expert_global_N25_k25_L4_lr0.002_s27,d2nn_expert_global,25,25,27,val,1,02_STROMA,4,05_DEBRIS,12
d2nn_expert_global_N25_k25_L4_lr0.002_s27,d2nn_expert_global,25,25,27,val,1,02_STROMA,5,06_MUCOSA,7
d2nn_expert_global_N25_k25_L4_lr0.002_s27,d2nn_expert_global,25,25,27,val,1,02_STROMA,6,07_ADIPOSE,0
d2nn_expert_global_N25_k25_L4_lr0.002_s27,d2nn_expert_global,25,25,27,val,1,02_STROMA,7,08_EMPTY,0
d2nn_expert_global_N25_k25_L4_lr0.002_s27,d2nn_expert_global,25,25,27,val,2,03_COMPLEX,0,01_TUMOR,5
d2nn_expert_global_N25_k25_L4_lr0.002_s27,d2nn_expert_global,25,25,27,val,2,03_COMPLEX,1,02_STROMA,29
d2nn_expert_global_N25_k25_L4_lr0.002_s27,d2nn_expert_global,25,25,27,val,2,03_COMPLEX,2,03_COMPLEX,45
d2nn_expert_global_N25_k25_L4_lr0.002_s27,d2nn_expert_global,25,25,27,val,2,03_COMPLEX,3,04_LYMPHO,8
d2nn_expert_global_N25_k25_L4_lr0.002_s27,d2nn_expert_global,25,25,27,val,2,03_COMPLEX,4,05_DEBRIS,4
d2nn_expert_global_N25_k25_L4_lr0.002_s27,d2nn_expert_global,25,25,27,val,2,03_COMPLEX,5,06_MUCOSA,3
d2nn_expert_global_N25_k25_L4_lr0.002_s27,d2nn_expert_global,25,25,27,val,2,03_COMPLEX,6,07_ADIPOSE,0
d2nn_expert_global_N25_k25_L4_lr0.002_s27,d2nn_expert_global,25,25,27,val,2,03_COMPLEX,7,08_EMPTY,0
d2nn_expert_global_N25_k25_L4_lr0.002_s27,d2nn_expert_global,25,25,27,val,3,04_LYMPHO,0,01_TUMOR,12
d2nn_expert_global_N25_k25_L4_lr0.002_s27,d2nn_expert_global,25,25,27,val,3,04_LYMPHO,1,02_STROMA,0
d2nn_expert_global_N25_k25_L4_lr0.002_s27,d2nn_expert_global,25,25,27,val,3,04_LYMPHO,2,03_COMPLEX,20
d2nn_expert_global_N25_k25_L4_lr0.002_s27,d2nn_expert_global,25,25,27,val,3,04_LYMPHO,3,04_LYMPHO,53
d2nn_expert_global_N25_k25_L4_lr0.002_s27,d2nn_expert_global,25,25,27,val,3,04_LYMPHO,4,05_DEBRIS,1
d2nn_expert_global_N25_k25_L4_lr0.002_s27,d2nn_expert_global,25,25,27,val,3,04_LYMPHO,5,06_MUCOSA,8
d2nn_expert_global_N25_k25_L4_lr0.002_s27,d2nn_expert_global,25,25,27,val,3,04_LYMPHO,6,07_ADIPOSE,0
d2nn_expert_global_N25_k25_L4_lr0.002_s27,d2nn_expert_global,25,25,27,val,3,04_LYMPHO,7,08_EMPTY,0
d2nn_expert_global_N25_k25_L4_lr0.002_s27,d2nn_expert_global,25,25,27,val,4,05_DEBRIS,0,01_TUMOR,1
d2nn_expert_global_N25_k25_L4_lr0.002_s27,d2nn_expert_global,25,25,27,val,4,05_DEBRIS,1,02_STROMA,26
d2nn_expert_global_N25_k25_L4_lr0.002_s27,d2nn_expert_global,25,25,27,val,4,05_DEBRIS,2,03_COMPLEX,6
d2nn_expert_global_N25_k25_L4_lr0.002_s27,d2nn_expert_global,25,25,27,val,4,05_DEBRIS,3,04_LYMPHO,0
d2nn_expert_global_N25_k25_L4_lr0.002_s27,d2nn_expert_global,25,25,27,val,4,05_DEBRIS,4,05_DEBRIS,44
d2nn_expert_global_N25_k25_L4_lr0.002_s27,d2nn_expert_global,25,25,27,val,4,05_DEBRIS,5,06_MUCOSA,10
d2nn_expert_global_N25_k25_L4_lr0.002_s27,d2nn_expert_global,25,25,27,val,4,05_DEBRIS,6,07_ADIPOSE,7
d2nn_expert_global_N25_k25_L4_lr0.002_s27,d2nn_expert_global,25,25,27,val,4,05_DEBRIS,7,08_EMPTY,0
d2nn_expert_global_N25_k25_L4_lr0.002_s27,d2nn_expert_global,25,25,27,val,5,06_MUCOSA,0,01_TUMOR,15
d2nn_expert_global_N25_k25_L4_lr0.002_s27,d2nn_expert_global,25,25,27,val,5,06_MUCOSA,1,02_STROMA,3
d2nn_expert_global_N25_k25_L4_lr0.002_s27,d2nn_expert_global,25,25,27,val,5,06_MUCOSA,2,03_COMPLEX,5
d2nn_expert_global_N25_k25_L4_lr0.002_s27,d2nn_expert_global,25,25,27,val,5,06_MUCOSA,3,04_LYMPHO,10
d2nn_expert_global_N25_k25_L4_lr0.002_s27,d2nn_expert_global,25,25,27,val,5,06_MUCOSA,4,05_DEBRIS,6
d2nn_expert_global_N25_k25_L4_lr0.002_s27,d2nn_expert_global,25,25,27,val,5,06_MUCOSA,5,06_MUCOSA,55
d2nn_expert_global_N25_k25_L4_lr0.002_s27,d2nn_expert_global,25,25,27,val,5,06_MUCOSA,6,07_ADIPOSE,0
d2nn_expert_global_N25_k25_L4_lr0.002_s27,d2nn_expert_global,25,25,27,val,5,06_MUCOSA,7,08_EMPTY,0
d2nn_expert_global_N25_k25_L4_lr0.002_s27,d2nn_expert_global,25,25,27,val,6,07_ADIPOSE,0,01_TUMOR,0
d2nn_expert_global_N25_k25_L4_lr0.002_s27,d2nn_expert_global,25,25,27,val,6,07_ADIPOSE,1,02_STROMA,0
d2nn_expert_global_N25_k25_L4_lr0.002_s27,d2nn_expert_global,25,25,27,val,6,07_ADIPOSE,2,03_COMPLEX,0
d2nn_expert_global_N25_k25_L4_lr0.002_s27,d2nn_expert_global,25,25,27,val,6,07_ADIPOSE,3,04_LYMPHO,0
d2nn_expert_global_N25_k25_L4_lr0.002_s27,d2nn_expert_global,25,25,27,val,6,07_ADIPOSE,4,05_DEBRIS,5
d2nn_expert_global_N25_k25_L4_lr0.002_s27,d2nn_expert_global,25,25,27,val,6,07_ADIPOSE,5,06_MUCOSA,0
d2nn_expert_global_N25_k25_L4_lr0.002_s27,d2nn_expert_global,25,25,27,val,6,07_ADIPOSE,6,07_ADIPOSE,84
d2nn_expert_global_N25_k25_L4_lr0.002_s27,d2nn_expert_global,25,25,27,val,6,07_ADIPOSE,7,08_EMPTY,5
d2nn_expert_global_N25_k25_L4_lr0.002_s27,d2nn_expert_global,25,25,27,val,7,08_EMPTY,0,01_TUMOR,0
d2nn_expert_global_N25_k25_L4_lr0.002_s27,d2nn_expert_global,25,25,27,val,7,08_EMPTY,1,02_STROMA,0
d2nn_expert_global_N25_k25_L4_lr0.002_s27,d2nn_expert_global,25,25,27,val,7,08_EMPTY,2,03_COMPLEX,0
d2nn_expert_global_N25_k25_L4_lr0.002_s27,d2nn_expert_global,25,25,27,val,7,08_EMPTY,3,04_LYMPHO,0
d2nn_expert_global_N25_k25_L4_lr0.002_s27,d2nn_expert_global,25,25,27,val,7,08_EMPTY,4,05_DEBRIS,0
d2nn_expert_global_N25_k25_L4_lr0.002_s27,d2nn_expert_global,25,25,27,val,7,08_EMPTY,5,06_MUCOSA,0
d2nn_expert_global_N25_k25_L4_lr0.002_s27,d2nn_expert_global,25,25,27,val,7,08_EMPTY,6,07_ADIPOSE,2
d2nn_expert_global_N25_k25_L4_lr0.002_s27,d2nn_expert_global,25,25,27,val,7,08_EMPTY,7,08_EMPTY,92
d2nn_expert_global_N49_k49_L4_lr0.002_s17_recheck,d2nn_expert_global,49,49,17,train,0,01_TUMOR,0,01_TUMOR,172
d2nn_expert_global_N49_k49_L4_lr0.002_s17_recheck,d2nn_expert_global,49,49,17,train,0,01_TUMOR,1,02_STROMA,8
d2nn_expert_global_N49_k49_L4_lr0.002_s17_recheck,d2nn_expert_global,49,49,17,train,0,01_TUMOR,2,03_COMPLEX,62
d2nn_expert_global_N49_k49_L4_lr0.002_s17_recheck,d2nn_expert_global,49,49,17,train,0,01_TUMOR,3,04_LYMPHO,102
d2nn_expert_global_N49_k49_L4_lr0.002_s17_recheck,d2nn_expert_global,49,49,17,train,0,01_TUMOR,4,05_DEBRIS,4
d2nn_expert_global_N49_k49_L4_lr0.002_s17_recheck,d2nn_expert_global,49,49,17,train,0,01_TUMOR,5,06_MUCOSA,89
d2nn_expert_global_N49_k49_L4_lr0.002_s17_recheck,d2nn_expert_global,49,49,17,train,0,01_TUMOR,6,07_ADIPOSE,0
d2nn_expert_global_N49_k49_L4_lr0.002_s17_recheck,d2nn_expert_global,49,49,17,train,0,01_TUMOR,7,08_EMPTY,0
d2nn_expert_global_N49_k49_L4_lr0.002_s17_recheck,d2nn_expert_global,49,49,17,train,1,02_STROMA,0,01_TUMOR,6
d2nn_expert_global_N49_k49_L4_lr0.002_s17_recheck,d2nn_expert_global,49,49,17,train,1,02_STROMA,1,02_STROMA,316
d2nn_expert_global_N49_k49_L4_lr0.002_s17_recheck,d2nn_expert_global,49,49,17,train,1,02_STROMA,2,03_COMPLEX,51
d2nn_expert_global_N49_k49_L4_lr0.002_s17_recheck,d2nn_expert_global,49,49,17,train,1,02_STROMA,3,04_LYMPHO,1
d2nn_expert_global_N49_k49_L4_lr0.002_s17_recheck,d2nn_expert_global,49,49,17,train,1,02_STROMA,4,05_DEBRIS,40
d2nn_expert_global_N49_k49_L4_lr0.002_s17_recheck,d2nn_expert_global,49,49,17,train,1,02_STROMA,5,06_MUCOSA,23
d2nn_expert_global_N49_k49_L4_lr0.002_s17_recheck,d2nn_expert_global,49,49,17,train,1,02_STROMA,6,07_ADIPOSE,0
d2nn_expert_global_N49_k49_L4_lr0.002_s17_recheck,d2nn_expert_global,49,49,17,train,1,02_STROMA,7,08_EMPTY,0
d2nn_expert_global_N49_k49_L4_lr0.002_s17_recheck,d2nn_expert_global,49,49,17,train,2,03_COMPLEX,0,01_TUMOR,21
d2nn_expert_global_N49_k49_L4_lr0.002_s17_recheck,d2nn_expert_global,49,49,17,train,2,03_COMPLEX,1,02_STROMA,89
d2nn_expert_global_N49_k49_L4_lr0.002_s17_recheck,d2nn_expert_global,49,49,17,train,2,03_COMPLEX,2,03_COMPLEX,254
d2nn_expert_global_N49_k49_L4_lr0.002_s17_recheck,d2nn_expert_global,49,49,17,train,2,03_COMPLEX,3,04_LYMPHO,43
d2nn_expert_global_N49_k49_L4_lr0.002_s17_recheck,d2nn_expert_global,49,49,17,train,2,03_COMPLEX,4,05_DEBRIS,16
d2nn_expert_global_N49_k49_L4_lr0.002_s17_recheck,d2nn_expert_global,49,49,17,train,2,03_COMPLEX,5,06_MUCOSA,14
d2nn_expert_global_N49_k49_L4_lr0.002_s17_recheck,d2nn_expert_global,49,49,17,train,2,03_COMPLEX,6,07_ADIPOSE,0
d2nn_expert_global_N49_k49_L4_lr0.002_s17_recheck,d2nn_expert_global,49,49,17,train,2,03_COMPLEX,7,08_EMPTY,0
d2nn_expert_global_N49_k49_L4_lr0.002_s17_recheck,d2nn_expert_global,49,49,17,train,3,04_LYMPHO,0,01_TUMOR,39
d2nn_expert_global_N49_k49_L4_lr0.002_s17_recheck,d2nn_expert_global,49,49,17,train,3,04_LYMPHO,1,02_STROMA,0
d2nn_expert_global_N49_k49_L4_lr0.002_s17_recheck,d2nn_expert_global,49,49,17,train,3,04_LYMPHO,2,03_COMPLEX,78
d2nn_expert_global_N49_k49_L4_lr0.002_s17_recheck,d2nn_expert_global,49,49,17,train,3,04_LYMPHO,3,04_LYMPHO,294
d2nn_expert_global_N49_k49_L4_lr0.002_s17_recheck,d2nn_expert_global,49,49,17,train,3,04_LYMPHO,4,05_DEBRIS,1
d2nn_expert_global_N49_k49_L4_lr0.002_s17_recheck,d2nn_expert_global,49,49,17,train,3,04_LYMPHO,5,06_MUCOSA,25
d2nn_expert_global_N49_k49_L4_lr0.002_s17_recheck,d2nn_expert_global,49,49,17,train,3,04_LYMPHO,6,07_ADIPOSE,0
d2nn_expert_global_N49_k49_L4_lr0.002_s17_recheck,d2nn_expert_global,49,49,17,train,3,04_LYMPHO,7,08_EMPTY,0
d2nn_expert_global_N49_k49_L4_lr0.002_s17_recheck,d2nn_expert_global,49,49,17,train,4,05_DEBRIS,0,01_TUMOR,3
d2nn_expert_global_N49_k49_L4_lr0.002_s17_recheck,d2nn_expert_global,49,49,17,train,4,05_DEBRIS,1,02_STROMA,151
d2nn_expert_global_N49_k49_L4_lr0.002_s17_recheck,d2nn_expert_global,49,49,17,train,4,05_DEBRIS,2,03_COMPLEX,24
d2nn_expert_global_N49_k49_L4_lr0.002_s17_recheck,d2nn_expert_global,49,49,17,train,4,05_DEBRIS,3,04_LYMPHO,1
d2nn_expert_global_N49_k49_L4_lr0.002_s17_recheck,d2nn_expert_global,49,49,17,train,4,05_DEBRIS,4,05_DEBRIS,190
d2nn_expert_global_N49_k49_L4_lr0.002_s17_recheck,d2nn_expert_global,49,49,17,train,4,05_DEBRIS,5,06_MUCOSA,57
d2nn_expert_global_N49_k49_L4_lr0.002_s17_recheck,d2nn_expert_global,49,49,17,train,4,05_DEBRIS,6,07_ADIPOSE,11
d2nn_expert_global_N49_k49_L4_lr0.002_s17_recheck,d2nn_expert_global,49,49,17,train,4,05_DEBRIS,7,08_EMPTY,0
d2nn_expert_global_N49_k49_L4_lr0.002_s17_recheck,d2nn_expert_global,49,49,17,train,5,06_MUCOSA,0,01_TUMOR,61
d2nn_expert_global_N49_k49_L4_lr0.002_s17_recheck,d2nn_expert_global,49,49,17,train,5,06_MUCOSA,1,02_STROMA,8
d2nn_expert_global_N49_k49_L4_lr0.002_s17_recheck,d2nn_expert_global,49,49,17,train,5,06_MUCOSA,2,03_COMPLEX,27
d2nn_expert_global_N49_k49_L4_lr0.002_s17_recheck,d2nn_expert_global,49,49,17,train,5,06_MUCOSA,3,04_LYMPHO,48
d2nn_expert_global_N49_k49_L4_lr0.002_s17_recheck,d2nn_expert_global,49,49,17,train,5,06_MUCOSA,4,05_DEBRIS,39
d2nn_expert_global_N49_k49_L4_lr0.002_s17_recheck,d2nn_expert_global,49,49,17,train,5,06_MUCOSA,5,06_MUCOSA,254
d2nn_expert_global_N49_k49_L4_lr0.002_s17_recheck,d2nn_expert_global,49,49,17,train,5,06_MUCOSA,6,07_ADIPOSE,0
d2nn_expert_global_N49_k49_L4_lr0.002_s17_recheck,d2nn_expert_global,49,49,17,train,5,06_MUCOSA,7,08_EMPTY,0
d2nn_expert_global_N49_k49_L4_lr0.002_s17_recheck,d2nn_expert_global,49,49,17,train,6,07_ADIPOSE,0,01_TUMOR,0
d2nn_expert_global_N49_k49_L4_lr0.002_s17_recheck,d2nn_expert_global,49,49,17,train,6,07_ADIPOSE,1,02_STROMA,0
d2nn_expert_global_N49_k49_L4_lr0.002_s17_recheck,d2nn_expert_global,49,49,17,train,6,07_ADIPOSE,2,03_COMPLEX,0
d2nn_expert_global_N49_k49_L4_lr0.002_s17_recheck,d2nn_expert_global,49,49,17,train,6,07_ADIPOSE,3,04_LYMPHO,0
d2nn_expert_global_N49_k49_L4_lr0.002_s17_recheck,d2nn_expert_global,49,49,17,train,6,07_ADIPOSE,4,05_DEBRIS,10
d2nn_expert_global_N49_k49_L4_lr0.002_s17_recheck,d2nn_expert_global,49,49,17,train,6,07_ADIPOSE,5,06_MUCOSA,0
d2nn_expert_global_N49_k49_L4_lr0.002_s17_recheck,d2nn_expert_global,49,49,17,train,6,07_ADIPOSE,6,07_ADIPOSE,417
d2nn_expert_global_N49_k49_L4_lr0.002_s17_recheck,d2nn_expert_global,49,49,17,train,6,07_ADIPOSE,7,08_EMPTY,10
d2nn_expert_global_N49_k49_L4_lr0.002_s17_recheck,d2nn_expert_global,49,49,17,train,7,08_EMPTY,0,01_TUMOR,0
d2nn_expert_global_N49_k49_L4_lr0.002_s17_recheck,d2nn_expert_global,49,49,17,train,7,08_EMPTY,1,02_STROMA,0
d2nn_expert_global_N49_k49_L4_lr0.002_s17_recheck,d2nn_expert_global,49,49,17,train,7,08_EMPTY,2,03_COMPLEX,0
d2nn_expert_global_N49_k49_L4_lr0.002_s17_recheck,d2nn_expert_global,49,49,17,train,7,08_EMPTY,3,04_LYMPHO,0
d2nn_expert_global_N49_k49_L4_lr0.002_s17_recheck,d2nn_expert_global,49,49,17,train,7,08_EMPTY,4,05_DEBRIS,1
d2nn_expert_global_N49_k49_L4_lr0.002_s17_recheck,d2nn_expert_global,49,49,17,train,7,08_EMPTY,5,06_MUCOSA,0
d2nn_expert_global_N49_k49_L4_lr0.002_s17_recheck,d2nn_expert_global,49,49,17,train,7,08_EMPTY,6,07_ADIPOSE,9
d2nn_expert_global_N49_k49_L4_lr0.002_s17_recheck,d2nn_expert_global,49,49,17,train,7,08_EMPTY,7,08_EMPTY,427
d2nn_expert_global_N49_k49_L4_lr0.002_s17_recheck,d2nn_expert_global,49,49,17,val,0,01_TUMOR,0,01_TUMOR,35
d2nn_expert_global_N49_k49_L4_lr0.002_s17_recheck,d2nn_expert_global,49,49,17,val,0,01_TUMOR,1,02_STROMA,2
d2nn_expert_global_N49_k49_L4_lr0.002_s17_recheck,d2nn_expert_global,49,49,17,val,0,01_TUMOR,2,03_COMPLEX,18
d2nn_expert_global_N49_k49_L4_lr0.002_s17_recheck,d2nn_expert_global,49,49,17,val,0,01_TUMOR,3,04_LYMPHO,23
d2nn_expert_global_N49_k49_L4_lr0.002_s17_recheck,d2nn_expert_global,49,49,17,val,0,01_TUMOR,4,05_DEBRIS,0
d2nn_expert_global_N49_k49_L4_lr0.002_s17_recheck,d2nn_expert_global,49,49,17,val,0,01_TUMOR,5,06_MUCOSA,16
d2nn_expert_global_N49_k49_L4_lr0.002_s17_recheck,d2nn_expert_global,49,49,17,val,0,01_TUMOR,6,07_ADIPOSE,0
d2nn_expert_global_N49_k49_L4_lr0.002_s17_recheck,d2nn_expert_global,49,49,17,val,0,01_TUMOR,7,08_EMPTY,0
d2nn_expert_global_N49_k49_L4_lr0.002_s17_recheck,d2nn_expert_global,49,49,17,val,1,02_STROMA,0,01_TUMOR,0
d2nn_expert_global_N49_k49_L4_lr0.002_s17_recheck,d2nn_expert_global,49,49,17,val,1,02_STROMA,1,02_STROMA,63
d2nn_expert_global_N49_k49_L4_lr0.002_s17_recheck,d2nn_expert_global,49,49,17,val,1,02_STROMA,2,03_COMPLEX,13
d2nn_expert_global_N49_k49_L4_lr0.002_s17_recheck,d2nn_expert_global,49,49,17,val,1,02_STROMA,3,04_LYMPHO,1
d2nn_expert_global_N49_k49_L4_lr0.002_s17_recheck,d2nn_expert_global,49,49,17,val,1,02_STROMA,4,05_DEBRIS,10
d2nn_expert_global_N49_k49_L4_lr0.002_s17_recheck,d2nn_expert_global,49,49,17,val,1,02_STROMA,5,06_MUCOSA,7
d2nn_expert_global_N49_k49_L4_lr0.002_s17_recheck,d2nn_expert_global,49,49,17,val,1,02_STROMA,6,07_ADIPOSE,0
d2nn_expert_global_N49_k49_L4_lr0.002_s17_recheck,d2nn_expert_global,49,49,17,val,1,02_STROMA,7,08_EMPTY,0
d2nn_expert_global_N49_k49_L4_lr0.002_s17_recheck,d2nn_expert_global,49,49,17,val,2,03_COMPLEX,0,01_TUMOR,1
d2nn_expert_global_N49_k49_L4_lr0.002_s17_recheck,d2nn_expert_global,49,49,17,val,2,03_COMPLEX,1,02_STROMA,28
d2nn_expert_global_N49_k49_L4_lr0.002_s17_recheck,d2nn_expert_global,49,49,17,val,2,03_COMPLEX,2,03_COMPLEX,47
d2nn_expert_global_N49_k49_L4_lr0.002_s17_recheck,d2nn_expert_global,49,49,17,val,2,03_COMPLEX,3,04_LYMPHO,8
d2nn_expert_global_N49_k49_L4_lr0.002_s17_recheck,d2nn_expert_global,49,49,17,val,2,03_COMPLEX,4,05_DEBRIS,5
d2nn_expert_global_N49_k49_L4_lr0.002_s17_recheck,d2nn_expert_global,49,49,17,val,2,03_COMPLEX,5,06_MUCOSA,5
d2nn_expert_global_N49_k49_L4_lr0.002_s17_recheck,d2nn_expert_global,49,49,17,val,2,03_COMPLEX,6,07_ADIPOSE,0
d2nn_expert_global_N49_k49_L4_lr0.002_s17_recheck,d2nn_expert_global,49,49,17,val,2,03_COMPLEX,7,08_EMPTY,0
d2nn_expert_global_N49_k49_L4_lr0.002_s17_recheck,d2nn_expert_global,49,49,17,val,3,04_LYMPHO,0,01_TUMOR,9
d2nn_expert_global_N49_k49_L4_lr0.002_s17_recheck,d2nn_expert_global,49,49,17,val,3,04_LYMPHO,1,02_STROMA,2
d2nn_expert_global_N49_k49_L4_lr0.002_s17_recheck,d2nn_expert_global,49,49,17,val,3,04_LYMPHO,2,03_COMPLEX,18
d2nn_expert_global_N49_k49_L4_lr0.002_s17_recheck,d2nn_expert_global,49,49,17,val,3,04_LYMPHO,3,04_LYMPHO,56
d2nn_expert_global_N49_k49_L4_lr0.002_s17_recheck,d2nn_expert_global,49,49,17,val,3,04_LYMPHO,4,05_DEBRIS,0
d2nn_expert_global_N49_k49_L4_lr0.002_s17_recheck,d2nn_expert_global,49,49,17,val,3,04_LYMPHO,5,06_MUCOSA,9
d2nn_expert_global_N49_k49_L4_lr0.002_s17_recheck,d2nn_expert_global,49,49,17,val,3,04_LYMPHO,6,07_ADIPOSE,0
d2nn_expert_global_N49_k49_L4_lr0.002_s17_recheck,d2nn_expert_global,49,49,17,val,3,04_LYMPHO,7,08_EMPTY,0
d2nn_expert_global_N49_k49_L4_lr0.002_s17_recheck,d2nn_expert_global,49,49,17,val,4,05_DEBRIS,0,01_TUMOR,2
d2nn_expert_global_N49_k49_L4_lr0.002_s17_recheck,d2nn_expert_global,49,49,17,val,4,05_DEBRIS,1,02_STROMA,27
d2nn_expert_global_N49_k49_L4_lr0.002_s17_recheck,d2nn_expert_global,49,49,17,val,4,05_DEBRIS,2,03_COMPLEX,6
d2nn_expert_global_N49_k49_L4_lr0.002_s17_recheck,d2nn_expert_global,49,49,17,val,4,05_DEBRIS,3,04_LYMPHO,0
d2nn_expert_global_N49_k49_L4_lr0.002_s17_recheck,d2nn_expert_global,49,49,17,val,4,05_DEBRIS,4,05_DEBRIS,40
d2nn_expert_global_N49_k49_L4_lr0.002_s17_recheck,d2nn_expert_global,49,49,17,val,4,05_DEBRIS,5,06_MUCOSA,11
d2nn_expert_global_N49_k49_L4_lr0.002_s17_recheck,d2nn_expert_global,49,49,17,val,4,05_DEBRIS,6,07_ADIPOSE,8
d2nn_expert_global_N49_k49_L4_lr0.002_s17_recheck,d2nn_expert_global,49,49,17,val,4,05_DEBRIS,7,08_EMPTY,0
d2nn_expert_global_N49_k49_L4_lr0.002_s17_recheck,d2nn_expert_global,49,49,17,val,5,06_MUCOSA,0,01_TUMOR,15
d2nn_expert_global_N49_k49_L4_lr0.002_s17_recheck,d2nn_expert_global,49,49,17,val,5,06_MUCOSA,1,02_STROMA,1
d2nn_expert_global_N49_k49_L4_lr0.002_s17_recheck,d2nn_expert_global,49,49,17,val,5,06_MUCOSA,2,03_COMPLEX,7
d2nn_expert_global_N49_k49_L4_lr0.002_s17_recheck,d2nn_expert_global,49,49,17,val,5,06_MUCOSA,3,04_LYMPHO,13
d2nn_expert_global_N49_k49_L4_lr0.002_s17_recheck,d2nn_expert_global,49,49,17,val,5,06_MUCOSA,4,05_DEBRIS,10
d2nn_expert_global_N49_k49_L4_lr0.002_s17_recheck,d2nn_expert_global,49,49,17,val,5,06_MUCOSA,5,06_MUCOSA,48
d2nn_expert_global_N49_k49_L4_lr0.002_s17_recheck,d2nn_expert_global,49,49,17,val,5,06_MUCOSA,6,07_ADIPOSE,0
d2nn_expert_global_N49_k49_L4_lr0.002_s17_recheck,d2nn_expert_global,49,49,17,val,5,06_MUCOSA,7,08_EMPTY,0
d2nn_expert_global_N49_k49_L4_lr0.002_s17_recheck,d2nn_expert_global,49,49,17,val,6,07_ADIPOSE,0,01_TUMOR,0
d2nn_expert_global_N49_k49_L4_lr0.002_s17_recheck,d2nn_expert_global,49,49,17,val,6,07_ADIPOSE,1,02_STROMA,0
d2nn_expert_global_N49_k49_L4_lr0.002_s17_recheck,d2nn_expert_global,49,49,17,val,6,07_ADIPOSE,2,03_COMPLEX,0
d2nn_expert_global_N49_k49_L4_lr0.002_s17_recheck,d2nn_expert_global,49,49,17,val,6,07_ADIPOSE,3,04_LYMPHO,0
d2nn_expert_global_N49_k49_L4_lr0.002_s17_recheck,d2nn_expert_global,49,49,17,val,6,07_ADIPOSE,4,05_DEBRIS,3
d2nn_expert_global_N49_k49_L4_lr0.002_s17_recheck,d2nn_expert_global,49,49,17,val,6,07_ADIPOSE,5,06_MUCOSA,0
d2nn_expert_global_N49_k49_L4_lr0.002_s17_recheck,d2nn_expert_global,49,49,17,val,6,07_ADIPOSE,6,07_ADIPOSE,86
d2nn_expert_global_N49_k49_L4_lr0.002_s17_recheck,d2nn_expert_global,49,49,17,val,6,07_ADIPOSE,7,08_EMPTY,5
d2nn_expert_global_N49_k49_L4_lr0.002_s17_recheck,d2nn_expert_global,49,49,17,val,7,08_EMPTY,0,01_TUMOR,0
d2nn_expert_global_N49_k49_L4_lr0.002_s17_recheck,d2nn_expert_global,49,49,17,val,7,08_EMPTY,1,02_STROMA,0
d2nn_expert_global_N49_k49_L4_lr0.002_s17_recheck,d2nn_expert_global,49,49,17,val,7,08_EMPTY,2,03_COMPLEX,0
d2nn_expert_global_N49_k49_L4_lr0.002_s17_recheck,d2nn_expert_global,49,49,17,val,7,08_EMPTY,3,04_LYMPHO,0
d2nn_expert_global_N49_k49_L4_lr0.002_s17_recheck,d2nn_expert_global,49,49,17,val,7,08_EMPTY,4,05_DEBRIS,0
d2nn_expert_global_N49_k49_L4_lr0.002_s17_recheck,d2nn_expert_global,49,49,17,val,7,08_EMPTY,5,06_MUCOSA,0
d2nn_expert_global_N49_k49_L4_lr0.002_s17_recheck,d2nn_expert_global,49,49,17,val,7,08_EMPTY,6,07_ADIPOSE,2
d2nn_expert_global_N49_k49_L4_lr0.002_s17_recheck,d2nn_expert_global,49,49,17,val,7,08_EMPTY,7,08_EMPTY,92
d2nn_expert_global_N49_k49_L4_lr0.002_s27_recheck,d2nn_expert_global,49,49,27,train,0,01_TUMOR,0,01_TUMOR,168
d2nn_expert_global_N49_k49_L4_lr0.002_s27_recheck,d2nn_expert_global,49,49,27,train,0,01_TUMOR,1,02_STROMA,8
d2nn_expert_global_N49_k49_L4_lr0.002_s27_recheck,d2nn_expert_global,49,49,27,train,0,01_TUMOR,2,03_COMPLEX,68
d2nn_expert_global_N49_k49_L4_lr0.002_s27_recheck,d2nn_expert_global,49,49,27,train,0,01_TUMOR,3,04_LYMPHO,112
d2nn_expert_global_N49_k49_L4_lr0.002_s27_recheck,d2nn_expert_global,49,49,27,train,0,01_TUMOR,4,05_DEBRIS,3
d2nn_expert_global_N49_k49_L4_lr0.002_s27_recheck,d2nn_expert_global,49,49,27,train,0,01_TUMOR,5,06_MUCOSA,78
d2nn_expert_global_N49_k49_L4_lr0.002_s27_recheck,d2nn_expert_global,49,49,27,train,0,01_TUMOR,6,07_ADIPOSE,0
d2nn_expert_global_N49_k49_L4_lr0.002_s27_recheck,d2nn_expert_global,49,49,27,train,0,01_TUMOR,7,08_EMPTY,0
d2nn_expert_global_N49_k49_L4_lr0.002_s27_recheck,d2nn_expert_global,49,49,27,train,1,02_STROMA,0,01_TUMOR,7
d2nn_expert_global_N49_k49_L4_lr0.002_s27_recheck,d2nn_expert_global,49,49,27,train,1,02_STROMA,1,02_STROMA,311
d2nn_expert_global_N49_k49_L4_lr0.002_s27_recheck,d2nn_expert_global,49,49,27,train,1,02_STROMA,2,03_COMPLEX,50
d2nn_expert_global_N49_k49_L4_lr0.002_s27_recheck,d2nn_expert_global,49,49,27,train,1,02_STROMA,3,04_LYMPHO,2
d2nn_expert_global_N49_k49_L4_lr0.002_s27_recheck,d2nn_expert_global,49,49,27,train,1,02_STROMA,4,05_DEBRIS,44
d2nn_expert_global_N49_k49_L4_lr0.002_s27_recheck,d2nn_expert_global,49,49,27,train,1,02_STROMA,5,06_MUCOSA,23
d2nn_expert_global_N49_k49_L4_lr0.002_s27_recheck,d2nn_expert_global,49,49,27,train,1,02_STROMA,6,07_ADIPOSE,0
d2nn_expert_global_N49_k49_L4_lr0.002_s27_recheck,d2nn_expert_global,49,49,27,train,1,02_STROMA,7,08_EMPTY,0
d2nn_expert_global_N49_k49_L4_lr0.002_s27_recheck,d2nn_expert_global,49,49,27,train,2,03_COMPLEX,0,01_TUMOR,15
d2nn_expert_global_N49_k49_L4_lr0.002_s27_recheck,d2nn_expert_global,49,49,27,train,2,03_COMPLEX,1,02_STROMA,83
d2nn_expert_global_N49_k49_L4_lr0.002_s27_recheck,d2nn_expert_global,49,49,27,train,2,03_COMPLEX,2,03_COMPLEX,267
d2nn_expert_global_N49_k49_L4_lr0.002_s27_recheck,d2nn_expert_global,49,49,27,train,2,03_COMPLEX,3,04_LYMPHO,42
d2nn_expert_global_N49_k49_L4_lr0.002_s27_recheck,d2nn_expert_global,49,49,27,train,2,03_COMPLEX,4,05_DEBRIS,14
d2nn_expert_global_N49_k49_L4_lr0.002_s27_recheck,d2nn_expert_global,49,49,27,train,2,03_COMPLEX,5,06_MUCOSA,16
d2nn_expert_global_N49_k49_L4_lr0.002_s27_recheck,d2nn_expert_global,49,49,27,train,2,03_COMPLEX,6,07_ADIPOSE,0
d2nn_expert_global_N49_k49_L4_lr0.002_s27_recheck,d2nn_expert_global,49,49,27,train,2,03_COMPLEX,7,08_EMPTY,0
d2nn_expert_global_N49_k49_L4_lr0.002_s27_recheck,d2nn_expert_global,49,49,27,train,3,04_LYMPHO,0,01_TUMOR,38
d2nn_expert_global_N49_k49_L4_lr0.002_s27_recheck,d2nn_expert_global,49,49,27,train,3,04_LYMPHO,1,02_STROMA,2
d2nn_expert_global_N49_k49_L4_lr0.002_s27_recheck,d2nn_expert_global,49,49,27,train,3,04_LYMPHO,2,03_COMPLEX,82
d2nn_expert_global_N49_k49_L4_lr0.002_s27_recheck,d2nn_expert_global,49,49,27,train,3,04_LYMPHO,3,04_LYMPHO,288
d2nn_expert_global_N49_k49_L4_lr0.002_s27_recheck,d2nn_expert_global,49,49,27,train,3,04_LYMPHO,4,05_DEBRIS,2
d2nn_expert_global_N49_k49_L4_lr0.002_s27_recheck,d2nn_expert_global,49,49,27,train,3,04_LYMPHO,5,06_MUCOSA,25
d2nn_expert_global_N49_k49_L4_lr0.002_s27_recheck,d2nn_expert_global,49,49,27,train,3,04_LYMPHO,6,07_ADIPOSE,0
d2nn_expert_global_N49_k49_L4_lr0.002_s27_recheck,d2nn_expert_global,49,49,27,train,3,04_LYMPHO,7,08_EMPTY,0
d2nn_expert_global_N49_k49_L4_lr0.002_s27_recheck,d2nn_expert_global,49,49,27,train,4,05_DEBRIS,0,01_TUMOR,3
d2nn_expert_global_N49_k49_L4_lr0.002_s27_recheck,d2nn_expert_global,49,49,27,train,4,05_DEBRIS,1,02_STROMA,144
d2nn_expert_global_N49_k49_L4_lr0.002_s27_recheck,d2nn_expert_global,49,49,27,train,4,05_DEBRIS,2,03_COMPLEX,17
d2nn_expert_global_N49_k49_L4_lr0.002_s27_recheck,d2nn_expert_global,49,49,27,train,4,05_DEBRIS,3,04_LYMPHO,3
d2nn_expert_global_N49_k49_L4_lr0.002_s27_recheck,d2nn_expert_global,49,49,27,train,4,05_DEBRIS,4,05_DEBRIS,217
d2nn_expert_global_N49_k49_L4_lr0.002_s27_recheck,d2nn_expert_global,49,49,27,train,4,05_DEBRIS,5,06_MUCOSA,44
d2nn_expert_global_N49_k49_L4_lr0.002_s27_recheck,d2nn_expert_global,49,49,27,train,4,05_DEBRIS,6,07_ADIPOSE,9
d2nn_expert_global_N49_k49_L4_lr0.002_s27_recheck,d2nn_expert_global,49,49,27,train,4,05_DEBRIS,7,08_EMPTY,0
d2nn_expert_global_N49_k49_L4_lr0.002_s27_recheck,d2nn_expert_global,49,49,27,train,5,06_MUCOSA,0,01_TUMOR,60
d2nn_expert_global_N49_k49_L4_lr0.002_s27_recheck,d2nn_expert_global,49,49,27,train,5,06_MUCOSA,1,02_STROMA,9
d2nn_expert_global_N49_k49_L4_lr0.002_s27_recheck,d2nn_expert_global,49,49,27,train,5,06_MUCOSA,2,03_COMPLEX,34
d2nn_expert_global_N49_k49_L4_lr0.002_s27_recheck,d2nn_expert_global,49,49,27,train,5,06_MUCOSA,3,04_LYMPHO,50
d2nn_expert_global_N49_k49_L4_lr0.002_s27_recheck,d2nn_expert_global,49,49,27,train,5,06_MUCOSA,4,05_DEBRIS,29
d2nn_expert_global_N49_k49_L4_lr0.002_s27_recheck,d2nn_expert_global,49,49,27,train,5,06_MUCOSA,5,06_MUCOSA,255
d2nn_expert_global_N49_k49_L4_lr0.002_s27_recheck,d2nn_expert_global,49,49,27,train,5,06_MUCOSA,6,07_ADIPOSE,0
d2nn_expert_global_N49_k49_L4_lr0.002_s27_recheck,d2nn_expert_global,49,49,27,train,5,06_MUCOSA,7,08_EMPTY,0
d2nn_expert_global_N49_k49_L4_lr0.002_s27_recheck,d2nn_expert_global,49,49,27,train,6,07_ADIPOSE,0,01_TUMOR,0
d2nn_expert_global_N49_k49_L4_lr0.002_s27_recheck,d2nn_expert_global,49,49,27,train,6,07_ADIPOSE,1,02_STROMA,0
d2nn_expert_global_N49_k49_L4_lr0.002_s27_recheck,d2nn_expert_global,49,49,27,train,6,07_ADIPOSE,2,03_COMPLEX,0
d2nn_expert_global_N49_k49_L4_lr0.002_s27_recheck,d2nn_expert_global,49,49,27,train,6,07_ADIPOSE,3,04_LYMPHO,0
d2nn_expert_global_N49_k49_L4_lr0.002_s27_recheck,d2nn_expert_global,49,49,27,train,6,07_ADIPOSE,4,05_DEBRIS,11
d2nn_expert_global_N49_k49_L4_lr0.002_s27_recheck,d2nn_expert_global,49,49,27,train,6,07_ADIPOSE,5,06_MUCOSA,0
d2nn_expert_global_N49_k49_L4_lr0.002_s27_recheck,d2nn_expert_global,49,49,27,train,6,07_ADIPOSE,6,07_ADIPOSE,416
d2nn_expert_global_N49_k49_L4_lr0.002_s27_recheck,d2nn_expert_global,49,49,27,train,6,07_ADIPOSE,7,08_EMPTY,10
d2nn_expert_global_N49_k49_L4_lr0.002_s27_recheck,d2nn_expert_global,49,49,27,train,7,08_EMPTY,0,01_TUMOR,0
d2nn_expert_global_N49_k49_L4_lr0.002_s27_recheck,d2nn_expert_global,49,49,27,train,7,08_EMPTY,1,02_STROMA,0
d2nn_expert_global_N49_k49_L4_lr0.002_s27_recheck,d2nn_expert_global,49,49,27,train,7,08_EMPTY,2,03_COMPLEX,0
d2nn_expert_global_N49_k49_L4_lr0.002_s27_recheck,d2nn_expert_global,49,49,27,train,7,08_EMPTY,3,04_LYMPHO,0
d2nn_expert_global_N49_k49_L4_lr0.002_s27_recheck,d2nn_expert_global,49,49,27,train,7,08_EMPTY,4,05_DEBRIS,1
d2nn_expert_global_N49_k49_L4_lr0.002_s27_recheck,d2nn_expert_global,49,49,27,train,7,08_EMPTY,5,06_MUCOSA,0
d2nn_expert_global_N49_k49_L4_lr0.002_s27_recheck,d2nn_expert_global,49,49,27,train,7,08_EMPTY,6,07_ADIPOSE,9
d2nn_expert_global_N49_k49_L4_lr0.002_s27_recheck,d2nn_expert_global,49,49,27,train,7,08_EMPTY,7,08_EMPTY,427
d2nn_expert_global_N49_k49_L4_lr0.002_s27_recheck,d2nn_expert_global,49,49,27,val,0,01_TUMOR,0,01_TUMOR,34
d2nn_expert_global_N49_k49_L4_lr0.002_s27_recheck,d2nn_expert_global,49,49,27,val,0,01_TUMOR,1,02_STROMA,2
d2nn_expert_global_N49_k49_L4_lr0.002_s27_recheck,d2nn_expert_global,49,49,27,val,0,01_TUMOR,2,03_COMPLEX,18
d2nn_expert_global_N49_k49_L4_lr0.002_s27_recheck,d2nn_expert_global,49,49,27,val,0,01_TUMOR,3,04_LYMPHO,23
d2nn_expert_global_N49_k49_L4_lr0.002_s27_recheck,d2nn_expert_global,49,49,27,val,0,01_TUMOR,4,05_DEBRIS,0
d2nn_expert_global_N49_k49_L4_lr0.002_s27_recheck,d2nn_expert_global,49,49,27,val,0,01_TUMOR,5,06_MUCOSA,17
d2nn_expert_global_N49_k49_L4_lr0.002_s27_recheck,d2nn_expert_global,49,49,27,val,0,01_TUMOR,6,07_ADIPOSE,0
d2nn_expert_global_N49_k49_L4_lr0.002_s27_recheck,d2nn_expert_global,49,49,27,val,0,01_TUMOR,7,08_EMPTY,0
d2nn_expert_global_N49_k49_L4_lr0.002_s27_recheck,d2nn_expert_global,49,49,27,val,1,02_STROMA,0,01_TUMOR,0
d2nn_expert_global_N49_k49_L4_lr0.002_s27_recheck,d2nn_expert_global,49,49,27,val,1,02_STROMA,1,02_STROMA,63
d2nn_expert_global_N49_k49_L4_lr0.002_s27_recheck,d2nn_expert_global,49,49,27,val,1,02_STROMA,2,03_COMPLEX,13
d2nn_expert_global_N49_k49_L4_lr0.002_s27_recheck,d2nn_expert_global,49,49,27,val,1,02_STROMA,3,04_LYMPHO,1
d2nn_expert_global_N49_k49_L4_lr0.002_s27_recheck,d2nn_expert_global,49,49,27,val,1,02_STROMA,4,05_DEBRIS,11
d2nn_expert_global_N49_k49_L4_lr0.002_s27_recheck,d2nn_expert_global,49,49,27,val,1,02_STROMA,5,06_MUCOSA,6
d2nn_expert_global_N49_k49_L4_lr0.002_s27_recheck,d2nn_expert_global,49,49,27,val,1,02_STROMA,6,07_ADIPOSE,0
d2nn_expert_global_N49_k49_L4_lr0.002_s27_recheck,d2nn_expert_global,49,49,27,val,1,02_STROMA,7,08_EMPTY,0
d2nn_expert_global_N49_k49_L4_lr0.002_s27_recheck,d2nn_expert_global,49,49,27,val,2,03_COMPLEX,0,01_TUMOR,2
d2nn_expert_global_N49_k49_L4_lr0.002_s27_recheck,d2nn_expert_global,49,49,27,val,2,03_COMPLEX,1,02_STROMA,26
d2nn_expert_global_N49_k49_L4_lr0.002_s27_recheck,d2nn_expert_global,49,49,27,val,2,03_COMPLEX,2,03_COMPLEX,49
d2nn_expert_global_N49_k49_L4_lr0.002_s27_recheck,d2nn_expert_global,49,49,27,val,2,03_COMPLEX,3,04_LYMPHO,8
d2nn_expert_global_N49_k49_L4_lr0.002_s27_recheck,d2nn_expert_global,49,49,27,val,2,03_COMPLEX,4,05_DEBRIS,4
d2nn_expert_global_N49_k49_L4_lr0.002_s27_recheck,d2nn_expert_global,49,49,27,val,2,03_COMPLEX,5,06_MUCOSA,5
d2nn_expert_global_N49_k49_L4_lr0.002_s27_recheck,d2nn_expert_global,49,49,27,val,2,03_COMPLEX,6,07_ADIPOSE,0
d2nn_expert_global_N49_k49_L4_lr0.002_s27_recheck,d2nn_expert_global,49,49,27,val,2,03_COMPLEX,7,08_EMPTY,0
d2nn_expert_global_N49_k49_L4_lr0.002_s27_recheck,d2nn_expert_global,49,49,27,val,3,04_LYMPHO,0,01_TUMOR,9
d2nn_expert_global_N49_k49_L4_lr0.002_s27_recheck,d2nn_expert_global,49,49,27,val,3,04_LYMPHO,1,02_STROMA,0
d2nn_expert_global_N49_k49_L4_lr0.002_s27_recheck,d2nn_expert_global,49,49,27,val,3,04_LYMPHO,2,03_COMPLEX,20
d2nn_expert_global_N49_k49_L4_lr0.002_s27_recheck,d2nn_expert_global,49,49,27,val,3,04_LYMPHO,3,04_LYMPHO,58
d2nn_expert_global_N49_k49_L4_lr0.002_s27_recheck,d2nn_expert_global,49,49,27,val,3,04_LYMPHO,4,05_DEBRIS,0
d2nn_expert_global_N49_k49_L4_lr0.002_s27_recheck,d2nn_expert_global,49,49,27,val,3,04_LYMPHO,5,06_MUCOSA,7
d2nn_expert_global_N49_k49_L4_lr0.002_s27_recheck,d2nn_expert_global,49,49,27,val,3,04_LYMPHO,6,07_ADIPOSE,0
d2nn_expert_global_N49_k49_L4_lr0.002_s27_recheck,d2nn_expert_global,49,49,27,val,3,04_LYMPHO,7,08_EMPTY,0
d2nn_expert_global_N49_k49_L4_lr0.002_s27_recheck,d2nn_expert_global,49,49,27,val,4,05_DEBRIS,0,01_TUMOR,2
d2nn_expert_global_N49_k49_L4_lr0.002_s27_recheck,d2nn_expert_global,49,49,27,val,4,05_DEBRIS,1,02_STROMA,30
d2nn_expert_global_N49_k49_L4_lr0.002_s27_recheck,d2nn_expert_global,49,49,27,val,4,05_DEBRIS,2,03_COMPLEX,5
d2nn_expert_global_N49_k49_L4_lr0.002_s27_recheck,d2nn_expert_global,49,49,27,val,4,05_DEBRIS,3,04_LYMPHO,0
d2nn_expert_global_N49_k49_L4_lr0.002_s27_recheck,d2nn_expert_global,49,49,27,val,4,05_DEBRIS,4,05_DEBRIS,40
d2nn_expert_global_N49_k49_L4_lr0.002_s27_recheck,d2nn_expert_global,49,49,27,val,4,05_DEBRIS,5,06_MUCOSA,10
d2nn_expert_global_N49_k49_L4_lr0.002_s27_recheck,d2nn_expert_global,49,49,27,val,4,05_DEBRIS,6,07_ADIPOSE,7
d2nn_expert_global_N49_k49_L4_lr0.002_s27_recheck,d2nn_expert_global,49,49,27,val,4,05_DEBRIS,7,08_EMPTY,0
d2nn_expert_global_N49_k49_L4_lr0.002_s27_recheck,d2nn_expert_global,49,49,27,val,5,06_MUCOSA,0,01_TUMOR,15
d2nn_expert_global_N49_k49_L4_lr0.002_s27_recheck,d2nn_expert_global,49,49,27,val,5,06_MUCOSA,1,02_STROMA,2
d2nn_expert_global_N49_k49_L4_lr0.002_s27_recheck,d2nn_expert_global,49,49,27,val,5,06_MUCOSA,2,03_COMPLEX,8
d2nn_expert_global_N49_k49_L4_lr0.002_s27_recheck,d2nn_expert_global,49,49,27,val,5,06_MUCOSA,3,04_LYMPHO,12
d2nn_expert_global_N49_k49_L4_lr0.002_s27_recheck,d2nn_expert_global,49,49,27,val,5,06_MUCOSA,4,05_DEBRIS,9
d2nn_expert_global_N49_k49_L4_lr0.002_s27_recheck,d2nn_expert_global,49,49,27,val,5,06_MUCOSA,5,06_MUCOSA,48
d2nn_expert_global_N49_k49_L4_lr0.002_s27_recheck,d2nn_expert_global,49,49,27,val,5,06_MUCOSA,6,07_ADIPOSE,0
d2nn_expert_global_N49_k49_L4_lr0.002_s27_recheck,d2nn_expert_global,49,49,27,val,5,06_MUCOSA,7,08_EMPTY,0
d2nn_expert_global_N49_k49_L4_lr0.002_s27_recheck,d2nn_expert_global,49,49,27,val,6,07_ADIPOSE,0,01_TUMOR,0
d2nn_expert_global_N49_k49_L4_lr0.002_s27_recheck,d2nn_expert_global,49,49,27,val,6,07_ADIPOSE,1,02_STROMA,0
d2nn_expert_global_N49_k49_L4_lr0.002_s27_recheck,d2nn_expert_global,49,49,27,val,6,07_ADIPOSE,2,03_COMPLEX,0
d2nn_expert_global_N49_k49_L4_lr0.002_s27_recheck,d2nn_expert_global,49,49,27,val,6,07_ADIPOSE,3,04_LYMPHO,0
d2nn_expert_global_N49_k49_L4_lr0.002_s27_recheck,d2nn_expert_global,49,49,27,val,6,07_ADIPOSE,4,05_DEBRIS,4
d2nn_expert_global_N49_k49_L4_lr0.002_s27_recheck,d2nn_expert_global,49,49,27,val,6,07_ADIPOSE,5,06_MUCOSA,0
d2nn_expert_global_N49_k49_L4_lr0.002_s27_recheck,d2nn_expert_global,49,49,27,val,6,07_ADIPOSE,6,07_ADIPOSE,85
d2nn_expert_global_N49_k49_L4_lr0.002_s27_recheck,d2nn_expert_global,49,49,27,val,6,07_ADIPOSE,7,08_EMPTY,5
d2nn_expert_global_N49_k49_L4_lr0.002_s27_recheck,d2nn_expert_global,49,49,27,val,7,08_EMPTY,0,01_TUMOR,0
d2nn_expert_global_N49_k49_L4_lr0.002_s27_recheck,d2nn_expert_global,49,49,27,val,7,08_EMPTY,1,02_STROMA,0
d2nn_expert_global_N49_k49_L4_lr0.002_s27_recheck,d2nn_expert_global,49,49,27,val,7,08_EMPTY,2,03_COMPLEX,0
d2nn_expert_global_N49_k49_L4_lr0.002_s27_recheck,d2nn_expert_global,49,49,27,val,7,08_EMPTY,3,04_LYMPHO,0
d2nn_expert_global_N49_k49_L4_lr0.002_s27_recheck,d2nn_expert_global,49,49,27,val,7,08_EMPTY,4,05_DEBRIS,0
d2nn_expert_global_N49_k49_L4_lr0.002_s27_recheck,d2nn_expert_global,49,49,27,val,7,08_EMPTY,5,06_MUCOSA,0
d2nn_expert_global_N49_k49_L4_lr0.002_s27_recheck,d2nn_expert_global,49,49,27,val,7,08_EMPTY,6,07_ADIPOSE,2
d2nn_expert_global_N49_k49_L4_lr0.002_s27_recheck,d2nn_expert_global,49,49,27,val,7,08_EMPTY,7,08_EMPTY,92
