run_name,experts,top_k,top_k_fraction,seed,split,expert_index,expert_grid_row,expert_grid_col,router_port_row,router_port_col,router_port_center_y_px,router_port_center_x_px,soft_probability_mean,hard_selection_fraction,distinct_selected_sets
moe_oeo_N4_k1_L4_lr0.002_s17,4,1,0.25,17,train,0,0,0,0,0,96.0,96.0,0.25267085433006287,0.2671624720096588,4
moe_oeo_N4_k1_L4_lr0.002_s17,4,1,0.25,17,train,1,0,1,0,1,96.0,128.0,0.23436564207077026,0.042620137333869934,4
moe_oeo_N4_k1_L4_lr0.002_s17,4,1,0.25,17,train,2,1,0,1,0,128.0,96.0,0.25627079606056213,0.2663043439388275,4
moe_oeo_N4_k1_L4_lr0.002_s17,4,1,0.25,17,train,3,1,1,1,1,128.0,128.0,0.25669267773628235,0.42391303181648254,4
moe_oeo_N4_k1_L4_lr0.002_s17,4,1,0.25,17,val,0,0,0,0,0,96.0,96.0,0.25304266810417175,0.2845744788646698,4
moe_oeo_N4_k1_L4_lr0.002_s17,4,1,0.25,17,val,1,0,1,0,1,96.0,128.0,0.23394617438316345,0.03989361599087715,4
moe_oeo_N4_k1_L4_lr0.002_s17,4,1,0.25,17,val,2,1,0,1,0,128.0,96.0,0.2556917369365692,0.26595744490623474,4
moe_oeo_N4_k1_L4_lr0.002_s17,4,1,0.25,17,val,3,1,1,1,1,128.0,128.0,0.2573194205760956,0.4095744788646698,4
moe_oeo_N4_k2_L4_lr0.002_s17,4,2,0.5,17,train,0,0,0,0,0,96.0,96.0,0.17758774757385254,0.017162472009658813,4
moe_oeo_N4_k2_L4_lr0.002_s17,4,2,0.5,17,train,1,0,1,0,1,96.0,128.0,0.1772627979516983,0.004290618002414703,4
moe_oeo_N4_k2_L4_lr0.002_s17,4,2,0.5,17,train,2,1,0,1,0,128.0,96.0,0.2594827711582184,0.9788329601287842,4
moe_oeo_N4_k2_L4_lr0.002_s17,4,2,0.5,17,train,3,1,1,1,1,128.0,128.0,0.38566669821739197,0.9997139573097229,4
moe_oeo_N4_k2_L4_lr0.002_s17,4,2,0.5,17,val,0,0,0,0,0,96.0,96.0,0.17749181389808655,0.014627659693360329,3
moe_oeo_N4_k2_L4_lr0.002_s17,4,2,0.5,17,val,1,0,1,0,1,96.0,128.0,0.17663684487342834,0.0013297871919348836,3
moe_oeo_N4_k2_L4_lr0.002_s17,4,2,0.5,17,val,2,1,0,1,0,128.0,96.0,0.25808897614479065,0.9840425252914429,3
moe_oeo_N4_k2_L4_lr0.002_s17,4,2,0.5,17,val,3,1,1,1,1,128.0,128.0,0.38778239488601685,1.0,3
moe_oeo_N4_k3_L4_lr0.002_s17,4,3,0.75,17,train,0,0,0,0,0,96.0,96.0,0.20193281769752502,0.9985697865486145,2
moe_oeo_N4_k3_L4_lr0.002_s17,4,3,0.75,17,train,1,0,1,0,1,96.0,128.0,0.1401064395904541,0.0014302060008049011,2
moe_oeo_N4_k3_L4_lr0.002_s17,4,3,0.75,17,train,2,1,0,1,0,128.0,96.0,0.27179425954818726,1.0,2
moe_oeo_N4_k3_L4_lr0.002_s17,4,3,0.75,17,train,3,1,1,1,1,128.0,128.0,0.38616642355918884,1.0,2
moe_oeo_N4_k3_L4_lr0.002_s17,4,3,0.75,17,val,0,0,0,0,0,96.0,96.0,0.20234477519989014,1.0,1
moe_oeo_N4_k3_L4_lr0.002_s17,4,3,0.75,17,val,1,0,1,0,1,96.0,128.0,0.1399427056312561,0.0,1
moe_oeo_N4_k3_L4_lr0.002_s17,4,3,0.75,17,val,2,1,0,1,0,128.0,96.0,0.27117517590522766,1.0,1
moe_oeo_N4_k3_L4_lr0.002_s17,4,3,0.75,17,val,3,1,1,1,1,128.0,128.0,0.3865373432636261,1.0,1
moe_oeo_N4_k4_L4_lr0.002_s17,4,4,1.0,17,train,0,0,0,0,0,96.0,96.0,0.19841518998146057,1.0,1
moe_oeo_N4_k4_L4_lr0.002_s17,4,4,1.0,17,train,1,0,1,0,1,96.0,128.0,0.20456106960773468,1.0,1
moe_oeo_N4_k4_L4_lr0.002_s17,4,4,1.0,17,train,2,1,0,1,0,128.0,96.0,0.26809588074684143,1.0,1
moe_oeo_N4_k4_L4_lr0.002_s17,4,4,1.0,17,train,3,1,1,1,1,128.0,128.0,0.32892781496047974,1.0,1
moe_oeo_N4_k4_L4_lr0.002_s17,4,4,1.0,17,val,0,0,0,0,0,96.0,96.0,0.19893813133239746,1.0,1
moe_oeo_N4_k4_L4_lr0.002_s17,4,4,1.0,17,val,1,0,1,0,1,96.0,128.0,0.2042287439107895,1.0,1
moe_oeo_N4_k4_L4_lr0.002_s17,4,4,1.0,17,val,2,1,0,1,0,128.0,96.0,0.26749372482299805,1.0,1
moe_oeo_N4_k4_L4_lr0.002_s17,4,4,1.0,17,val,3,1,1,1,1,128.0,128.0,0.3293393850326538,1.0,1
moe_oeo_N16_k1_L4_lr0.002_s17,16,1,0.0625,17,train,0,0,0,1,1,96.0,96.0,0.0658549889922142,0.1161327213048935,16
moe_oeo_N16_k1_L4_lr0.002_s17,16,1,0.0625,17,train,1,0,1,1,2,96.0,128.0,0.058890968561172485,0.019164759665727615,16
moe_oeo_N16_k1_L4_lr0.002_s17,16,1,0.0625,17,train,2,0,2,2,1,128.0,96.0,0.06611526012420654,0.09725400805473328,16
moe_oeo_N16_k1_L4_lr0.002_s17,16,1,0.0625,17,train,3,0,3,2,2,128.0,128.0,0.06273314356803894,0.028032036498188972,16
moe_oeo_N16_k1_L4_lr0.002_s17,16,1,0.0625,17,train,4,1,0,0,1,64.0,96.0,0.06598363816738129,0.10983981937170029,16
moe_oeo_N16_k1_L4_lr0.002_s17,16,1,0.0625,17,train,5,1,1,0,2,64.0,128.0,0.05421585962176323,0.0011441647075116634,16
moe_oeo_N16_k1_L4_lr0.002_s17,16,1,0.0625,17,train,6,1,2,1,0,96.0,64.0,0.058244433254003525,0.005434782709926367,16
moe_oeo_N16_k1_L4_lr0.002_s17,16,1,0.0625,17,train,7,1,3,1,3,96.0,160.0,0.05843539908528328,0.012299771420657635,16
moe_oeo_N16_k1_L4_lr0.002_s17,16,1,0.0625,17,train,8,2,0,2,0,128.0,64.0,0.0646139457821846,0.05005721002817154,16
moe_oeo_N16_k1_L4_lr0.002_s17,16,1,0.0625,17,train,9,2,1,2,3,128.0,160.0,0.06316971778869629,0.02517162449657917,16
moe_oeo_N16_k1_L4_lr0.002_s17,16,1,0.0625,17,train,10,2,2,3,1,160.0,96.0,0.06684702634811401,0.31664758920669556,16
moe_oeo_N16_k1_L4_lr0.002_s17,16,1,0.0625,17,train,11,2,3,3,2,160.0,128.0,0.06354182213544846,0.04147597402334213,16
moe_oeo_N16_k1_L4_lr0.002_s17,16,1,0.0625,17,train,12,3,0,0,0,64.0,64.0,0.06528890132904053,0.08524027466773987,16
moe_oeo_N16_k1_L4_lr0.002_s17,16,1,0.0625,17,train,13,3,1,0,3,64.0,160.0,0.05876747891306877,0.03546910732984543,16
moe_oeo_N16_k1_L4_lr0.002_s17,16,1,0.0625,17,train,14,3,2,3,0,160.0,64.0,0.06439779698848724,0.03861556202173233,16
moe_oeo_N16_k1_L4_lr0.002_s17,16,1,0.0625,17,train,15,3,3,3,3,160.0,160.0,0.06289959698915482,0.018020594492554665,16
moe_oeo_N16_k1_L4_lr0.002_s17,16,1,0.0625,17,val,0,0,0,1,1,96.0,96.0,0.06600871682167053,0.12101063877344131,15
moe_oeo_N16_k1_L4_lr0.002_s17,16,1,0.0625,17,val,1,0,1,1,2,96.0,128.0,0.05877912789583206,0.01595744676887989,15
moe_oeo_N16_k1_L4_lr0.002_s17,16,1,0.0625,17,val,2,0,2,2,1,128.0,96.0,0.06589554995298386,0.10372340679168701,15
moe_oeo_N16_k1_L4_lr0.002_s17,16,1,0.0625,17,val,3,0,3,2,2,128.0,128.0,0.0629454031586647,0.03191489353775978,15
moe_oeo_N16_k1_L4_lr0.002_s17,16,1,0.0625,17,val,4,1,0,0,1,64.0,96.0,0.06595306098461151,0.09574468433856964,15
moe_oeo_N16_k1_L4_lr0.002_s17,16,1,0.0625,17,val,5,1,1,0,2,64.0,128.0,0.05420349910855293,0.0,15
moe_oeo_N16_k1_L4_lr0.002_s17,16,1,0.0625,17,val,6,1,2,1,0,96.0,64.0,0.058480121195316315,0.007978723384439945,15
moe_oeo_N16_k1_L4_lr0.002_s17,16,1,0.0625,17,val,7,1,3,1,3,96.0,160.0,0.05866968259215355,0.0226063821464777,15
moe_oeo_N16_k1_L4_lr0.002_s17,16,1,0.0625,17,val,8,2,0,2,0,128.0,64.0,0.06470619142055511,0.04654255136847496,15
moe_oeo_N16_k1_L4_lr0.002_s17,16,1,0.0625,17,val,9,2,1,2,3,128.0,160.0,0.0631563737988472,0.017287233844399452,15
moe_oeo_N16_k1_L4_lr0.002_s17,16,1,0.0625,17,val,10,2,2,3,1,160.0,96.0,0.06641120463609695,0.31117022037506104,15
moe_oeo_N16_k1_L4_lr0.002_s17,16,1,0.0625,17,val,11,2,3,3,2,160.0,128.0,0.06348839402198792,0.03989361599087715,15
moe_oeo_N16_k1_L4_lr0.002_s17,16,1,0.0625,17,val,12,3,0,0,0,64.0,64.0,0.0654575303196907,0.0904255285859108,15
moe_oeo_N16_k1_L4_lr0.002_s17,16,1,0.0625,17,val,13,3,1,0,3,64.0,160.0,0.05872581526637077,0.03989361599087715,15
moe_oeo_N16_k1_L4_lr0.002_s17,16,1,0.0625,17,val,14,3,2,3,0,160.0,64.0,0.06418084353208542,0.03191489353775978,15
moe_oeo_N16_k1_L4_lr0.002_s17,16,1,0.0625,17,val,15,3,3,3,3,160.0,160.0,0.06293848901987076,0.02393617108464241,15
moe_oeo_N16_k4_L4_lr0.002_s17,16,4,0.25,17,train,0,0,0,1,1,96.0,96.0,0.06121138855814934,0.17362700402736664,112
moe_oeo_N16_k4_L4_lr0.002_s17,16,4,0.25,17,train,1,0,1,1,2,96.0,128.0,0.055929191410541534,0.03804347664117813,112
moe_oeo_N16_k4_L4_lr0.002_s17,16,4,0.25,17,train,2,0,2,2,1,128.0,96.0,0.09027235209941864,0.9882723093032837,112
moe_oeo_N16_k4_L4_lr0.002_s17,16,4,0.25,17,train,3,0,3,2,2,128.0,128.0,0.06035821884870529,0.07694508135318756,112
moe_oeo_N16_k4_L4_lr0.002_s17,16,4,0.25,17,train,4,1,0,0,1,64.0,96.0,0.06597288697957993,0.4030320346355438,112
moe_oeo_N16_k4_L4_lr0.002_s17,16,4,0.25,17,train,5,1,1,0,2,64.0,128.0,0.051503222435712814,0.002002288354560733,112
moe_oeo_N16_k4_L4_lr0.002_s17,16,4,0.25,17,train,6,1,2,1,0,96.0,64.0,0.055359456688165665,0.016018306836485863,112
moe_oeo_N16_k4_L4_lr0.002_s17,16,4,0.25,17,train,7,1,3,1,3,96.0,160.0,0.05551629140973091,0.021453090012073517,112
moe_oeo_N16_k4_L4_lr0.002_s17,16,4,0.25,17,train,8,2,0,2,0,128.0,64.0,0.06549092382192612,0.5609267950057983,112
moe_oeo_N16_k4_L4_lr0.002_s17,16,4,0.25,17,train,9,2,1,2,3,128.0,160.0,0.057851944118738174,0.007723112124949694,112
moe_oeo_N16_k4_L4_lr0.002_s17,16,4,0.25,17,train,10,2,2,3,1,160.0,96.0,0.08106491714715958,0.9877002239227295,112
moe_oeo_N16_k4_L4_lr0.002_s17,16,4,0.25,17,train,11,2,3,3,2,160.0,128.0,0.06034551560878754,0.06922196596860886,112
moe_oeo_N16_k4_L4_lr0.002_s17,16,4,0.25,17,train,12,3,0,0,0,64.0,64.0,0.059768300503492355,0.07322654128074646,112
moe_oeo_N16_k4_L4_lr0.002_s17,16,4,0.25,17,train,13,3,1,0,3,64.0,160.0,0.054727863520383835,0.00657894741743803,112
moe_oeo_N16_k4_L4_lr0.002_s17,16,4,0.25,17,train,14,3,2,3,0,160.0,64.0,0.06508424878120422,0.5429061651229858,112
moe_oeo_N16_k4_L4_lr0.002_s17,16,4,0.25,17,train,15,3,3,3,3,160.0,160.0,0.05954328179359436,0.03232265263795853,112
moe_oeo_N16_k4_L4_lr0.002_s17,16,4,0.25,17,val,0,0,0,1,1,96.0,96.0,0.0613212063908577,0.17553190886974335,67
moe_oeo_N16_k4_L4_lr0.002_s17,16,4,0.25,17,val,1,0,1,1,2,96.0,128.0,0.05584509298205376,0.03324468061327934,67
moe_oeo_N16_k4_L4_lr0.002_s17,16,4,0.25,17,val,2,0,2,2,1,128.0,96.0,0.09003549814224243,0.9840425252914429,67
moe_oeo_N16_k4_L4_lr0.002_s17,16,4,0.25,17,val,3,0,3,2,2,128.0,128.0,0.06056829169392586,0.07845744490623474,67
moe_oeo_N16_k4_L4_lr0.002_s17,16,4,0.25,17,val,4,1,0,0,1,64.0,96.0,0.06597501039505005,0.38031914830207825,67
moe_oeo_N16_k4_L4_lr0.002_s17,16,4,0.25,17,val,5,1,1,0,2,64.0,128.0,0.051506590098142624,0.002659574383869767,67
moe_oeo_N16_k4_L4_lr0.002_s17,16,4,0.25,17,val,6,1,2,1,0,96.0,64.0,0.05557967349886894,0.0226063821464777,67
moe_oeo_N16_k4_L4_lr0.002_s17,16,4,0.25,17,val,7,1,3,1,3,96.0,160.0,0.055728714913129807,0.03324468061327934,67
moe_oeo_N16_k4_L4_lr0.002_s17,16,4,0.25,17,val,8,2,0,2,0,128.0,64.0,0.06559271365404129,0.5492021441459656,67
moe_oeo_N16_k4_L4_lr0.002_s17,16,4,0.25,17,val,9,2,1,2,3,128.0,160.0,0.05784963071346283,0.009308510459959507,67
moe_oeo_N16_k4_L4_lr0.002_s17,16,4,0.25,17,val,10,2,2,3,1,160.0,96.0,0.08065293729305267,0.9853723645210266,67
moe_oeo_N16_k4_L4_lr0.002_s17,16,4,0.25,17,val,11,2,3,3,2,160.0,128.0,0.06030173599720001,0.08111701905727386,67
moe_oeo_N16_k4_L4_lr0.002_s17,16,4,0.25,17,val,12,3,0,0,0,64.0,64.0,0.05989404767751694,0.07845744490623474,67
moe_oeo_N16_k4_L4_lr0.002_s17,16,4,0.25,17,val,13,3,1,0,3,64.0,160.0,0.05469321087002754,0.003989361692219973,67
moe_oeo_N16_k4_L4_lr0.002_s17,16,4,0.25,17,val,14,3,2,3,0,160.0,64.0,0.0648619681596756,0.5478723645210266,67
moe_oeo_N16_k4_L4_lr0.002_s17,16,4,0.25,17,val,15,3,3,3,3,160.0,160.0,0.05959369242191315,0.034574467688798904,67
moe_oeo_N16_k8_L4_lr0.002_s17,16,8,0.5,17,train,0,0,0,1,1,96.0,96.0,0.06975984573364258,0.6856407523155212,272
moe_oeo_N16_k8_L4_lr0.002_s17,16,8,0.5,17,train,1,0,1,1,2,96.0,128.0,0.06062540039420128,0.44250571727752686,272
moe_oeo_N16_k8_L4_lr0.002_s17,16,8,0.5,17,train,2,0,2,2,1,128.0,96.0,0.06810528039932251,0.9393592476844788,272
moe_oeo_N16_k8_L4_lr0.002_s17,16,8,0.5,17,train,3,0,3,2,2,128.0,128.0,0.052897945046424866,0.03890160098671913,272
moe_oeo_N16_k8_L4_lr0.002_s17,16,8,0.5,17,train,4,1,0,0,1,64.0,96.0,0.07208896428346634,0.9722539782524109,272
moe_oeo_N16_k8_L4_lr0.002_s17,16,8,0.5,17,train,5,1,1,0,2,64.0,128.0,0.04909428954124451,0.009153317660093307,272
moe_oeo_N16_k8_L4_lr0.002_s17,16,8,0.5,17,train,6,1,2,1,0,96.0,64.0,0.05015753209590912,0.03604118898510933,272
moe_oeo_N16_k8_L4_lr0.002_s17,16,8,0.5,17,train,7,1,3,1,3,96.0,160.0,0.06156681478023529,0.4788329601287842,272
moe_oeo_N16_k8_L4_lr0.002_s17,16,8,0.5,17,train,8,2,0,2,0,128.0,64.0,0.06461883336305618,0.8463959097862244,272
moe_oeo_N16_k8_L4_lr0.002_s17,16,8,0.5,17,train,9,2,1,2,3,128.0,160.0,0.05210435763001442,0.020022884011268616,272
moe_oeo_N16_k8_L4_lr0.002_s17,16,8,0.5,17,train,10,2,2,3,1,160.0,96.0,0.08666802197694778,0.9997139573097229,272
moe_oeo_N16_k8_L4_lr0.002_s17,16,8,0.5,17,train,11,2,3,3,2,160.0,128.0,0.06549713760614395,0.883009135723114,272
moe_oeo_N16_k8_L4_lr0.002_s17,16,8,0.5,17,train,12,3,0,0,0,64.0,64.0,0.06992436200380325,0.7388443946838379,272
moe_oeo_N16_k8_L4_lr0.002_s17,16,8,0.5,17,train,13,3,1,0,3,64.0,160.0,0.06334491074085236,0.5403317809104919,272
moe_oeo_N16_k8_L4_lr0.002_s17,16,8,0.5,17,train,14,3,2,3,0,160.0,64.0,0.057704418897628784,0.264874130487442,272
moe_oeo_N16_k8_L4_lr0.002_s17,16,8,0.5,17,train,15,3,3,3,3,160.0,160.0,0.05584190413355827,0.10411899536848068,272
moe_oeo_N16_k8_L4_lr0.002_s17,16,8,0.5,17,val,0,0,0,1,1,96.0,96.0,0.07001005113124847,0.6848404407501221,124
moe_oeo_N16_k8_L4_lr0.002_s17,16,8,0.5,17,val,1,0,1,1,2,96.0,128.0,0.06053202226758003,0.44281914830207825,124
moe_oeo_N16_k8_L4_lr0.002_s17,16,8,0.5,17,val,2,0,2,2,1,128.0,96.0,0.0679120272397995,0.9428191781044006,124
moe_oeo_N16_k8_L4_lr0.002_s17,16,8,0.5,17,val,3,0,3,2,2,128.0,128.0,0.05302075669169426,0.04654255136847496,124
moe_oeo_N16_k8_L4_lr0.002_s17,16,8,0.5,17,val,4,1,0,0,1,64.0,96.0,0.07209081202745438,0.9667553305625916,124
moe_oeo_N16_k8_L4_lr0.002_s17,16,8,0.5,17,val,5,1,1,0,2,64.0,128.0,0.04908102750778198,0.011968085542321205,124
moe_oeo_N16_k8_L4_lr0.002_s17,16,8,0.5,17,val,6,1,2,1,0,96.0,64.0,0.0502907857298851,0.042553190141916275,124
moe_oeo_N16_k8_L4_lr0.002_s17,16,8,0.5,17,val,7,1,3,1,3,96.0,160.0,0.061805449426174164,0.478723406791687,124
moe_oeo_N16_k8_L4_lr0.002_s17,16,8,0.5,17,val,8,2,0,2,0,128.0,64.0,0.06475922465324402,0.8497340679168701,124
moe_oeo_N16_k8_L4_lr0.002_s17,16,8,0.5,17,val,9,2,1,2,3,128.0,160.0,0.05209994688630104,0.017287233844399452,124
moe_oeo_N16_k8_L4_lr0.002_s17,16,8,0.5,17,val,10,2,2,3,1,160.0,96.0,0.08597949892282486,1.0,124
moe_oeo_N16_k8_L4_lr0.002_s17,16,8,0.5,17,val,11,2,3,3,2,160.0,128.0,0.06544229388237,0.8789893388748169,124
moe_oeo_N16_k8_L4_lr0.002_s17,16,8,0.5,17,val,12,3,0,0,0,64.0,64.0,0.07025891542434692,0.7327127456665039,124
moe_oeo_N16_k8_L4_lr0.002_s17,16,8,0.5,17,val,13,3,1,0,3,64.0,160.0,0.0632658377289772,0.5438829660415649,124
moe_oeo_N16_k8_L4_lr0.002_s17,16,8,0.5,17,val,14,3,2,3,0,160.0,64.0,0.05756428465247154,0.24867020547389984,124
moe_oeo_N16_k8_L4_lr0.002_s17,16,8,0.5,17,val,15,3,3,3,3,160.0,160.0,0.05588708445429802,0.11170212924480438,124
moe_oeo_N16_k16_L4_lr0.002_s17,16,16,1.0,17,train,0,0,0,1,1,96.0,96.0,0.07570631057024002,1.0,1
moe_oeo_N16_k16_L4_lr0.002_s17,16,16,1.0,17,train,1,0,1,1,2,96.0,128.0,0.05714408680796623,1.0,1
moe_oeo_N16_k16_L4_lr0.002_s17,16,16,1.0,17,train,2,0,2,2,1,128.0,96.0,0.07290294021368027,1.0,1
moe_oeo_N16_k16_L4_lr0.002_s17,16,16,1.0,17,train,3,0,3,2,2,128.0,128.0,0.06119806692004204,1.0,1
moe_oeo_N16_k16_L4_lr0.002_s17,16,16,1.0,17,train,4,1,0,0,1,64.0,96.0,0.06320361793041229,1.0,1
moe_oeo_N16_k16_L4_lr0.002_s17,16,16,1.0,17,train,5,1,1,0,2,64.0,128.0,0.047098610550165176,1.0,1
moe_oeo_N16_k16_L4_lr0.002_s17,16,16,1.0,17,train,6,1,2,1,0,96.0,64.0,0.05251908302307129,1.0,1
moe_oeo_N16_k16_L4_lr0.002_s17,16,16,1.0,17,train,7,1,3,1,3,96.0,160.0,0.056678567081689835,1.0,1
moe_oeo_N16_k16_L4_lr0.002_s17,16,16,1.0,17,train,8,2,0,2,0,128.0,64.0,0.06633622944355011,1.0,1
moe_oeo_N16_k16_L4_lr0.002_s17,16,16,1.0,17,train,9,2,1,2,3,128.0,160.0,0.06137602776288986,1.0,1
moe_oeo_N16_k16_L4_lr0.002_s17,16,16,1.0,17,train,10,2,2,3,1,160.0,96.0,0.07821894437074661,1.0,1
moe_oeo_N16_k16_L4_lr0.002_s17,16,16,1.0,17,train,11,2,3,3,2,160.0,128.0,0.059688594192266464,1.0,1
moe_oeo_N16_k16_L4_lr0.002_s17,16,16,1.0,17,train,12,3,0,0,0,64.0,64.0,0.07090094685554504,1.0,1
moe_oeo_N16_k16_L4_lr0.002_s17,16,16,1.0,17,train,13,3,1,0,3,64.0,160.0,0.05683135613799095,1.0,1
moe_oeo_N16_k16_L4_lr0.002_s17,16,16,1.0,17,train,14,3,2,3,0,160.0,64.0,0.06076448783278465,1.0,1
moe_oeo_N16_k16_L4_lr0.002_s17,16,16,1.0,17,train,15,3,3,3,3,160.0,160.0,0.059432145208120346,1.0,1
moe_oeo_N16_k16_L4_lr0.002_s17,16,16,1.0,17,val,0,0,0,1,1,96.0,96.0,0.07592842727899551,1.0,1
moe_oeo_N16_k16_L4_lr0.002_s17,16,16,1.0,17,val,1,0,1,1,2,96.0,128.0,0.057027027010917664,1.0,1
moe_oeo_N16_k16_L4_lr0.002_s17,16,16,1.0,17,val,2,0,2,2,1,128.0,96.0,0.0727245956659317,1.0,1
moe_oeo_N16_k16_L4_lr0.002_s17,16,16,1.0,17,val,3,0,3,2,2,128.0,128.0,0.061377909034490585,1.0,1
moe_oeo_N16_k16_L4_lr0.002_s17,16,16,1.0,17,val,4,1,0,0,1,64.0,96.0,0.06317438930273056,1.0,1
moe_oeo_N16_k16_L4_lr0.002_s17,16,16,1.0,17,val,5,1,1,0,2,64.0,128.0,0.04709992557764053,1.0,1
moe_oeo_N16_k16_L4_lr0.002_s17,16,16,1.0,17,val,6,1,2,1,0,96.0,64.0,0.052687324583530426,1.0,1
moe_oeo_N16_k16_L4_lr0.002_s17,16,16,1.0,17,val,7,1,3,1,3,96.0,160.0,0.0568624846637249,1.0,1
moe_oeo_N16_k16_L4_lr0.002_s17,16,16,1.0,17,val,8,2,0,2,0,128.0,64.0,0.06646611541509628,1.0,1
moe_oeo_N16_k16_L4_lr0.002_s17,16,16,1.0,17,val,9,2,1,2,3,128.0,160.0,0.06130444258451462,1.0,1
moe_oeo_N16_k16_L4_lr0.002_s17,16,16,1.0,17,val,10,2,2,3,1,160.0,96.0,0.07771054655313492,1.0,1
moe_oeo_N16_k16_L4_lr0.002_s17,16,16,1.0,17,val,11,2,3,3,2,160.0,128.0,0.05962332338094711,1.0,1
moe_oeo_N16_k16_L4_lr0.002_s17,16,16,1.0,17,val,12,3,0,0,0,64.0,64.0,0.07122992724180222,1.0,1
moe_oeo_N16_k16_L4_lr0.002_s17,16,16,1.0,17,val,13,3,1,0,3,64.0,160.0,0.056778211146593094,1.0,1
moe_oeo_N16_k16_L4_lr0.002_s17,16,16,1.0,17,val,14,3,2,3,0,160.0,64.0,0.06054558977484703,1.0,1
moe_oeo_N16_k16_L4_lr0.002_s17,16,16,1.0,17,val,15,3,3,3,3,160.0,160.0,0.05945975333452225,1.0,1
moe_oeo_N25_k1_L4_lr0.002_s17,25,1,0.04,17,train,0,0,0,2,2,112.0,112.0,0.03867040574550629,0.0014302060008049011,24
moe_oeo_N25_k1_L4_lr0.002_s17,25,1,0.04,17,train,1,0,1,1,2,80.0,112.0,0.03895894065499306,0.003432494355365634,24
moe_oeo_N25_k1_L4_lr0.002_s17,25,1,0.04,17,train,2,0,2,2,1,112.0,80.0,0.0401260145008564,0.005434782709926367,24
moe_oeo_N25_k1_L4_lr0.002_s17,25,1,0.04,17,train,3,0,3,2,3,112.0,144.0,0.03774116560816765,0.0011441647075116634,24
moe_oeo_N25_k1_L4_lr0.002_s17,25,1,0.04,17,train,4,0,4,3,2,144.0,112.0,0.03841114416718483,0.002002288354560733,24
moe_oeo_N25_k1_L4_lr0.002_s17,25,1,0.04,17,train,5,1,0,1,1,80.0,80.0,0.042449627071619034,0.017448512837290764,24
moe_oeo_N25_k1_L4_lr0.002_s17,25,1,0.04,17,train,6,1,1,1,3,80.0,144.0,0.03826119378209114,0.011441648006439209,24
moe_oeo_N25_k1_L4_lr0.002_s17,25,1,0.04,17,train,7,1,2,3,1,144.0,80.0,0.04219873622059822,0.017448512837290764,24
moe_oeo_N25_k1_L4_lr0.002_s17,25,1,0.04,17,train,8,1,3,3,3,144.0,144.0,0.04066042602062225,0.009725400246679783,24
moe_oeo_N25_k1_L4_lr0.002_s17,25,1,0.04,17,train,9,1,4,0,2,48.0,112.0,0.038924429565668106,0.003432494355365634,24
moe_oeo_N25_k1_L4_lr0.002_s17,25,1,0.04,17,train,10,2,0,2,0,112.0,48.0,0.040304720401763916,0.005434782709926367,24
moe_oeo_N25_k1_L4_lr0.002_s17,25,1,0.04,17,train,11,2,1,2,4,112.0,176.0,0.0401567667722702,0.008009153418242931,24
moe_oeo_N25_k1_L4_lr0.002_s17,25,1,0.04,17,train,12,2,2,4,2,176.0,112.0,0.03626619651913643,0.0,24
moe_oeo_N25_k1_L4_lr0.002_s17,25,1,0.04,17,train,13,2,3,0,1,48.0,80.0,0.05332212150096893,0.820652186870575,24
moe_oeo_N25_k1_L4_lr0.002_s17,25,1,0.04,17,train,14,2,4,0,3,48.0,144.0,0.03756045922636986,0.0028604120016098022,24
moe_oeo_N25_k1_L4_lr0.002_s17,25,1,0.04,17,train,15,3,0,1,0,80.0,48.0,0.04143030196428299,0.011155606247484684,24
moe_oeo_N25_k1_L4_lr0.002_s17,25,1,0.04,17,train,16,3,1,1,4,80.0,176.0,0.038135092705488205,0.005434782709926367,24
moe_oeo_N25_k1_L4_lr0.002_s17,25,1,0.04,17,train,17,3,2,3,0,144.0,48.0,0.04335419088602066,0.056350115686655045,24
moe_oeo_N25_k1_L4_lr0.002_s17,25,1,0.04,17,train,18,3,3,3,4,144.0,176.0,0.041040003299713135,0.003432494355365634,24
moe_oeo_N25_k1_L4_lr0.002_s17,25,1,0.04,17,train,19,3,4,4,1,176.0,80.0,0.03868289291858673,0.0011441647075116634,24
moe_oeo_N25_k1_L4_lr0.002_s17,25,1,0.04,17,train,20,4,0,4,3,176.0,144.0,0.03830612450838089,0.0028604120016098022,24
moe_oeo_N25_k1_L4_lr0.002_s17,25,1,0.04,17,train,21,4,1,0,0,48.0,48.0,0.04108097404241562,0.0057208240032196045,24
moe_oeo_N25_k1_L4_lr0.002_s17,25,1,0.04,17,train,22,4,2,0,4,48.0,176.0,0.037502240389585495,0.00028604117687791586,24
moe_oeo_N25_k1_L4_lr0.002_s17,25,1,0.04,17,train,23,4,3,4,0,176.0,48.0,0.03838729485869408,0.0031464530620723963,24
moe_oeo_N25_k1_L4_lr0.002_s17,25,1,0.04,17,train,24,4,4,4,4,176.0,176.0,0.03806854411959648,0.0005720823537558317,24
moe_oeo_N25_k1_L4_lr0.002_s17,25,1,0.04,17,val,0,0,0,2,2,112.0,112.0,0.03865060582756996,0.002659574383869767,19
moe_oeo_N25_k1_L4_lr0.002_s17,25,1,0.04,17,val,1,0,1,1,2,80.0,112.0,0.038822099566459656,0.0013297871919348836,19
moe_oeo_N25_k1_L4_lr0.002_s17,25,1,0.04,17,val,2,0,2,2,1,112.0,80.0,0.04015934094786644,0.003989361692219973,19
moe_oeo_N25_k1_L4_lr0.002_s17,25,1,0.04,17,val,3,0,3,2,3,112.0,144.0,0.03771883249282837,0.0013297871919348836,19
moe_oeo_N25_k1_L4_lr0.002_s17,25,1,0.04,17,val,4,0,4,3,2,144.0,112.0,0.03832750394940376,0.0,19
moe_oeo_N25_k1_L4_lr0.002_s17,25,1,0.04,17,val,5,1,0,1,1,80.0,80.0,0.042633604258298874,0.010638297535479069,19
moe_oeo_N25_k1_L4_lr0.002_s17,25,1,0.04,17,val,6,1,1,1,3,80.0,144.0,0.03825119882822037,0.018617020919919014,19
moe_oeo_N25_k1_L4_lr0.002_s17,25,1,0.04,17,val,7,1,2,3,1,144.0,80.0,0.042180150747299194,0.025265958160161972,19
moe_oeo_N25_k1_L4_lr0.002_s17,25,1,0.04,17,val,8,1,3,3,3,144.0,144.0,0.04081839323043823,0.009308510459959507,19
moe_oeo_N25_k1_L4_lr0.002_s17,25,1,0.04,17,val,9,1,4,0,2,48.0,112.0,0.03896043822169304,0.005319148767739534,19
moe_oeo_N25_k1_L4_lr0.002_s17,25,1,0.04,17,val,10,2,0,2,0,112.0,48.0,0.040289875119924545,0.007978723384439945,19
moe_oeo_N25_k1_L4_lr0.002_s17,25,1,0.04,17,val,11,2,1,2,4,112.0,176.0,0.040153052657842636,0.009308510459959507,19
moe_oeo_N25_k1_L4_lr0.002_s17,25,1,0.04,17,val,12,2,2,4,2,176.0,112.0,0.036141861230134964,0.0,19
moe_oeo_N25_k1_L4_lr0.002_s17,25,1,0.04,17,val,13,2,3,0,1,48.0,80.0,0.05347369238734245,0.813829779624939,19
moe_oeo_N25_k1_L4_lr0.002_s17,25,1,0.04,17,val,14,2,4,0,3,48.0,144.0,0.037572216242551804,0.003989361692219973,19
moe_oeo_N25_k1_L4_lr0.002_s17,25,1,0.04,17,val,15,3,0,1,0,80.0,48.0,0.04181467369198799,0.01595744676887989,19
moe_oeo_N25_k1_L4_lr0.002_s17,25,1,0.04,17,val,16,3,1,1,4,80.0,176.0,0.038063894957304,0.002659574383869767,19
moe_oeo_N25_k1_L4_lr0.002_s17,25,1,0.04,17,val,17,3,2,3,0,144.0,48.0,0.04343155026435852,0.05718085169792175,19
moe_oeo_N25_k1_L4_lr0.002_s17,25,1,0.04,17,val,18,3,3,3,4,144.0,176.0,0.04106218367815018,0.002659574383869767,19
moe_oeo_N25_k1_L4_lr0.002_s17,25,1,0.04,17,val,19,3,4,4,1,176.0,80.0,0.038373809307813644,0.0,19
moe_oeo_N25_k1_L4_lr0.002_s17,25,1,0.04,17,val,20,4,0,4,3,176.0,144.0,0.038334302604198456,0.003989361692219973,19
moe_oeo_N25_k1_L4_lr0.002_s17,25,1,0.04,17,val,21,4,1,0,0,48.0,48.0,0.041134465485811234,0.003989361692219973,19
moe_oeo_N25_k1_L4_lr0.002_s17,25,1,0.04,17,val,22,4,2,0,4,48.0,176.0,0.03737447038292885,0.0,19
moe_oeo_N25_k1_L4_lr0.002_s17,25,1,0.04,17,val,23,4,3,4,0,176.0,48.0,0.038299042731523514,0.0,19
moe_oeo_N25_k1_L4_lr0.002_s17,25,1,0.04,17,val,24,4,4,4,4,176.0,176.0,0.03795875236392021,0.0,19
moe_oeo_N25_k6_L4_lr0.002_s17,25,6,0.24,17,train,0,0,0,2,2,112.0,112.0,0.03835873305797577,0.1252860426902771,881
moe_oeo_N25_k6_L4_lr0.002_s17,25,6,0.24,17,train,1,0,1,1,2,80.0,112.0,0.036556754261255264,0.032608695328235626,881
moe_oeo_N25_k6_L4_lr0.002_s17,25,6,0.24,17,train,2,0,2,2,1,112.0,80.0,0.04047210514545441,0.45938214659690857,881
moe_oeo_N25_k6_L4_lr0.002_s17,25,6,0.24,17,train,3,0,3,2,3,112.0,144.0,0.03618352860212326,0.02745995484292507,881
moe_oeo_N25_k6_L4_lr0.002_s17,25,6,0.24,17,train,4,0,4,3,2,144.0,112.0,0.037608802318573,0.08323798328638077,881
moe_oeo_N25_k6_L4_lr0.002_s17,25,6,0.24,17,train,5,1,0,1,1,80.0,80.0,0.040263522416353226,0.3984553813934326,881
moe_oeo_N25_k6_L4_lr0.002_s17,25,6,0.24,17,train,6,1,1,1,3,80.0,144.0,0.04080523923039436,0.44622424244880676,881
moe_oeo_N25_k6_L4_lr0.002_s17,25,6,0.24,17,train,7,1,2,3,1,144.0,80.0,0.06752399355173111,1.0,881
moe_oeo_N25_k6_L4_lr0.002_s17,25,6,0.24,17,train,8,1,3,3,3,144.0,144.0,0.037753019481897354,0.09067505598068237,881
moe_oeo_N25_k6_L4_lr0.002_s17,25,6,0.24,17,train,9,1,4,0,2,48.0,112.0,0.03730916231870651,0.06149885430932045,881
moe_oeo_N25_k6_L4_lr0.002_s17,25,6,0.24,17,train,10,2,0,2,0,112.0,48.0,0.039833880960941315,0.3449656665325165,881
moe_oeo_N25_k6_L4_lr0.002_s17,25,6,0.24,17,train,11,2,1,2,4,112.0,176.0,0.03714296966791153,0.2414187639951706,881
moe_oeo_N25_k6_L4_lr0.002_s17,25,6,0.24,17,train,12,2,2,4,2,176.0,112.0,0.03528079017996788,0.016018306836485863,881
moe_oeo_N25_k6_L4_lr0.002_s17,25,6,0.24,17,train,13,2,3,0,1,48.0,80.0,0.06658237427473068,0.9982837438583374,881
moe_oeo_N25_k6_L4_lr0.002_s17,25,6,0.24,17,train,14,2,4,0,3,48.0,144.0,0.03486061841249466,0.015732266008853912,881
moe_oeo_N25_k6_L4_lr0.002_s17,25,6,0.24,17,train,15,3,0,1,0,80.0,48.0,0.03854672983288765,0.2502860426902771,881
moe_oeo_N25_k6_L4_lr0.002_s17,25,6,0.24,17,train,16,3,1,1,4,80.0,176.0,0.03443083167076111,0.006006864830851555,881
moe_oeo_N25_k6_L4_lr0.002_s17,25,6,0.24,17,train,17,3,2,3,0,144.0,48.0,0.03909504786133766,0.2723112106323242,881
moe_oeo_N25_k6_L4_lr0.002_s17,25,6,0.24,17,train,18,3,3,3,4,144.0,176.0,0.04031376540660858,0.5397597551345825,881
moe_oeo_N25_k6_L4_lr0.002_s17,25,6,0.24,17,train,19,3,4,4,1,176.0,80.0,0.037050340324640274,0.07551487535238266,881
moe_oeo_N25_k6_L4_lr0.002_s17,25,6,0.24,17,train,20,4,0,4,3,176.0,144.0,0.03728930279612541,0.05406178534030914,881
moe_oeo_N25_k6_L4_lr0.002_s17,25,6,0.24,17,train,21,4,1,0,0,48.0,48.0,0.0354963019490242,0.02574370801448822,881
moe_oeo_N25_k6_L4_lr0.002_s17,25,6,0.24,17,train,22,4,2,0,4,48.0,176.0,0.03595997765660286,0.2437070906162262,881
moe_oeo_N25_k6_L4_lr0.002_s17,25,6,0.24,17,train,23,4,3,4,0,176.0,48.0,0.0379936546087265,0.1321510225534439,881
moe_oeo_N25_k6_L4_lr0.002_s17,25,6,0.24,17,train,24,4,4,4,4,176.0,176.0,0.03728855401277542,0.05921052768826485,881
moe_oeo_N25_k6_L4_lr0.002_s17,25,6,0.24,17,val,0,0,0,2,2,112.0,112.0,0.038344305008649826,0.11170212924480438,322
moe_oeo_N25_k6_L4_lr0.002_s17,25,6,0.24,17,val,1,0,1,1,2,80.0,112.0,0.03644943609833717,0.03324468061327934,322
moe_oeo_N25_k6_L4_lr0.002_s17,25,6,0.24,17,val,2,0,2,2,1,112.0,80.0,0.04052581638097763,0.44547873735427856,322
moe_oeo_N25_k6_L4_lr0.002_s17,25,6,0.24,17,val,3,0,3,2,3,112.0,144.0,0.036162592470645905,0.03324468061327934,322
moe_oeo_N25_k6_L4_lr0.002_s17,25,6,0.24,17,val,4,0,4,3,2,144.0,112.0,0.037539124488830566,0.08643616735935211,322
moe_oeo_N25_k6_L4_lr0.002_s17,25,6,0.24,17,val,5,1,0,1,1,80.0,80.0,0.04041292890906334,0.4029255211353302,322
moe_oeo_N25_k6_L4_lr0.002_s17,25,6,0.24,17,val,6,1,1,1,3,80.0,144.0,0.04078589752316475,0.4507978856563568,322
moe_oeo_N25_k6_L4_lr0.002_s17,25,6,0.24,17,val,7,1,2,3,1,144.0,80.0,0.06737028062343597,1.0,322
moe_oeo_N25_k6_L4_lr0.002_s17,25,6,0.24,17,val,8,1,3,3,3,144.0,144.0,0.0378815196454525,0.0970744714140892,322
moe_oeo_N25_k6_L4_lr0.002_s17,25,6,0.24,17,val,9,1,4,0,2,48.0,112.0,0.037347640842199326,0.06382978707551956,322
moe_oeo_N25_k6_L4_lr0.002_s17,25,6,0.24,17,val,10,2,0,2,0,112.0,48.0,0.03981819376349449,0.33510637283325195,322
moe_oeo_N25_k6_L4_lr0.002_s17,25,6,0.24,17,val,11,2,1,2,4,112.0,176.0,0.03713912144303322,0.23670212924480438,322
moe_oeo_N25_k6_L4_lr0.002_s17,25,6,0.24,17,val,12,2,2,4,2,176.0,112.0,0.03516263887286186,0.01595744676887989,322
moe_oeo_N25_k6_L4_lr0.002_s17,25,6,0.24,17,val,13,2,3,0,1,48.0,80.0,0.06696000695228577,0.9973404407501221,322
moe_oeo_N25_k6_L4_lr0.002_s17,25,6,0.24,17,val,14,2,4,0,3,48.0,144.0,0.034859612584114075,0.01595744676887989,322
moe_oeo_N25_k6_L4_lr0.002_s17,25,6,0.24,17,val,15,3,0,1,0,80.0,48.0,0.03885144740343094,0.2805851101875305,322
moe_oeo_N25_k6_L4_lr0.002_s17,25,6,0.24,17,val,16,3,1,1,4,80.0,176.0,0.034378163516521454,0.003989361692219973,322
moe_oeo_N25_k6_L4_lr0.002_s17,25,6,0.24,17,val,17,3,2,3,0,144.0,48.0,0.039144113659858704,0.27925533056259155,322
moe_oeo_N25_k6_L4_lr0.002_s17,25,6,0.24,17,val,18,3,3,3,4,144.0,176.0,0.040342118591070175,0.539893627166748,322
moe_oeo_N25_k6_L4_lr0.002_s17,25,6,0.24,17,val,19,3,4,4,1,176.0,80.0,0.03676146641373634,0.06515957415103912,322
moe_oeo_N25_k6_L4_lr0.002_s17,25,6,0.24,17,val,20,4,0,4,3,176.0,144.0,0.03732181712985039,0.050531916320323944,322
moe_oeo_N25_k6_L4_lr0.002_s17,25,6,0.24,17,val,21,4,1,0,0,48.0,48.0,0.03550945222377777,0.021276595070958138,322
moe_oeo_N25_k6_L4_lr0.002_s17,25,6,0.24,17,val,22,4,2,0,4,48.0,176.0,0.03583811596035957,0.24734042584896088,322
moe_oeo_N25_k6_L4_lr0.002_s17,25,6,0.24,17,val,23,4,3,4,0,176.0,48.0,0.037914544343948364,0.13031914830207825,322
moe_oeo_N25_k6_L4_lr0.002_s17,25,6,0.24,17,val,24,4,4,4,4,176.0,176.0,0.03717964142560959,0.05585106462240219,322
moe_oeo_N25_k12_L4_lr0.002_s17,25,12,0.48,17,train,0,0,0,2,2,112.0,112.0,0.03760664165019989,0.5389016270637512,1945
moe_oeo_N25_k12_L4_lr0.002_s17,25,12,0.48,17,train,1,0,1,1,2,80.0,112.0,0.03619937598705292,0.17419908940792084,1945
moe_oeo_N25_k12_L4_lr0.002_s17,25,12,0.48,17,train,2,0,2,2,1,112.0,80.0,0.03908902779221535,0.6390160322189331,1945
moe_oeo_N25_k12_L4_lr0.002_s17,25,12,0.48,17,train,3,0,3,2,3,112.0,144.0,0.03637238219380379,0.3552631437778473,1945
moe_oeo_N25_k12_L4_lr0.002_s17,25,12,0.48,17,train,4,0,4,3,2,144.0,112.0,0.037189602851867676,0.29462242126464844,1945
moe_oeo_N25_k12_L4_lr0.002_s17,25,12,0.48,17,train,5,1,0,1,1,80.0,80.0,0.03946802020072937,0.5703661441802979,1945
moe_oeo_N25_k12_L4_lr0.002_s17,25,12,0.48,17,train,6,1,1,1,3,80.0,144.0,0.04140251502394676,0.606121301651001,1945
moe_oeo_N25_k12_L4_lr0.002_s17,25,12,0.48,17,train,7,1,2,3,1,144.0,80.0,0.07677615433931351,1.0,1945
moe_oeo_N25_k12_L4_lr0.002_s17,25,12,0.48,17,train,8,1,3,3,3,144.0,144.0,0.04097249358892441,0.8964530825614929,1945
moe_oeo_N25_k12_L4_lr0.002_s17,25,12,0.48,17,train,9,1,4,0,2,48.0,112.0,0.03784962370991707,0.5792334079742432,1945
moe_oeo_N25_k12_L4_lr0.002_s17,25,12,0.48,17,train,10,2,0,2,0,112.0,48.0,0.039287541061639786,0.6859267950057983,1945
moe_oeo_N25_k12_L4_lr0.002_s17,25,12,0.48,17,train,11,2,1,2,4,112.0,176.0,0.0370086207985878,0.40646451711654663,1945
moe_oeo_N25_k12_L4_lr0.002_s17,25,12,0.48,17,train,12,2,2,4,2,176.0,112.0,0.03341532126069069,0.02316933684051037,1945
moe_oeo_N25_k12_L4_lr0.002_s17,25,12,0.48,17,train,13,2,3,0,1,48.0,80.0,0.05783895403146744,1.0,1945
moe_oeo_N25_k12_L4_lr0.002_s17,25,12,0.48,17,train,14,2,4,0,3,48.0,144.0,0.035287175327539444,0.29347825050354004,1945
moe_oeo_N25_k12_L4_lr0.002_s17,25,12,0.48,17,train,15,3,0,1,0,80.0,48.0,0.03931576386094093,0.551487386226654,1945
moe_oeo_N25_k12_L4_lr0.002_s17,25,12,0.48,17,train,16,3,1,1,4,80.0,176.0,0.03540227562189102,0.30434781312942505,1945
moe_oeo_N25_k12_L4_lr0.002_s17,25,12,0.48,17,train,17,3,2,3,0,144.0,48.0,0.03771699592471123,0.42562928795814514,1945
moe_oeo_N25_k12_L4_lr0.002_s17,25,12,0.48,17,train,18,3,3,3,4,144.0,176.0,0.041364166885614395,0.9044622182846069,1945
moe_oeo_N25_k12_L4_lr0.002_s17,25,12,0.48,17,train,19,3,4,4,1,176.0,80.0,0.037382591515779495,0.3515446186065674,1945
moe_oeo_N25_k12_L4_lr0.002_s17,25,12,0.48,17,train,20,4,0,4,3,176.0,144.0,0.0362204909324646,0.14359267055988312,1945
moe_oeo_N25_k12_L4_lr0.002_s17,25,12,0.48,17,train,21,4,1,0,0,48.0,48.0,0.03821691870689392,0.4716819226741791,1945
moe_oeo_N25_k12_L4_lr0.002_s17,25,12,0.48,17,train,22,4,2,0,4,48.0,176.0,0.0348890982568264,0.2657322585582733,1945
moe_oeo_N25_k12_L4_lr0.002_s17,25,12,0.48,17,train,23,4,3,4,0,176.0,48.0,0.037044379860162735,0.30406177043914795,1945
moe_oeo_N25_k12_L4_lr0.002_s17,25,12,0.48,17,train,24,4,4,4,4,176.0,176.0,0.03668387606739998,0.21424485743045807,1945
moe_oeo_N25_k12_L4_lr0.002_s17,25,12,0.48,17,val,0,0,0,2,2,112.0,112.0,0.037599820643663406,0.563829779624939,518
moe_oeo_N25_k12_L4_lr0.002_s17,25,12,0.48,17,val,1,0,1,1,2,80.0,112.0,0.03609360381960869,0.16090425848960876,518
moe_oeo_N25_k12_L4_lr0.002_s17,25,12,0.48,17,val,2,0,2,2,1,112.0,80.0,0.039135005325078964,0.6569148898124695,518
moe_oeo_N25_k12_L4_lr0.002_s17,25,12,0.48,17,val,3,0,3,2,3,112.0,144.0,0.03635575994849205,0.34973403811454773,518
moe_oeo_N25_k12_L4_lr0.002_s17,25,12,0.48,17,val,4,0,4,3,2,144.0,112.0,0.037121716886758804,0.291223406791687,518
moe_oeo_N25_k12_L4_lr0.002_s17,25,12,0.48,17,val,5,1,0,1,1,80.0,80.0,0.039616700261831284,0.5744680762290955,518
moe_oeo_N25_k12_L4_lr0.002_s17,25,12,0.48,17,val,6,1,1,1,3,80.0,144.0,0.041379161179065704,0.5864361524581909,518
moe_oeo_N25_k12_L4_lr0.002_s17,25,12,0.48,17,val,7,1,2,3,1,144.0,80.0,0.07661053538322449,1.0,518
moe_oeo_N25_k12_L4_lr0.002_s17,25,12,0.48,17,val,8,1,3,3,3,144.0,144.0,0.041141703724861145,0.9015957713127136,518
moe_oeo_N25_k12_L4_lr0.002_s17,25,12,0.48,17,val,9,1,4,0,2,48.0,112.0,0.03789101913571358,0.585106372833252,518
moe_oeo_N25_k12_L4_lr0.002_s17,25,12,0.48,17,val,10,2,0,2,0,112.0,48.0,0.03927619010210037,0.6529255509376526,518
moe_oeo_N25_k12_L4_lr0.002_s17,25,12,0.48,17,val,11,2,1,2,4,112.0,176.0,0.03701348602771759,0.4135638177394867,518
moe_oeo_N25_k12_L4_lr0.002_s17,25,12,0.48,17,val,12,2,2,4,2,176.0,112.0,0.03331981226801872,0.0226063821464777,518
moe_oeo_N25_k12_L4_lr0.002_s17,25,12,0.48,17,val,13,2,3,0,1,48.0,80.0,0.058073047548532486,1.0,518
moe_oeo_N25_k12_L4_lr0.002_s17,25,12,0.48,17,val,14,2,4,0,3,48.0,144.0,0.03529367968440056,0.30319148302078247,518
moe_oeo_N25_k12_L4_lr0.002_s17,25,12,0.48,17,val,15,3,0,1,0,80.0,48.0,0.039673902094364166,0.5651595592498779,518
moe_oeo_N25_k12_L4_lr0.002_s17,25,12,0.48,17,val,16,3,1,1,4,80.0,176.0,0.03533807024359703,0.3151595890522003,518
moe_oeo_N25_k12_L4_lr0.002_s17,25,12,0.48,17,val,17,3,2,3,0,144.0,48.0,0.03775651007890701,0.41489362716674805,518
moe_oeo_N25_k12_L4_lr0.002_s17,25,12,0.48,17,val,18,3,3,3,4,144.0,176.0,0.04139012098312378,0.8922872543334961,518
moe_oeo_N25_k12_L4_lr0.002_s17,25,12,0.48,17,val,19,3,4,4,1,176.0,80.0,0.03708363696932793,0.32047873735427856,518
moe_oeo_N25_k12_L4_lr0.002_s17,25,12,0.48,17,val,20,4,0,4,3,176.0,144.0,0.0362478531897068,0.15691488981246948,518
moe_oeo_N25_k12_L4_lr0.002_s17,25,12,0.48,17,val,21,4,1,0,0,48.0,48.0,0.038265377283096313,0.4933510720729828,518
moe_oeo_N25_k12_L4_lr0.002_s17,25,12,0.48,17,val,22,4,2,0,4,48.0,176.0,0.0347774475812912,0.2632978856563568,518
moe_oeo_N25_k12_L4_lr0.002_s17,25,12,0.48,17,val,23,4,3,4,0,176.0,48.0,0.03696538135409355,0.30319148302078247,518
moe_oeo_N25_k12_L4_lr0.002_s17,25,12,0.48,17,val,24,4,4,4,4,176.0,176.0,0.03658043593168259,0.21276596188545227,518
moe_oeo_N25_k25_L4_lr0.002_s17,25,25,1.0,17,train,0,0,0,2,2,112.0,112.0,0.03866453096270561,1.0,1
moe_oeo_N25_k25_L4_lr0.002_s17,25,25,1.0,17,train,1,0,1,1,2,80.0,112.0,0.03697057068347931,1.0,1
moe_oeo_N25_k25_L4_lr0.002_s17,25,25,1.0,17,train,2,0,2,2,1,112.0,80.0,0.03692110627889633,1.0,1
moe_oeo_N25_k25_L4_lr0.002_s17,25,25,1.0,17,train,3,0,3,2,3,112.0,144.0,0.034944143146276474,1.0,1
moe_oeo_N25_k25_L4_lr0.002_s17,25,25,1.0,17,train,4,0,4,3,2,144.0,112.0,0.035236239433288574,1.0,1
moe_oeo_N25_k25_L4_lr0.002_s17,25,25,1.0,17,train,5,1,0,1,1,80.0,80.0,0.05436035990715027,1.0,1
moe_oeo_N25_k25_L4_lr0.002_s17,25,25,1.0,17,train,6,1,1,1,3,80.0,144.0,0.03906123340129852,1.0,1
moe_oeo_N25_k25_L4_lr0.002_s17,25,25,1.0,17,train,7,1,2,3,1,144.0,80.0,0.042414527386426926,1.0,1
moe_oeo_N25_k25_L4_lr0.002_s17,25,25,1.0,17,train,8,1,3,3,3,144.0,144.0,0.040553171187639236,1.0,1
moe_oeo_N25_k25_L4_lr0.002_s17,25,25,1.0,17,train,9,1,4,0,2,48.0,112.0,0.03818856179714203,1.0,1
moe_oeo_N25_k25_L4_lr0.002_s17,25,25,1.0,17,train,10,2,0,2,0,112.0,48.0,0.03857922554016113,1.0,1
moe_oeo_N25_k25_L4_lr0.002_s17,25,25,1.0,17,train,11,2,1,2,4,112.0,176.0,0.04026196897029877,1.0,1
moe_oeo_N25_k25_L4_lr0.002_s17,25,25,1.0,17,train,12,2,2,4,2,176.0,112.0,0.029464883729815483,1.0,1
moe_oeo_N25_k25_L4_lr0.002_s17,25,25,1.0,17,train,13,2,3,0,1,48.0,80.0,0.05832620710134506,1.0,1
moe_oeo_N25_k25_L4_lr0.002_s17,25,25,1.0,17,train,14,2,4,0,3,48.0,144.0,0.034973304718732834,1.0,1
moe_oeo_N25_k25_L4_lr0.002_s17,25,25,1.0,17,train,15,3,0,1,0,80.0,48.0,0.04788712412118912,1.0,1
moe_oeo_N25_k25_L4_lr0.002_s17,25,25,1.0,17,train,16,3,1,1,4,80.0,176.0,0.0379423089325428,1.0,1
moe_oeo_N25_k25_L4_lr0.002_s17,25,25,1.0,17,train,17,3,2,3,0,144.0,48.0,0.04520552605390549,1.0,1
moe_oeo_N25_k25_L4_lr0.002_s17,25,25,1.0,17,train,18,3,3,3,4,144.0,176.0,0.042052604258060455,1.0,1
moe_oeo_N25_k25_L4_lr0.002_s17,25,25,1.0,17,train,19,3,4,4,1,176.0,80.0,0.03655913472175598,1.0,1
moe_oeo_N25_k25_L4_lr0.002_s17,25,25,1.0,17,train,20,4,0,4,3,176.0,144.0,0.04085833206772804,1.0,1
moe_oeo_N25_k25_L4_lr0.002_s17,25,25,1.0,17,train,21,4,1,0,0,48.0,48.0,0.04146276041865349,1.0,1
moe_oeo_N25_k25_L4_lr0.002_s17,25,25,1.0,17,train,22,4,2,0,4,48.0,176.0,0.03622003644704819,1.0,1
moe_oeo_N25_k25_L4_lr0.002_s17,25,25,1.0,17,train,23,4,3,4,0,176.0,48.0,0.036270979791879654,1.0,1
moe_oeo_N25_k25_L4_lr0.002_s17,25,25,1.0,17,train,24,4,4,4,4,176.0,176.0,0.03662116453051567,1.0,1
moe_oeo_N25_k25_L4_lr0.002_s17,25,25,1.0,17,val,0,0,0,2,2,112.0,112.0,0.03860238194465637,1.0,1
moe_oeo_N25_k25_L4_lr0.002_s17,25,25,1.0,17,val,1,0,1,1,2,80.0,112.0,0.03680318593978882,1.0,1
moe_oeo_N25_k25_L4_lr0.002_s17,25,25,1.0,17,val,2,0,2,2,1,112.0,80.0,0.03691960126161575,1.0,1
moe_oeo_N25_k25_L4_lr0.002_s17,25,25,1.0,17,val,3,0,3,2,3,112.0,144.0,0.034894704818725586,1.0,1
moe_oeo_N25_k25_L4_lr0.002_s17,25,25,1.0,17,val,4,0,4,3,2,144.0,112.0,0.035130731761455536,1.0,1
moe_oeo_N25_k25_L4_lr0.002_s17,25,25,1.0,17,val,5,1,0,1,1,80.0,80.0,0.05478684976696968,1.0,1
moe_oeo_N25_k25_L4_lr0.002_s17,25,25,1.0,17,val,6,1,1,1,3,80.0,144.0,0.0390186533331871,1.0,1
moe_oeo_N25_k25_L4_lr0.002_s17,25,25,1.0,17,val,7,1,2,3,1,144.0,80.0,0.0423038974404335,1.0,1
moe_oeo_N25_k25_L4_lr0.002_s17,25,25,1.0,17,val,8,1,3,3,3,144.0,144.0,0.040644071996212006,1.0,1
moe_oeo_N25_k25_L4_lr0.002_s17,25,25,1.0,17,val,9,1,4,0,2,48.0,112.0,0.03819547966122627,1.0,1
moe_oeo_N25_k25_L4_lr0.002_s17,25,25,1.0,17,val,10,2,0,2,0,112.0,48.0,0.038544535636901855,1.0,1
moe_oeo_N25_k25_L4_lr0.002_s17,25,25,1.0,17,val,11,2,1,2,4,112.0,176.0,0.04023269563913345,1.0,1
moe_oeo_N25_k25_L4_lr0.002_s17,25,25,1.0,17,val,12,2,2,4,2,176.0,112.0,0.029390621930360794,1.0,1
moe_oeo_N25_k25_L4_lr0.002_s17,25,25,1.0,17,val,13,2,3,0,1,48.0,80.0,0.05858294665813446,1.0,1
moe_oeo_N25_k25_L4_lr0.002_s17,25,25,1.0,17,val,14,2,4,0,3,48.0,144.0,0.03495826944708824,1.0,1
moe_oeo_N25_k25_L4_lr0.002_s17,25,25,1.0,17,val,15,3,0,1,0,80.0,48.0,0.048564549535512924,1.0,1
moe_oeo_N25_k25_L4_lr0.002_s17,25,25,1.0,17,val,16,3,1,1,4,80.0,176.0,0.037823695689439774,1.0,1
moe_oeo_N25_k25_L4_lr0.002_s17,25,25,1.0,17,val,17,3,2,3,0,144.0,48.0,0.04525301232933998,1.0,1
moe_oeo_N25_k25_L4_lr0.002_s17,25,25,1.0,17,val,18,3,3,3,4,144.0,176.0,0.04205453768372536,1.0,1
moe_oeo_N25_k25_L4_lr0.002_s17,25,25,1.0,17,val,19,3,4,4,1,176.0,80.0,0.036251042038202286,1.0,1
moe_oeo_N25_k25_L4_lr0.002_s17,25,25,1.0,17,val,20,4,0,4,3,176.0,144.0,0.040823955088853836,1.0,1
moe_oeo_N25_k25_L4_lr0.002_s17,25,25,1.0,17,val,21,4,1,0,0,48.0,48.0,0.041535262018442154,1.0,1
moe_oeo_N25_k25_L4_lr0.002_s17,25,25,1.0,17,val,22,4,2,0,4,48.0,176.0,0.03606157749891281,1.0,1
moe_oeo_N25_k25_L4_lr0.002_s17,25,25,1.0,17,val,23,4,3,4,0,176.0,48.0,0.0361478291451931,1.0,1
moe_oeo_N25_k25_L4_lr0.002_s17,25,25,1.0,17,val,24,4,4,4,4,176.0,176.0,0.03647591546177864,1.0,1
moe_oeo_N49_k1_L4_lr0.002_s17,49,1,0.02040816326530612,17,train,0,0,0,3,3,112.0,112.0,0.0201166570186615,0.00028604117687791586,47
moe_oeo_N49_k1_L4_lr0.002_s17,49,1,0.02040816326530612,17,train,1,0,1,2,3,80.0,112.0,0.02014823816716671,0.0005720823537558317,47
moe_oeo_N49_k1_L4_lr0.002_s17,49,1,0.02040816326530612,17,train,2,0,2,3,2,112.0,80.0,0.02061820775270462,0.003432494355365634,47
moe_oeo_N49_k1_L4_lr0.002_s17,49,1,0.02040816326530612,17,train,3,0,3,3,4,112.0,144.0,0.019620712846517563,0.0008581235888414085,47
moe_oeo_N49_k1_L4_lr0.002_s17,49,1,0.02040816326530612,17,train,4,0,4,4,3,144.0,112.0,0.01995980739593506,0.0005720823537558317,47
moe_oeo_N49_k1_L4_lr0.002_s17,49,1,0.02040816326530612,17,train,5,0,5,2,2,80.0,80.0,0.021963486447930336,0.022311212494969368,47
moe_oeo_N49_k1_L4_lr0.002_s17,49,1,0.02040816326530612,17,train,6,0,6,2,4,80.0,144.0,0.019181543961167336,0.0008581235888414085,47
moe_oeo_N49_k1_L4_lr0.002_s17,49,1,0.02040816326530612,17,train,7,1,0,4,2,144.0,80.0,0.019788047298789024,0.002002288354560733,47
moe_oeo_N49_k1_L4_lr0.002_s17,49,1,0.02040816326530612,17,train,8,1,1,4,4,144.0,144.0,0.020001858472824097,0.0005720823537558317,47
moe_oeo_N49_k1_L4_lr0.002_s17,49,1,0.02040816326530612,17,train,9,1,2,1,3,48.0,112.0,0.01975681446492672,0.0,47
moe_oeo_N49_k1_L4_lr0.002_s17,49,1,0.02040816326530612,17,train,10,1,3,3,1,112.0,48.0,0.02074538730084896,0.0025743707083165646,47
moe_oeo_N49_k1_L4_lr0.002_s17,49,1,0.02040816326530612,17,train,11,1,4,3,5,112.0,176.0,0.019333036616444588,0.00028604117687791586,47
moe_oeo_N49_k1_L4_lr0.002_s17,49,1,0.02040816326530612,17,train,12,1,5,5,3,176.0,112.0,0.019887413829565048,0.0005720823537558317,47
moe_oeo_N49_k1_L4_lr0.002_s17,49,1,0.02040816326530612,17,train,13,1,6,1,2,48.0,80.0,0.02132374793291092,0.007151029538363218,47
moe_oeo_N49_k1_L4_lr0.002_s17,49,1,0.02040816326530612,17,train,14,2,0,1,4,48.0,144.0,0.019045066088438034,0.0005720823537558317,47
moe_oeo_N49_k1_L4_lr0.002_s17,49,1,0.02040816326530612,17,train,15,2,1,2,1,80.0,48.0,0.021852968260645866,0.012299771420657635,47
moe_oeo_N49_k1_L4_lr0.002_s17,49,1,0.02040816326530612,17,train,16,2,2,2,5,80.0,176.0,0.019598476588726044,0.00657894741743803,47
moe_oeo_N49_k1_L4_lr0.002_s17,49,1,0.02040816326530612,17,train,17,2,3,4,1,144.0,48.0,0.022669855505228043,0.1315789520740509,47
moe_oeo_N49_k1_L4_lr0.002_s17,49,1,0.02040816326530612,17,train,18,2,4,4,5,144.0,176.0,0.020106501877307892,0.00028604117687791586,47
moe_oeo_N49_k1_L4_lr0.002_s17,49,1,0.02040816326530612,17,train,19,2,5,5,2,176.0,80.0,0.020080581307411194,0.0014302060008049011,47
moe_oeo_N49_k1_L4_lr0.002_s17,49,1,0.02040816326530612,17,train,20,2,6,5,4,176.0,144.0,0.01976069249212742,0.0008581235888414085,47
moe_oeo_N49_k1_L4_lr0.002_s17,49,1,0.02040816326530612,17,train,21,3,0,1,1,48.0,48.0,0.02127508446574211,0.0062929061241447926,47
moe_oeo_N49_k1_L4_lr0.002_s17,49,1,0.02040816326530612,17,train,22,3,1,1,5,48.0,176.0,0.019397251307964325,0.0025743707083165646,47
moe_oeo_N49_k1_L4_lr0.002_s17,49,1,0.02040816326530612,17,train,23,3,2,5,1,176.0,48.0,0.022104931995272636,0.04118993133306503,47
moe_oeo_N49_k1_L4_lr0.002_s17,49,1,0.02040816326530612,17,train,24,3,3,5,5,176.0,176.0,0.01841353438794613,0.0,47
moe_oeo_N49_k1_L4_lr0.002_s17,49,1,0.02040816326530612,17,train,25,3,4,0,3,16.0,112.0,0.024439731612801552,0.33695653080940247,47
moe_oeo_N49_k1_L4_lr0.002_s17,49,1,0.02040816326530612,17,train,26,3,5,3,0,112.0,16.0,0.021342212334275246,0.0057208240032196045,47
moe_oeo_N49_k1_L4_lr0.002_s17,49,1,0.02040816326530612,17,train,27,3,6,3,6,112.0,208.0,0.019666362553834915,0.00028604117687791586,47
moe_oeo_N49_k1_L4_lr0.002_s17,49,1,0.02040816326530612,17,train,28,4,0,6,3,208.0,112.0,0.020126188173890114,0.001716247177682817,47
moe_oeo_N49_k1_L4_lr0.002_s17,49,1,0.02040816326530612,17,train,29,4,1,0,2,16.0,80.0,0.02080557495355606,0.007437070831656456,47
moe_oeo_N49_k1_L4_lr0.002_s17,49,1,0.02040816326530612,17,train,30,4,2,0,4,16.0,144.0,0.019603978842496872,0.003718535415828228,47
moe_oeo_N49_k1_L4_lr0.002_s17,49,1,0.02040816326530612,17,train,31,4,3,2,0,80.0,16.0,0.024906452745199203,0.31550341844558716,47
moe_oeo_N49_k1_L4_lr0.002_s17,49,1,0.02040816326530612,17,train,32,4,4,2,6,80.0,208.0,0.019669929519295692,0.017448512837290764,47
moe_oeo_N49_k1_L4_lr0.002_s17,49,1,0.02040816326530612,17,train,33,4,5,4,0,144.0,16.0,0.020196206867694855,0.004290618002414703,47
moe_oeo_N49_k1_L4_lr0.002_s17,49,1,0.02040816326530612,17,train,34,4,6,4,6,144.0,208.0,0.01996786706149578,0.001716247177682817,47
moe_oeo_N49_k1_L4_lr0.002_s17,49,1,0.02040816326530612,17,train,35,5,0,6,2,208.0,80.0,0.02011336013674736,0.0048627001233398914,47
moe_oeo_N49_k1_L4_lr0.002_s17,49,1,0.02040816326530612,17,train,36,5,1,6,4,208.0,144.0,0.020049499347805977,0.0014302060008049011,47
moe_oeo_N49_k1_L4_lr0.002_s17,49,1,0.02040816326530612,17,train,37,5,2,0,1,16.0,48.0,0.021433332934975624,0.007723112124949694,47
moe_oeo_N49_k1_L4_lr0.002_s17,49,1,0.02040816326530612,17,train,38,5,3,0,5,16.0,176.0,0.019361445680260658,0.003718535415828228,47
moe_oeo_N49_k1_L4_lr0.002_s17,49,1,0.02040816326530612,17,train,39,5,4,1,0,48.0,16.0,0.021518481895327568,0.009725400246679783,47
moe_oeo_N49_k1_L4_lr0.002_s17,49,1,0.02040816326530612,17,train,40,5,5,1,6,48.0,208.0,0.019124971702694893,0.0008581235888414085,47
moe_oeo_N49_k1_L4_lr0.002_s17,49,1,0.02040816326530612,17,train,41,5,6,5,0,176.0,16.0,0.020165471360087395,0.002288329415023327,47
moe_oeo_N49_k1_L4_lr0.002_s17,49,1,0.02040816326530612,17,train,42,6,0,5,6,176.0,208.0,0.01980007253587246,0.002002288354560733,47
moe_oeo_N49_k1_L4_lr0.002_s17,49,1,0.02040816326530612,17,train,43,6,1,6,1,208.0,48.0,0.02013869769871235,0.0048627001233398914,47
moe_oeo_N49_k1_L4_lr0.002_s17,49,1,0.02040816326530612,17,train,44,6,2,6,5,208.0,176.0,0.01977555640041828,0.0028604120016098022,47
moe_oeo_N49_k1_L4_lr0.002_s17,49,1,0.02040816326530612,17,train,45,6,3,0,0,16.0,16.0,0.02155689150094986,0.010583523660898209,47
moe_oeo_N49_k1_L4_lr0.002_s17,49,1,0.02040816326530612,17,train,46,6,4,0,6,16.0,208.0,0.01916641741991043,0.0005720823537558317,47
moe_oeo_N49_k1_L4_lr0.002_s17,49,1,0.02040816326530612,17,train,47,6,5,6,0,208.0,16.0,0.020230066031217575,0.0028604120016098022,47
moe_oeo_N49_k1_L4_lr0.002_s17,49,1,0.02040816326530612,17,train,48,6,6,6,6,208.0,208.0,0.020091326907277107,0.005148741416633129,47
moe_oeo_N49_k1_L4_lr0.002_s17,49,1,0.02040816326530612,17,val,0,0,0,3,3,112.0,112.0,0.020128242671489716,0.0,37
moe_oeo_N49_k1_L4_lr0.002_s17,49,1,0.02040816326530612,17,val,1,0,1,2,3,80.0,112.0,0.020097849890589714,0.0,37
moe_oeo_N49_k1_L4_lr0.002_s17,49,1,0.02040816326530612,17,val,2,0,2,3,2,112.0,80.0,0.02065216936171055,0.002659574383869767,37
moe_oeo_N49_k1_L4_lr0.002_s17,49,1,0.02040816326530612,17,val,3,0,3,3,4,112.0,144.0,0.019627489149570465,0.0013297871919348836,37
moe_oeo_N49_k1_L4_lr0.002_s17,49,1,0.02040816326530612,17,val,4,0,4,4,3,144.0,112.0,0.019935693591833115,0.0,37
moe_oeo_N49_k1_L4_lr0.002_s17,49,1,0.02040816326530612,17,val,5,0,5,2,2,80.0,80.0,0.02207477018237114,0.0226063821464777,37
moe_oeo_N49_k1_L4_lr0.002_s17,49,1,0.02040816326530612,17,val,6,0,6,2,4,80.0,144.0,0.019192267209291458,0.0013297871919348836,37
moe_oeo_N49_k1_L4_lr0.002_s17,49,1,0.02040816326530612,17,val,7,1,0,4,2,144.0,80.0,0.019791316241025925,0.0013297871919348836,37
moe_oeo_N49_k1_L4_lr0.002_s17,49,1,0.02040816326530612,17,val,8,1,1,4,4,144.0,144.0,0.020086469128727913,0.0013297871919348836,37
moe_oeo_N49_k1_L4_lr0.002_s17,49,1,0.02040816326530612,17,val,9,1,2,1,3,48.0,112.0,0.019790461286902428,0.0,37
moe_oeo_N49_k1_L4_lr0.002_s17,49,1,0.02040816326530612,17,val,10,1,3,3,1,112.0,48.0,0.02075880393385887,0.0013297871919348836,37
moe_oeo_N49_k1_L4_lr0.002_s17,49,1,0.02040816326530612,17,val,11,1,4,3,5,112.0,176.0,0.019345538690686226,0.0,37
moe_oeo_N49_k1_L4_lr0.002_s17,49,1,0.02040816326530612,17,val,12,1,5,5,3,176.0,112.0,0.019823668524622917,0.0,37
moe_oeo_N49_k1_L4_lr0.002_s17,49,1,0.02040816326530612,17,val,13,1,6,1,2,48.0,80.0,0.02135869860649109,0.003989361692219973,37
moe_oeo_N49_k1_L4_lr0.002_s17,49,1,0.02040816326530612,17,val,14,2,0,1,4,48.0,144.0,0.019064851105213165,0.0,37
moe_oeo_N49_k1_L4_lr0.002_s17,49,1,0.02040816326530612,17,val,15,2,1,2,1,80.0,48.0,0.02209283970296383,0.017287233844399452,37
moe_oeo_N49_k1_L4_lr0.002_s17,49,1,0.02040816326530612,17,val,16,2,2,2,5,80.0,176.0,0.019584713503718376,0.009308510459959507,37
moe_oeo_N49_k1_L4_lr0.002_s17,49,1,0.02040816326530612,17,val,17,2,3,4,1,144.0,48.0,0.022733064368367195,0.12898936867713928,37
moe_oeo_N49_k1_L4_lr0.002_s17,49,1,0.02040816326530612,17,val,18,2,4,4,5,144.0,176.0,0.020130587741732597,0.0,37
moe_oeo_N49_k1_L4_lr0.002_s17,49,1,0.02040816326530612,17,val,19,2,5,5,2,176.0,80.0,0.019939009100198746,0.002659574383869767,37
moe_oeo_N49_k1_L4_lr0.002_s17,49,1,0.02040816326530612,17,val,20,2,6,5,4,176.0,144.0,0.01979188807308674,0.0,37
moe_oeo_N49_k1_L4_lr0.002_s17,49,1,0.02040816326530612,17,val,21,3,0,1,1,48.0,48.0,0.021323833614587784,0.003989361692219973,37
moe_oeo_N49_k1_L4_lr0.002_s17,49,1,0.02040816326530612,17,val,22,3,1,1,5,48.0,176.0,0.01934719644486904,0.003989361692219973,37
moe_oeo_N49_k1_L4_lr0.002_s17,49,1,0.02040816326530612,17,val,23,3,2,5,1,176.0,48.0,0.02207304909825325,0.03723404183983803,37
moe_oeo_N49_k1_L4_lr0.002_s17,49,1,0.02040816326530612,17,val,24,3,3,5,5,176.0,176.0,0.018381763249635696,0.0,37
moe_oeo_N49_k1_L4_lr0.002_s17,49,1,0.02040816326530612,17,val,25,3,4,0,3,16.0,112.0,0.024472292512655258,0.3643617033958435,37
moe_oeo_N49_k1_L4_lr0.002_s17,49,1,0.02040816326530612,17,val,26,3,5,3,0,112.0,16.0,0.021383820101618767,0.003989361692219973,37
moe_oeo_N49_k1_L4_lr0.002_s17,49,1,0.02040816326530612,17,val,27,3,6,3,6,112.0,208.0,0.01958174630999565,0.0,37
moe_oeo_N49_k1_L4_lr0.002_s17,49,1,0.02040816326530612,17,val,28,4,0,6,3,208.0,112.0,0.020101573318243027,0.0013297871919348836,37
moe_oeo_N49_k1_L4_lr0.002_s17,49,1,0.02040816326530612,17,val,29,4,1,0,2,16.0,80.0,0.020909219980239868,0.005319148767739534,37
moe_oeo_N49_k1_L4_lr0.002_s17,49,1,0.02040816326530612,17,val,30,4,2,0,4,16.0,144.0,0.019636455923318863,0.003989361692219973,37
moe_oeo_N49_k1_L4_lr0.002_s17,49,1,0.02040816326530612,17,val,31,4,3,2,0,80.0,16.0,0.024836597964167595,0.29388296604156494,37
moe_oeo_N49_k1_L4_lr0.002_s17,49,1,0.02040816326530612,17,val,32,4,4,2,6,80.0,208.0,0.019562486559152603,0.010638297535479069,37
moe_oeo_N49_k1_L4_lr0.002_s17,49,1,0.02040816326530612,17,val,33,4,5,4,0,144.0,16.0,0.02021789364516735,0.002659574383869767,37
moe_oeo_N49_k1_L4_lr0.002_s17,49,1,0.02040816326530612,17,val,34,4,6,4,6,144.0,208.0,0.019895723089575768,0.0,37
moe_oeo_N49_k1_L4_lr0.002_s17,49,1,0.02040816326530612,17,val,35,5,0,6,2,208.0,80.0,0.020054437220096588,0.007978723384439945,37
moe_oeo_N49_k1_L4_lr0.002_s17,49,1,0.02040816326530612,17,val,36,5,1,6,4,208.0,144.0,0.02002451941370964,0.003989361692219973,37
moe_oeo_N49_k1_L4_lr0.002_s17,49,1,0.02040816326530612,17,val,37,5,2,0,1,16.0,48.0,0.021487945690751076,0.002659574383869767,37
moe_oeo_N49_k1_L4_lr0.002_s17,49,1,0.02040816326530612,17,val,38,5,3,0,5,16.0,176.0,0.019381191581487656,0.0066489363089203835,37
moe_oeo_N49_k1_L4_lr0.002_s17,49,1,0.02040816326530612,17,val,39,5,4,1,0,48.0,16.0,0.02151169255375862,0.014627659693360329,37
moe_oeo_N49_k1_L4_lr0.002_s17,49,1,0.02040816326530612,17,val,40,5,5,1,6,48.0,208.0,0.01902373880147934,0.002659574383869767,37
moe_oeo_N49_k1_L4_lr0.002_s17,49,1,0.02040816326530612,17,val,41,5,6,5,0,176.0,16.0,0.020120345056056976,0.002659574383869767,37
moe_oeo_N49_k1_L4_lr0.002_s17,49,1,0.02040816326530612,17,val,42,6,0,5,6,176.0,208.0,0.01971001736819744,0.002659574383869767,37
moe_oeo_N49_k1_L4_lr0.002_s17,49,1,0.02040816326530612,17,val,43,6,1,6,1,208.0,48.0,0.020182151347398758,0.005319148767739534,37
moe_oeo_N49_k1_L4_lr0.002_s17,49,1,0.02040816326530612,17,val,44,6,2,6,5,208.0,176.0,0.019815713167190552,0.0013297871919348836,37
moe_oeo_N49_k1_L4_lr0.002_s17,49,1,0.02040816326530612,17,val,45,6,3,0,0,16.0,16.0,0.021655462682247162,0.01595744676887989,37
moe_oeo_N49_k1_L4_lr0.002_s17,49,1,0.02040816326530612,17,val,46,6,4,0,6,16.0,208.0,0.019120050594210625,0.002659574383869767,37
moe_oeo_N49_k1_L4_lr0.002_s17,49,1,0.02040816326530612,17,val,47,6,5,6,0,208.0,16.0,0.020140979439020157,0.002659574383869767,37
moe_oeo_N49_k1_L4_lr0.002_s17,49,1,0.02040816326530612,17,val,48,6,6,6,6,208.0,208.0,0.020047714933753014,0.002659574383869767,37
moe_oeo_N49_k12_L4_lr0.002_s17,49,12,0.24489795918367346,17,train,0,0,0,3,3,112.0,112.0,0.01978069171309471,0.04748283699154854,2361
moe_oeo_N49_k12_L4_lr0.002_s17,49,12,0.24489795918367346,17,train,1,0,1,2,3,80.0,112.0,0.01931058242917061,0.028032036498188972,2361
moe_oeo_N49_k12_L4_lr0.002_s17,49,12,0.24489795918367346,17,train,2,0,2,3,2,112.0,80.0,0.020040716975927353,0.10612127929925919,2361
moe_oeo_N49_k12_L4_lr0.002_s17,49,12,0.24489795918367346,17,train,3,0,3,3,4,112.0,144.0,0.018990986049175262,0.02259725332260132,2361
moe_oeo_N49_k12_L4_lr0.002_s17,49,12,0.24489795918367346,17,train,4,0,4,4,3,144.0,112.0,0.019706087186932564,0.06493134796619415,2361
moe_oeo_N49_k12_L4_lr0.002_s17,49,12,0.24489795918367346,17,train,5,0,5,2,2,80.0,80.0,0.020262310281395912,0.21310068666934967,2361
moe_oeo_N49_k12_L4_lr0.002_s17,49,12,0.24489795918367346,17,train,6,0,6,2,4,80.0,144.0,0.019139539450407028,0.2748855948448181,2361
moe_oeo_N49_k12_L4_lr0.002_s17,49,12,0.24489795918367346,17,train,7,1,0,4,2,144.0,80.0,0.01889113150537014,0.02688787132501602,2361
moe_oeo_N49_k12_L4_lr0.002_s17,49,12,0.24489795918367346,17,train,8,1,1,4,4,144.0,144.0,0.01979115977883339,0.09954233467578888,2361
moe_oeo_N49_k12_L4_lr0.002_s17,49,12,0.24489795918367346,17,train,9,1,2,1,3,48.0,112.0,0.019551541656255722,0.04147597402334213,2361
moe_oeo_N49_k12_L4_lr0.002_s17,49,12,0.24489795918367346,17,train,10,1,3,3,1,112.0,48.0,0.02085353434085846,0.29290616512298584,2361
moe_oeo_N49_k12_L4_lr0.002_s17,49,12,0.24489795918367346,17,train,11,1,4,3,5,112.0,176.0,0.019041823223233223,0.020881006494164467,2361
moe_oeo_N49_k12_L4_lr0.002_s17,49,12,0.24489795918367346,17,train,12,1,5,5,3,176.0,112.0,0.01997416652739048,0.11355835199356079,2361
moe_oeo_N49_k12_L4_lr0.002_s17,49,12,0.24489795918367346,17,train,13,1,6,1,2,48.0,80.0,0.020217886194586754,0.20423340797424316,2361
moe_oeo_N49_k12_L4_lr0.002_s17,49,12,0.24489795918367346,17,train,14,2,0,1,4,48.0,144.0,0.01824810914695263,0.016876429319381714,2361
moe_oeo_N49_k12_L4_lr0.002_s17,49,12,0.24489795918367346,17,train,15,2,1,2,1,80.0,48.0,0.021257612854242325,0.4096109867095947,2361
moe_oeo_N49_k12_L4_lr0.002_s17,49,12,0.24489795918367346,17,train,16,2,2,2,5,80.0,176.0,0.020207829773426056,0.3621281385421753,2361
moe_oeo_N49_k12_L4_lr0.002_s17,49,12,0.24489795918367346,17,train,17,2,3,4,1,144.0,48.0,0.030820736661553383,0.9974256157875061,2361
moe_oeo_N49_k12_L4_lr0.002_s17,49,12,0.24489795918367346,17,train,18,2,4,4,5,144.0,176.0,0.019839927554130554,0.10240274667739868,2361
moe_oeo_N49_k12_L4_lr0.002_s17,49,12,0.24489795918367346,17,train,19,2,5,5,2,176.0,80.0,0.02004123479127884,0.16390159726142883,2361
moe_oeo_N49_k12_L4_lr0.002_s17,49,12,0.24489795918367346,17,train,20,2,6,5,4,176.0,144.0,0.019663158804178238,0.07379862666130066,2361
moe_oeo_N49_k12_L4_lr0.002_s17,49,12,0.24489795918367346,17,train,21,3,0,1,1,48.0,48.0,0.02173217013478279,0.4957093894481659,2361
moe_oeo_N49_k12_L4_lr0.002_s17,49,12,0.24489795918367346,17,train,22,3,1,1,5,48.0,176.0,0.019382057711482048,0.30205950140953064,2361
moe_oeo_N49_k12_L4_lr0.002_s17,49,12,0.24489795918367346,17,train,23,3,2,5,1,176.0,48.0,0.02748834900557995,0.972540020942688,2361
moe_oeo_N49_k12_L4_lr0.002_s17,49,12,0.24489795918367346,17,train,24,3,3,5,5,176.0,176.0,0.0177552942186594,0.004004576709121466,2361
moe_oeo_N49_k12_L4_lr0.002_s17,49,12,0.24489795918367346,17,train,25,3,4,0,3,16.0,112.0,0.027050944045186043,0.9839816689491272,2361
moe_oeo_N49_k12_L4_lr0.002_s17,49,12,0.24489795918367346,17,train,26,3,5,3,0,112.0,16.0,0.02165643312036991,0.6947940587997437,2361
moe_oeo_N49_k12_L4_lr0.002_s17,49,12,0.24489795918367346,17,train,27,3,6,3,6,112.0,208.0,0.019084101542830467,0.03747139498591423,2361
moe_oeo_N49_k12_L4_lr0.002_s17,49,12,0.24489795918367346,17,train,28,4,0,6,3,208.0,112.0,0.019949669018387794,0.11184210330247879,2361
moe_oeo_N49_k12_L4_lr0.002_s17,49,12,0.24489795918367346,17,train,29,4,1,0,2,16.0,80.0,0.020799467340111732,0.32151028513908386,2361
moe_oeo_N49_k12_L4_lr0.002_s17,49,12,0.24489795918367346,17,train,30,4,2,0,4,16.0,144.0,0.01807972975075245,0.01201372966170311,2361
moe_oeo_N49_k12_L4_lr0.002_s17,49,12,0.24489795918367346,17,train,31,4,3,2,0,80.0,16.0,0.022130941972136497,0.5743706822395325,2361
moe_oeo_N49_k12_L4_lr0.002_s17,49,12,0.24489795918367346,17,train,32,4,4,2,6,80.0,208.0,0.018876727670431137,0.2597253918647766,2361
moe_oeo_N49_k12_L4_lr0.002_s17,49,12,0.24489795918367346,17,train,33,4,5,4,0,144.0,16.0,0.01989693194627762,0.1395881026983261,2361
moe_oeo_N49_k12_L4_lr0.002_s17,49,12,0.24489795918367346,17,train,34,4,6,4,6,144.0,208.0,0.020357394590973854,0.3589816987514496,2361
moe_oeo_N49_k12_L4_lr0.002_s17,49,12,0.24489795918367346,17,train,35,5,0,6,2,208.0,80.0,0.019996201619505882,0.15875285863876343,2361
moe_oeo_N49_k12_L4_lr0.002_s17,49,12,0.24489795918367346,17,train,36,5,1,6,4,208.0,144.0,0.0196596160531044,0.07866133004426956,2361
moe_oeo_N49_k12_L4_lr0.002_s17,49,12,0.24489795918367346,17,train,37,5,2,0,1,16.0,48.0,0.02156427502632141,0.45881006121635437,2361
moe_oeo_N49_k12_L4_lr0.002_s17,49,12,0.24489795918367346,17,train,38,5,3,0,5,16.0,176.0,0.019261794164776802,0.29433637857437134,2361
moe_oeo_N49_k12_L4_lr0.002_s17,49,12,0.24489795918367346,17,train,39,5,4,1,0,48.0,16.0,0.021486304700374603,0.44164758920669556,2361
moe_oeo_N49_k12_L4_lr0.002_s17,49,12,0.24489795918367346,17,train,40,5,5,1,6,48.0,208.0,0.01957562379539013,0.32294049859046936,2361
moe_oeo_N49_k12_L4_lr0.002_s17,49,12,0.24489795918367346,17,train,41,5,6,5,0,176.0,16.0,0.01937728002667427,0.06378718465566635,2361
moe_oeo_N49_k12_L4_lr0.002_s17,49,12,0.24489795918367346,17,train,42,6,0,5,6,176.0,208.0,0.01979418471455574,0.11155606061220169,2361
moe_oeo_N49_k12_L4_lr0.002_s17,49,12,0.24489795918367346,17,train,43,6,1,6,1,208.0,48.0,0.01987600512802601,0.1272883266210556,2361
moe_oeo_N49_k12_L4_lr0.002_s17,49,12,0.24489795918367346,17,train,44,6,2,6,5,208.0,176.0,0.0196630097925663,0.07179633527994156,2361
moe_oeo_N49_k12_L4_lr0.002_s17,49,12,0.24489795918367346,17,train,45,6,3,0,0,16.0,16.0,0.021307921037077904,0.41647598147392273,2361
moe_oeo_N49_k12_L4_lr0.002_s17,49,12,0.24489795918367346,17,train,46,6,4,0,6,16.0,208.0,0.019287098199129105,0.30177345871925354,2361
moe_oeo_N49_k12_L4_lr0.002_s17,49,12,0.24489795918367346,17,train,47,6,5,6,0,208.0,16.0,0.01947624608874321,0.08237986266613007,2361
moe_oeo_N49_k12_L4_lr0.002_s17,49,12,0.24489795918367346,17,train,48,6,6,6,6,208.0,208.0,0.01980346441268921,0.1184210553765297,2361
moe_oeo_N49_k12_L4_lr0.002_s17,49,12,0.24489795918367346,17,val,0,0,0,3,3,112.0,112.0,0.019788462668657303,0.042553190141916275,538
moe_oeo_N49_k12_L4_lr0.002_s17,49,12,0.24489795918367346,17,val,1,0,1,2,3,80.0,112.0,0.019266782328486443,0.03324468061327934,538
moe_oeo_N49_k12_L4_lr0.002_s17,49,12,0.24489795918367346,17,val,2,0,2,3,2,112.0,80.0,0.020070116966962814,0.11968085169792175,538
moe_oeo_N49_k12_L4_lr0.002_s17,49,12,0.24489795918367346,17,val,3,0,3,3,4,112.0,144.0,0.018995843827724457,0.03191489353775978,538
moe_oeo_N49_k12_L4_lr0.002_s17,49,12,0.24489795918367346,17,val,4,0,4,4,3,144.0,112.0,0.01968221738934517,0.06648936122655869,538
moe_oeo_N49_k12_L4_lr0.002_s17,49,12,0.24489795918367346,17,val,5,0,5,2,2,80.0,80.0,0.020342852920293808,0.23537233471870422,538
moe_oeo_N49_k12_L4_lr0.002_s17,49,12,0.24489795918367346,17,val,6,0,6,2,4,80.0,144.0,0.019149262458086014,0.28723403811454773,538
moe_oeo_N49_k12_L4_lr0.002_s17,49,12,0.24489795918367346,17,val,7,1,0,4,2,144.0,80.0,0.018890930339694023,0.035904254764318466,538
moe_oeo_N49_k12_L4_lr0.002_s17,49,12,0.24489795918367346,17,val,8,1,1,4,4,144.0,144.0,0.019868189468979836,0.09840425848960876,538
moe_oeo_N49_k12_L4_lr0.002_s17,49,12,0.24489795918367346,17,val,9,1,2,1,3,48.0,112.0,0.019587315618991852,0.04920212924480438,538
moe_oeo_N49_k12_L4_lr0.002_s17,49,12,0.24489795918367346,17,val,10,1,3,3,1,112.0,48.0,0.020872335880994797,0.28590425848960876,538
moe_oeo_N49_k12_L4_lr0.002_s17,49,12,0.24489795918367346,17,val,11,1,4,3,5,112.0,176.0,0.019051002338528633,0.025265958160161972,538
moe_oeo_N49_k12_L4_lr0.002_s17,49,12,0.24489795918367346,17,val,12,1,5,5,3,176.0,112.0,0.01990622840821743,0.09441489726305008,538
moe_oeo_N49_k12_L4_lr0.002_s17,49,12,0.24489795918367346,17,val,13,1,6,1,2,48.0,80.0,0.02024391107261181,0.20744681358337402,538
moe_oeo_N49_k12_L4_lr0.002_s17,49,12,0.24489795918367346,17,val,14,2,0,1,4,48.0,144.0,0.01826348900794983,0.01595744676887989,538
moe_oeo_N49_k12_L4_lr0.002_s17,49,12,0.24489795918367346,17,val,15,2,1,2,1,80.0,48.0,0.02146822027862072,0.42154255509376526,538
moe_oeo_N49_k12_L4_lr0.002_s17,49,12,0.24489795918367346,17,val,16,2,2,2,5,80.0,176.0,0.020202670246362686,0.375,538
moe_oeo_N49_k12_L4_lr0.002_s17,49,12,0.24489795918367346,17,val,17,2,3,4,1,144.0,48.0,0.03093571774661541,0.9973404407501221,538
moe_oeo_N49_k12_L4_lr0.002_s17,49,12,0.24489795918367346,17,val,18,2,4,4,5,144.0,176.0,0.01986062340438366,0.10638298094272614,538
moe_oeo_N49_k12_L4_lr0.002_s17,49,12,0.24489795918367346,17,val,19,2,5,5,2,176.0,80.0,0.0199012141674757,0.12765957415103912,538
moe_oeo_N49_k12_L4_lr0.002_s17,49,12,0.24489795918367346,17,val,20,2,6,5,4,176.0,144.0,0.01969294808804989,0.06914893537759781,538
moe_oeo_N49_k12_L4_lr0.002_s17,49,12,0.24489795918367346,17,val,21,3,0,1,1,48.0,48.0,0.021791260689496994,0.5053191781044006,538
moe_oeo_N49_k12_L4_lr0.002_s17,49,12,0.24489795918367346,17,val,22,3,1,1,5,48.0,176.0,0.01933530904352665,0.30718085169792175,538
moe_oeo_N49_k12_L4_lr0.002_s17,49,12,0.24489795918367346,17,val,23,3,2,5,1,176.0,48.0,0.027418943122029305,0.9720744490623474,538
moe_oeo_N49_k12_L4_lr0.002_s17,49,12,0.24489795918367346,17,val,24,3,3,5,5,176.0,176.0,0.017727073282003403,0.0013297871919348836,538
moe_oeo_N49_k12_L4_lr0.002_s17,49,12,0.24489795918367346,17,val,25,3,4,0,3,16.0,112.0,0.0271152276545763,0.9813829660415649,538
moe_oeo_N49_k12_L4_lr0.002_s17,49,12,0.24489795918367346,17,val,26,3,5,3,0,112.0,16.0,0.021694518625736237,0.7194148898124695,538
moe_oeo_N49_k12_L4_lr0.002_s17,49,12,0.24489795918367346,17,val,27,3,6,3,6,112.0,208.0,0.01900765299797058,0.026595745235681534,538
moe_oeo_N49_k12_L4_lr0.002_s17,49,12,0.24489795918367346,17,val,28,4,0,6,3,208.0,112.0,0.0199214369058609,0.10904255509376526,538
moe_oeo_N49_k12_L4_lr0.002_s17,49,12,0.24489795918367346,17,val,29,4,1,0,2,16.0,80.0,0.020906301215291023,0.3231382966041565,538
moe_oeo_N49_k12_L4_lr0.002_s17,49,12,0.24489795918367346,17,val,30,4,2,0,4,16.0,144.0,0.018096070736646652,0.01595744676887989,538
moe_oeo_N49_k12_L4_lr0.002_s17,49,12,0.24489795918367346,17,val,31,4,3,2,0,80.0,16.0,0.022069307044148445,0.5492021441459656,538
moe_oeo_N49_k12_L4_lr0.002_s17,49,12,0.24489795918367346,17,val,32,4,4,2,6,80.0,208.0,0.01879013702273369,0.25930851697921753,538
moe_oeo_N49_k12_L4_lr0.002_s17,49,12,0.24489795918367346,17,val,33,4,5,4,0,144.0,16.0,0.019914697855710983,0.146276593208313,538
moe_oeo_N49_k12_L4_lr0.002_s17,49,12,0.24489795918367346,17,val,34,4,6,4,6,144.0,208.0,0.020284267142415047,0.3710106313228607,538
moe_oeo_N49_k12_L4_lr0.002_s17,49,12,0.24489795918367346,17,val,35,5,0,6,2,208.0,80.0,0.019939102232456207,0.14361701905727386,538
moe_oeo_N49_k12_L4_lr0.002_s17,49,12,0.24489795918367346,17,val,36,5,1,6,4,208.0,144.0,0.0196361243724823,0.08377659320831299,538
moe_oeo_N49_k12_L4_lr0.002_s17,49,12,0.24489795918367346,17,val,37,5,2,0,1,16.0,48.0,0.021625392138957977,0.458776593208313,538
moe_oeo_N49_k12_L4_lr0.002_s17,49,12,0.24489795918367346,17,val,38,5,3,0,5,16.0,176.0,0.019280657172203064,0.30718085169792175,538
moe_oeo_N49_k12_L4_lr0.002_s17,49,12,0.24489795918367346,17,val,39,5,4,1,0,48.0,16.0,0.021482164040207863,0.42819148302078247,538
moe_oeo_N49_k12_L4_lr0.002_s17,49,12,0.24489795918367346,17,val,40,5,5,1,6,48.0,208.0,0.01946057192981243,0.3231382966041565,538
moe_oeo_N49_k12_L4_lr0.002_s17,49,12,0.24489795918367346,17,val,41,5,6,5,0,176.0,16.0,0.0193355493247509,0.05585106462240219,538
moe_oeo_N49_k12_L4_lr0.002_s17,49,12,0.24489795918367346,17,val,42,6,0,5,6,176.0,208.0,0.01971036195755005,0.07845744490623474,538
moe_oeo_N49_k12_L4_lr0.002_s17,49,12,0.24489795918367346,17,val,43,6,1,6,1,208.0,48.0,0.019912585616111755,0.13031914830207825,538
moe_oeo_N49_k12_L4_lr0.002_s17,49,12,0.24489795918367346,17,val,44,6,2,6,5,208.0,176.0,0.019705167040228844,0.08244680613279343,538
moe_oeo_N49_k12_L4_lr0.002_s17,49,12,0.24489795918367346,17,val,45,6,3,0,0,16.0,16.0,0.021405108273029327,0.42819148302078247,538
moe_oeo_N49_k12_L4_lr0.002_s17,49,12,0.24489795918367346,17,val,46,6,4,0,6,16.0,208.0,0.019234949722886086,0.2978723347187042,538
moe_oeo_N49_k12_L4_lr0.002_s17,49,12,0.24489795918367346,17,val,47,6,5,6,0,208.0,16.0,0.019400035962462425,0.07446808367967606,538
moe_oeo_N49_k12_L4_lr0.002_s17,49,12,0.24489795918367346,17,val,48,6,6,6,6,208.0,208.0,0.019759684801101685,0.09441489726305008,538
moe_oeo_N49_k24_L4_lr0.002_s17,49,24,0.4897959183673469,17,train,0,0,0,3,3,112.0,112.0,0.019350988790392876,0.21338672935962677,2987
moe_oeo_N49_k24_L4_lr0.002_s17,49,24,0.4897959183673469,17,train,1,0,1,2,3,80.0,112.0,0.019692905247211456,0.5048627257347107,2987
moe_oeo_N49_k24_L4_lr0.002_s17,49,24,0.4897959183673469,17,train,2,0,2,3,2,112.0,80.0,0.020221762359142303,0.5486270189285278,2987
moe_oeo_N49_k24_L4_lr0.002_s17,49,24,0.4897959183673469,17,train,3,0,3,3,4,112.0,144.0,0.019127756357192993,0.34267735481262207,2987
moe_oeo_N49_k24_L4_lr0.002_s17,49,24,0.4897959183673469,17,train,4,0,4,4,3,144.0,112.0,0.019506050273776054,0.2634439468383789,2987
moe_oeo_N49_k24_L4_lr0.002_s17,49,24,0.4897959183673469,17,train,5,0,5,2,2,80.0,80.0,0.021011075004935265,0.6046910881996155,2987
moe_oeo_N49_k24_L4_lr0.002_s17,49,24,0.4897959183673469,17,train,6,0,6,2,4,80.0,144.0,0.018387924879789352,0.2614416480064392,2987
moe_oeo_N49_k24_L4_lr0.002_s17,49,24,0.4897959183673469,17,train,7,1,0,4,2,144.0,80.0,0.018764981999993324,0.1252860426902771,2987
moe_oeo_N49_k24_L4_lr0.002_s17,49,24,0.4897959183673469,17,train,8,1,1,4,4,144.0,144.0,0.021094325929880142,0.842391312122345,2987
moe_oeo_N49_k24_L4_lr0.002_s17,49,24,0.4897959183673469,17,train,9,1,2,1,3,48.0,112.0,0.019436320289969444,0.2694508135318756,2987
moe_oeo_N49_k24_L4_lr0.002_s17,49,24,0.4897959183673469,17,train,10,1,3,3,1,112.0,48.0,0.020656824111938477,0.6750572323799133,2987
moe_oeo_N49_k24_L4_lr0.002_s17,49,24,0.4897959183673469,17,train,11,1,4,3,5,112.0,176.0,0.019214842468500137,0.3581235706806183,2987
moe_oeo_N49_k24_L4_lr0.002_s17,49,24,0.4897959183673469,17,train,12,1,5,5,3,176.0,112.0,0.020099204033613205,0.6653317809104919,2987
moe_oeo_N49_k24_L4_lr0.002_s17,49,24,0.4897959183673469,17,train,13,1,6,1,2,48.0,80.0,0.020741505548357964,0.5660755038261414,2987
moe_oeo_N49_k24_L4_lr0.002_s17,49,24,0.4897959183673469,17,train,14,2,0,1,4,48.0,144.0,0.01872321218252182,0.31979405879974365,2987
moe_oeo_N49_k24_L4_lr0.002_s17,49,24,0.4897959183673469,17,train,15,2,1,2,1,80.0,48.0,0.021306529641151428,0.6639016270637512,2987
moe_oeo_N49_k24_L4_lr0.002_s17,49,24,0.4897959183673469,17,train,16,2,2,2,5,80.0,176.0,0.020796481519937515,0.527459979057312,2987
moe_oeo_N49_k24_L4_lr0.002_s17,49,24,0.4897959183673469,17,train,17,2,3,4,1,144.0,48.0,0.03494403511285782,1.0,2987
moe_oeo_N49_k24_L4_lr0.002_s17,49,24,0.4897959183673469,17,train,18,2,4,4,5,144.0,176.0,0.019622743129730225,0.34353548288345337,2987
moe_oeo_N49_k24_L4_lr0.002_s17,49,24,0.4897959183673469,17,train,19,2,5,5,2,176.0,80.0,0.020087366923689842,0.6341533064842224,2987
moe_oeo_N49_k24_L4_lr0.002_s17,49,24,0.4897959183673469,17,train,20,2,6,5,4,176.0,144.0,0.019382845610380173,0.2345537692308426,2987
moe_oeo_N49_k24_L4_lr0.002_s17,49,24,0.4897959183673469,17,train,21,3,0,1,1,48.0,48.0,0.02108871191740036,0.6109839677810669,2987
moe_oeo_N49_k24_L4_lr0.002_s17,49,24,0.4897959183673469,17,train,22,3,1,1,5,48.0,176.0,0.019356099888682365,0.39673912525177,2987
moe_oeo_N49_k24_L4_lr0.002_s17,49,24,0.4897959183673469,17,train,23,3,2,5,1,176.0,48.0,0.026721378788352013,0.9985697865486145,2987
moe_oeo_N49_k24_L4_lr0.002_s17,49,24,0.4897959183673469,17,train,24,3,3,5,5,176.0,176.0,0.016951989382505417,0.0057208240032196045,2987
moe_oeo_N49_k24_L4_lr0.002_s17,49,24,0.4897959183673469,17,train,25,3,4,0,3,16.0,112.0,0.025521643459796906,0.9982837438583374,2987
moe_oeo_N49_k24_L4_lr0.002_s17,49,24,0.4897959183673469,17,train,26,3,5,3,0,112.0,16.0,0.021074989810585976,0.8875858187675476,2987
moe_oeo_N49_k24_L4_lr0.002_s17,49,24,0.4897959183673469,17,train,27,3,6,3,6,112.0,208.0,0.019157005473971367,0.34239131212234497,2987
moe_oeo_N49_k24_L4_lr0.002_s17,49,24,0.4897959183673469,17,train,28,4,0,6,3,208.0,112.0,0.020159685984253883,0.660469114780426,2987
moe_oeo_N49_k24_L4_lr0.002_s17,49,24,0.4897959183673469,17,train,29,4,1,0,2,16.0,80.0,0.020956391468644142,0.5798054933547974,2987
moe_oeo_N49_k24_L4_lr0.002_s17,49,24,0.4897959183673469,17,train,30,4,2,0,4,16.0,144.0,0.01815488561987877,0.09754004329442978,2987
moe_oeo_N49_k24_L4_lr0.002_s17,49,24,0.4897959183673469,17,train,31,4,3,2,0,80.0,16.0,0.020454691722989082,0.524599552154541,2987
moe_oeo_N49_k24_L4_lr0.002_s17,49,24,0.4897959183673469,17,train,32,4,4,2,6,80.0,208.0,0.018577970564365387,0.30291762948036194,2987
moe_oeo_N49_k24_L4_lr0.002_s17,49,24,0.4897959183673469,17,train,33,4,5,4,0,144.0,16.0,0.019832896068692207,0.41504576802253723,2987
moe_oeo_N49_k24_L4_lr0.002_s17,49,24,0.4897959183673469,17,train,34,4,6,4,6,144.0,208.0,0.021070098504424095,0.8080663681030273,2987
moe_oeo_N49_k24_L4_lr0.002_s17,49,24,0.4897959183673469,17,train,35,5,0,6,2,208.0,80.0,0.020129991695284843,0.6344393491744995,2987
moe_oeo_N49_k24_L4_lr0.002_s17,49,24,0.4897959183673469,17,train,36,5,1,6,4,208.0,144.0,0.020635338500142097,0.747139573097229,2987
moe_oeo_N49_k24_L4_lr0.002_s17,49,24,0.4897959183673469,17,train,37,5,2,0,1,16.0,48.0,0.02147628366947174,0.6839244961738586,2987
moe_oeo_N49_k24_L4_lr0.002_s17,49,24,0.4897959183673469,17,train,38,5,3,0,5,16.0,176.0,0.01847100257873535,0.2840389013290405,2987
moe_oeo_N49_k24_L4_lr0.002_s17,49,24,0.4897959183673469,17,train,39,5,4,1,0,48.0,16.0,0.021337054669857025,0.6481693387031555,2987
moe_oeo_N49_k24_L4_lr0.002_s17,49,24,0.4897959183673469,17,train,40,5,5,1,6,48.0,208.0,0.018814759328961372,0.3381006717681885,2987
moe_oeo_N49_k24_L4_lr0.002_s17,49,24,0.4897959183673469,17,train,41,5,6,5,0,176.0,16.0,0.01956891268491745,0.29919907450675964,2987
moe_oeo_N49_k24_L4_lr0.002_s17,49,24,0.4897959183673469,17,train,42,6,0,5,6,176.0,208.0,0.019418105483055115,0.2557208240032196,2987
moe_oeo_N49_k24_L4_lr0.002_s17,49,24,0.4897959183673469,17,train,43,6,1,6,1,208.0,48.0,0.019843220710754395,0.4024599492549896,2987
moe_oeo_N49_k24_L4_lr0.002_s17,49,24,0.4897959183673469,17,train,44,6,2,6,5,208.0,176.0,0.01948719285428524,0.2671624720096588,2987
moe_oeo_N49_k24_L4_lr0.002_s17,49,24,0.4897959183673469,17,train,45,6,3,0,0,16.0,16.0,0.02125442773103714,0.6321510076522827,2987
moe_oeo_N49_k24_L4_lr0.002_s17,49,24,0.4897959183673469,17,train,46,6,4,0,6,16.0,208.0,0.018682103604078293,0.31779175996780396,2987
moe_oeo_N49_k24_L4_lr0.002_s17,49,24,0.4897959183673469,17,train,47,6,5,6,0,208.0,16.0,0.018832573667168617,0.1433066427707672,2987
moe_oeo_N49_k24_L4_lr0.002_s17,49,24,0.4897959183673469,17,train,48,6,6,6,6,208.0,208.0,0.020800909027457237,0.7534325122833252,2987
moe_oeo_N49_k24_L4_lr0.002_s17,49,24,0.4897959183673469,17,val,0,0,0,3,3,112.0,112.0,0.019356636330485344,0.2220744639635086,653
moe_oeo_N49_k24_L4_lr0.002_s17,49,24,0.4897959183673469,17,val,1,0,1,2,3,80.0,112.0,0.019645731896162033,0.5106382966041565,653
moe_oeo_N49_k24_L4_lr0.002_s17,49,24,0.4897959183673469,17,val,2,0,2,3,2,112.0,80.0,0.02025478705763817,0.5518617033958435,653
moe_oeo_N49_k24_L4_lr0.002_s17,49,24,0.4897959183673469,17,val,3,0,3,3,4,112.0,144.0,0.01913338340818882,0.34574466943740845,653
moe_oeo_N49_k24_L4_lr0.002_s17,49,24,0.4897959183673469,17,val,4,0,4,4,3,144.0,112.0,0.019484661519527435,0.269946813583374,653
moe_oeo_N49_k24_L4_lr0.002_s17,49,24,0.4897959183673469,17,val,5,0,5,2,2,80.0,80.0,0.021109124645590782,0.6103723645210266,653
moe_oeo_N49_k24_L4_lr0.002_s17,49,24,0.4897959183673469,17,val,6,0,6,2,4,80.0,144.0,0.018392575904726982,0.27260637283325195,653
moe_oeo_N49_k24_L4_lr0.002_s17,49,24,0.4897959183673469,17,val,7,1,0,4,2,144.0,80.0,0.018763480708003044,0.1489361673593521,653
moe_oeo_N49_k24_L4_lr0.002_s17,49,24,0.4897959183673469,17,val,8,1,1,4,4,144.0,144.0,0.021188460290431976,0.8444148898124695,653
moe_oeo_N49_k24_L4_lr0.002_s17,49,24,0.4897959183673469,17,val,9,1,2,1,3,48.0,112.0,0.019470760598778725,0.2739361822605133,653
moe_oeo_N49_k24_L4_lr0.002_s17,49,24,0.4897959183673469,17,val,10,1,3,3,1,112.0,48.0,0.02067919448018074,0.6728723645210266,653
moe_oeo_N49_k24_L4_lr0.002_s17,49,24,0.4897959183673469,17,val,11,1,4,3,5,112.0,176.0,0.019225429743528366,0.3710106313228607,653
moe_oeo_N49_k24_L4_lr0.002_s17,49,24,0.4897959183673469,17,val,12,1,5,5,3,176.0,112.0,0.02002529241144657,0.6489361524581909,653
moe_oeo_N49_k24_L4_lr0.002_s17,49,24,0.4897959183673469,17,val,13,1,6,1,2,48.0,80.0,0.02077106013894081,0.5691489577293396,653
moe_oeo_N49_k24_L4_lr0.002_s17,49,24,0.4897959183673469,17,val,14,2,0,1,4,48.0,144.0,0.018742002546787262,0.3191489279270172,653
moe_oeo_N49_k24_L4_lr0.002_s17,49,24,0.4897959183673469,17,val,15,2,1,2,1,80.0,48.0,0.02152182161808014,0.6728723645210266,653
moe_oeo_N49_k24_L4_lr0.002_s17,49,24,0.4897959183673469,17,val,16,2,2,2,5,80.0,176.0,0.020788459107279778,0.519946813583374,653
moe_oeo_N49_k24_L4_lr0.002_s17,49,24,0.4897959183673469,17,val,17,2,3,4,1,144.0,48.0,0.03505299612879753,1.0,653
moe_oeo_N49_k24_L4_lr0.002_s17,49,24,0.4897959183673469,17,val,18,2,4,4,5,144.0,176.0,0.01963704451918602,0.3510638177394867,653
moe_oeo_N49_k24_L4_lr0.002_s17,49,24,0.4897959183673469,17,val,19,2,5,5,2,176.0,80.0,0.01994386315345764,0.6090425252914429,653
moe_oeo_N49_k24_L4_lr0.002_s17,49,24,0.4897959183673469,17,val,20,2,6,5,4,176.0,144.0,0.01940857619047165,0.2606382966041565,653
moe_oeo_N49_k24_L4_lr0.002_s17,49,24,0.4897959183673469,17,val,21,3,0,1,1,48.0,48.0,0.021135840564966202,0.6196808218955994,653
moe_oeo_N49_k24_L4_lr0.002_s17,49,24,0.4897959183673469,17,val,22,3,1,1,5,48.0,176.0,0.01930677890777588,0.39361703395843506,653
moe_oeo_N49_k24_L4_lr0.002_s17,49,24,0.4897959183673469,17,val,23,3,2,5,1,176.0,48.0,0.026653919368982315,0.9973404407501221,653
moe_oeo_N49_k24_L4_lr0.002_s17,49,24,0.4897959183673469,17,val,24,3,3,5,5,176.0,176.0,0.01693032681941986,0.005319148767739534,653
moe_oeo_N49_k24_L4_lr0.002_s17,49,24,0.4897959183673469,17,val,25,3,4,0,3,16.0,112.0,0.025573017075657845,0.9960106611251831,653
moe_oeo_N49_k24_L4_lr0.002_s17,49,24,0.4897959183673469,17,val,26,3,5,3,0,112.0,16.0,0.021109551191329956,0.896276593208313,653
moe_oeo_N49_k24_L4_lr0.002_s17,49,24,0.4897959183673469,17,val,27,3,6,3,6,112.0,208.0,0.019076135009527206,0.33909574151039124,653
moe_oeo_N49_k24_L4_lr0.002_s17,49,24,0.4897959183673469,17,val,28,4,0,6,3,208.0,112.0,0.020136769860982895,0.667553186416626,653
moe_oeo_N49_k24_L4_lr0.002_s17,49,24,0.4897959183673469,17,val,29,4,1,0,2,16.0,80.0,0.021066222339868546,0.6130319237709045,653
moe_oeo_N49_k24_L4_lr0.002_s17,49,24,0.4897959183673469,17,val,30,4,2,0,4,16.0,144.0,0.018172012642025948,0.09175531566143036,653
moe_oeo_N49_k24_L4_lr0.002_s17,49,24,0.4897959183673469,17,val,31,4,3,2,0,80.0,16.0,0.020417595282197,0.5132978558540344,653
moe_oeo_N49_k24_L4_lr0.002_s17,49,24,0.4897959183673469,17,val,32,4,4,2,6,80.0,208.0,0.018493633717298508,0.2952127754688263,653
moe_oeo_N49_k24_L4_lr0.002_s17,49,24,0.4897959183673469,17,val,33,4,5,4,0,144.0,16.0,0.019848600029945374,0.3989361822605133,653
moe_oeo_N49_k24_L4_lr0.002_s17,49,24,0.4897959183673469,17,val,34,4,6,4,6,144.0,208.0,0.020994892343878746,0.7978723645210266,653
moe_oeo_N49_k24_L4_lr0.002_s17,49,24,0.4897959183673469,17,val,35,5,0,6,2,208.0,80.0,0.020068885758519173,0.6276595592498779,653
moe_oeo_N49_k24_L4_lr0.002_s17,49,24,0.4897959183673469,17,val,36,5,1,6,4,208.0,144.0,0.020602963864803314,0.7340425252914429,653
moe_oeo_N49_k24_L4_lr0.002_s17,49,24,0.4897959183673469,17,val,37,5,2,0,1,16.0,48.0,0.021534588187932968,0.6742021441459656,653
moe_oeo_N49_k24_L4_lr0.002_s17,49,24,0.4897959183673469,17,val,38,5,3,0,5,16.0,176.0,0.01848248764872551,0.292553186416626,653
moe_oeo_N49_k24_L4_lr0.002_s17,49,24,0.4897959183673469,17,val,39,5,4,1,0,48.0,16.0,0.021332623437047005,0.623670220375061,653
moe_oeo_N49_k24_L4_lr0.002_s17,49,24,0.4897959183673469,17,val,40,5,5,1,6,48.0,208.0,0.01871618814766407,0.34175533056259155,653
moe_oeo_N49_k24_L4_lr0.002_s17,49,24,0.4897959183673469,17,val,41,5,6,5,0,176.0,16.0,0.019520562142133713,0.2779255211353302,653
moe_oeo_N49_k24_L4_lr0.002_s17,49,24,0.4897959183673469,17,val,42,6,0,5,6,176.0,208.0,0.01934310607612133,0.22473403811454773,653
moe_oeo_N49_k24_L4_lr0.002_s17,49,24,0.4897959183673469,17,val,43,6,1,6,1,208.0,48.0,0.019876495003700256,0.40026596188545227,653
moe_oeo_N49_k24_L4_lr0.002_s17,49,24,0.4897959183673469,17,val,44,6,2,6,5,208.0,176.0,0.01952344737946987,0.27526596188545227,653
moe_oeo_N49_k24_L4_lr0.002_s17,49,24,0.4897959183673469,17,val,45,6,3,0,0,16.0,16.0,0.02135172300040722,0.6329787373542786,653
moe_oeo_N49_k24_L4_lr0.002_s17,49,24,0.4897959183673469,17,val,46,6,4,0,6,16.0,208.0,0.018634062260389328,0.32446807622909546,653
moe_oeo_N49_k24_L4_lr0.002_s17,49,24,0.4897959183673469,17,val,47,6,5,6,0,208.0,16.0,0.01876118592917919,0.13696809113025665,653
moe_oeo_N49_k24_L4_lr0.002_s17,49,24,0.4897959183673469,17,val,48,6,6,6,6,208.0,208.0,0.020741049200296402,0.7632978558540344,653
moe_oeo_N49_k49_L4_lr0.002_s17,49,49,1.0,17,train,0,0,0,3,3,112.0,112.0,0.018960129469633102,1.0,1
moe_oeo_N49_k49_L4_lr0.002_s17,49,49,1.0,17,train,1,0,1,2,3,80.0,112.0,0.01921597309410572,1.0,1
moe_oeo_N49_k49_L4_lr0.002_s17,49,49,1.0,17,train,2,0,2,3,2,112.0,80.0,0.019564853981137276,1.0,1
moe_oeo_N49_k49_L4_lr0.002_s17,49,49,1.0,17,train,3,0,3,3,4,112.0,144.0,0.01880761794745922,1.0,1
moe_oeo_N49_k49_L4_lr0.002_s17,49,49,1.0,17,train,4,0,4,4,3,144.0,112.0,0.01902732625603676,1.0,1
moe_oeo_N49_k49_L4_lr0.002_s17,49,49,1.0,17,train,5,0,5,2,2,80.0,80.0,0.024685848504304886,1.0,1
moe_oeo_N49_k49_L4_lr0.002_s17,49,49,1.0,17,train,6,0,6,2,4,80.0,144.0,0.018461104482412338,1.0,1
moe_oeo_N49_k49_L4_lr0.002_s17,49,49,1.0,17,train,7,1,0,4,2,144.0,80.0,0.01961153745651245,1.0,1
moe_oeo_N49_k49_L4_lr0.002_s17,49,49,1.0,17,train,8,1,1,4,4,144.0,144.0,0.02102106809616089,1.0,1
moe_oeo_N49_k49_L4_lr0.002_s17,49,49,1.0,17,train,9,1,2,1,3,48.0,112.0,0.019470909610390663,1.0,1
moe_oeo_N49_k49_L4_lr0.002_s17,49,49,1.0,17,train,10,1,3,3,1,112.0,48.0,0.019771622493863106,1.0,1
moe_oeo_N49_k49_L4_lr0.002_s17,49,49,1.0,17,train,11,1,4,3,5,112.0,176.0,0.018939107656478882,1.0,1
moe_oeo_N49_k49_L4_lr0.002_s17,49,49,1.0,17,train,12,1,5,5,3,176.0,112.0,0.019389821216464043,1.0,1
moe_oeo_N49_k49_L4_lr0.002_s17,49,49,1.0,17,train,13,1,6,1,2,48.0,80.0,0.023454466834664345,1.0,1
moe_oeo_N49_k49_L4_lr0.002_s17,49,49,1.0,17,train,14,2,0,1,4,48.0,144.0,0.01843971572816372,1.0,1
moe_oeo_N49_k49_L4_lr0.002_s17,49,49,1.0,17,train,15,2,1,2,1,80.0,48.0,0.02710615284740925,1.0,1
moe_oeo_N49_k49_L4_lr0.002_s17,49,49,1.0,17,train,16,2,2,2,5,80.0,176.0,0.02047017216682434,1.0,1
moe_oeo_N49_k49_L4_lr0.002_s17,49,49,1.0,17,train,17,2,3,4,1,144.0,48.0,0.02608356438577175,1.0,1
moe_oeo_N49_k49_L4_lr0.002_s17,49,49,1.0,17,train,18,2,4,4,5,144.0,176.0,0.02063293568789959,1.0,1
moe_oeo_N49_k49_L4_lr0.002_s17,49,49,1.0,17,train,19,2,5,5,2,176.0,80.0,0.020434647798538208,1.0,1
moe_oeo_N49_k49_L4_lr0.002_s17,49,49,1.0,17,train,20,2,6,5,4,176.0,144.0,0.01915019005537033,1.0,1
moe_oeo_N49_k49_L4_lr0.002_s17,49,49,1.0,17,train,21,3,0,1,1,48.0,48.0,0.020000221207737923,1.0,1
moe_oeo_N49_k49_L4_lr0.002_s17,49,49,1.0,17,train,22,3,1,1,5,48.0,176.0,0.019013457000255585,1.0,1
moe_oeo_N49_k49_L4_lr0.002_s17,49,49,1.0,17,train,23,3,2,5,1,176.0,48.0,0.022980647161602974,1.0,1
moe_oeo_N49_k49_L4_lr0.002_s17,49,49,1.0,17,train,24,3,3,5,5,176.0,176.0,0.015817178413271904,1.0,1
moe_oeo_N49_k49_L4_lr0.002_s17,49,49,1.0,17,train,25,3,4,0,3,16.0,112.0,0.027852796018123627,1.0,1
moe_oeo_N49_k49_L4_lr0.002_s17,49,49,1.0,17,train,26,3,5,3,0,112.0,16.0,0.020385708659887314,1.0,1
moe_oeo_N49_k49_L4_lr0.002_s17,49,49,1.0,17,train,27,3,6,3,6,112.0,208.0,0.01886163279414177,1.0,1
moe_oeo_N49_k49_L4_lr0.002_s17,49,49,1.0,17,train,28,4,0,6,3,208.0,112.0,0.019807998090982437,1.0,1
moe_oeo_N49_k49_L4_lr0.002_s17,49,49,1.0,17,train,29,4,1,0,2,16.0,80.0,0.020131926983594894,1.0,1
moe_oeo_N49_k49_L4_lr0.002_s17,49,49,1.0,17,train,30,4,2,0,4,16.0,144.0,0.020279940217733383,1.0,1
moe_oeo_N49_k49_L4_lr0.002_s17,49,49,1.0,17,train,31,4,3,2,0,80.0,16.0,0.02720779739320278,1.0,1
moe_oeo_N49_k49_L4_lr0.002_s17,49,49,1.0,17,train,32,4,4,2,6,80.0,208.0,0.019813375547528267,1.0,1
moe_oeo_N49_k49_L4_lr0.002_s17,49,49,1.0,17,train,33,4,5,4,0,144.0,16.0,0.019743092358112335,1.0,1
moe_oeo_N49_k49_L4_lr0.002_s17,49,49,1.0,17,train,34,4,6,4,6,144.0,208.0,0.019042398780584335,1.0,1
moe_oeo_N49_k49_L4_lr0.002_s17,49,49,1.0,17,train,35,5,0,6,2,208.0,80.0,0.021521225571632385,1.0,1
moe_oeo_N49_k49_L4_lr0.002_s17,49,49,1.0,17,train,36,5,1,6,4,208.0,144.0,0.019489502534270287,1.0,1
moe_oeo_N49_k49_L4_lr0.002_s17,49,49,1.0,17,train,37,5,2,0,1,16.0,48.0,0.021354787051677704,1.0,1
moe_oeo_N49_k49_L4_lr0.002_s17,49,49,1.0,17,train,38,5,3,0,5,16.0,176.0,0.019252892583608627,1.0,1
moe_oeo_N49_k49_L4_lr0.002_s17,49,49,1.0,17,train,39,5,4,1,0,48.0,16.0,0.021483484655618668,1.0,1
moe_oeo_N49_k49_L4_lr0.002_s17,49,49,1.0,17,train,40,5,5,1,6,48.0,208.0,0.018504073843359947,1.0,1
moe_oeo_N49_k49_L4_lr0.002_s17,49,49,1.0,17,train,41,5,6,5,0,176.0,16.0,0.019806625321507454,1.0,1
moe_oeo_N49_k49_L4_lr0.002_s17,49,49,1.0,17,train,42,6,0,5,6,176.0,208.0,0.019130421802401543,1.0,1
moe_oeo_N49_k49_L4_lr0.002_s17,49,49,1.0,17,train,43,6,1,6,1,208.0,48.0,0.020230980589985847,1.0,1
moe_oeo_N49_k49_L4_lr0.002_s17,49,49,1.0,17,train,44,6,2,6,5,208.0,176.0,0.01882016286253929,1.0,1
moe_oeo_N49_k49_L4_lr0.002_s17,49,49,1.0,17,train,45,6,3,0,0,16.0,16.0,0.020654184743762016,1.0,1
moe_oeo_N49_k49_L4_lr0.002_s17,49,49,1.0,17,train,46,6,4,0,6,16.0,208.0,0.018573874607682228,1.0,1
moe_oeo_N49_k49_L4_lr0.002_s17,49,49,1.0,17,train,47,6,5,6,0,208.0,16.0,0.01845654845237732,1.0,1
moe_oeo_N49_k49_L4_lr0.002_s17,49,49,1.0,17,train,48,6,6,6,6,208.0,208.0,0.01908428966999054,1.0,1
moe_oeo_N49_k49_L4_lr0.002_s17,49,49,1.0,17,val,0,0,0,3,3,112.0,112.0,0.018966108560562134,1.0,1
moe_oeo_N49_k49_L4_lr0.002_s17,49,49,1.0,17,val,1,0,1,2,3,80.0,112.0,0.01916770450770855,1.0,1
moe_oeo_N49_k49_L4_lr0.002_s17,49,49,1.0,17,val,2,0,2,3,2,112.0,80.0,0.019590379670262337,1.0,1
moe_oeo_N49_k49_L4_lr0.002_s17,49,49,1.0,17,val,3,0,3,3,4,112.0,144.0,0.018808014690876007,1.0,1
moe_oeo_N49_k49_L4_lr0.002_s17,49,49,1.0,17,val,4,0,4,4,3,144.0,112.0,0.019002655521035194,1.0,1
moe_oeo_N49_k49_L4_lr0.002_s17,49,49,1.0,17,val,5,0,5,2,2,80.0,80.0,0.024842828512191772,1.0,1
moe_oeo_N49_k49_L4_lr0.002_s17,49,49,1.0,17,val,6,0,6,2,4,80.0,144.0,0.018460338935256004,1.0,1
moe_oeo_N49_k49_L4_lr0.002_s17,49,49,1.0,17,val,7,1,0,4,2,144.0,80.0,0.019610073417425156,1.0,1
moe_oeo_N49_k49_L4_lr0.002_s17,49,49,1.0,17,val,8,1,1,4,4,144.0,144.0,0.02111060917377472,1.0,1
moe_oeo_N49_k49_L4_lr0.002_s17,49,49,1.0,17,val,9,1,2,1,3,48.0,112.0,0.019494658336043358,1.0,1
moe_oeo_N49_k49_L4_lr0.002_s17,49,49,1.0,17,val,10,1,3,3,1,112.0,48.0,0.01978478953242302,1.0,1
moe_oeo_N49_k49_L4_lr0.002_s17,49,49,1.0,17,val,11,1,4,3,5,112.0,176.0,0.01894291304051876,1.0,1
moe_oeo_N49_k49_L4_lr0.002_s17,49,49,1.0,17,val,12,1,5,5,3,176.0,112.0,0.019316967576742172,1.0,1
moe_oeo_N49_k49_L4_lr0.002_s17,49,49,1.0,17,val,13,1,6,1,2,48.0,80.0,0.023513205349445343,1.0,1
moe_oeo_N49_k49_L4_lr0.002_s17,49,49,1.0,17,val,14,2,0,1,4,48.0,144.0,0.018453048542141914,1.0,1
moe_oeo_N49_k49_L4_lr0.002_s17,49,49,1.0,17,val,15,2,1,2,1,80.0,48.0,0.027544083073735237,1.0,1
moe_oeo_N49_k49_L4_lr0.002_s17,49,49,1.0,17,val,16,2,2,2,5,80.0,176.0,0.020451538264751434,1.0,1
moe_oeo_N49_k49_L4_lr0.002_s17,49,49,1.0,17,val,17,2,3,4,1,144.0,48.0,0.02612171694636345,1.0,1
moe_oeo_N49_k49_L4_lr0.002_s17,49,49,1.0,17,val,18,2,4,4,5,144.0,176.0,0.020653126761317253,1.0,1
moe_oeo_N49_k49_L4_lr0.002_s17,49,49,1.0,17,val,19,2,5,5,2,176.0,80.0,0.02027120254933834,1.0,1
moe_oeo_N49_k49_L4_lr0.002_s17,49,49,1.0,17,val,20,2,6,5,4,176.0,144.0,0.0191634651273489,1.0,1
moe_oeo_N49_k49_L4_lr0.002_s17,49,49,1.0,17,val,21,3,0,1,1,48.0,48.0,0.020041486248373985,1.0,1
moe_oeo_N49_k49_L4_lr0.002_s17,49,49,1.0,17,val,22,3,1,1,5,48.0,176.0,0.018961995840072632,1.0,1
moe_oeo_N49_k49_L4_lr0.002_s17,49,49,1.0,17,val,23,3,2,5,1,176.0,48.0,0.022934673354029655,1.0,1
moe_oeo_N49_k49_L4_lr0.002_s17,49,49,1.0,17,val,24,3,3,5,5,176.0,176.0,0.01579706184566021,1.0,1
moe_oeo_N49_k49_L4_lr0.002_s17,49,49,1.0,17,val,25,3,4,0,3,16.0,112.0,0.027926404029130936,1.0,1
moe_oeo_N49_k49_L4_lr0.002_s17,49,49,1.0,17,val,26,3,5,3,0,112.0,16.0,0.020413698628544807,1.0,1
moe_oeo_N49_k49_L4_lr0.002_s17,49,49,1.0,17,val,27,3,6,3,6,112.0,208.0,0.018777629360556602,1.0,1
moe_oeo_N49_k49_L4_lr0.002_s17,49,49,1.0,17,val,28,4,0,6,3,208.0,112.0,0.01977665349841118,1.0,1
moe_oeo_N49_k49_L4_lr0.002_s17,49,49,1.0,17,val,29,4,1,0,2,16.0,80.0,0.020220819860696793,1.0,1
moe_oeo_N49_k49_L4_lr0.002_s17,49,49,1.0,17,val,30,4,2,0,4,16.0,144.0,0.02031821198761463,1.0,1
moe_oeo_N49_k49_L4_lr0.002_s17,49,49,1.0,17,val,31,4,3,2,0,80.0,16.0,0.027129685506224632,1.0,1
moe_oeo_N49_k49_L4_lr0.002_s17,49,49,1.0,17,val,32,4,4,2,6,80.0,208.0,0.019677268341183662,1.0,1
moe_oeo_N49_k49_L4_lr0.002_s17,49,49,1.0,17,val,33,4,5,4,0,144.0,16.0,0.01975286193192005,1.0,1
moe_oeo_N49_k49_L4_lr0.002_s17,49,49,1.0,17,val,34,4,6,4,6,144.0,208.0,0.01896803267300129,1.0,1
moe_oeo_N49_k49_L4_lr0.002_s17,49,49,1.0,17,val,35,5,0,6,2,208.0,80.0,0.021432748064398766,1.0,1
moe_oeo_N49_k49_L4_lr0.002_s17,49,49,1.0,17,val,36,5,1,6,4,208.0,144.0,0.01945766806602478,1.0,1
moe_oeo_N49_k49_L4_lr0.002_s17,49,49,1.0,17,val,37,5,2,0,1,16.0,48.0,0.02142397128045559,1.0,1
moe_oeo_N49_k49_L4_lr0.002_s17,49,49,1.0,17,val,38,5,3,0,5,16.0,176.0,0.019271956756711006,1.0,1
moe_oeo_N49_k49_L4_lr0.002_s17,49,49,1.0,17,val,39,5,4,1,0,48.0,16.0,0.02147488482296467,1.0,1
moe_oeo_N49_k49_L4_lr0.002_s17,49,49,1.0,17,val,40,5,5,1,6,48.0,208.0,0.018399685621261597,1.0,1
moe_oeo_N49_k49_L4_lr0.002_s17,49,49,1.0,17,val,41,5,6,5,0,176.0,16.0,0.01974726840853691,1.0,1
moe_oeo_N49_k49_L4_lr0.002_s17,49,49,1.0,17,val,42,6,0,5,6,176.0,208.0,0.019047865644097328,1.0,1
moe_oeo_N49_k49_L4_lr0.002_s17,49,49,1.0,17,val,43,6,1,6,1,208.0,48.0,0.020268986001610756,1.0,1
moe_oeo_N49_k49_L4_lr0.002_s17,49,49,1.0,17,val,44,6,2,6,5,208.0,176.0,0.018836135044693947,1.0,1
moe_oeo_N49_k49_L4_lr0.002_s17,49,49,1.0,17,val,45,6,3,0,0,16.0,16.0,0.0207365769892931,1.0,1
moe_oeo_N49_k49_L4_lr0.002_s17,49,49,1.0,17,val,46,6,4,0,6,16.0,208.0,0.018523143604397774,1.0,1
moe_oeo_N49_k49_L4_lr0.002_s17,49,49,1.0,17,val,47,6,5,6,0,208.0,16.0,0.0183758232742548,1.0,1
moe_oeo_N49_k49_L4_lr0.002_s17,49,49,1.0,17,val,48,6,6,6,6,208.0,208.0,0.019037380814552307,1.0,1
moe_oeo_N4_k1_L4_lr0.002_s27,4,1,0.25,27,train,0,0,0,0,0,96.0,96.0,0.2509838938713074,0.2422768920660019,4
moe_oeo_N4_k1_L4_lr0.002_s27,4,1,0.25,27,train,1,0,1,0,1,96.0,128.0,0.23339861631393433,0.04004576802253723,4
moe_oeo_N4_k1_L4_lr0.002_s27,4,1,0.25,27,train,2,1,0,1,0,128.0,96.0,0.2582118511199951,0.29948511719703674,4
moe_oeo_N4_k1_L4_lr0.002_s27,4,1,0.25,27,train,3,1,1,1,1,128.0,128.0,0.2574056386947632,0.41819220781326294,4
moe_oeo_N4_k1_L4_lr0.002_s27,4,1,0.25,27,val,0,0,0,0,0,96.0,96.0,0.2513500154018402,0.25930851697921753,4
moe_oeo_N4_k1_L4_lr0.002_s27,4,1,0.25,27,val,1,0,1,0,1,96.0,128.0,0.232997328042984,0.03723404183983803,4
moe_oeo_N4_k1_L4_lr0.002_s27,4,1,0.25,27,val,2,1,0,1,0,128.0,96.0,0.2576179802417755,0.30452126264572144,4
moe_oeo_N4_k1_L4_lr0.002_s27,4,1,0.25,27,val,3,1,1,1,1,128.0,128.0,0.25803467631340027,0.3989361822605133,4
moe_oeo_N4_k2_L4_lr0.002_s27,4,2,0.5,27,train,0,0,0,0,0,96.0,96.0,0.17769552767276764,0.014588100835680962,4
moe_oeo_N4_k2_L4_lr0.002_s27,4,2,0.5,27,train,1,0,1,0,1,96.0,128.0,0.18039266765117645,0.0048627001233398914,4
moe_oeo_N4_k2_L4_lr0.002_s27,4,2,0.5,27,train,2,1,0,1,0,128.0,96.0,0.26138970255851746,0.9808352589607239,4
moe_oeo_N4_k2_L4_lr0.002_s27,4,2,0.5,27,train,3,1,1,1,1,128.0,128.0,0.38052210211753845,0.9997139573097229,4
moe_oeo_N4_k2_L4_lr0.002_s27,4,2,0.5,27,val,0,0,0,0,0,96.0,96.0,0.17758812010288239,0.011968085542321205,3
moe_oeo_N4_k2_L4_lr0.002_s27,4,2,0.5,27,val,1,0,1,0,1,96.0,128.0,0.1797945499420166,0.0013297871919348836,3
moe_oeo_N4_k2_L4_lr0.002_s27,4,2,0.5,27,val,2,1,0,1,0,128.0,96.0,0.2599550485610962,0.9867021441459656,3
moe_oeo_N4_k2_L4_lr0.002_s27,4,2,0.5,27,val,3,1,1,1,1,128.0,128.0,0.38266226649284363,1.0,3
moe_oeo_N4_k3_L4_lr0.002_s27,4,3,0.75,27,train,0,0,0,0,0,96.0,96.0,0.1961316019296646,0.997139573097229,2
moe_oeo_N4_k3_L4_lr0.002_s27,4,3,0.75,27,train,1,0,1,0,1,96.0,128.0,0.1411428600549698,0.0028604120016098022,2
moe_oeo_N4_k3_L4_lr0.002_s27,4,3,0.75,27,train,2,1,0,1,0,128.0,96.0,0.27309924364089966,1.0,2
moe_oeo_N4_k3_L4_lr0.002_s27,4,3,0.75,27,train,3,1,1,1,1,128.0,128.0,0.38962626457214355,1.0,2
moe_oeo_N4_k3_L4_lr0.002_s27,4,3,0.75,27,val,0,0,0,0,0,96.0,96.0,0.19642269611358643,1.0,1
moe_oeo_N4_k3_L4_lr0.002_s27,4,3,0.75,27,val,1,0,1,0,1,96.0,128.0,0.14103172719478607,0.0,1
moe_oeo_N4_k3_L4_lr0.002_s27,4,3,0.75,27,val,2,1,0,1,0,128.0,96.0,0.2724420130252838,1.0,1
moe_oeo_N4_k3_L4_lr0.002_s27,4,3,0.75,27,val,3,1,1,1,1,128.0,128.0,0.3901035189628601,1.0,1
moe_oeo_N4_k4_L4_lr0.002_s27,4,4,1.0,27,train,0,0,0,0,0,96.0,96.0,0.19744031131267548,1.0,1
moe_oeo_N4_k4_L4_lr0.002_s27,4,4,1.0,27,train,1,0,1,0,1,96.0,128.0,0.20488189160823822,1.0,1
moe_oeo_N4_k4_L4_lr0.002_s27,4,4,1.0,27,train,2,1,0,1,0,128.0,96.0,0.2690810561180115,1.0,1
moe_oeo_N4_k4_L4_lr0.002_s27,4,4,1.0,27,train,3,1,1,1,1,128.0,128.0,0.32859674096107483,1.0,1
moe_oeo_N4_k4_L4_lr0.002_s27,4,4,1.0,27,val,0,0,0,0,0,96.0,96.0,0.19784152507781982,1.0,1
moe_oeo_N4_k4_L4_lr0.002_s27,4,4,1.0,27,val,1,0,1,0,1,96.0,128.0,0.20468991994857788,1.0,1
moe_oeo_N4_k4_L4_lr0.002_s27,4,4,1.0,27,val,2,1,0,1,0,128.0,96.0,0.2684524357318878,1.0,1
moe_oeo_N4_k4_L4_lr0.002_s27,4,4,1.0,27,val,3,1,1,1,1,128.0,128.0,0.32901614904403687,1.0,1
moe_oeo_N16_k1_L4_lr0.002_s27,16,1,0.0625,27,train,0,0,0,1,1,96.0,96.0,0.06632935255765915,0.1195652186870575,16
moe_oeo_N16_k1_L4_lr0.002_s27,16,1,0.0625,27,train,1,0,1,1,2,96.0,128.0,0.05847989395260811,0.014874141663312912,16
moe_oeo_N16_k1_L4_lr0.002_s27,16,1,0.0625,27,train,2,0,2,2,1,128.0,96.0,0.06642691045999527,0.10183066129684448,16
moe_oeo_N16_k1_L4_lr0.002_s27,16,1,0.0625,27,train,3,0,3,2,2,128.0,128.0,0.06253830343484879,0.02574370801448822,16
moe_oeo_N16_k1_L4_lr0.002_s27,16,1,0.0625,27,train,4,1,0,0,1,64.0,96.0,0.06654884666204453,0.1192791759967804,16
moe_oeo_N16_k1_L4_lr0.002_s27,16,1,0.0625,27,train,5,1,1,0,2,64.0,128.0,0.05342697352170944,0.0008581235888414085,16
moe_oeo_N16_k1_L4_lr0.002_s27,16,1,0.0625,27,train,6,1,2,1,0,96.0,64.0,0.05793549120426178,0.005148741416633129,16
moe_oeo_N16_k1_L4_lr0.002_s27,16,1,0.0625,27,train,7,1,3,1,3,96.0,160.0,0.058156341314315796,0.010297482833266258,16
moe_oeo_N16_k1_L4_lr0.002_s27,16,1,0.0625,27,train,8,2,0,2,0,128.0,64.0,0.06434228271245956,0.03775743767619133,16
moe_oeo_N16_k1_L4_lr0.002_s27,16,1,0.0625,27,train,9,2,1,2,3,128.0,160.0,0.06304948776960373,0.02316933684051037,16
moe_oeo_N16_k1_L4_lr0.002_s27,16,1,0.0625,27,train,10,2,2,3,1,160.0,96.0,0.06740459054708481,0.33581236004829407,16
moe_oeo_N16_k1_L4_lr0.002_s27,16,1,0.0625,27,train,11,2,3,3,2,160.0,128.0,0.06354071199893951,0.03918764367699623,16
moe_oeo_N16_k1_L4_lr0.002_s27,16,1,0.0625,27,train,12,3,0,0,0,64.0,64.0,0.0656040832400322,0.08495423197746277,16
moe_oeo_N16_k1_L4_lr0.002_s27,16,1,0.0625,27,train,13,3,1,0,3,64.0,160.0,0.05859791859984398,0.02602974884212017,16
moe_oeo_N16_k1_L4_lr0.002_s27,16,1,0.0625,27,train,14,3,2,3,0,160.0,64.0,0.06446262449026108,0.03518306463956833,16
moe_oeo_N16_k1_L4_lr0.002_s27,16,1,0.0625,27,train,15,3,3,3,3,160.0,160.0,0.06315618753433228,0.020308924838900566,16
moe_oeo_N16_k1_L4_lr0.002_s27,16,1,0.0625,27,val,0,0,0,1,1,96.0,96.0,0.06649138778448105,0.12367021292448044,15
moe_oeo_N16_k1_L4_lr0.002_s27,16,1,0.0625,27,val,1,0,1,1,2,96.0,128.0,0.05836782231926918,0.01595744676887989,15
moe_oeo_N16_k1_L4_lr0.002_s27,16,1,0.0625,27,val,2,0,2,2,1,128.0,96.0,0.06620047241449356,0.10106383264064789,15
moe_oeo_N16_k1_L4_lr0.002_s27,16,1,0.0625,27,val,3,0,3,2,2,128.0,128.0,0.0627523809671402,0.03058510646224022,15
moe_oeo_N16_k1_L4_lr0.002_s27,16,1,0.0625,27,val,4,1,0,0,1,64.0,96.0,0.06652797758579254,0.10505319386720657,15
moe_oeo_N16_k1_L4_lr0.002_s27,16,1,0.0625,27,val,5,1,1,0,2,64.0,128.0,0.05341150239109993,0.0,15
moe_oeo_N16_k1_L4_lr0.002_s27,16,1,0.0625,27,val,6,1,2,1,0,96.0,64.0,0.05817572772502899,0.0066489363089203835,15
moe_oeo_N16_k1_L4_lr0.002_s27,16,1,0.0625,27,val,7,1,3,1,3,96.0,160.0,0.05838778614997864,0.019946807995438576,15
moe_oeo_N16_k1_L4_lr0.002_s27,16,1,0.0625,27,val,8,2,0,2,0,128.0,64.0,0.06443452835083008,0.04122340306639671,15
moe_oeo_N16_k1_L4_lr0.002_s27,16,1,0.0625,27,val,9,2,1,2,3,128.0,160.0,0.06303306668996811,0.017287233844399452,15
moe_oeo_N16_k1_L4_lr0.002_s27,16,1,0.0625,27,val,10,2,2,3,1,160.0,96.0,0.0669541284441948,0.3297872245311737,15
moe_oeo_N16_k1_L4_lr0.002_s27,16,1,0.0625,27,val,11,2,3,3,2,160.0,128.0,0.06348491460084915,0.03723404183983803,15
moe_oeo_N16_k1_L4_lr0.002_s27,16,1,0.0625,27,val,12,3,0,0,0,64.0,64.0,0.06578958034515381,0.08776595443487167,15
moe_oeo_N16_k1_L4_lr0.002_s27,16,1,0.0625,27,val,13,3,1,0,3,64.0,160.0,0.05855396389961243,0.03058510646224022,15
moe_oeo_N16_k1_L4_lr0.002_s27,16,1,0.0625,27,val,14,3,2,3,0,160.0,64.0,0.06424054503440857,0.03058510646224022,15
moe_oeo_N16_k1_L4_lr0.002_s27,16,1,0.0625,27,val,15,3,3,3,3,160.0,160.0,0.06319422274827957,0.0226063821464777,15
moe_oeo_N16_k4_L4_lr0.002_s27,16,4,0.25,27,train,0,0,0,1,1,96.0,96.0,0.060556184500455856,0.16132722795009613,165
moe_oeo_N16_k4_L4_lr0.002_s27,16,4,0.25,27,train,1,0,1,1,2,96.0,128.0,0.056682731956243515,0.04118993133306503,165
moe_oeo_N16_k4_L4_lr0.002_s27,16,4,0.25,27,train,2,0,2,2,1,128.0,96.0,0.09511587023735046,0.9954233169555664,165
moe_oeo_N16_k4_L4_lr0.002_s27,16,4,0.25,27,train,3,0,3,2,2,128.0,128.0,0.060559265315532684,0.07551487535238266,165
moe_oeo_N16_k4_L4_lr0.002_s27,16,4,0.25,27,train,4,1,0,0,1,64.0,96.0,0.07166530191898346,0.8200801014900208,165
moe_oeo_N16_k4_L4_lr0.002_s27,16,4,0.25,27,train,5,1,1,0,2,64.0,128.0,0.05151188373565674,0.003718535415828228,165
moe_oeo_N16_k4_L4_lr0.002_s27,16,4,0.25,27,train,6,1,2,1,0,96.0,64.0,0.0548553541302681,0.014874141663312912,165
moe_oeo_N16_k4_L4_lr0.002_s27,16,4,0.25,27,train,7,1,3,1,3,96.0,160.0,0.055831603705883026,0.018592678010463715,165
moe_oeo_N16_k4_L4_lr0.002_s27,16,4,0.25,27,train,8,2,0,2,0,128.0,64.0,0.06214958801865578,0.1398741453886032,165
moe_oeo_N16_k4_L4_lr0.002_s27,16,4,0.25,27,train,9,2,1,2,3,128.0,160.0,0.0585237480700016,0.019736841320991516,165
moe_oeo_N16_k4_L4_lr0.002_s27,16,4,0.25,27,train,10,2,2,3,1,160.0,96.0,0.07134328782558441,0.8744279146194458,165
moe_oeo_N16_k4_L4_lr0.002_s27,16,4,0.25,27,train,11,2,3,3,2,160.0,128.0,0.06108664721250534,0.07665903866291046,165
moe_oeo_N16_k4_L4_lr0.002_s27,16,4,0.25,27,train,12,3,0,0,0,64.0,64.0,0.057820361107587814,0.03518306463956833,165
moe_oeo_N16_k4_L4_lr0.002_s27,16,4,0.25,27,train,13,3,1,0,3,64.0,160.0,0.055190108716487885,0.008009153418242931,165
moe_oeo_N16_k4_L4_lr0.002_s27,16,4,0.25,27,train,14,3,2,3,0,160.0,64.0,0.06735354661941528,0.6799198985099792,165
moe_oeo_N16_k4_L4_lr0.002_s27,16,4,0.25,27,train,15,3,3,3,3,160.0,160.0,0.05975450947880745,0.03546910732984543,165
moe_oeo_N16_k4_L4_lr0.002_s27,16,4,0.25,27,val,0,0,0,1,1,96.0,96.0,0.060664065182209015,0.16489361226558685,85
moe_oeo_N16_k4_L4_lr0.002_s27,16,4,0.25,27,val,1,0,1,1,2,96.0,128.0,0.05658954381942749,0.03989361599087715,85
moe_oeo_N16_k4_L4_lr0.002_s27,16,4,0.25,27,val,2,0,2,2,1,128.0,96.0,0.09494570642709732,0.9973404407501221,85
moe_oeo_N16_k4_L4_lr0.002_s27,16,4,0.25,27,val,3,0,3,2,2,128.0,128.0,0.06076719984412193,0.07579787075519562,85
moe_oeo_N16_k4_L4_lr0.002_s27,16,4,0.25,27,val,4,1,0,0,1,64.0,96.0,0.07170677185058594,0.8364361524581909,85
moe_oeo_N16_k4_L4_lr0.002_s27,16,4,0.25,27,val,5,1,1,0,2,64.0,128.0,0.05150822550058365,0.0013297871919348836,85
moe_oeo_N16_k4_L4_lr0.002_s27,16,4,0.25,27,val,6,1,2,1,0,96.0,64.0,0.05506211146712303,0.021276595070958138,85
moe_oeo_N16_k4_L4_lr0.002_s27,16,4,0.25,27,val,7,1,3,1,3,96.0,160.0,0.056042782962322235,0.03058510646224022,85
moe_oeo_N16_k4_L4_lr0.002_s27,16,4,0.25,27,val,8,2,0,2,0,128.0,64.0,0.062214966863393784,0.13430851697921753,85
moe_oeo_N16_k4_L4_lr0.002_s27,16,4,0.25,27,val,9,2,1,2,3,128.0,160.0,0.058522433042526245,0.018617020919919014,85
moe_oeo_N16_k4_L4_lr0.002_s27,16,4,0.25,27,val,10,2,2,3,1,160.0,96.0,0.07091717422008514,0.8577127456665039,85
moe_oeo_N16_k4_L4_lr0.002_s27,16,4,0.25,27,val,11,2,3,3,2,160.0,128.0,0.06104421243071556,0.08244680613279343,85
moe_oeo_N16_k4_L4_lr0.002_s27,16,4,0.25,27,val,12,3,0,0,0,64.0,64.0,0.057922642678022385,0.04654255136847496,85
moe_oeo_N16_k4_L4_lr0.002_s27,16,4,0.25,27,val,13,3,1,0,3,64.0,160.0,0.0551571398973465,0.003989361692219973,85
moe_oeo_N16_k4_L4_lr0.002_s27,16,4,0.25,27,val,14,3,2,3,0,160.0,64.0,0.06713595241308212,0.6529255509376526,85
moe_oeo_N16_k4_L4_lr0.002_s27,16,4,0.25,27,val,15,3,3,3,3,160.0,160.0,0.05979909747838974,0.035904254764318466,85
moe_oeo_N16_k8_L4_lr0.002_s27,16,8,0.5,27,train,0,0,0,1,1,96.0,96.0,0.06417390704154968,0.5803775787353516,241
moe_oeo_N16_k8_L4_lr0.002_s27,16,8,0.5,27,train,1,0,1,1,2,96.0,128.0,0.05280892923474312,0.045766592025756836,241
moe_oeo_N16_k8_L4_lr0.002_s27,16,8,0.5,27,train,2,0,2,2,1,128.0,96.0,0.06930693238973618,0.9691075682640076,241
moe_oeo_N16_k8_L4_lr0.002_s27,16,8,0.5,27,train,3,0,3,2,2,128.0,128.0,0.05408811941742897,0.08209381997585297,241
moe_oeo_N16_k8_L4_lr0.002_s27,16,8,0.5,27,train,4,1,0,0,1,64.0,96.0,0.0720430538058281,0.9765446186065674,241
moe_oeo_N16_k8_L4_lr0.002_s27,16,8,0.5,27,train,5,1,1,0,2,64.0,128.0,0.04892280697822571,0.012299771420657635,241
moe_oeo_N16_k8_L4_lr0.002_s27,16,8,0.5,27,train,6,1,2,1,0,96.0,64.0,0.050281889736652374,0.042906180024147034,241
moe_oeo_N16_k8_L4_lr0.002_s27,16,8,0.5,27,train,7,1,3,1,3,96.0,160.0,0.06153596565127373,0.5074370503425598,241
moe_oeo_N16_k8_L4_lr0.002_s27,16,8,0.5,27,train,8,2,0,2,0,128.0,64.0,0.0634864866733551,0.8606979250907898,241
moe_oeo_N16_k8_L4_lr0.002_s27,16,8,0.5,27,train,9,2,1,2,3,128.0,160.0,0.052303705364465714,0.022883296012878418,241
moe_oeo_N16_k8_L4_lr0.002_s27,16,8,0.5,27,train,10,2,2,3,1,160.0,96.0,0.08451861888170242,0.9997139573097229,241
moe_oeo_N16_k8_L4_lr0.002_s27,16,8,0.5,27,train,11,2,3,3,2,160.0,128.0,0.0653483122587204,0.9041761755943298,241
moe_oeo_N16_k8_L4_lr0.002_s27,16,8,0.5,27,train,12,3,0,0,0,64.0,64.0,0.08410583436489105,0.9997139573097229,241
moe_oeo_N16_k8_L4_lr0.002_s27,16,8,0.5,27,train,13,3,1,0,3,64.0,160.0,0.06270644813776016,0.5426201224327087,241
moe_oeo_N16_k8_L4_lr0.002_s27,16,8,0.5,27,train,14,3,2,3,0,160.0,64.0,0.05795492231845856,0.30663615465164185,241
moe_oeo_N16_k8_L4_lr0.002_s27,16,8,0.5,27,train,15,3,3,3,3,160.0,160.0,0.05641406401991844,0.14702516794204712,241
moe_oeo_N16_k8_L4_lr0.002_s27,16,8,0.5,27,val,0,0,0,1,1,96.0,96.0,0.06432923674583435,0.583776593208313,106
moe_oeo_N16_k8_L4_lr0.002_s27,16,8,0.5,27,val,1,0,1,1,2,96.0,128.0,0.052716974169015884,0.04920212924480438,106
moe_oeo_N16_k8_L4_lr0.002_s27,16,8,0.5,27,val,2,0,2,2,1,128.0,96.0,0.06911317259073257,0.9707446694374084,106
moe_oeo_N16_k8_L4_lr0.002_s27,16,8,0.5,27,val,3,0,3,2,2,128.0,128.0,0.05422583967447281,0.0904255285859108,106
moe_oeo_N16_k8_L4_lr0.002_s27,16,8,0.5,27,val,4,1,0,0,1,64.0,96.0,0.07202576845884323,0.9707446694374084,106
moe_oeo_N16_k8_L4_lr0.002_s27,16,8,0.5,27,val,5,1,1,0,2,64.0,128.0,0.04889405518770218,0.014627659693360329,106
moe_oeo_N16_k8_L4_lr0.002_s27,16,8,0.5,27,val,6,1,2,1,0,96.0,64.0,0.05041251331567764,0.051861703395843506,106
moe_oeo_N16_k8_L4_lr0.002_s27,16,8,0.5,27,val,7,1,3,1,3,96.0,160.0,0.06174766272306442,0.49468085169792175,106
moe_oeo_N16_k8_L4_lr0.002_s27,16,8,0.5,27,val,8,2,0,2,0,128.0,64.0,0.0635991245508194,0.8803191781044006,106
moe_oeo_N16_k8_L4_lr0.002_s27,16,8,0.5,27,val,9,2,1,2,3,128.0,160.0,0.052284449338912964,0.021276595070958138,106
moe_oeo_N16_k8_L4_lr0.002_s27,16,8,0.5,27,val,10,2,2,3,1,160.0,96.0,0.08385457843542099,1.0,106
moe_oeo_N16_k8_L4_lr0.002_s27,16,8,0.5,27,val,11,2,3,3,2,160.0,128.0,0.0652657076716423,0.8869680762290955,106
moe_oeo_N16_k8_L4_lr0.002_s27,16,8,0.5,27,val,12,3,0,0,0,64.0,64.0,0.08468352258205414,1.0,106
moe_oeo_N16_k8_L4_lr0.002_s27,16,8,0.5,27,val,13,3,1,0,3,64.0,160.0,0.0626210942864418,0.542553186416626,106
moe_oeo_N16_k8_L4_lr0.002_s27,16,8,0.5,27,val,14,3,2,3,0,160.0,64.0,0.05778917297720909,0.29388296604156494,106
moe_oeo_N16_k8_L4_lr0.002_s27,16,8,0.5,27,val,15,3,3,3,3,160.0,160.0,0.05643713101744652,0.1489361673593521,106
moe_oeo_N16_k16_L4_lr0.002_s27,16,16,1.0,27,train,0,0,0,1,1,96.0,96.0,0.06756249070167542,1.0,1
moe_oeo_N16_k16_L4_lr0.002_s27,16,16,1.0,27,train,1,0,1,1,2,96.0,128.0,0.057375699281692505,1.0,1
moe_oeo_N16_k16_L4_lr0.002_s27,16,16,1.0,27,train,2,0,2,2,1,128.0,96.0,0.07422756403684616,1.0,1
moe_oeo_N16_k16_L4_lr0.002_s27,16,16,1.0,27,train,3,0,3,2,2,128.0,128.0,0.06004520133137703,1.0,1
moe_oeo_N16_k16_L4_lr0.002_s27,16,16,1.0,27,train,4,1,0,0,1,64.0,96.0,0.0651521161198616,1.0,1
moe_oeo_N16_k16_L4_lr0.002_s27,16,16,1.0,27,train,5,1,1,0,2,64.0,128.0,0.04647072032094002,1.0,1
moe_oeo_N16_k16_L4_lr0.002_s27,16,16,1.0,27,train,6,1,2,1,0,96.0,64.0,0.052267685532569885,1.0,1
moe_oeo_N16_k16_L4_lr0.002_s27,16,16,1.0,27,train,7,1,3,1,3,96.0,160.0,0.05650361627340317,1.0,1
moe_oeo_N16_k16_L4_lr0.002_s27,16,16,1.0,27,train,8,2,0,2,0,128.0,64.0,0.06766411662101746,1.0,1
moe_oeo_N16_k16_L4_lr0.002_s27,16,16,1.0,27,train,9,2,1,2,3,128.0,160.0,0.0607217475771904,1.0,1
moe_oeo_N16_k16_L4_lr0.002_s27,16,16,1.0,27,train,10,2,2,3,1,160.0,96.0,0.07983873039484024,1.0,1
moe_oeo_N16_k16_L4_lr0.002_s27,16,16,1.0,27,train,11,2,3,3,2,160.0,128.0,0.06060916557908058,1.0,1
moe_oeo_N16_k16_L4_lr0.002_s27,16,16,1.0,27,train,12,3,0,0,0,64.0,64.0,0.07307395339012146,1.0,1
moe_oeo_N16_k16_L4_lr0.002_s27,16,16,1.0,27,train,13,3,1,0,3,64.0,160.0,0.05675838142633438,1.0,1
moe_oeo_N16_k16_L4_lr0.002_s27,16,16,1.0,27,train,14,3,2,3,0,160.0,64.0,0.06128706410527229,1.0,1
moe_oeo_N16_k16_L4_lr0.002_s27,16,16,1.0,27,train,15,3,3,3,3,160.0,160.0,0.06044173240661621,1.0,1
moe_oeo_N16_k16_L4_lr0.002_s27,16,16,1.0,27,val,0,0,0,1,1,96.0,96.0,0.06774896383285522,1.0,1
moe_oeo_N16_k16_L4_lr0.002_s27,16,16,1.0,27,val,1,0,1,1,2,96.0,128.0,0.05726340040564537,1.0,1
moe_oeo_N16_k16_L4_lr0.002_s27,16,16,1.0,27,val,2,0,2,2,1,128.0,96.0,0.07404671609401703,1.0,1
moe_oeo_N16_k16_L4_lr0.002_s27,16,16,1.0,27,val,3,0,3,2,2,128.0,128.0,0.06023980304598808,1.0,1
moe_oeo_N16_k16_L4_lr0.002_s27,16,16,1.0,27,val,4,1,0,0,1,64.0,96.0,0.06514520943164825,1.0,1
moe_oeo_N16_k16_L4_lr0.002_s27,16,16,1.0,27,val,5,1,1,0,2,64.0,128.0,0.046467434614896774,1.0,1
moe_oeo_N16_k16_L4_lr0.002_s27,16,16,1.0,27,val,6,1,2,1,0,96.0,64.0,0.05244363099336624,1.0,1
moe_oeo_N16_k16_L4_lr0.002_s27,16,16,1.0,27,val,7,1,3,1,3,96.0,160.0,0.056671179831027985,1.0,1
moe_oeo_N16_k16_L4_lr0.002_s27,16,16,1.0,27,val,8,2,0,2,0,128.0,64.0,0.06781169027090073,1.0,1
moe_oeo_N16_k16_L4_lr0.002_s27,16,16,1.0,27,val,9,2,1,2,3,128.0,160.0,0.060659777373075485,1.0,1
moe_oeo_N16_k16_L4_lr0.002_s27,16,16,1.0,27,val,10,2,2,3,1,160.0,96.0,0.07925185561180115,1.0,1
moe_oeo_N16_k16_L4_lr0.002_s27,16,16,1.0,27,val,11,2,3,3,2,160.0,128.0,0.06053353473544121,1.0,1
moe_oeo_N16_k16_L4_lr0.002_s27,16,16,1.0,27,val,12,3,0,0,0,64.0,64.0,0.07349403947591782,1.0,1
moe_oeo_N16_k16_L4_lr0.002_s27,16,16,1.0,27,val,13,3,1,0,3,64.0,160.0,0.0566992461681366,1.0,1
moe_oeo_N16_k16_L4_lr0.002_s27,16,16,1.0,27,val,14,3,2,3,0,160.0,64.0,0.06105564534664154,1.0,1
moe_oeo_N16_k16_L4_lr0.002_s27,16,16,1.0,27,val,15,3,3,3,3,160.0,160.0,0.06046788766980171,1.0,1
moe_oeo_N25_k1_L4_lr0.002_s27,25,1,0.04,27,train,0,0,0,2,2,112.0,112.0,0.03867815062403679,0.0014302060008049011,24
moe_oeo_N25_k1_L4_lr0.002_s27,25,1,0.04,27,train,1,0,1,1,2,80.0,112.0,0.03893933445215225,0.004004576709121466,24
moe_oeo_N25_k1_L4_lr0.002_s27,25,1,0.04,27,train,2,0,2,2,1,112.0,80.0,0.03987498581409454,0.004290618002414703,24
moe_oeo_N25_k1_L4_lr0.002_s27,25,1,0.04,27,train,3,0,3,2,3,112.0,144.0,0.037545397877693176,0.0011441647075116634,24
moe_oeo_N25_k1_L4_lr0.002_s27,25,1,0.04,27,train,4,0,4,3,2,144.0,112.0,0.038450561463832855,0.001716247177682817,24
moe_oeo_N25_k1_L4_lr0.002_s27,25,1,0.04,27,train,5,1,0,1,1,80.0,80.0,0.04244006797671318,0.015446224249899387,24
moe_oeo_N25_k1_L4_lr0.002_s27,25,1,0.04,27,train,6,1,1,1,3,80.0,144.0,0.038140300661325455,0.009439359419047832,24
moe_oeo_N25_k1_L4_lr0.002_s27,25,1,0.04,27,train,7,1,2,3,1,144.0,80.0,0.04204520955681801,0.01344393566250801,24
moe_oeo_N25_k1_L4_lr0.002_s27,25,1,0.04,27,train,8,1,3,3,3,144.0,144.0,0.04105735197663307,0.011441648006439209,24
moe_oeo_N25_k1_L4_lr0.002_s27,25,1,0.04,27,train,9,1,4,0,2,48.0,112.0,0.03894048184156418,0.0031464530620723963,24
moe_oeo_N25_k1_L4_lr0.002_s27,25,1,0.04,27,train,10,2,0,2,0,112.0,48.0,0.0402032807469368,0.005148741416633129,24
moe_oeo_N25_k1_L4_lr0.002_s27,25,1,0.04,27,train,11,2,1,2,4,112.0,176.0,0.04000784829258919,0.00657894741743803,24
moe_oeo_N25_k1_L4_lr0.002_s27,25,1,0.04,27,train,12,2,2,4,2,176.0,112.0,0.03628917410969734,0.0,24
moe_oeo_N25_k1_L4_lr0.002_s27,25,1,0.04,27,train,13,2,3,0,1,48.0,80.0,0.05445032939314842,0.8401029706001282,24
moe_oeo_N25_k1_L4_lr0.002_s27,25,1,0.04,27,train,14,2,4,0,3,48.0,144.0,0.037498220801353455,0.002002288354560733,24
moe_oeo_N25_k1_L4_lr0.002_s27,25,1,0.04,27,train,15,3,0,1,0,80.0,48.0,0.04144982248544693,0.009725400246679783,24
moe_oeo_N25_k1_L4_lr0.002_s27,25,1,0.04,27,train,16,3,1,1,4,80.0,176.0,0.038019515573978424,0.0048627001233398914,24
moe_oeo_N25_k1_L4_lr0.002_s27,25,1,0.04,27,train,17,3,2,3,0,144.0,48.0,0.04342615604400635,0.05091533064842224,24
moe_oeo_N25_k1_L4_lr0.002_s27,25,1,0.04,27,train,18,3,3,3,4,144.0,176.0,0.04102092236280441,0.003432494355365634,24
moe_oeo_N25_k1_L4_lr0.002_s27,25,1,0.04,27,train,19,3,4,4,1,176.0,80.0,0.03863769397139549,0.0008581235888414085,24
moe_oeo_N25_k1_L4_lr0.002_s27,25,1,0.04,27,train,20,4,0,4,3,176.0,144.0,0.0381774827837944,0.002288329415023327,24
moe_oeo_N25_k1_L4_lr0.002_s27,25,1,0.04,27,train,21,4,1,0,0,48.0,48.0,0.04092999920248985,0.0048627001233398914,24
moe_oeo_N25_k1_L4_lr0.002_s27,25,1,0.04,27,train,22,4,2,0,4,48.0,176.0,0.03740350902080536,0.00028604117687791586,24
moe_oeo_N25_k1_L4_lr0.002_s27,25,1,0.04,27,train,23,4,3,4,0,176.0,48.0,0.03829243406653404,0.0028604120016098022,24
moe_oeo_N25_k1_L4_lr0.002_s27,25,1,0.04,27,train,24,4,4,4,4,176.0,176.0,0.038081757724285126,0.0005720823537558317,24
moe_oeo_N25_k1_L4_lr0.002_s27,25,1,0.04,27,val,0,0,0,2,2,112.0,112.0,0.038659390062093735,0.002659574383869767,19
moe_oeo_N25_k1_L4_lr0.002_s27,25,1,0.04,27,val,1,0,1,1,2,80.0,112.0,0.03880220279097557,0.0013297871919348836,19
moe_oeo_N25_k1_L4_lr0.002_s27,25,1,0.04,27,val,2,0,2,2,1,112.0,80.0,0.0399053692817688,0.003989361692219973,19
moe_oeo_N25_k1_L4_lr0.002_s27,25,1,0.04,27,val,3,0,3,2,3,112.0,144.0,0.0375223308801651,0.0013297871919348836,19
moe_oeo_N25_k1_L4_lr0.002_s27,25,1,0.04,27,val,4,0,4,3,2,144.0,112.0,0.03836332634091377,0.0,19
moe_oeo_N25_k1_L4_lr0.002_s27,25,1,0.04,27,val,5,1,0,1,1,80.0,80.0,0.042624615132808685,0.009308510459959507,19
moe_oeo_N25_k1_L4_lr0.002_s27,25,1,0.04,27,val,6,1,1,1,3,80.0,144.0,0.038130104541778564,0.014627659693360329,19
moe_oeo_N25_k1_L4_lr0.002_s27,25,1,0.04,27,val,7,1,2,3,1,144.0,80.0,0.04203023388981819,0.017287233844399452,19
moe_oeo_N25_k1_L4_lr0.002_s27,25,1,0.04,27,val,8,1,3,3,3,144.0,144.0,0.04121766611933708,0.007978723384439945,19
moe_oeo_N25_k1_L4_lr0.002_s27,25,1,0.04,27,val,9,1,4,0,2,48.0,112.0,0.03897632285952568,0.003989361692219973,19
moe_oeo_N25_k1_L4_lr0.002_s27,25,1,0.04,27,val,10,2,0,2,0,112.0,48.0,0.04018905386328697,0.007978723384439945,19
moe_oeo_N25_k1_L4_lr0.002_s27,25,1,0.04,27,val,11,2,1,2,4,112.0,176.0,0.04000347852706909,0.009308510459959507,19
moe_oeo_N25_k1_L4_lr0.002_s27,25,1,0.04,27,val,12,2,2,4,2,176.0,112.0,0.036162007600069046,0.0,19
moe_oeo_N25_k1_L4_lr0.002_s27,25,1,0.04,27,val,13,2,3,0,1,48.0,80.0,0.054612983018159866,0.8364361524581909,19
moe_oeo_N25_k1_L4_lr0.002_s27,25,1,0.04,27,val,14,2,4,0,3,48.0,144.0,0.03750866279006004,0.003989361692219973,19
moe_oeo_N25_k1_L4_lr0.002_s27,25,1,0.04,27,val,15,3,0,1,0,80.0,48.0,0.041836727410554886,0.014627659693360329,19
moe_oeo_N25_k1_L4_lr0.002_s27,25,1,0.04,27,val,16,3,1,1,4,80.0,176.0,0.037946924567222595,0.002659574383869767,19
moe_oeo_N25_k1_L4_lr0.002_s27,25,1,0.04,27,val,17,3,2,3,0,144.0,48.0,0.043502502143383026,0.05319149047136307,19
moe_oeo_N25_k1_L4_lr0.002_s27,25,1,0.04,27,val,18,3,3,3,4,144.0,176.0,0.04104195162653923,0.0013297871919348836,19
moe_oeo_N25_k1_L4_lr0.002_s27,25,1,0.04,27,val,19,3,4,4,1,176.0,80.0,0.03832733631134033,0.0,19
moe_oeo_N25_k1_L4_lr0.002_s27,25,1,0.04,27,val,20,4,0,4,3,176.0,144.0,0.0382029190659523,0.003989361692219973,19
moe_oeo_N25_k1_L4_lr0.002_s27,25,1,0.04,27,val,21,4,1,0,0,48.0,48.0,0.040984056890010834,0.003989361692219973,19
moe_oeo_N25_k1_L4_lr0.002_s27,25,1,0.04,27,val,22,4,2,0,4,48.0,176.0,0.0372762568295002,0.0,19
moe_oeo_N25_k1_L4_lr0.002_s27,25,1,0.04,27,val,23,4,3,4,0,176.0,48.0,0.038203101605176926,0.0,19
moe_oeo_N25_k1_L4_lr0.002_s27,25,1,0.04,27,val,24,4,4,4,4,176.0,176.0,0.03797048330307007,0.0,19
moe_oeo_N25_k6_L4_lr0.002_s27,25,6,0.24,27,train,0,0,0,2,2,112.0,112.0,0.038369543850421906,0.09324942529201508,751
moe_oeo_N25_k6_L4_lr0.002_s27,25,6,0.24,27,train,1,0,1,1,2,80.0,112.0,0.036575090140104294,0.030606407672166824,751
moe_oeo_N25_k6_L4_lr0.002_s27,25,6,0.24,27,train,2,0,2,2,1,112.0,80.0,0.03981157764792442,0.28918763995170593,751
moe_oeo_N25_k6_L4_lr0.002_s27,25,6,0.24,27,train,3,0,3,2,3,112.0,144.0,0.03611704707145691,0.020594965666532516,751
moe_oeo_N25_k6_L4_lr0.002_s27,25,6,0.24,27,train,4,0,4,3,2,144.0,112.0,0.037740327417850494,0.07694508135318756,751
moe_oeo_N25_k6_L4_lr0.002_s27,25,6,0.24,27,train,5,1,0,1,1,80.0,80.0,0.03903401643037796,0.2728832960128784,751
moe_oeo_N25_k6_L4_lr0.002_s27,25,6,0.24,27,train,6,1,1,1,3,80.0,144.0,0.039019905030727386,0.3655606508255005,751
moe_oeo_N25_k6_L4_lr0.002_s27,25,6,0.24,27,train,7,1,2,3,1,144.0,80.0,0.05869755148887634,0.9974256157875061,751
moe_oeo_N25_k6_L4_lr0.002_s27,25,6,0.24,27,train,8,1,3,3,3,144.0,144.0,0.038435980677604675,0.1164187639951706,751
moe_oeo_N25_k6_L4_lr0.002_s27,25,6,0.24,27,train,9,1,4,0,2,48.0,112.0,0.03718392178416252,0.044622424989938736,751
moe_oeo_N25_k6_L4_lr0.002_s27,25,6,0.24,27,train,10,2,0,2,0,112.0,48.0,0.04247959703207016,0.8060640692710876,751
moe_oeo_N25_k6_L4_lr0.002_s27,25,6,0.24,27,train,11,2,1,2,4,112.0,176.0,0.03807922825217247,0.2734553813934326,751
moe_oeo_N25_k6_L4_lr0.002_s27,25,6,0.24,27,train,12,2,2,4,2,176.0,112.0,0.03582271933555603,0.020022884011268616,751
moe_oeo_N25_k6_L4_lr0.002_s27,25,6,0.24,27,train,13,2,3,0,1,48.0,80.0,0.07171875238418579,0.9991418719291687,751
moe_oeo_N25_k6_L4_lr0.002_s27,25,6,0.24,27,train,14,2,4,0,3,48.0,144.0,0.03543192893266678,0.020308924838900566,751
moe_oeo_N25_k6_L4_lr0.002_s27,25,6,0.24,27,train,15,3,0,1,0,80.0,48.0,0.038552176207304,0.22196796536445618,751
moe_oeo_N25_k6_L4_lr0.002_s27,25,6,0.24,27,train,16,3,1,1,4,80.0,176.0,0.034764617681503296,0.009153317660093307,751
moe_oeo_N25_k6_L4_lr0.002_s27,25,6,0.24,27,train,17,3,2,3,0,144.0,48.0,0.04038971662521362,0.3990274667739868,751
moe_oeo_N25_k6_L4_lr0.002_s27,25,6,0.24,27,train,18,3,3,3,4,144.0,176.0,0.041899073868989944,0.66847825050354,751
moe_oeo_N25_k6_L4_lr0.002_s27,25,6,0.24,27,train,19,3,4,4,1,176.0,80.0,0.03679448366165161,0.05406178534030914,751
moe_oeo_N25_k6_L4_lr0.002_s27,25,6,0.24,27,train,20,4,0,4,3,176.0,144.0,0.0375269316136837,0.056350115686655045,751
moe_oeo_N25_k6_L4_lr0.002_s27,25,6,0.24,27,train,21,4,1,0,0,48.0,48.0,0.03624814748764038,0.03832951933145523,751
moe_oeo_N25_k6_L4_lr0.002_s27,25,6,0.24,27,train,22,4,2,0,4,48.0,176.0,0.0352461040019989,0.019450800493359566,751
moe_oeo_N25_k6_L4_lr0.002_s27,25,6,0.24,27,train,23,4,3,4,0,176.0,48.0,0.03756945952773094,0.08037757128477097,751
moe_oeo_N25_k6_L4_lr0.002_s27,25,6,0.24,27,train,24,4,4,4,4,176.0,176.0,0.03649210184812546,0.02631578966975212,751
moe_oeo_N25_k6_L4_lr0.002_s27,25,6,0.24,27,val,0,0,0,2,2,112.0,112.0,0.038348354399204254,0.08377659320831299,266
moe_oeo_N25_k6_L4_lr0.002_s27,25,6,0.24,27,val,1,0,1,1,2,80.0,112.0,0.03645720332860947,0.03058510646224022,266
moe_oeo_N25_k6_L4_lr0.002_s27,25,6,0.24,27,val,2,0,2,2,1,112.0,80.0,0.039850443601608276,0.2845744788646698,266
moe_oeo_N25_k6_L4_lr0.002_s27,25,6,0.24,27,val,3,0,3,2,3,112.0,144.0,0.03608832508325577,0.019946807995438576,266
moe_oeo_N25_k6_L4_lr0.002_s27,25,6,0.24,27,val,4,0,4,3,2,144.0,112.0,0.03765680268406868,0.07712765783071518,266
moe_oeo_N25_k6_L4_lr0.002_s27,25,6,0.24,27,val,5,1,0,1,1,80.0,80.0,0.03915109857916832,0.27925533056259155,266
moe_oeo_N25_k6_L4_lr0.002_s27,25,6,0.24,27,val,6,1,1,1,3,80.0,144.0,0.03899417445063591,0.3776595890522003,266
moe_oeo_N25_k6_L4_lr0.002_s27,25,6,0.24,27,val,7,1,2,3,1,144.0,80.0,0.05859600752592087,0.9946808218955994,266
moe_oeo_N25_k6_L4_lr0.002_s27,25,6,0.24,27,val,8,1,3,3,3,144.0,144.0,0.038560595363378525,0.12765957415103912,266
moe_oeo_N25_k6_L4_lr0.002_s27,25,6,0.24,27,val,9,1,4,0,2,48.0,112.0,0.03721156343817711,0.050531916320323944,266
moe_oeo_N25_k6_L4_lr0.002_s27,25,6,0.24,27,val,10,2,0,2,0,112.0,48.0,0.042488981038331985,0.7859042286872864,266
moe_oeo_N25_k6_L4_lr0.002_s27,25,6,0.24,27,val,11,2,1,2,4,112.0,176.0,0.03807010129094124,0.2819148898124695,266
moe_oeo_N25_k6_L4_lr0.002_s27,25,6,0.24,27,val,12,2,2,4,2,176.0,112.0,0.035690564662218094,0.019946807995438576,266
moe_oeo_N25_k6_L4_lr0.002_s27,25,6,0.24,27,val,13,2,3,0,1,48.0,80.0,0.07216931879520416,0.9973404407501221,266
moe_oeo_N25_k6_L4_lr0.002_s27,25,6,0.24,27,val,14,2,4,0,3,48.0,144.0,0.03542608767747879,0.021276595070958138,266
moe_oeo_N25_k6_L4_lr0.002_s27,25,6,0.24,27,val,15,3,0,1,0,80.0,48.0,0.038842979818582535,0.25,266
moe_oeo_N25_k6_L4_lr0.002_s27,25,6,0.24,27,val,16,3,1,1,4,80.0,176.0,0.03470218554139137,0.0066489363089203835,266
moe_oeo_N25_k6_L4_lr0.002_s27,25,6,0.24,27,val,17,3,2,3,0,144.0,48.0,0.04044526070356369,0.3816489279270172,266
moe_oeo_N25_k6_L4_lr0.002_s27,25,6,0.24,27,val,18,3,3,3,4,144.0,176.0,0.041928790509700775,0.6702127456665039,266
moe_oeo_N25_k6_L4_lr0.002_s27,25,6,0.24,27,val,19,3,4,4,1,176.0,80.0,0.03651530668139458,0.04920212924480438,266
moe_oeo_N25_k6_L4_lr0.002_s27,25,6,0.24,27,val,20,4,0,4,3,176.0,144.0,0.03754924237728119,0.059840425848960876,266
moe_oeo_N25_k6_L4_lr0.002_s27,25,6,0.24,27,val,21,4,1,0,0,48.0,48.0,0.036265306174755096,0.03324468061327934,266
moe_oeo_N25_k6_L4_lr0.002_s27,25,6,0.24,27,val,22,4,2,0,4,48.0,176.0,0.03512659668922424,0.02393617108464241,266
moe_oeo_N25_k6_L4_lr0.002_s27,25,6,0.24,27,val,23,4,3,4,0,176.0,48.0,0.03747975453734398,0.0731382966041565,266
moe_oeo_N25_k6_L4_lr0.002_s27,25,6,0.24,27,val,24,4,4,4,4,176.0,176.0,0.0363849513232708,0.019946807995438576,266
moe_oeo_N25_k12_L4_lr0.002_s27,25,12,0.48,27,train,0,0,0,2,2,112.0,112.0,0.03751271590590477,0.29004576802253723,1544
moe_oeo_N25_k12_L4_lr0.002_s27,25,12,0.48,27,train,1,0,1,1,2,80.0,112.0,0.03546726703643799,0.08180777728557587,1544
moe_oeo_N25_k12_L4_lr0.002_s27,25,12,0.48,27,train,2,0,2,2,1,112.0,80.0,0.040388427674770355,0.8687071204185486,1544
moe_oeo_N25_k12_L4_lr0.002_s27,25,12,0.48,27,train,3,0,3,2,3,112.0,144.0,0.03641379997134209,0.31006863713264465,1544
moe_oeo_N25_k12_L4_lr0.002_s27,25,12,0.48,27,train,4,0,4,3,2,144.0,112.0,0.03780629485845566,0.3515446186065674,1544
moe_oeo_N25_k12_L4_lr0.002_s27,25,12,0.48,27,train,5,1,0,1,1,80.0,80.0,0.04003249853849411,0.5800915360450745,1544
moe_oeo_N25_k12_L4_lr0.002_s27,25,12,0.48,27,train,6,1,1,1,3,80.0,144.0,0.040834106504917145,0.5640732049942017,1544
moe_oeo_N25_k12_L4_lr0.002_s27,25,12,0.48,27,train,7,1,2,3,1,144.0,80.0,0.06595775485038757,1.0,1544
moe_oeo_N25_k12_L4_lr0.002_s27,25,12,0.48,27,train,8,1,3,3,3,144.0,144.0,0.04197126254439354,0.9342105388641357,1544
moe_oeo_N25_k12_L4_lr0.002_s27,25,12,0.48,27,train,9,1,4,0,2,48.0,112.0,0.03698718175292015,0.22282609343528748,1544
moe_oeo_N25_k12_L4_lr0.002_s27,25,12,0.48,27,train,10,2,0,2,0,112.0,48.0,0.0401185005903244,0.8495423197746277,1544
moe_oeo_N25_k12_L4_lr0.002_s27,25,12,0.48,27,train,11,2,1,2,4,112.0,176.0,0.03835555166006088,0.4756864905357361,1544
moe_oeo_N25_k12_L4_lr0.002_s27,25,12,0.48,27,train,12,2,2,4,2,176.0,112.0,0.03354125842452049,0.017162472009658813,1544
moe_oeo_N25_k12_L4_lr0.002_s27,25,12,0.48,27,train,13,2,3,0,1,48.0,80.0,0.05758548155426979,0.9997139573097229,1544
moe_oeo_N25_k12_L4_lr0.002_s27,25,12,0.48,27,train,14,2,4,0,3,48.0,144.0,0.034819189459085464,0.08867277204990387,1544
moe_oeo_N25_k12_L4_lr0.002_s27,25,12,0.48,27,train,15,3,0,1,0,80.0,48.0,0.040651362389326096,0.6215674877166748,1544
moe_oeo_N25_k12_L4_lr0.002_s27,25,12,0.48,27,train,16,3,1,1,4,80.0,176.0,0.03561898693442345,0.29233410954475403,1544
moe_oeo_N25_k12_L4_lr0.002_s27,25,12,0.48,27,train,17,3,2,3,0,144.0,48.0,0.043005701154470444,0.948512613773346,1544
moe_oeo_N25_k12_L4_lr0.002_s27,25,12,0.48,27,train,18,3,3,3,4,144.0,176.0,0.04107605293393135,0.8681350350379944,1544
moe_oeo_N25_k12_L4_lr0.002_s27,25,12,0.48,27,train,19,3,4,4,1,176.0,80.0,0.037804823368787766,0.3627002239227295,1544
moe_oeo_N25_k12_L4_lr0.002_s27,25,12,0.48,27,train,20,4,0,4,3,176.0,144.0,0.03645030036568642,0.1270022839307785,1544
moe_oeo_N25_k12_L4_lr0.002_s27,25,12,0.48,27,train,21,4,1,0,0,48.0,48.0,0.03822603449225426,0.43363845348358154,1544
moe_oeo_N25_k12_L4_lr0.002_s27,25,12,0.48,27,train,22,4,2,0,4,48.0,176.0,0.035338424146175385,0.2697368562221527,1544
moe_oeo_N25_k12_L4_lr0.002_s27,25,12,0.48,27,train,23,4,3,4,0,176.0,48.0,0.037274863570928574,0.2806064188480377,1544
moe_oeo_N25_k12_L4_lr0.002_s27,25,12,0.48,27,train,24,4,4,4,4,176.0,176.0,0.03676215559244156,0.16161327064037323,1544
moe_oeo_N25_k12_L4_lr0.002_s27,25,12,0.48,27,val,0,0,0,2,2,112.0,112.0,0.037485331296920776,0.3018617033958435,440
moe_oeo_N25_k12_L4_lr0.002_s27,25,12,0.48,27,val,1,0,1,1,2,80.0,112.0,0.03536071255803108,0.06914893537759781,440
moe_oeo_N25_k12_L4_lr0.002_s27,25,12,0.48,27,val,2,0,2,2,1,112.0,80.0,0.040441256016492844,0.8803191781044006,440
moe_oeo_N25_k12_L4_lr0.002_s27,25,12,0.48,27,val,3,0,3,2,3,112.0,144.0,0.036388687789440155,0.31382977962493896,440
moe_oeo_N25_k12_L4_lr0.002_s27,25,12,0.48,27,val,4,0,4,3,2,144.0,112.0,0.037723034620285034,0.36702126264572144,440
moe_oeo_N25_k12_L4_lr0.002_s27,25,12,0.48,27,val,5,1,0,1,1,80.0,80.0,0.04018159583210945,0.5784574747085571,440
moe_oeo_N25_k12_L4_lr0.002_s27,25,12,0.48,27,val,6,1,1,1,3,80.0,144.0,0.040825385600328445,0.5545212626457214,440
moe_oeo_N25_k12_L4_lr0.002_s27,25,12,0.48,27,val,7,1,2,3,1,144.0,80.0,0.06587650626897812,1.0,440
moe_oeo_N25_k12_L4_lr0.002_s27,25,12,0.48,27,val,8,1,3,3,3,144.0,144.0,0.04210812598466873,0.938829779624939,440
moe_oeo_N25_k12_L4_lr0.002_s27,25,12,0.48,27,val,9,1,4,0,2,48.0,112.0,0.0370166189968586,0.22074468433856964,440
moe_oeo_N25_k12_L4_lr0.002_s27,25,12,0.48,27,val,10,2,0,2,0,112.0,48.0,0.0401134267449379,0.8257978558540344,440
moe_oeo_N25_k12_L4_lr0.002_s27,25,12,0.48,27,val,11,2,1,2,4,112.0,176.0,0.03835107013583183,0.478723406791687,440
moe_oeo_N25_k12_L4_lr0.002_s27,25,12,0.48,27,val,12,2,2,4,2,176.0,112.0,0.033440619707107544,0.019946807995438576,440
moe_oeo_N25_k12_L4_lr0.002_s27,25,12,0.48,27,val,13,2,3,0,1,48.0,80.0,0.057817500084638596,1.0,440
moe_oeo_N25_k12_L4_lr0.002_s27,25,12,0.48,27,val,14,2,4,0,3,48.0,144.0,0.03481437265872955,0.08510638028383255,440
moe_oeo_N25_k12_L4_lr0.002_s27,25,12,0.48,27,val,15,3,0,1,0,80.0,48.0,0.04105191305279732,0.6316489577293396,440
moe_oeo_N25_k12_L4_lr0.002_s27,25,12,0.48,27,val,16,3,1,1,4,80.0,176.0,0.035551223903894424,0.30053192377090454,440
moe_oeo_N25_k12_L4_lr0.002_s27,25,12,0.48,27,val,17,3,2,3,0,144.0,48.0,0.04306686297059059,0.9507978558540344,440
moe_oeo_N25_k12_L4_lr0.002_s27,25,12,0.48,27,val,18,3,3,3,4,144.0,176.0,0.04109110310673714,0.8510638475418091,440
moe_oeo_N25_k12_L4_lr0.002_s27,25,12,0.48,27,val,19,3,4,4,1,176.0,80.0,0.03749047592282295,0.32446807622909546,440
moe_oeo_N25_k12_L4_lr0.002_s27,25,12,0.48,27,val,20,4,0,4,3,176.0,144.0,0.0364699512720108,0.13430851697921753,440
moe_oeo_N25_k12_L4_lr0.002_s27,25,12,0.48,27,val,21,4,1,0,0,48.0,48.0,0.0382678396999836,0.46675533056259155,440
moe_oeo_N25_k12_L4_lr0.002_s27,25,12,0.48,27,val,22,4,2,0,4,48.0,176.0,0.0352218821644783,0.27260637283325195,440
moe_oeo_N25_k12_L4_lr0.002_s27,25,12,0.48,27,val,23,4,3,4,0,176.0,48.0,0.037186261266469955,0.27526596188545227,440
moe_oeo_N25_k12_L4_lr0.002_s27,25,12,0.48,27,val,24,4,4,4,4,176.0,176.0,0.03665824979543686,0.15824468433856964,440
moe_oeo_N25_k25_L4_lr0.002_s27,25,25,1.0,27,train,0,0,0,2,2,112.0,112.0,0.03970139101147652,1.0,1
moe_oeo_N25_k25_L4_lr0.002_s27,25,25,1.0,27,train,1,0,1,1,2,80.0,112.0,0.03707877919077873,1.0,1
moe_oeo_N25_k25_L4_lr0.002_s27,25,25,1.0,27,train,2,0,2,2,1,112.0,80.0,0.03681078180670738,1.0,1
moe_oeo_N25_k25_L4_lr0.002_s27,25,25,1.0,27,train,3,0,3,2,3,112.0,144.0,0.03496445715427399,1.0,1
moe_oeo_N25_k25_L4_lr0.002_s27,25,25,1.0,27,train,4,0,4,3,2,144.0,112.0,0.03540699556469917,1.0,1
moe_oeo_N25_k25_L4_lr0.002_s27,25,25,1.0,27,train,5,1,0,1,1,80.0,80.0,0.05615174025297165,1.0,1
moe_oeo_N25_k25_L4_lr0.002_s27,25,25,1.0,27,train,6,1,1,1,3,80.0,144.0,0.03884397819638252,1.0,1
moe_oeo_N25_k25_L4_lr0.002_s27,25,25,1.0,27,train,7,1,2,3,1,144.0,80.0,0.042478546500205994,1.0,1
moe_oeo_N25_k25_L4_lr0.002_s27,25,25,1.0,27,train,8,1,3,3,3,144.0,144.0,0.04176696389913559,1.0,1
moe_oeo_N25_k25_L4_lr0.002_s27,25,25,1.0,27,train,9,1,4,0,2,48.0,112.0,0.03848884627223015,1.0,1
moe_oeo_N25_k25_L4_lr0.002_s27,25,25,1.0,27,train,10,2,0,2,0,112.0,48.0,0.0395025797188282,1.0,1
moe_oeo_N25_k25_L4_lr0.002_s27,25,25,1.0,27,train,11,2,1,2,4,112.0,176.0,0.04012461006641388,1.0,1
moe_oeo_N25_k25_L4_lr0.002_s27,25,25,1.0,27,train,12,2,2,4,2,176.0,112.0,0.02961939387023449,1.0,1
moe_oeo_N25_k25_L4_lr0.002_s27,25,25,1.0,27,train,13,2,3,0,1,48.0,80.0,0.054904039949178696,1.0,1
moe_oeo_N25_k25_L4_lr0.002_s27,25,25,1.0,27,train,14,2,4,0,3,48.0,144.0,0.03531626611948013,1.0,1
moe_oeo_N25_k25_L4_lr0.002_s27,25,25,1.0,27,train,15,3,0,1,0,80.0,48.0,0.049229610711336136,1.0,1
moe_oeo_N25_k25_L4_lr0.002_s27,25,25,1.0,27,train,16,3,1,1,4,80.0,176.0,0.03799848258495331,1.0,1
moe_oeo_N25_k25_L4_lr0.002_s27,25,25,1.0,27,train,17,3,2,3,0,144.0,48.0,0.044854894280433655,1.0,1
moe_oeo_N25_k25_L4_lr0.002_s27,25,25,1.0,27,train,18,3,3,3,4,144.0,176.0,0.04204001650214195,1.0,1
moe_oeo_N25_k25_L4_lr0.002_s27,25,25,1.0,27,train,19,3,4,4,1,176.0,80.0,0.036691904067993164,1.0,1
moe_oeo_N25_k25_L4_lr0.002_s27,25,25,1.0,27,train,20,4,0,4,3,176.0,144.0,0.03776736930012703,1.0,1
moe_oeo_N25_k25_L4_lr0.002_s27,25,25,1.0,27,train,21,4,1,0,0,48.0,48.0,0.04116298258304596,1.0,1
moe_oeo_N25_k25_L4_lr0.002_s27,25,25,1.0,27,train,22,4,2,0,4,48.0,176.0,0.0362325944006443,1.0,1
moe_oeo_N25_k25_L4_lr0.002_s27,25,25,1.0,27,train,23,4,3,4,0,176.0,48.0,0.03668772429227829,1.0,1
moe_oeo_N25_k25_L4_lr0.002_s27,25,25,1.0,27,train,24,4,4,4,4,176.0,176.0,0.03617504984140396,1.0,1
moe_oeo_N25_k25_L4_lr0.002_s27,25,25,1.0,27,val,0,0,0,2,2,112.0,112.0,0.039638835936784744,1.0,1
moe_oeo_N25_k25_L4_lr0.002_s27,25,25,1.0,27,val,1,0,1,1,2,80.0,112.0,0.03691649064421654,1.0,1
moe_oeo_N25_k25_L4_lr0.002_s27,25,25,1.0,27,val,2,0,2,2,1,112.0,80.0,0.03680622950196266,1.0,1
moe_oeo_N25_k25_L4_lr0.002_s27,25,25,1.0,27,val,3,0,3,2,3,112.0,144.0,0.03491414710879326,1.0,1
moe_oeo_N25_k25_L4_lr0.002_s27,25,25,1.0,27,val,4,0,4,3,2,144.0,112.0,0.03529324755072594,1.0,1
moe_oeo_N25_k25_L4_lr0.002_s27,25,25,1.0,27,val,5,1,0,1,1,80.0,80.0,0.05661327391862869,1.0,1
moe_oeo_N25_k25_L4_lr0.002_s27,25,25,1.0,27,val,6,1,1,1,3,80.0,144.0,0.03879721835255623,1.0,1
moe_oeo_N25_k25_L4_lr0.002_s27,25,25,1.0,27,val,7,1,2,3,1,144.0,80.0,0.042375460267066956,1.0,1
moe_oeo_N25_k25_L4_lr0.002_s27,25,25,1.0,27,val,8,1,3,3,3,144.0,144.0,0.04184959456324577,1.0,1
moe_oeo_N25_k25_L4_lr0.002_s27,25,25,1.0,27,val,9,1,4,0,2,48.0,112.0,0.03849298879504204,1.0,1
moe_oeo_N25_k25_L4_lr0.002_s27,25,25,1.0,27,val,10,2,0,2,0,112.0,48.0,0.03947259858250618,1.0,1
moe_oeo_N25_k25_L4_lr0.002_s27,25,25,1.0,27,val,11,2,1,2,4,112.0,176.0,0.04009467735886574,1.0,1
moe_oeo_N25_k25_L4_lr0.002_s27,25,25,1.0,27,val,12,2,2,4,2,176.0,112.0,0.02953835017979145,1.0,1
moe_oeo_N25_k25_L4_lr0.002_s27,25,25,1.0,27,val,13,2,3,0,1,48.0,80.0,0.05510596185922623,1.0,1
moe_oeo_N25_k25_L4_lr0.002_s27,25,25,1.0,27,val,14,2,4,0,3,48.0,144.0,0.03530329838395119,1.0,1
moe_oeo_N25_k25_L4_lr0.002_s27,25,25,1.0,27,val,15,3,0,1,0,80.0,48.0,0.049946144223213196,1.0,1
moe_oeo_N25_k25_L4_lr0.002_s27,25,25,1.0,27,val,16,3,1,1,4,80.0,176.0,0.03787882626056671,1.0,1
moe_oeo_N25_k25_L4_lr0.002_s27,25,25,1.0,27,val,17,3,2,3,0,144.0,48.0,0.04489396885037422,1.0,1
moe_oeo_N25_k25_L4_lr0.002_s27,25,25,1.0,27,val,18,3,3,3,4,144.0,176.0,0.04204317927360535,1.0,1
moe_oeo_N25_k25_L4_lr0.002_s27,25,25,1.0,27,val,19,3,4,4,1,176.0,80.0,0.03637956455349922,1.0,1
moe_oeo_N25_k25_L4_lr0.002_s27,25,25,1.0,27,val,20,4,0,4,3,176.0,144.0,0.03774241730570793,1.0,1
moe_oeo_N25_k25_L4_lr0.002_s27,25,25,1.0,27,val,21,4,1,0,0,48.0,48.0,0.04122975841164589,1.0,1
moe_oeo_N25_k25_L4_lr0.002_s27,25,25,1.0,27,val,22,4,2,0,4,48.0,176.0,0.03607584908604622,1.0,1
moe_oeo_N25_k25_L4_lr0.002_s27,25,25,1.0,27,val,23,4,3,4,0,176.0,48.0,0.03656211122870445,1.0,1
moe_oeo_N25_k25_L4_lr0.002_s27,25,25,1.0,27,val,24,4,4,4,4,176.0,176.0,0.03603580221533775,1.0,1
moe_oeo_N49_k1_L4_lr0.002_s27,49,1,0.02040816326530612,27,train,0,0,0,3,3,112.0,112.0,0.020188288763165474,0.0,45
moe_oeo_N49_k1_L4_lr0.002_s27,49,1,0.02040816326530612,27,train,1,0,1,2,3,80.0,112.0,0.02004179172217846,0.0005720823537558317,45
moe_oeo_N49_k1_L4_lr0.002_s27,49,1,0.02040816326530612,27,train,2,0,2,3,2,112.0,80.0,0.02060481533408165,0.0028604120016098022,45
moe_oeo_N49_k1_L4_lr0.002_s27,49,1,0.02040816326530612,27,train,3,0,3,3,4,112.0,144.0,0.019550874829292297,0.0005720823537558317,45
moe_oeo_N49_k1_L4_lr0.002_s27,49,1,0.02040816326530612,27,train,4,0,4,4,3,144.0,112.0,0.019958196207880974,0.0,45
moe_oeo_N49_k1_L4_lr0.002_s27,49,1,0.02040816326530612,27,train,5,0,5,2,2,80.0,80.0,0.021638106554746628,0.011441648006439209,45
moe_oeo_N49_k1_L4_lr0.002_s27,49,1,0.02040816326530612,27,train,6,0,6,2,4,80.0,144.0,0.019041841849684715,0.00028604117687791586,45
moe_oeo_N49_k1_L4_lr0.002_s27,49,1,0.02040816326530612,27,train,7,1,0,4,2,144.0,80.0,0.019746510311961174,0.002002288354560733,45
moe_oeo_N49_k1_L4_lr0.002_s27,49,1,0.02040816326530612,27,train,8,1,1,4,4,144.0,144.0,0.019853761419653893,0.0005720823537558317,45
moe_oeo_N49_k1_L4_lr0.002_s27,49,1,0.02040816326530612,27,train,9,1,2,1,3,48.0,112.0,0.019687136635184288,0.0,45
moe_oeo_N49_k1_L4_lr0.002_s27,49,1,0.02040816326530612,27,train,10,1,3,3,1,112.0,48.0,0.020787706598639488,0.002288329415023327,45
moe_oeo_N49_k1_L4_lr0.002_s27,49,1,0.02040816326530612,27,train,11,1,4,3,5,112.0,176.0,0.019212624058127403,0.00028604117687791586,45
moe_oeo_N49_k1_L4_lr0.002_s27,49,1,0.02040816326530612,27,train,12,1,5,5,3,176.0,112.0,0.019810181111097336,0.00028604117687791586,45
moe_oeo_N49_k1_L4_lr0.002_s27,49,1,0.02040816326530612,27,train,13,1,6,1,2,48.0,80.0,0.021637054160237312,0.008009153418242931,45
moe_oeo_N49_k1_L4_lr0.002_s27,49,1,0.02040816326530612,27,train,14,2,0,1,4,48.0,144.0,0.018962759524583817,0.0005720823537558317,45
moe_oeo_N49_k1_L4_lr0.002_s27,49,1,0.02040816326530612,27,train,15,2,1,2,1,80.0,48.0,0.02178078703582287,0.010583523660898209,45
moe_oeo_N49_k1_L4_lr0.002_s27,49,1,0.02040816326530612,27,train,16,2,2,2,5,80.0,176.0,0.019556164741516113,0.0014302060008049011,45
moe_oeo_N49_k1_L4_lr0.002_s27,49,1,0.02040816326530612,27,train,17,2,3,4,1,144.0,48.0,0.022723449394106865,0.09067505598068237,45
moe_oeo_N49_k1_L4_lr0.002_s27,49,1,0.02040816326530612,27,train,18,2,4,4,5,144.0,176.0,0.020327018573880196,0.0005720823537558317,45
moe_oeo_N49_k1_L4_lr0.002_s27,49,1,0.02040816326530612,27,train,19,2,5,5,2,176.0,80.0,0.02003825083374977,0.001716247177682817,45
moe_oeo_N49_k1_L4_lr0.002_s27,49,1,0.02040816326530612,27,train,20,2,6,5,4,176.0,144.0,0.0196631271392107,0.0008581235888414085,45
moe_oeo_N49_k1_L4_lr0.002_s27,49,1,0.02040816326530612,27,train,21,3,0,1,1,48.0,48.0,0.02136261947453022,0.005434782709926367,45
moe_oeo_N49_k1_L4_lr0.002_s27,49,1,0.02040816326530612,27,train,22,3,1,1,5,48.0,176.0,0.01936316303908825,0.002288329415023327,45
moe_oeo_N49_k1_L4_lr0.002_s27,49,1,0.02040816326530612,27,train,23,3,2,5,1,176.0,48.0,0.022064916789531708,0.029748283326625824,45
moe_oeo_N49_k1_L4_lr0.002_s27,49,1,0.02040816326530612,27,train,24,3,3,5,5,176.0,176.0,0.018237223848700523,0.0,45
moe_oeo_N49_k1_L4_lr0.002_s27,49,1,0.02040816326530612,27,train,25,3,4,0,3,16.0,112.0,0.025530459359288216,0.4816933572292328,45
moe_oeo_N49_k1_L4_lr0.002_s27,49,1,0.02040816326530612,27,train,26,3,5,3,0,112.0,16.0,0.021485522389411926,0.0048627001233398914,45
moe_oeo_N49_k1_L4_lr0.002_s27,49,1,0.02040816326530612,27,train,27,3,6,3,6,112.0,208.0,0.019575318321585655,0.00028604117687791586,45
moe_oeo_N49_k1_L4_lr0.002_s27,49,1,0.02040816326530612,27,train,28,4,0,6,3,208.0,112.0,0.020064139738678932,0.0011441647075116634,45
moe_oeo_N49_k1_L4_lr0.002_s27,49,1,0.02040816326530612,27,train,29,4,1,0,2,16.0,80.0,0.020884737372398376,0.006006864830851555,45
moe_oeo_N49_k1_L4_lr0.002_s27,49,1,0.02040816326530612,27,train,30,4,2,0,4,16.0,144.0,0.01964389905333519,0.003432494355365634,45
moe_oeo_N49_k1_L4_lr0.002_s27,49,1,0.02040816326530612,27,train,31,4,3,2,0,80.0,16.0,0.02520502358675003,0.2657322585582733,45
moe_oeo_N49_k1_L4_lr0.002_s27,49,1,0.02040816326530612,27,train,32,4,4,2,6,80.0,208.0,0.019666148349642754,0.010297482833266258,45
moe_oeo_N49_k1_L4_lr0.002_s27,49,1,0.02040816326530612,27,train,33,4,5,4,0,144.0,16.0,0.020158959552645683,0.003432494355365634,45
moe_oeo_N49_k1_L4_lr0.002_s27,49,1,0.02040816326530612,27,train,34,4,6,4,6,144.0,208.0,0.01997498981654644,0.0014302060008049011,45
moe_oeo_N49_k1_L4_lr0.002_s27,49,1,0.02040816326530612,27,train,35,5,0,6,2,208.0,80.0,0.020014507696032524,0.004004576709121466,45
moe_oeo_N49_k1_L4_lr0.002_s27,49,1,0.02040816326530612,27,train,36,5,1,6,4,208.0,144.0,0.020028486847877502,0.0011441647075116634,45
moe_oeo_N49_k1_L4_lr0.002_s27,49,1,0.02040816326530612,27,train,37,5,2,0,1,16.0,48.0,0.02146393246948719,0.0048627001233398914,45
moe_oeo_N49_k1_L4_lr0.002_s27,49,1,0.02040816326530612,27,train,38,5,3,0,5,16.0,176.0,0.019289661198854446,0.002002288354560733,45
moe_oeo_N49_k1_L4_lr0.002_s27,49,1,0.02040816326530612,27,train,39,5,4,1,0,48.0,16.0,0.021570181474089622,0.008295194245874882,45
moe_oeo_N49_k1_L4_lr0.002_s27,49,1,0.02040816326530612,27,train,40,5,5,1,6,48.0,208.0,0.01908583752810955,0.0008581235888414085,45
moe_oeo_N49_k1_L4_lr0.002_s27,49,1,0.02040816326530612,27,train,41,5,6,5,0,176.0,16.0,0.020068304613232613,0.002288329415023327,45
moe_oeo_N49_k1_L4_lr0.002_s27,49,1,0.02040816326530612,27,train,42,6,0,5,6,176.0,208.0,0.019705165177583694,0.0014302060008049011,45
moe_oeo_N49_k1_L4_lr0.002_s27,49,1,0.02040816326530612,27,train,43,6,1,6,1,208.0,48.0,0.02012523263692856,0.004004576709121466,45
moe_oeo_N49_k1_L4_lr0.002_s27,49,1,0.02040816326530612,27,train,44,6,2,6,5,208.0,176.0,0.019707389175891876,0.0025743707083165646,45
moe_oeo_N49_k1_L4_lr0.002_s27,49,1,0.02040816326530612,27,train,45,6,3,0,0,16.0,16.0,0.021566761657595634,0.008581236004829407,45
moe_oeo_N49_k1_L4_lr0.002_s27,49,1,0.02040816326530612,27,train,46,6,4,0,6,16.0,208.0,0.019115176051855087,0.0005720823537558317,45
moe_oeo_N49_k1_L4_lr0.002_s27,49,1,0.02040816326530612,27,train,47,6,5,6,0,208.0,16.0,0.02029583975672722,0.003432494355365634,45
moe_oeo_N49_k1_L4_lr0.002_s27,49,1,0.02040816326530612,27,train,48,6,6,6,6,208.0,208.0,0.019935954362154007,0.004576658830046654,45
moe_oeo_N49_k1_L4_lr0.002_s27,49,1,0.02040816326530612,27,val,0,0,0,3,3,112.0,112.0,0.020200813189148903,0.0,35
moe_oeo_N49_k1_L4_lr0.002_s27,49,1,0.02040816326530612,27,val,1,0,1,2,3,80.0,112.0,0.019992604851722717,0.0,35
moe_oeo_N49_k1_L4_lr0.002_s27,49,1,0.02040816326530612,27,val,2,0,2,3,2,112.0,80.0,0.020637808367609978,0.002659574383869767,35
moe_oeo_N49_k1_L4_lr0.002_s27,49,1,0.02040816326530612,27,val,3,0,3,3,4,112.0,144.0,0.019556475803256035,0.0013297871919348836,35
moe_oeo_N49_k1_L4_lr0.002_s27,49,1,0.02040816326530612,27,val,4,0,4,4,3,144.0,112.0,0.019931627437472343,0.0,35
moe_oeo_N49_k1_L4_lr0.002_s27,49,1,0.02040816326530612,27,val,5,0,5,2,2,80.0,80.0,0.021745329722762108,0.014627659693360329,35
moe_oeo_N49_k1_L4_lr0.002_s27,49,1,0.02040816326530612,27,val,6,0,6,2,4,80.0,144.0,0.019052378833293915,0.0,35
moe_oeo_N49_k1_L4_lr0.002_s27,49,1,0.02040816326530612,27,val,7,1,0,4,2,144.0,80.0,0.01975013129413128,0.0,35
moe_oeo_N49_k1_L4_lr0.002_s27,49,1,0.02040816326530612,27,val,8,1,1,4,4,144.0,144.0,0.019936349242925644,0.0013297871919348836,35
moe_oeo_N49_k1_L4_lr0.002_s27,49,1,0.02040816326530612,27,val,9,1,2,1,3,48.0,112.0,0.01972050592303276,0.0,35
moe_oeo_N49_k1_L4_lr0.002_s27,49,1,0.02040816326530612,27,val,10,1,3,3,1,112.0,48.0,0.02080129273235798,0.0013297871919348836,35
moe_oeo_N49_k1_L4_lr0.002_s27,49,1,0.02040816326530612,27,val,11,1,4,3,5,112.0,176.0,0.019224468618631363,0.0,35
moe_oeo_N49_k1_L4_lr0.002_s27,49,1,0.02040816326530612,27,val,12,1,5,5,3,176.0,112.0,0.019746148958802223,0.0,35
moe_oeo_N49_k1_L4_lr0.002_s27,49,1,0.02040816326530612,27,val,13,1,6,1,2,48.0,80.0,0.021674886345863342,0.003989361692219973,35
moe_oeo_N49_k1_L4_lr0.002_s27,49,1,0.02040816326530612,27,val,14,2,0,1,4,48.0,144.0,0.01898241601884365,0.0,35
moe_oeo_N49_k1_L4_lr0.002_s27,49,1,0.02040816326530612,27,val,15,2,1,2,1,80.0,48.0,0.02202068828046322,0.014627659693360329,35
moe_oeo_N49_k1_L4_lr0.002_s27,49,1,0.02040816326530612,27,val,16,2,2,2,5,80.0,176.0,0.019541829824447632,0.002659574383869767,35
moe_oeo_N49_k1_L4_lr0.002_s27,49,1,0.02040816326530612,27,val,17,2,3,4,1,144.0,48.0,0.0227877888828516,0.0904255285859108,35
moe_oeo_N49_k1_L4_lr0.002_s27,49,1,0.02040816326530612,27,val,18,2,4,4,5,144.0,176.0,0.02035370096564293,0.0,35
moe_oeo_N49_k1_L4_lr0.002_s27,49,1,0.02040816326530612,27,val,19,2,5,5,2,176.0,80.0,0.01989627815783024,0.002659574383869767,35
moe_oeo_N49_k1_L4_lr0.002_s27,49,1,0.02040816326530612,27,val,20,2,6,5,4,176.0,144.0,0.01969311758875847,0.0,35
moe_oeo_N49_k1_L4_lr0.002_s27,49,1,0.02040816326530612,27,val,21,3,0,1,1,48.0,48.0,0.021414365619421005,0.0013297871919348836,35
moe_oeo_N49_k1_L4_lr0.002_s27,49,1,0.02040816326530612,27,val,22,3,1,1,5,48.0,176.0,0.019312290474772453,0.002659574383869767,35
moe_oeo_N49_k1_L4_lr0.002_s27,49,1,0.02040816326530612,27,val,23,3,2,5,1,176.0,48.0,0.022030429914593697,0.026595745235681534,35
moe_oeo_N49_k1_L4_lr0.002_s27,49,1,0.02040816326530612,27,val,24,3,3,5,5,176.0,176.0,0.018205659464001656,0.0,35
moe_oeo_N49_k1_L4_lr0.002_s27,49,1,0.02040816326530612,27,val,25,3,4,0,3,16.0,112.0,0.025569073855876923,0.49202126264572144,35
moe_oeo_N49_k1_L4_lr0.002_s27,49,1,0.02040816326530612,27,val,26,3,5,3,0,112.0,16.0,0.021526653319597244,0.003989361692219973,35
moe_oeo_N49_k1_L4_lr0.002_s27,49,1,0.02040816326530612,27,val,27,3,6,3,6,112.0,208.0,0.01949065737426281,0.0,35
moe_oeo_N49_k1_L4_lr0.002_s27,49,1,0.02040816326530612,27,val,28,4,0,6,3,208.0,112.0,0.020040692761540413,0.0013297871919348836,35
moe_oeo_N49_k1_L4_lr0.002_s27,49,1,0.02040816326530612,27,val,29,4,1,0,2,16.0,80.0,0.02099115587770939,0.005319148767739534,35
moe_oeo_N49_k1_L4_lr0.002_s27,49,1,0.02040816326530612,27,val,30,4,2,0,4,16.0,144.0,0.019677653908729553,0.0013297871919348836,35
moe_oeo_N49_k1_L4_lr0.002_s27,49,1,0.02040816326530612,27,val,31,4,3,2,0,80.0,16.0,0.025136135518550873,0.25930851697921753,35
moe_oeo_N49_k1_L4_lr0.002_s27,49,1,0.02040816326530612,27,val,32,4,4,2,6,80.0,208.0,0.019554801285266876,0.0066489363089203835,35
moe_oeo_N49_k1_L4_lr0.002_s27,49,1,0.02040816326530612,27,val,33,4,5,4,0,144.0,16.0,0.02017935737967491,0.002659574383869767,35
moe_oeo_N49_k1_L4_lr0.002_s27,49,1,0.02040816326530612,27,val,34,4,6,4,6,144.0,208.0,0.01990300975739956,0.0,35
moe_oeo_N49_k1_L4_lr0.002_s27,49,1,0.02040816326530612,27,val,35,5,0,6,2,208.0,80.0,0.019955430179834366,0.007978723384439945,35
moe_oeo_N49_k1_L4_lr0.002_s27,49,1,0.02040816326530612,27,val,36,5,1,6,4,208.0,144.0,0.02000173181295395,0.002659574383869767,35
moe_oeo_N49_k1_L4_lr0.002_s27,49,1,0.02040816326530612,27,val,37,5,2,0,1,16.0,48.0,0.02152201533317566,0.002659574383869767,35
moe_oeo_N49_k1_L4_lr0.002_s27,49,1,0.02040816326530612,27,val,38,5,3,0,5,16.0,176.0,0.019309228286147118,0.003989361692219973,35
moe_oeo_N49_k1_L4_lr0.002_s27,49,1,0.02040816326530612,27,val,39,5,4,1,0,48.0,16.0,0.02156423032283783,0.013297872617840767,35
moe_oeo_N49_k1_L4_lr0.002_s27,49,1,0.02040816326530612,27,val,40,5,5,1,6,48.0,208.0,0.018984753638505936,0.0013297871919348836,35
moe_oeo_N49_k1_L4_lr0.002_s27,49,1,0.02040816326530612,27,val,41,5,6,5,0,176.0,16.0,0.020022889599204063,0.0013297871919348836,35
moe_oeo_N49_k1_L4_lr0.002_s27,49,1,0.02040816326530612,27,val,42,6,0,5,6,176.0,208.0,0.019614972174167633,0.0013297871919348836,35
moe_oeo_N49_k1_L4_lr0.002_s27,49,1,0.02040816326530612,27,val,43,6,1,6,1,208.0,48.0,0.020168140530586243,0.005319148767739534,35
moe_oeo_N49_k1_L4_lr0.002_s27,49,1,0.02040816326530612,27,val,44,6,2,6,5,208.0,176.0,0.019746961072087288,0.0013297871919348836,35
moe_oeo_N49_k1_L4_lr0.002_s27,49,1,0.02040816326530612,27,val,45,6,3,0,0,16.0,16.0,0.021665217354893684,0.013297872617840767,35
moe_oeo_N49_k1_L4_lr0.002_s27,49,1,0.02040816326530612,27,val,46,6,4,0,6,16.0,208.0,0.019068211317062378,0.0013297871919348836,35
moe_oeo_N49_k1_L4_lr0.002_s27,49,1,0.02040816326530612,27,val,47,6,5,6,0,208.0,16.0,0.02020440623164177,0.002659574383869767,35
moe_oeo_N49_k1_L4_lr0.002_s27,49,1,0.02040816326530612,27,val,48,6,6,6,6,208.0,208.0,0.01989322528243065,0.002659574383869767,35
moe_oeo_N49_k12_L4_lr0.002_s27,49,12,0.24489795918367346,27,train,0,0,0,3,3,112.0,112.0,0.019775666296482086,0.04891304299235344,2556
moe_oeo_N49_k12_L4_lr0.002_s27,49,12,0.24489795918367346,27,train,1,0,1,2,3,80.0,112.0,0.019278541207313538,0.028890160843729973,2556
moe_oeo_N49_k12_L4_lr0.002_s27,49,12,0.24489795918367346,27,train,2,0,2,3,2,112.0,80.0,0.020107386633753777,0.1370137333869934,2556
moe_oeo_N49_k12_L4_lr0.002_s27,49,12,0.24489795918367346,27,train,3,0,3,3,4,112.0,144.0,0.01910366117954254,0.031750570982694626,2556
moe_oeo_N49_k12_L4_lr0.002_s27,49,12,0.24489795918367346,27,train,4,0,4,4,3,144.0,112.0,0.01944357343018055,0.043764300644397736,2556
moe_oeo_N49_k12_L4_lr0.002_s27,49,12,0.24489795918367346,27,train,5,0,5,2,2,80.0,80.0,0.019876958802342415,0.17133867740631104,2556
moe_oeo_N49_k12_L4_lr0.002_s27,49,12,0.24489795918367346,27,train,6,0,6,2,4,80.0,144.0,0.01919241063296795,0.2751716375350952,2556
moe_oeo_N49_k12_L4_lr0.002_s27,49,12,0.24489795918367346,27,train,7,1,0,4,2,144.0,80.0,0.019450509920716286,0.07151030004024506,2556
moe_oeo_N49_k12_L4_lr0.002_s27,49,12,0.24489795918367346,27,train,8,1,1,4,4,144.0,144.0,0.019913408905267715,0.1198512613773346,2556
moe_oeo_N49_k12_L4_lr0.002_s27,49,12,0.24489795918367346,27,train,9,1,2,1,3,48.0,112.0,0.019334549084305763,0.03489702567458153,2556
moe_oeo_N49_k12_L4_lr0.002_s27,49,12,0.24489795918367346,27,train,10,1,3,3,1,112.0,48.0,0.02093535289168358,0.3555491864681244,2556
moe_oeo_N49_k12_L4_lr0.002_s27,49,12,0.24489795918367346,27,train,11,1,4,3,5,112.0,176.0,0.019154584035277367,0.028890160843729973,2556
moe_oeo_N49_k12_L4_lr0.002_s27,49,12,0.24489795918367346,27,train,12,1,5,5,3,176.0,112.0,0.020138636231422424,0.14502288401126862,2556
moe_oeo_N49_k12_L4_lr0.002_s27,49,12,0.24489795918367346,27,train,13,1,6,1,2,48.0,80.0,0.01994197443127632,0.18449656665325165,2556
moe_oeo_N49_k12_L4_lr0.002_s27,49,12,0.24489795918367346,27,train,14,2,0,1,4,48.0,144.0,0.01835029199719429,0.02517162449657917,2556
moe_oeo_N49_k12_L4_lr0.002_s27,49,12,0.24489795918367346,27,train,15,2,1,2,1,80.0,48.0,0.02086205966770649,0.3595537841320038,2556
moe_oeo_N49_k12_L4_lr0.002_s27,49,12,0.24489795918367346,27,train,16,2,2,2,5,80.0,176.0,0.02089500240981579,0.4113272428512573,2556
moe_oeo_N49_k12_L4_lr0.002_s27,49,12,0.24489795918367346,27,train,17,2,3,4,1,144.0,48.0,0.028838999569416046,0.9931350350379944,2556
moe_oeo_N49_k12_L4_lr0.002_s27,49,12,0.24489795918367346,27,train,18,2,4,4,5,144.0,176.0,0.01991824246942997,0.10955377668142319,2556
moe_oeo_N49_k12_L4_lr0.002_s27,49,12,0.24489795918367346,27,train,19,2,5,5,2,176.0,80.0,0.020184069871902466,0.19050343334674835,2556
moe_oeo_N49_k12_L4_lr0.002_s27,49,12,0.24489795918367346,27,train,20,2,6,5,4,176.0,144.0,0.019816625863313675,0.09610983729362488,2556
moe_oeo_N49_k12_L4_lr0.002_s27,49,12,0.24489795918367346,27,train,21,3,0,1,1,48.0,48.0,0.02006947621703148,0.21681922674179077,2556
moe_oeo_N49_k12_L4_lr0.002_s27,49,12,0.24489795918367346,27,train,22,3,1,1,5,48.0,176.0,0.01948586478829384,0.31350114941596985,2556
moe_oeo_N49_k12_L4_lr0.002_s27,49,12,0.24489795918367346,27,train,23,3,2,5,1,176.0,48.0,0.026641670614480972,0.9651029706001282,2556
moe_oeo_N49_k12_L4_lr0.002_s27,49,12,0.24489795918367346,27,train,24,3,3,5,5,176.0,176.0,0.017642594873905182,0.003718535415828228,2556
moe_oeo_N49_k12_L4_lr0.002_s27,49,12,0.24489795918367346,27,train,25,3,4,0,3,16.0,112.0,0.02923029661178589,0.9925629496574402,2556
moe_oeo_N49_k12_L4_lr0.002_s27,49,12,0.24489795918367346,27,train,26,3,5,3,0,112.0,16.0,0.02106640115380287,0.3838672637939453,2556
moe_oeo_N49_k12_L4_lr0.002_s27,49,12,0.24489795918367346,27,train,27,3,6,3,6,112.0,208.0,0.01924896612763405,0.05034324899315834,2556
moe_oeo_N49_k12_L4_lr0.002_s27,49,12,0.24489795918367346,27,train,28,4,0,6,3,208.0,112.0,0.020102484151721,0.1338672786951065,2556
moe_oeo_N49_k12_L4_lr0.002_s27,49,12,0.24489795918367346,27,train,29,4,1,0,2,16.0,80.0,0.01967834308743477,0.1290045827627182,2556
moe_oeo_N49_k12_L4_lr0.002_s27,49,12,0.24489795918367346,27,train,30,4,2,0,4,16.0,144.0,0.018264619633555412,0.020308924838900566,2556
moe_oeo_N49_k12_L4_lr0.002_s27,49,12,0.24489795918367346,27,train,31,4,3,2,0,80.0,16.0,0.0231170654296875,0.8266590237617493,2556
moe_oeo_N49_k12_L4_lr0.002_s27,49,12,0.24489795918367346,27,train,32,4,4,2,6,80.0,208.0,0.01897219382226467,0.2665903866291046,2556
moe_oeo_N49_k12_L4_lr0.002_s27,49,12,0.24489795918367346,27,train,33,4,5,4,0,144.0,16.0,0.020105384290218353,0.17620137333869934,2556
moe_oeo_N49_k12_L4_lr0.002_s27,49,12,0.24489795918367346,27,train,34,4,6,4,6,144.0,208.0,0.02134251967072487,0.5520594716072083,2556
moe_oeo_N49_k12_L4_lr0.002_s27,49,12,0.24489795918367346,27,train,35,5,0,6,2,208.0,80.0,0.02014743909239769,0.19279175996780396,2556
moe_oeo_N49_k12_L4_lr0.002_s27,49,12,0.24489795918367346,27,train,36,5,1,6,4,208.0,144.0,0.019796106964349747,0.09153318405151367,2556
moe_oeo_N49_k12_L4_lr0.002_s27,49,12,0.24489795918367346,27,train,37,5,2,0,1,16.0,48.0,0.021032752469182014,0.389874130487442,2556
moe_oeo_N49_k12_L4_lr0.002_s27,49,12,0.24489795918367346,27,train,38,5,3,0,5,16.0,176.0,0.019337018951773643,0.30348971486091614,2556
moe_oeo_N49_k12_L4_lr0.002_s27,49,12,0.24489795918367346,27,train,39,5,4,1,0,48.0,16.0,0.020329004153609276,0.263729989528656,2556
moe_oeo_N49_k12_L4_lr0.002_s27,49,12,0.24489795918367346,27,train,40,5,5,1,6,48.0,208.0,0.01965533196926117,0.32923340797424316,2556
moe_oeo_N49_k12_L4_lr0.002_s27,49,12,0.24489795918367346,27,train,41,5,6,5,0,176.0,16.0,0.019699042662978172,0.10183066129684448,2556
moe_oeo_N49_k12_L4_lr0.002_s27,49,12,0.24489795918367346,27,train,42,6,0,5,6,176.0,208.0,0.019910279661417007,0.1270022839307785,2556
moe_oeo_N49_k12_L4_lr0.002_s27,49,12,0.24489795918367346,27,train,43,6,1,6,1,208.0,48.0,0.020095372572541237,0.16304348409175873,2556
moe_oeo_N49_k12_L4_lr0.002_s27,49,12,0.24489795918367346,27,train,44,6,2,6,5,208.0,176.0,0.01968822069466114,0.07494278997182846,2556
moe_oeo_N49_k12_L4_lr0.002_s27,49,12,0.24489795918367346,27,train,45,6,3,0,0,16.0,16.0,0.021247578784823418,0.42276889085769653,2556
moe_oeo_N49_k12_L4_lr0.002_s27,49,12,0.24489795918367346,27,train,46,6,4,0,6,16.0,208.0,0.019444527104496956,0.31407323479652405,2556
moe_oeo_N49_k12_L4_lr0.002_s27,49,12,0.24489795918367346,27,train,47,6,5,6,0,208.0,16.0,0.02013590931892395,0.17906178534030914,2556
moe_oeo_N49_k12_L4_lr0.002_s27,49,12,0.24489795918367346,27,train,48,6,6,6,6,208.0,208.0,0.020001018419861794,0.15360412001609802,2556
moe_oeo_N49_k12_L4_lr0.002_s27,49,12,0.24489795918367346,27,val,0,0,0,3,3,112.0,112.0,0.01979834772646427,0.03989361599087715,572
moe_oeo_N49_k12_L4_lr0.002_s27,49,12,0.24489795918367346,27,val,1,0,1,2,3,80.0,112.0,0.019237888976931572,0.034574467688798904,572
moe_oeo_N49_k12_L4_lr0.002_s27,49,12,0.24489795918367346,27,val,2,0,2,3,2,112.0,80.0,0.020136522129178047,0.1316489428281784,572
moe_oeo_N49_k12_L4_lr0.002_s27,49,12,0.24489795918367346,27,val,3,0,3,3,4,112.0,144.0,0.01911136694252491,0.03324468061327934,572
moe_oeo_N49_k12_L4_lr0.002_s27,49,12,0.24489795918367346,27,val,4,0,4,4,3,144.0,112.0,0.019422559067606926,0.04122340306639671,572
moe_oeo_N49_k12_L4_lr0.002_s27,49,12,0.24489795918367346,27,val,5,0,5,2,2,80.0,80.0,0.019951986148953438,0.17952127754688263,572
moe_oeo_N49_k12_L4_lr0.002_s27,49,12,0.24489795918367346,27,val,6,0,6,2,4,80.0,144.0,0.019203459843993187,0.2885638177394867,572
moe_oeo_N49_k12_L4_lr0.002_s27,49,12,0.24489795918367346,27,val,7,1,0,4,2,144.0,80.0,0.01945745386183262,0.08643616735935211,572
moe_oeo_N49_k12_L4_lr0.002_s27,49,12,0.24489795918367346,27,val,8,1,1,4,4,144.0,144.0,0.019995659589767456,0.12367021292448044,572
moe_oeo_N49_k12_L4_lr0.002_s27,49,12,0.24489795918367346,27,val,9,1,2,1,3,48.0,112.0,0.01936357282102108,0.03989361599087715,572
moe_oeo_N49_k12_L4_lr0.002_s27,49,12,0.24489795918367346,27,val,10,1,3,3,1,112.0,48.0,0.020954666659235954,0.34175533056259155,572
moe_oeo_N49_k12_L4_lr0.002_s27,49,12,0.24489795918367346,27,val,11,1,4,3,5,112.0,176.0,0.019164282828569412,0.03191489353775978,572
moe_oeo_N49_k12_L4_lr0.002_s27,49,12,0.24489795918367346,27,val,12,1,5,5,3,176.0,112.0,0.020070957019925117,0.12234042584896088,572
moe_oeo_N49_k12_L4_lr0.002_s27,49,12,0.24489795918367346,27,val,13,1,6,1,2,48.0,80.0,0.019969800487160683,0.1981382966041565,572
moe_oeo_N49_k12_L4_lr0.002_s27,49,12,0.24489795918367346,27,val,14,2,0,1,4,48.0,144.0,0.018368368968367577,0.026595745235681534,572
moe_oeo_N49_k12_L4_lr0.002_s27,49,12,0.24489795918367346,27,val,15,2,1,2,1,80.0,48.0,0.0210600383579731,0.38297873735427856,572
moe_oeo_N49_k12_L4_lr0.002_s27,49,12,0.24489795918367346,27,val,16,2,2,2,5,80.0,176.0,0.020891282707452774,0.43617022037506104,572
moe_oeo_N49_k12_L4_lr0.002_s27,49,12,0.24489795918367346,27,val,17,2,3,4,1,144.0,48.0,0.028932908549904823,0.9933510422706604,572
moe_oeo_N49_k12_L4_lr0.002_s27,49,12,0.24489795918367346,27,val,18,2,4,4,5,144.0,176.0,0.019943000748753548,0.11303191632032394,572
moe_oeo_N49_k12_L4_lr0.002_s27,49,12,0.24489795918367346,27,val,19,2,5,5,2,176.0,80.0,0.020041070878505707,0.16223403811454773,572
moe_oeo_N49_k12_L4_lr0.002_s27,49,12,0.24489795918367346,27,val,20,2,6,5,4,176.0,144.0,0.019849497824907303,0.08909574151039124,572
moe_oeo_N49_k12_L4_lr0.002_s27,49,12,0.24489795918367346,27,val,21,3,0,1,1,48.0,48.0,0.020111503079533577,0.2260638326406479,572
moe_oeo_N49_k12_L4_lr0.002_s27,49,12,0.24489795918367346,27,val,22,3,1,1,5,48.0,176.0,0.01943957805633545,0.3098404109477997,572
moe_oeo_N49_k12_L4_lr0.002_s27,49,12,0.24489795918367346,27,val,23,3,2,5,1,176.0,48.0,0.026579324156045914,0.958776593208313,572
moe_oeo_N49_k12_L4_lr0.002_s27,49,12,0.24489795918367346,27,val,24,3,3,5,5,176.0,176.0,0.017616556957364082,0.0,572
moe_oeo_N49_k12_L4_lr0.002_s27,49,12,0.24489795918367346,27,val,25,3,4,0,3,16.0,112.0,0.0293296929448843,0.9920212626457214,572
moe_oeo_N49_k12_L4_lr0.002_s27,49,12,0.24489795918367346,27,val,26,3,5,3,0,112.0,16.0,0.021105514839291573,0.39760637283325195,572
moe_oeo_N49_k12_L4_lr0.002_s27,49,12,0.24489795918367346,27,val,27,3,6,3,6,112.0,208.0,0.01917289011180401,0.03723404183983803,572
moe_oeo_N49_k12_L4_lr0.002_s27,49,12,0.24489795918367346,27,val,28,4,0,6,3,208.0,112.0,0.020077012479305267,0.14095744490623474,572
moe_oeo_N49_k12_L4_lr0.002_s27,49,12,0.24489795918367346,27,val,29,4,1,0,2,16.0,80.0,0.019758114591240883,0.15159574151039124,572
moe_oeo_N49_k12_L4_lr0.002_s27,49,12,0.24489795918367346,27,val,30,4,2,0,4,16.0,144.0,0.01828492246568203,0.021276595070958138,572
moe_oeo_N49_k12_L4_lr0.002_s27,49,12,0.24489795918367346,27,val,31,4,3,2,0,80.0,16.0,0.023055288940668106,0.8297872543334961,572
moe_oeo_N49_k12_L4_lr0.002_s27,49,12,0.24489795918367346,27,val,32,4,4,2,6,80.0,208.0,0.018881414085626602,0.2646276652812958,572
moe_oeo_N49_k12_L4_lr0.002_s27,49,12,0.24489795918367346,27,val,33,4,5,4,0,144.0,16.0,0.02012685127556324,0.18351063132286072,572
moe_oeo_N49_k12_L4_lr0.002_s27,49,12,0.24489795918367346,27,val,34,4,6,4,6,144.0,208.0,0.021268827840685844,0.561170220375061,572
moe_oeo_N49_k12_L4_lr0.002_s27,49,12,0.24489795918367346,27,val,35,5,0,6,2,208.0,80.0,0.02009044773876667,0.17287233471870422,572
moe_oeo_N49_k12_L4_lr0.002_s27,49,12,0.24489795918367346,27,val,36,5,1,6,4,208.0,144.0,0.019771529361605644,0.09574468433856964,572
moe_oeo_N49_k12_L4_lr0.002_s27,49,12,0.24489795918367346,27,val,37,5,2,0,1,16.0,48.0,0.02109605073928833,0.38696807622909546,572
moe_oeo_N49_k12_L4_lr0.002_s27,49,12,0.24489795918367346,27,val,38,5,3,0,5,16.0,176.0,0.019359804689884186,0.31781914830207825,572
moe_oeo_N49_k12_L4_lr0.002_s27,49,12,0.24489795918367346,27,val,39,5,4,1,0,48.0,16.0,0.020323893055319786,0.26196807622909546,572
moe_oeo_N49_k12_L4_lr0.002_s27,49,12,0.24489795918367346,27,val,40,5,5,1,6,48.0,208.0,0.019540362060070038,0.33111703395843506,572
moe_oeo_N49_k12_L4_lr0.002_s27,49,12,0.24489795918367346,27,val,41,5,6,5,0,176.0,16.0,0.019655276089906693,0.08510638028383255,572
moe_oeo_N49_k12_L4_lr0.002_s27,49,12,0.24489795918367346,27,val,42,6,0,5,6,176.0,208.0,0.019825661554932594,0.08643616735935211,572
moe_oeo_N49_k12_L4_lr0.002_s27,49,12,0.24489795918367346,27,val,43,6,1,6,1,208.0,48.0,0.020135190337896347,0.1595744639635086,572
moe_oeo_N49_k12_L4_lr0.002_s27,49,12,0.24489795918367346,27,val,44,6,2,6,5,208.0,176.0,0.01973206363618374,0.08909574151039124,572
moe_oeo_N49_k12_L4_lr0.002_s27,49,12,0.24489795918367346,27,val,45,6,3,0,0,16.0,16.0,0.021342817693948746,0.43617022037506104,572
moe_oeo_N49_k12_L4_lr0.002_s27,49,12,0.24489795918367346,27,val,46,6,4,0,6,16.0,208.0,0.019392134621739388,0.3018617033958435,572
moe_oeo_N49_k12_L4_lr0.002_s27,49,12,0.24489795918367346,27,val,47,6,5,6,0,208.0,16.0,0.02004764974117279,0.16489361226558685,572
moe_oeo_N49_k12_L4_lr0.002_s27,49,12,0.24489795918367346,27,val,48,6,6,6,6,208.0,208.0,0.019954930990934372,0.13962766528129578,572
moe_oeo_N49_k24_L4_lr0.002_s27,49,24,0.4897959183673469,27,train,0,0,0,3,3,112.0,112.0,0.019204096868634224,0.15846681594848633,3026
moe_oeo_N49_k24_L4_lr0.002_s27,49,24,0.4897959183673469,27,train,1,0,1,2,3,80.0,112.0,0.019469914957880974,0.2651601731777191,3026
moe_oeo_N49_k24_L4_lr0.002_s27,49,24,0.4897959183673469,27,train,2,0,2,3,2,112.0,80.0,0.020557649433612823,0.6227116584777832,3026
moe_oeo_N49_k24_L4_lr0.002_s27,49,24,0.4897959183673469,27,train,3,0,3,3,4,112.0,144.0,0.019069088622927666,0.30921053886413574,3026
moe_oeo_N49_k24_L4_lr0.002_s27,49,24,0.4897959183673469,27,train,4,0,4,4,3,144.0,112.0,0.019449643790721893,0.22511442005634308,3026
moe_oeo_N49_k24_L4_lr0.002_s27,49,24,0.4897959183673469,27,train,5,0,5,2,2,80.0,80.0,0.021512627601623535,0.6982265710830688,3026
moe_oeo_N49_k24_L4_lr0.002_s27,49,24,0.4897959183673469,27,train,6,0,6,2,4,80.0,144.0,0.01811307482421398,0.055205948650836945,3026
moe_oeo_N49_k24_L4_lr0.002_s27,49,24,0.4897959183673469,27,train,7,1,0,4,2,144.0,80.0,0.019385525956749916,0.2331235706806183,3026
moe_oeo_N49_k24_L4_lr0.002_s27,49,24,0.4897959183673469,27,train,8,1,1,4,4,144.0,144.0,0.021685704588890076,0.8907322883605957,3026
moe_oeo_N49_k24_L4_lr0.002_s27,49,24,0.4897959183673469,27,train,9,1,2,1,3,48.0,112.0,0.019585950300097466,0.30491989850997925,3026
moe_oeo_N49_k24_L4_lr0.002_s27,49,24,0.4897959183673469,27,train,10,1,3,3,1,112.0,48.0,0.02127704583108425,0.913329541683197,3026
moe_oeo_N49_k24_L4_lr0.002_s27,49,24,0.4897959183673469,27,train,11,1,4,3,5,112.0,176.0,0.018837150186300278,0.09496567398309708,3026
moe_oeo_N49_k24_L4_lr0.002_s27,49,24,0.4897959183673469,27,train,12,1,5,5,3,176.0,112.0,0.019832944497466087,0.43821510672569275,3026
moe_oeo_N49_k24_L4_lr0.002_s27,49,24,0.4897959183673469,27,train,13,1,6,1,2,48.0,80.0,0.02156568318605423,0.6993706822395325,3026
moe_oeo_N49_k24_L4_lr0.002_s27,49,24,0.4897959183673469,27,train,14,2,0,1,4,48.0,144.0,0.018580444157123566,0.29090389609336853,3026
moe_oeo_N49_k24_L4_lr0.002_s27,49,24,0.4897959183673469,27,train,15,2,1,2,1,80.0,48.0,0.02162979356944561,0.8375285863876343,3026
moe_oeo_N49_k24_L4_lr0.002_s27,49,24,0.4897959183673469,27,train,16,2,2,2,5,80.0,176.0,0.020805595442652702,0.5220251679420471,3026
moe_oeo_N49_k24_L4_lr0.002_s27,49,24,0.4897959183673469,27,train,17,2,3,4,1,144.0,48.0,0.03287668153643608,1.0,3026
moe_oeo_N49_k24_L4_lr0.002_s27,49,24,0.4897959183673469,27,train,18,2,4,4,5,144.0,176.0,0.019567936658859253,0.2857551574707031,3026
moe_oeo_N49_k24_L4_lr0.002_s27,49,24,0.4897959183673469,27,train,19,2,5,5,2,176.0,80.0,0.020340509712696075,0.693077802658081,3026
moe_oeo_N49_k24_L4_lr0.002_s27,49,24,0.4897959183673469,27,train,20,2,6,5,4,176.0,144.0,0.019417962059378624,0.23083524405956268,3026
moe_oeo_N49_k24_L4_lr0.002_s27,49,24,0.4897959183673469,27,train,21,3,0,1,1,48.0,48.0,0.021307893097400665,0.6355835199356079,3026
moe_oeo_N49_k24_L4_lr0.002_s27,49,24,0.4897959183673469,27,train,22,3,1,1,5,48.0,176.0,0.019275033846497536,0.3770022988319397,3026
moe_oeo_N49_k24_L4_lr0.002_s27,49,24,0.4897959183673469,27,train,23,3,2,5,1,176.0,48.0,0.025205710902810097,0.997139573097229,3026
moe_oeo_N49_k24_L4_lr0.002_s27,49,24,0.4897959183673469,27,train,24,3,3,5,5,176.0,176.0,0.017022017389535904,0.00657894741743803,3026
moe_oeo_N49_k24_L4_lr0.002_s27,49,24,0.4897959183673469,27,train,25,3,4,0,3,16.0,112.0,0.02450181357562542,0.9957093596458435,3026
moe_oeo_N49_k24_L4_lr0.002_s27,49,24,0.4897959183673469,27,train,26,3,5,3,0,112.0,16.0,0.02101823501288891,0.8689931631088257,3026
moe_oeo_N49_k24_L4_lr0.002_s27,49,24,0.4897959183673469,27,train,27,3,6,3,6,112.0,208.0,0.01912606693804264,0.32294049859046936,3026
moe_oeo_N49_k24_L4_lr0.002_s27,49,24,0.4897959183673469,27,train,28,4,0,6,3,208.0,112.0,0.019847819581627846,0.495995432138443,3026
moe_oeo_N49_k24_L4_lr0.002_s27,49,24,0.4897959183673469,27,train,29,4,1,0,2,16.0,80.0,0.021403862163424492,0.6404462456703186,3026
moe_oeo_N49_k24_L4_lr0.002_s27,49,24,0.4897959183673469,27,train,30,4,2,0,4,16.0,144.0,0.018278729170560837,0.2411327213048935,3026
moe_oeo_N49_k24_L4_lr0.002_s27,49,24,0.4897959183673469,27,train,31,4,3,2,0,80.0,16.0,0.021068885922431946,0.6044050455093384,3026
moe_oeo_N49_k24_L4_lr0.002_s27,49,24,0.4897959183673469,27,train,32,4,4,2,6,80.0,208.0,0.018599726259708405,0.29977115988731384,3026
moe_oeo_N49_k24_L4_lr0.002_s27,49,24,0.4897959183673469,27,train,33,4,5,4,0,144.0,16.0,0.02011697180569172,0.6212814450263977,3026
moe_oeo_N49_k24_L4_lr0.002_s27,49,24,0.4897959183673469,27,train,34,4,6,4,6,144.0,208.0,0.021345721557736397,0.8289473652839661,3026
moe_oeo_N49_k24_L4_lr0.002_s27,49,24,0.4897959183673469,27,train,35,5,0,6,2,208.0,80.0,0.01991349644958973,0.4642448425292969,3026
moe_oeo_N49_k24_L4_lr0.002_s27,49,24,0.4897959183673469,27,train,36,5,1,6,4,208.0,144.0,0.02032007835805416,0.6581807732582092,3026
moe_oeo_N49_k24_L4_lr0.002_s27,49,24,0.4897959183673469,27,train,37,5,2,0,1,16.0,48.0,0.021547622978687286,0.6839244961738586,3026
moe_oeo_N49_k24_L4_lr0.002_s27,49,24,0.4897959183673469,27,train,38,5,3,0,5,16.0,176.0,0.018341265618801117,0.2548626959323883,3026
moe_oeo_N49_k24_L4_lr0.002_s27,49,24,0.4897959183673469,27,train,39,5,4,1,0,48.0,16.0,0.021397333592176437,0.6478832960128784,3026
moe_oeo_N49_k24_L4_lr0.002_s27,49,24,0.4897959183673469,27,train,40,5,5,1,6,48.0,208.0,0.018576906993985176,0.30263158679008484,3026
moe_oeo_N49_k24_L4_lr0.002_s27,49,24,0.4897959183673469,27,train,41,5,6,5,0,176.0,16.0,0.019524982199072838,0.263729989528656,3026
moe_oeo_N49_k24_L4_lr0.002_s27,49,24,0.4897959183673469,27,train,42,6,0,5,6,176.0,208.0,0.019320446997880936,0.20108695328235626,3026
moe_oeo_N49_k24_L4_lr0.002_s27,49,24,0.4897959183673469,27,train,43,6,1,6,1,208.0,48.0,0.019973143935203552,0.5085812211036682,3026
moe_oeo_N49_k24_L4_lr0.002_s27,49,24,0.4897959183673469,27,train,44,6,2,6,5,208.0,176.0,0.01960655488073826,0.31092676520347595,3026
moe_oeo_N49_k24_L4_lr0.002_s27,49,24,0.4897959183673469,27,train,45,6,3,0,0,16.0,16.0,0.02143864519894123,0.6590389013290405,3026
moe_oeo_N49_k24_L4_lr0.002_s27,49,24,0.4897959183673469,27,train,46,6,4,0,6,16.0,208.0,0.018606558442115784,0.30377575755119324,3026
moe_oeo_N49_k24_L4_lr0.002_s27,49,24,0.4897959183673469,27,train,47,6,5,6,0,208.0,16.0,0.019541418179869652,0.260869562625885,3026
moe_oeo_N49_k24_L4_lr0.002_s27,49,24,0.4897959183673469,27,train,48,6,6,6,6,208.0,208.0,0.021008048206567764,0.7754576802253723,3026
moe_oeo_N49_k24_L4_lr0.002_s27,49,24,0.4897959183673469,27,val,0,0,0,3,3,112.0,112.0,0.01922103576362133,0.1595744639635086,669
moe_oeo_N49_k24_L4_lr0.002_s27,49,24,0.4897959183673469,27,val,1,0,1,2,3,80.0,112.0,0.019425321370363235,0.2632978856563568,669
moe_oeo_N49_k24_L4_lr0.002_s27,49,24,0.4897959183673469,27,val,2,0,2,3,2,112.0,80.0,0.02059287205338478,0.6436170339584351,669
moe_oeo_N49_k24_L4_lr0.002_s27,49,24,0.4897959183673469,27,val,3,0,3,3,4,112.0,144.0,0.019073830917477608,0.3085106313228607,669
moe_oeo_N49_k24_L4_lr0.002_s27,49,24,0.4897959183673469,27,val,4,0,4,4,3,144.0,112.0,0.019426824524998665,0.22074468433856964,669
moe_oeo_N49_k24_L4_lr0.002_s27,49,24,0.4897959183673469,27,val,5,0,5,2,2,80.0,80.0,0.021619606763124466,0.6954787373542786,669
moe_oeo_N49_k24_L4_lr0.002_s27,49,24,0.4897959183673469,27,val,6,0,6,2,4,80.0,144.0,0.018117496743798256,0.06515957415103912,669
moe_oeo_N49_k24_L4_lr0.002_s27,49,24,0.4897959183673469,27,val,7,1,0,4,2,144.0,80.0,0.019387269392609596,0.23670212924480438,669
moe_oeo_N49_k24_L4_lr0.002_s27,49,24,0.4897959183673469,27,val,8,1,1,4,4,144.0,144.0,0.021785758435726166,0.8922872543334961,669
moe_oeo_N49_k24_L4_lr0.002_s27,49,24,0.4897959183673469,27,val,9,1,2,1,3,48.0,112.0,0.019619066268205643,0.3231382966041565,669
moe_oeo_N49_k24_L4_lr0.002_s27,49,24,0.4897959183673469,27,val,10,1,3,3,1,112.0,48.0,0.021301819011569023,0.9082446694374084,669
moe_oeo_N49_k24_L4_lr0.002_s27,49,24,0.4897959183673469,27,val,11,1,4,3,5,112.0,176.0,0.018843982368707657,0.10904255509376526,669
moe_oeo_N49_k24_L4_lr0.002_s27,49,24,0.4897959183673469,27,val,12,1,5,5,3,176.0,112.0,0.01976330764591694,0.4202127754688263,669
moe_oeo_N49_k24_L4_lr0.002_s27,49,24,0.4897959183673469,27,val,13,1,6,1,2,48.0,80.0,0.02160639502108097,0.6941489577293396,669
moe_oeo_N49_k24_L4_lr0.002_s27,49,24,0.4897959183673469,27,val,14,2,0,1,4,48.0,144.0,0.018596438691020012,0.2992021143436432,669
moe_oeo_N49_k24_L4_lr0.002_s27,49,24,0.4897959183673469,27,val,15,2,1,2,1,80.0,48.0,0.021862639114260674,0.8444148898124695,669
moe_oeo_N49_k24_L4_lr0.002_s27,49,24,0.4897959183673469,27,val,16,2,2,2,5,80.0,176.0,0.020794324576854706,0.5186170339584351,669
moe_oeo_N49_k24_L4_lr0.002_s27,49,24,0.4897959183673469,27,val,17,2,3,4,1,144.0,48.0,0.032935746014118195,1.0,669
moe_oeo_N49_k24_L4_lr0.002_s27,49,24,0.4897959183673469,27,val,18,2,4,4,5,144.0,176.0,0.019580889493227005,0.30452126264572144,669
moe_oeo_N49_k24_L4_lr0.002_s27,49,24,0.4897959183673469,27,val,19,2,5,5,2,176.0,80.0,0.0201897993683815,0.6702127456665039,669
moe_oeo_N49_k24_L4_lr0.002_s27,49,24,0.4897959183673469,27,val,20,2,6,5,4,176.0,144.0,0.019442543387413025,0.24734042584896088,669
moe_oeo_N49_k24_L4_lr0.002_s27,49,24,0.4897959183673469,27,val,21,3,0,1,1,48.0,48.0,0.021357711404561996,0.6409574747085571,669
moe_oeo_N49_k24_L4_lr0.002_s27,49,24,0.4897959183673469,27,val,22,3,1,1,5,48.0,176.0,0.01922583021223545,0.3789893686771393,669
moe_oeo_N49_k24_L4_lr0.002_s27,49,24,0.4897959183673469,27,val,23,3,2,5,1,176.0,48.0,0.02514440193772316,0.9906914830207825,669
moe_oeo_N49_k24_L4_lr0.002_s27,49,24,0.4897959183673469,27,val,24,3,3,5,5,176.0,176.0,0.01699831523001194,0.005319148767739534,669
moe_oeo_N49_k24_L4_lr0.002_s27,49,24,0.4897959183673469,27,val,25,3,4,0,3,16.0,112.0,0.024540835991501808,0.9920212626457214,669
moe_oeo_N49_k24_L4_lr0.002_s27,49,24,0.4897959183673469,27,val,26,3,5,3,0,112.0,16.0,0.021052857860922813,0.8723404407501221,669
moe_oeo_N49_k24_L4_lr0.002_s27,49,24,0.4897959183673469,27,val,27,3,6,3,6,112.0,208.0,0.019047286361455917,0.31781914830207825,669
moe_oeo_N49_k24_L4_lr0.002_s27,49,24,0.4897959183673469,27,val,28,4,0,6,3,208.0,112.0,0.019824182614684105,0.5172872543334961,669
moe_oeo_N49_k24_L4_lr0.002_s27,49,24,0.4897959183673469,27,val,29,4,1,0,2,16.0,80.0,0.021521560847759247,0.6688829660415649,669
moe_oeo_N49_k24_L4_lr0.002_s27,49,24,0.4897959183673469,27,val,30,4,2,0,4,16.0,144.0,0.018297111615538597,0.2327127605676651,669
moe_oeo_N49_k24_L4_lr0.002_s27,49,24,0.4897959183673469,27,val,31,4,3,2,0,80.0,16.0,0.021031059324741364,0.5744680762290955,669
moe_oeo_N49_k24_L4_lr0.002_s27,49,24,0.4897959183673469,27,val,32,4,4,2,6,80.0,208.0,0.018514050170779228,0.291223406791687,669
moe_oeo_N49_k24_L4_lr0.002_s27,49,24,0.4897959183673469,27,val,33,4,5,4,0,144.0,16.0,0.02013164572417736,0.6183510422706604,669
moe_oeo_N49_k24_L4_lr0.002_s27,49,24,0.4897959183673469,27,val,34,4,6,4,6,144.0,208.0,0.02126985602080822,0.8244680762290955,669
moe_oeo_N49_k24_L4_lr0.002_s27,49,24,0.4897959183673469,27,val,35,5,0,6,2,208.0,80.0,0.019854165613651276,0.44680851697921753,669
moe_oeo_N49_k24_L4_lr0.002_s27,49,24,0.4897959183673469,27,val,36,5,1,6,4,208.0,144.0,0.020291538909077644,0.6529255509376526,669
moe_oeo_N49_k24_L4_lr0.002_s27,49,24,0.4897959183673469,27,val,37,5,2,0,1,16.0,48.0,0.02160634472966194,0.6795212626457214,669
moe_oeo_N49_k24_L4_lr0.002_s27,49,24,0.4897959183673469,27,val,38,5,3,0,5,16.0,176.0,0.018351398408412933,0.27526596188545227,669
moe_oeo_N49_k24_L4_lr0.002_s27,49,24,0.4897959183673469,27,val,39,5,4,1,0,48.0,16.0,0.021392926573753357,0.623670220375061,669
moe_oeo_N49_k24_L4_lr0.002_s27,49,24,0.4897959183673469,27,val,40,5,5,1,6,48.0,208.0,0.01848476007580757,0.3058510720729828,669
moe_oeo_N49_k24_L4_lr0.002_s27,49,24,0.4897959183673469,27,val,41,5,6,5,0,176.0,16.0,0.019478119909763336,0.24867020547389984,669
moe_oeo_N49_k24_L4_lr0.002_s27,49,24,0.4897959183673469,27,val,42,6,0,5,6,176.0,208.0,0.019244330003857613,0.17952127754688263,669
moe_oeo_N49_k24_L4_lr0.002_s27,49,24,0.4897959183673469,27,val,43,6,1,6,1,208.0,48.0,0.0200073029845953,0.49867022037506104,669
moe_oeo_N49_k24_L4_lr0.002_s27,49,24,0.4897959183673469,27,val,44,6,2,6,5,208.0,176.0,0.019639385864138603,0.3164893686771393,669
moe_oeo_N49_k24_L4_lr0.002_s27,49,24,0.4897959183673469,27,val,45,6,3,0,0,16.0,16.0,0.021538320928812027,0.6742021441459656,669
moe_oeo_N49_k24_L4_lr0.002_s27,49,24,0.4897959183673469,27,val,46,6,4,0,6,16.0,208.0,0.018560755997896194,0.3058510720729828,669
moe_oeo_N49_k24_L4_lr0.002_s27,49,24,0.4897959183673469,27,val,47,6,5,6,0,208.0,16.0,0.019460055977106094,0.2632978856563568,669
moe_oeo_N49_k24_L4_lr0.002_s27,49,24,0.4897959183673469,27,val,48,6,6,6,6,208.0,208.0,0.020946931093931198,0.7792553305625916,669
moe_oeo_N49_k49_L4_lr0.002_s27,49,49,1.0,27,train,0,0,0,3,3,112.0,112.0,0.019142216071486473,1.0,1
moe_oeo_N49_k49_L4_lr0.002_s27,49,49,1.0,27,train,1,0,1,2,3,80.0,112.0,0.01919271983206272,1.0,1
moe_oeo_N49_k49_L4_lr0.002_s27,49,49,1.0,27,train,2,0,2,3,2,112.0,80.0,0.019674984738230705,1.0,1
moe_oeo_N49_k49_L4_lr0.002_s27,49,49,1.0,27,train,3,0,3,3,4,112.0,144.0,0.018806010484695435,1.0,1
moe_oeo_N49_k49_L4_lr0.002_s27,49,49,1.0,27,train,4,0,4,4,3,144.0,112.0,0.019533343613147736,1.0,1
moe_oeo_N49_k49_L4_lr0.002_s27,49,49,1.0,27,train,5,0,5,2,2,80.0,80.0,0.02547862008213997,1.0,1
moe_oeo_N49_k49_L4_lr0.002_s27,49,49,1.0,27,train,6,0,6,2,4,80.0,144.0,0.018128106370568275,1.0,1
moe_oeo_N49_k49_L4_lr0.002_s27,49,49,1.0,27,train,7,1,0,4,2,144.0,80.0,0.019529392942786217,1.0,1
moe_oeo_N49_k49_L4_lr0.002_s27,49,49,1.0,27,train,8,1,1,4,4,144.0,144.0,0.019689127802848816,1.0,1
moe_oeo_N49_k49_L4_lr0.002_s27,49,49,1.0,27,train,9,1,2,1,3,48.0,112.0,0.01944032870233059,1.0,1
moe_oeo_N49_k49_L4_lr0.002_s27,49,49,1.0,27,train,10,1,3,3,1,112.0,48.0,0.01996511034667492,1.0,1
moe_oeo_N49_k49_L4_lr0.002_s27,49,49,1.0,27,train,11,1,4,3,5,112.0,176.0,0.01891161873936653,1.0,1
moe_oeo_N49_k49_L4_lr0.002_s27,49,49,1.0,27,train,12,1,5,5,3,176.0,112.0,0.019546372815966606,1.0,1
moe_oeo_N49_k49_L4_lr0.002_s27,49,49,1.0,27,train,13,1,6,1,2,48.0,80.0,0.023473838344216347,1.0,1
moe_oeo_N49_k49_L4_lr0.002_s27,49,49,1.0,27,train,14,2,0,1,4,48.0,144.0,0.01826755702495575,1.0,1
moe_oeo_N49_k49_L4_lr0.002_s27,49,49,1.0,27,train,15,2,1,2,1,80.0,48.0,0.024475056678056717,1.0,1
moe_oeo_N49_k49_L4_lr0.002_s27,49,49,1.0,27,train,16,2,2,2,5,80.0,176.0,0.021043095737695694,1.0,1
moe_oeo_N49_k49_L4_lr0.002_s27,49,49,1.0,27,train,17,2,3,4,1,144.0,48.0,0.025903169065713882,1.0,1
moe_oeo_N49_k49_L4_lr0.002_s27,49,49,1.0,27,train,18,2,4,4,5,144.0,176.0,0.0206767488270998,1.0,1
moe_oeo_N49_k49_L4_lr0.002_s27,49,49,1.0,27,train,19,2,5,5,2,176.0,80.0,0.02060495875775814,1.0,1
moe_oeo_N49_k49_L4_lr0.002_s27,49,49,1.0,27,train,20,2,6,5,4,176.0,144.0,0.019217664375901222,1.0,1
moe_oeo_N49_k49_L4_lr0.002_s27,49,49,1.0,27,train,21,3,0,1,1,48.0,48.0,0.020268850028514862,1.0,1
moe_oeo_N49_k49_L4_lr0.002_s27,49,49,1.0,27,train,22,3,1,1,5,48.0,176.0,0.01892121694982052,1.0,1
moe_oeo_N49_k49_L4_lr0.002_s27,49,49,1.0,27,train,23,3,2,5,1,176.0,48.0,0.02290518768131733,1.0,1
moe_oeo_N49_k49_L4_lr0.002_s27,49,49,1.0,27,train,24,3,3,5,5,176.0,176.0,0.01568618044257164,1.0,1
moe_oeo_N49_k49_L4_lr0.002_s27,49,49,1.0,27,train,25,3,4,0,3,16.0,112.0,0.027464769780635834,1.0,1
moe_oeo_N49_k49_L4_lr0.002_s27,49,49,1.0,27,train,26,3,5,3,0,112.0,16.0,0.02072736620903015,1.0,1
moe_oeo_N49_k49_L4_lr0.002_s27,49,49,1.0,27,train,27,3,6,3,6,112.0,208.0,0.01878165267407894,1.0,1
moe_oeo_N49_k49_L4_lr0.002_s27,49,49,1.0,27,train,28,4,0,6,3,208.0,112.0,0.01918444223701954,1.0,1
moe_oeo_N49_k49_L4_lr0.002_s27,49,49,1.0,27,train,29,4,1,0,2,16.0,80.0,0.020539287477731705,1.0,1
moe_oeo_N49_k49_L4_lr0.002_s27,49,49,1.0,27,train,30,4,2,0,4,16.0,144.0,0.020151982083916664,1.0,1
moe_oeo_N49_k49_L4_lr0.002_s27,49,49,1.0,27,train,31,4,3,2,0,80.0,16.0,0.027359411120414734,1.0,1
moe_oeo_N49_k49_L4_lr0.002_s27,49,49,1.0,27,train,32,4,4,2,6,80.0,208.0,0.019803715869784355,1.0,1
moe_oeo_N49_k49_L4_lr0.002_s27,49,49,1.0,27,train,33,4,5,4,0,144.0,16.0,0.019937796518206596,1.0,1
moe_oeo_N49_k49_L4_lr0.002_s27,49,49,1.0,27,train,34,4,6,4,6,144.0,208.0,0.019052093848586082,1.0,1
moe_oeo_N49_k49_L4_lr0.002_s27,49,49,1.0,27,train,35,5,0,6,2,208.0,80.0,0.020502308383584023,1.0,1
moe_oeo_N49_k49_L4_lr0.002_s27,49,49,1.0,27,train,36,5,1,6,4,208.0,144.0,0.01961800642311573,1.0,1
moe_oeo_N49_k49_L4_lr0.002_s27,49,49,1.0,27,train,37,5,2,0,1,16.0,48.0,0.02218490093946457,1.0,1
moe_oeo_N49_k49_L4_lr0.002_s27,49,49,1.0,27,train,38,5,3,0,5,16.0,176.0,0.019179217517375946,1.0,1
moe_oeo_N49_k49_L4_lr0.002_s27,49,49,1.0,27,train,39,5,4,1,0,48.0,16.0,0.021395467221736908,1.0,1
moe_oeo_N49_k49_L4_lr0.002_s27,49,49,1.0,27,train,40,5,5,1,6,48.0,208.0,0.018427884206175804,1.0,1
moe_oeo_N49_k49_L4_lr0.002_s27,49,49,1.0,27,train,41,5,6,5,0,176.0,16.0,0.01986008696258068,1.0,1
moe_oeo_N49_k49_L4_lr0.002_s27,49,49,1.0,27,train,42,6,0,5,6,176.0,208.0,0.018691547214984894,1.0,1
moe_oeo_N49_k49_L4_lr0.002_s27,49,49,1.0,27,train,43,6,1,6,1,208.0,48.0,0.02052118442952633,1.0,1
moe_oeo_N49_k49_L4_lr0.002_s27,49,49,1.0,27,train,44,6,2,6,5,208.0,176.0,0.020904485136270523,1.0,1
moe_oeo_N49_k49_L4_lr0.002_s27,49,49,1.0,27,train,45,6,3,0,0,16.0,16.0,0.020737789571285248,1.0,1
moe_oeo_N49_k49_L4_lr0.002_s27,49,49,1.0,27,train,46,6,4,0,6,16.0,208.0,0.018463069573044777,1.0,1
moe_oeo_N49_k49_L4_lr0.002_s27,49,49,1.0,27,train,47,6,5,6,0,208.0,16.0,0.01903868466615677,1.0,1
moe_oeo_N49_k49_L4_lr0.002_s27,49,49,1.0,27,train,48,6,6,6,6,208.0,208.0,0.01899137906730175,1.0,1
moe_oeo_N49_k49_L4_lr0.002_s27,49,49,1.0,27,val,0,0,0,3,3,112.0,112.0,0.019155174493789673,1.0,1
moe_oeo_N49_k49_L4_lr0.002_s27,49,49,1.0,27,val,1,0,1,2,3,80.0,112.0,0.01914874278008938,1.0,1
moe_oeo_N49_k49_L4_lr0.002_s27,49,49,1.0,27,val,2,0,2,3,2,112.0,80.0,0.019703581929206848,1.0,1
moe_oeo_N49_k49_L4_lr0.002_s27,49,49,1.0,27,val,3,0,3,3,4,112.0,144.0,0.018807830289006233,1.0,1
moe_oeo_N49_k49_L4_lr0.002_s27,49,49,1.0,27,val,4,0,4,4,3,144.0,112.0,0.019501211121678352,1.0,1
moe_oeo_N49_k49_L4_lr0.002_s27,49,49,1.0,27,val,5,0,5,2,2,80.0,80.0,0.02565678395330906,1.0,1
moe_oeo_N49_k49_L4_lr0.002_s27,49,49,1.0,27,val,6,0,6,2,4,80.0,144.0,0.018126612529158592,1.0,1
moe_oeo_N49_k49_L4_lr0.002_s27,49,49,1.0,27,val,7,1,0,4,2,144.0,80.0,0.019530069082975388,1.0,1
moe_oeo_N49_k49_L4_lr0.002_s27,49,49,1.0,27,val,8,1,1,4,4,144.0,144.0,0.0197663102298975,1.0,1
moe_oeo_N49_k49_L4_lr0.002_s27,49,49,1.0,27,val,9,1,2,1,3,48.0,112.0,0.01946491375565529,1.0,1
moe_oeo_N49_k49_L4_lr0.002_s27,49,49,1.0,27,val,10,1,3,3,1,112.0,48.0,0.019979799166321754,1.0,1
moe_oeo_N49_k49_L4_lr0.002_s27,49,49,1.0,27,val,11,1,4,3,5,112.0,176.0,0.018915189430117607,1.0,1
moe_oeo_N49_k49_L4_lr0.002_s27,49,49,1.0,27,val,12,1,5,5,3,176.0,112.0,0.01947288028895855,1.0,1
moe_oeo_N49_k49_L4_lr0.002_s27,49,49,1.0,27,val,13,1,6,1,2,48.0,80.0,0.02353323996067047,1.0,1
moe_oeo_N49_k49_L4_lr0.002_s27,49,49,1.0,27,val,14,2,0,1,4,48.0,144.0,0.01828177087008953,1.0,1
moe_oeo_N49_k49_L4_lr0.002_s27,49,49,1.0,27,val,15,2,1,2,1,80.0,48.0,0.024823976680636406,1.0,1
moe_oeo_N49_k49_L4_lr0.002_s27,49,49,1.0,27,val,16,2,2,2,5,80.0,176.0,0.021025042980909348,1.0,1
moe_oeo_N49_k49_L4_lr0.002_s27,49,49,1.0,27,val,17,2,3,4,1,144.0,48.0,0.025925474241375923,1.0,1
moe_oeo_N49_k49_L4_lr0.002_s27,49,49,1.0,27,val,18,2,4,4,5,144.0,176.0,0.02070235274732113,1.0,1
moe_oeo_N49_k49_L4_lr0.002_s27,49,49,1.0,27,val,19,2,5,5,2,176.0,80.0,0.020436713472008705,1.0,1
moe_oeo_N49_k49_L4_lr0.002_s27,49,49,1.0,27,val,20,2,6,5,4,176.0,144.0,0.019232681021094322,1.0,1
moe_oeo_N49_k49_L4_lr0.002_s27,49,49,1.0,27,val,21,3,0,1,1,48.0,48.0,0.020317578688263893,1.0,1
moe_oeo_N49_k49_L4_lr0.002_s27,49,49,1.0,27,val,22,3,1,1,5,48.0,176.0,0.018869679421186447,1.0,1
moe_oeo_N49_k49_L4_lr0.002_s27,49,49,1.0,27,val,23,3,2,5,1,176.0,48.0,0.022857951000332832,1.0,1
moe_oeo_N49_k49_L4_lr0.002_s27,49,49,1.0,27,val,24,3,3,5,5,176.0,176.0,0.015665685757994652,1.0,1
moe_oeo_N49_k49_L4_lr0.002_s27,49,49,1.0,27,val,25,3,4,0,3,16.0,112.0,0.0275312177836895,1.0,1
moe_oeo_N49_k49_L4_lr0.002_s27,49,49,1.0,27,val,26,3,5,3,0,112.0,16.0,0.020759012550115585,1.0,1
moe_oeo_N49_k49_L4_lr0.002_s27,49,49,1.0,27,val,27,3,6,3,6,112.0,208.0,0.018699489533901215,1.0,1
moe_oeo_N49_k49_L4_lr0.002_s27,49,49,1.0,27,val,28,4,0,6,3,208.0,112.0,0.019163960590958595,1.0,1
moe_oeo_N49_k49_L4_lr0.002_s27,49,49,1.0,27,val,29,4,1,0,2,16.0,80.0,0.020639223977923393,1.0,1
moe_oeo_N49_k49_L4_lr0.002_s27,49,49,1.0,27,val,30,4,2,0,4,16.0,144.0,0.02019084058701992,1.0,1
moe_oeo_N49_k49_L4_lr0.002_s27,49,49,1.0,27,val,31,4,3,2,0,80.0,16.0,0.027288129553198814,1.0,1
moe_oeo_N49_k49_L4_lr0.002_s27,49,49,1.0,27,val,32,4,4,2,6,80.0,208.0,0.01966497302055359,1.0,1
moe_oeo_N49_k49_L4_lr0.002_s27,49,49,1.0,27,val,33,4,5,4,0,144.0,16.0,0.019948190078139305,1.0,1
moe_oeo_N49_k49_L4_lr0.002_s27,49,49,1.0,27,val,34,4,6,4,6,144.0,208.0,0.018979554995894432,1.0,1
moe_oeo_N49_k49_L4_lr0.002_s27,49,49,1.0,27,val,35,5,0,6,2,208.0,80.0,0.020425649359822273,1.0,1
moe_oeo_N49_k49_L4_lr0.002_s27,49,49,1.0,27,val,36,5,1,6,4,208.0,144.0,0.019581682980060577,1.0,1
moe_oeo_N49_k49_L4_lr0.002_s27,49,49,1.0,27,val,37,5,2,0,1,16.0,48.0,0.02226884476840496,1.0,1
moe_oeo_N49_k49_L4_lr0.002_s27,49,49,1.0,27,val,38,5,3,0,5,16.0,176.0,0.019199039787054062,1.0,1
moe_oeo_N49_k49_L4_lr0.002_s27,49,49,1.0,27,val,39,5,4,1,0,48.0,16.0,0.021388789638876915,1.0,1
moe_oeo_N49_k49_L4_lr0.002_s27,49,49,1.0,27,val,40,5,5,1,6,48.0,208.0,0.018326062709093094,1.0,1
moe_oeo_N49_k49_L4_lr0.002_s27,49,49,1.0,27,val,41,5,6,5,0,176.0,16.0,0.019800258800387383,1.0,1
moe_oeo_N49_k49_L4_lr0.002_s27,49,49,1.0,27,val,42,6,0,5,6,176.0,208.0,0.01861542835831642,1.0,1
moe_oeo_N49_k49_L4_lr0.002_s27,49,49,1.0,27,val,43,6,1,6,1,208.0,48.0,0.020559657365083694,1.0,1
moe_oeo_N49_k49_L4_lr0.002_s27,49,49,1.0,27,val,44,6,2,6,5,208.0,176.0,0.020936403423547745,1.0,1
moe_oeo_N49_k49_L4_lr0.002_s27,49,49,1.0,27,val,45,6,3,0,0,16.0,16.0,0.02082216553390026,1.0,1
moe_oeo_N49_k49_L4_lr0.002_s27,49,49,1.0,27,val,46,6,4,0,6,16.0,208.0,0.018414156511425972,1.0,1
moe_oeo_N49_k49_L4_lr0.002_s27,49,49,1.0,27,val,47,6,5,6,0,208.0,16.0,0.01894949935376644,1.0,1
moe_oeo_N49_k49_L4_lr0.002_s27,49,49,1.0,27,val,48,6,6,6,6,208.0,208.0,0.01894652098417282,1.0,1
