run_name,architecture,experts,top_k,top_k_fraction,seed,epoch,train_objective,learning_rate,elapsed_seconds,val_accuracy,val_balanced_accuracy,val_macro_f1,val_macro_nll,val_capture_mean,val_route_entropy_normalized,val_route_load_cv,val_distinct_selected_sets
moe_oeo_N4_k1_L4_lr0.002_s17,moe_oeo,4,1,0.25,17,1,2.5859466039460814,0.002,56.33258581161499,0.12234042584896088,0.12234041839838028,0.10704588145017624,3.8455145359039307,0.01042058877646923,0.9974563110038819,0.7348515717271642,4
moe_oeo_N4_k1_L4_lr0.002_s17,moe_oeo,4,1,0.25,17,2,1.9587221008015279,0.001998643239407028,112.88672733306885,0.12101063877344131,0.12101063877344131,0.09708860516548157,3.210848331451416,0.007844463922083378,0.9947603451552115,1.03977457455166,4
moe_oeo_N4_k1_L4_lr0.002_s17,moe_oeo,4,1,0.25,17,3,1.7454880197536728,0.0019945766764145906,170.00374364852905,0.10638298094272614,0.10638298094272614,0.08252446353435516,3.0145645141601562,0.007359951268881559,0.9931877873909404,1.1581034548285225,4
moe_oeo_N4_k1_L4_lr0.002_s17,moe_oeo,4,1,0.25,17,4,1.6278143226079744,0.0019878114571891866,227.47059774398804,0.1077127680182457,0.1077127680182457,0.08160073310136795,2.8586819171905518,0.007247885689139366,0.9927331723564444,1.217905067106207,4
moe_oeo_N4_k1_L4_lr0.002_s17,moe_oeo,4,1,0.25,17,5,1.5470687720635439,0.0019783661247264675,289.75636982917786,0.11170212924480438,0.11170212924480438,0.08111611008644104,2.7518723011016846,0.00681088212877512,0.9922691240525723,1.2939151100670567,4
moe_oeo_N4_k1_L4_lr0.002_s17,moe_oeo,4,1,0.25,17,6,2.0033493497872463,0.0019662665680261777,348.8904194831848,0.34175533056259155,0.34175533056259155,0.3015626072883606,1.706599235534668,0.00664481008425355,0.9927023354759507,1.2531592091594541,4
moe_oeo_N4_k1_L4_lr0.002_s17,moe_oeo,4,1,0.25,17,7,1.7451024229668046,0.0019515459511322021,409.6470515727997,0.4375,0.4375,0.40745583176612854,1.5519938468933105,0.005814000032842159,0.9928208682602533,1.2431170780424512,4
moe_oeo_N4_k1_L4_lr0.002_s17,moe_oeo,4,1,0.25,17,8,1.645127641794072,0.0019342446222322296,467.43440413475037,0.47074466943740845,0.47074466943740845,0.4417235851287842,1.4638227224349976,0.005298188887536526,0.9929525368114187,1.238134037822233,4
moe_oeo_N4_k1_L4_lr0.002_s17,moe_oeo,4,1,0.25,17,9,1.573168960982534,0.0019144100030661748,524.499027967453,0.4933510720729828,0.4933511018753052,0.46240130066871643,1.4069044589996338,0.005095671396702528,0.9930971647593,1.2235372186325153,4
moe_oeo_N4_k1_L4_lr0.002_s17,moe_oeo,4,1,0.25,17,10,1.5158097710987748,0.0018920964589464841,585.5812633037567,0.5132978558540344,0.5132978558540344,0.4937644898891449,1.3631454706192017,0.004992844071239233,0.9932547532275077,1.212281778438602,4
moe_oeo_N4_k1_L4_lr0.002_s17,moe_oeo,4,1,0.25,17,11,1.4813237506641102,0.0018673651497465944,644.264246225357,0.5585106611251831,0.5585106015205383,0.5299021601676941,1.330588459968567,0.0048056235536932945,0.9934236556194819,1.207370665354768,4
moe_oeo_N4_k1_L4_lr0.002_s17,moe_oeo,4,1,0.25,17,12,1.455873588891062,0.0018402838622659698,699.9583942890167,0.542553186416626,0.542553186416626,0.5197104215621948,1.2991399765014648,0.004715867340564728,0.9936015111789499,1.1993294939084818,4
moe_oeo_N4_k1_L4_lr0.002_s17,moe_oeo,4,1,0.25,17,13,1.4403680213238006,0.001810926824431198,760.1203856468201,0.5531914830207825,0.5531914830207825,0.5374575853347778,1.2754096984863281,0.004655198659747839,0.9937905143252114,1.1769090362976602,4
moe_oeo_N4_k1_L4_lr0.002_s17,moe_oeo,4,1,0.25,17,14,1.414835133747151,0.0017793745018424012,819.9413902759552,0.5545212626457214,0.5545212626457214,0.5326252579689026,1.2606470584869385,0.00465856259688735,0.9939900804712287,1.1611410926649417,4
moe_oeo_N4_k1_L4_lr0.002_s17,moe_oeo,4,1,0.25,17,15,1.3955892484345938,0.0017457133772226204,877.3839240074158,0.5691489577293396,0.5691488981246948,0.55622798204422,1.2427208423614502,0.004546388052403927,0.9941963757542065,1.1501606530296073,4
moe_oeo_N4_k1_L4_lr0.002_s17,moe_oeo,4,1,0.25,17,16,1.3834860732089984,0.001710035713374682,930.1001117229462,0.561170220375061,0.561170220375061,0.5457809567451477,1.2340030670166016,0.004536324646323919,0.9944106035163874,1.1231594088941677,4
moe_oeo_N4_k1_L4_lr0.002_s17,moe_oeo,4,1,0.25,17,17,1.370876145655434,0.0016724393002952695,985.2287847995758,0.583776593208313,0.583776593208313,0.5715727210044861,1.2135486602783203,0.00444096140563488,0.9946311758962717,1.111021122042936,4
moe_oeo_N4_k1_L4_lr0.002_s17,moe_oeo,4,1,0.25,17,18,1.338250913712532,0.0016330271871393392,1044.3958134651184,0.5505319237709045,0.5505319237709045,0.5315179228782654,1.2045857906341553,0.004422583617269993,0.9948580690954452,1.097189703119284,4
moe_oeo_N4_k1_L4_lr0.002_s17,moe_oeo,4,1,0.25,17,19,1.3368565121912248,0.0015919073997695485,1103.8550968170166,0.5970744490623474,0.5970744490623474,0.5875644087791443,1.1874672174453735,0.004361440893262625,0.9950866841780527,1.0790467446009193,4
moe_oeo_N4_k1_L4_lr0.002_s17,moe_oeo,4,1,0.25,17,20,1.335140443453778,0.001549192644664877,1156.977544784546,0.5957446694374084,0.5957446694374084,0.5905580520629883,1.178406834602356,0.004287502262741327,0.9953157852118641,1.0675665922295827,4
moe_oeo_N4_k1_L4_lr0.002_s17,moe_oeo,4,1,0.25,17,21,1.3224988663441515,0.0015049999999999998,1216.5616409778595,0.5997340679168701,0.5997340679168701,0.5910282731056213,1.1702734231948853,0.0042686560191214085,0.9955467184195604,1.053057156763201,4
moe_oeo_N4_k1_L4_lr0.002_s17,moe_oeo,4,1,0.25,17,22,1.3170348384064627,0.0014594505947421513,1273.7342765331268,0.5904255509376526,0.5904255509376526,0.5809309482574463,1.1635011434555054,0.004351843614131212,0.9957785279530883,1.0269470687816757,4
moe_oeo_N4_k1_L4_lr0.002_s17,moe_oeo,4,1,0.25,17,23,1.3009304165431899,0.0014126692766450425,1329.2178437709808,0.583776593208313,0.583776593208313,0.5702252984046936,1.1592459678649902,0.004411554429680109,0.996006144999427,0.9889111784697141,4
moe_oeo_N4_k1_L4_lr0.002_s17,moe_oeo,4,1,0.25,17,24,1.3016581830300697,0.0013647842700498477,1380.9894948005676,0.6063829660415649,0.6063829660415649,0.5978437066078186,1.1511417627334595,0.004343947395682335,0.9962304655149438,0.9727354938684709,4
moe_oeo_N4_k1_L4_lr0.002_s17,moe_oeo,4,1,0.25,17,25,1.283077838486188,0.001315926824431198,1439.1149623394012,0.6130319237709045,0.6130319237709045,0.6049776077270508,1.1433299779891968,0.004392324015498161,0.9964534138452155,0.947898592633501,4
moe_oeo_N4_k1_L4_lr0.002_s17,moe_oeo,4,1,0.25,17,26,1.2948758427785139,0.0012662308546514955,1496.889850139618,0.6303191781044006,0.6303191184997559,0.6238973736763,1.1328364610671997,0.004309498704969883,0.9966705363905995,0.9360266113315902,4
moe_oeo_N4_k1_L4_lr0.002_s17,moe_oeo,4,1,0.25,17,27,1.2833303532916116,0.0012158325739095818,1556.145709514618,0.6289893388748169,0.6289893984794617,0.6236154437065125,1.1403028964996338,0.0043515171855688095,0.9968769887966875,0.9092088935193541,4
moe_oeo_N4_k1_L4_lr0.002_s17,moe_oeo,4,1,0.25,17,28,1.271030509716844,0.0011648701203898287,1615.6478514671326,0.6329787373542786,0.6329787373542786,0.6276606917381287,1.13125741481781,0.004361331928521395,0.9970808253487375,0.8874135491535771,4
moe_oeo_N4_k1_L4_lr0.002_s17,moe_oeo,4,1,0.25,17,29,1.2600879318263705,0.001113483178634977,1691.1401891708374,0.6329787373542786,0.6329787373542786,0.6261235475540161,1.1252278089523315,0.00433006975799799,0.997273855918209,0.8732642958387753,4
moe_oeo_N4_k1_L4_lr0.002_s17,moe_oeo,4,1,0.25,17,30,1.2626840123336882,0.0010618125966805143,1767.018393278122,0.6289893388748169,0.6289893984794617,0.6214464902877808,1.1199209690093994,0.004388647619634867,0.9974563100819258,0.8469815531691662,4
moe_oeo_N4_k1_L4_lr0.002_s17,moe_oeo,4,1,0.25,17,31,1.2597555140518162,0.0010100000000000003,1842.5522978305817,0.6343085169792175,0.6343085765838623,0.6291050314903259,1.1235384941101074,0.00438331114128232,0.9976313837308846,0.8287722182267689,4
moe_oeo_N4_k1_L4_lr0.002_s17,moe_oeo,4,1,0.25,17,32,1.2585783464043108,0.0009581874033194859,1918.3282840251923,0.6343085169792175,0.6343085169792175,0.6283361315727234,1.1198922395706177,0.004473971202969551,0.9977949792217301,0.7977748257171579,4
moe_oeo_N4_k1_L4_lr0.002_s17,moe_oeo,4,1,0.25,17,33,1.2560591262225147,0.0009065168213650232,1994.3979449272156,0.644946813583374,0.644946813583374,0.6405413746833801,1.1171926259994507,0.004538382403552532,0.9979492177098657,0.7711023399912055,4
moe_oeo_N4_k1_L4_lr0.002_s17,moe_oeo,4,1,0.25,17,34,1.2412968788585161,0.0008551298796101715,2070.2494604587555,0.6422872543334961,0.6422872543334961,0.6370058655738831,1.1139378547668457,0.00457822997123003,0.9980944339769962,0.7501414758585108,4
moe_oeo_N4_k1_L4_lr0.002_s17,moe_oeo,4,1,0.25,17,35,1.2457064708958479,0.0008041674260904182,2145.8512930870056,0.6502659320831299,0.6502659916877747,0.6442877054214478,1.1098803281784058,0.0046637640334665775,0.9982306981050384,0.7250938442881113,4
moe_oeo_N4_k1_L4_lr0.002_s17,moe_oeo,4,1,0.25,17,36,1.240033090250677,0.0007537691453485046,2221.7702956199646,0.6436170339584351,0.6436170339584351,0.637940526008606,1.1073834896087646,0.004745657555758953,0.9983548854199816,0.6993720054437325,4
moe_oeo_N4_k1_L4_lr0.002_s17,moe_oeo,4,1,0.25,17,37,1.237854323617808,0.0007040731755688022,2297.8699054718018,0.6436170339584351,0.6436170339584351,0.6381231546401978,1.104534387588501,0.004705843050032854,0.9984732056110835,0.6915405144717013,4
moe_oeo_N4_k1_L4_lr0.002_s17,moe_oeo,4,1,0.25,17,38,1.2281703550249474,0.0006552157299501527,2374.734037876129,0.646276593208313,0.646276593208313,0.6432685852050781,1.1072490215301514,0.004832174628973007,0.9985822667258162,0.661063432353032,4
moe_oeo_N4_k1_L4_lr0.002_s17,moe_oeo,4,1,0.25,17,39,1.2280195960817544,0.000607330723354958,2450.173684835434,0.6396276354789734,0.6396276950836182,0.6362780332565308,1.1035659313201904,0.004824578762054443,0.9986817781151787,0.6488816712881212,4
moe_oeo_N4_k1_L4_lr0.002_s17,moe_oeo,4,1,0.25,17,40,1.2252890824012832,0.0005605494052578487,2525.5557918548584,0.6369680762290955,0.6369680762290955,0.634382963180542,1.1049423217773438,0.0048975772224366665,0.9987699008793807,0.6293589530289782,4
moe_oeo_N4_k1_L4_lr0.002_s17,moe_oeo,4,1,0.25,17,41,1.2260690855551255,0.0005150000000000003,2601.3065683841705,0.6409574747085571,0.6409574747085571,0.6376196146011353,1.102393627166748,0.004869156517088413,0.9988530141596472,0.6231014730580848,4
moe_oeo_N4_k1_L4_lr0.002_s17,moe_oeo,4,1,0.25,17,42,1.2183171874550107,0.00047080735533512353,2676.3624682426453,0.6356382966041565,0.6356383562088013,0.6317929625511169,1.1020091772079468,0.004934604745358229,0.9989321584353683,0.6066045791940405,4
moe_oeo_N4_k1_L4_lr0.002_s17,moe_oeo,4,1,0.25,17,43,1.2251129867211323,0.0004280926002304517,2752.2987616062164,0.6489361524581909,0.6489362120628357,0.6461063623428345,1.1019662618637085,0.004970997106283903,0.9989993715855275,0.5965515043470186,4
moe_oeo_N4_k1_L4_lr0.002_s17,moe_oeo,4,1,0.25,17,44,1.2231083607394673,0.0003869728128606611,2827.700307369232,0.647606372833252,0.647606372833252,0.6452476382255554,1.0973320007324219,0.004953070543706417,0.9990600692730048,0.591801624444286,4
moe_oeo_N4_k1_L4_lr0.002_s17,moe_oeo,4,1,0.25,17,45,1.21528701582864,0.0003475606997047307,2904.135295152664,0.647606372833252,0.647606372833252,0.644145667552948,1.0942128896713257,0.00493261544033885,0.9991220287203184,0.5871820004461497,4
moe_oeo_N4_k1_L4_lr0.002_s17,moe_oeo,4,1,0.25,17,46,1.2129600619786678,0.0003099642866253181,2980.648018360138,0.6502659320831299,0.6502659320831299,0.6458403468132019,1.0926389694213867,0.004954895935952663,0.999172204214189,0.5806527770547457,4
moe_oeo_N4_k1_L4_lr0.002_s17,moe_oeo,4,1,0.25,17,47,1.2161153269821106,0.0002742866227773799,3059.4655544757843,0.646276593208313,0.646276593208313,0.6428477168083191,1.0935192108154297,0.004927271511405706,0.9992202267023819,0.5816021635423682,4
moe_oeo_N4_k1_L4_lr0.002_s17,moe_oeo,4,1,0.25,17,48,1.211869644809123,0.00024062549815759878,3135.0152213573456,0.6515957713127136,0.6515957117080688,0.6471495032310486,1.0921319723129272,0.004971705377101898,0.9992622562595223,0.573358844540156,4
moe_oeo_N4_k1_L4_lr0.002_s17,moe_oeo,4,1,0.25,17,49,1.224489304232815,0.0002090731755688021,3200.853240251541,0.6529255509376526,0.6529255509376526,0.6490960121154785,1.0937124490737915,0.005053401459008455,0.9992971872174515,0.5634407472724495,4
moe_oeo_N4_k1_L4_lr0.002_s17,moe_oeo,4,1,0.25,17,50,1.2182428075264307,0.00017971613773403027,3263.840817451477,0.644946813583374,0.644946813583374,0.6413480639457703,1.0947028398513794,0.005079538095742464,0.9993285133540244,0.5584093114404322,4
moe_oeo_N4_k1_L4_lr0.002_s17,moe_oeo,4,1,0.25,17,51,1.218262457208002,0.00015263485025340568,3329.2623596191406,0.6436170339584351,0.6436170339584351,0.6395308971405029,1.0950901508331299,0.0050999983213841915,0.9993571867495438,0.5538304349198361,4
moe_oeo_N4_k1_L4_lr0.002_s17,moe_oeo,4,1,0.25,17,52,1.2196716136856167,0.00012790354105351589,3397.129326105118,0.646276593208313,0.646276593208313,0.6422168612480164,1.0941321849822998,0.00510476203635335,0.9993816155525868,0.5511675320178161,4
moe_oeo_N4_k1_L4_lr0.002_s17,moe_oeo,4,1,0.25,17,53,1.2213747689168748,0.00010558999693382504,3463.9387316703796,0.6436170339584351,0.6436170339584351,0.6394292116165161,1.0945473909378052,0.005135191138833761,0.9994038474214386,0.5461784311958655,4
moe_oeo_N4_k1_L4_lr0.002_s17,moe_oeo,4,1,0.25,17,54,1.218960195507633,8.575537776777028e-05,3527.376633644104,0.646276593208313,0.646276593208313,0.6427765488624573,1.0925614833831787,0.005153832491487265,0.9994217144594646,0.5412217752154952,4
moe_oeo_N4_k1_L4_lr0.002_s17,moe_oeo,4,1,0.25,17,55,1.2098217807608107,6.845404886779801e-05,3590.401702642441,0.644946813583374,0.644946813583374,0.6410391330718994,1.091360092163086,0.00514324102550745,0.9994361534373924,0.5412217752154952,4
moe_oeo_N4_k1_L4_lr0.002_s17,moe_oeo,4,1,0.25,17,56,1.2179989443760213,5.373343197382237e-05,3652.830099105835,0.6422872543334961,0.6422872543334961,0.6386699080467224,1.0924627780914307,0.0051694768480956554,0.9994495215862653,0.5366544277398961,4
moe_oeo_N4_k1_L4_lr0.002_s17,moe_oeo,4,1,0.25,17,57,1.2200965613262837,4.163387527353236e-05,3726.4282126426697,0.6409574747085571,0.6409574747085571,0.6372494101524353,1.0922564268112183,0.005165828857570887,0.9994602954897206,0.5366544277398961,4
moe_oeo_N4_k1_L4_lr0.002_s17,moe_oeo,4,1,0.25,17,58,1.216221348675963,3.218854281081372e-05,3791.7864434719086,0.6396276354789734,0.6396276950836182,0.6355038285255432,1.0917667150497437,0.005164163652807474,0.9994693985119699,0.5366544277398961,4
moe_oeo_N4_k1_L4_lr0.002_s17,moe_oeo,4,1,0.25,17,59,1.222979942991581,2.5423323585409333e-05,3853.552055120468,0.6409574747085571,0.6409574747085571,0.6367869973182678,1.0910837650299072,0.0051606763154268265,0.9994772352004548,0.5366544277398961,4
moe_oeo_N4_k1_L4_lr0.002_s17,moe_oeo,4,1,0.25,17,60,1.2262430150895358,2.1356760592971906e-05,3919.3895432949066,0.6396276354789734,0.6396276950836182,0.6354762315750122,1.0905520915985107,0.005187387112528086,0.9994837199132751,0.5331369013522681,4
moe_oeo_N4_k2_L4_lr0.002_s17,moe_oeo,4,2,0.5,17,1,2.5859466039460814,0.002,62.544002056121826,0.2114361673593521,0.2114361673593521,0.14007368683815002,2.7468013763427734,0.010646084323525429,0.9974563110038819,0.6702629026478188,6
moe_oeo_N4_k2_L4_lr0.002_s17,moe_oeo,4,2,0.5,17,2,1.9587221008015279,0.001998643239407028,124.46903252601624,0.23138298094272614,0.23138296604156494,0.15802593529224396,2.303657054901123,0.010233394801616669,0.9947603451552115,0.8381415947976962,6
moe_oeo_N4_k2_L4_lr0.002_s17,moe_oeo,4,2,0.5,17,3,1.7454880197536728,0.0019945766764145906,185.13824486732483,0.2566489279270172,0.2566489577293396,0.18700642883777618,2.176071882247925,0.010534926317632198,0.9931877873909404,0.8781933411045927,6
moe_oeo_N4_k2_L4_lr0.002_s17,moe_oeo,4,2,0.5,17,4,1.6278143226079744,0.0019878114571891866,248.09205174446106,0.28723403811454773,0.28723403811454773,0.2209799587726593,2.106290817260742,0.010469498112797737,0.9927331723564444,0.8918441893292717,5
moe_oeo_N4_k2_L4_lr0.002_s17,moe_oeo,4,2,0.5,17,5,1.5470687720635439,0.0019783661247264675,310.8098120689392,0.30053192377090454,0.30053192377090454,0.23061898350715637,2.0454766750335693,0.010208898223936558,0.9922691240525723,0.8991033577756575,4
moe_oeo_N4_k2_L4_lr0.002_s17,moe_oeo,4,2,0.5,17,6,1.7234567441386448,0.0019662665680261777,370.5069794654846,0.4960106313228607,0.4960106611251831,0.4723201096057892,1.4976900815963745,0.008358567021787167,0.9891312395329597,0.9145127704209486,5
moe_oeo_N4_k2_L4_lr0.002_s17,moe_oeo,4,2,0.5,17,7,1.5673959678098492,0.0019515459511322021,432.0794131755829,0.5305851101875305,0.5305851101875305,0.5117685794830322,1.3933302164077759,0.006843342445790768,0.985940496553196,0.9404896127858969,4
moe_oeo_N4_k2_L4_lr0.002_s17,moe_oeo,4,2,0.5,17,8,1.4799775818371337,0.0019342446222322296,494.8845031261444,0.5704787373542786,0.5704787373542786,0.5509074926376343,1.3232135772705078,0.0058919209986925125,0.9829299287530746,0.955677666858846,4
moe_oeo_N4_k2_L4_lr0.002_s17,moe_oeo,4,2,0.5,17,9,1.4324795218465263,0.0019144100030661748,553.4184486865997,0.5797872543334961,0.5797872543334961,0.5619099736213684,1.2753928899765015,0.005387581884860992,0.9807015957058576,0.96205856022797,4
moe_oeo_N4_k2_L4_lr0.002_s17,moe_oeo,4,2,0.5,17,10,1.3874550051987171,0.0018920964589464841,615.5956943035126,0.5944148898124695,0.5944149494171143,0.5762284994125366,1.2334538698196411,0.0050550405867397785,0.979624226361082,0.9659986725112449,3
moe_oeo_N4_k2_L4_lr0.002_s17,moe_oeo,4,2,0.5,17,11,1.3604541375178452,0.0018673651497465944,678.4832742214203,0.6103723645210266,0.6103723645210266,0.5909321904182434,1.2018318176269531,0.004799072165042162,0.9778053666042826,0.9698571429030064,3
moe_oeo_N4_k2_L4_lr0.002_s17,moe_oeo,4,2,0.5,17,12,1.3337455675618288,0.0018402838622659698,739.2127461433411,0.6276595592498779,0.6276595592498779,0.6103573441505432,1.175353765487671,0.004636004567146301,0.976234484461905,0.9711471764979334,3
moe_oeo_N4_k2_L4_lr0.002_s17,moe_oeo,4,2,0.5,17,13,1.306564848240652,0.001810926824431198,800.8434290885925,0.6316489577293396,0.6316489577293396,0.6191099882125854,1.1509486436843872,0.0044464366510510445,0.9749485894872859,0.9737330126771652,3
moe_oeo_N4_k2_L4_lr0.002_s17,moe_oeo,4,2,0.5,17,14,1.2795023973520896,0.0017793745018424012,863.675546169281,0.6303191781044006,0.6303191781044006,0.613387405872345,1.1350765228271484,0.004352388437837362,0.9743397931412594,0.9750287999248402,3
moe_oeo_N4_k2_L4_lr0.002_s17,moe_oeo,4,2,0.5,17,15,1.2627598666267035,0.0017457133772226204,926.594945192337,0.6515957713127136,0.6515957713127136,0.6411481499671936,1.11467707157135,0.004159828647971153,0.9725662689441423,0.9750287999248402,3
moe_oeo_N4_k2_L4_lr0.002_s17,moe_oeo,4,2,0.5,17,16,1.250288592226225,0.001710035713374682,989.5551006793976,0.6622340679168701,0.6622340679168701,0.649629533290863,1.0964049100875854,0.004157000221312046,0.9712900599892507,0.9763264916794857,3
moe_oeo_N4_k2_L4_lr0.002_s17,moe_oeo,4,2,0.5,17,17,1.2369548316245482,0.0016724393002952695,1051.5118954181671,0.6595744490623474,0.6595745086669922,0.648638904094696,1.082960844039917,0.004049221519380808,0.9699341007655469,0.9789275492136874,3
moe_oeo_N4_k2_L4_lr0.002_s17,moe_oeo,4,2,0.5,17,18,1.217841859396598,0.0016330271871393392,1113.93989610672,0.6609042286872864,0.6609042882919312,0.6474025249481201,1.0709530115127563,0.0039807893335819244,0.9691565209482341,0.9789275492136874,3
moe_oeo_N4_k2_L4_lr0.002_s17,moe_oeo,4,2,0.5,17,19,1.205336060519564,0.0015919073997695485,1174.0923418998718,0.6742021441459656,0.6742021441459656,0.6640880703926086,1.0569466352462769,0.0039296685717999935,0.9682160966874789,0.9815361267910259,3
moe_oeo_N4_k2_L4_lr0.002_s17,moe_oeo,4,2,0.5,17,20,1.1964250386577764,0.001549192644664877,1235.5360696315765,0.6848404407501221,0.6848404407501221,0.6762999892234802,1.052953839302063,0.003891062457114458,0.9680201934929388,0.982843216891207,3
moe_oeo_N4_k2_L4_lr0.002_s17,moe_oeo,4,2,0.5,17,21,1.1827163256738829,0.0015049999999999998,1294.8498184680939,0.6875,0.6875,0.6767293810844421,1.0390188694000244,0.0038237343542277813,0.9673754779007501,0.9802309017451628,3
moe_oeo_N4_k2_L4_lr0.002_s17,moe_oeo,4,2,0.5,17,22,1.173896563422258,0.0014594505947421513,1355.4911477565765,0.6954787373542786,0.6954787373542786,0.6849583387374878,1.0321604013442993,0.0037879198789596558,0.9666974717850939,0.982843216891207,3
moe_oeo_N4_k2_L4_lr0.002_s17,moe_oeo,4,2,0.5,17,23,1.168628612949968,0.0014126692766450425,1418.064757347107,0.6821808218955994,0.6821808815002441,0.6675664782524109,1.0260834693908691,0.0037348277401179075,0.9659840908122113,0.982843216891207,3
moe_oeo_N4_k2_L4_lr0.002_s17,moe_oeo,4,2,0.5,17,24,1.1560653779298475,0.0013647842700498477,1479.9633250236511,0.6848404407501221,0.6848403811454773,0.6756243109703064,1.016133427619934,0.0036761690862476826,0.9648978193134068,0.9841521646146367,3
moe_oeo_N4_k2_L4_lr0.002_s17,moe_oeo,4,2,0.5,17,25,1.1511862625848486,0.001315926824431198,1540.3620767593384,0.6968085169792175,0.6968085169792175,0.6831623911857605,1.0106098651885986,0.0036769870202988386,0.9645421110915573,0.9854629625473218,3
moe_oeo_N4_k2_L4_lr0.002_s17,moe_oeo,4,2,0.5,17,26,1.1491629262391019,0.0012662308546514955,1601.8686645030975,0.708776593208313,0.708776593208313,0.6989087462425232,0.9992941617965698,0.0036710735876113176,0.964213406832494,0.9854629625473218,3
moe_oeo_N4_k2_L4_lr0.002_s17,moe_oeo,4,2,0.5,17,27,1.1366820528116672,0.0012158325739095818,1663.9476029872894,0.708776593208313,0.7087766528129578,0.7004901170730591,0.9953786134719849,0.003621848998591304,0.9632975689783289,0.9854629625473218,3
moe_oeo_N4_k2_L4_lr0.002_s17,moe_oeo,4,2,0.5,17,28,1.1315331567742237,0.0011648701203898287,1725.9212460517883,0.7194148898124695,0.7194148898124695,0.7135077714920044,0.9917026162147522,0.0036044393200427294,0.9632707929042215,0.9854629625473218,3
moe_oeo_N4_k2_L4_lr0.002_s17,moe_oeo,4,2,0.5,17,29,1.12708769509033,0.001113483178634977,1787.7869927883148,0.7167553305625916,0.7167553305625916,0.7113803625106812,0.9876435995101929,0.0035622315481305122,0.9624795907454021,0.9854629625473218,3
moe_oeo_N4_k2_L4_lr0.002_s17,moe_oeo,4,2,0.5,17,30,1.1265749763697386,0.0010618125966805143,1849.8024325370789,0.7167553305625916,0.7167553305625916,0.709181010723114,0.982774555683136,0.003599142888560891,0.9625922963429868,0.9854629625473218,3
moe_oeo_N4_k2_L4_lr0.002_s17,moe_oeo,4,2,0.5,17,31,1.116682992397582,0.0010100000000000003,1911.260008573532,0.7234042286872864,0.7234042882919312,0.7164390683174133,0.9777336716651917,0.003537687472999096,0.9621489085641459,0.9854629625473218,3
moe_oeo_N4_k2_L4_lr0.002_s17,moe_oeo,4,2,0.5,17,32,1.1101029775441373,0.0009581874033194859,1974.0011548995972,0.7220744490623474,0.7220745086669922,0.7165560722351074,0.9722145795822144,0.003463275032117963,0.9615822537684452,0.9854629625473218,3
moe_oeo_N4_k2_L4_lr0.002_s17,moe_oeo,4,2,0.5,17,33,1.1048480754624628,0.0009065168213650232,2036.0827202796936,0.730053186416626,0.730053186416626,0.7226384282112122,0.9674102067947388,0.003529801731929183,0.9618103210680583,0.9854629625473218,3
moe_oeo_N4_k2_L4_lr0.002_s17,moe_oeo,4,2,0.5,17,34,1.099463491100971,0.0008551298796101715,2098.044784784317,0.7167553305625916,0.7167553305625916,0.7096142172813416,0.9651997089385986,0.0035031577572226524,0.9609645988954996,0.9854629625473218,3
moe_oeo_N4_k2_L4_lr0.002_s17,moe_oeo,4,2,0.5,17,35,1.097209410954556,0.0008041674260904182,2157.4956424236298,0.7247340679168701,0.7247340679168701,0.7191726565361023,0.9608718752861023,0.0034670925233513117,0.9610295047450688,0.9854629625473218,3
moe_oeo_N4_k2_L4_lr0.002_s17,moe_oeo,4,2,0.5,17,36,1.095120293237099,0.0007537691453485046,2216.5505526065826,0.7327127456665039,0.7327127456665039,0.7268359661102295,0.9581122398376465,0.0034653516486287117,0.9609028705073214,0.9854629625473218,3
moe_oeo_N4_k2_L4_lr0.002_s17,moe_oeo,4,2,0.5,17,37,1.093977006109746,0.0007040731755688022,2278.225067138672,0.7327127456665039,0.7327127456665039,0.7271116375923157,0.954604983329773,0.003463358385488391,0.9608358198708425,0.9854629625473218,3
moe_oeo_N4_k2_L4_lr0.002_s17,moe_oeo,4,2,0.5,17,38,1.0853539241911614,0.0006552157299501527,2339.4927558898926,0.7313829660415649,0.7313829660415649,0.7259262204170227,0.9527420997619629,0.0034290298353880644,0.9606757718994802,0.9854629625473218,3
moe_oeo_N4_k2_L4_lr0.002_s17,moe_oeo,4,2,0.5,17,39,1.0853593036549412,0.000607330723354958,2402.1153831481934,0.7180851101875305,0.7180851101875305,0.7092383503913879,0.9500617384910583,0.003408511634916067,0.9605611142817951,0.9854629625473218,3
moe_oeo_N4_k2_L4_lr0.002_s17,moe_oeo,4,2,0.5,17,40,1.0839701167150448,0.0005605494052578487,2462.867734193802,0.7327127456665039,0.7327127456665039,0.7280958890914917,0.949745237827301,0.0033843987621366978,0.960437835641234,0.9854629625473218,3
moe_oeo_N4_k2_L4_lr0.002_s17,moe_oeo,4,2,0.5,17,41,1.082642794080657,0.0005150000000000003,2520.299290895462,0.7247340679168701,0.7247340083122253,0.7185737490653992,0.947274386882782,0.0033806790597736835,0.960286800380633,0.9854629625473218,3
moe_oeo_N4_k2_L4_lr0.002_s17,moe_oeo,4,2,0.5,17,42,1.0779052350210816,0.00047080735533512353,2578.911609888077,0.730053186416626,0.730053186416626,0.7240754961967468,0.9449676871299744,0.0033920996356755495,0.9602283432455089,0.9854629625473218,3
moe_oeo_N4_k2_L4_lr0.002_s17,moe_oeo,4,2,0.5,17,43,1.0748413780270374,0.0004280926002304517,2640.548010110855,0.727393627166748,0.727393627166748,0.7214635610580444,0.9441132545471191,0.003372269682586193,0.9600504314606236,0.9854629625473218,3
moe_oeo_N4_k2_L4_lr0.002_s17,moe_oeo,4,2,0.5,17,44,1.0748010886637451,0.0003869728128606611,2702.757792234421,0.728723406791687,0.728723406791687,0.723522961139679,0.9415838122367859,0.0033564469777047634,0.9597381624236881,0.9854629625473218,3
moe_oeo_N4_k2_L4_lr0.002_s17,moe_oeo,4,2,0.5,17,45,1.0714083178963971,0.0003475606997047307,2762.5055124759674,0.7367021441459656,0.7367021441459656,0.7301389575004578,0.9408300518989563,0.00338106881827116,0.9599991603406848,0.9841521646146367,3
moe_oeo_N4_k2_L4_lr0.002_s17,moe_oeo,4,2,0.5,17,46,1.0679243418758047,0.0003099642866253181,2819.3944895267487,0.7353723645210266,0.7353723645210266,0.7295016050338745,0.9392741322517395,0.0033959699794650078,0.9600256131665185,0.9841521646146367,3
moe_oeo_N4_k2_L4_lr0.002_s17,moe_oeo,4,2,0.5,17,47,1.0699719818793747,0.0002742866227773799,2875.1370232105255,0.7313829660415649,0.7313830256462097,0.7247849702835083,0.9389739036560059,0.003327632090076804,0.9595776042644671,0.9841521646146367,3
moe_oeo_N4_k2_L4_lr0.002_s17,moe_oeo,4,2,0.5,17,48,1.066313577841406,0.00024062549815759878,2936.888501405716,0.7340425252914429,0.7340425848960876,0.7277363538742065,0.9373000264167786,0.0033504741732031107,0.9595849595344471,0.9841521646146367,3
moe_oeo_N4_k2_L4_lr0.002_s17,moe_oeo,4,2,0.5,17,49,1.06786281534696,0.0002090731755688021,2995.133941888809,0.7327127456665039,0.7327128052711487,0.7264720797538757,0.9375597834587097,0.0033718696795403957,0.9597511234166501,0.9854629625473218,3
moe_oeo_N4_k2_L4_lr0.002_s17,moe_oeo,4,2,0.5,17,50,1.0639700179996148,0.00017971613773403027,3052.876809358597,0.7313829660415649,0.7313829660415649,0.7251362204551697,0.9359880089759827,0.0033451193012297153,0.9595753976155094,0.9841521646146367,3
moe_oeo_N4_k2_L4_lr0.002_s17,moe_oeo,4,2,0.5,17,51,1.0632105953651203,0.00015263485025340568,3112.832209587097,0.730053186416626,0.7300532460212708,0.7238055467605591,0.9366441369056702,0.0033336945343762636,0.9595316007552145,0.9841521646146367,3
moe_oeo_N4_k2_L4_lr0.002_s17,moe_oeo,4,2,0.5,17,52,1.0658055489721228,0.00012790354105351589,3166.8047564029694,0.7313829660415649,0.7313830256462097,0.7251849174499512,0.9351902604103088,0.003340288298204541,0.9595587662030548,0.9841521646146367,3
moe_oeo_N4_k2_L4_lr0.002_s17,moe_oeo,4,2,0.5,17,53,1.0622211644111295,0.00010558999693382504,3218.8477766513824,0.7327127456665039,0.7327128052711487,0.7264522314071655,0.9351667165756226,0.0033350568264722824,0.9595568876692335,0.9841521646146367,3
moe_oeo_N4_k2_L4_lr0.002_s17,moe_oeo,4,2,0.5,17,54,1.0602601486168903,8.575537776777028e-05,3272.295252084732,0.730053186416626,0.7300532460212708,0.723897397518158,0.9345812201499939,0.0033350507728755474,0.9594390692852749,0.9841521646146367,3
moe_oeo_N4_k2_L4_lr0.002_s17,moe_oeo,4,2,0.5,17,55,1.0602493241310256,6.845404886779801e-05,3324.317800283432,0.730053186416626,0.7300532460212708,0.7235561013221741,0.9341974854469299,0.0033453963696956635,0.9595254883411534,0.9841521646146367,3
moe_oeo_N4_k2_L4_lr0.002_s17,moe_oeo,4,2,0.5,17,56,1.0603795446047228,5.373343197382237e-05,3384.9978058338165,0.7313829660415649,0.7313829660415649,0.7251966595649719,0.93389892578125,0.0033377481158822775,0.9594238375136747,0.9841521646146367,3
moe_oeo_N4_k2_L4_lr0.002_s17,moe_oeo,4,2,0.5,17,57,1.0620436990403965,4.163387527353236e-05,3442.9423944950104,0.730053186416626,0.730053186416626,0.7239211201667786,0.9340324997901917,0.00332275265827775,0.9593306800856238,0.9841521646146367,3
moe_oeo_N4_k2_L4_lr0.002_s17,moe_oeo,4,2,0.5,17,58,1.0598065126262026,3.218854281081372e-05,3499.2574741840363,0.730053186416626,0.7300532460212708,0.723897397518158,0.9338218569755554,0.003332983935251832,0.9593974722005096,0.9841521646146367,3
moe_oeo_N4_k2_L4_lr0.002_s17,moe_oeo,4,2,0.5,17,59,1.062702737859191,2.5423323585409333e-05,3560.4134550094604,0.728723406791687,0.728723406791687,0.7222151756286621,0.9335096478462219,0.003341283183544874,0.9594443227458028,0.9841521646146367,3
moe_oeo_N4_k2_L4_lr0.002_s17,moe_oeo,4,2,0.5,17,60,1.060970183589483,2.1356760592971906e-05,3622.4382030963898,0.730053186416626,0.7300532460212708,0.723897397518158,0.9334466457366943,0.0033355094492435455,0.9593927651700741,0.9841521646146367,3
moe_oeo_N4_k3_L4_lr0.002_s17,moe_oeo,4,3,0.75,17,1,2.5859466039460814,0.002,63.11333966255188,0.23138298094272614,0.23138296604156494,0.16532370448112488,2.323310613632202,0.010241111740469933,0.9974563110038819,0.3756459950951731,4
moe_oeo_N4_k3_L4_lr0.002_s17,moe_oeo,4,3,0.75,17,2,1.9587221008015279,0.001998643239407028,124.17374038696289,0.27260637283325195,0.27260637283325195,0.21701312065124512,2.0503108501434326,0.01048013474792242,0.9947603451552115,0.3903871310274762,3
moe_oeo_N4_k3_L4_lr0.002_s17,moe_oeo,4,3,0.75,17,3,1.7454880197536728,0.0019945766764145906,183.18034505844116,0.2952127754688263,0.2952127456665039,0.23942828178405762,1.9436843395233154,0.010728425346314907,0.9931877873909404,0.40320411714259347,3
moe_oeo_N4_k3_L4_lr0.002_s17,moe_oeo,4,3,0.75,17,4,1.6278143226079744,0.0019878114571891866,239.76761651039124,0.32180851697921753,0.32180851697921753,0.27246907353401184,1.8829290866851807,0.010899947956204414,0.9927331723564444,0.5108706525033664,3
moe_oeo_N4_k3_L4_lr0.002_s17,moe_oeo,4,3,0.75,17,5,1.5470687720635439,0.0019783661247264675,297.49797677993774,0.33776596188545227,0.33776596188545227,0.2848334312438965,1.8226455450057983,0.010662355460226536,0.9922691240525723,0.5138311966894282,3
moe_oeo_N4_k3_L4_lr0.002_s17,moe_oeo,4,3,0.75,17,6,1.5787196308544509,0.0019662665680261777,355.61460161209106,0.5279255509376526,0.5279254913330078,0.5091913342475891,1.388837218284607,0.008213031105697155,0.9893064030758056,0.522485873768192,3
moe_oeo_N4_k3_L4_lr0.002_s17,moe_oeo,4,3,0.75,17,7,1.461229573067737,0.0019515459511322021,415.4675979614258,0.542553186416626,0.5425532460212708,0.5257309079170227,1.323760986328125,0.007552618160843849,0.9882585341046375,0.5361430645792497,3
moe_oeo_N4_k3_L4_lr0.002_s17,moe_oeo,4,3,0.75,17,8,1.411641003300338,0.0019342446222322296,472.70882201194763,0.5518617033958435,0.5518617033958435,0.5369958281517029,1.2740821838378906,0.006996542681008577,0.9865243550353265,0.5410750837392142,3
moe_oeo_N4_k3_L4_lr0.002_s17,moe_oeo,4,3,0.75,17,9,1.3774607077019807,0.0019144100030661748,532.038996219635,0.5811170339584351,0.5811170339584351,0.56840980052948,1.242958426475525,0.0065721189603209496,0.9858706908320135,0.54404750767586,3
moe_oeo_N4_k3_L4_lr0.002_s17,moe_oeo,4,3,0.75,17,10,1.348093118926842,0.0018920964589464841,592.6910302639008,0.5877659320831299,0.5877659916877747,0.5778109431266785,1.1984140872955322,0.006479892414063215,0.9851159656326591,0.5530550841358743,2
moe_oeo_N4_k3_L4_lr0.002_s17,moe_oeo,4,3,0.75,17,11,1.3251907267441896,0.0018673651497465944,652.7851474285126,0.6090425252914429,0.6090425848960876,0.597672700881958,1.170756220817566,0.006243630778044462,0.9833375802349221,0.5550579985239258,2
moe_oeo_N4_k3_L4_lr0.002_s17,moe_oeo,4,3,0.75,17,12,1.2964161126002602,0.0018402838622659698,709.8060841560364,0.6143617033958435,0.6143617033958435,0.6036861538887024,1.1523959636688232,0.0060454560443758965,0.9822274980470398,0.5600830623271059,2
moe_oeo_N4_k3_L4_lr0.002_s17,moe_oeo,4,3,0.75,17,13,1.2773355195494411,0.001810926824431198,768.8824980258942,0.626329779624939,0.626329779624939,0.6208747625350952,1.1277152299880981,0.005936675705015659,0.9812129313553176,0.5641210388101242,2
moe_oeo_N4_k3_L4_lr0.002_s17,moe_oeo,4,3,0.75,17,14,1.2468801895709343,0.0017793745018424012,828.5537097454071,0.6343085169792175,0.6343085169792175,0.6250271797180176,1.1082712411880493,0.00574773084372282,0.9800426440048768,0.5681745815357061,2
moe_oeo_N4_k3_L4_lr0.002_s17,moe_oeo,4,3,0.75,17,15,1.2290927381105892,0.0017457133772226204,884.2390027046204,0.6409574747085571,0.6409574747085571,0.6361448764801025,1.0887019634246826,0.00557669484987855,0.9791946716045856,0.5712247556728163,2
moe_oeo_N4_k3_L4_lr0.002_s17,moe_oeo,4,3,0.75,17,16,1.2140599062334594,0.001710035713374682,940.2397277355194,0.6582446694374084,0.6582447290420532,0.6528069972991943,1.069608211517334,0.005576475523412228,0.9774036372889559,0.5712247556728163,2
moe_oeo_N4_k3_L4_lr0.002_s17,moe_oeo,4,3,0.75,17,17,1.1999877984274059,0.0016724393002952695,996.9228684902191,0.6595744490623474,0.6595744490623474,0.6540384292602539,1.0539171695709229,0.005324454978108406,0.9748968850254526,0.5712247556728163,2
moe_oeo_N4_k3_L4_lr0.002_s17,moe_oeo,4,3,0.75,17,18,1.1811336208662213,0.0016330271871393392,1052.6141409873962,0.666223406791687,0.6662234663963318,0.658943235874176,1.041775107383728,0.005270098336040974,0.9737266182656089,0.572243360890161,2
moe_oeo_N4_k3_L4_lr0.002_s17,moe_oeo,4,3,0.75,17,19,1.1667392966698975,0.0015919073997695485,1113.7872865200043,0.6795212626457214,0.6795213222503662,0.6743330359458923,1.0256816148757935,0.005325404927134514,0.9739195729440626,0.5742833627198392,2
moe_oeo_N4_k3_L4_lr0.002_s17,moe_oeo,4,3,0.75,17,20,1.157150385824785,0.001549192644664877,1173.5400619506836,0.6728723645210266,0.6728723645210266,0.6691686511039734,1.018978476524353,0.005277799908071756,0.9727446407614778,0.5742833627198392,2
moe_oeo_N4_k3_L4_lr0.002_s17,moe_oeo,4,3,0.75,17,21,1.1404971471864338,0.0015049999999999998,1231.0658605098724,0.6981382966041565,0.6981382966041565,0.6945579648017883,1.0059984922409058,0.005118735134601593,0.9703144193094921,0.5753047493390269,2
moe_oeo_N4_k3_L4_lr0.002_s17,moe_oeo,4,3,0.75,17,22,1.1330143072425503,0.0014594505947421513,1288.8999333381653,0.6994680762290955,0.6994680762290955,0.6948612332344055,0.994219183921814,0.0050976816564798355,0.9691214556660059,0.5753047493390269,2
moe_oeo_N4_k3_L4_lr0.002_s17,moe_oeo,4,3,0.75,17,23,1.124485742606937,0.0014126692766450425,1346.4542734622955,0.6981382966041565,0.6981383562088013,0.6914241313934326,0.9831558465957642,0.005009822081774473,0.967367853004824,0.5763270530898834,2
moe_oeo_N4_k3_L4_lr0.002_s17,moe_oeo,4,3,0.75,17,24,1.1101577694455511,0.0013647842700498477,1404.1035265922546,0.7140957713127136,0.7140957713127136,0.7103272080421448,0.971934974193573,0.004913479555398226,0.9662187852439169,0.5763270530898834,2
moe_oeo_N4_k3_L4_lr0.002_s17,moe_oeo,4,3,0.75,17,25,1.1033714725699735,0.001315926824431198,1462.227905035019,0.7207446694374084,0.7207446694374084,0.7166669964790344,0.9648794531822205,0.004899842198938131,0.9650384279014376,0.5773502691896257,1
moe_oeo_N4_k3_L4_lr0.002_s17,moe_oeo,4,3,0.75,17,26,1.0937285421407659,0.0012662308546514955,1518.1452639102936,0.7207446694374084,0.7207446694374084,0.7179800868034363,0.9523611664772034,0.0050117094069719315,0.9648420597627615,0.5773502691896257,1
moe_oeo_N4_k3_L4_lr0.002_s17,moe_oeo,4,3,0.75,17,27,1.0857018804067073,0.0012158325739095818,1572.4166741371155,0.7194148898124695,0.7194148898124695,0.7163728475570679,0.9475769400596619,0.004875561222434044,0.9633466243792754,0.5773502691896257,1
moe_oeo_N4_k3_L4_lr0.002_s17,moe_oeo,4,3,0.75,17,28,1.0797367826206228,0.0011648701203898287,1628.5163869857788,0.7234042286872864,0.7234042286872864,0.7203944325447083,0.9424249529838562,0.004922480788081884,0.9631122867849571,0.5773502691896257,1
moe_oeo_N4_k3_L4_lr0.002_s17,moe_oeo,4,3,0.75,17,29,1.0696888067270522,0.001113483178634977,1687.9432339668274,0.7220744490623474,0.7220745086669922,0.71893310546875,0.9378268122673035,0.004802575800567865,0.9614299384357061,0.5773502691896257,1
moe_oeo_N4_k3_L4_lr0.002_s17,moe_oeo,4,3,0.75,17,30,1.067929152858584,0.0010618125966805143,1745.0535991191864,0.7220744490623474,0.7220745086669922,0.7174838185310364,0.9320498108863831,0.0047757988795638084,0.9602564696914618,0.5773502691896257,1
moe_oeo_N4_k3_L4_lr0.002_s17,moe_oeo,4,3,0.75,17,31,1.059728972707369,0.0010100000000000003,1802.9964685440063,0.7260638475418091,0.7260638475418091,0.7230335474014282,0.926305890083313,0.00466012442484498,0.9591447530439224,0.5773502691896257,1
moe_oeo_N4_k3_L4_lr0.002_s17,moe_oeo,4,3,0.75,17,32,1.0498970189731416,0.0009581874033194859,1862.0791010856628,0.7313829660415649,0.7313830256462097,0.7282475829124451,0.9198988080024719,0.0046172975562512875,0.9584527919451485,0.5773502691896257,1
moe_oeo_N4_k3_L4_lr0.002_s17,moe_oeo,4,3,0.75,17,33,1.0476861870401117,0.0009065168213650232,1919.9138028621674,0.7327127456665039,0.7327128052711487,0.7292831540107727,0.9115617275238037,0.004802201874554157,0.9587403137642871,0.5773502691896257,1
moe_oeo_N4_k3_L4_lr0.002_s17,moe_oeo,4,3,0.75,17,34,1.040186083054842,0.0008551298796101715,1978.334043264389,0.7367021441459656,0.7367021441459656,0.7333853840827942,0.9085080623626709,0.004782962147146463,0.9577105955411355,0.5773502691896257,1
moe_oeo_N4_k3_L4_lr0.002_s17,moe_oeo,4,3,0.75,17,35,1.0401832017214059,0.0008041674260904182,2037.838534116745,0.7340425252914429,0.7340425848960876,0.7311592698097229,0.9039469957351685,0.004736054688692093,0.9572459657400924,0.5773502691896257,1
moe_oeo_N4_k3_L4_lr0.002_s17,moe_oeo,4,3,0.75,17,36,1.0342428610579335,0.0007537691453485046,2092.8935358524323,0.730053186416626,0.7300532460212708,0.7269911170005798,0.901183009147644,0.004729864653199911,0.9566697424524395,0.5773502691896257,1
moe_oeo_N4_k3_L4_lr0.002_s17,moe_oeo,4,3,0.75,17,37,1.032400318910474,0.0007040731755688022,2149.8191709518433,0.7367021441459656,0.7367021441459656,0.733576238155365,0.8959764242172241,0.004730358254164457,0.9560405855545793,0.5773502691896257,1
moe_oeo_N4_k3_L4_lr0.002_s17,moe_oeo,4,3,0.75,17,38,1.022599257273625,0.0006552157299501527,2206.1013169288635,0.7327127456665039,0.7327128052711487,0.7296448945999146,0.8942328691482544,0.004722654353827238,0.9558562295364643,0.5773502691896257,1
moe_oeo_N4_k3_L4_lr0.002_s17,moe_oeo,4,3,0.75,17,39,1.0240154874396243,0.000607330723354958,2264.823110818863,0.7380319237709045,0.7380319237709045,0.7350708842277527,0.8908150792121887,0.004670746624469757,0.9551129263761563,0.5773502691896257,1
moe_oeo_N4_k3_L4_lr0.002_s17,moe_oeo,4,3,0.75,17,40,1.0215392840439326,0.0005605494052578487,2321.895083427429,0.7393617033958435,0.7393617630004883,0.7373141646385193,0.8910134434700012,0.004675926174968481,0.955172749974167,0.5773502691896257,1
moe_oeo_N4_k3_L4_lr0.002_s17,moe_oeo,4,3,0.75,17,41,1.0174336035706137,0.0005150000000000003,2378.164571285248,0.7380319237709045,0.7380319237709045,0.7353188991546631,0.8877811431884766,0.004616042599081993,0.9542512344171946,0.5773502691896257,1
moe_oeo_N4_k3_L4_lr0.002_s17,moe_oeo,4,3,0.75,17,42,1.0156885620172573,0.00047080735533512353,2435.1062557697296,0.7340425252914429,0.7340425848960876,0.7309732437133789,0.88495272397995,0.004651967436075211,0.9540965815323028,0.5773502691896257,1
moe_oeo_N4_k3_L4_lr0.002_s17,moe_oeo,4,3,0.75,17,43,1.0122103742727815,0.0004280926002304517,2494.1199135780334,0.7340425252914429,0.7340425848960876,0.7316156625747681,0.8842585682868958,0.004648642614483833,0.9541777378042979,0.5773502691896257,1
moe_oeo_N4_k3_L4_lr0.002_s17,moe_oeo,4,3,0.75,17,44,1.012358436428997,0.0003869728128606611,2555.8456201553345,0.7367021441459656,0.7367021441459656,0.7344178557395935,0.8813300728797913,0.0046510957181453705,0.9537277693229579,0.5773502691896257,1
moe_oeo_N4_k3_L4_lr0.002_s17,moe_oeo,4,3,0.75,17,45,1.0051505322393761,0.0003475606997047307,2613.7497742176056,0.7393617033958435,0.7393617033958435,0.736354410648346,0.8804031610488892,0.004647410940378904,0.9533650457917544,0.5773502691896257,1
moe_oeo_N4_k3_L4_lr0.002_s17,moe_oeo,4,3,0.75,17,46,1.004987425455764,0.0003099642866253181,2670.662650346756,0.7367021441459656,0.7367021441459656,0.7335538268089294,0.879061222076416,0.004680848680436611,0.9531739680345044,0.5773502691896257,1
moe_oeo_N4_k3_L4_lr0.002_s17,moe_oeo,4,3,0.75,17,47,1.0040647258990567,0.0002742866227773799,2728.0975427627563,0.7367021441459656,0.7367021441459656,0.7344013452529907,0.8771559000015259,0.0045824600383639336,0.9528367211630063,0.5773502691896257,1
moe_oeo_N4_k3_L4_lr0.002_s17,moe_oeo,4,3,0.75,17,48,1.0043102439629024,0.00024062549815759878,2785.1979060173035,0.7393617033958435,0.7393617033958435,0.7367966175079346,0.8760659694671631,0.004648711998015642,0.9529285527803173,0.5773502691896257,1
moe_oeo_N4_k3_L4_lr0.002_s17,moe_oeo,4,3,0.75,17,49,1.0037750125815879,0.0002090731755688021,2843.5092067718506,0.7420212626457214,0.7420212626457214,0.7398152351379395,0.8755494952201843,0.0046454425901174545,0.9527187240010582,0.5773502691896257,1
moe_oeo_N4_k3_L4_lr0.002_s17,moe_oeo,4,3,0.75,17,50,0.9970170779060147,0.00017971613773403027,2896.3796775341034,0.7380319237709045,0.7380319237709045,0.735485315322876,0.8740283250808716,0.004607500042766333,0.952421619891538,0.5773502691896257,1
moe_oeo_N4_k3_L4_lr0.002_s17,moe_oeo,4,3,0.75,17,51,0.998924323685093,0.00015263485025340568,2953.3164763450623,0.7353723645210266,0.7353723645210266,0.7330774068832397,0.8745032548904419,0.004572335164994001,0.9521395716762535,0.5773502691896257,1
moe_oeo_N4_k3_L4_lr0.002_s17,moe_oeo,4,3,0.75,17,52,1.0004750467139427,0.00012790354105351589,3012.9386701583862,0.7406914830207825,0.7406914830207825,0.7383684515953064,0.872901201248169,0.004609705414623022,0.9522365955058797,0.5773502691896257,1
moe_oeo_N4_k3_L4_lr0.002_s17,moe_oeo,4,3,0.75,17,53,0.9967909303651145,0.00010558999693382504,3069.738600730896,0.7446808218955994,0.7446808815002441,0.7422937750816345,0.8724888563156128,0.004594857804477215,0.9521813648319338,0.5773502691896257,1
moe_oeo_N4_k3_L4_lr0.002_s17,moe_oeo,4,3,0.75,17,54,0.9968231565671969,8.575537776777028e-05,3124.452491760254,0.7393617033958435,0.7393617033958435,0.7370423674583435,0.8718544244766235,0.004613572731614113,0.9522086632407789,0.5773502691896257,1
moe_oeo_N4_k3_L4_lr0.002_s17,moe_oeo,4,3,0.75,17,55,0.9959687740376143,6.845404886779801e-05,3180.6111178398132,0.7420212626457214,0.7420212626457214,0.7396606802940369,0.87160724401474,0.004630024544894695,0.9522433509053335,0.5773502691896257,1
moe_oeo_N4_k3_L4_lr0.002_s17,moe_oeo,4,3,0.75,17,56,0.9937733504666041,5.373343197382237e-05,3239.764666557312,0.7433510422706604,0.7433511018753052,0.740983784198761,0.8715301752090454,0.004623036831617355,0.9521217850852682,0.5773502691896257,1
moe_oeo_N4_k3_L4_lr0.002_s17,moe_oeo,4,3,0.75,17,57,0.9945267748223728,4.163387527353236e-05,3297.979909658432,0.7406914830207825,0.7406914830207825,0.7383684515953064,0.8715726733207703,0.004597571212798357,0.9520121957275531,0.5773502691896257,1
moe_oeo_N4_k3_L4_lr0.002_s17,moe_oeo,4,3,0.75,17,58,0.9941732391255768,3.218854281081372e-05,3352.7067494392395,0.7406914830207825,0.7406914830207825,0.7383384108543396,0.8712232112884521,0.0046166847459971905,0.952120656888896,0.5773502691896257,1
moe_oeo_N4_k3_L4_lr0.002_s17,moe_oeo,4,3,0.75,17,59,0.9933491882072872,2.5423323585409333e-05,3409.629995584488,0.7406914830207825,0.7406914830207825,0.7383690476417542,0.8708463907241821,0.0046280259266495705,0.9521128344814149,0.5773502691896257,1
moe_oeo_N4_k3_L4_lr0.002_s17,moe_oeo,4,3,0.75,17,60,0.9963911963652258,2.1356760592971906e-05,3467.4642250537872,0.7433510422706604,0.7433511018753052,0.740983784198761,0.870840311050415,0.004616237245500088,0.9520332943359585,0.5773502691896257,1
moe_oeo_N4_k4_L4_lr0.002_s17,moe_oeo,4,4,1.0,17,1,2.5859466039460814,0.002,59.31170082092285,0.35904255509376526,0.35904252529144287,0.31018367409706116,2.0588841438293457,0.010833024978637695,0.9974563110038819,0.0,1
moe_oeo_N4_k4_L4_lr0.002_s17,moe_oeo,4,4,1.0,17,2,1.9587221008015279,0.001998643239407028,113.05535864830017,0.38031914830207825,0.38031917810440063,0.33900704979896545,1.7295787334442139,0.010270779021084309,0.9947603451552115,0.0,1
moe_oeo_N4_k4_L4_lr0.002_s17,moe_oeo,4,4,1.0,17,3,1.7454880197536728,0.0019945766764145906,172.83533883094788,0.416223406791687,0.416223406791687,0.38055676221847534,1.5793627500534058,0.010217282921075821,0.9931877873909404,0.0,1
moe_oeo_N4_k4_L4_lr0.002_s17,moe_oeo,4,4,1.0,17,4,1.6278143226079744,0.0019878114571891866,231.92482924461365,0.45345744490623474,0.45345741510391235,0.4251343011856079,1.4829341173171997,0.010139044374227524,0.9927331723564444,0.0,1
moe_oeo_N4_k4_L4_lr0.002_s17,moe_oeo,4,4,1.0,17,5,1.5470687720635439,0.0019783661247264675,284.86162209510803,0.49069148302078247,0.49069148302078247,0.464180052280426,1.4079408645629883,0.009880061261355877,0.9922691240525723,0.0,1
moe_oeo_N4_k4_L4_lr0.002_s17,moe_oeo,4,4,1.0,17,6,1.4935518325684958,0.0019662665680261777,346.2690181732178,0.5079787373542786,0.5079787373542786,0.4845212697982788,1.3473572731018066,0.009662764146924019,0.991775022214662,0.0,1
moe_oeo_N4_k4_L4_lr0.002_s17,moe_oeo,4,4,1.0,17,7,1.4260766646616398,0.0019515459511322021,402.0953905582428,0.5319148898124695,0.5319148898124695,0.5115534067153931,1.2956193685531616,0.009311114437878132,0.991436480791389,0.0,1
moe_oeo_N4_k4_L4_lr0.002_s17,moe_oeo,4,4,1.0,17,8,1.3813114176721197,0.0019342446222322296,454.4130392074585,0.5531914830207825,0.5531914830207825,0.535819947719574,1.2516992092132568,0.00887857936322689,0.9906809651864392,0.0,1
moe_oeo_N4_k4_L4_lr0.002_s17,moe_oeo,4,4,1.0,17,9,1.347017406030945,0.0019144100030661748,515.4940259456635,0.5757978558540344,0.5757978558540344,0.560688853263855,1.2204389572143555,0.008547106757760048,0.9906879251125115,0.0,1
moe_oeo_N4_k4_L4_lr0.002_s17,moe_oeo,4,4,1.0,17,10,1.3228375961723393,0.0018920964589464841,577.3276340961456,0.583776593208313,0.583776593208313,0.5711131691932678,1.1833709478378296,0.008583875373005867,0.9902445255733997,0.0,1
moe_oeo_N4_k4_L4_lr0.002_s17,moe_oeo,4,4,1.0,17,11,1.2918517587697942,0.0018673651497465944,631.9494249820709,0.5957446694374084,0.5957446694374084,0.5823010206222534,1.1579662561416626,0.008461913093924522,0.9900791853043027,0.0,1
moe_oeo_N4_k4_L4_lr0.002_s17,moe_oeo,4,4,1.0,17,12,1.2659703537005267,0.0018402838622659698,690.0378761291504,0.5970744490623474,0.5970744490623474,0.5834503769874573,1.1377242803573608,0.008324102498590946,0.9899422640351373,0.0,1
moe_oeo_N4_k4_L4_lr0.002_s17,moe_oeo,4,4,1.0,17,13,1.2482927521971399,0.001810926824431198,748.980301618576,0.603723406791687,0.603723406791687,0.5933151245117188,1.113510251045227,0.00818572472780943,0.9892136695257473,0.0,1
moe_oeo_N4_k4_L4_lr0.002_s17,moe_oeo,4,4,1.0,17,14,1.2180492769433484,0.0017793745018424012,803.4050965309143,0.6077127456665039,0.6077127456665039,0.5929823517799377,1.0971131324768066,0.008088521659374237,0.989242352277446,0.0,1
moe_oeo_N4_k4_L4_lr0.002_s17,moe_oeo,4,4,1.0,17,15,1.1991068487774292,0.0017457133772226204,862.5706489086151,0.6183510422706604,0.6183510422706604,0.6084876656532288,1.078163743019104,0.007828662171959877,0.9891887107393809,0.0,1
moe_oeo_N4_k4_L4_lr0.002_s17,moe_oeo,4,4,1.0,17,16,1.184397374258534,0.001710035713374682,920.5048003196716,0.6303191781044006,0.6303191781044006,0.6219182014465332,1.0591806173324585,0.007802882231771946,0.9884276288202919,0.0,1
moe_oeo_N4_k4_L4_lr0.002_s17,moe_oeo,4,4,1.0,17,17,1.1697904107896568,0.0016724393002952695,974.5127174854279,0.6382978558540344,0.6382979154586792,0.6300898194313049,1.0421620607376099,0.007487855851650238,0.9876147846700313,0.0,1
moe_oeo_N4_k4_L4_lr0.002_s17,moe_oeo,4,4,1.0,17,18,1.1543766064526828,0.0016330271871393392,1031.407549381256,0.6529255509376526,0.6529255509376526,0.643973708152771,1.030521273612976,0.007528615649789572,0.9879106582961977,0.0,1
moe_oeo_N4_k4_L4_lr0.002_s17,moe_oeo,4,4,1.0,17,19,1.1364780145625002,0.0015919073997695485,1089.5145604610443,0.6582446694374084,0.6582446694374084,0.6484763622283936,1.017737865447998,0.007581235840916634,0.9885045725291716,0.0,1
moe_oeo_N4_k4_L4_lr0.002_s17,moe_oeo,4,4,1.0,17,20,1.1238927359025093,0.001549192644664877,1146.6070449352264,0.6595744490623474,0.6595745086669922,0.6519232392311096,1.008583664894104,0.007442803587764502,0.9878151859656797,0.0,1
moe_oeo_N4_k4_L4_lr0.002_s17,moe_oeo,4,4,1.0,17,21,1.1115350778805746,0.0015049999999999998,1202.8570461273193,0.666223406791687,0.666223406791687,0.6579828858375549,0.9980689287185669,0.007217917125672102,0.9871867475837505,0.0,1
moe_oeo_N4_k4_L4_lr0.002_s17,moe_oeo,4,4,1.0,17,22,1.102314321502839,0.0014594505947421513,1263.0657277107239,0.667553186416626,0.6675532460212708,0.6593359112739563,0.9852273464202881,0.0072807492688298225,0.9872055157220403,0.0,1
moe_oeo_N4_k4_L4_lr0.002_s17,moe_oeo,4,4,1.0,17,23,1.094937647186798,0.0014126692766450425,1322.8940706253052,0.6755319237709045,0.6755319237709045,0.6662080883979797,0.9747822284698486,0.007172857411205769,0.9866620541403863,0.0,1
moe_oeo_N4_k4_L4_lr0.002_s17,moe_oeo,4,4,1.0,17,24,1.0799029838021623,0.0013647842700498477,1378.5981781482697,0.6742021441459656,0.6742021441459656,0.6680737137794495,0.9642290472984314,0.0068971202708780766,0.9859582338563614,0.0,1
moe_oeo_N4_k4_L4_lr0.002_s17,moe_oeo,4,4,1.0,17,25,1.0714994009465115,0.001315926824431198,1436.570160150528,0.6795212626457214,0.6795213222503662,0.6729125380516052,0.957507312297821,0.007059202995151281,0.98632189224079,0.0,1
moe_oeo_N4_k4_L4_lr0.002_s17,moe_oeo,4,4,1.0,17,26,1.0618909842262394,0.0012662308546514955,1492.838536977768,0.6768617033958435,0.6768617033958435,0.6706733107566833,0.9450669288635254,0.006995180156081915,0.9857427957434619,0.0,1
moe_oeo_N4_k4_L4_lr0.002_s17,moe_oeo,4,4,1.0,17,27,1.0566577173718443,0.0012158325739095818,1550.164115190506,0.6781914830207825,0.6781914830207825,0.6706437468528748,0.9414063096046448,0.006913318764418364,0.986065456202055,0.0,1
moe_oeo_N4_k4_L4_lr0.002_s17,moe_oeo,4,4,1.0,17,28,1.0487168224094665,0.0011648701203898287,1609.0181210041046,0.6848404407501221,0.6848404407501221,0.680891215801239,0.935629665851593,0.006847393233329058,0.9857293550944877,0.0,1
moe_oeo_N4_k4_L4_lr0.002_s17,moe_oeo,4,4,1.0,17,29,1.040161121526061,0.001113483178634977,1667.5117049217224,0.688829779624939,0.688829779624939,0.6837744116783142,0.9310489892959595,0.006851877085864544,0.9852246894018882,0.0,1
moe_oeo_N4_k4_L4_lr0.002_s17,moe_oeo,4,4,1.0,17,30,1.0329039293303066,0.0010618125966805143,1725.1990365982056,0.6875,0.6875000596046448,0.6794853806495667,0.9239684343338013,0.0068738702684640884,0.9855074597842296,0.0,1
moe_oeo_N4_k4_L4_lr0.002_s17,moe_oeo,4,4,1.0,17,31,1.0310619139371942,0.0010100000000000003,1785.9667885303497,0.6941489577293396,0.6941489577293396,0.6903956532478333,0.9209901094436646,0.006666212808340788,0.9849986886837351,0.0,1
moe_oeo_N4_k4_L4_lr0.002_s17,moe_oeo,4,4,1.0,17,32,1.0196844693528462,0.0009581874033194859,1840.8041586875916,0.7034574747085571,0.7034574747085571,0.6988725662231445,0.9131333827972412,0.006485889665782452,0.9846496445809612,0.0,1
moe_oeo_N4_k4_L4_lr0.002_s17,moe_oeo,4,4,1.0,17,33,1.017879263663741,0.0009065168213650232,1896.0321946144104,0.6981382966041565,0.6981382966041565,0.6925937533378601,0.9058448672294617,0.006813010200858116,0.985420817827653,0.0,1
moe_oeo_N4_k4_L4_lr0.002_s17,moe_oeo,4,4,1.0,17,34,1.009708759812936,0.0008551298796101715,1954.8064777851105,0.6994680762290955,0.6994680762290955,0.6930927038192749,0.9024405479431152,0.0067838216200470924,0.9852056990172595,0.0,1
moe_oeo_N4_k4_L4_lr0.002_s17,moe_oeo,4,4,1.0,17,35,1.0081032638323226,0.0008041674260904182,2015.9125967025757,0.7047872543334961,0.7047872543334961,0.7012444138526917,0.899815559387207,0.00676445197314024,0.9850131093004267,0.0,1
moe_oeo_N4_k4_L4_lr0.002_s17,moe_oeo,4,4,1.0,17,36,1.0009035772163437,0.0007537691453485046,2074.4771802425385,0.7114361524581909,0.7114362120628357,0.7073671817779541,0.8967034220695496,0.006724738050252199,0.9848946237777418,0.0,1
moe_oeo_N4_k4_L4_lr0.002_s17,moe_oeo,4,4,1.0,17,37,0.9987078871424884,0.0007040731755688022,2133.439375638962,0.7061170339584351,0.7061170339584351,0.7007336020469666,0.8917384147644043,0.006745768245309591,0.9849113950717077,0.0,1
moe_oeo_N4_k4_L4_lr0.002_s17,moe_oeo,4,4,1.0,17,38,0.9905095215308476,0.0006552157299501527,2191.7591502666473,0.710106372833252,0.7101064324378967,0.706084132194519,0.8908382654190063,0.006644767243415117,0.9848266725955341,0.0,1
moe_oeo_N4_k4_L4_lr0.002_s17,moe_oeo,4,4,1.0,17,39,0.9933813945581652,0.000607330723354958,2252.191564798355,0.708776593208313,0.708776593208313,0.7053677439689636,0.8879744410514832,0.006583981215953827,0.984526641664322,0.0,1
moe_oeo_N4_k4_L4_lr0.002_s17,moe_oeo,4,4,1.0,17,40,0.9898293468948096,0.0005605494052578487,2312.491407394409,0.710106372833252,0.710106372833252,0.7072207927703857,0.8877484798431396,0.006549985613673925,0.9845305884391538,0.0,1
moe_oeo_N4_k4_L4_lr0.002_s17,moe_oeo,4,4,1.0,17,41,0.984484457466156,0.0005150000000000003,2369.9710500240326,0.7167553305625916,0.7167553305625916,0.7136751413345337,0.8842202425003052,0.006517193280160427,0.9843499917492465,0.0,1
moe_oeo_N4_k4_L4_lr0.002_s17,moe_oeo,4,4,1.0,17,42,0.9845517884565679,0.00047080735533512353,2426.9263331890106,0.7180851101875305,0.7180851101875305,0.7140375375747681,0.8810322880744934,0.006518829148262739,0.9842212864329459,0.0,1
moe_oeo_N4_k4_L4_lr0.002_s17,moe_oeo,4,4,1.0,17,43,0.9804800243359314,0.0004280926002304517,2485.359005689621,0.7114361524581909,0.7114362120628357,0.7075656056404114,0.8806553483009338,0.006572001613676548,0.984662846652342,0.0,1
moe_oeo_N4_k4_L4_lr0.002_s17,moe_oeo,4,4,1.0,17,44,0.9801513954622832,0.0003869728128606611,2539.5561735630035,0.7127659320831299,0.7127659320831299,0.7097590565681458,0.8776894807815552,0.0065385266207158566,0.9842721072467717,0.0,1
moe_oeo_N4_k4_L4_lr0.002_s17,moe_oeo,4,4,1.0,17,45,0.9720543321375161,0.0003475606997047307,2594.8765861988068,0.7167553305625916,0.7167553305625916,0.7130699753761292,0.8765514492988586,0.006526750046759844,0.9841984838142182,0.0,1
moe_oeo_N4_k4_L4_lr0.002_s17,moe_oeo,4,4,1.0,17,46,0.9719851850935993,0.0003099642866253181,2654.66534280777,0.7167553305625916,0.7167553305625916,0.712684154510498,0.8752391338348389,0.006625814829021692,0.9842164385970786,0.0,1
moe_oeo_N4_k4_L4_lr0.002_s17,moe_oeo,4,4,1.0,17,47,0.9732430651018472,0.0002742866227773799,2714.618414402008,0.7167553305625916,0.7167553305625916,0.7132309079170227,0.8742987513542175,0.006444210652261972,0.984345412118768,0.0,1
moe_oeo_N4_k4_L4_lr0.002_s17,moe_oeo,4,4,1.0,17,48,0.9745095756806467,0.00024062549815759878,2768.943737268448,0.7154255509376526,0.7154255509376526,0.7119885683059692,0.8728187680244446,0.006517982110381126,0.984193346922513,0.0,1
moe_oeo_N4_k4_L4_lr0.002_s17,moe_oeo,4,4,1.0,17,49,0.9669398845228703,0.0002090731755688021,2826.644476890564,0.7167553305625916,0.7167553305625916,0.7133055329322815,0.8732748031616211,0.006514098960906267,0.9841617917794053,0.0,1
moe_oeo_N4_k4_L4_lr0.002_s17,moe_oeo,4,4,1.0,17,50,0.9685401769448497,0.00017971613773403027,2887.1197226047516,0.7194148898124695,0.7194148898124695,0.7156314253807068,0.8709182143211365,0.006462309509515762,0.9840315425238393,0.0,1
moe_oeo_N4_k4_L4_lr0.002_s17,moe_oeo,4,4,1.0,17,51,0.9665554841410487,0.00015263485025340568,2948.5262413024902,0.7234042286872864,0.7234042882919312,0.7199074029922485,0.8713216781616211,0.00642255786806345,0.9840190871117325,0.0,1
moe_oeo_N4_k4_L4_lr0.002_s17,moe_oeo,4,4,1.0,17,52,0.9667308913059023,0.00012790354105351589,3002.654444217682,0.7207446694374084,0.7207447290420532,0.7172220349311829,0.8699215054512024,0.006465378683060408,0.9839658581515063,0.0,1
moe_oeo_N4_k4_L4_lr0.002_s17,moe_oeo,4,4,1.0,17,53,0.9632104037065893,0.00010558999693382504,3056.1061611175537,0.7180851101875305,0.7180851101875305,0.7145275473594666,0.8698253631591797,0.006454483140259981,0.9840759696486197,0.0,1
moe_oeo_N4_k4_L4_lr0.002_s17,moe_oeo,4,4,1.0,17,54,0.9618159521575251,8.575537776777028e-05,3112.776831150055,0.7154255509376526,0.7154255509376526,0.7122936248779297,0.8690913319587708,0.006483277305960655,0.984137142854758,0.0,1
moe_oeo_N4_k4_L4_lr0.002_s17,moe_oeo,4,4,1.0,17,55,0.9634309401267875,6.845404886779801e-05,3173.5599093437195,0.7154255509376526,0.7154255509376526,0.7121939659118652,0.8686533570289612,0.0065145427361130714,0.9841367476671159,0.0,1
moe_oeo_N4_k4_L4_lr0.002_s17,moe_oeo,4,4,1.0,17,56,0.9635631574836632,5.373343197382237e-05,3234.3944578170776,0.7180851101875305,0.7180851101875305,0.7145828604698181,0.8683117628097534,0.006502760108560324,0.9840407450985947,0.0,1
moe_oeo_N4_k4_L4_lr0.002_s17,moe_oeo,4,4,1.0,17,57,0.9634786437703594,4.163387527353236e-05,3289.09041595459,0.7180851101875305,0.7180851697921753,0.7149195671081543,0.8682445883750916,0.006467071827501059,0.9840017168381856,0.0,1
moe_oeo_N4_k4_L4_lr0.002_s17,moe_oeo,4,4,1.0,17,58,0.9608163750351972,3.218854281081372e-05,3349.53341960907,0.7180851101875305,0.7180851697921753,0.7148358225822449,0.8681766390800476,0.006475310306996107,0.9840209254064711,0.0,1
moe_oeo_N4_k4_L4_lr0.002_s17,moe_oeo,4,4,1.0,17,59,0.9592681611084366,2.5423323585409333e-05,3409.491138935089,0.7167553305625916,0.7167553901672363,0.7135598063468933,0.8677071332931519,0.006490539293736219,0.9840243292238466,0.0,1
moe_oeo_N4_k4_L4_lr0.002_s17,moe_oeo,4,4,1.0,17,60,0.9653065095073012,2.1356760592971906e-05,3466.8410425186157,0.7180851101875305,0.7180851697921753,0.7148171067237854,0.8676678538322449,0.006489723455160856,0.9840458657900045,0.0,1
moe_oeo_N16_k1_L4_lr0.002_s17,moe_oeo,16,1,0.0625,17,1,2.4604229173329597,0.002,106.8019483089447,0.21808511018753052,0.21808511018753052,0.16291967034339905,2.8805012702941895,0.002304703462868929,0.9993720228022422,1.425134924405245,15
moe_oeo_N16_k1_L4_lr0.002_s17,moe_oeo,16,1,0.0625,17,2,1.8804953448882658,0.001998643239407028,212.2940480709076,0.22074468433856964,0.22074466943740845,0.15255489945411682,2.7812960147857666,0.0020846251863986254,0.9992214977169693,1.5782910562838752,15
moe_oeo_N16_k1_L4_lr0.002_s17,moe_oeo,16,1,0.0625,17,3,1.6830164108714556,0.0019945766764145906,319.22391176223755,0.09840425848960876,0.09840425103902817,0.07150155305862427,2.7494618892669678,0.0021245956886559725,0.9990949888448029,1.6712627460898464,15
moe_oeo_N16_k1_L4_lr0.002_s17,moe_oeo,16,1,0.0625,17,4,1.5685255934216389,0.0019878114571891866,426.2995231151581,0.09175531566143036,0.09175532311201096,0.060170307755470276,2.6647915840148926,0.0019853899721056223,0.9988958407921305,1.6363798021372598,15
moe_oeo_N16_k1_L4_lr0.002_s17,moe_oeo,16,1,0.0625,17,5,1.4989765532246735,0.0019783661247264675,533.1744387149811,0.08909574151039124,0.08909574151039124,0.05610399693250656,2.6176347732543945,0.0019223546842113137,0.9986844171221388,1.6639672093736637,15
moe_oeo_N16_k1_L4_lr0.002_s17,moe_oeo,16,1,0.0625,17,6,2.2530009824119204,0.0019662665680261777,640.6918225288391,0.2220744639635086,0.2220744639635086,0.15404316782951355,1.8961825370788574,0.0022656337823718786,0.9986905239947795,1.6043032913480235,15
moe_oeo_N16_k1_L4_lr0.002_s17,moe_oeo,16,1,0.0625,17,7,2.1148862723074004,0.0019515459511322021,747.0824103355408,0.25930851697921753,0.25930851697921753,0.1949111819267273,1.8040913343429565,0.002296165330335498,0.9987018254765496,1.6006484956256903,15
moe_oeo_N16_k1_L4_lr0.002_s17,moe_oeo,16,1,0.0625,17,8,2.0438398666101505,0.0019342446222322296,852.9947023391724,0.25797873735427856,0.25797873735427856,0.19437521696090698,1.7326302528381348,0.002176398877054453,0.998714101817444,1.6060835557347446,15
moe_oeo_N16_k1_L4_lr0.002_s17,moe_oeo,16,1,0.0625,17,9,1.988438628545907,0.0019144100030661748,959.0128722190857,0.291223406791687,0.291223406791687,0.2339462786912918,1.690531849861145,0.001978951971977949,0.9987275395801656,1.6060835557347446,15
moe_oeo_N16_k1_L4_lr0.002_s17,moe_oeo,16,1,0.0625,17,10,1.9128214910150119,0.0018920964589464841,1068.1971805095673,0.30319148302078247,0.30319148302078247,0.24855151772499084,1.626016616821289,0.0018204512307420373,0.9987419505638223,1.5982250366227935,15
moe_oeo_N16_k1_L4_lr0.002_s17,moe_oeo,16,1,0.0625,17,11,1.8766534377450812,0.0018673651497465944,1188.0609810352325,0.33111703395843506,0.33111700415611267,0.28874140977859497,1.5854140520095825,0.0015575146535411477,0.9987576758440032,1.5899362687319878,15
moe_oeo_N16_k1_L4_lr0.002_s17,moe_oeo,16,1,0.0625,17,12,1.83119951028666,0.0018402838622659698,1377.9348752498627,0.353723406791687,0.353723406791687,0.31564491987228394,1.5442569255828857,0.0013695057714357972,0.9987741544229161,1.589099657985983,15
moe_oeo_N16_k1_L4_lr0.002_s17,moe_oeo,16,1,0.0625,17,13,1.7992492141244618,0.001810926824431198,1567.0606725215912,0.37367022037506104,0.37367022037506104,0.34147071838378906,1.5155705213546753,0.0012230147840455174,0.9987916225937207,1.5999589646230836,15
moe_oeo_N16_k1_L4_lr0.002_s17,moe_oeo,16,1,0.0625,17,14,1.77083787271013,0.0017793745018424012,1759.0949702262878,0.4069148898124695,0.4069148898124695,0.37747421860694885,1.4824773073196411,0.0010379680898040533,0.9988092933467005,1.600277268948031,15
moe_oeo_N16_k1_L4_lr0.002_s17,moe_oeo,16,1,0.0625,17,15,1.743164283533891,0.0017457133772226204,1950.6547365188599,0.396276593208313,0.396276593208313,0.3701539635658264,1.4540663957595825,0.000921497936360538,0.9988281993112867,1.6093041249290905,15
moe_oeo_N16_k1_L4_lr0.002_s17,moe_oeo,16,1,0.0625,17,16,1.7163353799821035,0.001710035713374682,2143.083493232727,0.4401595890522003,0.4401596188545227,0.4171924889087677,1.4190051555633545,0.0007989868754521012,0.9988473576266949,1.5986321199036433,15
moe_oeo_N16_k1_L4_lr0.002_s17,moe_oeo,16,1,0.0625,17,17,1.6997152454980977,0.0016724393002952695,2339.067093372345,0.41888296604156494,0.41888299584388733,0.3915638029575348,1.40920889377594,0.0007390158716589212,0.9988673685021723,1.5996583428672024,15
moe_oeo_N16_k1_L4_lr0.002_s17,moe_oeo,16,1,0.0625,17,18,1.6732868460351473,0.0016330271871393392,2532.356137752533,0.4521276652812958,0.4521276354789734,0.43167442083358765,1.395157814025879,0.0006992021226324141,0.9988868590900867,1.6020796309188703,15
moe_oeo_N16_k1_L4_lr0.002_s17,moe_oeo,16,1,0.0625,17,19,1.6447296392972066,0.0015919073997695485,2724.9193053245544,0.4614361822605133,0.4614362120628357,0.43785107135772705,1.3709441423416138,0.0006419598357751966,0.9989071054948998,1.5937931552930742,15
moe_oeo_N16_k1_L4_lr0.002_s17,moe_oeo,16,1,0.0625,17,20,1.630107060363984,0.001549192644664877,2918.2998332977295,0.46675533056259155,0.46675533056259155,0.4525132179260254,1.364263653755188,0.0006122808554209769,0.9989279886107669,1.5725081476517098,15
moe_oeo_N16_k1_L4_lr0.002_s17,moe_oeo,16,1,0.0625,17,21,1.622108089563237,0.0015049999999999998,3057.3845765590668,0.4614361822605133,0.4614362120628357,0.448050856590271,1.3414703607559204,0.0005721298512071371,0.9989499235137664,1.5674801974409622,15
moe_oeo_N16_k1_L4_lr0.002_s17,moe_oeo,16,1,0.0625,17,22,1.618254253717318,0.0014594505947421513,3164.0325949192047,0.4893617033958435,0.4893617033958435,0.47729015350341797,1.3343144655227661,0.0005700933979824185,0.9989710434675262,1.5620557051489259,15
moe_oeo_N16_k1_L4_lr0.002_s17,moe_oeo,16,1,0.0625,17,23,1.6132310239011294,0.0014126692766450425,3269.843367576599,0.4960106313228607,0.4960106611251831,0.48515433073043823,1.3275036811828613,0.0005434913327917457,0.9989919625079766,1.5577207241941968,15
moe_oeo_N16_k1_L4_lr0.002_s17,moe_oeo,16,1,0.0625,17,24,1.5892263915236682,0.0013647842700498477,3376.1400213241577,0.4893617033958435,0.4893617033958435,0.474007248878479,1.3329774141311646,0.000554795260541141,0.9990139154033584,1.5461440426905186,15
moe_oeo_N16_k1_L4_lr0.002_s17,moe_oeo,16,1,0.0625,17,25,1.5906197853624549,0.001315926824431198,3484.249661207199,0.4827127754688263,0.4827127456665039,0.470424622297287,1.321599006652832,0.0005832603201270103,0.9990359748640465,1.5313052782126724,15
moe_oeo_N16_k1_L4_lr0.002_s17,moe_oeo,16,1,0.0625,17,26,1.5762450269095973,0.0012662308546514955,3589.780237197876,0.5053191781044006,0.5053191781044006,0.49438896775245667,1.307623028755188,0.0005500631523318589,0.9990563438355933,1.5168623400930046,15
moe_oeo_N16_k1_L4_lr0.002_s17,moe_oeo,16,1,0.0625,17,27,1.573705343231899,0.0012158325739095818,3697.7031686306,0.49069148302078247,0.49069148302078247,0.4762408435344696,1.30985689163208,0.0005379785434342921,0.9990775324034346,1.4964118600746363,15
moe_oeo_N16_k1_L4_lr0.002_s17,moe_oeo,16,1,0.0625,17,28,1.5605751116628244,0.0011648701203898287,3803.0787506103516,0.5079787373542786,0.5079787373542786,0.49518656730651855,1.2921233177185059,0.0005222930922172964,0.9991011214432399,1.4960336630896844,15
moe_oeo_N16_k1_L4_lr0.002_s17,moe_oeo,16,1,0.0625,17,29,1.540850334600907,0.001113483178634977,3910.189642906189,0.5119680762290955,0.5119680762290955,0.4975321590900421,1.2907496690750122,0.0005000441451556981,0.9991211879149159,1.4779004066890666,15
moe_oeo_N16_k1_L4_lr0.002_s17,moe_oeo,16,1,0.0625,17,30,1.5484218600644097,0.0010618125966805143,4017.0656793117523,0.521276593208313,0.521276593208313,0.5059224367141724,1.2878555059432983,0.0004949422436766326,0.9991420930791743,1.4518645884768737,15
moe_oeo_N16_k1_L4_lr0.002_s17,moe_oeo,16,1,0.0625,17,31,1.5423666038061385,0.0010100000000000003,4123.415719985962,0.521276593208313,0.521276593208313,0.5045045018196106,1.2908333539962769,0.00048608233919367194,0.9991633200341946,1.4412243804367304,15
moe_oeo_N16_k1_L4_lr0.002_s17,moe_oeo,16,1,0.0625,17,32,1.5388225327377723,0.0009581874033194859,4231.1479687690735,0.5146276354789734,0.5146276950836182,0.5003728866577148,1.2865451574325562,0.00047722362796775997,0.9991836822316165,1.435322813005539,15
moe_oeo_N16_k1_L4_lr0.002_s17,moe_oeo,16,1,0.0625,17,33,1.5223397426307201,0.0009065168213650232,4338.515357255936,0.519946813583374,0.519946813583374,0.505293607711792,1.284626841545105,0.0004800241149496287,0.9992061826044651,1.424956225192861,15
moe_oeo_N16_k1_L4_lr0.002_s17,moe_oeo,16,1,0.0625,17,34,1.536400672337508,0.0008551298796101715,4446.658045291901,0.5332446694374084,0.5332446694374084,0.5242961645126343,1.2757948637008667,0.00045890166074968874,0.9992276047043196,1.3904666108808617,15
moe_oeo_N16_k1_L4_lr0.002_s17,moe_oeo,16,1,0.0625,17,35,1.5249561140968648,0.0008041674260904182,4556.189883947372,0.5279255509376526,0.5279255509376526,0.518743634223938,1.280260682106018,0.00043027836363762617,0.9992480639671801,1.3783063543480907,15
moe_oeo_N16_k1_L4_lr0.002_s17,moe_oeo,16,1,0.0625,17,36,1.5222149886633163,0.0007537691453485046,4662.3740248680115,0.521276593208313,0.521276593208313,0.5073741674423218,1.2785909175872803,0.0004243667935952544,0.9992680896482504,1.35818612812195,15
moe_oeo_N16_k1_L4_lr0.002_s17,moe_oeo,16,1,0.0625,17,37,1.5371469656966592,0.0007040731755688022,4767.807931661606,0.5265957713127136,0.5265957117080688,0.5126352906227112,1.2661784887313843,0.00045806478010490537,0.9992882612021899,1.3409531161511545,15
moe_oeo_N16_k1_L4_lr0.002_s17,moe_oeo,16,1,0.0625,17,38,1.5337721372201836,0.0006552157299501527,4873.621527194977,0.5239361524581909,0.5239361524581909,0.5092260837554932,1.268271565437317,0.00041630203486420214,0.9993066170359786,1.32216966845436,15
moe_oeo_N16_k1_L4_lr0.002_s17,moe_oeo,16,1,0.0625,17,39,1.5194154576011445,0.000607330723354958,4979.926121234894,0.5292553305625916,0.5292553305625916,0.5159211754798889,1.2694435119628906,0.0004081521474290639,0.9993260597171172,1.2984390117148144,15
moe_oeo_N16_k1_L4_lr0.002_s17,moe_oeo,16,1,0.0625,17,40,1.5228386845558746,0.0005605494052578487,5086.427756309509,0.5186170339584351,0.5186170339584351,0.50389564037323,1.2701321840286255,0.00040342233842238784,0.9993443714845145,1.2716660304747334,15
moe_oeo_N16_k1_L4_lr0.002_s17,moe_oeo,16,1,0.0625,17,41,1.529597124450555,0.0005150000000000003,5194.006170034409,0.5252659320831299,0.5252659916877747,0.5084441900253296,1.2635319232940674,0.00040053590782918036,0.9993603370063178,1.2615469312433332,15
moe_oeo_N16_k1_L4_lr0.002_s17,moe_oeo,16,1,0.0625,17,42,1.525175103211784,0.00047080735533512353,5301.04628777504,0.5279255509376526,0.5279255509376526,0.5147228837013245,1.2608845233917236,0.0003932987165171653,0.9993764477891511,1.2426333351040861,15
moe_oeo_N16_k1_L4_lr0.002_s17,moe_oeo,16,1,0.0625,17,43,1.5159623043347983,0.0004280926002304517,5408.601680517197,0.519946813583374,0.519946813583374,0.5039975643157959,1.2601444721221924,0.0004267612530384213,0.9993925247562044,1.2200230793146156,15
moe_oeo_N16_k1_L4_lr0.002_s17,moe_oeo,16,1,0.0625,17,44,1.505708984061055,0.0003869728128606611,5515.110497951508,0.5159574747085571,0.5159574747085571,0.4997017979621887,1.2656997442245483,0.0004191437328699976,0.9994085349245986,1.1771073701822201,15
moe_oeo_N16_k1_L4_lr0.002_s17,moe_oeo,16,1,0.0625,17,45,1.5170130537797326,0.0003475606997047307,5623.217926025391,0.521276593208313,0.521276593208313,0.5033849477767944,1.2582037448883057,0.0004017379251308739,0.9994218006181911,1.1741230821386806,15
moe_oeo_N16_k1_L4_lr0.002_s17,moe_oeo,16,1,0.0625,17,46,1.524110971911721,0.0003099642866253181,5731.1770713329315,0.5132978558540344,0.5132978558540344,0.4927162230014801,1.273677110671997,0.0003961975744459778,0.9994358247455728,1.10233507974468,15
moe_oeo_N16_k1_L4_lr0.002_s17,moe_oeo,16,1,0.0625,17,47,1.5259746383688493,0.0002742866227773799,5838.809877157211,0.5159574747085571,0.5159574151039124,0.49940550327301025,1.2818193435668945,0.000405537080951035,0.999449135570194,1.0316955287715195,15
moe_oeo_N16_k1_L4_lr0.002_s17,moe_oeo,16,1,0.0625,17,48,1.5523959617024143,0.00024062549815759878,5945.789537668228,0.480053186416626,0.48005321621894836,0.4613434672355652,1.308213710784912,0.00039569774526171386,0.999461326822692,0.9299539844107885,15
moe_oeo_N16_k1_L4_lr0.002_s17,moe_oeo,16,1,0.0625,17,49,1.5890839662249774,0.0002090731755688021,6052.954260826111,0.5186170339584351,0.5186170339584351,0.4987068176269531,1.3214385509490967,0.00038975896313786507,0.9994722256036882,0.8672659870934496,15
moe_oeo_N16_k1_L4_lr0.002_s17,moe_oeo,16,1,0.0625,17,50,1.5900914206182304,0.00017971613773403027,6159.592159032822,0.5146276354789734,0.5146276950836182,0.49558427929878235,1.327307939529419,0.00039983706665225327,0.999482225441713,0.8422751092433254,15
moe_oeo_N16_k1_L4_lr0.002_s17,moe_oeo,16,1,0.0625,17,51,1.6011917857138533,0.00015263485025340568,6265.93611907959,0.5026595592498779,0.5026595592498779,0.4825047254562378,1.337961196899414,0.0003963368362747133,0.9994912055565512,0.8341063288237626,15
moe_oeo_N16_k1_L4_lr0.002_s17,moe_oeo,16,1,0.0625,17,52,1.6137277430357182,0.00012790354105351589,6372.736946821213,0.5106382966041565,0.5106382966041565,0.49169644713401794,1.3282053470611572,0.00039322415250353515,0.9994982185074748,0.8303326099375113,15
moe_oeo_N16_k1_L4_lr0.002_s17,moe_oeo,16,1,0.0625,17,53,1.595818267429256,0.00010558999693382504,6479.207272529602,0.5146276354789734,0.5146276354789734,0.4960530698299408,1.3236069679260254,0.0003922924806829542,0.999505823228577,0.8265758949390328,15
moe_oeo_N16_k1_L4_lr0.002_s17,moe_oeo,16,1,0.0625,17,54,1.593651813731346,8.575537776777028e-05,6586.68739771843,0.5172872543334961,0.5172872543334961,0.49836301803588867,1.3197320699691772,0.00039203462074510753,0.9995119083915472,0.8274653802308259,15
moe_oeo_N16_k1_L4_lr0.002_s17,moe_oeo,16,1,0.0625,17,55,1.5973842917307872,6.845404886779801e-05,6693.464012384415,0.5159574747085571,0.5159574151039124,0.4976414442062378,1.319536566734314,0.0003909594379365444,0.9995172987516168,0.8277388767196594,15
moe_oeo_N16_k1_L4_lr0.002_s17,moe_oeo,16,1,0.0625,17,56,1.5914358407190945,5.373343197382237e-05,6801.470264673233,0.5132978558540344,0.5132978558540344,0.4947359561920166,1.3179911375045776,0.0003745014255400747,0.9995217979962311,0.82732861174067,15
moe_oeo_N16_k1_L4_lr0.002_s17,moe_oeo,16,1,0.0625,17,57,1.6040365712113305,4.163387527353236e-05,6908.094844818115,0.5106382966041565,0.5106382966041565,0.4929063022136688,1.3193376064300537,0.000373931135982275,0.9995247387109019,0.827089183240563,15
moe_oeo_N16_k1_L4_lr0.002_s17,moe_oeo,16,1,0.0625,17,58,1.5931774882863374,3.218854281081372e-05,7014.720294237137,0.5146276354789734,0.5146276354789734,0.4964603781700134,1.3165603876113892,0.0003737613442353904,0.9995272851182953,0.827089183240563,15
moe_oeo_N16_k1_L4_lr0.002_s17,moe_oeo,16,1,0.0625,17,59,1.5890689275512413,2.5423323585409333e-05,7121.6569130420685,0.5132978558540344,0.5132978558540344,0.49487271904945374,1.3169538974761963,0.0003720188688021153,0.9995292191065797,0.8225956977992336,15
moe_oeo_N16_k1_L4_lr0.002_s17,moe_oeo,16,1,0.0625,17,60,1.5872392838642204,2.1356760592971906e-05,7228.716570615768,0.5132978558540344,0.5132978558540344,0.4944537580013275,1.319115161895752,0.000384493381716311,0.9995315871695857,0.81697004007295,15
moe_oeo_N16_k4_L4_lr0.002_s17,moe_oeo,16,4,0.25,17,1,2.4601346834065163,0.002,67.0092761516571,0.18218085169792175,0.18218085169792175,0.1223638653755188,3.3115882873535156,0.0033427062444388866,0.9993722055838737,0.6724385599192689,259
moe_oeo_N16_k4_L4_lr0.002_s17,moe_oeo,16,4,0.25,17,2,1.8806244953616298,0.001998643239407028,145.68966269493103,0.1768617033958435,0.1768617033958435,0.10503679513931274,2.8917126655578613,0.002956568030640483,0.9992232219603067,0.7537559645402828,237
moe_oeo_N16_k4_L4_lr0.002_s17,moe_oeo,16,4,0.25,17,3,1.6833959330196522,0.0019945766764145906,223.35492205619812,0.17819148302078247,0.17819148302078247,0.10154882073402405,2.7316524982452393,0.0027939854189753532,0.9990939211549995,0.8123095520472864,214
moe_oeo_N16_k4_L4_lr0.002_s17,moe_oeo,16,4,0.25,17,4,1.5685456713925214,0.0019878114571891866,295.16952252388,0.1702127605676651,0.1702127605676651,0.0962388813495636,2.6300995349884033,0.0025876325089484453,0.9989003104847229,0.8626661000435151,195
moe_oeo_N16_k4_L4_lr0.002_s17,moe_oeo,16,4,0.25,17,5,1.4992177427563493,0.0019783661247264675,367.6152982711792,0.16755318641662598,0.16755318641662598,0.08912438154220581,2.5551435947418213,0.0024008459877222776,0.9986914578149151,0.9132608570416776,186
moe_oeo_N16_k4_L4_lr0.002_s17,moe_oeo,16,4,0.25,17,6,2.0528129839325606,0.0019662665680261777,437.01860427856445,0.35904255509376526,0.35904255509376526,0.31876999139785767,1.7807531356811523,0.0014447959838435054,0.9985992700286781,0.9691421421932052,169
moe_oeo_N16_k4_L4_lr0.002_s17,moe_oeo,16,4,0.25,17,7,1.8548126450344309,0.0019515459511322021,512.450088262558,0.4268617033958435,0.4268617033958435,0.3818323016166687,1.5951894521713257,0.001082909177057445,0.9984534762198097,0.988553482511515,163
moe_oeo_N16_k4_L4_lr0.002_s17,moe_oeo,16,4,0.25,17,8,1.7475262491126038,0.0019342446222322296,580.6682732105255,0.46010637283325195,0.46010640263557434,0.42129242420196533,1.5168102979660034,0.0011392933083698153,0.9982871763417361,0.9805916341849823,161
moe_oeo_N16_k4_L4_lr0.002_s17,moe_oeo,16,4,0.25,17,9,1.7268486818358235,0.0019144100030661748,653.4290237426758,0.480053186416626,0.480053186416626,0.45380133390426636,1.468564510345459,0.0006213695160113275,0.9980057502704298,1.0327456678495088,146
moe_oeo_N16_k4_L4_lr0.002_s17,moe_oeo,16,4,0.25,17,10,1.6181202291013443,0.0018920964589464841,726.6882903575897,0.5279255509376526,0.5279254913330078,0.5105427503585815,1.3578648567199707,0.0008980108541436493,0.9976248491909671,1.0732725794930094,134
moe_oeo_N16_k4_L4_lr0.002_s17,moe_oeo,16,4,0.25,17,11,1.5934606845996695,0.0018673651497465944,799.9663941860199,0.539893627166748,0.539893627166748,0.5188022255897522,1.3176908493041992,0.0005289768450893462,0.9971622965059599,1.145173051287581,135
moe_oeo_N16_k4_L4_lr0.002_s17,moe_oeo,16,4,0.25,17,12,1.5307850222099044,0.0018402838622659698,874.248437166214,0.5319148898124695,0.5319148898124695,0.5086935758590698,1.2646715641021729,0.0004956123302690685,0.9969083365778315,1.1663196783496952,124
moe_oeo_N16_k4_L4_lr0.002_s17,moe_oeo,16,4,0.25,17,13,1.494429377575307,0.001810926824431198,948.2788257598877,0.5625,0.5625,0.5389243364334106,1.2422420978546143,0.00046863360330462456,0.9965997094984179,1.1822354585674382,118
moe_oeo_N16_k4_L4_lr0.002_s17,moe_oeo,16,4,0.25,17,14,1.4905334136461559,0.0017793745018424012,1019.446683883667,0.5664893388748169,0.5664893984794617,0.5409759879112244,1.2373780012130737,0.00047428766265511513,0.9963061238173603,1.1869511297357118,115
moe_oeo_N16_k4_L4_lr0.002_s17,moe_oeo,16,4,0.25,17,15,1.4641221394958017,0.0017457133772226204,1092.0844354629517,0.5651595592498779,0.5651595592498779,0.5452960729598999,1.226544976234436,0.000540850858669728,0.9962804462066791,1.201081330076734,110
moe_oeo_N16_k4_L4_lr0.002_s17,moe_oeo,16,4,0.25,17,16,1.4357589546199803,0.001710035713374682,1160.2835981845856,0.6077127456665039,0.6077128052711487,0.5898333191871643,1.1772996187210083,0.0004270398640073836,0.9960020814328245,1.1934616338973716,111
moe_oeo_N16_k4_L4_lr0.002_s17,moe_oeo,16,4,0.25,17,17,1.4149531551964207,0.0016724393002952695,1229.5431287288666,0.602393627166748,0.602393627166748,0.5854896306991577,1.1761927604675293,0.00048017065273597836,0.9960442937922429,1.199642036911683,109
moe_oeo_N16_k4_L4_lr0.002_s17,moe_oeo,16,4,0.25,17,18,1.3882592373514828,0.0016330271871393392,1302.1201965808868,0.6103723645210266,0.6103723049163818,0.5875740647315979,1.1640983819961548,0.0005114504019729793,0.9961159791038058,1.1994754558117224,107
moe_oeo_N16_k4_L4_lr0.002_s17,moe_oeo,16,4,0.25,17,19,1.3751392534606532,0.0015919073997695485,1373.1874449253082,0.5970744490623474,0.5970744490623474,0.5775048732757568,1.1523302793502808,0.0005176822887733579,0.9961800034755596,1.2065384625614688,108
moe_oeo_N16_k4_L4_lr0.002_s17,moe_oeo,16,4,0.25,17,20,1.3497481351573717,0.001549192644664877,1438.58740234375,0.6183510422706604,0.6183510422706604,0.6068142056465149,1.1326932907104492,0.0005013727932237089,0.9961306317276559,1.21299193624366,109
moe_oeo_N16_k4_L4_lr0.002_s17,moe_oeo,16,4,0.25,17,21,1.340155865997076,0.0015049999999999998,1509.5330011844635,0.6382978558540344,0.6382978558540344,0.6259145140647888,1.1205296516418457,0.00047690424253232777,0.9960079504568317,1.2352213126839482,108
moe_oeo_N16_k4_L4_lr0.002_s17,moe_oeo,16,4,0.25,17,22,1.3287848251187093,0.0014594505947421513,1582.7466678619385,0.6502659320831299,0.6502659320831299,0.6399837732315063,1.103744387626648,0.00046444780309684575,0.9961150368235093,1.2345626205615525,112
moe_oeo_N16_k4_L4_lr0.002_s17,moe_oeo,16,4,0.25,17,23,1.32041000678591,0.0014126692766450425,1651.4980812072754,0.6555851101875305,0.6555850505828857,0.6460309028625488,1.104310393333435,0.0004728009516838938,0.9960099522062333,1.2545483776927473,106
moe_oeo_N16_k4_L4_lr0.002_s17,moe_oeo,16,4,0.25,17,24,1.310764089975183,0.0013647842700498477,1727.7789452075958,0.6529255509376526,0.6529254913330078,0.6434963941574097,1.1057193279266357,0.0004839548491872847,0.9960847609639149,1.252080658872866,113
moe_oeo_N16_k4_L4_lr0.002_s17,moe_oeo,16,4,0.25,17,25,1.2984844805102915,0.001315926824431198,1797.4968144893646,0.6595744490623474,0.6595744490623474,0.6504414677619934,1.0947781801223755,0.0004915265599265695,0.9961166256554415,1.2653147515365613,110
moe_oeo_N16_k4_L4_lr0.002_s17,moe_oeo,16,4,0.25,17,26,1.2976073076667851,0.0012662308546514955,1871.545269727707,0.6702127456665039,0.6702127456665039,0.662489652633667,1.0802346467971802,0.00047989850281737745,0.9961870612013037,1.2861565874717806,103
moe_oeo_N16_k4_L4_lr0.002_s17,moe_oeo,16,4,0.25,17,27,1.2791779208843295,0.0012158325739095818,1939.8092787265778,0.6835106611251831,0.6835106611251831,0.674074113368988,1.0751513242721558,0.0004813809064216912,0.9960963233669244,1.2834437957623985,103
moe_oeo_N16_k4_L4_lr0.002_s17,moe_oeo,16,4,0.25,17,28,1.2660317736333364,0.0011648701203898287,2012.9451441764832,0.6635638475418091,0.6635638475418091,0.6551770567893982,1.070816159248352,0.0004691997601184994,0.9960150013135755,1.3018039836553361,97
moe_oeo_N16_k4_L4_lr0.002_s17,moe_oeo,16,4,0.25,17,29,1.267610795217562,0.001113483178634977,2081.3901760578156,0.6781914830207825,0.6781914830207825,0.6722080111503601,1.0778889656066895,0.00047462215297855437,0.9960187247877467,1.3051263974120495,99
moe_oeo_N16_k4_L4_lr0.002_s17,moe_oeo,16,4,0.25,17,30,1.275212808967181,0.0010618125966805143,2150.488839864731,0.6702127456665039,0.6702128052711487,0.6604118347167969,1.1072932481765747,0.00048265664372593164,0.9960227238966753,1.2905350630478027,91
moe_oeo_N16_k4_L4_lr0.002_s17,moe_oeo,16,4,0.25,17,31,1.2697063902537573,0.0010100000000000003,2223.600654363632,0.6768617033958435,0.6768617033958435,0.670566737651825,1.079133152961731,0.00047123999684117734,0.9958664518074254,1.2921454377745538,88
moe_oeo_N16_k4_L4_lr0.002_s17,moe_oeo,16,4,0.25,17,32,1.2597251654555808,0.0009581874033194859,2292.002762556076,0.688829779624939,0.688829779624939,0.6840322017669678,1.0661709308624268,0.00044990115566179156,0.995923757713755,1.3006407044519441,82
moe_oeo_N16_k4_L4_lr0.002_s17,moe_oeo,16,4,0.25,17,33,1.2469250863953814,0.0009065168213650232,2364.233754634857,0.6928191781044006,0.6928191781044006,0.6871868968009949,1.059336543083191,0.0004482527729123831,0.9959910753782826,1.3059363800821888,79
moe_oeo_N16_k4_L4_lr0.002_s17,moe_oeo,16,4,0.25,17,34,1.2400387979397491,0.0008551298796101715,2434.4521729946136,0.6914893388748169,0.6914893388748169,0.6856304407119751,1.0530731678009033,0.0004417253367137164,0.9959359702064874,1.312407722826816,75
moe_oeo_N16_k4_L4_lr0.002_s17,moe_oeo,16,4,0.25,17,35,1.2320658077217945,0.0008041674260904182,2509.378719329834,0.6901595592498779,0.6901595592498779,0.6850007772445679,1.0456217527389526,0.00043445482151582837,0.9960111681468258,1.3085309182366855,78
moe_oeo_N16_k4_L4_lr0.002_s17,moe_oeo,16,4,0.25,17,36,1.2279872958246432,0.0007537691453485046,2579.4938910007477,0.6954787373542786,0.6954787373542786,0.6898183822631836,1.0416312217712402,0.0004283370217308402,0.9959955808589214,1.3112322598619532,77
moe_oeo_N16_k4_L4_lr0.002_s17,moe_oeo,16,4,0.25,17,37,1.2202233459851513,0.0007040731755688022,2652.2485551834106,0.6928191781044006,0.6928191184997559,0.6865562200546265,1.040723204612732,0.0004308983334340155,0.9960227748825768,1.318792310588392,71
moe_oeo_N16_k4_L4_lr0.002_s17,moe_oeo,16,4,0.25,17,38,1.213250832929867,0.0006552157299501527,2720.7617111206055,0.6914893388748169,0.6914893984794617,0.6863822340965271,1.0344077348709106,0.0004261079302523285,0.996017637007149,1.322300727859136,70
moe_oeo_N16_k4_L4_lr0.002_s17,moe_oeo,16,4,0.25,17,39,1.21011587518127,0.000607330723354958,2795.9372539520264,0.6968085169792175,0.6968085169792175,0.6922267079353333,1.0262449979782104,0.00041627613245509565,0.9960286320251686,1.3212826442691983,69
moe_oeo_N16_k4_L4_lr0.002_s17,moe_oeo,16,4,0.25,17,40,1.2075148614710325,0.0005605494052578487,2871.0976898670197,0.6981382966041565,0.6981382966041565,0.6941305994987488,1.021895170211792,0.00042264265357516706,0.9960207808213434,1.3199449538049552,71
moe_oeo_N16_k4_L4_lr0.002_s17,moe_oeo,16,4,0.25,17,41,1.200379339799489,0.0005150000000000003,2942.342408657074,0.6981382966041565,0.6981383562088013,0.6931084394454956,1.0203883647918701,0.00041753746336326003,0.9960629085629183,1.3202651065675068,71
moe_oeo_N16_k4_L4_lr0.002_s17,moe_oeo,16,4,0.25,17,42,1.2003285870228184,0.00047080735533512353,3008.65859913826,0.6994680762290955,0.6994680762290955,0.6941390037536621,1.0175235271453857,0.0004146035644225776,0.9960685528894831,1.3176668406567638,72
moe_oeo_N16_k4_L4_lr0.002_s17,moe_oeo,16,4,0.25,17,43,1.1916410736739635,0.0004280926002304517,3083.8434307575226,0.7021276354789734,0.7021276354789734,0.696952760219574,1.013024926185608,0.00042108315392397344,0.9960660372710565,1.3148536510325834,71
moe_oeo_N16_k4_L4_lr0.002_s17,moe_oeo,16,4,0.25,17,44,1.1940609976377117,0.0003869728128606611,3154.87318277359,0.6954787373542786,0.6954787373542786,0.6913034319877625,1.0118380784988403,0.0004076882323715836,0.9960486077209666,1.3174413692528264,69
moe_oeo_N16_k4_L4_lr0.002_s17,moe_oeo,16,4,0.25,17,45,1.188080246964274,0.0003475606997047307,3224.9189896583557,0.6968085169792175,0.6968085169792175,0.691638708114624,1.008292555809021,0.0004058131598867476,0.9960608421898399,1.3162811532750003,69
moe_oeo_N16_k4_L4_lr0.002_s17,moe_oeo,16,4,0.25,17,46,1.1828212412627048,0.0003099642866253181,3296.4703755378723,0.6928191781044006,0.6928191781044006,0.687961757183075,1.0074913501739502,0.00040472563705407083,0.9960455699348582,1.317845323517393,68
moe_oeo_N16_k4_L4_lr0.002_s17,moe_oeo,16,4,0.25,17,47,1.1831300042263448,0.0002742866227773799,3367.0527670383453,0.6968085169792175,0.6968085169792175,0.6919761300086975,1.005507469177246,0.0004091803275514394,0.9960224252563815,1.3212063605711188,67
moe_oeo_N16_k4_L4_lr0.002_s17,moe_oeo,16,4,0.25,17,48,1.1816059881693697,0.00024062549815759878,3436.552476644516,0.7007978558540344,0.7007978558540344,0.6954643130302429,1.0033926963806152,0.00040642585372552276,0.9960245981354592,1.3209466848308031,67
moe_oeo_N16_k4_L4_lr0.002_s17,moe_oeo,16,4,0.25,17,49,1.1763993020607457,0.0002090731755688021,3506.5007231235504,0.7034574747085571,0.7034574747085571,0.6982109546661377,1.0013773441314697,0.000405898317694664,0.9960191126482215,1.320712388007984,67
moe_oeo_N16_k4_L4_lr0.002_s17,moe_oeo,16,4,0.25,17,50,1.1825855408697368,0.00017971613773403027,3582.4149186611176,0.7007978558540344,0.7007978558540344,0.6956198811531067,1.0001132488250732,0.0004056782054249197,0.9960293231576324,1.3205865211456738,67
moe_oeo_N16_k4_L4_lr0.002_s17,moe_oeo,16,4,0.25,17,51,1.177480272846679,0.00015263485025340568,3656.1498374938965,0.7047872543334961,0.7047872543334961,0.6999793648719788,0.9990952610969543,0.00040493501001037657,0.9960274639591303,1.3196086508562925,67
moe_oeo_N16_k4_L4_lr0.002_s17,moe_oeo,16,4,0.25,17,52,1.173140983552285,0.00012790354105351589,3729.5985260009766,0.7007978558540344,0.7007979154586792,0.6960883736610413,0.9985964298248291,0.0004025822563562542,0.9960308777742123,1.3194451507351483,67
moe_oeo_N16_k4_L4_lr0.002_s17,moe_oeo,16,4,0.25,17,53,1.1744595107592677,0.00010558999693382504,3799.5575048923492,0.7007978558540344,0.7007978558540344,0.6953168511390686,0.9973164796829224,0.0004028647963423282,0.9960292964928189,1.3190926334882789,67
moe_oeo_N16_k4_L4_lr0.002_s17,moe_oeo,16,4,0.25,17,54,1.1722362639050778,8.575537776777028e-05,3868.5043971538544,0.7021276354789734,0.7021276950836182,0.6974467039108276,0.996825098991394,0.00040313336648978293,0.9960213862366173,1.3190926334882789,67
moe_oeo_N16_k4_L4_lr0.002_s17,moe_oeo,16,4,0.25,17,55,1.1711867898872725,6.845404886779801e-05,3939.7113168239594,0.7021276354789734,0.7021276354789734,0.6973434090614319,0.9960353374481201,0.00040211837040260434,0.9960195392741791,1.3188848301897003,67
moe_oeo_N16_k4_L4_lr0.002_s17,moe_oeo,16,4,0.25,17,56,1.172674096610448,5.373343197382237e-05,4005.936034679413,0.7007978558540344,0.7007978558540344,0.6956334114074707,0.9959083199501038,0.0004016323946416378,0.9960218512130468,1.319187813290102,67
moe_oeo_N16_k4_L4_lr0.002_s17,moe_oeo,16,4,0.25,17,57,1.1749204787931757,4.163387527353236e-05,4073.784550666809,0.7034574747085571,0.7034574747085571,0.6987369656562805,0.9959567785263062,0.00040149575215764344,0.9960225953344631,1.3188848301897003,67
moe_oeo_N16_k4_L4_lr0.002_s17,moe_oeo,16,4,0.25,17,58,1.1712846466123241,3.218854281081372e-05,4144.139399290085,0.7021276354789734,0.7021276950836182,0.6975330114364624,0.9954067468643188,0.00040178943891078234,0.9960238322901712,1.3188848301897003,67
moe_oeo_N16_k4_L4_lr0.002_s17,moe_oeo,16,4,0.25,17,59,1.1699900495305182,2.5423323585409333e-05,4221.871051073074,0.7034574747085571,0.7034574747085571,0.6987369656562805,0.9949880838394165,0.00040136484312824905,0.9960234140103257,1.3188848301897003,67
moe_oeo_N16_k4_L4_lr0.002_s17,moe_oeo,16,4,0.25,17,60,1.1716563084490224,2.1356760592971906e-05,4290.609569311142,0.7047872543334961,0.7047872543334961,0.7000952363014221,0.9948480129241943,0.0004011696146335453,0.9960238491782528,1.3188848301897003,67
moe_oeo_N16_k8_L4_lr0.002_s17,moe_oeo,16,8,0.5,17,1,2.4604229173329597,0.002,107.45241141319275,0.2393617033958435,0.2393617033958435,0.18723347783088684,2.7813186645507812,0.0026126087177544832,0.9993720228022422,0.4346665431815477,358
moe_oeo_N16_k8_L4_lr0.002_s17,moe_oeo,16,8,0.5,17,2,1.8804953448882658,0.001998643239407028,213.748601436615,0.228723406791687,0.228723406791687,0.17976699769496918,2.509420394897461,0.0026163854636251926,0.9992214977169693,0.4811423099828287,323
moe_oeo_N16_k8_L4_lr0.002_s17,moe_oeo,16,8,0.5,17,3,1.6830164108714556,0.0019945766764145906,321.2451994419098,0.2327127605676651,0.2327127754688263,0.18325190246105194,2.4115381240844727,0.002583232009783387,0.9990949888448029,0.5054459858841551,314
moe_oeo_N16_k8_L4_lr0.002_s17,moe_oeo,16,8,0.5,17,4,1.5685255934216389,0.0019878114571891866,428.88374495506287,0.23803190886974335,0.23803190886974335,0.18291768431663513,2.336196184158325,0.002472248859703541,0.9988958407921305,0.5296268898645885,297
moe_oeo_N16_k8_L4_lr0.002_s17,moe_oeo,16,8,0.5,17,5,1.4989765532246735,0.0019783661247264675,535.384660243988,0.24867020547389984,0.24867022037506104,0.18271507322788239,2.279566764831543,0.0023469531442970037,0.9986844171221388,0.5520042738579178,276
moe_oeo_N16_k8_L4_lr0.002_s17,moe_oeo,16,8,0.5,17,6,1.8623488278353595,0.0019662665680261777,641.9962179660797,0.45345744490623474,0.45345747470855713,0.4235917329788208,1.6310832500457764,0.0014262913027778268,0.9982298714593846,0.6060489832239754,257
moe_oeo_N16_k8_L4_lr0.002_s17,moe_oeo,16,8,0.5,17,7,1.7051890692822465,0.0019515459511322021,748.4095106124878,0.49069148302078247,0.49069151282310486,0.45875948667526245,1.4916725158691406,0.0012096900027245283,0.9978377166702891,0.6275003746319412,236
moe_oeo_N16_k8_L4_lr0.002_s17,moe_oeo,16,8,0.5,17,8,1.5976463356757,0.0019342446222322296,855.1054532527924,0.542553186416626,0.542553186416626,0.5158512592315674,1.385393500328064,0.0011012912727892399,0.9975514759691789,0.6503842399505764,221
moe_oeo_N16_k8_L4_lr0.002_s17,moe_oeo,16,8,0.5,17,9,1.52118415953634,0.0019144100030661748,962.0357954502106,0.5757978558540344,0.5757978558540344,0.554954469203949,1.3278127908706665,0.0010893438011407852,0.9974249166842358,0.6646834793823155,204
moe_oeo_N16_k8_L4_lr0.002_s17,moe_oeo,16,8,0.5,17,10,1.4574957341636152,0.0018920964589464841,1069.4485161304474,0.5957446694374084,0.5957446694374084,0.5776756405830383,1.2722870111465454,0.0010504457168281078,0.9973392459630553,0.6777546047313279,191
moe_oeo_N16_k8_L4_lr0.002_s17,moe_oeo,16,8,0.5,17,11,1.4314626462791609,0.0018673651497465944,1177.0409166812897,0.6143617033958435,0.6143617033958435,0.5916593670845032,1.2551929950714111,0.0009545637876726687,0.9973948594381413,0.6654997243311388,178
moe_oeo_N16_k8_L4_lr0.002_s17,moe_oeo,16,8,0.5,17,12,1.4009447620169484,0.0018402838622659698,1284.0268292427063,0.6143617033958435,0.6143617033958435,0.596201479434967,1.2160669565200806,0.0009732659091241658,0.9974437564324717,0.6692252532950294,175
moe_oeo_N16_k8_L4_lr0.002_s17,moe_oeo,16,8,0.5,17,13,1.3586259419991547,0.001810926824431198,1391.2375979423523,0.6210106611251831,0.6210106015205383,0.6066029071807861,1.185389518737793,0.0009576233569532633,0.9974747638576147,0.6775066886992912,168
moe_oeo_N16_k8_L4_lr0.002_s17,moe_oeo,16,8,0.5,17,14,1.3300419609534413,0.0017793745018424012,1498.367224931717,0.6143617033958435,0.6143617033958435,0.5950986742973328,1.1605868339538574,0.0009426707401871681,0.9974608213720122,0.6807322269414162,168
moe_oeo_N16_k8_L4_lr0.002_s17,moe_oeo,16,8,0.5,17,15,1.3121025331454461,0.0017457133772226204,1605.3242163658142,0.6289893388748169,0.6289893984794617,0.615442156791687,1.135913610458374,0.0009503383771516383,0.9974228404223207,0.6869441962418353,157
moe_oeo_N16_k8_L4_lr0.002_s17,moe_oeo,16,8,0.5,17,16,1.2856465414098408,0.001710035713374682,1713.5154674053192,0.647606372833252,0.647606372833252,0.633898913860321,1.1133562326431274,0.0009281894308514893,0.997390902664109,0.693154707093612,153
moe_oeo_N16_k8_L4_lr0.002_s17,moe_oeo,16,8,0.5,17,17,1.2671071154886184,0.0016724393002952695,1821.1185500621796,0.6555851101875305,0.6555850505828857,0.6421158909797668,1.093330979347229,0.0009305328130722046,0.9973510373160982,0.6954024451240212,154
moe_oeo_N16_k8_L4_lr0.002_s17,moe_oeo,16,8,0.5,17,18,1.2486052744294682,0.0016330271871393392,1929.6089012622833,0.646276593208313,0.646276593208313,0.6296171545982361,1.079012393951416,0.000924786610994488,0.9973167288567987,0.6992133258694502,146
moe_oeo_N16_k8_L4_lr0.002_s17,moe_oeo,16,8,0.5,17,19,1.2287147743925113,0.0015919073997695485,2036.6769137382507,0.6555851101875305,0.6555851101875305,0.6380454301834106,1.054589033126831,0.0009309700108133256,0.9972362607244057,0.7023517762129226,142
moe_oeo_N16_k8_L4_lr0.002_s17,moe_oeo,16,8,0.5,17,20,1.2145049166971962,0.001549192644664877,2143.493714094162,0.6755319237709045,0.6755319237709045,0.6634910106658936,1.0420442819595337,0.0009440885041840374,0.9971775040644345,0.7044139196705554,145
moe_oeo_N16_k8_L4_lr0.002_s17,moe_oeo,16,8,0.5,17,21,1.2015185265304291,0.0015049999999999998,2250.6307911872864,0.6742021441459656,0.6742021441459656,0.6595606803894043,1.027895212173462,0.0009227044065482914,0.997105375944824,0.7103267362982103,136
moe_oeo_N16_k8_L4_lr0.002_s17,moe_oeo,16,8,0.5,17,22,1.194925041724694,0.0014594505947421513,2357.654009103775,0.6755319237709045,0.6755319237709045,0.6617481112480164,1.0183848142623901,0.0009324964485131204,0.9970319320558698,0.713450990498092,135
moe_oeo_N16_k8_L4_lr0.002_s17,moe_oeo,16,8,0.5,17,23,1.1805515223306065,0.0014126692766450425,2464.8360755443573,0.6742021441459656,0.6742021441459656,0.6587209105491638,1.0058581829071045,0.0009283466497436166,0.9969749624024201,0.7161302458729509,133
moe_oeo_N16_k8_L4_lr0.002_s17,moe_oeo,16,8,0.5,17,24,1.1692090215306032,0.0013647842700498477,2571.894286632538,0.6875,0.6875,0.6779925227165222,1.0017977952957153,0.0009354997309856117,0.9969176139212247,0.7152358075534314,134
moe_oeo_N16_k8_L4_lr0.002_s17,moe_oeo,16,8,0.5,17,25,1.1605242745414988,0.001315926824431198,2679.1078205108643,0.6742021441459656,0.6742021441459656,0.660625159740448,0.988250195980072,0.0009310135501436889,0.9968267972737931,0.719093437674743,130
moe_oeo_N16_k8_L4_lr0.002_s17,moe_oeo,16,8,0.5,17,26,1.1540523707934711,0.0012662308546514955,2786.845082759857,0.6928191781044006,0.6928191781044006,0.6814533472061157,0.9755896329879761,0.0009309668675996363,0.9967871608208055,0.7180500135199688,130
moe_oeo_N16_k8_L4_lr0.002_s17,moe_oeo,16,8,0.5,17,27,1.1414795275182212,0.0012158325739095818,2893.8261828422546,0.6954787373542786,0.6954786777496338,0.687174916267395,0.9725748300552368,0.0009521265164949,0.9967597146078953,0.71844455059849,131
moe_oeo_N16_k8_L4_lr0.002_s17,moe_oeo,16,8,0.5,17,28,1.138973388463667,0.0011648701203898287,3001.2812361717224,0.7047872543334961,0.7047872543334961,0.6982048153877258,0.9616916179656982,0.000952464179135859,0.9966475992311213,0.7185509948019864,128
moe_oeo_N16_k8_L4_lr0.002_s17,moe_oeo,16,8,0.5,17,29,1.1317264806121996,0.001113483178634977,3107.911013841629,0.7047872543334961,0.7047872543334961,0.6957157254219055,0.9548352360725403,0.0009398210095241666,0.9966318245058173,0.7193804784067079,130
moe_oeo_N16_k8_L4_lr0.002_s17,moe_oeo,16,8,0.5,17,30,1.1256533913042175,0.0010618125966805143,3215.222118616104,0.7047872543334961,0.7047872543334961,0.6945550441741943,0.951259434223175,0.0009422948933206499,0.9965547314285512,0.7205072682049806,131
moe_oeo_N16_k8_L4_lr0.002_s17,moe_oeo,16,8,0.5,17,31,1.1140684849459286,0.0010100000000000003,3322.7585005760193,0.7021276354789734,0.7021276950836182,0.6942652463912964,0.9462899565696716,0.0009511437965556979,0.996535727157967,0.7217217197464385,129
moe_oeo_N16_k8_L4_lr0.002_s17,moe_oeo,16,8,0.5,17,32,1.114654133904334,0.0009581874033194859,3429.729781150818,0.7021276354789734,0.7021276354789734,0.69426029920578,0.9397359490394592,0.0009484227048233151,0.9964288738886345,0.7243227869644641,129
moe_oeo_N16_k8_L4_lr0.002_s17,moe_oeo,16,8,0.5,17,33,1.1065815607230414,0.0009065168213650232,3537.4977650642395,0.6981382966041565,0.6981382966041565,0.6880427598953247,0.9354819655418396,0.0009685803088359535,0.9964272846713219,0.7238080866018123,129
moe_oeo_N16_k8_L4_lr0.002_s17,moe_oeo,16,8,0.5,17,34,1.103200272184937,0.0008551298796101715,3644.5316603183746,0.7007978558540344,0.7007979154586792,0.6913408637046814,0.9327071905136108,0.0009553442941978574,0.9963926519403358,0.7243453755429802,128
moe_oeo_N16_k8_L4_lr0.002_s17,moe_oeo,16,8,0.5,17,35,1.0955304463976594,0.0008041674260904182,3751.466314315796,0.7140957713127136,0.7140957713127136,0.7077887654304504,0.9254233837127686,0.0009664121316745877,0.9963840000442543,0.7248023617145495,127
moe_oeo_N16_k8_L4_lr0.002_s17,moe_oeo,16,8,0.5,17,36,1.094977428924003,0.0007537691453485046,3858.7490196228027,0.707446813583374,0.707446813583374,0.6999975442886353,0.9221916794776917,0.0009664141689427197,0.9963384532664082,0.7253151348717614,127
moe_oeo_N16_k8_L4_lr0.002_s17,moe_oeo,16,8,0.5,17,37,1.093961731620031,0.0007040731755688022,3965.5761907100677,0.6981382966041565,0.6981382966041565,0.6902934312820435,0.920908510684967,0.0009837697725743055,0.9963049850651258,0.7246102030758254,127
moe_oeo_N16_k8_L4_lr0.002_s17,moe_oeo,16,8,0.5,17,38,1.085289790597,0.0006552157299501527,4072.1812732219696,0.708776593208313,0.708776593208313,0.702096700668335,0.917525589466095,0.0009877143893390894,0.9962718773838477,0.7254028988215392,125
moe_oeo_N16_k8_L4_lr0.002_s17,moe_oeo,16,8,0.5,17,39,1.0876269971943338,0.000607330723354958,4178.940189123154,0.707446813583374,0.707446813583374,0.6991336345672607,0.9127137660980225,0.0009912705281749368,0.9962337242125396,0.7251164074127842,123
moe_oeo_N16_k8_L4_lr0.002_s17,moe_oeo,16,8,0.5,17,40,1.081389659343789,0.0005605494052578487,4286.065410852432,0.7154255509376526,0.7154255509376526,0.7098252177238464,0.9104704856872559,0.0009926611091941595,0.9962299669253835,0.7268616339200119,122
moe_oeo_N16_k8_L4_lr0.002_s17,moe_oeo,16,8,0.5,17,41,1.0777441104321175,0.0005150000000000003,4393.337166070938,0.710106372833252,0.710106372833252,0.7035030126571655,0.9092300534248352,0.0009803895372897387,0.9961907546362503,0.727177226200406,123
moe_oeo_N16_k8_L4_lr0.002_s17,moe_oeo,16,8,0.5,17,42,1.0784675051632537,0.00047080735533512353,4500.050585031509,0.7061170339584351,0.7061170339584351,0.699703574180603,0.9065638780593872,0.0009838123805820942,0.9961787418426988,0.7280746028345292,122
moe_oeo_N16_k8_L4_lr0.002_s17,moe_oeo,16,8,0.5,17,43,1.070848277612636,0.0004280926002304517,4608.177119970322,0.707446813583374,0.707446813583374,0.7004687190055847,0.904673159122467,0.0009930654196068645,0.9961591262685087,0.7282494583368792,121
moe_oeo_N16_k8_L4_lr0.002_s17,moe_oeo,16,8,0.5,17,44,1.0703149604947055,0.0003869728128606611,4716.15517115593,0.7154255509376526,0.7154255509376526,0.7103140354156494,0.9028887748718262,0.0009993052808567882,0.996135077223287,0.7281086065129637,120
moe_oeo_N16_k8_L4_lr0.002_s17,moe_oeo,16,8,0.5,17,45,1.0706312668650118,0.0003475606997047307,4823.578799009323,0.7180851101875305,0.7180851101875305,0.7124283313751221,0.901856541633606,0.000994388828985393,0.9961166362767113,0.7277952415976393,123
moe_oeo_N16_k8_L4_lr0.002_s17,moe_oeo,16,8,0.5,17,46,1.0673569916113872,0.0003099642866253181,4930.4479467868805,0.708776593208313,0.708776593208313,0.7027131915092468,0.9028370976448059,0.000993712805211544,0.9961177210028374,0.7285152930467627,124
moe_oeo_N16_k8_L4_lr0.002_s17,moe_oeo,16,8,0.5,17,47,1.0675076432185902,0.0002742866227773799,5036.348095655441,0.7140957713127136,0.7140957713127136,0.7083319425582886,0.9003288149833679,0.0009962489129975438,0.9961068149180327,0.7285595934991232,124
moe_oeo_N16_k8_L4_lr0.002_s17,moe_oeo,16,8,0.5,17,48,1.0605022943489355,0.00024062549815759878,5143.667432785034,0.7127659320831299,0.7127659320831299,0.7061243057250977,0.8983446359634399,0.001000107149593532,0.996087079297912,0.7285614121542036,124
moe_oeo_N16_k8_L4_lr0.002_s17,moe_oeo,16,8,0.5,17,49,1.0609399158864805,0.0002090731755688021,5252.369263887405,0.7127659320831299,0.7127659320831299,0.7062023282051086,0.8984909653663635,0.0010045163799077272,0.996079693050167,0.7285844713218019,124
moe_oeo_N16_k8_L4_lr0.002_s17,moe_oeo,16,8,0.5,17,50,1.0639401841823641,0.00017971613773403027,5360.176657676697,0.708776593208313,0.708776593208313,0.7027373909950256,0.8976233005523682,0.0010065131355077028,0.9960750401232189,0.7285347165521536,124
moe_oeo_N16_k8_L4_lr0.002_s17,moe_oeo,16,8,0.5,17,51,1.0608943343740893,0.00015263485025340568,5467.362552642822,0.707446813583374,0.707446813583374,0.7006731629371643,0.8975244760513306,0.001005392405204475,0.9960653803034646,0.7281304620342888,125
moe_oeo_N16_k8_L4_lr0.002_s17,moe_oeo,16,8,0.5,17,52,1.0599571717520282,0.00012790354105351589,5576.62703037262,0.7114361524581909,0.7114361524581909,0.7051742672920227,0.8962295651435852,0.001006691250950098,0.996064078047659,0.728683974841349,124
moe_oeo_N16_k8_L4_lr0.002_s17,moe_oeo,16,8,0.5,17,53,1.0589877242673205,0.00010558999693382504,5684.122024536133,0.7140957713127136,0.7140957713127136,0.7081058621406555,0.8961203694343567,0.0010109603172168136,0.9960549331621648,0.7289902859036065,123
moe_oeo_N16_k8_L4_lr0.002_s17,moe_oeo,16,8,0.5,17,54,1.0607949132822692,8.575537776777028e-05,5791.490700960159,0.7127659320831299,0.7127659916877747,0.7071885466575623,0.8952184319496155,0.0010113688185811043,0.9960462526429836,0.7288065146894667,124
moe_oeo_N16_k8_L4_lr0.002_s17,moe_oeo,16,8,0.5,17,55,1.057671003690049,6.845404886779801e-05,5898.553416967392,0.708776593208313,0.708776593208313,0.7023994326591492,0.8946083784103394,0.0010088037233799696,0.9960426228212602,0.7289678476982296,123
moe_oeo_N16_k8_L4_lr0.002_s17,moe_oeo,16,8,0.5,17,56,1.061555579151601,5.373343197382237e-05,6005.443087339401,0.7114361524581909,0.7114361524581909,0.7051742672920227,0.8944762349128723,0.001009502331726253,0.9960409751183233,0.7289642117486598,124
moe_oeo_N16_k8_L4_lr0.002_s17,moe_oeo,16,8,0.5,17,57,1.0583597966661191,4.163387527353236e-05,6112.471694231033,0.7114361524581909,0.7114361524581909,0.7056222558021545,0.894966721534729,0.0010100966319441795,0.9960504575775442,0.7289642117486598,124
moe_oeo_N16_k8_L4_lr0.002_s17,moe_oeo,16,8,0.5,17,58,1.0584399675159422,3.218854281081372e-05,6219.878024339676,0.7114361524581909,0.7114361524581909,0.7056775689125061,0.8942787647247314,0.001012106309644878,0.996041340851443,0.7289642117486598,124
moe_oeo_N16_k8_L4_lr0.002_s17,moe_oeo,16,8,0.5,17,59,1.062621862767902,2.5423323585409333e-05,6327.065623760223,0.7114361524581909,0.7114361524581909,0.7056775689125061,0.8937103748321533,0.001010748092085123,0.9960357301983835,0.7286760883059695,124
moe_oeo_N16_k8_L4_lr0.002_s17,moe_oeo,16,8,0.5,17,60,1.0576309571935707,2.1356760592971906e-05,6434.05344581604,0.7114361524581909,0.7114361524581909,0.7056775689125061,0.8937705755233765,0.001009965781122446,0.9960353694178586,0.7289642117486598,124
moe_oeo_N16_k16_L4_lr0.002_s17,moe_oeo,16,16,1.0,17,1,2.4601346834065163,0.002,81.48831081390381,0.3776595890522003,0.37765955924987793,0.3230243921279907,1.9886651039123535,0.002987104933708906,0.9993722055838737,0.0,1
moe_oeo_N16_k16_L4_lr0.002_s17,moe_oeo,16,16,1.0,17,2,1.8806244953616298,0.001998643239407028,163.0185673236847,0.38696807622909546,0.38696807622909546,0.34359535574913025,1.663370966911316,0.0028791269287467003,0.9992232219603067,0.0,1
moe_oeo_N16_k16_L4_lr0.002_s17,moe_oeo,16,16,1.0,17,3,1.6833959330196522,0.0019945766764145906,242.98222041130066,0.41223403811454773,0.4122340679168701,0.3787640929222107,1.512488842010498,0.0028523814398795366,0.9990939211549995,0.0,1
moe_oeo_N16_k16_L4_lr0.002_s17,moe_oeo,16,16,1.0,17,4,1.5685456713925214,0.0019878114571891866,324.0655164718628,0.4614361822605133,0.4614362120628357,0.44041314721107483,1.4144444465637207,0.002790790284052491,0.9989003104847229,0.0,1
moe_oeo_N16_k16_L4_lr0.002_s17,moe_oeo,16,16,1.0,17,5,1.4992177427563493,0.0019783661247264675,404.82625102996826,0.4827127754688263,0.4827127456665039,0.46528732776641846,1.3437542915344238,0.002761221257969737,0.9986914578149151,0.0,1
moe_oeo_N16_k16_L4_lr0.002_s17,moe_oeo,16,16,1.0,17,6,1.4488975080197941,0.0019662665680261777,487.2096107006073,0.5186170339584351,0.5186170339584351,0.502190113067627,1.2885754108428955,0.0027368769515305758,0.9985188478907571,0.0,1
moe_oeo_N16_k16_L4_lr0.002_s17,moe_oeo,16,16,1.0,17,7,1.388964953207194,0.0019515459511322021,567.4954311847687,0.5372340679168701,0.5372340679168701,0.5194172263145447,1.2429171800613403,0.002692293841391802,0.99839299713141,0.0,1
moe_oeo_N16_k16_L4_lr0.002_s17,moe_oeo,16,16,1.0,17,8,1.349238136068803,0.0019342446222322296,650.3121008872986,0.5678191781044006,0.5678191781044006,0.5548102855682373,1.2010600566864014,0.0027075016405433416,0.9982593144162716,0.0,1
moe_oeo_N16_k16_L4_lr0.002_s17,moe_oeo,16,16,1.0,17,9,1.3087198144105607,0.0019144100030661748,732.9481143951416,0.582446813583374,0.582446813583374,0.5715411305427551,1.1703394651412964,0.002611116273328662,0.9981398921113788,0.0,1
moe_oeo_N16_k16_L4_lr0.002_s17,moe_oeo,16,16,1.0,17,10,1.2808864436125103,0.0018920964589464841,818.2403070926666,0.6170212626457214,0.6170212626457214,0.6090149283409119,1.1283586025238037,0.0026923646219074726,0.9979605711277508,0.0,1
moe_oeo_N16_k16_L4_lr0.002_s17,moe_oeo,16,16,1.0,17,11,1.248253457282232,0.0018673651497465944,900.123556137085,0.6210106611251831,0.6210106611251831,0.6115140914916992,1.1022922992706299,0.002769450657069683,0.9979809819127041,0.0,1
moe_oeo_N16_k16_L4_lr0.002_s17,moe_oeo,16,16,1.0,17,12,1.2261657329556876,0.0018402838622659698,984.2335832118988,0.6170212626457214,0.6170212626457214,0.6079780459403992,1.081713080406189,0.0027662059292197227,0.9979634711471108,0.0,1
moe_oeo_N16_k16_L4_lr0.002_s17,moe_oeo,16,16,1.0,17,13,1.1997640072942188,0.001810926824431198,1064.8764867782593,0.6515957713127136,0.6515957117080688,0.6451488733291626,1.0546507835388184,0.002752338070422411,0.9977464655615468,0.0,1
moe_oeo_N16_k16_L4_lr0.002_s17,moe_oeo,16,16,1.0,17,14,1.1711069071350713,0.0017793745018424012,1141.8789691925049,0.6436170339584351,0.6436170339584351,0.6322616338729858,1.0387085676193237,0.002778288209810853,0.9977790242146507,0.0,1
moe_oeo_N16_k16_L4_lr0.002_s17,moe_oeo,16,16,1.0,17,15,1.1557720720121578,0.0017457133772226204,1227.3383584022522,0.6622340679168701,0.6622340679168701,0.6554332971572876,1.0193729400634766,0.0027706134133040905,0.9977213555781668,0.0,1
moe_oeo_N16_k16_L4_lr0.002_s17,moe_oeo,16,16,1.0,17,16,1.1374834507074394,0.001710035713374682,1307.9915351867676,0.6702127456665039,0.6702128052711487,0.6623542308807373,0.9969263672828674,0.002891031326726079,0.9976713138651362,0.0,1
moe_oeo_N16_k16_L4_lr0.002_s17,moe_oeo,16,16,1.0,17,17,1.115711403245183,0.0016724393002952695,1384.9814109802246,0.6821808218955994,0.6821808218955994,0.6754875779151917,0.9808734059333801,0.0028729026671499014,0.9975732820118036,0.0,1
moe_oeo_N16_k16_L4_lr0.002_s17,moe_oeo,16,16,1.0,17,18,1.106743910838956,0.0016330271871393392,1467.3383927345276,0.6808510422706604,0.6808511018753052,0.6723835468292236,0.9682196974754333,0.0030428541358560324,0.9975533745476285,0.0,1
moe_oeo_N16_k16_L4_lr0.002_s17,moe_oeo,16,16,1.0,17,19,1.0806840143876668,0.0015919073997695485,1543.1534023284912,0.6928191781044006,0.6928191781044006,0.6855809092521667,0.9542224407196045,0.0030629304237663746,0.9975264743309717,0.0,1
moe_oeo_N16_k16_L4_lr0.002_s17,moe_oeo,16,16,1.0,17,20,1.0677175612516328,0.001549192644664877,1620.4213235378265,0.6994680762290955,0.6994680762290955,0.695057213306427,0.9479652047157288,0.003172087948769331,0.9974104299530043,0.0,1
moe_oeo_N16_k16_L4_lr0.002_s17,moe_oeo,16,16,1.0,17,21,1.0553732691545328,0.0015049999999999998,1698.1658415794373,0.7021276354789734,0.7021276950836182,0.6958245038986206,0.9349126219749451,0.00326875364407897,0.9973405339079348,0.0,1
moe_oeo_N16_k16_L4_lr0.002_s17,moe_oeo,16,16,1.0,17,22,1.046008675763188,0.0014594505947421513,1778.5154087543488,0.708776593208313,0.708776593208313,0.7033782005310059,0.9226303100585938,0.003285515820607543,0.9973662464896174,0.0,1
moe_oeo_N16_k16_L4_lr0.002_s17,moe_oeo,16,16,1.0,17,23,1.0355050382310669,0.0014126692766450425,1856.4513211250305,0.7007978558540344,0.7007978558540344,0.693589985370636,0.9150350689888,0.0033802571706473827,0.9973203322743267,0.0,1
moe_oeo_N16_k16_L4_lr0.002_s17,moe_oeo,16,16,1.0,17,24,1.0191279693706532,0.0013647842700498477,1940.578833580017,0.7034574747085571,0.7034574747085571,0.6982861757278442,0.9040212631225586,0.003395179519429803,0.997319134292221,0.0,1
moe_oeo_N16_k16_L4_lr0.002_s17,moe_oeo,16,16,1.0,17,25,1.0107485527368305,0.001315926824431198,2030.5769083499908,0.7061170339584351,0.7061170339584351,0.7008609771728516,0.8961268067359924,0.003439071122556925,0.997298996751202,0.0,1
moe_oeo_N16_k16_L4_lr0.002_s17,moe_oeo,16,16,1.0,17,26,1.0009520013293582,0.0012662308546514955,2111.736935377121,0.710106372833252,0.710106372833252,0.7060603499412537,0.8837109804153442,0.003486800938844681,0.9971959983726415,0.0,1
moe_oeo_N16_k16_L4_lr0.002_s17,moe_oeo,16,16,1.0,17,27,0.9875383471228081,0.0012158325739095818,2192.4754550457,0.710106372833252,0.710106372833252,0.7065014243125916,0.880453884601593,0.003594049485400319,0.997295375063148,0.0,1
moe_oeo_N16_k16_L4_lr0.002_s17,moe_oeo,16,16,1.0,17,28,0.9846984240987665,0.0011648701203898287,2267.850823879242,0.7220744490623474,0.7220745086669922,0.7190324664115906,0.8767741918563843,0.003617816139012575,0.9972113762343826,0.0,1
moe_oeo_N16_k16_L4_lr0.002_s17,moe_oeo,16,16,1.0,17,29,0.974951578874022,0.001113483178634977,2345.1873984336853,0.7260638475418091,0.7260638475418091,0.7227395176887512,0.8725205659866333,0.0037771465722471476,0.9972102723114477,0.0,1
moe_oeo_N16_k16_L4_lr0.002_s17,moe_oeo,16,16,1.0,17,30,0.9692103244602408,0.0010618125966805143,2426.429892063141,0.7220744490623474,0.7220744490623474,0.7177539467811584,0.8666372299194336,0.003751328680664301,0.9972062588439602,0.0,1
moe_oeo_N16_k16_L4_lr0.002_s17,moe_oeo,16,16,1.0,17,31,0.9606594522930172,0.0010100000000000003,2506.6847162246704,0.7220744490623474,0.7220745086669922,0.7192555069923401,0.8622671961784363,0.003766111796721816,0.997174943016793,0.0,1
moe_oeo_N16_k16_L4_lr0.002_s17,moe_oeo,16,16,1.0,17,32,0.9547350194951579,0.0009581874033194859,2586.5356180667877,0.7207446694374084,0.7207447290420532,0.7181869745254517,0.8550878167152405,0.003782276762649417,0.9971434673318031,0.0,1
moe_oeo_N16_k16_L4_lr0.002_s17,moe_oeo,16,16,1.0,17,33,0.956680043034902,0.0009065168213650232,2665.088098049164,0.7247340679168701,0.7247340083122253,0.7219364643096924,0.847536563873291,0.003846961073577404,0.9971129700091351,0.0,1
moe_oeo_N16_k16_L4_lr0.002_s17,moe_oeo,16,16,1.0,17,34,0.941756960557408,0.0008551298796101715,2741.034915447235,0.7260638475418091,0.7260638475418091,0.7235795855522156,0.847023069858551,0.003945996984839439,0.9971746545725382,0.0,1
moe_oeo_N16_k16_L4_lr0.002_s17,moe_oeo,16,16,1.0,17,35,0.9389961463522557,0.0008041674260904182,2815.967794418335,0.7340425252914429,0.7340425848960876,0.7317248582839966,0.8409450650215149,0.003921101801097393,0.9970944411375109,0.0,1
moe_oeo_N16_k16_L4_lr0.002_s17,moe_oeo,16,16,1.0,17,36,0.9317324702972418,0.0007537691453485046,2892.2572932243347,0.727393627166748,0.727393627166748,0.724787712097168,0.8384859561920166,0.0040013594552874565,0.9970999519237608,0.0,1
moe_oeo_N16_k16_L4_lr0.002_s17,moe_oeo,16,16,1.0,17,37,0.9282381657817184,0.0007040731755688022,2967.475378036499,0.730053186416626,0.730053186416626,0.7277613282203674,0.8343870639801025,0.004027760587632656,0.9970627867150786,0.0,1
moe_oeo_N16_k16_L4_lr0.002_s17,moe_oeo,16,16,1.0,17,38,0.9246317096496826,0.0006552157299501527,3046.7505433559418,0.7367021441459656,0.7367021441459656,0.7348466515541077,0.8325091600418091,0.004020093008875847,0.9970610571214266,0.0,1
moe_oeo_N16_k16_L4_lr0.002_s17,moe_oeo,16,16,1.0,17,39,0.9188532591733622,0.000607330723354958,3121.6143028736115,0.7367021441459656,0.7367021441459656,0.7344446778297424,0.8306318521499634,0.003994533326476812,0.9970582643583619,0.0,1
moe_oeo_N16_k16_L4_lr0.002_s17,moe_oeo,16,16,1.0,17,40,0.9166776658074088,0.0005605494052578487,3198.3116493225098,0.7367021441459656,0.7367021441459656,0.7348471879959106,0.8295519351959229,0.004029316361993551,0.9970550331928388,0.0,1
moe_oeo_N16_k16_L4_lr0.002_s17,moe_oeo,16,16,1.0,17,41,0.9111220101787619,0.0005150000000000003,3276.1134593486786,0.7367021441459656,0.7367021441459656,0.7348436117172241,0.8274511098861694,0.004069013986736536,0.9970375337098322,0.0,1
moe_oeo_N16_k16_L4_lr0.002_s17,moe_oeo,16,16,1.0,17,42,0.9061046716455183,0.00047080735533512353,3355.3078751564026,0.7380319237709045,0.7380319237709045,0.7362574934959412,0.8246833682060242,0.0040841964073479176,0.9970196222989215,0.0,1
moe_oeo_N16_k16_L4_lr0.002_s17,moe_oeo,16,16,1.0,17,43,0.9063081849009207,0.0004280926002304517,3434.277858734131,0.7313829660415649,0.7313829660415649,0.729469895362854,0.823185384273529,0.004134576767683029,0.9970192636182917,0.0,1
moe_oeo_N16_k16_L4_lr0.002_s17,moe_oeo,16,16,1.0,17,44,0.9086215150580831,0.0003869728128606611,3509.885190010071,0.7380319237709045,0.7380319237709045,0.7362031936645508,0.8203091621398926,0.004171084612607956,0.9970077099065766,0.0,1
moe_oeo_N16_k16_L4_lr0.002_s17,moe_oeo,16,16,1.0,17,45,0.9009691800105654,0.0003475606997047307,3587.058933496475,0.7406914830207825,0.7406914830207825,0.7387537956237793,0.8196184635162354,0.0042016878724098206,0.9970299590484034,0.0,1
moe_oeo_N16_k16_L4_lr0.002_s17,moe_oeo,16,16,1.0,17,46,0.8970830999995203,0.0003099642866253181,3664.821217775345,0.7420212626457214,0.7420212626457214,0.7401442527770996,0.8175174593925476,0.00422404520213604,0.997013977412297,0.0,1
moe_oeo_N16_k16_L4_lr0.002_s17,moe_oeo,16,16,1.0,17,47,0.8968394351400197,0.0002742866227773799,3737.209622144699,0.7393617033958435,0.7393617033958435,0.7373197078704834,0.8174065947532654,0.004184201825410128,0.9969898927209684,0.0,1
moe_oeo_N16_k16_L4_lr0.002_s17,moe_oeo,16,16,1.0,17,48,0.9011978252395375,0.00024062549815759878,3811.058014392853,0.7446808218955994,0.7446808815002441,0.7426561117172241,0.8150742650032043,0.004227011930197477,0.9969583334040342,0.0,1
moe_oeo_N16_k16_L4_lr0.002_s17,moe_oeo,16,16,1.0,17,49,0.8925999036764718,0.0002090731755688021,3888.73628115654,0.7393617033958435,0.7393617033958435,0.737521767616272,0.8152392506599426,0.004248351324349642,0.9969714858070438,0.0,1
moe_oeo_N16_k16_L4_lr0.002_s17,moe_oeo,16,16,1.0,17,50,0.89485706264774,0.00017971613773403027,3970.6207661628723,0.7460106611251831,0.7460106611251831,0.7441612482070923,0.8132084608078003,0.004204765893518925,0.9969514638790831,0.0,1
moe_oeo_N16_k16_L4_lr0.002_s17,moe_oeo,16,16,1.0,17,51,0.8903123026450067,0.00015263485025340568,4050.9775052070618,0.7340425252914429,0.7340425252914429,0.7321986556053162,0.8141880631446838,0.004227872937917709,0.996965747421576,0.0,1
moe_oeo_N16_k16_L4_lr0.002_s17,moe_oeo,16,16,1.0,17,52,0.8933708344896635,0.00012790354105351589,4128.674446344376,0.7420212626457214,0.7420212626457214,0.7401443123817444,0.8122039437294006,0.004246864467859268,0.9969565059361445,0.0,1
moe_oeo_N16_k16_L4_lr0.002_s17,moe_oeo,16,16,1.0,17,53,0.8890382664865011,0.00010558999693382504,4205.9018177986145,0.7446808218955994,0.7446808218955994,0.7427451014518738,0.8122037649154663,0.00424599414691329,0.9969576164842656,0.0,1
moe_oeo_N16_k16_L4_lr0.002_s17,moe_oeo,16,16,1.0,17,54,0.8890839275993305,8.575537776777028e-05,4283.724817037582,0.7420212626457214,0.7420212626457214,0.7401443123817444,0.8116209506988525,0.004277341533452272,0.9969658300495752,0.0,1
moe_oeo_N16_k16_L4_lr0.002_s17,moe_oeo,16,16,1.0,17,55,0.8904372858878684,6.845404886779801e-05,4354.17302107811,0.7406914830207825,0.7406914830207825,0.7386938333511353,0.8112325668334961,0.004265569616109133,0.9969603600527032,0.0,1
moe_oeo_N16_k16_L4_lr0.002_s17,moe_oeo,16,16,1.0,17,56,0.8896206430495466,5.373343197382237e-05,4435.768315076828,0.7460106611251831,0.7460106611251831,0.7439897656440735,0.8109774589538574,0.0042686788365244865,0.9969602285085333,0.0,1
moe_oeo_N16_k16_L4_lr0.002_s17,moe_oeo,16,16,1.0,17,57,0.8839985505171698,4.163387527353236e-05,4511.368102550507,0.7433510422706604,0.7433511018753052,0.7413889169692993,0.8108335733413696,0.004261828027665615,0.9969576365991136,0.0,1
moe_oeo_N16_k16_L4_lr0.002_s17,moe_oeo,16,16,1.0,17,58,0.885998980231481,3.218854281081372e-05,4590.054931640625,0.7433510422706604,0.7433511018753052,0.7413889169692993,0.8106924295425415,0.004263660870492458,0.9969563319921714,0.0,1
moe_oeo_N16_k16_L4_lr0.002_s17,moe_oeo,16,16,1.0,17,59,0.8858953683326641,2.5423323585409333e-05,4668.388645172119,0.7446808218955994,0.7446808815002441,0.7426444888114929,0.8103172779083252,0.004270334728062153,0.9969558720489136,0.0,1
moe_oeo_N16_k16_L4_lr0.002_s17,moe_oeo,16,16,1.0,17,60,0.8895828131007958,2.1356760592971906e-05,4749.648926496506,0.7446808218955994,0.7446808815002441,0.7426444888114929,0.8102865219116211,0.0042702816426754,0.9969579765329972,0.0,1
moe_oeo_N25_k1_L4_lr0.002_s17,moe_oeo,25,1,0.04,17,1,2.3919756817014792,0.002,117.11861062049866,0.15159574151039124,0.15159575641155243,0.07680929452180862,5.530391693115234,0.0011120678391307592,0.9994037698408315,3.7113325763471487,25
moe_oeo_N25_k1_L4_lr0.002_s17,moe_oeo,25,1,0.04,17,2,1.9390491893404422,0.001998643239407028,234.4564914703369,0.1356382966041565,0.1356382966041565,0.04820885509252548,5.777714252471924,0.0002833436010405421,0.9986354191732364,4.460598000954054,17
moe_oeo_N25_k1_L4_lr0.002_s17,moe_oeo,25,1,0.04,17,3,1.7420282206204656,0.0019945766764145906,353.98070216178894,0.13031914830207825,0.13031914830207825,0.039069175720214844,5.798073768615723,0.0004869166878052056,0.997916266228597,4.595448389671677,15
moe_oeo_N25_k1_L4_lr0.002_s17,moe_oeo,25,1,0.04,17,4,1.6285927792730397,0.0019878114571891866,472.9648141860962,0.12898936867713928,0.12898936867713928,0.03676830232143402,5.686145782470703,0.0005935602821409702,0.9977039970100375,4.615816963598063,14
moe_oeo_N25_k1_L4_lr0.002_s17,moe_oeo,25,1,0.04,17,5,1.5274117876983941,0.0019783661247264675,593.1079833507538,0.13297872245311737,0.13297873735427856,0.04468676820397377,5.462482452392578,0.000640462152659893,0.9975552729658687,4.5956504058534815,14
moe_oeo_N25_k1_L4_lr0.002_s17,moe_oeo,25,1,0.04,17,6,2.325494342947115,0.0019662665680261777,711.2730462551117,0.3683510720729828,0.3683510720729828,0.29952096939086914,1.7078514099121094,0.0003245882980991155,0.9977608424802829,4.562312999768712,15
moe_oeo_N25_k1_L4_lr0.002_s17,moe_oeo,25,1,0.04,17,7,1.7616890223875439,0.0019515459511322021,829.1661076545715,0.43218085169792175,0.43218085169792175,0.3799433410167694,1.3994061946868896,0.00016058019537013024,0.9978240069450226,4.555525003384808,15
moe_oeo_N25_k1_L4_lr0.002_s17,moe_oeo,25,1,0.04,17,8,1.5959190865425759,0.0019342446222322296,945.7824966907501,0.4853723347187042,0.4853723347187042,0.4223742187023163,1.2671971321105957,0.00012624017836060375,0.9978907496322817,4.555525003384808,15
moe_oeo_N25_k1_L4_lr0.002_s17,moe_oeo,25,1,0.04,17,9,1.526057425937424,0.0019144100030661748,1062.7773118019104,0.541223406791687,0.541223406791687,0.5037028789520264,1.2136310338974,0.00011218926374567673,0.9979634183112195,4.535412042082512,15
moe_oeo_N25_k1_L4_lr0.002_s17,moe_oeo,25,1,0.04,17,10,1.4690566068710802,0.0018920964589464841,1180.8715903759003,0.582446813583374,0.582446813583374,0.5583111047744751,1.1543500423431396,0.00010412777191959321,0.9980392950381248,4.5218429010192995,15
moe_oeo_N25_k1_L4_lr0.002_s17,moe_oeo,25,1,0.04,17,11,1.4350608007208396,0.0018673651497465944,1299.3801367282867,0.6223404407501221,0.6223404407501221,0.5993459224700928,1.119759202003479,9.704148396849632e-05,0.9981199269248456,4.501520504506505,15
moe_oeo_N25_k1_L4_lr0.002_s17,moe_oeo,25,1,0.04,17,12,1.41892806409973,0.0018402838622659698,1416.6137385368347,0.6276595592498779,0.6276595592498779,0.6004683971405029,1.1035752296447754,8.824724500300363e-05,0.998200844406088,4.488203502591416,15
moe_oeo_N25_k1_L4_lr0.002_s17,moe_oeo,25,1,0.04,17,13,1.377432320896349,0.001810926824431198,1532.158664226532,0.5984042286872864,0.5984042286872864,0.5797631144523621,1.0970652103424072,8.405843982473016e-05,0.9982814880553228,4.4613214369639485,15
moe_oeo_N25_k1_L4_lr0.002_s17,moe_oeo,25,1,0.04,17,14,1.3624147442786116,0.0017793745018424012,1649.7034673690796,0.6210106611251831,0.6210106015205383,0.6003638505935669,1.0644437074661255,8.189821528503671e-05,0.9983608187268156,4.4414786110152145,15
moe_oeo_N25_k1_L4_lr0.002_s17,moe_oeo,25,1,0.04,17,15,1.3429106220807114,0.0017457133772226204,1768.0371623039246,0.6090425252914429,0.6090425252914429,0.589249849319458,1.062001347541809,8.269706449937075e-05,0.9984419871111784,4.388095580518232,16
moe_oeo_N25_k1_L4_lr0.002_s17,moe_oeo,25,1,0.04,17,16,1.3360647381236563,0.001710035713374682,1887.8013501167297,0.6343085169792175,0.6343085169792175,0.6194391846656799,1.0468026399612427,8.352709846803918e-05,0.9985208656177681,4.348413636356286,16
moe_oeo_N25_k1_L4_lr0.002_s17,moe_oeo,25,1,0.04,17,17,1.3225567250695403,0.0016724393002952695,2004.6669940948486,0.6316489577293396,0.6316488981246948,0.6151631474494934,1.0308794975280762,8.657542639411986e-05,0.9985995808235102,4.3084277363086825,17
moe_oeo_N25_k1_L4_lr0.002_s17,moe_oeo,25,1,0.04,17,18,1.3043316264198794,0.0016330271871393392,2123.0674381256104,0.6316489577293396,0.6316488981246948,0.6105018258094788,1.0412921905517578,8.479011739837006e-05,0.9986768010151522,4.241082377775419,18
moe_oeo_N25_k1_L4_lr0.002_s17,moe_oeo,25,1,0.04,17,19,1.3007593145721579,0.0015919073997695485,2241.91251039505,0.6529255509376526,0.6529256105422974,0.6399832367897034,1.0300147533416748,9.23501283978112e-05,0.9987503132881728,4.173953221976972,19
moe_oeo_N25_k1_L4_lr0.002_s17,moe_oeo,25,1,0.04,17,20,1.2935898997672073,0.001549192644664877,2358.386435508728,0.6396276354789734,0.6396276354789734,0.6245505809783936,1.029077172279358,8.636098937131464e-05,0.9988194560929288,4.133156683933686,19
moe_oeo_N25_k1_L4_lr0.002_s17,moe_oeo,25,1,0.04,17,21,1.2835148706623953,0.0015049999999999998,2474.302834033966,0.6515957713127136,0.6515957117080688,0.6396458745002747,1.0190129280090332,8.844197873258963e-05,0.9988877019992304,4.066170157351343,19
moe_oeo_N25_k1_L4_lr0.002_s17,moe_oeo,25,1,0.04,17,22,1.2779353956721689,0.0014594505947421513,2591.310722351074,0.6369680762290955,0.6369681358337402,0.6221157312393188,1.0118476152420044,8.848347351886332e-05,0.9989518915476275,4.033180475294413,19
moe_oeo_N25_k1_L4_lr0.002_s17,moe_oeo,25,1,0.04,17,23,1.2821520872448133,0.0014126692766450425,2708.2304017543793,0.646276593208313,0.646276593208313,0.6341647505760193,1.0045509338378906,9.30192181840539e-05,0.9990140967237248,3.96009789326181,19
moe_oeo_N25_k1_L4_lr0.002_s17,moe_oeo,25,1,0.04,17,24,1.2745378285850564,0.0013647842700498477,2827.8534054756165,0.6316489577293396,0.6316488981246948,0.6155401468276978,1.0321813821792603,9.327266889158636e-05,0.9990768380324302,3.8606785436451685,20
moe_oeo_N25_k1_L4_lr0.002_s17,moe_oeo,25,1,0.04,17,25,1.2848611383201325,0.001315926824431198,2944.1220157146454,0.6276595592498779,0.6276596188545227,0.6209161877632141,1.0278748273849487,9.986347140511498e-05,0.9991366812501574,3.7483836412441076,21
moe_oeo_N25_k1_L4_lr0.002_s17,moe_oeo,25,1,0.04,17,26,1.2836624472720983,0.0012662308546514955,3061.142679452896,0.6329787373542786,0.6329787373542786,0.6225156784057617,1.018915057182312,9.821450657909736e-05,0.9991908295449122,3.690176606720876,21
moe_oeo_N25_k1_L4_lr0.002_s17,moe_oeo,25,1,0.04,17,27,1.2823312144777546,0.0012158325739095818,3176.956845521927,0.6143617033958435,0.6143617033958435,0.6025434136390686,1.0285273790359497,9.844148735282943e-05,0.9992461661082946,3.532280391413618,21
moe_oeo_N25_k1_L4_lr0.002_s17,moe_oeo,25,1,0.04,17,28,1.2737336737108014,0.0011648701203898287,3291.7682893276215,0.6343085169792175,0.6343085169792175,0.6255323886871338,1.0213775634765625,9.975398279493675e-05,0.999288846699936,3.4862740727144086,21
moe_oeo_N25_k1_L4_lr0.002_s17,moe_oeo,25,1,0.04,17,29,1.2787372218997783,0.001113483178634977,3411.4509160518646,0.647606372833252,0.647606372833252,0.6392842531204224,1.0315375328063965,9.669712017057464e-05,0.9993307776045716,3.3548599927454745,21
moe_oeo_N25_k1_L4_lr0.002_s17,moe_oeo,25,1,0.04,17,30,1.2968172011003918,0.0010618125966805143,3529.8952400684357,0.6382978558540344,0.6382979154586792,0.6252330541610718,1.0377557277679443,0.0003018754650838673,0.9993738754260822,3.2121439910562257,23
moe_oeo_N25_k1_L4_lr0.002_s17,moe_oeo,25,1,0.04,17,31,1.3073878766262912,0.0010100000000000003,3647.244349718094,0.625,0.625,0.6191235780715942,1.0980068445205688,0.0003013480163644999,0.9994137473655361,2.6798416954635274,23
moe_oeo_N25_k1_L4_lr0.002_s17,moe_oeo,25,1,0.04,17,32,1.3568920618322886,0.0009581874033194859,3764.288489341736,0.626329779624939,0.626329779624939,0.6164165735244751,1.0919020175933838,0.00031016740831546485,0.9994519388887795,2.2852408259463286,23
moe_oeo_N25_k1_L4_lr0.002_s17,moe_oeo,25,1,0.04,17,33,1.348756162985547,0.0009065168213650232,3881.266110897064,0.6090425252914429,0.6090425252914429,0.5979170799255371,1.0853259563446045,0.00031639827648177743,0.9994868074433839,2.110174182341316,23
moe_oeo_N25_k1_L4_lr0.002_s17,moe_oeo,25,1,0.04,17,34,1.3569006083966935,0.0008551298796101715,4001.2868914604187,0.6077127456665039,0.6077127456665039,0.59466153383255,1.0865797996520996,0.0003130797704216093,0.9995192416387624,2.024727571601407,24
moe_oeo_N25_k1_L4_lr0.002_s17,moe_oeo,25,1,0.04,17,35,1.360718984190868,0.0008041674260904182,4119.664271354675,0.6170212626457214,0.6170213222503662,0.6113895177841187,1.0919761657714844,0.00030526009504683316,0.9995485570133436,1.9297480699313447,25
moe_oeo_N25_k1_L4_lr0.002_s17,moe_oeo,25,1,0.04,17,36,1.3627701040578488,0.0007537691453485046,4238.472523450851,0.6117021441459656,0.6117021441459656,0.6017477512359619,1.08808434009552,0.00029876569169573486,0.999573907084682,1.9033366971583727,25
moe_oeo_N25_k1_L4_lr0.002_s17,moe_oeo,25,1,0.04,17,37,1.3581653742553437,0.0007040731755688022,4358.961443424225,0.6170212626457214,0.6170213222503662,0.6078118681907654,1.0883671045303345,0.00029426306718960404,0.9995995869354242,1.8420294079949981,25
moe_oeo_N25_k1_L4_lr0.002_s17,moe_oeo,25,1,0.04,17,38,1.3615556673134026,0.0006552157299501527,4476.865021944046,0.6130319237709045,0.6130319237709045,0.6083878874778748,1.0886898040771484,0.00029196811374276876,0.9996196976731947,1.7825082176931206,25
moe_oeo_N25_k1_L4_lr0.002_s17,moe_oeo,25,1,0.04,17,39,1.3712082419833636,0.000607330723354958,4593.696060657501,0.602393627166748,0.602393627166748,0.5948358178138733,1.1005409955978394,0.0002871471515391022,0.9996366063502675,1.654688171167544,25
moe_oeo_N25_k1_L4_lr0.002_s17,moe_oeo,25,1,0.04,17,40,1.3776501095832483,0.0005605494052578487,4709.616876840591,0.6090425252914429,0.6090425252914429,0.6063400506973267,1.1117230653762817,0.00028227956499904394,0.9996563173818801,1.5495850720051254,25
moe_oeo_N25_k1_L4_lr0.002_s17,moe_oeo,25,1,0.04,17,41,1.3932658849479673,0.0005150000000000003,4826.841944932938,0.5930851101875305,0.5930851101875305,0.5856451988220215,1.1225049495697021,0.00027854079962708056,0.9996711186729432,1.5186647931849668,25
moe_oeo_N25_k1_L4_lr0.002_s17,moe_oeo,25,1,0.04,17,42,1.4008717869480722,0.00047080735533512353,4945.509702205658,0.5930851101875305,0.5930851101875305,0.5915272235870361,1.1290221214294434,0.00027722728555090725,0.9996846046042266,1.4650888064108656,25
moe_oeo_N25_k1_L4_lr0.002_s17,moe_oeo,25,1,0.04,17,43,1.4338432896082804,0.0004280926002304517,5062.713396549225,0.5890957713127136,0.5890957713127136,0.584343433380127,1.1507624387741089,0.000278784689726308,0.9997016027673004,1.3707752338562074,25
moe_oeo_N25_k1_L4_lr0.002_s17,moe_oeo,25,1,0.04,17,44,1.4151515936368404,0.0003869728128606611,5181.424718379974,0.585106372833252,0.585106372833252,0.5806047916412354,1.161042332649231,0.0002795624022837728,0.9997124247472876,1.3435432147780895,25
moe_oeo_N25_k1_L4_lr0.002_s17,moe_oeo,25,1,0.04,17,45,1.4300758239885443,0.0003475606997047307,5298.129131555557,0.5890957713127136,0.5890957117080688,0.5861801505088806,1.149610996246338,0.00027475194656290114,0.9997233925397029,1.310799269811466,25
moe_oeo_N25_k1_L4_lr0.002_s17,moe_oeo,25,1,0.04,17,46,1.4469910266056454,0.0003099642866253181,5414.537201166153,0.5917553305625916,0.5917553305625916,0.589118242263794,1.1451704502105713,0.00026811781572178006,0.999734108601163,1.3123834642502903,25
moe_oeo_N25_k1_L4_lr0.002_s17,moe_oeo,25,1,0.04,17,47,1.4448656594576357,0.0002742866227773799,5532.2339951992035,0.5877659320831299,0.5877659916877747,0.58512282371521,1.1640398502349854,0.00026215522666461766,0.9997415042619937,1.3266892092178526,25
moe_oeo_N25_k1_L4_lr0.002_s17,moe_oeo,25,1,0.04,17,48,1.4818053290452042,0.00024062549815759878,5652.801534175873,0.585106372833252,0.585106372833252,0.581587553024292,1.1770775318145752,0.0002611046365927905,0.999750057407503,1.2687424687668571,25
moe_oeo_N25_k1_L4_lr0.002_s17,moe_oeo,25,1,0.04,17,49,1.4657436869017881,0.0002090731755688021,5770.311559915543,0.582446813583374,0.582446813583374,0.5814316272735596,1.1764585971832275,0.00025891794939525425,0.9997569659807467,1.2514110449058766,25
moe_oeo_N25_k1_L4_lr0.002_s17,moe_oeo,25,1,0.04,17,50,1.4642408227199288,0.00017971613773403027,5887.577944517136,0.5678191781044006,0.5678191184997559,0.5657265186309814,1.1725314855575562,0.00025759750860743225,0.9997624792742505,1.2629450846217185,25
moe_oeo_N25_k1_L4_lr0.002_s17,moe_oeo,25,1,0.04,17,51,1.4659718933374914,0.00015263485025340568,6005.673899412155,0.5558510422706604,0.5558510422706604,0.5522388219833374,1.1829192638397217,0.0002561561414040625,0.9997678237237914,1.2403757458221694,25
moe_oeo_N25_k1_L4_lr0.002_s17,moe_oeo,25,1,0.04,17,52,1.49080978332249,0.00012790354105351589,6122.587849617004,0.5691489577293396,0.5691489577293396,0.5645011067390442,1.1858922243118286,0.0002567447372712195,0.9997720137466508,1.1786416758215823,25
moe_oeo_N25_k1_L4_lr0.002_s17,moe_oeo,25,1,0.04,17,53,1.4959405234687404,0.00010558999693382504,6239.759914159775,0.5744680762290955,0.5744680762290955,0.5679049491882324,1.1815627813339233,0.00025590413133613765,0.9997759088314019,1.164453309739744,25
moe_oeo_N25_k1_L4_lr0.002_s17,moe_oeo,25,1,0.04,17,54,1.4846435548678107,8.575537776777028e-05,6358.167501211166,0.5664893388748169,0.5664893388748169,0.5626806020736694,1.196901798248291,0.0002528057084418833,0.9997784792576703,1.1740567911804154,25
moe_oeo_N25_k1_L4_lr0.002_s17,moe_oeo,25,1,0.04,17,55,1.4650837259035405,6.845404886779801e-05,6474.685765028,0.5691489577293396,0.5691488981246948,0.5651153326034546,1.1986016035079956,0.00025199062656611204,0.9997816521807871,1.162135158796491,25
moe_oeo_N25_k1_L4_lr0.002_s17,moe_oeo,25,1,0.04,17,56,1.4780233837153813,5.373343197382237e-05,6592.479740619659,0.5651595592498779,0.5651595592498779,0.5603796243667603,1.2033145427703857,0.0002516628010198474,0.9997840337940105,1.1381502785913882,25
moe_oeo_N25_k1_L4_lr0.002_s17,moe_oeo,25,1,0.04,17,57,1.4901611119951015,4.163387527353236e-05,6709.623467922211,0.5678191781044006,0.5678191184997559,0.5632727146148682,1.20200514793396,0.00025114326854236424,0.9997852888906275,1.132504149987887,25
moe_oeo_N25_k1_L4_lr0.002_s17,moe_oeo,25,1,0.04,17,58,1.4972087286718905,3.218854281081372e-05,6826.192634105682,0.5598404407501221,0.5598404407501221,0.555162787437439,1.207687497138977,0.0002524566953070462,0.9997869281321853,1.1055211583134215,25
moe_oeo_N25_k1_L4_lr0.002_s17,moe_oeo,25,1,0.04,17,59,1.4970720615323003,2.5423323585409333e-05,6942.547725200653,0.5651595592498779,0.5651595592498779,0.5605776309967041,1.2040824890136719,0.0002526534954085946,0.9997879557758442,1.100671900713208,25
moe_oeo_N25_k1_L4_lr0.002_s17,moe_oeo,25,1,0.04,17,60,1.4879881851715313,2.1356760592971906e-05,7058.469575881958,0.5625,0.5625,0.5582355856895447,1.2077844142913818,0.0002521035203244537,0.9997886789634192,1.1007522275194388,25
moe_oeo_N25_k6_L4_lr0.002_s17,moe_oeo,25,6,0.24,17,1,2.3919756817014792,0.002,118.82657480239868,0.13430851697921753,0.13430853188037872,0.04913393780589104,4.216455459594727,0.0019115570466965437,0.9994037698408315,0.8020020403015808,460
moe_oeo_N25_k6_L4_lr0.002_s17,moe_oeo,25,6,0.24,17,2,1.9390491893404422,0.001998643239407028,235.92724061012268,0.12898936867713928,0.12898938357830048,0.0387064553797245,3.987544298171997,0.0015619065379723907,0.9986354191732364,0.865093210510787,444
moe_oeo_N25_k6_L4_lr0.002_s17,moe_oeo,25,6,0.24,17,3,1.7420282206204656,0.0019945766764145906,355.672758102417,0.125,0.125,0.03082018531858921,3.7770814895629883,0.0015531835379078984,0.997916266228597,0.9079485876878884,415
moe_oeo_N25_k6_L4_lr0.002_s17,moe_oeo,25,6,0.24,17,4,1.6285927792730397,0.0019878114571891866,473.54955649375916,0.13430851697921753,0.13430851697921753,0.049847424030303955,3.5352213382720947,0.0017104012658819556,0.9977039970100375,0.9489933101490244,402
moe_oeo_N25_k6_L4_lr0.002_s17,moe_oeo,25,6,0.24,17,5,1.5274117876983941,0.0019783661247264675,591.3674123287201,0.2047872394323349,0.2047872543334961,0.11762985587120056,3.4821200370788574,0.0016824068734422326,0.9975552729658687,0.9614556342349077,382
moe_oeo_N25_k6_L4_lr0.002_s17,moe_oeo,25,6,0.24,17,6,2.1022704125607397,0.0019662665680261777,709.4189605712891,0.3856382966041565,0.3856382966041565,0.3568000793457031,1.6074395179748535,0.0009320687386207283,0.997632113317452,1.0021225046884334,380
moe_oeo_N25_k6_L4_lr0.002_s17,moe_oeo,25,6,0.24,17,7,1.658879895681796,0.0019515459511322021,827.462455034256,0.4760638177394867,0.4760638177394867,0.44080013036727905,1.385586142539978,0.0007795080891810358,0.9971988768446843,0.9998271313180332,388
moe_oeo_N25_k6_L4_lr0.002_s17,moe_oeo,25,6,0.24,17,8,1.5785309674396908,0.0019342446222322296,946.0871438980103,0.4720744788646698,0.4720744490623474,0.45311737060546875,1.353067398071289,0.0006851807702332735,0.9972735610558948,1.0057199734530502,377
moe_oeo_N25_k6_L4_lr0.002_s17,moe_oeo,25,6,0.24,17,9,1.5200738225081196,0.0019144100030661748,1063.4557540416718,0.5531914830207825,0.5531914830207825,0.5419374704360962,1.2592790126800537,0.000653665978461504,0.9974152127499178,1.0427449402427342,365
moe_oeo_N25_k6_L4_lr0.002_s17,moe_oeo,25,6,0.24,17,10,1.4557777190385344,0.0018920964589464841,1181.4587466716766,0.5970744490623474,0.5970745086669922,0.5895643830299377,1.1966283321380615,0.0005829039146192372,0.9975278892503627,1.0496725399109756,350
moe_oeo_N25_k6_L4_lr0.002_s17,moe_oeo,25,6,0.24,17,11,1.377990453261627,0.0018673651497465944,1299.115893125534,0.6276595592498779,0.6276596188545227,0.6192858219146729,1.1199308633804321,0.0005732455756515265,0.9974531100153534,1.066531099989677,336
moe_oeo_N25_k6_L4_lr0.002_s17,moe_oeo,25,6,0.24,17,12,1.3275360069896804,0.0018402838622659698,1417.4586472511292,0.625,0.625,0.6151562333106995,1.085026502609253,0.000565557973459363,0.9974327827339269,1.087176323012149,327
moe_oeo_N25_k6_L4_lr0.002_s17,moe_oeo,25,6,0.24,17,13,1.2854058283240828,0.001810926824431198,1535.5150022506714,0.6569148898124695,0.6569148898124695,0.6505590081214905,1.0333139896392822,0.0005579170538112521,0.9973259834325907,1.1116932893335647,307
moe_oeo_N25_k6_L4_lr0.002_s17,moe_oeo,25,6,0.24,17,14,1.2482236542454048,0.0017793745018424012,1653.321750164032,0.6569148898124695,0.6569148898124695,0.6506569385528564,0.9937188625335693,0.0005093272775411606,0.9971931985394605,1.1329573090621265,307
moe_oeo_N25_k6_L4_lr0.002_s17,moe_oeo,25,6,0.24,17,15,1.2145377326093307,0.0017457133772226204,1771.0651574134827,0.6715425252914429,0.6715425848960876,0.6677594780921936,0.9778451323509216,0.0005366003606468439,0.9971715949135522,1.138536487621779,304
moe_oeo_N25_k6_L4_lr0.002_s17,moe_oeo,25,6,0.24,17,16,1.1783085165706944,0.001710035713374682,1888.777185201645,0.6928191781044006,0.6928191184997559,0.6903446316719055,0.9528194665908813,0.0005640880553983152,0.9970357893292823,1.1415041254515905,298
moe_oeo_N25_k6_L4_lr0.002_s17,moe_oeo,25,6,0.24,17,17,1.1621045474490346,0.0016724393002952695,2006.9956364631653,0.6928191781044006,0.6928191184997559,0.6887357234954834,0.9432165026664734,0.0006168539403006434,0.996802822358114,1.1430446690950327,302
moe_oeo_N25_k6_L4_lr0.002_s17,moe_oeo,25,6,0.24,17,18,1.1489196283802323,0.0016330271871393392,2124.4344568252563,0.6875,0.6875,0.6836211681365967,0.9233259558677673,0.0006119321333244443,0.9966261361616304,1.144724769708948,306
moe_oeo_N25_k6_L4_lr0.002_s17,moe_oeo,25,6,0.24,17,19,1.1257711349046666,0.0015919073997695485,2241.971493244171,0.6994680762290955,0.6994681358337402,0.6962218284606934,0.8988797068595886,0.0005726964445784688,0.9965244769248215,1.144631435333209,304
moe_oeo_N25_k6_L4_lr0.002_s17,moe_oeo,25,6,0.24,17,20,1.1079260305965055,0.001549192644664877,2360.3009629249573,0.7154255509376526,0.7154255509376526,0.7142224907875061,0.8914223909378052,0.0005714573781006038,0.9964736160713197,1.1441474759408614,307
moe_oeo_N25_k6_L4_lr0.002_s17,moe_oeo,25,6,0.24,17,21,1.0929091361491647,0.0015049999999999998,2478.13898396492,0.7220744490623474,0.7220745086669922,0.7200651168823242,0.8744862675666809,0.0006057686405256391,0.9963597225335359,1.1414148214501507,312
moe_oeo_N25_k6_L4_lr0.002_s17,moe_oeo,25,6,0.24,17,22,1.0852284939049586,0.0014594505947421513,2594.887923002243,0.7260638475418091,0.7260638475418091,0.7230848073959351,0.861217737197876,0.0006017272244207561,0.9962287353731974,1.1455890955092962,313
moe_oeo_N25_k6_L4_lr0.002_s17,moe_oeo,25,6,0.24,17,23,1.0725292457973576,0.0014126692766450425,2714.0150406360626,0.7220744490623474,0.7220745086669922,0.719228982925415,0.8606084585189819,0.0005973097286187112,0.9961570802271023,1.143435671177213,320
moe_oeo_N25_k6_L4_lr0.002_s17,moe_oeo,25,6,0.24,17,24,1.0682799971947388,0.0013647842700498477,2832.425481557846,0.727393627166748,0.727393627166748,0.7252801656723022,0.8612892031669617,0.0005530540365725756,0.9959256202992501,1.1449307238139201,321
moe_oeo_N25_k6_L4_lr0.002_s17,moe_oeo,25,6,0.24,17,25,1.0742776377390237,0.001315926824431198,2952.751019001007,0.7433510422706604,0.7433510422706604,0.7416481971740723,0.8529056310653687,0.0005489577888511121,0.9958772598182946,1.1429479820727821,321
moe_oeo_N25_k6_L4_lr0.002_s17,moe_oeo,25,6,0.24,17,26,1.0468672572817976,0.0012662308546514955,3071.0002987384796,0.7353723645210266,0.7353724241256714,0.7333477139472961,0.8374418616294861,0.0005457422812469304,0.9956563809868242,1.140575345792471,327
moe_oeo_N25_k6_L4_lr0.002_s17,moe_oeo,25,6,0.24,17,27,1.0394012997581807,0.0012158325739095818,3189.9640729427338,0.751329779624939,0.7513298392295837,0.7497924566268921,0.8379487991333008,0.0005415393970906734,0.9955739427759477,1.1423074504139676,325
moe_oeo_N25_k6_L4_lr0.002_s17,moe_oeo,25,6,0.24,17,28,1.0298257323670876,0.0011648701203898287,3307.1102499961853,0.75,0.75,0.748916745185852,0.8302052021026611,0.0005398946814239025,0.9955497970517064,1.1390918148107054,323
moe_oeo_N25_k6_L4_lr0.002_s17,moe_oeo,25,6,0.24,17,29,1.030300721526146,0.001113483178634977,3424.9678170681,0.7433510422706604,0.7433509826660156,0.7419741153717041,0.8263059258460999,0.0005384731921367347,0.9954973101685917,1.1400616602431184,323
moe_oeo_N25_k6_L4_lr0.002_s17,moe_oeo,25,6,0.24,17,30,1.0132733900525255,0.0010618125966805143,3542.5185158252716,0.7353723645210266,0.7353723049163818,0.7328282594680786,0.8209697604179382,0.0005347016849555075,0.995393353709832,1.1401069035475657,324
moe_oeo_N25_k6_L4_lr0.002_s17,moe_oeo,25,6,0.24,17,31,0.9999541953104,0.0010100000000000003,3659.93595290184,0.748670220375061,0.748670220375061,0.7475173473358154,0.8091522455215454,0.000534514372702688,0.9952804027329915,1.1398666820896253,326
moe_oeo_N25_k6_L4_lr0.002_s17,moe_oeo,25,6,0.24,17,32,0.988095808927327,0.0009581874033194859,3777.704666376114,0.7566489577293396,0.7566488981246948,0.7558236122131348,0.7975433468818665,0.0005023850244469941,0.995208550136095,1.1403664547481407,321
moe_oeo_N25_k6_L4_lr0.002_s17,moe_oeo,25,6,0.24,17,33,0.994240192279696,0.0009065168213650232,3895.718088388443,0.7460106611251831,0.7460106611251831,0.744552731513977,0.7885482907295227,0.0005023411940783262,0.9951216483874596,1.1379560632137622,325
moe_oeo_N25_k6_L4_lr0.002_s17,moe_oeo,25,6,0.24,17,34,0.9871079174112783,0.0008551298796101715,4013.4158074855804,0.751329779624939,0.751329779624939,0.7510037422180176,0.7917378544807434,0.0005300723714753985,0.9950170572089857,1.137287876963669,325
moe_oeo_N25_k6_L4_lr0.002_s17,moe_oeo,25,6,0.24,17,35,0.9778428379803488,0.0008041674260904182,4129.3491196632385,0.7619680762290955,0.7619681358337402,0.7618487477302551,0.7845832705497742,0.0004995623021386564,0.9949970797612379,1.138356346847687,323
moe_oeo_N25_k6_L4_lr0.002_s17,moe_oeo,25,6,0.24,17,36,0.9710839874191916,0.0007537691453485046,4246.567298650742,0.7659574747085571,0.7659574747085571,0.7658068537712097,0.7772089242935181,0.0004983209073543549,0.9949510272072368,1.1390120407828321,324
moe_oeo_N25_k6_L4_lr0.002_s17,moe_oeo,25,6,0.24,17,37,0.9692644281270297,0.0007040731755688022,4363.424267053604,0.7593085169792175,0.7593085169792175,0.7588319182395935,0.7772478461265564,0.0004956012708134949,0.9948769794928294,1.1384102850706344,320
moe_oeo_N25_k6_L4_lr0.002_s17,moe_oeo,25,6,0.24,17,38,0.9618669176244572,0.0006552157299501527,4479.599691152573,0.7566489577293396,0.7566490173339844,0.7559292316436768,0.7738481163978577,0.0004923790111206472,0.9948155995617579,1.1387209118874613,325
moe_oeo_N25_k6_L4_lr0.002_s17,moe_oeo,25,6,0.24,17,39,0.9576752016737581,0.000607330723354958,4597.413823843002,0.7659574747085571,0.7659574747085571,0.764859139919281,0.7699277997016907,0.0004892392316833138,0.9947576249179225,1.1399043861981735,324
moe_oeo_N25_k6_L4_lr0.002_s17,moe_oeo,25,6,0.24,17,40,0.9503627898996552,0.0005605494052578487,4714.791886806488,0.772606372833252,0.7726064324378967,0.7725281715393066,0.7695910930633545,0.00048798005445860326,0.9947164153063084,1.1409004432154906,320
moe_oeo_N25_k6_L4_lr0.002_s17,moe_oeo,25,6,0.24,17,41,0.9476696642872677,0.0005150000000000003,4832.501812696457,0.7579787373542786,0.7579787373542786,0.7573909759521484,0.7695786356925964,0.00048465124564245343,0.994746840624941,1.1391047592598729,320
moe_oeo_N25_k6_L4_lr0.002_s17,moe_oeo,25,6,0.24,17,42,0.9478958087152543,0.00047080735533512353,4950.235075473785,0.7619680762290955,0.7619681358337402,0.7611472010612488,0.7659425139427185,0.0004848059033975005,0.994679907494233,1.1381945204953503,320
moe_oeo_N25_k6_L4_lr0.002_s17,moe_oeo,25,6,0.24,17,43,0.938294258887229,0.0004280926002304517,5068.4269280433655,0.7632978558540344,0.7632979154586792,0.763164758682251,0.7619345188140869,0.0004841501358896494,0.9945698325047398,1.1385548184328909,321
moe_oeo_N25_k6_L4_lr0.002_s17,moe_oeo,25,6,0.24,17,44,0.9405179754511951,0.0003869728128606611,5186.3092567920685,0.7619680762290955,0.7619681358337402,0.7616527676582336,0.7604584693908691,0.0004826336808037013,0.994587266184938,1.1379884346170444,319
moe_oeo_N25_k6_L4_lr0.002_s17,moe_oeo,25,6,0.24,17,45,0.9368343147955257,0.0003475606997047307,5304.085160493851,0.7739361524581909,0.7739362120628357,0.7740383744239807,0.7561324834823608,0.0004829026001971215,0.9945474100923588,1.1378243928852174,323
moe_oeo_N25_k6_L4_lr0.002_s17,moe_oeo,25,6,0.24,17,46,0.9314494648922796,0.0003099642866253181,5421.936184883118,0.7553191781044006,0.7553191184997559,0.7545836567878723,0.7597829103469849,0.0004817797744181007,0.9945754996525433,1.1362194760621505,320
moe_oeo_N25_k6_L4_lr0.002_s17,moe_oeo,25,6,0.24,17,47,0.9310937116271285,0.0002742866227773799,5538.816878557205,0.7646276354789734,0.7646276950836182,0.764232337474823,0.7548601627349854,0.00048138038255274296,0.9944799144232127,1.1368656071488477,322
moe_oeo_N25_k6_L4_lr0.002_s17,moe_oeo,25,6,0.24,17,48,0.9286281033908124,0.00024062549815759878,5657.75010228157,0.7672872543334961,0.7672872543334961,0.766204297542572,0.7518694400787354,0.00048040621913969517,0.9944587807720042,1.137299754950114,321
moe_oeo_N25_k6_L4_lr0.002_s17,moe_oeo,25,6,0.24,17,49,0.9286216640819426,0.0002090731755688021,5775.114986896515,0.772606372833252,0.7726064324378967,0.7721518278121948,0.7509658336639404,0.00048014105414040387,0.9944807945484038,1.1363318728330403,320
moe_oeo_N25_k6_L4_lr0.002_s17,moe_oeo,25,6,0.24,17,50,0.9262872733788131,0.00017971613773403027,5892.616442680359,0.7686170339584351,0.7686170339584351,0.7677172422409058,0.7510415315628052,0.00045002702972851694,0.9944662824956408,1.1371442559204894,322
moe_oeo_N25_k6_L4_lr0.002_s17,moe_oeo,25,6,0.24,17,51,0.9188510724364622,0.00015263485025340568,6009.54189658165,0.772606372833252,0.7726064324378967,0.771975576877594,0.7509685158729553,0.0004503522359300405,0.9944697764505822,1.1364572280225496,320
moe_oeo_N25_k6_L4_lr0.002_s17,moe_oeo,25,6,0.24,17,52,0.9208641482780785,0.00012790354105351589,6126.4996247291565,0.769946813583374,0.769946813583374,0.7689180374145508,0.7502036094665527,0.00044936404447071254,0.9944418307917764,1.13630269411526,320
moe_oeo_N25_k6_L4_lr0.002_s17,moe_oeo,25,6,0.24,17,53,0.9227378759618219,0.00010558999693382504,6244.087868928909,0.7765957713127136,0.7765957713127136,0.7758902311325073,0.7475733160972595,0.0004490857245400548,0.9944251791110053,1.1355708293060973,321
moe_oeo_N25_k6_L4_lr0.002_s17,moe_oeo,25,6,0.24,17,54,0.9201164443607199,8.575537776777028e-05,6361.475742340088,0.772606372833252,0.7726064324378967,0.7719202041625977,0.7494159936904907,0.00044893569429405034,0.994429047965565,1.1360432990674463,322
moe_oeo_N25_k6_L4_lr0.002_s17,moe_oeo,25,6,0.24,17,55,0.9175882948451934,6.845404886779801e-05,6478.685607433319,0.769946813583374,0.7699468731880188,0.7691997289657593,0.7483259439468384,0.0004486976540647447,0.9944181170562881,1.1365533889613215,321
moe_oeo_N25_k6_L4_lr0.002_s17,moe_oeo,25,6,0.24,17,56,0.9174425486628324,5.373343197382237e-05,6596.555592060089,0.772606372833252,0.772606372833252,0.7717946767807007,0.7489792704582214,0.00044839963084086776,0.9944246547422875,1.1367986297231352,321
moe_oeo_N25_k6_L4_lr0.002_s17,moe_oeo,25,6,0.24,17,57,0.9201235727122113,4.163387527353236e-05,6714.209075450897,0.772606372833252,0.772606372833252,0.7719502449035645,0.7497236132621765,0.00044837233144789934,0.9944291786343203,1.1365533889613215,321
moe_oeo_N25_k6_L4_lr0.002_s17,moe_oeo,25,6,0.24,17,58,0.9258850689926376,3.218854281081372e-05,6831.661604881287,0.7792553305625916,0.7792553305625916,0.7785908579826355,0.7475550174713135,0.00044845897355116904,0.9944130426708215,1.1364972062102576,322
moe_oeo_N25_k6_L4_lr0.002_s17,moe_oeo,25,6,0.24,17,59,0.917365051839994,2.5423323585409333e-05,6951.05280995369,0.7752659320831299,0.7752659916877747,0.7744786143302917,0.7478899955749512,0.00044845527736470103,0.9944228289797082,1.1365706807050542,322
moe_oeo_N25_k6_L4_lr0.002_s17,moe_oeo,25,6,0.24,17,60,0.9120694822950722,2.1356760592971906e-05,7068.357368707657,0.7752659320831299,0.7752659916877747,0.7744786143302917,0.7480652928352356,0.0004483896482270211,0.9944154331493277,1.1368396771467717,321
moe_oeo_N25_k12_L4_lr0.002_s17,moe_oeo,25,12,0.48,17,1,2.3919756817014792,0.002,118.55681705474854,0.14095744490623474,0.14095745980739594,0.07573951780796051,3.5060782432556152,0.003176968079060316,0.9994037698408315,0.3666568852022196,617
moe_oeo_N25_k12_L4_lr0.002_s17,moe_oeo,25,12,0.48,17,2,1.9390491893404422,0.001998643239407028,237.86137986183167,0.1422872394323349,0.1422872543334961,0.07077265530824661,3.4512531757354736,0.0023824097588658333,0.9986354191732364,0.4153283019432985,578
moe_oeo_N25_k12_L4_lr0.002_s17,moe_oeo,25,12,0.48,17,3,1.7420282206204656,0.0019945766764145906,357.16395831108093,0.14760638773441315,0.14760638773441315,0.07743392884731293,3.339988946914673,0.0019057691097259521,0.997916266228597,0.4662786120775094,560
moe_oeo_N25_k12_L4_lr0.002_s17,moe_oeo,25,12,0.48,17,4,1.6285927792730397,0.0019878114571891866,476.86102271080017,0.21276596188545227,0.21276596188545227,0.12502488493919373,3.195361375808716,0.0017527600284665823,0.9977039970100375,0.49638678524479685,541
moe_oeo_N25_k12_L4_lr0.002_s17,moe_oeo,25,12,0.48,17,5,1.5274117876983941,0.0019783661247264675,596.5002198219299,0.25531914830207825,0.25531914830207825,0.15623676776885986,3.1458077430725098,0.0017598893027752638,0.9975552729658687,0.5147342929269684,515
moe_oeo_N25_k12_L4_lr0.002_s17,moe_oeo,25,12,0.48,17,6,1.8746350986296183,0.0019662665680261777,717.5555329322815,0.48138296604156494,0.4813830256462097,0.45639273524284363,1.3775359392166138,0.0011848033173009753,0.9986735507997923,0.5072907155766518,520
moe_oeo_N25_k12_L4_lr0.002_s17,moe_oeo,25,12,0.48,17,7,1.4664656369687488,0.0019515459511322021,836.7036471366882,0.5585106611251831,0.5585106611251831,0.5466442108154297,1.172829031944275,0.0009960326133295894,0.9984161041744938,0.5028669142050587,530
moe_oeo_N25_k12_L4_lr0.002_s17,moe_oeo,25,12,0.48,17,8,1.345202038804554,0.0019342446222322296,956.1145718097687,0.602393627166748,0.602393627166748,0.5989912748336792,1.0769764184951782,0.0009304949198849499,0.9981298172543557,0.5046665239502859,538
moe_oeo_N25_k12_L4_lr0.002_s17,moe_oeo,25,12,0.48,17,9,1.2679534049951322,0.0019144100030661748,1075.0072343349457,0.6369680762290955,0.6369680762290955,0.6343913078308105,1.0309727191925049,0.0009489225340075791,0.9979070634112245,0.5078701481039759,545
moe_oeo_N25_k12_L4_lr0.002_s17,moe_oeo,25,12,0.48,17,10,1.2203325581264823,0.0018920964589464841,1194.6702127456665,0.6742021441459656,0.6742021441459656,0.6715469360351562,0.9782493710517883,0.0009544044733047485,0.9975620134538326,0.5050514494544267,546
moe_oeo_N25_k12_L4_lr0.002_s17,moe_oeo,25,12,0.48,17,11,1.1831514530700364,0.0018673651497465944,1312.97452378273,0.6795212626457214,0.6795212626457214,0.6769847273826599,0.953345775604248,0.0009055985719896853,0.9973818173953475,0.5071309216382571,552
moe_oeo_N25_k12_L4_lr0.002_s17,moe_oeo,25,12,0.48,17,12,1.1504062199667435,0.0018402838622659698,1433.522631406784,0.6835106611251831,0.6835106611251831,0.6808797121047974,0.9279552102088928,0.0009290723246522248,0.9971016109799554,0.511459612293882,541
moe_oeo_N25_k12_L4_lr0.002_s17,moe_oeo,25,12,0.48,17,13,1.122718021052477,0.001810926824431198,1552.0645866394043,0.6875,0.6875,0.684626579284668,0.9109280109405518,0.0009500013547949493,0.9969097846232055,0.5113131324944733,543
moe_oeo_N25_k12_L4_lr0.002_s17,moe_oeo,25,12,0.48,17,14,1.0963550993330675,0.0017793745018424012,1671.5301866531372,0.7167553305625916,0.7167553305625916,0.7138093113899231,0.8859289288520813,0.0009088150109164417,0.9966944027935998,0.5143751097230151,542
moe_oeo_N25_k12_L4_lr0.002_s17,moe_oeo,25,12,0.48,17,15,1.0779219496161698,0.0017457133772226204,1790.1218042373657,0.7234042286872864,0.7234042286872864,0.7222155332565308,0.868956446647644,0.000872823700774461,0.9965869875398516,0.5196161705464135,529
moe_oeo_N25_k12_L4_lr0.002_s17,moe_oeo,25,12,0.48,17,16,1.0582007904064983,0.001710035713374682,1911.449098110199,0.730053186416626,0.730053186416626,0.7287833094596863,0.853500247001648,0.0008721778285689652,0.9965266359272191,0.520848942694617,528
moe_oeo_N25_k12_L4_lr0.002_s17,moe_oeo,25,12,0.48,17,17,1.0461395865127647,0.0016724393002952695,2030.5869619846344,0.7327127456665039,0.7327128052711487,0.7308738827705383,0.8339934349060059,0.0008514380897395313,0.9961376433626122,0.5214745345097647,528
moe_oeo_N25_k12_L4_lr0.002_s17,moe_oeo,25,12,0.48,17,18,1.0193195901130705,0.0016330271871393392,2151.179298877716,0.7313829660415649,0.7313829660415649,0.7290669679641724,0.8335580825805664,0.0007991524180397391,0.996131770911987,0.5237420652833114,523
moe_oeo_N25_k12_L4_lr0.002_s17,moe_oeo,25,12,0.48,17,19,1.0094222862562632,0.0015919073997695485,2270.0636422634125,0.7420212626457214,0.7420212626457214,0.7402432560920715,0.8161648511886597,0.0007666556048206985,0.9959783976594788,0.5257178390141214,514
moe_oeo_N25_k12_L4_lr0.002_s17,moe_oeo,25,12,0.48,17,20,0.9977194734394006,0.001549192644664877,2387.626796722412,0.7446808218955994,0.7446808815002441,0.74290931224823,0.8096160292625427,0.0007054167799651623,0.9956971679180594,0.5297799901415983,521
moe_oeo_N25_k12_L4_lr0.002_s17,moe_oeo,25,12,0.48,17,21,0.9775685271307758,0.0015049999999999998,2507.213460922241,0.7460106611251831,0.7460106611251831,0.7444410920143127,0.7979221940040588,0.0006984917563386261,0.995601371492872,0.5311157712649707,523
moe_oeo_N25_k12_L4_lr0.002_s17,moe_oeo,25,12,0.48,17,22,0.9691857613589121,0.0014594505947421513,2626.4272797107697,0.7619680762290955,0.7619680762290955,0.7608697414398193,0.7805727124214172,0.0006507434300146997,0.9955478248251112,0.5330112326475521,518
moe_oeo_N25_k12_L4_lr0.002_s17,moe_oeo,25,12,0.48,17,23,0.9624953704235488,0.0014126692766450425,2744.404265642166,0.7619680762290955,0.7619680762290955,0.7605859041213989,0.7725568413734436,0.0006128079839982092,0.9955828247987437,0.5342332013602481,518
moe_oeo_N25_k12_L4_lr0.002_s17,moe_oeo,25,12,0.48,17,24,0.9513167704553365,0.0013647842700498477,2863.1838512420654,0.7593085169792175,0.7593085169792175,0.7582225203514099,0.7719571590423584,0.000604023749474436,0.9953037597621421,0.5318187779607328,521
moe_oeo_N25_k12_L4_lr0.002_s17,moe_oeo,25,12,0.48,17,25,0.9474796547329045,0.001315926824431198,2982.4977247714996,0.7646276354789734,0.7646276354789734,0.7635520100593567,0.7597963809967041,0.0006027733907103539,0.9953171340528202,0.5350922048833476,523
moe_oeo_N25_k12_L4_lr0.002_s17,moe_oeo,25,12,0.48,17,26,0.932422441043402,0.0012662308546514955,3102.068182706833,0.7659574747085571,0.7659574747085571,0.7635158896446228,0.7508720755577087,0.0005781759391538799,0.9951740008703909,0.5367454594616047,518
moe_oeo_N25_k12_L4_lr0.002_s17,moe_oeo,25,12,0.48,17,27,0.9351259270963603,0.0012158325739095818,3220.85205411911,0.7646276354789734,0.7646276354789734,0.7627421021461487,0.7493159174919128,0.0005157676641829312,0.99518993590172,0.5358381191072336,523
moe_oeo_N25_k12_L4_lr0.002_s17,moe_oeo,25,12,0.48,17,28,0.9201360323793812,0.0011648701203898287,3339.3071455955505,0.7686170339584351,0.7686170339584351,0.7669902443885803,0.7431750297546387,0.0005153125384822488,0.9948991358824053,0.5337410695057977,525
moe_oeo_N25_k12_L4_lr0.002_s17,moe_oeo,25,12,0.48,17,29,0.9165251702240341,0.001113483178634977,3458.31814289093,0.7765957713127136,0.7765957117080688,0.7757315039634705,0.7350467443466187,0.00051171361701563,0.9948748574722088,0.5345319425076442,521
moe_oeo_N25_k12_L4_lr0.002_s17,moe_oeo,25,12,0.48,17,30,0.899057077609649,0.0010618125966805143,3577.315256357193,0.7752659320831299,0.7752659320831299,0.7744727730751038,0.7367497682571411,0.0004242652212269604,0.9947663509499411,0.5355830962880405,516
moe_oeo_N25_k12_L4_lr0.002_s17,moe_oeo,25,12,0.48,17,31,0.8982197966715789,0.0010100000000000003,3695.4960675239563,0.7739361524581909,0.7739361524581909,0.7725850939750671,0.729047954082489,0.0004155756323598325,0.9946651897236024,0.5323444142026449,518
moe_oeo_N25_k12_L4_lr0.002_s17,moe_oeo,25,12,0.48,17,32,0.8956228331683977,0.0009581874033194859,3813.157593727112,0.7859042286872864,0.7859042286872864,0.7848758697509766,0.7209470868110657,0.00041297823190689087,0.9945652981506067,0.5343061863352855,518
moe_oeo_N25_k12_L4_lr0.002_s17,moe_oeo,25,12,0.48,17,33,0.8900898215977568,0.0009065168213650232,3931.7268493175507,0.7885638475418091,0.7885637879371643,0.7878513932228088,0.7211797833442688,0.0003987314994446933,0.9945626994107652,0.5356530226492588,526
moe_oeo_N25_k12_L4_lr0.002_s17,moe_oeo,25,12,0.48,17,34,0.883871734567565,0.0008551298796101715,4049.174212217331,0.789893627166748,0.789893627166748,0.7892699837684631,0.7198463082313538,0.00039635016582906246,0.994565790093208,0.5376946591817545,522
moe_oeo_N25_k12_L4_lr0.002_s17,moe_oeo,25,12,0.48,17,35,0.8805588650512913,0.0008041674260904182,4168.261312484741,0.7819148898124695,0.7819149494171143,0.7805781364440918,0.7091526985168457,0.00039361725794151425,0.9944331988633959,0.5363678300735755,521
moe_oeo_N25_k12_L4_lr0.002_s17,moe_oeo,25,12,0.48,17,36,0.8679581131428888,0.0007537691453485046,4285.85092830658,0.7805851101875305,0.7805850505828857,0.7795135974884033,0.7111619710922241,0.0003915554843842983,0.9944181515409168,0.5366934084563597,527
moe_oeo_N25_k12_L4_lr0.002_s17,moe_oeo,25,12,0.48,17,37,0.8673257734031166,0.0007040731755688022,4403.715429067612,0.7845744490623474,0.7845745086669922,0.7838436961174011,0.7077382206916809,0.00038802489871159196,0.9942716841505512,0.5373565451445359,526
moe_oeo_N25_k12_L4_lr0.002_s17,moe_oeo,25,12,0.48,17,38,0.8630290330306852,0.0006552157299501527,4521.571942090988,0.7859042286872864,0.7859042882919312,0.7849091291427612,0.7024700045585632,0.0003874681715387851,0.9942089879304312,0.5372919820317009,529
moe_oeo_N25_k12_L4_lr0.002_s17,moe_oeo,25,12,0.48,17,39,0.8573813879326598,0.000607330723354958,4639.184471130371,0.7885638475418091,0.7885638475418091,0.7880618572235107,0.6994195580482483,0.0003851981891784817,0.9942177145033517,0.5391127704393308,528
moe_oeo_N25_k12_L4_lr0.002_s17,moe_oeo,25,12,0.48,17,40,0.844966232521485,0.0005605494052578487,4759.178677558899,0.7859042286872864,0.7859042286872864,0.7853789925575256,0.7010660171508789,0.000382931437343359,0.9941805568379124,0.540461839907176,526
moe_oeo_N25_k12_L4_lr0.002_s17,moe_oeo,25,12,0.48,17,41,0.8499512063449921,0.0005150000000000003,4879.109656333923,0.7845744490623474,0.7845745086669922,0.783606767654419,0.6997250914573669,0.00037987774703651667,0.9940915889984467,0.5399162454438002,526
moe_oeo_N25_k12_L4_lr0.002_s17,moe_oeo,25,12,0.48,17,42,0.8457864627888486,0.00047080735533512353,4996.0614268779755,0.7859042286872864,0.7859042882919312,0.7848178148269653,0.6977204084396362,0.0003797292592935264,0.9940719507140934,0.5410227771316869,526
moe_oeo_N25_k12_L4_lr0.002_s17,moe_oeo,25,12,0.48,17,43,0.8399398289620876,0.0004280926002304517,5111.844682216644,0.7885638475418091,0.7885637879371643,0.7871397733688354,0.700649619102478,0.000377878692233935,0.9940258111026938,0.5409455941620516,526
moe_oeo_N25_k12_L4_lr0.002_s17,moe_oeo,25,12,0.48,17,44,0.843034632827185,0.0003869728128606611,5229.814942359924,0.7859042286872864,0.7859042882919312,0.7847810387611389,0.7014319896697998,0.0003776361991185695,0.9940219045927118,0.5419168975138435,521
moe_oeo_N25_k12_L4_lr0.002_s17,moe_oeo,25,12,0.48,17,45,0.8349456996338008,0.0003475606997047307,5347.283847332001,0.7819148898124695,0.7819148898124695,0.78078693151474,0.692147970199585,0.0003771134652197361,0.9940477505454013,0.543075313744147,524
moe_oeo_N25_k12_L4_lr0.002_s17,moe_oeo,25,12,0.48,17,46,0.8347845003859365,0.0003099642866253181,5465.2353456020355,0.791223406791687,0.791223406791687,0.79061359167099,0.6954230666160583,0.0003767948073800653,0.9940566320496294,0.5417996105542342,522
moe_oeo_N25_k12_L4_lr0.002_s17,moe_oeo,25,12,0.48,17,47,0.832827575028487,0.0002742866227773799,5582.679855108261,0.792553186416626,0.792553186416626,0.7915509343147278,0.6935297846794128,0.0003764222492463887,0.9938743116212438,0.5423291563230487,521
moe_oeo_N25_k12_L4_lr0.002_s17,moe_oeo,25,12,0.48,17,48,0.8343643445572625,0.00024062549815759878,5701.234338283539,0.7965425252914429,0.7965425252914429,0.795553982257843,0.6890630722045898,0.0003754741919692606,0.9939285174881322,0.5427218829256486,522
moe_oeo_N25_k12_L4_lr0.002_s17,moe_oeo,25,12,0.48,17,49,0.8284837416624098,0.0002090731755688021,5820.0844094753265,0.791223406791687,0.791223406791687,0.7899999618530273,0.6886337399482727,0.0003743514243979007,0.9939437770135956,0.5431725373423606,523
moe_oeo_N25_k12_L4_lr0.002_s17,moe_oeo,25,12,0.48,17,50,0.8302631369158285,0.00017971613773403027,5938.742947816849,0.791223406791687,0.791223406791687,0.7898755669593811,0.6870449185371399,0.0003742747358046472,0.9938760896101592,0.5434454611576405,522
moe_oeo_N25_k12_L4_lr0.002_s17,moe_oeo,25,12,0.48,17,51,0.8204089734856397,0.00015263485025340568,6058.376488447189,0.791223406791687,0.791223406791687,0.7904766201972961,0.6896891593933105,0.0003739933599717915,0.9939135087643038,0.5440648185954733,521
moe_oeo_N25_k12_L4_lr0.002_s17,moe_oeo,25,12,0.48,17,52,0.8241348339576428,0.00012790354105351589,6176.075330495834,0.792553186416626,0.792553186416626,0.791424036026001,0.6882373690605164,0.0003738592495210469,0.9938884145005966,0.5435759382337361,523
moe_oeo_N25_k12_L4_lr0.002_s17,moe_oeo,25,12,0.48,17,53,0.8213400445266129,0.00010558999693382504,6293.737424373627,0.789893627166748,0.789893627166748,0.788776159286499,0.6866447329521179,0.0003728361625690013,0.9938671290151929,0.5442600230360015,519
moe_oeo_N25_k12_L4_lr0.002_s17,moe_oeo,25,12,0.48,17,54,0.8177697403211844,8.575537776777028e-05,6412.414288520813,0.791223406791687,0.791223406791687,0.7905306220054626,0.6874067187309265,0.00037290388718247414,0.993862607188616,0.5437560711983034,522
moe_oeo_N25_k12_L4_lr0.002_s17,moe_oeo,25,12,0.48,17,55,0.8195890629808652,6.845404886779801e-05,6529.11411190033,0.792553186416626,0.792553186416626,0.7918238639831543,0.6863682270050049,0.0003728187584783882,0.9938559874794043,0.5439824257393429,520
moe_oeo_N25_k12_L4_lr0.002_s17,moe_oeo,25,12,0.48,17,56,0.8173663289919836,5.373343197382237e-05,6647.438782930374,0.791223406791687,0.791223406791687,0.7904834151268005,0.6863700151443481,0.0003723021363839507,0.9938586639086732,0.544135911355748,519
moe_oeo_N25_k12_L4_lr0.002_s17,moe_oeo,25,12,0.48,17,57,0.8209988553264097,4.163387527353236e-05,6767.4495804309845,0.7872340679168701,0.7872340679168701,0.7865168452262878,0.6870802640914917,0.00037246395368129015,0.9938865073438171,0.544084564897933,520
moe_oeo_N25_k12_L4_lr0.002_s17,moe_oeo,25,12,0.48,17,58,0.8266337853452387,3.218854281081372e-05,6885.849845409393,0.7872340679168701,0.7872340679168701,0.7862277030944824,0.686392068862915,0.0003723979170899838,0.993868469765035,0.544034344154628,518
moe_oeo_N25_k12_L4_lr0.002_s17,moe_oeo,25,12,0.48,17,59,0.8176335097209776,2.5423323585409333e-05,7003.507078170776,0.791223406791687,0.791223406791687,0.7901291251182556,0.6862984299659729,0.0003723219269886613,0.9938684760446193,0.5441725863491936,518
moe_oeo_N25_k12_L4_lr0.002_s17,moe_oeo,25,12,0.48,17,60,0.8165158785573424,2.1356760592971906e-05,7121.668289422989,0.791223406791687,0.791223406791687,0.790299117565155,0.6864987015724182,0.0003722105175256729,0.9938686652344255,0.544034344154628,518
moe_oeo_N25_k25_L4_lr0.002_s17,moe_oeo,25,25,1.0,17,1,2.3919756817014792,0.002,117.57034540176392,0.30319148302078247,0.30319148302078247,0.2537294626235962,1.9114097356796265,0.005356828682124615,0.9994037698408315,0.0,1
moe_oeo_N25_k25_L4_lr0.002_s17,moe_oeo,25,25,1.0,17,2,1.9390491893404422,0.001998643239407028,233.34968495368958,0.353723406791687,0.353723406791687,0.30120065808296204,1.6400710344314575,0.00472577940672636,0.9986354191732364,0.0,1
moe_oeo_N25_k25_L4_lr0.002_s17,moe_oeo,25,25,1.0,17,3,1.7420282206204656,0.0019945766764145906,350.4721267223358,0.394946813583374,0.394946813583374,0.3370622396469116,1.508782148361206,0.004399199038743973,0.997916266228597,0.0,1
moe_oeo_N25_k25_L4_lr0.002_s17,moe_oeo,25,25,1.0,17,4,1.6285927792730397,0.0019878114571891866,468.1157202720642,0.42952126264572144,0.4295213222503662,0.38364192843437195,1.4125555753707886,0.0043991971760988235,0.9977039970100375,0.0,1
moe_oeo_N25_k25_L4_lr0.002_s17,moe_oeo,25,25,1.0,17,5,1.5274117876983941,0.0019783661247264675,587.686763048172,0.457446813583374,0.457446813583374,0.428859680891037,1.349137544631958,0.004418302793055773,0.9975552729658687,0.0,1
moe_oeo_N25_k25_L4_lr0.002_s17,moe_oeo,25,25,1.0,17,6,1.4755884324749038,0.0019662665680261777,707.925176858902,0.4853723347187042,0.4853723645210266,0.469257652759552,1.295417070388794,0.004597691353410482,0.9974549097902999,0.0,1
moe_oeo_N25_k25_L4_lr0.002_s17,moe_oeo,25,25,1.0,17,7,1.419582936538545,0.0019515459511322021,825.6163940429688,0.5053191781044006,0.5053191184997559,0.4952825903892517,1.2488585710525513,0.004745894111692905,0.9974241143590372,0.0,1
moe_oeo_N25_k25_L4_lr0.002_s17,moe_oeo,25,25,1.0,17,8,1.365007241090683,0.0019342446222322296,942.8943066596985,0.541223406791687,0.541223406791687,0.5348531007766724,1.2023561000823975,0.004977081436663866,0.9973151585523267,0.0,1
moe_oeo_N25_k25_L4_lr0.002_s17,moe_oeo,25,25,1.0,17,9,1.324384379315458,0.0019144100030661748,1061.564645767212,0.563829779624939,0.563829779624939,0.5564461350440979,1.1705188751220703,0.005164850037544966,0.9974290201247139,0.0,1
moe_oeo_N25_k25_L4_lr0.002_s17,moe_oeo,25,25,1.0,17,10,1.2774893650827615,0.0018920964589464841,1181.699871301651,0.5944148898124695,0.5944148898124695,0.5857332944869995,1.1267225742340088,0.005356886889785528,0.9973322053473772,0.0,1
moe_oeo_N25_k25_L4_lr0.002_s17,moe_oeo,25,25,1.0,17,11,1.2372164472291187,0.0018673651497465944,1300.7507348060608,0.6130319237709045,0.6130319237709045,0.6014101505279541,1.0971869230270386,0.005265384912490845,0.9972043148552837,0.0,1
moe_oeo_N25_k25_L4_lr0.002_s17,moe_oeo,25,25,1.0,17,12,1.2214351510926742,0.0018402838622659698,1419.6082763671875,0.626329779624939,0.626329779624939,0.616334855556488,1.0709019899368286,0.0053454795852303505,0.9972592572375804,0.0,1
moe_oeo_N25_k25_L4_lr0.002_s17,moe_oeo,25,25,1.0,17,13,1.1778839180101406,0.001810926824431198,1539.2351114749908,0.6382978558540344,0.6382978558540344,0.6293991804122925,1.034924030303955,0.005250470247119665,0.9972264466558908,0.0,1
moe_oeo_N25_k25_L4_lr0.002_s17,moe_oeo,25,25,1.0,17,14,1.1493922355393433,0.0017793745018424012,1657.0442833900452,0.6396276354789734,0.6396276354789734,0.6295257210731506,1.0109591484069824,0.005058151204138994,0.9972345972896051,0.0,1
moe_oeo_N25_k25_L4_lr0.002_s17,moe_oeo,25,25,1.0,17,15,1.1227082885189417,0.0017457133772226204,1774.503675699234,0.644946813583374,0.644946813583374,0.6357614398002625,0.981124222278595,0.004933624528348446,0.9973101142220409,0.0,1
moe_oeo_N25_k25_L4_lr0.002_s17,moe_oeo,25,25,1.0,17,16,1.1016205204353076,0.001710035713374682,1891.1219658851624,0.647606372833252,0.647606372833252,0.6374976634979248,0.951774001121521,0.004853002727031708,0.9972893174319267,0.0,1
moe_oeo_N25_k25_L4_lr0.002_s17,moe_oeo,25,25,1.0,17,17,1.0816603121368988,0.0016724393002952695,2009.2872052192688,0.664893627166748,0.664893627166748,0.6546602845191956,0.9272634387016296,0.004667493049055338,0.9970944434947073,0.0,1
moe_oeo_N25_k25_L4_lr0.002_s17,moe_oeo,25,25,1.0,17,18,1.0551079375728898,0.0016330271871393392,2128.6243550777435,0.6728723645210266,0.6728723645210266,0.6615694165229797,0.9168895483016968,0.004501919262111187,0.9971309112396577,0.0,1
moe_oeo_N25_k25_L4_lr0.002_s17,moe_oeo,25,25,1.0,17,19,1.0353244502845829,0.0015919073997695485,2247.8888981342316,0.6768617033958435,0.6768617033958435,0.6680318117141724,0.8982799649238586,0.004254589788615704,0.9970861724297961,0.0,1
moe_oeo_N25_k25_L4_lr0.002_s17,moe_oeo,25,25,1.0,17,20,1.0136752364791284,0.001549192644664877,2365.905850172043,0.6795212626457214,0.6795212626457214,0.6738358736038208,0.8865218162536621,0.004169097635895014,0.9970447064459774,0.0,1
moe_oeo_N25_k25_L4_lr0.002_s17,moe_oeo,25,25,1.0,17,21,0.9950708360007229,0.0015049999999999998,2483.0469374656677,0.686170220375061,0.686170220375061,0.679380476474762,0.8690832257270813,0.0039641703478991985,0.9970400693836425,0.0,1
moe_oeo_N25_k25_L4_lr0.002_s17,moe_oeo,25,25,1.0,17,22,0.9846195132475873,0.0014594505947421513,2600.8648598194122,0.6848404407501221,0.6848404407501221,0.6777957677841187,0.849373459815979,0.0037971031852066517,0.9969927017527577,0.0,1
moe_oeo_N25_k25_L4_lr0.002_s17,moe_oeo,25,25,1.0,17,23,0.9740604828856035,0.0014126692766450425,2721.3671078681946,0.6848404407501221,0.6848404407501221,0.6772434711456299,0.8409455418586731,0.003731883829459548,0.9969727478202864,0.0,1
moe_oeo_N25_k25_L4_lr0.002_s17,moe_oeo,25,25,1.0,17,24,0.9641773324527833,0.0013647842700498477,2839.616684436798,0.6981382966041565,0.6981383562088013,0.6929240226745605,0.828184962272644,0.003594230394810438,0.9969748890844287,0.0,1
moe_oeo_N25_k25_L4_lr0.002_s17,moe_oeo,25,25,1.0,17,25,0.939073808270094,0.001315926824431198,2958.3834006786346,0.7007978558540344,0.7007979154586792,0.6937975287437439,0.816115140914917,0.003497126279398799,0.9968885548027863,0.0,1
moe_oeo_N25_k25_L4_lr0.002_s17,moe_oeo,25,25,1.0,17,26,0.9273986631417519,0.0012662308546514955,3080.0052003860474,0.708776593208313,0.708776593208313,0.7029939889907837,0.798432469367981,0.003356688190251589,0.9969022627248403,0.0,1
moe_oeo_N25_k25_L4_lr0.002_s17,moe_oeo,25,25,1.0,17,27,0.9110198051043569,0.0012158325739095818,3196.9038014411926,0.710106372833252,0.7101064324378967,0.7053695917129517,0.8003255128860474,0.0032764330971986055,0.9968032526386195,0.0,1
moe_oeo_N25_k25_L4_lr0.002_s17,moe_oeo,25,25,1.0,17,28,0.9032061344446385,0.0011648701203898287,3314.439757347107,0.7180851101875305,0.7180851101875305,0.7139249444007874,0.7884956002235413,0.0031093077268451452,0.9967617370005849,0.0,1
moe_oeo_N25_k25_L4_lr0.002_s17,moe_oeo,25,25,1.0,17,29,0.8898987567486012,0.001113483178634977,3431.8061740398407,0.7154255509376526,0.7154255509376526,0.7112639546394348,0.7806237936019897,0.0031825811602175236,0.9967540286976357,0.0,1
moe_oeo_N25_k25_L4_lr0.002_s17,moe_oeo,25,25,1.0,17,30,0.886755179588313,0.0010618125966805143,3548.7720923423767,0.7140957713127136,0.7140957713127136,0.710111141204834,0.7771759629249573,0.0030094394460320473,0.9967456305133793,0.0,1
moe_oeo_N25_k25_L4_lr0.002_s17,moe_oeo,25,25,1.0,17,31,0.8703520090221406,0.0010100000000000003,3665.785526752472,0.7234042286872864,0.7234042882919312,0.7202168703079224,0.76715087890625,0.0030481102876365185,0.996702300436191,0.0,1
moe_oeo_N25_k25_L4_lr0.002_s17,moe_oeo,25,25,1.0,17,32,0.8661482845046068,0.0009581874033194859,3783.966768026352,0.7207446694374084,0.7207447290420532,0.717710018157959,0.7591525912284851,0.0029525686986744404,0.996716123135664,0.0,1
moe_oeo_N25_k25_L4_lr0.002_s17,moe_oeo,25,25,1.0,17,33,0.8558122950805921,0.0009065168213650232,3903.999895811081,0.728723406791687,0.728723406791687,0.7254065871238708,0.7476295232772827,0.0029328297823667526,0.9967119265754342,0.0,1
moe_oeo_N25_k25_L4_lr0.002_s17,moe_oeo,25,25,1.0,17,34,0.8431831938661125,0.0008551298796101715,4021.081391096115,0.730053186416626,0.730053186416626,0.7277500033378601,0.748572051525116,0.002928489586338401,0.9967208558580068,0.0,1
moe_oeo_N25_k25_L4_lr0.002_s17,moe_oeo,25,25,1.0,17,35,0.8366149864903732,0.0008041674260904182,4138.366774082184,0.730053186416626,0.730053186416626,0.727298378944397,0.7410197854042053,0.0028173900209367275,0.9966611416677593,0.0,1
moe_oeo_N25_k25_L4_lr0.002_s17,moe_oeo,25,25,1.0,17,36,0.8347762558166976,0.0007537691453485046,4256.262134313583,0.7327127456665039,0.7327128052711487,0.72941654920578,0.7396072745323181,0.0027511296793818474,0.9966160463997477,0.0,1
moe_oeo_N25_k25_L4_lr0.002_s17,moe_oeo,25,25,1.0,17,37,0.8202875790836877,0.0007040731755688022,4376.016293525696,0.7327127456665039,0.7327127456665039,0.7295563220977783,0.7352315783500671,0.002735684160143137,0.9966135222717821,0.0,1
moe_oeo_N25_k25_L4_lr0.002_s17,moe_oeo,25,25,1.0,17,38,0.8218151919849931,0.0006552157299501527,4495.835803031921,0.7380319237709045,0.7380319237709045,0.7354782819747925,0.7282760143280029,0.0026829801499843597,0.9965796847210485,0.0,1
moe_oeo_N25_k25_L4_lr0.002_s17,moe_oeo,25,25,1.0,17,39,0.8110165910531669,0.000607330723354958,4615.454030036926,0.7420212626457214,0.7420212626457214,0.7395831346511841,0.7226659059524536,0.0026562768034636974,0.9966087387402781,0.0,1
moe_oeo_N25_k25_L4_lr0.002_s17,moe_oeo,25,25,1.0,17,40,0.807625961043451,0.0005605494052578487,4733.654899120331,0.7460106611251831,0.7460106015205383,0.7437333464622498,0.7229183316230774,0.0026812332216650248,0.9965816304716824,0.0,1
moe_oeo_N25_k25_L4_lr0.002_s17,moe_oeo,25,25,1.0,17,41,0.8012717089543467,0.0005150000000000003,4852.115437030792,0.7433510422706604,0.7433510422706604,0.7414393424987793,0.7200869917869568,0.002591728698462248,0.9965376164429698,0.0,1
moe_oeo_N25_k25_L4_lr0.002_s17,moe_oeo,25,25,1.0,17,42,0.8029377048401392,0.00047080735533512353,4972.637389183044,0.7460106611251831,0.7460106015205383,0.744775116443634,0.7162864208221436,0.0025766147300601006,0.9965371939652375,0.0,1
moe_oeo_N25_k25_L4_lr0.002_s17,moe_oeo,25,25,1.0,17,43,0.7957001447711634,0.0004280926002304517,5091.621155261993,0.7433510422706604,0.7433510422706604,0.7411342859268188,0.7142166495323181,0.0026177731342613697,0.996533955617403,0.0,1
moe_oeo_N25_k25_L4_lr0.002_s17,moe_oeo,25,25,1.0,17,44,0.7944534156029219,0.0003869728128606611,5210.249779701233,0.7473404407501221,0.7473403811454773,0.7455453276634216,0.7098171710968018,0.002611093455925584,0.9965318032004524,0.0,1
moe_oeo_N25_k25_L4_lr0.002_s17,moe_oeo,25,25,1.0,17,45,0.7839163670137729,0.0003475606997047307,5330.690945863724,0.7526595592498779,0.7526596188545227,0.7511633634567261,0.7074596881866455,0.0025829686783254147,0.9965195180284683,0.0,1
moe_oeo_N25_k25_L4_lr0.002_s17,moe_oeo,25,25,1.0,17,46,0.7794724567601942,0.0003099642866253181,5448.847870349884,0.7473404407501221,0.7473403811454773,0.745553195476532,0.7085581421852112,0.002569787669926882,0.9965156133561217,0.0,1
moe_oeo_N25_k25_L4_lr0.002_s17,moe_oeo,25,25,1.0,17,47,0.7841207523103038,0.0002742866227773799,5569.333427190781,0.7526595592498779,0.7526595592498779,0.7507801651954651,0.705145537853241,0.002552971476688981,0.9965241686838078,0.0,1
moe_oeo_N25_k25_L4_lr0.002_s17,moe_oeo,25,25,1.0,17,48,0.7835738699645076,0.00024062549815759878,5688.852687358856,0.7526595592498779,0.7526595592498779,0.7509271502494812,0.7037593126296997,0.0025784627068787813,0.9965251058087009,0.0,1
moe_oeo_N25_k25_L4_lr0.002_s17,moe_oeo,25,25,1.0,17,49,0.7750862837518186,0.0002090731755688021,5806.606287717819,0.7526595592498779,0.7526595592498779,0.7507936954498291,0.7024198770523071,0.0025637138169258833,0.9965184687180807,0.0,1
moe_oeo_N25_k25_L4_lr0.002_s17,moe_oeo,25,25,1.0,17,50,0.77812098449768,0.00017971613773403027,5924.215127468109,0.7526595592498779,0.7526596188545227,0.7506311535835266,0.7010776996612549,0.002553133759647608,0.9965145473953944,0.0,1
moe_oeo_N25_k25_L4_lr0.002_s17,moe_oeo,25,25,1.0,17,51,0.7738767806100383,0.00015263485025340568,6042.184509038925,0.75,0.7500000596046448,0.7480646371841431,0.7021921277046204,0.002583138644695282,0.9965085215193601,0.0,1
moe_oeo_N25_k25_L4_lr0.002_s17,moe_oeo,25,25,1.0,17,52,0.7702280471790327,0.00012790354105351589,6158.708032608032,0.748670220375061,0.748670220375061,0.7468066215515137,0.7000823020935059,0.002556056948378682,0.9965111580826838,0.0,1
moe_oeo_N25_k25_L4_lr0.002_s17,moe_oeo,25,25,1.0,17,53,0.7720803155066216,0.00010558999693382504,6275.179358959198,0.748670220375061,0.748670220375061,0.7468053102493286,0.6992585062980652,0.002565840957686305,0.996515512837889,0.0,1
moe_oeo_N25_k25_L4_lr0.002_s17,moe_oeo,25,25,1.0,17,54,0.7673145016935998,8.575537776777028e-05,6392.831718206406,0.748670220375061,0.7486702799797058,0.7467729449272156,0.6989037990570068,0.0025719560217112303,0.9965135133878392,0.0,1
moe_oeo_N25_k25_L4_lr0.002_s17,moe_oeo,25,25,1.0,17,55,0.7657087242154226,6.845404886779801e-05,6512.801572084427,0.7553191781044006,0.7553191781044006,0.7536043524742126,0.6977208852767944,0.0025587808340787888,0.9965119846852087,0.0,1
moe_oeo_N25_k25_L4_lr0.002_s17,moe_oeo,25,25,1.0,17,56,0.7644630667315498,5.373343197382237e-05,6630.989567279816,0.75,0.75,0.7482736110687256,0.697810709476471,0.002560835564509034,0.99650873770114,0.0,1
moe_oeo_N25_k25_L4_lr0.002_s17,moe_oeo,25,25,1.0,17,57,0.7613598785222802,4.163387527353236e-05,6749.457369327545,0.751329779624939,0.7513298392295837,0.7495176792144775,0.6979271769523621,0.002555954037234187,0.996506108253715,0.0,1
moe_oeo_N25_k25_L4_lr0.002_s17,moe_oeo,25,25,1.0,17,58,0.7690897820662009,3.218854281081372e-05,6867.287012577057,0.7526595592498779,0.7526596188545227,0.7508597373962402,0.6976770758628845,0.0025603952817618847,0.9965060230137033,0.0,1
moe_oeo_N25_k25_L4_lr0.002_s17,moe_oeo,25,25,1.0,17,59,0.767703589613307,2.5423323585409333e-05,6986.370672464371,0.7539893388748169,0.7539893984794617,0.7519987225532532,0.6972989439964294,0.002554696286097169,0.9965045283242104,0.0,1
moe_oeo_N25_k25_L4_lr0.002_s17,moe_oeo,25,25,1.0,17,60,0.7631720671149558,2.1356760592971906e-05,7105.878621101379,0.7526595592498779,0.7526596188545227,0.7506566643714905,0.6975196599960327,0.0025490554980933666,0.9965006734433711,0.0,1
moe_oeo_N49_k1_L4_lr0.002_s17,moe_oeo,49,1,0.02040816326530612,17,1,2.414349149657439,0.002,434.6099452972412,0.07579787075519562,0.07579787075519562,0.061834100633859634,5.312518119812012,1.4889330486766994e-05,0.9996715248113944,2.2328224382264192,40
moe_oeo_N49_k1_L4_lr0.002_s17,moe_oeo,49,1,0.02040816326530612,17,2,1.972034578692151,0.001998643239407028,868.35893201828,0.11303191632032394,0.11303190886974335,0.07626646757125854,5.562056064605713,8.724366489332169e-05,0.9995648600712866,3.7286726318065457,38
moe_oeo_N49_k1_L4_lr0.002_s17,moe_oeo,49,1,0.02040816326530612,17,3,1.7689008305368086,0.0019945766764145906,1304.9741230010986,0.1356382966041565,0.1356382966041565,0.0778551921248436,4.860043525695801,0.00023860334476921707,0.9994005469614164,4.7507440983844,33
moe_oeo_N49_k1_L4_lr0.002_s17,moe_oeo,49,1,0.02040816326530612,17,4,1.6454387492240836,0.0019878114571891866,1740.5731365680695,0.15026596188545227,0.15026596188545227,0.08269461244344711,4.5613274574279785,0.0003790287591982633,0.9992516248410693,4.951962309182039,28
moe_oeo_N49_k1_L4_lr0.002_s17,moe_oeo,49,1,0.02040816326530612,17,5,1.5441482873573966,0.0019783661247264675,2177.6785593032837,0.15558511018753052,0.15558511018753052,0.08699076622724533,4.376710891723633,0.0005197922000661492,0.9991611042689365,5.103807246227804,25
moe_oeo_N49_k1_L4_lr0.002_s17,moe_oeo,49,1,0.02040816326530612,17,6,2.188931514479254,0.0019662665680261777,2615.626733779907,0.34175533056259155,0.34175533056259155,0.2945273518562317,1.6362210512161255,0.00031777878757566214,0.9991737104932243,4.922020567039217,26
moe_oeo_N49_k1_L4_lr0.002_s17,moe_oeo,49,1,0.02040816326530612,17,7,1.7523767404496398,0.0019515459511322021,3050.9980914592743,0.4228723347187042,0.4228723347187042,0.4007321000099182,1.45066237449646,0.0002767522819340229,0.9991800673537696,4.88210844606302,26
moe_oeo_N49_k1_L4_lr0.002_s17,moe_oeo,49,1,0.02040816326530612,17,8,1.6506265655296033,0.0019342446222322296,3486.2407445907593,0.4680851101875305,0.4680851101875305,0.4348011612892151,1.3694288730621338,0.0002516120730433613,0.9991871562788158,4.88210844606302,26
moe_oeo_N49_k1_L4_lr0.002_s17,moe_oeo,49,1,0.02040816326530612,17,9,1.5989961857188781,0.0019144100030661748,3922.0441637039185,0.49202126264572144,0.4920212924480438,0.47274351119995117,1.3308347463607788,0.00025116681354120374,0.9991950642160627,4.852699883065496,26
moe_oeo_N49_k1_L4_lr0.002_s17,moe_oeo,49,1,0.02040816326530612,17,10,1.558890463894905,0.0018920964589464841,4359.44225025177,0.5319148898124695,0.5319148898124695,0.5156081318855286,1.274587631225586,0.00022856386203784496,0.9992036000247874,4.826937210515704,28
moe_oeo_N49_k1_L4_lr0.002_s17,moe_oeo,49,1,0.02040816326530612,17,11,1.5211552055595128,0.0018673651497465944,4796.383739233017,0.5531914830207825,0.5531914830207825,0.5339851975440979,1.2436810731887817,0.0002128918858943507,0.9992128285779226,4.796937532862335,28
moe_oeo_N49_k1_L4_lr0.002_s17,moe_oeo,49,1,0.02040816326530612,17,12,1.495106922845318,0.0018402838622659698,5232.178389310837,0.5531914830207825,0.5531914830207825,0.5368141531944275,1.218766689300537,0.00020239960576873273,0.9992225810497725,4.7826100583727325,28
moe_oeo_N49_k1_L4_lr0.002_s17,moe_oeo,49,1,0.02040816326530612,17,13,1.4765013513159535,0.001810926824431198,5667.940292835236,0.561170220375061,0.561170220375061,0.5445371866226196,1.210565447807312,0.00018936819105874747,0.9992334302389841,4.740574135191483,28
moe_oeo_N49_k1_L4_lr0.002_s17,moe_oeo,49,1,0.02040816326530612,17,14,1.4513096987656806,0.0017793745018424012,6101.36318063736,0.5731382966041565,0.5731382966041565,0.5587562322616577,1.1840859651565552,0.00018103844195138663,0.9992446514631114,4.702052130684823,28
moe_oeo_N49_k1_L4_lr0.002_s17,moe_oeo,49,1,0.02040816326530612,17,15,1.4277090316629846,0.0017457133772226204,6536.279705524445,0.5372340679168701,0.5372340679168701,0.517354428768158,1.1805561780929565,0.00017200650472659618,0.9992567257572549,4.6455260614088445,28
moe_oeo_N49_k1_L4_lr0.002_s17,moe_oeo,49,1,0.02040816326530612,17,16,1.4080563876182521,0.001710035713374682,6972.512259960175,0.5797872543334961,0.5797872543334961,0.5673632025718689,1.1572438478469849,0.0001623993885004893,0.9992693017933688,4.603894740633522,28
moe_oeo_N49_k1_L4_lr0.002_s17,moe_oeo,49,1,0.02040816326530612,17,17,1.410100904331632,0.0016724393002952695,7407.694937467575,0.5664893388748169,0.5664893388748169,0.5535404086112976,1.1498668193817139,0.00016546859114896506,0.9992822926236865,4.5733226375479035,28
moe_oeo_N49_k1_L4_lr0.002_s17,moe_oeo,49,1,0.02040816326530612,17,18,1.3916550933055953,0.0016330271871393392,7841.125445842743,0.563829779624939,0.563829779624939,0.5524538159370422,1.1427536010742188,0.00016057903121691197,0.9992961741913456,4.514455968404024,28
moe_oeo_N49_k1_L4_lr0.002_s17,moe_oeo,49,1,0.02040816326530612,17,19,1.3865105397829183,0.0015919073997695485,8276.831194162369,0.6077127456665039,0.6077127456665039,0.5894463658332825,1.1235294342041016,0.0001572852343088016,0.9993099569579352,4.4277122559755515,30
moe_oeo_N49_k1_L4_lr0.002_s17,moe_oeo,49,1,0.02040816326530612,17,20,1.3766250727723723,0.001549192644664877,8712.544255256653,0.5744680762290955,0.5744680762290955,0.5613515377044678,1.1297736167907715,0.00014471645408775657,0.9993247104722064,4.356553089239378,31
moe_oeo_N49_k1_L4_lr0.002_s17,moe_oeo,49,1,0.02040816326530612,17,21,1.3724595422103798,0.0015049999999999998,9147.311539173126,0.5864361524581909,0.5864361524581909,0.5731794834136963,1.1135168075561523,0.00013634029892273247,0.9993395045809721,4.257329557492845,31
moe_oeo_N49_k1_L4_lr0.002_s17,moe_oeo,49,1,0.02040816326530612,17,22,1.3740823134847973,0.0014594505947421513,9583.576194047928,0.582446813583374,0.582446813583374,0.5689862370491028,1.1204112768173218,0.0001321112795267254,0.9993542162603405,4.197767837946661,31
moe_oeo_N49_k1_L4_lr0.002_s17,moe_oeo,49,1,0.02040816326530612,17,23,1.3654257527565303,0.0014126692766450425,10016.343287706375,0.5997340679168701,0.5997340083122253,0.5865692496299744,1.111221432685852,0.00013107986887916923,0.9993683653859372,4.139379734475521,31
moe_oeo_N49_k1_L4_lr0.002_s17,moe_oeo,49,1,0.02040816326530612,17,24,1.33543619192014,0.0013647842700498477,10453.130514144897,0.602393627166748,0.602393627166748,0.591137707233429,1.0969504117965698,0.00013101354124955833,0.9993841769260046,4.070950235870495,31
moe_oeo_N49_k1_L4_lr0.002_s17,moe_oeo,49,1,0.02040816326530612,17,25,1.3437334890371044,0.001315926824431198,10890.67416715622,0.5784574747085571,0.5784574747085571,0.5695642232894897,1.1209356784820557,0.00012527950457297266,0.9993996225963797,3.9581545169870083,31
moe_oeo_N49_k1_L4_lr0.002_s17,moe_oeo,49,1,0.02040816326530612,17,26,1.3224355784249089,0.0012662308546514955,11326.182721853256,0.5944148898124695,0.5944148898124695,0.5801972150802612,1.0932437181472778,0.00011911268666153774,0.9994155780110104,3.856725013804893,33
moe_oeo_N49_k1_L4_lr0.002_s17,moe_oeo,49,1,0.02040816326530612,17,27,1.3273731646336377,0.0012158325739095818,11763.949412345886,0.583776593208313,0.583776593208313,0.5727841854095459,1.1098698377609253,0.00011708177044056356,0.9994317263193417,3.74161723578034,34
moe_oeo_N49_k1_L4_lr0.002_s17,moe_oeo,49,1,0.02040816326530612,17,28,1.325559989621514,0.0011648701203898287,12199.152578830719,0.5930851101875305,0.5930851101875305,0.5843990445137024,1.0953879356384277,0.00011382679804228246,0.9994465569052297,3.6964176901600565,35
moe_oeo_N49_k1_L4_lr0.002_s17,moe_oeo,49,1,0.02040816326530612,17,29,1.3252692747878156,0.001113483178634977,12634.621093273163,0.583776593208313,0.583776593208313,0.5765870213508606,1.1003001928329468,0.0001050981882144697,0.9994627599816349,3.592423139244074,36
moe_oeo_N49_k1_L4_lr0.002_s17,moe_oeo,49,1,0.02040816326530612,17,30,1.3282463413463335,0.0010618125966805143,13070.871184587479,0.5997340679168701,0.5997340679168701,0.584798276424408,1.1004955768585205,0.00010364916670368984,0.9994779652679957,3.5372720559905244,36
moe_oeo_N49_k1_L4_lr0.002_s17,moe_oeo,49,1,0.02040816326530612,17,31,1.334308405836287,0.0010100000000000003,13505.045150756836,0.605053186416626,0.605053186416626,0.5953879356384277,1.0932252407073975,0.00010560913506196812,0.9994921528043226,3.45541521618378,36
moe_oeo_N49_k1_L4_lr0.002_s17,moe_oeo,49,1,0.02040816326530612,17,32,1.3100530931632541,0.0009581874033194859,13941.02744102478,0.5757978558540344,0.5757978558540344,0.5645447969436646,1.0988438129425049,9.999884059652686e-05,0.9995064131238439,3.3449961936709944,37
moe_oeo_N49_k1_L4_lr0.002_s17,moe_oeo,49,1,0.02040816326530612,17,33,1.3107071139734903,0.0009065168213650232,14376.70960855484,0.6077127456665039,0.6077127456665039,0.5961118340492249,1.0880215167999268,0.0001012783104670234,0.9995197606869007,3.2725617967502085,37
moe_oeo_N49_k1_L4_lr0.002_s17,moe_oeo,49,1,0.02040816326530612,17,34,1.32131092876332,0.0008551298796101715,14814.326445102692,0.5864361524581909,0.5864362120628357,0.577552318572998,1.1327217817306519,9.81077755568549e-05,0.9995337242568445,3.1145433836390484,37
moe_oeo_N49_k1_L4_lr0.002_s17,moe_oeo,49,1,0.02040816326530612,17,35,1.3339918862569005,0.0008041674260904182,15248.861335992813,0.5492021441459656,0.5492021441459656,0.5458271503448486,1.1488702297210693,9.252157906303182e-05,0.9995469362975161,2.9891351297972006,37
moe_oeo_N49_k1_L4_lr0.002_s17,moe_oeo,49,1,0.02040816326530612,17,36,1.3604278506617569,0.0007537691453485046,15684.69649553299,0.5651595592498779,0.5651595592498779,0.5525454878807068,1.1513311862945557,9.022909944178537e-05,0.9995599358092461,2.911631613986396,38
moe_oeo_N49_k1_L4_lr0.002_s17,moe_oeo,49,1,0.02040816326530612,17,37,1.3581607995308154,0.0007040731755688022,16119.13070845604,0.5678191781044006,0.5678191781044006,0.5544865131378174,1.159892201423645,8.698175224708393e-05,0.9995744507831281,2.9138924357409484,40
moe_oeo_N49_k1_L4_lr0.002_s17,moe_oeo,49,1,0.02040816326530612,17,38,1.364040444719873,0.0006552157299501527,16554.99116206169,0.5678191781044006,0.5678191184997559,0.5601862668991089,1.1540402173995972,8.619902655482292e-05,0.9995882305079961,2.87159789255613,41
moe_oeo_N49_k1_L4_lr0.002_s17,moe_oeo,49,1,0.02040816326530612,17,39,1.369405585779175,0.000607330723354958,16990.731889009476,0.5571808218955994,0.5571808815002441,0.5509430766105652,1.1613600254058838,8.52710145409219e-05,0.9995992519952825,2.797592351999692,41
moe_oeo_N49_k1_L4_lr0.002_s17,moe_oeo,49,1,0.02040816326530612,17,40,1.3831985644553895,0.0005605494052578487,17424.91787290573,0.5678191781044006,0.5678191781044006,0.5577486753463745,1.1717255115509033,8.448318112641573e-05,0.9996089986869802,2.6643016944950384,41
moe_oeo_N49_k1_L4_lr0.002_s17,moe_oeo,49,1,0.02040816326530612,17,41,1.358913181970517,0.0005150000000000003,17861.978361845016,0.5664893388748169,0.5664893388748169,0.5574920177459717,1.1470173597335815,8.393853931920603e-05,0.9996210091345783,2.6578545241158524,40
moe_oeo_N49_k1_L4_lr0.002_s17,moe_oeo,49,1,0.02040816326530612,17,42,1.3631603986569192,0.00047080735533512353,18297.02216076851,0.5731382966041565,0.5731382966041565,0.564936101436615,1.1259427070617676,8.141053694998845e-05,0.9996314310135509,2.6268330529584163,40
moe_oeo_N49_k1_L4_lr0.002_s17,moe_oeo,49,1,0.02040816326530612,17,43,1.3441099763665025,0.0004280926002304517,18731.904799461365,0.5771276354789734,0.5771276354789734,0.5680163502693176,1.1162201166152954,8.155265095410869e-05,0.999642039715155,2.625678270267059,40
moe_oeo_N49_k1_L4_lr0.002_s17,moe_oeo,49,1,0.02040816326530612,17,44,1.3468527411148972,0.0003869728128606611,19165.619410037994,0.5757978558540344,0.5757978558540344,0.5660383701324463,1.113166332244873,8.000635716598481e-05,0.9996489346552414,2.6183750261548404,40
moe_oeo_N49_k1_L4_lr0.002_s17,moe_oeo,49,1,0.02040816326530612,17,45,1.346534965109063,0.0003475606997047307,19600.238157510757,0.5797872543334961,0.5797872543334961,0.5725995302200317,1.1243484020233154,7.540654769400135e-05,0.9996577616610779,2.5837632428964157,40
moe_oeo_N49_k1_L4_lr0.002_s17,moe_oeo,49,1,0.02040816326530612,17,46,1.3440760560503833,0.0003099642866253181,20036.126013994217,0.5771276354789734,0.5771276950836182,0.5688841342926025,1.1190533638000488,7.427704258589074e-05,0.9996645221916092,2.583293740592901,40
moe_oeo_N49_k1_L4_lr0.002_s17,moe_oeo,49,1,0.02040816326530612,17,47,1.3347112513976553,0.0002742866227773799,20471.979677200317,0.5784574747085571,0.5784574747085571,0.5680433511734009,1.1196542978286743,7.240232662297785e-05,0.9996716639436808,2.576778410708731,41
moe_oeo_N49_k1_L4_lr0.002_s17,moe_oeo,49,1,0.02040816326530612,17,48,1.3545819063368998,0.00024062549815759878,20908.579681158066,0.5757978558540344,0.5757978558540344,0.5673151612281799,1.117916464805603,7.043921505101025e-05,0.9996782143437789,2.5631910612437743,41
moe_oeo_N49_k1_L4_lr0.002_s17,moe_oeo,49,1,0.02040816326530612,17,49,1.337833460607485,0.0002090731755688021,21343.207190275192,0.5744680762290955,0.5744681358337402,0.5662036538124084,1.1226404905319214,6.879180727992207e-05,0.9996853404276,2.536481197550523,41
moe_oeo_N49_k1_L4_lr0.002_s17,moe_oeo,49,1,0.02040816326530612,17,50,1.3587430473161888,0.00017971613773403027,21779.663130044937,0.5678191781044006,0.5678191781044006,0.5585842728614807,1.1304411888122559,6.828810001024976e-05,0.9996901713718245,2.5127652223243637,41
moe_oeo_N49_k1_L4_lr0.002_s17,moe_oeo,49,1,0.02040816326530612,17,51,1.3325286775181011,0.00015263485025340568,22216.27460336685,0.5691489577293396,0.5691488981246948,0.5611616969108582,1.1307389736175537,6.732982001267374e-05,0.9996949106680938,2.5058245058727446,41
moe_oeo_N49_k1_L4_lr0.002_s17,moe_oeo,49,1,0.02040816326530612,17,52,1.3621206588056534,0.00012790354105351589,22652.68702030182,0.561170220375061,0.561170220375061,0.5525895357131958,1.1293365955352783,6.692994065815583e-05,0.9996995176399784,2.4964013626664925,41
moe_oeo_N49_k1_L4_lr0.002_s17,moe_oeo,49,1,0.02040816326530612,17,53,1.3409947360861518,0.00010558999693382504,23088.623423814774,0.5704787373542786,0.5704787373542786,0.5642064213752747,1.1352485418319702,6.537467561429366e-05,0.9997038595115317,2.487325658030331,41
moe_oeo_N49_k1_L4_lr0.002_s17,moe_oeo,49,1,0.02040816326530612,17,54,1.362078787631368,8.575537776777028e-05,23524.334301948547,0.5598404407501221,0.5598404407501221,0.5527202486991882,1.1445832252502441,6.541253242176026e-05,0.9997068187531842,2.458523819056842,43
moe_oeo_N49_k1_L4_lr0.002_s17,moe_oeo,49,1,0.02040816326530612,17,55,1.3618288274395138,6.845404886779801e-05,23957.61310529709,0.5585106611251831,0.5585106611251831,0.5506142377853394,1.146648645401001,6.334616045933217e-05,0.9997095303013314,2.459263831945752,43
moe_oeo_N49_k1_L4_lr0.002_s17,moe_oeo,49,1,0.02040816326530612,17,56,1.3669794715736827,5.373343197382237e-05,24391.274387598038,0.563829779624939,0.563829779624939,0.5561714172363281,1.1491869688034058,6.226957339094952e-05,0.9997114251737595,2.463593715694407,43
moe_oeo_N49_k1_L4_lr0.002_s17,moe_oeo,49,1,0.02040816326530612,17,57,1.356706218564347,4.163387527353236e-05,24824.98684167862,0.561170220375061,0.561170220375061,0.553663969039917,1.1507320404052734,6.251986633287743e-05,0.999713274503004,2.448493978509454,43
moe_oeo_N49_k1_L4_lr0.002_s17,moe_oeo,49,1,0.02040816326530612,17,58,1.3618195866613083,3.218854281081372e-05,25260.830817222595,0.5598404407501221,0.5598404407501221,0.5526539087295532,1.1517363786697388,6.215050962055102e-05,0.9997147111709923,2.4479276981534785,43
moe_oeo_N49_k1_L4_lr0.002_s17,moe_oeo,49,1,0.02040816326530612,17,59,1.3554876655442258,2.5423323585409333e-05,25694.683099746704,0.5664893388748169,0.5664893388748169,0.5593385696411133,1.150452971458435,6.183422374306247e-05,0.9997159224442055,2.4479276981534785,43
moe_oeo_N49_k1_L4_lr0.002_s17,moe_oeo,49,1,0.02040816326530612,17,60,1.3475615724955248,2.1356760592971906e-05,26128.830451965332,0.561170220375061,0.561170220375061,0.5533561110496521,1.1509901285171509,6.192863656906411e-05,0.9997169578401972,2.4479276981534785,43
moe_oeo_N49_k12_L4_lr0.002_s17,moe_oeo,49,12,0.24489795918367346,17,1,2.4142894796584837,0.002,257.54456853866577,0.11569149047136307,0.11569149047136307,0.05235672742128372,3.6149609088897705,0.0008040642132982612,0.99967146988263,0.713840787603115,612
moe_oeo_N49_k12_L4_lr0.002_s17,moe_oeo,49,12,0.24489795918367346,17,2,1.971819308250462,0.001998643239407028,517.6341750621796,0.14361701905727386,0.14361701905727386,0.05952461063861847,3.5702624320983887,0.0005594687536358833,0.9995591214670545,0.8266253397126093,589
moe_oeo_N49_k12_L4_lr0.002_s17,moe_oeo,49,12,0.24489795918367346,17,3,1.7687916456632418,0.0019945766764145906,776.5511960983276,0.14095744490623474,0.14095744490623474,0.05440030246973038,3.494870185852051,0.0005831548478454351,0.9993920447903214,0.870796637182788,588
moe_oeo_N49_k12_L4_lr0.002_s17,moe_oeo,49,12,0.24489795918367346,17,4,1.6456557414983506,0.0019878114571891866,1036.7964158058167,0.14494681358337402,0.14494681358337402,0.05604610964655876,3.2441232204437256,0.0006993996212258935,0.9992411347227459,0.9120759479412949,573
moe_oeo_N49_k12_L4_lr0.002_s17,moe_oeo,49,12,0.24489795918367346,17,5,1.5448774578194369,0.0019783661247264675,1298.6229219436646,0.1489361673593521,0.1489361673593521,0.06637254357337952,3.1991400718688965,0.0008345447713509202,0.9991543244731553,0.9371186058072133,568
moe_oeo_N49_k12_L4_lr0.002_s17,moe_oeo,49,12,0.24489795918367346,17,6,1.9477823679101522,0.0019662665680261777,1558.2618927955627,0.417553186416626,0.417553186416626,0.3928593397140503,1.5198609828948975,0.0004692547663580626,0.9992094613431136,0.9586650935209714,561
moe_oeo_N49_k12_L4_lr0.002_s17,moe_oeo,49,12,0.24489795918367346,17,7,1.6083979392636856,0.0019515459511322021,1817.6780712604523,0.521276593208313,0.521276593208313,0.5092013478279114,1.3426575660705566,0.0003429996140766889,0.9992554222610635,0.9727383313920024,554
moe_oeo_N49_k12_L4_lr0.002_s17,moe_oeo,49,12,0.24489795918367346,17,8,1.5032515925903842,0.0019342446222322296,2076.9372038841248,0.539893627166748,0.539893627166748,0.5366388559341431,1.235690712928772,0.000279712287010625,0.999289224284722,0.9779200650076195,549
moe_oeo_N49_k12_L4_lr0.002_s17,moe_oeo,49,12,0.24489795918367346,17,9,1.4096676949156475,0.0019144100030661748,2336.614905834198,0.5904255509376526,0.5904255509376526,0.5869409441947937,1.1507898569107056,0.0002456225047353655,0.9993174417562841,0.9821638887363497,544
moe_oeo_N49_k12_L4_lr0.002_s17,moe_oeo,49,12,0.24489795918367346,17,10,1.3443512217094908,0.0018920964589464841,2596.2767629623413,0.6396276354789734,0.6396276354789734,0.6336620450019836,1.0849076509475708,0.00022863943013362586,0.9992864149227442,0.9957860954123608,542
moe_oeo_N49_k12_L4_lr0.002_s17,moe_oeo,49,12,0.24489795918367346,17,11,1.2989495136013858,0.0018673651497465944,2854.860132932663,0.6635638475418091,0.6635638475418091,0.659491777420044,1.0396239757537842,0.0002101884747389704,0.9992746687655484,1.0004131097431113,541
moe_oeo_N49_k12_L4_lr0.002_s17,moe_oeo,49,12,0.24489795918367346,17,12,1.2510039823376424,0.0018402838622659698,3116.609692811966,0.6622340679168701,0.6622340679168701,0.6591647267341614,1.008886694908142,0.0001982385292649269,0.9992699427377911,0.9970494252691845,538
moe_oeo_N49_k12_L4_lr0.002_s17,moe_oeo,49,12,0.24489795918367346,17,13,1.213812290516482,0.001810926824431198,3375.792717695236,0.6781914830207825,0.6781914830207825,0.6750034689903259,0.9615848660469055,0.00019117938063573092,0.9992384988766215,1.0042761611012172,534
moe_oeo_N49_k12_L4_lr0.002_s17,moe_oeo,49,12,0.24489795918367346,17,14,1.1914658651912593,0.0017793745018424012,3634.7273983955383,0.6981382966041565,0.6981383562088013,0.6951691508293152,0.9283417463302612,0.00018516115960665047,0.999170859246025,1.0078217372734461,533
moe_oeo_N49_k12_L4_lr0.002_s17,moe_oeo,49,12,0.24489795918367346,17,15,1.1578194621491105,0.0017457133772226204,3894.2478432655334,0.6968085169792175,0.6968085169792175,0.6939327120780945,0.9159364104270935,0.000157395115820691,0.9991505568399474,1.0081267740379882,539
moe_oeo_N49_k12_L4_lr0.002_s17,moe_oeo,49,12,0.24489795918367346,17,16,1.1304200880195452,0.001710035713374682,4155.218932151794,0.707446813583374,0.707446813583374,0.7058804035186768,0.8945521116256714,0.00015601509949192405,0.999111168336589,1.0141645864981472,538
moe_oeo_N49_k12_L4_lr0.002_s17,moe_oeo,49,12,0.24489795918367346,17,17,1.1056962402614012,0.0016724393002952695,4415.597054243088,0.728723406791687,0.728723406791687,0.7264825105667114,0.8685276508331299,0.0001546110142953694,0.9990877430413763,1.012674257712627,532
moe_oeo_N49_k12_L4_lr0.002_s17,moe_oeo,49,12,0.24489795918367346,17,18,1.0807624074830313,0.0016330271871393392,4675.106223344803,0.7353723645210266,0.7353723049163818,0.7332437634468079,0.8637226223945618,0.00015232045552693307,0.999055370813901,1.0117700795933027,535
moe_oeo_N49_k12_L4_lr0.002_s17,moe_oeo,49,12,0.24489795918367346,17,19,1.0781920359695338,0.0015919073997695485,4936.395135164261,0.7473404407501221,0.7473404407501221,0.7445744872093201,0.841863214969635,0.0001496846234658733,0.9990319736490351,1.0093025273625635,537
moe_oeo_N49_k12_L4_lr0.002_s17,moe_oeo,49,12,0.24489795918367346,17,20,1.0625089893636366,0.001549192644664877,5196.977000713348,0.75,0.75,0.7488990426063538,0.8319249749183655,0.00015124572382774204,0.9990200934370578,1.0102893263566908,536
moe_oeo_N49_k12_L4_lr0.002_s17,moe_oeo,49,12,0.24489795918367346,17,21,1.0572296136896633,0.0015049999999999998,5457.236566066742,0.7632978558540344,0.7632979154586792,0.762162983417511,0.8196074962615967,0.00015102907491382211,0.9989667703670673,1.0123676062444806,530
moe_oeo_N49_k12_L4_lr0.002_s17,moe_oeo,49,12,0.24489795918367346,17,22,1.0488299329395163,0.0014594505947421513,5718.296708106995,0.7606382966041565,0.7606382966041565,0.7592920660972595,0.8230493664741516,0.00014782937068957835,0.9989310392625849,1.0270409697747551,529
moe_oeo_N49_k12_L4_lr0.002_s17,moe_oeo,49,12,0.24489795918367346,17,23,1.0389487745248835,0.0014126692766450425,5977.2278881073,0.7593085169792175,0.7593085169792175,0.7572023868560791,0.8032675385475159,0.0001455141609767452,0.9988720371042142,1.0301251129620441,532
moe_oeo_N49_k12_L4_lr0.002_s17,moe_oeo,49,12,0.24489795918367346,17,24,1.027177446594113,0.0013647842700498477,6237.021106719971,0.751329779624939,0.751329779624939,0.7476733922958374,0.8052289485931396,0.00014472102338913828,0.9988372821911892,1.035218963191693,529
moe_oeo_N49_k12_L4_lr0.002_s17,moe_oeo,49,12,0.24489795918367346,17,25,1.0098365695305067,0.001315926824431198,6495.790851593018,0.772606372833252,0.772606372833252,0.7713457345962524,0.7811345458030701,0.00012766839063260704,0.9987927751568859,1.0352125568720338,531
moe_oeo_N49_k12_L4_lr0.002_s17,moe_oeo,49,12,0.24489795918367346,17,26,0.9965524911778431,0.0012662308546514955,6756.4869639873505,0.772606372833252,0.7726064324378967,0.7715718150138855,0.7709038853645325,0.00010597730579320341,0.9987609173780524,1.0399135696040827,529
moe_oeo_N49_k12_L4_lr0.002_s17,moe_oeo,49,12,0.24489795918367346,17,27,0.9885850696224873,0.0012158325739095818,7016.817626237869,0.7686170339584351,0.7686169743537903,0.7673338055610657,0.7699084281921387,0.00010547464626142755,0.9987720224094351,1.0369943149469516,528
moe_oeo_N49_k12_L4_lr0.002_s17,moe_oeo,49,12,0.24489795918367346,17,28,0.9827387973019793,0.0011648701203898287,7276.819200992584,0.7752659320831299,0.7752659916877747,0.7742401361465454,0.75801020860672,8.386720583075657e-05,0.998772820793069,1.0370175305777858,534
moe_oeo_N49_k12_L4_lr0.002_s17,moe_oeo,49,12,0.24489795918367346,17,29,0.9803222807370908,0.001113483178634977,7536.734515428543,0.7672872543334961,0.7672872543334961,0.7652654051780701,0.7597498893737793,8.401452214457095e-05,0.998733270973776,1.0384642434927278,537
moe_oeo_N49_k12_L4_lr0.002_s17,moe_oeo,49,12,0.24489795918367346,17,30,0.9735988931024455,0.0010618125966805143,7795.248891353607,0.771276593208313,0.771276593208313,0.7685754895210266,0.7578851580619812,8.243419142672792e-05,0.9987157254302621,1.0384955334010697,534
moe_oeo_N49_k12_L4_lr0.002_s17,moe_oeo,49,12,0.24489795918367346,17,31,0.9588407713698742,0.0010100000000000003,8054.950706481934,0.7792553305625916,0.7792552709579468,0.7784067392349243,0.7514500021934509,8.235920540755615e-05,0.9986999296864038,1.0388755573883526,534
moe_oeo_N49_k12_L4_lr0.002_s17,moe_oeo,49,12,0.24489795918367346,17,32,0.9518779811351539,0.0009581874033194859,8315.278261423111,0.7819148898124695,0.7819148898124695,0.7808485627174377,0.7421365976333618,8.12990328995511e-05,0.9986642445233358,1.0367720572688917,532
moe_oeo_N49_k12_L4_lr0.002_s17,moe_oeo,49,12,0.24489795918367346,17,33,0.9455992350329275,0.0009065168213650232,8576.186092853546,0.7845744490623474,0.7845745086669922,0.7832695245742798,0.7373043894767761,8.141875878209248e-05,0.9986621061614899,1.0387081487574557,536
moe_oeo_N49_k12_L4_lr0.002_s17,moe_oeo,49,12,0.24489795918367346,17,34,0.9362979043428212,0.0008551298796101715,8835.530656337738,0.7832446694374084,0.7832446694374084,0.7823284268379211,0.736333966255188,8.046706352615729e-05,0.9986440624648009,1.03965777990855,536
moe_oeo_N49_k12_L4_lr0.002_s17,moe_oeo,49,12,0.24489795918367346,17,35,0.9276302737018017,0.0008041674260904182,9095.975657701492,0.7832446694374084,0.7832447290420532,0.7823927402496338,0.7346246242523193,7.893462316133082e-05,0.9986256232170877,1.0383547245289289,539
moe_oeo_N49_k12_L4_lr0.002_s17,moe_oeo,49,12,0.24489795918367346,17,36,0.9286822642297505,0.0007537691453485046,9357.11489725113,0.7872340679168701,0.7872340083122253,0.7860850095748901,0.7325247526168823,7.917331822682172e-05,0.9986123745624932,1.0372374225389336,540
moe_oeo_N49_k12_L4_lr0.002_s17,moe_oeo,49,12,0.24489795918367346,17,37,0.9291436403785667,0.0007040731755688022,9618.213557720184,0.7805851101875305,0.7805851101875305,0.7800045609474182,0.7342052459716797,7.847905362723395e-05,0.9986112659500939,1.0360585278118173,538
moe_oeo_N49_k12_L4_lr0.002_s17,moe_oeo,49,12,0.24489795918367346,17,38,0.9190412771347996,0.0006552157299501527,9879.175571203232,0.7859042286872864,0.7859042882919312,0.7853403091430664,0.7341610193252563,7.868895772844553e-05,0.9985953193535807,1.0352509250507262,538
moe_oeo_N49_k12_L4_lr0.002_s17,moe_oeo,49,12,0.24489795918367346,17,39,0.9266629072765237,0.000607330723354958,10138.47743010521,0.7260638475418091,0.7260638475418091,0.7234541773796082,0.7804809808731079,7.764257316011935e-05,0.9985690893691439,1.0252225408121234,542
moe_oeo_N49_k12_L4_lr0.002_s17,moe_oeo,49,12,0.24489795918367346,17,40,0.9464353966148205,0.0005605494052578487,10398.55940937996,0.7859042286872864,0.7859042882919312,0.7858307361602783,0.7406479716300964,7.503438246203586e-05,0.9985631963813281,1.0196828844914552,540
moe_oeo_N49_k12_L4_lr0.002_s17,moe_oeo,49,12,0.24489795918367346,17,41,0.9331756864746684,0.0005150000000000003,10661.284159183502,0.7938829660415649,0.7938830256462097,0.7934362888336182,0.7333263754844666,7.475185702787712e-05,0.9985578167629585,1.01899399681555,539
moe_oeo_N49_k12_L4_lr0.002_s17,moe_oeo,49,12,0.24489795918367346,17,42,0.9239487981925544,0.00047080735533512353,10921.102349996567,0.7872340679168701,0.7872340679168701,0.7870026230812073,0.7295541763305664,7.466755778295919e-05,0.9985415485410362,1.0200292185752424,538
moe_oeo_N49_k12_L4_lr0.002_s17,moe_oeo,49,12,0.24489795918367346,17,43,0.9188232363018816,0.0004280926002304517,11181.932319402695,0.791223406791687,0.791223406791687,0.790917694568634,0.7269048094749451,7.486421964131296e-05,0.9985399101401646,1.0200085716711436,537
moe_oeo_N49_k12_L4_lr0.002_s17,moe_oeo,49,12,0.24489795918367346,17,44,0.9143972183539443,0.0003869728128606611,11441.844501495361,0.7832446694374084,0.7832447290420532,0.783225417137146,0.7241028547286987,7.409772661048919e-05,0.9985423633841702,1.0200817208465898,536
moe_oeo_N49_k12_L4_lr0.002_s17,moe_oeo,49,12,0.24489795918367346,17,45,0.9147792808269257,0.0003475606997047307,11700.805579185486,0.7845744490623474,0.7845745086669922,0.7843431234359741,0.7190716862678528,7.449444819940254e-05,0.998536019119769,1.0200840777216502,537
moe_oeo_N49_k12_L4_lr0.002_s17,moe_oeo,49,12,0.24489795918367346,17,46,0.9063407205317391,0.0003099642866253181,11959.988802194595,0.789893627166748,0.789893627166748,0.7895498275756836,0.719423234462738,7.389087841147557e-05,0.9985317589829303,1.0200073942041938,538
moe_oeo_N49_k12_L4_lr0.002_s17,moe_oeo,49,12,0.24489795918367346,17,47,0.8979746085936076,0.0002742866227773799,12218.600744247437,0.7938829660415649,0.7938830256462097,0.7935248613357544,0.7186838984489441,7.404591451631859e-05,0.9985256340338082,1.0203129266926998,539
moe_oeo_N49_k12_L4_lr0.002_s17,moe_oeo,49,12,0.24489795918367346,17,48,0.9027343281974259,0.00024062549815759878,12478.800169944763,0.789893627166748,0.7898936867713928,0.7896850109100342,0.7148147821426392,7.357211870839819e-05,0.9985230044960594,1.021010944483614,539
moe_oeo_N49_k12_L4_lr0.002_s17,moe_oeo,49,12,0.24489795918367346,17,49,0.8965129560565568,0.0002090731755688021,12738.104805469513,0.7938829660415649,0.7938830256462097,0.7937024235725403,0.7128586173057556,7.376050780294463e-05,0.9985164862922871,1.0222601746444557,538
moe_oeo_N49_k12_L4_lr0.002_s17,moe_oeo,49,12,0.24489795918367346,17,50,0.9005699569197823,0.00017971613773403027,12998.812463283539,0.791223406791687,0.7912234663963318,0.7908390164375305,0.7150601744651794,7.3426534072496e-05,0.9985151320649857,1.021529434979103,537
moe_oeo_N49_k12_L4_lr0.002_s17,moe_oeo,49,12,0.24489795918367346,17,51,0.8943607541626175,0.00015263485025340568,13257.884488105774,0.7952127456665039,0.7952128052711487,0.794975757598877,0.712733268737793,7.363319309661165e-05,0.9985130791567407,1.0221124217074276,537
moe_oeo_N49_k12_L4_lr0.002_s17,moe_oeo,49,12,0.24489795918367346,17,52,0.8961055317051607,0.00012790354105351589,13519.885308027267,0.791223406791687,0.791223406791687,0.7907549142837524,0.7126093506813049,7.336906855925918e-05,0.9985145531638632,1.0221960142175002,537
moe_oeo_N49_k12_L4_lr0.002_s17,moe_oeo,49,12,0.24489795918367346,17,53,0.8942707966519817,0.00010558999693382504,13780.310203075409,0.789893627166748,0.789893627166748,0.7896426916122437,0.7111361622810364,7.33003398636356e-05,0.9985139835253655,1.0225962223585616,537
moe_oeo_N49_k12_L4_lr0.002_s17,moe_oeo,49,12,0.24489795918367346,17,54,0.8892014067466945,8.575537776777028e-05,14040.383232355118,0.789893627166748,0.789893627166748,0.7898375391960144,0.7104660868644714,5.012338442611508e-05,0.9985118017025312,1.022878040652189,537
moe_oeo_N49_k12_L4_lr0.002_s17,moe_oeo,49,12,0.24489795918367346,17,55,0.8935800787894965,6.845404886779801e-05,14301.142504453659,0.792553186416626,0.792553186416626,0.792321503162384,0.7094182372093201,5.005049388273619e-05,0.9985109935705722,1.022927453100848,537
moe_oeo_N49_k12_L4_lr0.002_s17,moe_oeo,49,12,0.24489795918367346,17,56,0.8907751194860565,5.373343197382237e-05,14560.30985212326,0.7872340679168701,0.7872340679168701,0.7871463894844055,0.7089969515800476,5.000345117878169e-05,0.9985105814751661,1.0228509789535705,537
moe_oeo_N49_k12_L4_lr0.002_s17,moe_oeo,49,12,0.24489795918367346,17,57,0.8890596397357172,4.163387527353236e-05,14821.527384519577,0.789893627166748,0.789893627166748,0.7896867990493774,0.7106438279151917,4.995184644940309e-05,0.9985110903470804,1.0228509789535705,537
moe_oeo_N49_k12_L4_lr0.002_s17,moe_oeo,49,12,0.24489795918367346,17,58,0.8894618104411859,3.218854281081372e-05,15080.385021924973,0.7938829660415649,0.7938829660415649,0.7936514019966125,0.7085930109024048,4.9936381401494145e-05,0.9985086071068755,1.0228509789535705,537
moe_oeo_N49_k12_L4_lr0.002_s17,moe_oeo,49,12,0.24489795918367346,17,59,0.8864942743149522,2.5423323585409333e-05,15340.528527498245,0.7952127456665039,0.7952127456665039,0.7949090600013733,0.7086464762687683,4.994214395992458e-05,0.9985081980831114,1.0228156829727313,538
moe_oeo_N49_k12_L4_lr0.002_s17,moe_oeo,49,12,0.24489795918367346,17,60,0.8907019159156983,2.1356760592971906e-05,15600.151806116104,0.7938829660415649,0.7938829660415649,0.7936449646949768,0.7079758048057556,4.993949187337421e-05,0.9985073468081198,1.0230003921200042,538
moe_oeo_N49_k24_L4_lr0.002_s17,moe_oeo,49,24,0.4897959183673469,17,1,2.4142894796584837,0.002,261.4187264442444,0.125,0.125,0.06632860004901886,3.237755298614502,0.0015320958336815238,0.99967146988263,0.35813638424777644,703
moe_oeo_N49_k24_L4_lr0.002_s17,moe_oeo,49,24,0.4897959183673469,17,2,1.971819308250462,0.001998643239407028,521.4023313522339,0.12765957415103912,0.12765958905220032,0.05656563490629196,3.227731704711914,0.0010577886132523417,0.9995591214670545,0.3846670730193235,688
moe_oeo_N49_k24_L4_lr0.002_s17,moe_oeo,49,24,0.4897959183673469,17,3,1.7687916456632418,0.0019945766764145906,783.1271176338196,0.1768617033958435,0.1768617033958435,0.09579496085643768,3.2013604640960693,0.0008456902578473091,0.9993920447903214,0.40093076081817497,670
moe_oeo_N49_k24_L4_lr0.002_s17,moe_oeo,49,24,0.4897959183673469,17,4,1.6456557414983506,0.0019878114571891866,1044.0173432826996,0.2539893686771393,0.2539893686771393,0.15097370743751526,3.0105743408203125,0.0009059697622433305,0.9992411347227459,0.41948243250235034,677
moe_oeo_N49_k24_L4_lr0.002_s17,moe_oeo,49,24,0.4897959183673469,17,5,1.5448774578194369,0.0019783661247264675,1304.605082988739,0.27526596188545227,0.27526596188545227,0.1666800081729889,2.992006301879883,0.0009670284343883395,0.9991543244731553,0.4407415682861542,656
moe_oeo_N49_k24_L4_lr0.002_s17,moe_oeo,49,24,0.4897959183673469,17,6,1.843734726479881,0.0019662665680261777,1565.5695896148682,0.4867021143436432,0.4867021441459656,0.4532647728919983,1.3977817296981812,0.0007050636340864003,0.9992047388469752,0.4454646166596103,653
moe_oeo_N49_k24_L4_lr0.002_s17,moe_oeo,49,24,0.4897959183673469,17,7,1.4619726130407151,0.0019515459511322021,1826.7272853851318,0.5797872543334961,0.5797871947288513,0.5701669454574585,1.1738516092300415,0.000571375887375325,0.9991489284774687,0.43904435077396187,650
moe_oeo_N49_k24_L4_lr0.002_s17,moe_oeo,49,24,0.4897959183673469,17,8,1.3311742368115955,0.0019342446222322296,2086.651656150818,0.6369680762290955,0.6369680762290955,0.6308655738830566,1.0644010305404663,0.0004944633692502975,0.9990825452897522,0.44566820258642414,648
moe_oeo_N49_k24_L4_lr0.002_s17,moe_oeo,49,24,0.4897959183673469,17,9,1.266763731258917,0.0019144100030661748,2346.71666097641,0.6529255509376526,0.6529255509376526,0.6491889357566833,1.0092288255691528,0.0004672478244174272,0.9989753793638481,0.4473426327576724,648
moe_oeo_N49_k24_L4_lr0.002_s17,moe_oeo,49,24,0.4897959183673469,17,10,1.2090018218953043,0.0018920964589464841,2823.2737119197845,0.6808510422706604,0.6808510422706604,0.6781972050666809,0.9504777193069458,0.00044138627708889544,0.9988832875943454,0.4504457927336951,646
moe_oeo_N49_k24_L4_lr0.002_s17,moe_oeo,49,24,0.4897959183673469,17,11,1.1675183339444197,0.0018673651497465944,3404.8563482761383,0.6928191781044006,0.6928191781044006,0.6889832615852356,0.925275444984436,0.0004069121496286243,0.9988431132659049,0.45035494861295167,647
moe_oeo_N49_k24_L4_lr0.002_s17,moe_oeo,49,24,0.4897959183673469,17,12,1.127341248962569,0.0018402838622659698,3981.6823587417603,0.6981382966041565,0.6981382966041565,0.6941829323768616,0.8984783887863159,0.00040541819180361927,0.9987463923312969,0.4532669410450665,647
moe_oeo_N49_k24_L4_lr0.002_s17,moe_oeo,49,24,0.4897959183673469,17,13,1.1029798466389038,0.001810926824431198,4547.968567848206,0.7140957713127136,0.7140957117080688,0.7127544283866882,0.8706220388412476,0.00038986161234788597,0.9987538294536814,0.4578470143522036,645
moe_oeo_N49_k24_L4_lr0.002_s17,moe_oeo,49,24,0.4897959183673469,17,14,1.0727232936174358,0.0017793745018424012,5118.915962696075,0.7140957713127136,0.7140957713127136,0.7110961675643921,0.8513878583908081,0.0003556099545676261,0.998662331862481,0.4582952787298798,648
moe_oeo_N49_k24_L4_lr0.002_s17,moe_oeo,49,24,0.4897959183673469,17,15,1.0679230865210159,0.0017457133772226204,5697.4741179943085,0.7247340679168701,0.7247340679168701,0.7229573726654053,0.8639458417892456,0.00034633264294825494,0.9985823433433215,0.45480294526992465,652
moe_oeo_N49_k24_L4_lr0.002_s17,moe_oeo,49,24,0.4897959183673469,17,16,1.0437825384239356,0.001710035713374682,6276.183869600296,0.7393617033958435,0.7393617033958435,0.7392340302467346,0.8244074583053589,0.00034668220905587077,0.9985800729038641,0.45983280916810193,651
moe_oeo_N49_k24_L4_lr0.002_s17,moe_oeo,49,24,0.4897959183673469,17,17,1.0392635964265424,0.0016724393002952695,6856.455501079559,0.7433510422706604,0.7433511018753052,0.7418794631958008,0.8202513456344604,0.00029585513402707875,0.9985060122417043,0.4628883103048047,647
moe_oeo_N49_k24_L4_lr0.002_s17,moe_oeo,49,24,0.4897959183673469,17,18,1.013098679193759,0.0016330271871393392,7421.1722593307495,0.7393617033958435,0.7393617630004883,0.738655149936676,0.8169721961021423,0.00026143816648982465,0.99850303037358,0.46564183198032966,649
moe_oeo_N49_k24_L4_lr0.002_s17,moe_oeo,49,24,0.4897959183673469,17,19,1.0013828962599034,0.0015919073997695485,7962.155332803726,0.751329779624939,0.751329779624939,0.7504012584686279,0.7921708822250366,0.000250519544351846,0.9984873603920231,0.465439874388993,648
moe_oeo_N49_k24_L4_lr0.002_s17,moe_oeo,49,24,0.4897959183673469,17,20,0.9878288708525161,0.001549192644664877,8221.949178218842,0.7593085169792175,0.7593084573745728,0.7593027949333191,0.7877357006072998,0.00021053783711977303,0.9984333144057039,0.4647528904921998,648
moe_oeo_N49_k24_L4_lr0.002_s17,moe_oeo,49,24,0.4897959183673469,17,21,0.9750909103446355,0.0015049999999999998,8481.445967674255,0.7659574747085571,0.7659574747085571,0.7663915157318115,0.772847592830658,0.00019979900389444083,0.9984167582617534,0.4638700246556814,651
moe_oeo_N49_k24_L4_lr0.002_s17,moe_oeo,49,24,0.4897959183673469,17,22,0.9511711907373172,0.0014594505947421513,8741.599748849869,0.7686170339584351,0.7686170339584351,0.7686043977737427,0.7622383236885071,0.00018499078578315675,0.9984356141764261,0.46622072568988454,650
moe_oeo_N49_k24_L4_lr0.002_s17,moe_oeo,49,24,0.4897959183673469,17,23,0.9452914676233514,0.0014126692766450425,9001.364398479462,0.7646276354789734,0.7646276354789734,0.7649682760238647,0.7527480721473694,0.0001844552461989224,0.9983776594561125,0.467122016988181,651
moe_oeo_N49_k24_L4_lr0.002_s17,moe_oeo,49,24,0.4897959183673469,17,24,0.933017358932321,0.0013647842700498477,9263.320999622345,0.7646276354789734,0.7646276354789734,0.7649273872375488,0.7438545227050781,0.00018257465853821486,0.9983045701944829,0.46920578694097886,650
moe_oeo_N49_k24_L4_lr0.002_s17,moe_oeo,49,24,0.4897959183673469,17,25,0.9219285373206008,0.001315926824431198,9523.39269399643,0.7805851101875305,0.7805851697921753,0.7808316946029663,0.7350278496742249,0.00015457102563232183,0.998307336702867,0.4700107813550634,654
moe_oeo_N49_k24_L4_lr0.002_s17,moe_oeo,49,24,0.4897959183673469,17,26,0.9168732785811163,0.0012662308546514955,9783.54738020897,0.7805851101875305,0.7805851101875305,0.7808953523635864,0.7284197807312012,0.0001455659221392125,0.9983169126824397,0.4711861712388045,654
moe_oeo_N49_k24_L4_lr0.002_s17,moe_oeo,49,24,0.4897959183673469,17,27,0.8990317995927922,0.0012158325739095818,10043.365040063858,0.7885638475418091,0.7885638475418091,0.7885353565216064,0.7259534597396851,0.00014393760648090392,0.998321891504667,0.4728090492465176,653
moe_oeo_N49_k24_L4_lr0.002_s17,moe_oeo,49,24,0.4897959183673469,17,28,0.8939265639066152,0.0011648701203898287,10303.155692338943,0.7978723645210266,0.7978723645210266,0.7978858947753906,0.713794469833374,0.00012575382424984127,0.9982653405708639,0.4729397953446882,650
moe_oeo_N49_k24_L4_lr0.002_s17,moe_oeo,49,24,0.4897959183673469,17,29,0.8890845277197829,0.001113483178634977,10563.198215723038,0.7792553305625916,0.7792553305625916,0.7786692380905151,0.7164120078086853,0.00012615461309906095,0.9982693098194052,0.4748745195912401,655
moe_oeo_N49_k24_L4_lr0.002_s17,moe_oeo,49,24,0.4897959183673469,17,30,0.8839603479288213,0.0010618125966805143,10821.519174098969,0.7805851101875305,0.7805851697921753,0.7796433568000793,0.7118303775787354,0.00011130709754070267,0.9982292058636331,0.4746783931613604,652
moe_oeo_N49_k24_L4_lr0.002_s17,moe_oeo,49,24,0.4897959183673469,17,31,0.8695799663458785,0.0010100000000000003,11084.821514129639,0.7965425252914429,0.7965425848960876,0.7965050935745239,0.7044833302497864,0.0001113329126383178,0.998253840389136,0.47633390933116354,653
moe_oeo_N49_k24_L4_lr0.002_s17,moe_oeo,49,24,0.4897959183673469,17,32,0.8745556677177072,0.0009581874033194859,11348.431257009506,0.7938829660415649,0.7938830256462097,0.7934674024581909,0.7017298936843872,0.00010999676305800676,0.9982298797885766,0.4757530930564008,653
moe_oeo_N49_k24_L4_lr0.002_s17,moe_oeo,49,24,0.4897959183673469,17,33,0.8545268966931187,0.0009065168213650232,11608.209635019302,0.7859042286872864,0.7859042286872864,0.7858161330223083,0.6926612257957458,0.00011041975085390732,0.9982216589838023,0.4795459204678392,655
moe_oeo_N49_k24_L4_lr0.002_s17,moe_oeo,49,24,0.4897959183673469,17,34,0.8531609212460856,0.0008551298796101715,11868.246443986893,0.792553186416626,0.792553186416626,0.7923821806907654,0.6942497491836548,8.443721890216693e-05,0.9982188053756605,0.4786057944319725,654
moe_oeo_N49_k24_L4_lr0.002_s17,moe_oeo,49,24,0.4897959183673469,17,35,0.852944904300448,0.0008041674260904182,12126.888542175293,0.7938829660415649,0.7938829660415649,0.7937567234039307,0.6963449716567993,8.13940932857804e-05,0.9981998753079254,0.4848019423078839,651
moe_oeo_N49_k24_L4_lr0.002_s17,moe_oeo,49,24,0.4897959183673469,17,36,0.8450417281660043,0.0007537691453485046,12387.571512460709,0.7938829660415649,0.7938830256462097,0.7934618592262268,0.6942909359931946,8.027460717130452e-05,0.9981872260976695,0.4858239005902767,652
moe_oeo_N49_k24_L4_lr0.002_s17,moe_oeo,49,24,0.4897959183673469,17,37,0.8422208611075193,0.0007040731755688022,12646.984548330307,0.7938829660415649,0.7938829660415649,0.7934988737106323,0.691035270690918,7.961306255310774e-05,0.9981668557924414,0.48848479647765103,652
moe_oeo_N49_k24_L4_lr0.002_s17,moe_oeo,49,24,0.4897959183673469,17,38,0.8375868811761136,0.0006552157299501527,12909.03467464447,0.8018617033958435,0.8018617630004883,0.8021599650382996,0.6891241669654846,7.89439509389922e-05,0.9981660747261797,0.4912954203516172,651
moe_oeo_N49_k24_L4_lr0.002_s17,moe_oeo,49,24,0.4897959183673469,17,39,0.825291017197991,0.000607330723354958,13170.541986465454,0.8045212626457214,0.8045212626457214,0.804579496383667,0.684393584728241,7.896848546806723e-05,0.9981599263588748,0.4918765372922263,652
moe_oeo_N49_k24_L4_lr0.002_s17,moe_oeo,49,24,0.4897959183673469,17,40,0.8229810795555376,0.0005605494052578487,13432.743550777435,0.8071808218955994,0.8071808218955994,0.8074921369552612,0.6853525042533875,7.864731742301956e-05,0.9981546666392616,0.49184442041832155,654
moe_oeo_N49_k24_L4_lr0.002_s17,moe_oeo,49,24,0.4897959183673469,17,41,0.8238684180868815,0.0005150000000000003,13692.175609588623,0.7992021441459656,0.7992021441459656,0.799341082572937,0.6874009370803833,7.847275264794007e-05,0.9981409541829431,0.492712275827149,653
moe_oeo_N49_k24_L4_lr0.002_s17,moe_oeo,49,24,0.4897959183673469,17,42,0.8188560932500449,0.00047080735533512353,13954.943754196167,0.7938829660415649,0.7938830256462097,0.7941596508026123,0.6830636858940125,7.816306606400758e-05,0.9981137334151041,0.4938129175371393,654
moe_oeo_N49_k24_L4_lr0.002_s17,moe_oeo,49,24,0.4897959183673469,17,43,0.8150590909772539,0.0004280926002304517,14217.969128847122,0.7965425252914429,0.7965425848960876,0.7967483401298523,0.6835739016532898,7.815229764673859e-05,0.9981180276060716,0.4942212604845771,655
moe_oeo_N49_k24_L4_lr0.002_s17,moe_oeo,49,24,0.4897959183673469,17,44,0.8084045461459791,0.0003869728128606611,14478.154245376587,0.8005319237709045,0.8005319237709045,0.8005271553993225,0.6789671182632446,7.745376933598891e-05,0.998116424187454,0.4951344674360106,653
moe_oeo_N49_k24_L4_lr0.002_s17,moe_oeo,49,24,0.4897959183673469,17,45,0.8091151743582939,0.0003475606997047307,14740.567693710327,0.8018617033958435,0.8018617033958435,0.8014914393424988,0.6752685308456421,7.763687608530745e-05,0.9981235208196144,0.49576722263701845,653
moe_oeo_N49_k24_L4_lr0.002_s17,moe_oeo,49,24,0.4897959183673469,17,46,0.804338896213329,0.0003099642866253181,15001.694636821747,0.7952127456665039,0.7952127456665039,0.7952976822853088,0.6752098798751831,7.783516048220918e-05,0.9981082909436674,0.4953896111381656,652
moe_oeo_N49_k24_L4_lr0.002_s17,moe_oeo,49,24,0.4897959183673469,17,47,0.7997806231623099,0.0002742866227773799,15262.398530244827,0.8018617033958435,0.8018617033958435,0.802265465259552,0.6752317547798157,7.748779898975044e-05,0.9981016494300095,0.4955122761785583,653
moe_oeo_N49_k24_L4_lr0.002_s17,moe_oeo,49,24,0.4897959183673469,17,48,0.8036959036572339,0.00024062549815759878,15522.45203447342,0.8045212626457214,0.8045212626457214,0.8042894005775452,0.6697520017623901,7.726287003606558e-05,0.9981088937749982,0.4957286852644931,652
moe_oeo_N49_k24_L4_lr0.002_s17,moe_oeo,49,24,0.4897959183673469,17,49,0.8079431024146134,0.0002090731755688021,15783.052377223969,0.8018617033958435,0.8018617033958435,0.801956057548523,0.6706926822662354,7.711233047302812e-05,0.9981021995514571,0.4962254979198424,652
moe_oeo_N49_k24_L4_lr0.002_s17,moe_oeo,49,24,0.4897959183673469,17,50,0.7995245798605762,0.00017971613773403027,16041.866963386536,0.8045212626457214,0.8045213222503662,0.8043188452720642,0.6715513467788696,7.643120625289157e-05,0.9980950446711299,0.49630794505962733,653
moe_oeo_N49_k24_L4_lr0.002_s17,moe_oeo,49,24,0.4897959183673469,17,51,0.8009185215381727,0.00015263485025340568,16299.652743339539,0.8045212626457214,0.8045212626457214,0.8044411540031433,0.6700013279914856,7.654003275092691e-05,0.9980962470933311,0.4964970444509064,652
moe_oeo_N49_k24_L4_lr0.002_s17,moe_oeo,49,24,0.4897959183673469,17,52,0.800384722088706,0.00012790354105351589,16560.89790868759,0.8005319237709045,0.8005319237709045,0.8001521229743958,0.6696974635124207,7.64563592383638e-05,0.9981002578434268,0.4965521839817527,653
moe_oeo_N49_k24_L4_lr0.002_s17,moe_oeo,49,24,0.4897959183673469,17,53,0.7966259633399309,0.00010558999693382504,16820.70500278473,0.8031914830207825,0.8031914830207825,0.8026250600814819,0.668240487575531,7.623257988598198e-05,0.9980941942703129,0.49654249354678376,653
moe_oeo_N49_k24_L4_lr0.002_s17,moe_oeo,49,24,0.4897959183673469,17,54,0.7930984285120006,8.575537776777028e-05,17081.416837453842,0.8005319237709045,0.8005319237709045,0.8000932931900024,0.6686379313468933,7.617877417942509e-05,0.9980893612650643,0.4966376087776412,653
moe_oeo_N49_k24_L4_lr0.002_s17,moe_oeo,49,24,0.4897959183673469,17,55,0.7949902378192776,6.845404886779801e-05,17340.487485170364,0.8031914830207825,0.8031914830207825,0.8027263879776001,0.667203426361084,7.617547089466825e-05,0.9980869832075269,0.4967021236840684,653
moe_oeo_N49_k24_L4_lr0.002_s17,moe_oeo,49,24,0.4897959183673469,17,56,0.7905099244456585,5.373343197382237e-05,17602.051147699356,0.8031914830207825,0.8031914830207825,0.802751898765564,0.6670300960540771,7.607953739352524e-05,0.9980860691955031,0.4967127234031746,653
moe_oeo_N49_k24_L4_lr0.002_s17,moe_oeo,49,24,0.4897959183673469,17,57,0.7937345633529909,4.163387527353236e-05,17861.269617557526,0.8005319237709045,0.8005319237709045,0.800409197807312,0.6680837273597717,7.607878069393337e-05,0.998089050513519,0.49665911671337587,653
moe_oeo_N49_k24_L4_lr0.002_s17,moe_oeo,49,24,0.4897959183673469,17,58,0.7934051190575236,3.218854281081372e-05,18119.106850147247,0.8031914830207825,0.8031914830207825,0.8030543923377991,0.6669220924377441,7.6062380685471e-05,0.9980886898615218,0.4968886527549333,653
moe_oeo_N49_k24_L4_lr0.002_s17,moe_oeo,49,24,0.4897959183673469,17,59,0.7922239814753129,2.5423323585409333e-05,18379.62202525139,0.8031914830207825,0.8031914830207825,0.8030543923377991,0.6663315296173096,7.613441994180903e-05,0.9980889791348847,0.49682143872772966,653
moe_oeo_N49_k24_L4_lr0.002_s17,moe_oeo,49,24,0.4897959183673469,17,60,0.7918504421943671,2.1356760592971906e-05,18638.51079440117,0.8018617033958435,0.8018617033958435,0.8017453551292419,0.6668325662612915,7.608063606312498e-05,0.9980904734277043,0.4969289161504087,653
moe_oeo_N49_k49_L4_lr0.002_s17,moe_oeo,49,49,1.0,17,1,2.4142894796584837,0.002,258.53985595703125,0.3125,0.3125,0.2588953971862793,1.939306378364563,0.0025921957567334175,0.99967146988263,0.0,1
moe_oeo_N49_k49_L4_lr0.002_s17,moe_oeo,49,49,1.0,17,2,1.971819308250462,0.001998643239407028,518.2573220729828,0.34574466943740845,0.34574466943740845,0.29370415210723877,1.66592276096344,0.0022870164830237627,0.9995591214670545,0.0,1
moe_oeo_N49_k49_L4_lr0.002_s17,moe_oeo,49,49,1.0,17,3,1.7687916456632418,0.0019945766764145906,778.8627581596375,0.394946813583374,0.394946813583374,0.3377724885940552,1.526613712310791,0.0021402009297162294,0.9993920447903214,0.0,1
moe_oeo_N49_k49_L4_lr0.002_s17,moe_oeo,49,49,1.0,17,4,1.6456557414983506,0.0019878114571891866,1039.5419509410858,0.4335106313228607,0.43351060152053833,0.3909066617488861,1.420613408088684,0.002214397070929408,0.9992411347227459,0.0,1
moe_oeo_N49_k49_L4_lr0.002_s17,moe_oeo,49,49,1.0,17,5,1.5448774578194369,0.0019783661247264675,1300.3333179950714,0.4614361822605133,0.4614361524581909,0.4338379502296448,1.358130693435669,0.0023011714220046997,0.9991543244731553,0.0,1
moe_oeo_N49_k49_L4_lr0.002_s17,moe_oeo,49,49,1.0,17,6,1.490129581648329,0.0019662665680261777,1560.7108311653137,0.4827127754688263,0.4827127456665039,0.4663863778114319,1.3028829097747803,0.0025282723363488913,0.9990649176834469,0.0,1
moe_oeo_N49_k49_L4_lr0.002_s17,moe_oeo,49,49,1.0,17,7,1.4255585717079846,0.0019515459511322021,1821.7743363380432,0.522606372833252,0.522606372833252,0.514942467212677,1.2549024820327759,0.0027454914525151253,0.9989943951587124,0.0,1
moe_oeo_N49_k49_L4_lr0.002_s17,moe_oeo,49,49,1.0,17,8,1.374439328755826,0.0019342446222322296,2082.839807033539,0.5492021441459656,0.5492021441459656,0.5430613160133362,1.2069215774536133,0.0030571818351745605,0.9989260551810631,0.0,1
moe_oeo_N49_k49_L4_lr0.002_s17,moe_oeo,49,49,1.0,17,9,1.3295798209500096,0.0019144100030661748,2343.8497347831726,0.5545212626457214,0.5545212626457214,0.547476589679718,1.172619342803955,0.0034255993086844683,0.998904800267432,0.0,1
moe_oeo_N49_k49_L4_lr0.002_s17,moe_oeo,49,49,1.0,17,10,1.2852548964355635,0.0018920964589464841,2604.613286972046,0.5930851101875305,0.5930851101875305,0.5876413583755493,1.125407338142395,0.0036866781301796436,0.9988412799690518,0.0,1
moe_oeo_N49_k49_L4_lr0.002_s17,moe_oeo,49,49,1.0,17,11,1.2467204474218905,0.0018673651497465944,2865.4963133335114,0.6143617033958435,0.6143617033958435,0.6025412678718567,1.098042368888855,0.003823074046522379,0.9988044256054892,0.0,1
moe_oeo_N49_k49_L4_lr0.002_s17,moe_oeo,49,49,1.0,17,12,1.2295233897320483,0.0018402838622659698,3125.8893361091614,0.6276595592498779,0.6276595592498779,0.6175963878631592,1.0734902620315552,0.00395538005977869,0.998765465836339,0.0,1
moe_oeo_N49_k49_L4_lr0.002_s17,moe_oeo,49,49,1.0,17,13,1.187783133272575,0.001810926824431198,3386.0488090515137,0.6436170339584351,0.6436170339584351,0.6369519829750061,1.0372443199157715,0.0039624180644750595,0.9987259244359045,0.0,1
moe_oeo_N49_k49_L4_lr0.002_s17,moe_oeo,49,49,1.0,17,14,1.1583133279920033,0.0017793745018424012,3647.1282839775085,0.647606372833252,0.647606372833252,0.6356264352798462,1.0143539905548096,0.003849263535812497,0.99869775420069,0.0,1
moe_oeo_N49_k49_L4_lr0.002_s17,moe_oeo,49,49,1.0,17,15,1.1306470841441525,0.0017457133772226204,3910.9512474536896,0.6609042286872864,0.6609042882919312,0.6526562571525574,0.9843039512634277,0.0037908211816102266,0.9986745704527051,0.0,1
moe_oeo_N49_k49_L4_lr0.002_s17,moe_oeo,49,49,1.0,17,16,1.1043798425000961,0.001710035713374682,4172.105541706085,0.6688829660415649,0.6688829660415649,0.6588494181632996,0.9553608298301697,0.003736656391993165,0.9986609611199511,0.0,1
moe_oeo_N49_k49_L4_lr0.002_s17,moe_oeo,49,49,1.0,17,17,1.0857416593967235,0.0016724393002952695,4432.982801198959,0.6781914830207825,0.6781915426254272,0.668942928314209,0.931052029132843,0.0036642812192440033,0.9986172348279106,0.0,1
moe_oeo_N49_k49_L4_lr0.002_s17,moe_oeo,49,49,1.0,17,18,1.062180726767675,0.0016330271871393392,4693.868671655655,0.6781914830207825,0.6781915426254272,0.6650758385658264,0.9212294220924377,0.0035683477763086557,0.9985936406334133,0.0,1
moe_oeo_N49_k49_L4_lr0.002_s17,moe_oeo,49,49,1.0,17,19,1.0431940766502188,0.0015919073997695485,4955.4233112335205,0.6808510422706604,0.6808511018753052,0.6693919897079468,0.8988226056098938,0.003415808081626892,0.9985761388872361,0.0,1
moe_oeo_N49_k49_L4_lr0.002_s17,moe_oeo,49,49,1.0,17,20,1.0217548334571325,0.001549192644664877,5215.499931335449,0.686170220375061,0.686170220375061,0.6764423847198486,0.8866698145866394,0.00341491075232625,0.9985588089588202,0.0,1
moe_oeo_N49_k49_L4_lr0.002_s17,moe_oeo,49,49,1.0,17,21,1.005125320393201,0.0015049999999999998,5475.010550260544,0.6914893388748169,0.6914893984794617,0.6805224418640137,0.8669657111167908,0.003238869830965996,0.9985341142991468,0.0,1
moe_oeo_N49_k49_L4_lr0.002_s17,moe_oeo,49,49,1.0,17,22,0.989913215920261,0.0014594505947421513,5736.0630350112915,0.6994680762290955,0.6994680762290955,0.6889989376068115,0.8492927551269531,0.003159258048981428,0.9985173546237538,0.0,1
moe_oeo_N49_k49_L4_lr0.002_s17,moe_oeo,49,49,1.0,17,23,0.9802269483640041,0.0014126692766450425,5996.223151445389,0.6954787373542786,0.6954787373542786,0.6862269639968872,0.8411283493041992,0.0030975157860666513,0.9984699793037533,0.0,1
moe_oeo_N49_k49_L4_lr0.002_s17,moe_oeo,49,49,1.0,17,24,0.9653582775616618,0.0013647842700498477,6257.051819086075,0.7047872543334961,0.7047872543334961,0.6999751329421997,0.8256193995475769,0.002939512487500906,0.9984655376816254,0.0,1
moe_oeo_N49_k49_L4_lr0.002_s17,moe_oeo,49,49,1.0,17,25,0.9431381166474596,0.001315926824431198,6517.501357316971,0.7034574747085571,0.7034574747085571,0.6964956521987915,0.812748372554779,0.0028574552852660418,0.9984488506114225,0.0,1
moe_oeo_N49_k49_L4_lr0.002_s17,moe_oeo,49,49,1.0,17,26,0.9306009232011287,0.0012662308546514955,6777.412537097931,0.7167553305625916,0.7167553305625916,0.7106255292892456,0.7946270704269409,0.002760704606771469,0.9984375979050703,0.0,1
moe_oeo_N49_k49_L4_lr0.002_s17,moe_oeo,49,49,1.0,17,27,0.9113765288841779,0.0012158325739095818,7039.418865442276,0.7180851101875305,0.7180851697921753,0.7121952772140503,0.7938486933708191,0.0026708701625466347,0.9984158051801462,0.0,1
moe_oeo_N49_k49_L4_lr0.002_s17,moe_oeo,49,49,1.0,17,28,0.9091072278820216,0.0011648701203898287,7301.599723339081,0.730053186416626,0.7300532460212708,0.7258520126342773,0.7804390788078308,0.0025865386705845594,0.9983948572496965,0.0,1
moe_oeo_N49_k49_L4_lr0.002_s17,moe_oeo,49,49,1.0,17,29,0.8922065175117151,0.001113483178634977,7564.399864196777,0.7207446694374084,0.7207447290420532,0.7162820100784302,0.773564875125885,0.002630072645843029,0.9983826823932449,0.0,1
moe_oeo_N49_k49_L4_lr0.002_s17,moe_oeo,49,49,1.0,17,30,0.8856633491133719,0.0010618125966805143,7826.832566022873,0.7207446694374084,0.7207447290420532,0.7157958149909973,0.7691667675971985,0.0024382281117141247,0.9983720735396658,0.0,1
moe_oeo_N49_k49_L4_lr0.002_s17,moe_oeo,49,49,1.0,17,31,0.8722278964131662,0.0010100000000000003,8088.473107337952,0.7327127456665039,0.7327127456665039,0.7287254929542542,0.758381724357605,0.002461447147652507,0.998364301750145,0.0,1
moe_oeo_N49_k49_L4_lr0.002_s17,moe_oeo,49,49,1.0,17,32,0.8635964373118121,0.0009581874033194859,8351.025241851807,0.7340425252914429,0.7340425252914429,0.7319374084472656,0.7486252188682556,0.0024076425470411777,0.9983493092147795,0.0,1
moe_oeo_N49_k49_L4_lr0.002_s17,moe_oeo,49,49,1.0,17,33,0.8543561574360824,0.0009065168213650232,8613.016511917114,0.7340425252914429,0.7340425252914429,0.7316012382507324,0.7386066317558289,0.0023905918933451176,0.9983389593627162,0.0,1
moe_oeo_N49_k49_L4_lr0.002_s17,moe_oeo,49,49,1.0,17,34,0.8434950193245662,0.0008551298796101715,8874.328543901443,0.7367021441459656,0.7367021441459656,0.7342478632926941,0.7369469404220581,0.002378718229010701,0.9983308162194026,0.0,1
moe_oeo_N49_k49_L4_lr0.002_s17,moe_oeo,49,49,1.0,17,35,0.8371230947474638,0.0008041674260904182,9136.152955293655,0.7380319237709045,0.7380319237709045,0.7358143925666809,0.729573667049408,0.002250945195555687,0.9983183859573994,0.0,1
moe_oeo_N49_k49_L4_lr0.002_s17,moe_oeo,49,49,1.0,17,36,0.8312108841933072,0.0007537691453485046,9398.8154129982,0.7367021441459656,0.7367021441459656,0.7345558404922485,0.7279471755027771,0.0021685496903955936,0.9983064418222549,0.0,1
moe_oeo_N49_k49_L4_lr0.002_s17,moe_oeo,49,49,1.0,17,37,0.8222454723872278,0.0007040731755688022,9659.81196808815,0.7367021441459656,0.7367021441459656,0.734885573387146,0.7227881550788879,0.002172187902033329,0.9983001525889421,0.0,1
moe_oeo_N49_k49_L4_lr0.002_s17,moe_oeo,49,49,1.0,17,38,0.8161211096634876,0.0006552157299501527,9921.24087023735,0.7460106611251831,0.7460106015205383,0.7443736791610718,0.7152557969093323,0.0021598064340651035,0.9982848624628773,0.0,1
moe_oeo_N49_k49_L4_lr0.002_s17,moe_oeo,49,49,1.0,17,39,0.8095872982417884,0.000607330723354958,10182.61525630951,0.748670220375061,0.748670220375061,0.747032880783081,0.7087448239326477,0.002111004665493965,0.9982935429765613,0.0,1
moe_oeo_N49_k49_L4_lr0.002_s17,moe_oeo,49,49,1.0,17,40,0.8040100803777371,0.0005605494052578487,10446.20795249939,0.7473404407501221,0.7473404407501221,0.746434211730957,0.7087681889533997,0.00210075662471354,0.998282988911755,0.0,1
moe_oeo_N49_k49_L4_lr0.002_s17,moe_oeo,49,49,1.0,17,41,0.8014040685441668,0.0005150000000000003,10707.555083036423,0.7473404407501221,0.7473403811454773,0.7460636496543884,0.7053564786911011,0.0020598501432687044,0.9982778093725642,0.0,1
moe_oeo_N49_k49_L4_lr0.002_s17,moe_oeo,49,49,1.0,17,42,0.7991396355863711,0.00047080735533512353,10969.316284894943,0.748670220375061,0.748670220375061,0.747559666633606,0.7007827758789062,0.002044257940724492,0.9982610451399113,0.0,1
moe_oeo_N49_k49_L4_lr0.002_s17,moe_oeo,49,49,1.0,17,43,0.792160981024305,0.0004280926002304517,11230.597881793976,0.75,0.75,0.7485644221305847,0.6998159289360046,0.0020723119378089905,0.9982458531213874,0.0,1
moe_oeo_N49_k49_L4_lr0.002_s17,moe_oeo,49,49,1.0,17,44,0.7900539902570449,0.0003869728128606611,11491.543537855148,0.7433510422706604,0.7433510422706604,0.7421800494194031,0.6950079798698425,0.0020762912463396788,0.9982431122977528,0.0,1
moe_oeo_N49_k49_L4_lr0.002_s17,moe_oeo,49,49,1.0,17,45,0.7840509548119895,0.0003475606997047307,11752.559239149094,0.7526595592498779,0.7526596188545227,0.7514213919639587,0.6926758885383606,0.002063194988295436,0.9982561100936018,0.0,1
moe_oeo_N49_k49_L4_lr0.002_s17,moe_oeo,49,49,1.0,17,46,0.7757920154782871,0.0003099642866253181,12014.290412664413,0.748670220375061,0.748670220375061,0.7477665543556213,0.6934699416160583,0.0020149380434304476,0.9982481883738076,0.0,1
moe_oeo_N49_k49_L4_lr0.002_s17,moe_oeo,49,49,1.0,17,47,0.78004539479846,0.0002742866227773799,12274.95447587967,0.7433510422706604,0.7433510422706604,0.7421383261680603,0.6897532939910889,0.001992075005546212,0.998245094217921,0.0,1
moe_oeo_N49_k49_L4_lr0.002_s17,moe_oeo,49,49,1.0,17,48,0.7807883349625759,0.00024062549815759878,12536.859201431274,0.748670220375061,0.748670220375061,0.747511088848114,0.6883056163787842,0.001990449847653508,0.9982414215739397,0.0,1
moe_oeo_N49_k49_L4_lr0.002_s17,moe_oeo,49,49,1.0,17,49,0.7697784120310524,0.0002090731755688021,12798.234157323837,0.7473404407501221,0.7473404407501221,0.7460535168647766,0.6871746778488159,0.00198848987929523,0.9982370110583184,0.0,1
moe_oeo_N49_k49_L4_lr0.002_s17,moe_oeo,49,49,1.0,17,50,0.7735937773568989,0.00017971613773403027,13060.236701011658,0.7420212626457214,0.7420212626457214,0.7406172752380371,0.6862097382545471,0.0019641222897917032,0.998234581849021,0.0,1
moe_oeo_N49_k49_L4_lr0.002_s17,moe_oeo,49,49,1.0,17,51,0.770214973264225,0.00015263485025340568,13322.142499685287,0.7433510422706604,0.7433511018753052,0.7420036792755127,0.6865359544754028,0.0019966282416135073,0.9982335578473596,0.0,1
moe_oeo_N49_k49_L4_lr0.002_s17,moe_oeo,49,49,1.0,17,52,0.7692741746482648,0.00012790354105351589,13581.75082206726,0.7473404407501221,0.7473404407501221,0.7460636496543884,0.6849980354309082,0.0019672734197229147,0.9982329673342596,0.0,1
moe_oeo_N49_k49_L4_lr0.002_s17,moe_oeo,49,49,1.0,17,53,0.7704083046633495,0.00010558999693382504,13842.619718313217,0.751329779624939,0.751329779624939,0.7500001788139343,0.684242844581604,0.0019768199417740107,0.9982324820928661,0.0,1
moe_oeo_N49_k49_L4_lr0.002_s17,moe_oeo,49,49,1.0,17,54,0.7644929629941918,8.575537776777028e-05,14104.053152799606,0.748670220375061,0.748670220375061,0.7475209832191467,0.6839147806167603,0.0019852472469210625,0.9982308364237557,0.0,1
moe_oeo_N49_k49_L4_lr0.002_s17,moe_oeo,49,49,1.0,17,55,0.760693040918814,6.845404886779801e-05,14365.967189788818,0.7460106611251831,0.7460106611251831,0.7448606491088867,0.6832208633422852,0.0019739153794944286,0.9982293020274867,0.0,1
moe_oeo_N49_k49_L4_lr0.002_s17,moe_oeo,49,49,1.0,17,56,0.76187388026517,5.373343197382237e-05,14628.31532239914,0.748670220375061,0.748670220375061,0.747635543346405,0.6831846237182617,0.0019732394721359015,0.9982298097665737,0.0,1
moe_oeo_N49_k49_L4_lr0.002_s17,moe_oeo,49,49,1.0,17,57,0.7600688654248982,4.163387527353236e-05,14890.854723215103,0.7460106611251831,0.7460106611251831,0.7448606491088867,0.683209240436554,0.0019686403684318066,0.9982291173373774,0.0,1
moe_oeo_N49_k49_L4_lr0.002_s17,moe_oeo,49,49,1.0,17,58,0.7624210843722842,3.218854281081372e-05,15152.105194807053,0.7460106611251831,0.7460106611251831,0.7448606491088867,0.6827659606933594,0.0019720285199582577,0.998228002887153,0.0,1
moe_oeo_N49_k49_L4_lr0.002_s17,moe_oeo,49,49,1.0,17,59,0.7647978048516463,2.5423323585409333e-05,15414.538851499557,0.7460106611251831,0.7460106611251831,0.7447410821914673,0.6823069453239441,0.00196669134311378,0.9982281026532955,0.0,1
moe_oeo_N49_k49_L4_lr0.002_s17,moe_oeo,49,49,1.0,17,60,0.7581988308986981,2.1356760592971906e-05,15677.828558921814,0.7473404407501221,0.7473404407501221,0.7461448311805725,0.6824941039085388,0.001966314623132348,0.9982274841178884,0.0,1
moe_oeo_N4_k1_L4_lr0.002_s27,moe_oeo,4,1,0.25,27,1,2.587282014219728,0.002,56.24860644340515,0.12898936867713928,0.1289893537759781,0.1103467345237732,3.6137397289276123,0.009755433537065983,0.9973135013527944,0.8119589812666627,4
moe_oeo_N4_k1_L4_lr0.002_s27,moe_oeo,4,1,0.25,27,2,1.934186361815151,0.001998643239407028,108.85494947433472,0.11569149047136307,0.11569149047136307,0.09021531045436859,3.037182331085205,0.007163963280618191,0.9940681888961624,1.1390060360590257,4
moe_oeo_N4_k1_L4_lr0.002_s27,moe_oeo,4,1,0.25,27,3,1.7317580433911113,0.0019945766764145906,163.53897833824158,0.10239361971616745,0.10239361971616745,0.07574442774057388,2.831378698348999,0.006919094827026129,0.9926802237129289,1.252504283782765,4
moe_oeo_N4_k1_L4_lr0.002_s27,moe_oeo,4,1,0.25,27,4,1.6222645771353756,0.0019878114571891866,223.3031506538391,0.10638298094272614,0.10638297349214554,0.08094865828752518,2.666836738586426,0.006570579018443823,0.9916045280905421,1.3442563948105544,4
moe_oeo_N4_k1_L4_lr0.002_s27,moe_oeo,4,1,0.25,27,5,1.5207997687484167,0.0019783661247264675,285.09791016578674,0.11170212924480438,0.11170212179422379,0.08226773142814636,2.624993324279785,0.00632933434098959,0.9912546794667539,1.3698176974179828,4
moe_oeo_N4_k1_L4_lr0.002_s27,moe_oeo,4,1,0.25,27,6,1.9470296850657627,0.0019662665680261777,345.013769865036,0.35239362716674805,0.35239362716674805,0.3104625940322876,1.6632592678070068,0.005755871068686247,0.9916582260719197,1.363970221758057,4
moe_oeo_N4_k1_L4_lr0.002_s27,moe_oeo,4,1,0.25,27,7,1.719970141235552,0.0019515459511322021,404.3543050289154,0.4760638177394867,0.4760638475418091,0.43346109986305237,1.5219733715057373,0.004988639149814844,0.9918074584661339,1.3586391337453396,4
moe_oeo_N4_k1_L4_lr0.002_s27,moe_oeo,4,1,0.25,27,8,1.61524811050255,0.0019342446222322296,463.97152185440063,0.5146276354789734,0.5146276354789734,0.4757179617881775,1.43201744556427,0.004547684919089079,0.9919720310623511,1.3553970167549232,4
moe_oeo_N4_k1_L4_lr0.002_s27,moe_oeo,4,1,0.25,27,9,1.5536370741790289,0.0019144100030661748,520.0424191951752,0.5186170339584351,0.5186170339584351,0.4844856858253479,1.3834624290466309,0.0043696328066289425,0.9921520842301333,1.3379060795036712,4
moe_oeo_N4_k1_L4_lr0.002_s27,moe_oeo,4,1,0.25,27,10,1.5048709300146799,0.0018920964589464841,576.712155342102,0.561170220375061,0.561170220375061,0.5325040221214294,1.3371126651763916,0.004242907278239727,0.992345566691154,1.3299840157094545,4
moe_oeo_N4_k1_L4_lr0.002_s27,moe_oeo,4,1,0.25,27,11,1.4781692996280922,0.0018673651497465944,633.7812659740448,0.5625,0.5625,0.5374023914337158,1.2993239164352417,0.004126142710447311,0.9925548589330544,1.3247297382191379,4
moe_oeo_N4_k1_L4_lr0.002_s27,moe_oeo,4,1,0.25,27,12,1.4476496497994145,0.0018402838622659698,690.6598007678986,0.5757978558540344,0.5757978558540344,0.5554462671279907,1.2773851156234741,0.004126889165490866,0.9927759687942029,1.3033326062753823,4
moe_oeo_N4_k1_L4_lr0.002_s27,moe_oeo,4,1,0.25,27,13,1.427967772806344,0.001810926824431198,747.1308426856995,0.6090425252914429,0.6090425848960876,0.5914024114608765,1.2545607089996338,0.004110363312065601,0.993007176477214,1.2829021897704507,4
moe_oeo_N4_k1_L4_lr0.002_s27,moe_oeo,4,1,0.25,27,14,1.3968040018117047,0.0017793745018424012,804.548287153244,0.5997340679168701,0.5997340679168701,0.58286052942276,1.2374396324157715,0.004091808572411537,0.9932480883468552,1.2663317308983193,4
moe_oeo_N4_k1_L4_lr0.002_s27,moe_oeo,4,1,0.25,27,15,1.384266987953284,0.0017457133772226204,861.144629240036,0.602393627166748,0.602393627166748,0.5823609232902527,1.22775137424469,0.004094553180038929,0.9935008438765885,1.2492245416255734,4
moe_oeo_N4_k1_L4_lr0.002_s27,moe_oeo,4,1,0.25,27,16,1.3779098262253417,0.001710035713374682,922.2041168212891,0.6010638475418091,0.6010638475418091,0.5891212224960327,1.211243748664856,0.0040742154233157635,0.9937631104306738,1.2334864435508819,4
moe_oeo_N4_k1_L4_lr0.002_s27,moe_oeo,4,1,0.25,27,17,1.3578501166478139,0.0016724393002952695,979.1839079856873,0.603723406791687,0.603723406791687,0.5870336294174194,1.1999017000198364,0.0040325503796339035,0.9940295296236006,1.217219565460817,4
moe_oeo_N4_k1_L4_lr0.002_s27,moe_oeo,4,1,0.25,27,18,1.3393957694847833,0.0016330271871393392,1035.9630868434906,0.5904255509376526,0.5904255509376526,0.5728383660316467,1.1833666563034058,0.003988437354564667,0.9943012046809916,1.2017686649010508,4
moe_oeo_N4_k1_L4_lr0.002_s27,moe_oeo,4,1,0.25,27,19,1.3293146380482743,0.0015919073997695485,1097.787705898285,0.5944148898124695,0.5944148898124695,0.5820198655128479,1.1767553091049194,0.004016073886305094,0.9945762724851871,1.1706056035023555,4
moe_oeo_N4_k1_L4_lr0.002_s27,moe_oeo,4,1,0.25,27,20,1.3165408399415344,0.001549192644664877,1153.2631998062134,0.5917553305625916,0.5917553305625916,0.581554651260376,1.1683095693588257,0.004057422745972872,0.9948549227015783,1.147019936334972,4
moe_oeo_N4_k1_L4_lr0.002_s27,moe_oeo,4,1,0.25,27,21,1.3179971491195024,0.0015049999999999998,1210.8276920318604,0.5930851101875305,0.5930851101875305,0.5835476517677307,1.1660805940628052,0.004070015158504248,0.9951301158181547,1.118931997728531,4
moe_oeo_N4_k1_L4_lr0.002_s27,moe_oeo,4,1,0.25,27,22,1.3030339915254345,0.0014594505947421513,1265.6976928710938,0.6130319237709045,0.6130319237709045,0.6060283780097961,1.1506931781768799,0.003951577935367823,0.9953997366840013,1.106760129533836,4
moe_oeo_N4_k1_L4_lr0.002_s27,moe_oeo,4,1,0.25,27,23,1.2949435848011275,0.0014126692766450425,1329.1343159675598,0.5984042286872864,0.5984042882919312,0.587553858757019,1.1414374113082886,0.004026391543447971,0.9956647597525994,1.0734801724856537,4
moe_oeo_N4_k1_L4_lr0.002_s27,moe_oeo,4,1,0.25,27,24,1.291090611929763,0.0013647842700498477,1390.8372073173523,0.6063829660415649,0.6063830256462097,0.5994126200675964,1.1339613199234009,0.0039755478501319885,0.9959288775106209,1.0605000809320133,4
moe_oeo_N4_k1_L4_lr0.002_s27,moe_oeo,4,1,0.25,27,25,1.2828086549969024,0.001315926824431198,1449.584021806717,0.626329779624939,0.626329779624939,0.6193629503250122,1.1286319494247437,0.004043778870254755,0.9961882335226647,1.0300144154080693,4
moe_oeo_N4_k1_L4_lr0.002_s27,moe_oeo,4,1,0.25,27,26,1.2745896907837968,0.0012662308546514955,1510.1026186943054,0.6276595592498779,0.6276595592498779,0.6217028498649597,1.129992961883545,0.004124506842344999,0.9964363148664588,1.00055865365716,4
moe_oeo_N4_k1_L4_lr0.002_s27,moe_oeo,4,1,0.25,27,27,1.2691433917237744,0.0012158325739095818,1569.382194519043,0.6156914830207825,0.6156914830207825,0.6095257997512817,1.1278845071792603,0.004151300992816687,0.9966739206360156,0.9756760662553337,4
moe_oeo_N4_k1_L4_lr0.002_s27,moe_oeo,4,1,0.25,27,28,1.2759895681246232,0.0011648701203898287,1624.6952579021454,0.6369680762290955,0.6369681358337402,0.6325762867927551,1.1238442659378052,0.004160029347985983,0.9969085996876877,0.9464797379778475,4
moe_oeo_N4_k1_L4_lr0.002_s27,moe_oeo,4,1,0.25,27,29,1.2711226520336927,0.001113483178634977,1685.3790395259857,0.6289893388748169,0.6289893984794617,0.6218091249465942,1.1188844442367554,0.00423906184732914,0.9971278966521299,0.9145688333566088,4
moe_oeo_N4_k1_L4_lr0.002_s27,moe_oeo,4,1,0.25,27,30,1.257690171366685,0.0010618125966805143,1741.9535319805145,0.6382978558540344,0.6382979154586792,0.6332116723060608,1.1172887086868286,0.00419303635135293,0.9973358792929183,0.897550214916015,4
moe_oeo_N4_k1_L4_lr0.002_s27,moe_oeo,4,1,0.25,27,31,1.2672749023425252,0.0010100000000000003,1802.8200907707214,0.644946813583374,0.644946813583374,0.6394506096839905,1.1132417917251587,0.004283688962459564,0.9975337835010694,0.8717888692203863,4
moe_oeo_N4_k1_L4_lr0.002_s27,moe_oeo,4,1,0.25,27,32,1.2547983965202827,0.0009581874033194859,1864.6562628746033,0.6382978558540344,0.6382979154586792,0.6335703134536743,1.1144273281097412,0.0043468293733894825,0.9977172036648309,0.8422835180120811,4
moe_oeo_N4_k1_L4_lr0.002_s27,moe_oeo,4,1,0.25,27,33,1.2456076053315646,0.0009065168213650232,1925.6835098266602,0.6382978558540344,0.6382978558540344,0.633592963218689,1.1141108274459839,0.004452791064977646,0.9978816234938168,0.8095335863316144,4
moe_oeo_N4_k1_L4_lr0.002_s27,moe_oeo,4,1,0.25,27,34,1.2534619188744183,0.0008551298796101715,1980.4807777404785,0.6356382966041565,0.6356382966041565,0.6316909790039062,1.1161117553710938,0.00449419254437089,0.9980393170473835,0.7917227529009007,4
moe_oeo_N4_k1_L4_lr0.002_s27,moe_oeo,4,1,0.25,27,35,1.2486188201293282,0.0008041674260904182,2031.8897259235382,0.6382978558540344,0.6382978558540344,0.6336755752563477,1.113520622253418,0.004593128338456154,0.9981867362537219,0.7501508908402569,4
moe_oeo_N4_k1_L4_lr0.002_s27,moe_oeo,4,1,0.25,27,36,1.2444048047439964,0.0007537691453485046,2090.7831814289093,0.6436170339584351,0.6436170339584351,0.6397106051445007,1.1145225763320923,0.004646138288080692,0.998325199393553,0.7278784393985864,4
moe_oeo_N4_k1_L4_lr0.002_s27,moe_oeo,4,1,0.25,27,37,1.2383157297730718,0.0007040731755688022,2151.921026945114,0.647606372833252,0.647606372833252,0.6433310508728027,1.10698401927948,0.004714176058769226,0.9984543119988785,0.7104897720562037,4
moe_oeo_N4_k1_L4_lr0.002_s27,moe_oeo,4,1,0.25,27,38,1.2397694707971458,0.0006552157299501527,2213.881578207016,0.6436170339584351,0.6436170339584351,0.6398009061813354,1.10665762424469,0.004808409605175257,0.9985684948259863,0.6816090473888854,4
moe_oeo_N4_k1_L4_lr0.002_s27,moe_oeo,4,1,0.25,27,39,1.2312586480351888,0.000607330723354958,2276.6710884571075,0.646276593208313,0.646276593208313,0.6417182683944702,1.1003696918487549,0.00491363974288106,0.9986710176633228,0.6586622858352142,4
moe_oeo_N4_k1_L4_lr0.002_s27,moe_oeo,4,1,0.25,27,40,1.2277016429970526,0.0005605494052578487,2331.0747106075287,0.644946813583374,0.644946813583374,0.640859842300415,1.1035351753234863,0.004987980704754591,0.9987667550123984,0.6326433916883074,4
moe_oeo_N4_k1_L4_lr0.002_s27,moe_oeo,4,1,0.25,27,41,1.2295198838596475,0.0005150000000000003,2391.4537229537964,0.6382978558540344,0.6382978558540344,0.6353085041046143,1.1020413637161255,0.005021832883358002,0.998854728965296,0.6202342147835869,4
moe_oeo_N4_k1_L4_lr0.002_s27,moe_oeo,4,1,0.25,27,42,1.2269972088708454,0.00047080735533512353,2443.5974152088165,0.6436170339584351,0.6436170339584351,0.6403953433036804,1.0976768732070923,0.005030706990510225,0.9989353163948743,0.6112046934669562,4
moe_oeo_N4_k1_L4_lr0.002_s27,moe_oeo,4,1,0.25,27,43,1.2250266141134853,0.0004280926002304517,2500.849991083145,0.6409574747085571,0.6409574747085571,0.6374603509902954,1.098549485206604,0.005090076941996813,0.9990080581016788,0.5990244966180728,4
moe_oeo_N4_k1_L4_lr0.002_s27,moe_oeo,4,1,0.25,27,44,1.2214547937489264,0.0003869728128606611,2555.3400962352753,0.644946813583374,0.644946813583374,0.6410106420516968,1.096147894859314,0.005061230156570673,0.9990736937089626,0.5934725832912899,4
moe_oeo_N4_k1_L4_lr0.002_s27,moe_oeo,4,1,0.25,27,45,1.2203351809179674,0.0003475606997047307,2616.8294055461884,0.6436170339584351,0.6436170339584351,0.6396357417106628,1.098715901374817,0.005064501892775297,0.999133377857922,0.5836781347877842,4
moe_oeo_N4_k1_L4_lr0.002_s27,moe_oeo,4,1,0.25,27,46,1.221700361024027,0.0003099642866253181,2676.6055903434753,0.6555851101875305,0.6555851101875305,0.6514707207679749,1.0932573080062866,0.005152276251465082,0.9991861122946444,0.5730750364105165,4
moe_oeo_N4_k1_L4_lr0.002_s27,moe_oeo,4,1,0.25,27,47,1.21964045794315,0.0002742866227773799,2735.069107055664,0.6582446694374084,0.6582446694374084,0.6545307636260986,1.0924427509307861,0.005213253200054169,0.9992323821523278,0.5599904334604612,4
moe_oeo_N4_k1_L4_lr0.002_s27,moe_oeo,4,1,0.25,27,48,1.2115953924244942,0.00024062549815759878,2794.621930360794,0.644946813583374,0.644946813583374,0.6408334970474243,1.0903151035308838,0.005200562067329884,0.9992727026740394,0.5586499233803489,4
moe_oeo_N4_k1_L4_lr0.002_s27,moe_oeo,4,1,0.25,27,49,1.214524401513409,0.0002090731755688021,2848.6154119968414,0.6502659320831299,0.6502659916877747,0.6456829905509949,1.08822762966156,0.0052751158364117146,0.9993111128937717,0.5484788005114395,4
moe_oeo_N4_k1_L4_lr0.002_s27,moe_oeo,4,1,0.25,27,50,1.217768764029763,0.00017971613773403027,2903.4471096992493,0.6529255509376526,0.6529255509376526,0.6492539644241333,1.08729088306427,0.0052976058796048164,0.9993424604452942,0.5428920492522743,4
moe_oeo_N4_k1_L4_lr0.002_s27,moe_oeo,4,1,0.25,27,51,1.215561250471361,0.00015263485025340568,2964.2012255191803,0.6515957713127136,0.6515957713127136,0.6480603218078613,1.0857694149017334,0.005349216517060995,0.9993711172985741,0.5324863944000319,4
moe_oeo_N4_k1_L4_lr0.002_s27,moe_oeo,4,1,0.25,27,52,1.2243100375311287,0.00012790354105351589,3023.02313041687,0.6489361524581909,0.6489362120628357,0.6440432071685791,1.084841251373291,0.005342685151845217,0.9993954752988515,0.5310764742733016,4
moe_oeo_N4_k1_L4_lr0.002_s27,moe_oeo,4,1,0.25,27,53,1.2201238141382393,0.00010558999693382504,3077.997339487076,0.6502659320831299,0.6502659916877747,0.6452696919441223,1.0854554176330566,0.005370203405618668,0.9994150884232955,0.5294757991199698,4
moe_oeo_N4_k1_L4_lr0.002_s27,moe_oeo,4,1,0.25,27,54,1.2210646032368484,8.575537776777028e-05,3138.2115569114685,0.6502659320831299,0.6502659916877747,0.6452103853225708,1.084997296333313,0.005376229993999004,0.9994346077034608,0.527816659261972,4
moe_oeo_N4_k1_L4_lr0.002_s27,moe_oeo,4,1,0.25,27,55,1.2214720687365423,6.845404886779801e-05,3199.0636961460114,0.647606372833252,0.6476064324378967,0.6426984071731567,1.0850714445114136,0.005412633065134287,0.9994492589707212,0.5225911542536374,4
moe_oeo_N4_k1_L4_lr0.002_s27,moe_oeo,4,1,0.25,27,56,1.2094163978344774,5.373343197382237e-05,3255.3533453941345,0.644946813583374,0.6449468731880188,0.6401810050010681,1.0863914489746094,0.005447060335427523,0.9994616769250866,0.517422247369519,4
moe_oeo_N4_k1_L4_lr0.002_s27,moe_oeo,4,1,0.25,27,57,1.2239190180824226,4.163387527353236e-05,3307.3583188056946,0.646276593208313,0.6462766528129578,0.6414120197296143,1.085841178894043,0.005450251046568155,0.9994713892652967,0.5160945175931313,4
moe_oeo_N4_k1_L4_lr0.002_s27,moe_oeo,4,1,0.25,27,58,1.2221453876391937,3.218854281081372e-05,3369.5322415828705,0.646276593208313,0.6462766528129578,0.64170241355896,1.0874449014663696,0.005459240172058344,0.9994806216861886,0.5158614728195731,4
moe_oeo_N4_k1_L4_lr0.002_s27,moe_oeo,4,1,0.25,27,59,1.2264115699145892,2.5423323585409333e-05,3425.703129529953,0.6436170339584351,0.6436170339584351,0.6387929916381836,1.0872676372528076,0.005464629735797644,0.9994877360049793,0.5147908555558788,4
moe_oeo_N4_k1_L4_lr0.002_s27,moe_oeo,4,1,0.25,27,60,1.21479716458141,2.1356760592971906e-05,3478.5778465270996,0.6436170339584351,0.6436170339584351,0.6387929916381836,1.087388277053833,0.005476966034621,0.9994943827511958,0.5135114330369133,4
moe_oeo_N4_k2_L4_lr0.002_s27,moe_oeo,4,2,0.5,27,1,2.587282014219728,0.002,55.914783000946045,0.20611701905727386,0.20611701905727386,0.13506901264190674,2.6901955604553223,0.010323381051421165,0.9973135013527944,0.6851618184166176,6
moe_oeo_N4_k2_L4_lr0.002_s27,moe_oeo,4,2,0.5,27,2,1.934186361815151,0.001998643239407028,110.8334436416626,0.23537233471870422,0.23537233471870422,0.1590067595243454,2.249307632446289,0.010008119978010654,0.9940681888961624,0.8508622558032732,6
moe_oeo_N4_k2_L4_lr0.002_s27,moe_oeo,4,2,0.5,27,3,1.7317580433911113,0.0019945766764145906,161.89560389518738,0.2739361822605133,0.2739361524581909,0.21226240694522858,2.149566650390625,0.01015170756727457,0.9926802237129289,0.883429212090732,5
moe_oeo_N4_k2_L4_lr0.002_s27,moe_oeo,4,2,0.5,27,4,1.6222645771353756,0.0019878114571891866,218.4303102493286,0.30053192377090454,0.30053192377090454,0.23988625407218933,2.074056386947632,0.010117030702531338,0.9916045280905421,0.9054200867829433,5
moe_oeo_N4_k2_L4_lr0.002_s27,moe_oeo,4,2,0.5,27,5,1.5207997687484167,0.0019783661247264675,278.81737995147705,0.31382977962493896,0.31382977962493896,0.24291859567165375,2.0168023109436035,0.00995674915611744,0.9912546794667539,0.909039678675464,5
moe_oeo_N4_k2_L4_lr0.002_s27,moe_oeo,4,2,0.5,27,6,1.7019984963685955,0.0019662665680261777,335.78732991218567,0.519946813583374,0.519946813583374,0.4941710829734802,1.4737247228622437,0.008060913532972336,0.9881023504613657,0.9193533873853343,5
moe_oeo_N4_k2_L4_lr0.002_s27,moe_oeo,4,2,0.5,27,7,1.5455386675043739,0.0019515459511322021,392.1519978046417,0.5518617033958435,0.5518617033958435,0.5248070359230042,1.3751344680786133,0.006552146282047033,0.9852010139981985,0.9393250308801572,4
moe_oeo_N4_k2_L4_lr0.002_s27,moe_oeo,4,2,0.5,27,8,1.47116058095269,0.0019342446222322296,451.3498420715332,0.5744680762290955,0.5744680762290955,0.55228590965271,1.3117482662200928,0.0056921509094536304,0.9828577532115164,0.9493470173006321,4
moe_oeo_N4_k2_L4_lr0.002_s27,moe_oeo,4,2,0.5,27,9,1.431680700040027,0.0019144100030661748,501.9605107307434,0.5811170339584351,0.5811170339584351,0.5564762949943542,1.2617645263671875,0.005174857564270496,0.9805241232762413,0.9607784097125229,4
moe_oeo_N4_k2_L4_lr0.002_s27,moe_oeo,4,2,0.5,27,10,1.3787653301098304,0.0018920964589464841,558.504269361496,0.5957446694374084,0.5957446694374084,0.5742642283439636,1.2262259721755981,0.004855423700064421,0.979155149641819,0.9646724250202263,3
moe_oeo_N4_k2_L4_lr0.002_s27,moe_oeo,4,2,0.5,27,11,1.353473107054081,0.0018673651497465944,614.9039053916931,0.6143617033958435,0.6143617033958435,0.5948293805122375,1.1943286657333374,0.00465892069041729,0.9776596934195841,0.9672426630180183,3
moe_oeo_N4_k2_L4_lr0.002_s27,moe_oeo,4,2,0.5,27,12,1.3239820578292896,0.0018402838622659698,675.0978479385376,0.6276595592498779,0.6276595592498779,0.6105568408966064,1.164262294769287,0.00443038297817111,0.9759410235447753,0.9724391356441341,3
moe_oeo_N4_k2_L4_lr0.002_s27,moe_oeo,4,2,0.5,27,13,1.2975882709400566,0.001810926824431198,735.5729303359985,0.6356382966041565,0.6356382966041565,0.6178759932518005,1.1402628421783447,0.0042907786555588245,0.9745085156409825,0.9737330126771652,3
moe_oeo_N4_k2_L4_lr0.002_s27,moe_oeo,4,2,0.5,27,14,1.280243649951195,0.0017793745018424012,793.5532236099243,0.6436170339584351,0.6436170339584351,0.6275874376296997,1.1222469806671143,0.004158622119575739,0.9733537722180134,0.9737330126771652,3
moe_oeo_N4_k2_L4_lr0.002_s27,moe_oeo,4,2,0.5,27,15,1.2573853279612788,0.0017457133772226204,854.6681427955627,0.6502659320831299,0.6502659916877747,0.631815493106842,1.1041793823242188,0.00416412390768528,0.9729336334518766,0.9763264916794857,3
moe_oeo_N4_k2_L4_lr0.002_s27,moe_oeo,4,2,0.5,27,16,1.246878963644238,0.001710035713374682,916.6050403118134,0.6502659320831299,0.6502659916877747,0.6372132301330566,1.090582013130188,0.004038107115775347,0.9718437641126626,0.9776260766857209,3
moe_oeo_N4_k2_L4_lr0.002_s27,moe_oeo,4,2,0.5,27,17,1.2279127771927887,0.0016724393002952695,975.3517739772797,0.6582446694374084,0.6582446694374084,0.6451324820518494,1.0782493352890015,0.003895314410328865,0.9705363570464143,0.9789275492136874,3
moe_oeo_N4_k2_L4_lr0.002_s27,moe_oeo,4,2,0.5,27,18,1.2148206971466677,0.0016330271871393392,1035.5240578651428,0.666223406791687,0.6662234663963318,0.6517095565795898,1.064887285232544,0.0038727750070393085,0.9705342513240834,0.9789275492136874,3
moe_oeo_N4_k2_L4_lr0.002_s27,moe_oeo,4,2,0.5,27,19,1.1991469232646161,0.0015919073997695485,1093.3805067539215,0.667553186416626,0.667553186416626,0.6537663340568542,1.055384635925293,0.003875605296343565,0.9704388537734598,0.9789275492136874,3
moe_oeo_N4_k2_L4_lr0.002_s27,moe_oeo,4,2,0.5,27,20,1.1876431442201818,0.001549192644664877,1149.8781671524048,0.6702127456665039,0.6702128052711487,0.6549754738807678,1.0454555749893188,0.0038169659674167633,0.9696217038028034,0.9789275492136874,3
moe_oeo_N4_k2_L4_lr0.002_s27,moe_oeo,4,2,0.5,27,21,1.1818470996740746,0.0015049999999999998,1203.890831232071,0.6755319237709045,0.6755319237709045,0.6643030643463135,1.033307433128357,0.0037040812894701958,0.9685917305122645,0.9789275492136874,3
moe_oeo_N4_k2_L4_lr0.002_s27,moe_oeo,4,2,0.5,27,22,1.1674102895710294,0.0014594505947421513,1263.7768676280975,0.6795212626457214,0.6795213222503662,0.668843150138855,1.0207672119140625,0.0036948630586266518,0.9679505347515334,0.9841521646146367,3
moe_oeo_N4_k2_L4_lr0.002_s27,moe_oeo,4,2,0.5,27,23,1.1605231762102477,0.0014126692766450425,1322.406177520752,0.686170220375061,0.6861701607704163,0.673442542552948,1.0185997486114502,0.0036567440256476402,0.9672937868586234,0.9854629625473218,3
moe_oeo_N4_k2_L4_lr0.002_s27,moe_oeo,4,2,0.5,27,24,1.152389914112072,0.0013647842700498477,1382.75337600708,0.6901595592498779,0.6901595592498779,0.6788632273674011,1.0098927021026611,0.0035820556804537773,0.9664945698995078,0.9854629625473218,3
moe_oeo_N4_k2_L4_lr0.002_s27,moe_oeo,4,2,0.5,27,25,1.1443803497254168,0.001315926824431198,1445.050525188446,0.6848404407501221,0.6848404407501221,0.6744346022605896,1.000603437423706,0.0035205953754484653,0.9665337972661655,0.9841521646146367,3
moe_oeo_N4_k2_L4_lr0.002_s27,moe_oeo,4,2,0.5,27,26,1.1361730701830153,0.0012662308546514955,1501.5874710083008,0.688829779624939,0.688829779624939,0.6785964965820312,0.9965330362319946,0.0035438386257737875,0.9657730930950695,0.9854629625473218,3
moe_oeo_N4_k2_L4_lr0.002_s27,moe_oeo,4,2,0.5,27,27,1.1299963779577382,0.0012158325739095818,1553.9797933101654,0.6928191781044006,0.6928191781044006,0.6828407049179077,0.9909204244613647,0.0035327128134667873,0.9657009159904425,0.9854629625473218,3
moe_oeo_N4_k2_L4_lr0.002_s27,moe_oeo,4,2,0.5,27,28,1.1288514211943976,0.0011648701203898287,1608.4575171470642,0.6994680762290955,0.6994680762290955,0.6926007866859436,0.9881483316421509,0.0034791554789990187,0.9653095473208514,0.9854629625473218,3
moe_oeo_N4_k2_L4_lr0.002_s27,moe_oeo,4,2,0.5,27,29,1.1214319857594357,0.001113483178634977,1669.8162472248077,0.6968085169792175,0.6968085169792175,0.687842607498169,0.9799997210502625,0.0034688389860093594,0.9646811758979671,0.9854629625473218,3
moe_oeo_N4_k2_L4_lr0.002_s27,moe_oeo,4,2,0.5,27,30,1.1153197471460659,0.0010618125966805143,1730.473638534546,0.6981382966041565,0.6981382966041565,0.6914209723472595,0.9765129089355469,0.0034116320312023163,0.9639007137842079,0.9854629625473218,3
moe_oeo_N4_k2_L4_lr0.002_s27,moe_oeo,4,2,0.5,27,31,1.1089085170650455,0.0010100000000000003,1792.3916943073273,0.6994680762290955,0.6994680762290955,0.691413164138794,0.9704121351242065,0.003407697193324566,0.9639012263217231,0.9854629625473218,3
moe_oeo_N4_k2_L4_lr0.002_s27,moe_oeo,4,2,0.5,27,32,1.1070014964108734,0.0009581874033194859,1852.8623921871185,0.6994680762290955,0.6994680762290955,0.6922702789306641,0.9685801267623901,0.0033889254555106163,0.9636457413091191,0.9854629625473218,3
moe_oeo_N4_k2_L4_lr0.002_s27,moe_oeo,4,2,0.5,27,33,1.1019432698142584,0.0009065168213650232,1914.4107236862183,0.7061170339584351,0.7061170339584351,0.6982375383377075,0.9649261832237244,0.0034135901369154453,0.9637086809269321,0.9854629625473218,3
moe_oeo_N4_k2_L4_lr0.002_s27,moe_oeo,4,2,0.5,27,34,1.0986516829154807,0.0008551298796101715,1971.0293917655945,0.707446813583374,0.707446813583374,0.7001079320907593,0.9599177837371826,0.0033471286296844482,0.9629935602666214,0.9854629625473218,3
moe_oeo_N4_k2_L4_lr0.002_s27,moe_oeo,4,2,0.5,27,35,1.0918948429904571,0.0008041674260904182,2032.1057953834534,0.7140957713127136,0.7140957713127136,0.7072124481201172,0.9586938619613647,0.0033325208351016045,0.96295289645861,0.9854629625473218,3
moe_oeo_N4_k2_L4_lr0.002_s27,moe_oeo,4,2,0.5,27,36,1.088513042633188,0.0007537691453485046,2086.1519310474396,0.7021276354789734,0.7021276354789734,0.694939374923706,0.9535462260246277,0.0033594288397580385,0.9628732107973323,0.986775603341933,3
moe_oeo_N4_k2_L4_lr0.002_s27,moe_oeo,4,2,0.5,27,37,1.0855893612282188,0.0007040731755688022,2139.191667318344,0.707446813583374,0.707446813583374,0.6992136240005493,0.95093834400177,0.003342982614412904,0.9626415362557341,0.986775603341933,3
moe_oeo_N4_k2_L4_lr0.002_s27,moe_oeo,4,2,0.5,27,38,1.0825714804062017,0.0006552157299501527,2201.3574936389923,0.708776593208313,0.708776593208313,0.7023584842681885,0.9498064517974854,0.0033105281181633472,0.9623269144571333,0.986775603341933,3
moe_oeo_N4_k2_L4_lr0.002_s27,moe_oeo,4,2,0.5,27,39,1.0769125232005228,0.000607330723354958,2261.039657831192,0.710106372833252,0.710106372833252,0.7016612887382507,0.9468281269073486,0.003315821522846818,0.9628030962486352,0.986775603341933,3
moe_oeo_N4_k2_L4_lr0.002_s27,moe_oeo,4,2,0.5,27,40,1.0757213186591728,0.0005605494052578487,2317.7056741714478,0.7114361524581909,0.7114361524581909,0.7031235098838806,0.9433066844940186,0.003270332468673587,0.9623762298035548,0.986775603341933,3
moe_oeo_N4_k2_L4_lr0.002_s27,moe_oeo,4,2,0.5,27,41,1.0740741348174745,0.0005150000000000003,2372.323109149933,0.7114361524581909,0.7114361524581909,0.704257071018219,0.9405525922775269,0.0032800515182316303,0.9621412268802753,0.986775603341933,3
moe_oeo_N4_k2_L4_lr0.002_s27,moe_oeo,4,2,0.5,27,42,1.0725224861900693,0.00047080735533512353,2429.387823820114,0.7140957713127136,0.7140957713127136,0.7066139578819275,0.9419329762458801,0.0032438761554658413,0.9619765702050047,0.986775603341933,3
moe_oeo_N4_k2_L4_lr0.002_s27,moe_oeo,4,2,0.5,27,43,1.068748383021586,0.0004280926002304517,2491.0005900859833,0.7140957713127136,0.7140957713127136,0.7066857814788818,0.9402446746826172,0.0032815521117299795,0.9623159342231451,0.986775603341933,3
moe_oeo_N4_k2_L4_lr0.002_s27,moe_oeo,4,2,0.5,27,44,1.0662526841356195,0.0003869728128606611,2547.429961681366,0.7127659320831299,0.7127659320831299,0.705581545829773,0.9384390115737915,0.003247321816161275,0.9619046258801902,0.986775603341933,3
moe_oeo_N4_k2_L4_lr0.002_s27,moe_oeo,4,2,0.5,27,45,1.0667492923365063,0.0003475606997047307,2606.974906206131,0.7127659320831299,0.7127659320831299,0.7057065367698669,0.9373494982719421,0.0032510748133063316,0.9620068061019819,0.986775603341933,3
moe_oeo_N4_k2_L4_lr0.002_s27,moe_oeo,4,2,0.5,27,46,1.0646931592919375,0.0003099642866253181,2661.732596874237,0.7140957713127136,0.7140957713127136,0.7061353921890259,0.9346707463264465,0.0032349692191928625,0.9617139878016145,0.986775603341933,3
moe_oeo_N4_k2_L4_lr0.002_s27,moe_oeo,4,2,0.5,27,47,1.0628490754866708,0.0002742866227773799,2717.3518619537354,0.710106372833252,0.710106372833252,0.702602207660675,0.9338241219520569,0.003272234695032239,0.9620751721048983,0.986775603341933,3
moe_oeo_N4_k2_L4_lr0.002_s27,moe_oeo,4,2,0.5,27,48,1.0635734913385895,0.00024062549815759878,2770.441982269287,0.7154255509376526,0.7154255509376526,0.7077575922012329,0.9329482913017273,0.003253400092944503,0.9618590814163394,0.986775603341933,3
moe_oeo_N4_k2_L4_lr0.002_s27,moe_oeo,4,2,0.5,27,49,1.0598104614509296,0.0002090731755688021,2831.5129070281982,0.7127659320831299,0.7127659916877747,0.7049068212509155,0.9322130084037781,0.003280353033915162,0.9621798545631525,0.986775603341933,3
moe_oeo_N4_k2_L4_lr0.002_s27,moe_oeo,4,2,0.5,27,50,1.0607481966535115,0.00017971613773403027,2887.1734087467194,0.7140957713127136,0.7140957713127136,0.7070016264915466,0.9314485788345337,0.003272628877311945,0.9620865395857406,0.986775603341933,3
moe_oeo_N4_k2_L4_lr0.002_s27,moe_oeo,4,2,0.5,27,51,1.0602068573610695,0.00015263485025340568,2943.3679745197296,0.7154255509376526,0.7154255509376526,0.7085698843002319,0.9302562475204468,0.003240130143240094,0.9617594125242537,0.986775603341933,3
moe_oeo_N4_k2_L4_lr0.002_s27,moe_oeo,4,2,0.5,27,52,1.0600898350295547,0.00012790354105351589,2995.979692697525,0.7154255509376526,0.7154255509376526,0.7082657814025879,0.9294978380203247,0.0032850883435457945,0.9619949541633587,0.986775603341933,3
moe_oeo_N4_k2_L4_lr0.002_s27,moe_oeo,4,2,0.5,27,53,1.054419972257663,0.00010558999693382504,3056.615447282791,0.7194148898124695,0.7194149494171143,0.7129744291305542,0.9299494624137878,0.00324088498018682,0.9617103080582772,0.986775603341933,3
moe_oeo_N4_k2_L4_lr0.002_s27,moe_oeo,4,2,0.5,27,54,1.0580778841490615,8.575537776777028e-05,3109.526433467865,0.7167553305625916,0.7167553305625916,0.7101539969444275,0.9291654825210571,0.0032514911144971848,0.9617868894768052,0.986775603341933,3
moe_oeo_N4_k2_L4_lr0.002_s27,moe_oeo,4,2,0.5,27,55,1.0581147217161988,6.845404886779801e-05,3165.6723940372467,0.7167553305625916,0.7167553305625916,0.7101539969444275,0.9289848804473877,0.003252750728279352,0.961809503487147,0.986775603341933,3
moe_oeo_N4_k2_L4_lr0.002_s27,moe_oeo,4,2,0.5,27,56,1.0518749865307793,5.373343197382237e-05,3225.3259241580963,0.7167553305625916,0.7167553305625916,0.710016667842865,0.9289599657058716,0.003252294845879078,0.9617943955764536,0.986775603341933,3
moe_oeo_N4_k2_L4_lr0.002_s27,moe_oeo,4,2,0.5,27,57,1.059462205740755,4.163387527353236e-05,3284.7860083580017,0.7167553305625916,0.7167553305625916,0.710016667842865,0.9288142919540405,0.0032494235783815384,0.9617615084927906,0.986775603341933,3
moe_oeo_N4_k2_L4_lr0.002_s27,moe_oeo,4,2,0.5,27,58,1.0570415073078654,3.218854281081372e-05,3344.9782960414886,0.7167553305625916,0.7167553305625916,0.710016667842865,0.9287680387496948,0.003251073183491826,0.9617768509863152,0.986775603341933,3
moe_oeo_N4_k2_L4_lr0.002_s27,moe_oeo,4,2,0.5,27,59,1.0597806537617422,2.5423323585409333e-05,3407.851895570755,0.7167553305625916,0.7167553305625916,0.7099893093109131,0.9286544322967529,0.0032475863117724657,0.9617366472794897,0.986775603341933,3
moe_oeo_N4_k2_L4_lr0.002_s27,moe_oeo,4,2,0.5,27,60,1.0566175603243995,2.1356760592971906e-05,3466.353042602539,0.7167553305625916,0.7167553305625916,0.710016667842865,0.9287371039390564,0.003247056622058153,0.9617488601006047,0.986775603341933,3
moe_oeo_N4_k3_L4_lr0.002_s27,moe_oeo,4,3,0.75,27,1,2.587282014219728,0.002,61.0855872631073,0.2327127605676651,0.2327127605676651,0.1700814664363861,2.2842724323272705,0.010065983049571514,0.9973135013527944,0.37456905799277435,4
moe_oeo_N4_k3_L4_lr0.002_s27,moe_oeo,4,3,0.75,27,2,1.934186361815151,0.001998643239407028,119.55946087837219,0.2672872245311737,0.2672872543334961,0.2130231410264969,2.014984130859375,0.010356958024203777,0.9940681888961624,0.385794178676612,3
moe_oeo_N4_k3_L4_lr0.002_s27,moe_oeo,4,3,0.75,27,3,1.7317580433911113,0.0019945766764145906,181.398334980011,0.3098404109477997,0.30984044075012207,0.25854647159576416,1.902512550354004,0.010420556180179119,0.9926802237129289,0.4024920337533187,3
moe_oeo_N4_k3_L4_lr0.002_s27,moe_oeo,4,3,0.75,27,4,1.6222645771353756,0.0019878114571891866,237.6034231185913,0.3297872245311737,0.3297872245311737,0.2846856117248535,1.8436152935028076,0.01033731084316969,0.9916045280905421,0.39935950622805894,3
moe_oeo_N4_k3_L4_lr0.002_s27,moe_oeo,4,3,0.75,27,5,1.5207997687484167,0.0019783661247264675,295.471453666687,0.35904255509376526,0.35904255509376526,0.30820855498313904,1.788346767425537,0.01030396856367588,0.9912546794667539,0.40357624092371275,3
moe_oeo_N4_k3_L4_lr0.002_s27,moe_oeo,4,3,0.75,27,6,1.547933867532913,0.0019662665680261777,360.2588863372803,0.5305851101875305,0.5305851101875305,0.5120136737823486,1.3699792623519897,0.008066503331065178,0.9884787448918302,0.37220320342411356,3
moe_oeo_N4_k3_L4_lr0.002_s27,moe_oeo,4,3,0.75,27,7,1.460009938114446,0.0019515459511322021,418.9924280643463,0.5478723645210266,0.5478723645210266,0.5279228687286377,1.3069493770599365,0.0073352837935090065,0.9867294307218337,0.3739096575237869,3
moe_oeo_N4_k3_L4_lr0.002_s27,moe_oeo,4,3,0.75,27,8,1.4062107823636025,0.0019342446222322296,476.46670842170715,0.5704787373542786,0.5704787373542786,0.5543218851089478,1.264165997505188,0.006978318560868502,0.9861473760699393,0.3847619790576282,3
moe_oeo_N4_k3_L4_lr0.002_s27,moe_oeo,4,3,0.75,27,9,1.379238995098292,0.0019144100030661748,531.5448324680328,0.5771276354789734,0.5771276354789734,0.5620899200439453,1.2288227081298828,0.0067243557423353195,0.9854891456480529,0.39099062032204907,2
moe_oeo_N4_k3_L4_lr0.002_s27,moe_oeo,4,3,0.75,27,10,1.3412905393091783,0.0018920964589464841,592.0338139533997,0.602393627166748,0.602393627166748,0.590888261795044,1.1969866752624512,0.006572722923010588,0.9843221664286207,0.4011404707599932,2
moe_oeo_N4_k3_L4_lr0.002_s27,moe_oeo,4,3,0.75,27,11,1.3191311437993833,0.0018673651497465944,647.6873948574066,0.6170212626457214,0.6170212626457214,0.6063334345817566,1.1770758628845215,0.006214829161763191,0.9829942470860149,0.5129739375358116,2
moe_oeo_N4_k3_L4_lr0.002_s27,moe_oeo,4,3,0.75,27,12,1.287145833599649,0.0018402838622659698,709.160765171051,0.6223404407501221,0.6223404407501221,0.6109906435012817,1.150240421295166,0.005998695269227028,0.9818443496327571,0.5421140980988245,2
moe_oeo_N4_k3_L4_lr0.002_s27,moe_oeo,4,3,0.75,27,13,1.270503618120807,0.001810926824431198,772.0817654132843,0.6303191781044006,0.6303191781044006,0.6207451224327087,1.1233704090118408,0.005816335324198008,0.980076990899416,0.5540560279052162,2
moe_oeo_N4_k3_L4_lr0.002_s27,moe_oeo,4,3,0.75,27,14,1.2518399223328045,0.0017793745018424012,834.9043264389038,0.6422872543334961,0.6422872543334961,0.6351640224456787,1.105194091796875,0.0055564409121870995,0.9779699108445439,0.5600830623271059,2
moe_oeo_N4_k3_L4_lr0.002_s27,moe_oeo,4,3,0.75,27,15,1.2206362570342544,0.0017457133772226204,896.6037909984589,0.6515957713127136,0.6515957713127136,0.6406956315040588,1.0839649438858032,0.005555228795856237,0.9764132702762459,0.563110072233318,2
moe_oeo_N4_k3_L4_lr0.002_s27,moe_oeo,4,3,0.75,27,16,1.2138798547117677,0.001710035713374682,952.7318584918976,0.6569148898124695,0.6569148898124695,0.6503766179084778,1.0702426433563232,0.005515066906809807,0.976055629949296,0.5661458850965488,2
moe_oeo_N4_k3_L4_lr0.002_s27,moe_oeo,4,3,0.75,27,17,1.19743871715209,0.0016724393002952695,1009.9033417701721,0.6622340679168701,0.6622340679168701,0.6554115414619446,1.0551323890686035,0.005169661249965429,0.9731843037958456,0.5671597546621906,2
moe_oeo_N4_k3_L4_lr0.002_s27,moe_oeo,4,3,0.75,27,18,1.1768015096023612,0.0016330271871393392,1071.9038462638855,0.667553186416626,0.667553186416626,0.6618568301200867,1.0405263900756836,0.005130492616444826,0.9717147748535352,0.5681745815357061,2
moe_oeo_N4_k3_L4_lr0.002_s27,moe_oeo,4,3,0.75,27,19,1.1657314795966698,0.0015919073997695485,1129.7213621139526,0.6728723645210266,0.6728723645210266,0.6668736338615417,1.028027057647705,0.00525701604783535,0.9712060567725509,0.5691903613110675,2
moe_oeo_N4_k3_L4_lr0.002_s27,moe_oeo,4,3,0.75,27,20,1.1498708404413505,0.001549192644664877,1188.4130890369415,0.6781914830207825,0.6781914830207825,0.6739243268966675,1.0125385522842407,0.00512193888425827,0.9697364928473244,0.5742833627198392,2
moe_oeo_N4_k3_L4_lr0.002_s27,moe_oeo,4,3,0.75,27,21,1.1368655867313278,0.0015049999999999998,1243.8402729034424,0.6835106611251831,0.6835106611251831,0.6789550185203552,1.0004407167434692,0.005115939769893885,0.9687027040039786,0.5742833627198392,2
moe_oeo_N4_k3_L4_lr0.002_s27,moe_oeo,4,3,0.75,27,22,1.1304269159408329,0.0014594505947421513,1296.7668507099152,0.6848404407501221,0.6848403811454773,0.6808121800422668,0.9862951040267944,0.005078995134681463,0.9672028792996225,0.5742833627198392,2
moe_oeo_N4_k3_L4_lr0.002_s27,moe_oeo,4,3,0.75,27,23,1.115150951878189,0.0014126692766450425,1352.0471744537354,0.6848404407501221,0.6848404407501221,0.6800925135612488,0.9798535108566284,0.005000036675482988,0.9657780776810729,0.5753047493390269,2
moe_oeo_N4_k3_L4_lr0.002_s27,moe_oeo,4,3,0.75,27,24,1.1132287623522352,0.0013647842700498477,1410.8676540851593,0.7021276354789734,0.7021276354789734,0.698976993560791,0.970712423324585,0.0048827314749360085,0.9641940863895924,0.5753047493390269,2
moe_oeo_N4_k3_L4_lr0.002_s27,moe_oeo,4,3,0.75,27,25,1.1005833583743605,0.001315926824431198,1469.03741979599,0.6994680762290955,0.6994681358337402,0.6943795084953308,0.9592602849006653,0.004825206473469734,0.9627660118423691,0.5753047493390269,2
moe_oeo_N4_k3_L4_lr0.002_s27,moe_oeo,4,3,0.75,27,26,1.0911808129842286,0.0012662308546514955,1527.4676475524902,0.7007978558540344,0.7007978558540344,0.6950785517692566,0.9530121088027954,0.004877638071775436,0.9617991180363581,0.5753047493390269,2
moe_oeo_N4_k3_L4_lr0.002_s27,moe_oeo,4,3,0.75,27,27,1.0829864585576536,0.0012158325739095818,1584.5022542476654,0.7047872543334961,0.7047872543334961,0.6998019218444824,0.9456349611282349,0.004877869505435228,0.96135302312096,0.5753047493390269,2
moe_oeo_N4_k3_L4_lr0.002_s27,moe_oeo,4,3,0.75,27,28,1.0756729780930225,0.0011648701203898287,1639.6292927265167,0.7140957713127136,0.7140957117080688,0.7102604508399963,0.9398342967033386,0.004770597908645868,0.9597321984847187,0.5753047493390269,2
moe_oeo_N4_k3_L4_lr0.002_s27,moe_oeo,4,3,0.75,27,29,1.0722936495168978,0.001113483178634977,1700.7020137310028,0.7194148898124695,0.7194148898124695,0.7144425511360168,0.9338114261627197,0.004726277198642492,0.9583536102697925,0.5753047493390269,2
moe_oeo_N4_k3_L4_lr0.002_s27,moe_oeo,4,3,0.75,27,30,1.060026792469158,0.0010618125966805143,1759.5435316562653,0.7234042286872864,0.7234042882919312,0.7186923623085022,0.928124189376831,0.004686134867370129,0.9577415897950133,0.5763270530898834,2
moe_oeo_N4_k3_L4_lr0.002_s27,moe_oeo,4,3,0.75,27,31,1.0541590052533503,0.0010100000000000003,1819.3114259243011,0.7207446694374084,0.7207447290420532,0.7163783311843872,0.9201982021331787,0.00475035235285759,0.9579176343465281,0.5773502691896257,1
moe_oeo_N4_k3_L4_lr0.002_s27,moe_oeo,4,3,0.75,27,32,1.0513843318030713,0.0009581874033194859,1879.7795889377594,0.7220744490623474,0.7220745086669922,0.7180314660072327,0.9155367016792297,0.0046152048744261265,0.9560767817959696,0.5773502691896257,1
moe_oeo_N4_k3_L4_lr0.002_s27,moe_oeo,4,3,0.75,27,33,1.0472696550853857,0.0009065168213650232,1937.0761935710907,0.728723406791687,0.7287234663963318,0.7245853543281555,0.9111135005950928,0.004689908120781183,0.9559483371590688,0.5773502691896257,1
moe_oeo_N4_k3_L4_lr0.002_s27,moe_oeo,4,3,0.75,27,34,1.0410634711741993,0.0008551298796101715,1997.648241519928,0.7260638475418091,0.7260638475418091,0.7219451069831848,0.9067620635032654,0.004561852663755417,0.954684806753284,0.5773502691896257,1
moe_oeo_N4_k3_L4_lr0.002_s27,moe_oeo,4,3,0.75,27,35,1.036778983043413,0.0008041674260904182,2056.155247449875,0.7327127456665039,0.7327127456665039,0.7281584143638611,0.9039596915245056,0.004580785520374775,0.9545962203920965,0.5773502691896257,1
moe_oeo_N4_k3_L4_lr0.002_s27,moe_oeo,4,3,0.75,27,36,1.0247229494868892,0.0007537691453485046,2114.3613469600677,0.727393627166748,0.727393627166748,0.723456084728241,0.8982363939285278,0.004666956607252359,0.9545431907461627,0.5773502691896257,1
moe_oeo_N4_k3_L4_lr0.002_s27,moe_oeo,4,3,0.75,27,37,1.02393635392155,0.0007040731755688022,2175.3763797283173,0.730053186416626,0.730053186416626,0.7251320481300354,0.8957237601280212,0.004641604144126177,0.9537177415321361,0.5773502691896257,1
moe_oeo_N4_k3_L4_lr0.002_s27,moe_oeo,4,3,0.75,27,38,1.0255279562448802,0.0006552157299501527,2234.5747258663177,0.727393627166748,0.727393627166748,0.7228958010673523,0.8942110538482666,0.0045743114314973354,0.9530071151692884,0.5773502691896257,1
moe_oeo_N4_k3_L4_lr0.002_s27,moe_oeo,4,3,0.75,27,39,1.0156357063312236,0.000607330723354958,2294.296725511551,0.7313829660415649,0.7313830256462097,0.7271320223808289,0.890560507774353,0.00463276170194149,0.9532907983512453,0.5773502691896257,1
moe_oeo_N4_k3_L4_lr0.002_s27,moe_oeo,4,3,0.75,27,40,1.0147463969171864,0.0005605494052578487,2353.8443048000336,0.730053186416626,0.7300532460212708,0.7252667546272278,0.8863285779953003,0.004556441213935614,0.9522446910587209,0.5773502691896257,1
moe_oeo_N4_k3_L4_lr0.002_s27,moe_oeo,4,3,0.75,27,41,1.0121553526876588,0.0005150000000000003,2407.9761369228363,0.728723406791687,0.728723406791687,0.7241038084030151,0.8838592767715454,0.004571653436869383,0.9521806223511906,0.5773502691896257,1
moe_oeo_N4_k3_L4_lr0.002_s27,moe_oeo,4,3,0.75,27,42,1.0119068385803536,0.00047080735533512353,2465.5662457942963,0.7327127456665039,0.7327128052711487,0.7282248735427856,0.8855888247489929,0.004461042582988739,0.9515593447117938,0.5773502691896257,1
moe_oeo_N4_k3_L4_lr0.002_s27,moe_oeo,4,3,0.75,27,43,1.0102375413984332,0.0004280926002304517,2525.197106361389,0.7340425252914429,0.7340425848960876,0.7299679517745972,0.8824219107627869,0.004572080913931131,0.9518766740065895,0.5773502691896257,1
moe_oeo_N4_k3_L4_lr0.002_s27,moe_oeo,4,3,0.75,27,44,1.0033160585348737,0.0003869728128606611,2582.431731700897,0.7340425252914429,0.7340425848960876,0.7299651503562927,0.8806712627410889,0.004515530075877905,0.9508771376773989,0.5773502691896257,1
moe_oeo_N4_k3_L4_lr0.002_s27,moe_oeo,4,3,0.75,27,45,1.003633553374848,0.0003475606997047307,2640.735849380493,0.7353723645210266,0.7353723645210266,0.7313016653060913,0.8793656229972839,0.0045061660930514336,0.95079443285773,0.5773502691896257,1
moe_oeo_N4_k3_L4_lr0.002_s27,moe_oeo,4,3,0.75,27,46,0.9997657109817414,0.0003099642866253181,2698.16725230217,0.7340425252914429,0.7340425848960876,0.72988361120224,0.8755919337272644,0.004547841381281614,0.9510155019065416,0.5773502691896257,1
moe_oeo_N4_k3_L4_lr0.002_s27,moe_oeo,4,3,0.75,27,47,1.0020047466963802,0.0002742866227773799,2754.0482885837555,0.7313829660415649,0.7313829660415649,0.7275168895721436,0.8745890855789185,0.0045753722079098225,0.9510435675443097,0.5773502691896257,1
moe_oeo_N4_k3_L4_lr0.002_s27,moe_oeo,4,3,0.75,27,48,0.9970392703363612,0.00024062549815759878,2813.536409854889,0.7313829660415649,0.7313829660415649,0.7269503474235535,0.8741229176521301,0.004519647918641567,0.9503147396670326,0.5773502691896257,1
moe_oeo_N4_k3_L4_lr0.002_s27,moe_oeo,4,3,0.75,27,49,0.994352214667759,0.0002090731755688021,2867.0507111549377,0.7367021441459656,0.7367021441459656,0.732896089553833,0.8730945587158203,0.004571250174194574,0.9508814329865425,0.5773502691896257,1
moe_oeo_N4_k3_L4_lr0.002_s27,moe_oeo,4,3,0.75,27,50,0.9993530030460118,0.00017971613773403027,2928.507951259613,0.7340425252914429,0.7340425848960876,0.7304008603096008,0.8718841075897217,0.0045854016207158566,0.9508121700969582,0.5773502691896257,1
moe_oeo_N4_k3_L4_lr0.002_s27,moe_oeo,4,3,0.75,27,51,0.9968683758163697,0.00015263485025340568,2983.0465185642242,0.7313829660415649,0.7313830256462097,0.72721928358078,0.87092524766922,0.004516452085226774,0.9502222271325238,0.5773502691896257,1
moe_oeo_N4_k3_L4_lr0.002_s27,moe_oeo,4,3,0.75,27,52,0.9979127924719221,0.00012790354105351589,3037.783971309662,0.7327127456665039,0.7327128052711487,0.7285347580909729,0.8698102831840515,0.0046228161081671715,0.950647809566191,0.5773502691896257,1
moe_oeo_N4_k3_L4_lr0.002_s27,moe_oeo,4,3,0.75,27,53,0.9939447151641595,0.00010558999693382504,3098.196924686432,0.7327127456665039,0.7327128052711487,0.7288193702697754,0.8702336549758911,0.004545357543975115,0.9503559019350231,0.5773502691896257,1
moe_oeo_N4_k3_L4_lr0.002_s27,moe_oeo,4,3,0.75,27,54,0.9951234574442449,8.575537776777028e-05,3158.392951965332,0.7327127456665039,0.7327128052711487,0.7288089990615845,0.8695386648178101,0.004568061791360378,0.950423677349181,0.5773502691896257,1
moe_oeo_N4_k3_L4_lr0.002_s27,moe_oeo,4,3,0.75,27,55,0.9991476422847678,6.845404886779801e-05,3217.281343460083,0.7313829660415649,0.7313829660415649,0.7274305820465088,0.8692983388900757,0.004563129507005215,0.9503281768085686,0.5773502691896257,1
moe_oeo_N4_k3_L4_lr0.002_s27,moe_oeo,4,3,0.75,27,56,0.9901982961928464,5.373343197382237e-05,3277.2322909832,0.7340425252914429,0.7340425848960876,0.7302595973014832,0.8691116571426392,0.004579585511237383,0.9503786811922503,0.5773502691896257,1
moe_oeo_N4_k3_L4_lr0.002_s27,moe_oeo,4,3,0.75,27,57,0.99722411122054,4.163387527353236e-05,3336.450839281082,0.7313829660415649,0.7313830256462097,0.7272724509239197,0.8688992261886597,0.004585189279168844,0.9503651598959679,0.5773502691896257,1
moe_oeo_N4_k3_L4_lr0.002_s27,moe_oeo,4,3,0.75,27,58,0.994702534154738,3.218854281081372e-05,3397.715364217758,0.7327127456665039,0.7327128052711487,0.7288089990615845,0.8687304854393005,0.004586904309689999,0.9503665435964738,0.5773502691896257,1
moe_oeo_N4_k3_L4_lr0.002_s27,moe_oeo,4,3,0.75,27,59,0.9930726854156141,2.5423323585409333e-05,3458.9830598831177,0.7313829660415649,0.7313829660415649,0.7274566888809204,0.8686864376068115,0.004578849766403437,0.9503102056727334,0.5773502691896257,1
moe_oeo_N4_k3_L4_lr0.002_s27,moe_oeo,4,3,0.75,27,60,0.9897506240517173,2.1356760592971906e-05,3515.487274646759,0.7313829660415649,0.7313829660415649,0.7274566888809204,0.8687614798545837,0.0045692273415625095,0.9502662561723454,0.5773502691896257,1
moe_oeo_N4_k4_L4_lr0.002_s27,moe_oeo,4,4,1.0,27,1,2.587282014219728,0.002,62.757328271865845,0.35904255509376526,0.35904252529144287,0.3132633566856384,2.0416626930236816,0.010867161676287651,0.9973135013527944,0.0,1
moe_oeo_N4_k4_L4_lr0.002_s27,moe_oeo,4,4,1.0,27,2,1.934186361815151,0.001998643239407028,127.41956877708435,0.3896276652812958,0.3896276354789734,0.35271722078323364,1.7156392335891724,0.010369837284088135,0.9940681888961624,0.0,1
moe_oeo_N4_k4_L4_lr0.002_s27,moe_oeo,4,4,1.0,27,3,1.7317580433911113,0.0019945766764145906,188.97606492042542,0.43218085169792175,0.43218082189559937,0.3966647982597351,1.5652329921722412,0.010198553092777729,0.9926802237129289,0.0,1
moe_oeo_N4_k4_L4_lr0.002_s27,moe_oeo,4,4,1.0,27,4,1.6222645771353756,0.0019878114571891866,249.56051230430603,0.4694148898124695,0.4694148898124695,0.44249656796455383,1.4646292924880981,0.009868482127785683,0.9916045280905421,0.0,1
moe_oeo_N4_k4_L4_lr0.002_s27,moe_oeo,4,4,1.0,27,5,1.5207997687484167,0.0019783661247264675,312.13004302978516,0.4853723347187042,0.4853723645210266,0.4588191509246826,1.3899099826812744,0.009755908511579037,0.9912546794667539,0.0,1
moe_oeo_N4_k4_L4_lr0.002_s27,moe_oeo,4,4,1.0,27,6,1.4667866256462248,0.0019662665680261777,374.7333972454071,0.5079787373542786,0.5079787373542786,0.48655426502227783,1.3297313451766968,0.009302639402449131,0.9905608600955867,0.0,1
moe_oeo_N4_k4_L4_lr0.002_s27,moe_oeo,4,4,1.0,27,7,1.4208681904476936,0.0019515459511322021,436.22763180732727,0.5345744490623474,0.5345744490623474,0.5126987099647522,1.2783910036087036,0.008848554454743862,0.9898544152319266,0.0,1
moe_oeo_N4_k4_L4_lr0.002_s27,moe_oeo,4,4,1.0,27,8,1.3712116528523568,0.0019342446222322296,497.9879779815674,0.5531914830207825,0.5531914830207825,0.5351154804229736,1.2383904457092285,0.008768855594098568,0.9902973019641022,0.0,1
moe_oeo_N4_k4_L4_lr0.002_s27,moe_oeo,4,4,1.0,27,9,1.3435765281659828,0.0019144100030661748,559.188898563385,0.5691489577293396,0.5691489577293396,0.5526021718978882,1.2074779272079468,0.008669814094901085,0.9901076638074242,0.0,1
moe_oeo_N4_k4_L4_lr0.002_s27,moe_oeo,4,4,1.0,27,10,1.30931001063011,0.0018920964589464841,622.8302359580994,0.5771276354789734,0.5771276950836182,0.5613387823104858,1.1777034997940063,0.008842221461236477,0.9898670766319678,0.0,1
moe_oeo_N4_k4_L4_lr0.002_s27,moe_oeo,4,4,1.0,27,11,1.285422492406616,0.0018673651497465944,684.080287694931,0.5930851101875305,0.5930851101875305,0.5787679553031921,1.1485061645507812,0.00850251130759716,0.9897479954082694,0.0,1
moe_oeo_N4_k4_L4_lr0.002_s27,moe_oeo,4,4,1.0,27,12,1.2484512208242258,0.0018402838622659698,744.7357203960419,0.603723406791687,0.603723406791687,0.5909081101417542,1.1257303953170776,0.008277453482151031,0.9894801403575496,0.0,1
moe_oeo_N4_k4_L4_lr0.002_s27,moe_oeo,4,4,1.0,27,13,1.2383385331170063,0.001810926824431198,805.8561902046204,0.6156914830207825,0.6156914830207825,0.6055276989936829,1.103208065032959,0.008046789094805717,0.9886914088105474,0.0,1
moe_oeo_N4_k4_L4_lr0.002_s27,moe_oeo,4,4,1.0,27,14,1.2148015048337855,0.0017793745018424012,870.8543009757996,0.6130319237709045,0.6130319237709045,0.6035610437393188,1.0854830741882324,0.007974163629114628,0.988747655432693,0.0,1
moe_oeo_N4_k4_L4_lr0.002_s27,moe_oeo,4,4,1.0,27,15,1.1887018164049954,0.0017457133772226204,933.1338500976562,0.6143617033958435,0.6143617033958435,0.6020277142524719,1.0677350759506226,0.007986379787325859,0.9883314907118527,0.0,1
moe_oeo_N4_k4_L4_lr0.002_s27,moe_oeo,4,4,1.0,27,16,1.1814633437504642,0.001710035713374682,994.111622095108,0.6303191781044006,0.6303191781044006,0.6225196123123169,1.0536936521530151,0.007989205420017242,0.9885253007923224,0.0,1
moe_oeo_N4_k4_L4_lr0.002_s27,moe_oeo,4,4,1.0,27,17,1.1581507489663554,0.0016724393002952695,1056.5829641819,0.6343085169792175,0.6343085169792175,0.6269548535346985,1.0399833917617798,0.007312418427318335,0.987503245948961,0.0,1
moe_oeo_N4_k4_L4_lr0.002_s27,moe_oeo,4,4,1.0,27,18,1.1443794969401266,0.0016330271871393392,1119.844866991043,0.646276593208313,0.646276593208313,0.6390166282653809,1.0287902355194092,0.007440635003149509,0.9878453847547763,0.0,1
moe_oeo_N4_k4_L4_lr0.002_s27,moe_oeo,4,4,1.0,27,19,1.137229914211383,0.0015919073997695485,1181.8840293884277,0.647606372833252,0.6476064324378967,0.6393173336982727,1.0166350603103638,0.007632263004779816,0.9875678650761608,0.0,1
moe_oeo_N4_k4_L4_lr0.002_s27,moe_oeo,4,4,1.0,27,20,1.1187681112880712,0.001549192644664877,1243.487874507904,0.6555851101875305,0.6555851101875305,0.6475628018379211,1.003169298171997,0.00737731484696269,0.9874715154500089,0.0,1
moe_oeo_N4_k4_L4_lr0.002_s27,moe_oeo,4,4,1.0,27,21,1.10636243726803,0.0015049999999999998,1304.903568983078,0.6515957713127136,0.6515957713127136,0.6431019902229309,0.9921117424964905,0.007423842325806618,0.9874338559311926,0.0,1
moe_oeo_N4_k4_L4_lr0.002_s27,moe_oeo,4,4,1.0,27,22,1.0932519797609956,0.0014594505947421513,1366.1025278568268,0.6635638475418091,0.6635638475418091,0.6567816138267517,0.9771166443824768,0.00720903929322958,0.9863196782444109,0.0,1
moe_oeo_N4_k4_L4_lr0.002_s27,moe_oeo,4,4,1.0,27,23,1.0862902745468432,0.0014126692766450425,1429.047902584076,0.666223406791687,0.6662234663963318,0.658797562122345,0.9719545841217041,0.00720128184184432,0.9867741183597278,0.0,1
moe_oeo_N4_k4_L4_lr0.002_s27,moe_oeo,4,4,1.0,27,24,1.079364805571633,0.0013647842700498477,1494.6820986270905,0.6821808218955994,0.6821808815002441,0.6766759157180786,0.9621642827987671,0.007118654437363148,0.9864205147402596,0.0,1
moe_oeo_N4_k4_L4_lr0.002_s27,moe_oeo,4,4,1.0,27,25,1.0703631805162452,0.001315926824431198,1556.5096244812012,0.6742021441459656,0.6742021441459656,0.6679410338401794,0.951877236366272,0.006940360181033611,0.9860798851918632,0.0,1
moe_oeo_N4_k4_L4_lr0.002_s27,moe_oeo,4,4,1.0,27,26,1.0609810423769364,0.0012662308546514955,1616.9118614196777,0.6755319237709045,0.6755319237709045,0.6690217852592468,0.9458842277526855,0.007049489300698042,0.9860608443976285,0.0,1
moe_oeo_N4_k4_L4_lr0.002_s27,moe_oeo,4,4,1.0,27,27,1.0510133077139587,0.0012158325739095818,1678.8257088661194,0.6795212626457214,0.6795213222503662,0.6737813353538513,0.9382902979850769,0.007003973703831434,0.9858751132896663,0.0,1
moe_oeo_N4_k4_L4_lr0.002_s27,moe_oeo,4,4,1.0,27,28,1.0422201302310783,0.0011648701203898287,1740.0248339176178,0.686170220375061,0.686170220375061,0.6812552809715271,0.9336578249931335,0.006804666016250849,0.985175479925353,0.0,1
moe_oeo_N4_k4_L4_lr0.002_s27,moe_oeo,4,4,1.0,27,29,1.0416641383257494,0.001113483178634977,1801.4002158641815,0.6875,0.6875,0.6820109486579895,0.9255918860435486,0.006816477049142122,0.9849858327391011,0.0,1
moe_oeo_N4_k4_L4_lr0.002_s27,moe_oeo,4,4,1.0,27,30,1.0283870974377,0.0010618125966805143,1864.18896150589,0.6928191781044006,0.6928191781044006,0.6878804564476013,0.9225025773048401,0.006851660553365946,0.9854300866057077,0.0,1
moe_oeo_N4_k4_L4_lr0.002_s27,moe_oeo,4,4,1.0,27,31,1.0245637020955212,0.0010100000000000003,1926.6183233261108,0.6968085169792175,0.6968085169792175,0.6923176646232605,0.9157857298851013,0.006795493420213461,0.9852564826615188,0.0,1
moe_oeo_N4_k4_L4_lr0.002_s27,moe_oeo,4,4,1.0,27,32,1.0231299229459538,0.0009581874033194859,1989.412913799286,0.7007978558540344,0.7007979154586792,0.6960816979408264,0.9109267592430115,0.006616652477532625,0.9845925507499017,0.0,1
moe_oeo_N4_k4_L4_lr0.002_s27,moe_oeo,4,4,1.0,27,33,1.0148368188303356,0.0009065168213650232,2051.18838429451,0.7021276354789734,0.7021276354789734,0.6974490284919739,0.9072484970092773,0.00673608249053359,0.9849270618735921,0.0,1
moe_oeo_N4_k4_L4_lr0.002_s27,moe_oeo,4,4,1.0,27,34,1.0126706665067096,0.0008551298796101715,2110.438973426819,0.6994680762290955,0.6994680762290955,0.6958780288696289,0.9031060338020325,0.006675972603261471,0.9844296914760985,0.0,1
moe_oeo_N4_k4_L4_lr0.002_s27,moe_oeo,4,4,1.0,27,35,1.0059559918838004,0.0008041674260904182,2171.9430792331696,0.708776593208313,0.708776593208313,0.7041611671447754,0.9000846147537231,0.006627840455621481,0.9848330027861842,0.0,1
moe_oeo_N4_k4_L4_lr0.002_s27,moe_oeo,4,4,1.0,27,36,0.9959282846568518,0.0007537691453485046,2231.5654323101044,0.7021276354789734,0.7021276950836182,0.69820237159729,0.8934377431869507,0.006691042333841324,0.9846272236551401,0.0,1
moe_oeo_N4_k4_L4_lr0.002_s27,moe_oeo,4,4,1.0,27,37,0.9927169394564547,0.0007040731755688022,2294.7368330955505,0.708776593208313,0.708776593208313,0.704436182975769,0.8906517028808594,0.006735171191394329,0.9844107049766181,0.0,1
moe_oeo_N4_k4_L4_lr0.002_s27,moe_oeo,4,4,1.0,27,38,0.9927827881470527,0.0006552157299501527,2363.186086177826,0.707446813583374,0.707446813583374,0.7032445073127747,0.8892025351524353,0.006635849364101887,0.9843114472156168,0.0,1
moe_oeo_N4_k4_L4_lr0.002_s27,moe_oeo,4,4,1.0,27,39,0.9844736252065118,0.000607330723354958,2428.2101991176605,0.7140957713127136,0.7140957713127136,0.7095139622688293,0.8852313160896301,0.006617193575948477,0.9843245860053393,0.0,1
moe_oeo_N4_k4_L4_lr0.002_s27,moe_oeo,4,4,1.0,27,40,0.9850530207888585,0.0005605494052578487,2490.333675146103,0.7114361524581909,0.7114362120628357,0.7062162756919861,0.8809690475463867,0.006521523464471102,0.9840874804318337,0.0,1
moe_oeo_N4_k4_L4_lr0.002_s27,moe_oeo,4,4,1.0,27,41,0.9803762441951799,0.0005150000000000003,2552.6946053504944,0.7114361524581909,0.7114362120628357,0.7067593932151794,0.8794437646865845,0.006548459175974131,0.9841282172127704,0.0,1
moe_oeo_N4_k4_L4_lr0.002_s27,moe_oeo,4,4,1.0,27,42,0.9788219934610063,0.00047080735533512353,2615.1464824676514,0.7207446694374084,0.7207447290420532,0.7167354226112366,0.8808046579360962,0.006478695664554834,0.9842172526688469,0.0,1
moe_oeo_N4_k4_L4_lr0.002_s27,moe_oeo,4,4,1.0,27,43,0.976476120520128,0.0004280926002304517,2677.1822056770325,0.7154255509376526,0.7154256105422974,0.7110878825187683,0.8784350156784058,0.0065528154373168945,0.9842098464328377,0.0,1
moe_oeo_N4_k4_L4_lr0.002_s27,moe_oeo,4,4,1.0,27,44,0.9703575111415288,0.0003869728128606611,2746.9866075515747,0.7194148898124695,0.7194148898124695,0.7154532074928284,0.8761340975761414,0.006512633059173822,0.9837235123106308,0.0,1
moe_oeo_N4_k4_L4_lr0.002_s27,moe_oeo,4,4,1.0,27,45,0.9710129597585767,0.0003475606997047307,2808.7670748233795,0.7207446694374084,0.7207446694374084,0.7168566584587097,0.8757518529891968,0.006490320432931185,0.9838353575387649,0.0,1
moe_oeo_N4_k4_L4_lr0.002_s27,moe_oeo,4,4,1.0,27,46,0.9670917188502066,0.0003099642866253181,2871.7046020030975,0.7194148898124695,0.7194149494171143,0.7155131697654724,0.8713680505752563,0.006590419448912144,0.9840771554380406,0.0,1
moe_oeo_N4_k4_L4_lr0.002_s27,moe_oeo,4,4,1.0,27,47,0.9699530054189979,0.0002742866227773799,2933.3869638442993,0.7140957713127136,0.7140957713127136,0.71124666929245,0.8707049489021301,0.0066043841652572155,0.9841343250090437,0.0,1
moe_oeo_N4_k4_L4_lr0.002_s27,moe_oeo,4,4,1.0,27,48,0.9629675203840754,0.00024062549815759878,2996.4404549598694,0.7180851101875305,0.7180851101875305,0.7143463492393494,0.8695880770683289,0.006539630237966776,0.9837993398168909,0.0,1
moe_oeo_N4_k4_L4_lr0.002_s27,moe_oeo,4,4,1.0,27,49,0.9623895985452824,0.0002090731755688021,3057.534692764282,0.7180851101875305,0.7180851101875305,0.7147842049598694,0.8686627745628357,0.006523055024445057,0.9839314811780782,0.0,1
moe_oeo_N4_k4_L4_lr0.002_s27,moe_oeo,4,4,1.0,27,50,0.9684927445840618,0.00017971613773403027,3116.925139427185,0.7180851101875305,0.7180851101875305,0.7152583003044128,0.8682764768600464,0.006598213221877813,0.9840839358308081,0.0,1
moe_oeo_N4_k4_L4_lr0.002_s27,moe_oeo,4,4,1.0,27,51,0.964692804715745,0.00015263485025340568,3178.861691713333,0.7167553305625916,0.7167553305625916,0.713873565196991,0.8673539161682129,0.006460779346525669,0.9838144713459492,0.0,1
moe_oeo_N4_k4_L4_lr0.002_s27,moe_oeo,4,4,1.0,27,52,0.9653510315148117,0.00012790354105351589,3242.2021822929382,0.7207446694374084,0.7207446694374084,0.7176914215087891,0.8656215071678162,0.0066624656319618225,0.9840594324741903,0.0,1
moe_oeo_N4_k4_L4_lr0.002_s27,moe_oeo,4,4,1.0,27,53,0.9590696266099606,0.00010558999693382504,3303.9907228946686,0.7207446694374084,0.7207447290420532,0.717720091342926,0.866697371006012,0.006535463500767946,0.9839805598149741,0.0,1
moe_oeo_N4_k4_L4_lr0.002_s27,moe_oeo,4,4,1.0,27,54,0.9631746077748466,8.575537776777028e-05,3365.6883928775787,0.7194148898124695,0.7194149494171143,0.7163379788398743,0.8658384084701538,0.0065960632637143135,0.9840244812223657,0.0,1
moe_oeo_N4_k4_L4_lr0.002_s27,moe_oeo,4,4,1.0,27,55,0.9614610347607636,6.845404886779801e-05,3427.3390130996704,0.7194148898124695,0.7194149494171143,0.7163379788398743,0.8653297424316406,0.006582142319530249,0.9839554551335876,0.0,1
moe_oeo_N4_k4_L4_lr0.002_s27,moe_oeo,4,4,1.0,27,56,0.9579946791846731,5.373343197382237e-05,3489.2264680862427,0.7207446694374084,0.7207447290420532,0.7175846695899963,0.8650191426277161,0.006585327908396721,0.9839417750621448,0.0,1
moe_oeo_N4_k4_L4_lr0.002_s27,moe_oeo,4,4,1.0,27,57,0.9621314951410033,4.163387527353236e-05,3551.7163202762604,0.7207446694374084,0.7207447290420532,0.7175846695899963,0.8647909760475159,0.006588786840438843,0.9839326539218086,0.0,1
moe_oeo_N4_k4_L4_lr0.002_s27,moe_oeo,4,4,1.0,27,58,0.9615306518801815,3.218854281081372e-05,3613.1541588306427,0.7194148898124695,0.7194149494171143,0.716204822063446,0.8647478222846985,0.006593525409698486,0.9839432016195346,0.0,1
moe_oeo_N4_k4_L4_lr0.002_s27,moe_oeo,4,4,1.0,27,59,0.9603199845086358,2.5423323585409333e-05,3679.0070176124573,0.7207446694374084,0.7207447290420532,0.7175731062889099,0.8646296262741089,0.006584703456610441,0.9839460062823454,0.0,1
moe_oeo_N4_k4_L4_lr0.002_s27,moe_oeo,4,4,1.0,27,60,0.95707289793754,2.1356760592971906e-05,3745.8492550849915,0.7207446694374084,0.7207447290420532,0.7175731062889099,0.8646824359893799,0.0065761348232626915,0.9839145299800993,0.0,1
moe_oeo_N16_k1_L4_lr0.002_s27,moe_oeo,16,1,0.0625,27,1,2.479774547358082,0.002,68.12393546104431,0.22473403811454773,0.22473403811454773,0.16563090682029724,2.8066985607147217,0.002170368330553174,0.9993416085221739,1.3748945570558149,15
moe_oeo_N16_k1_L4_lr0.002_s27,moe_oeo,16,1,0.0625,27,2,1.87182346644671,0.001998643239407028,133.6649031639099,0.22074468433856964,0.22074466943740845,0.15427421033382416,2.737541913986206,0.0019654654897749424,0.9992150327971435,1.5189500116536074,15
moe_oeo_N16_k1_L4_lr0.002_s27,moe_oeo,16,1,0.0625,27,3,1.6919854723053163,0.0019945766764145906,203.71743321418762,0.09840425848960876,0.09840425848960876,0.06919211149215698,2.6379446983337402,0.0018467084737494588,0.9990226255950491,1.5397810949743054,15
moe_oeo_N16_k1_L4_lr0.002_s27,moe_oeo,16,1,0.0625,27,4,1.5815279208225748,0.0019878114571891866,278.47016620635986,0.09840425848960876,0.09840425848960876,0.062277741730213165,2.5584075450897217,0.0017926308792084455,0.9987918321977474,1.5652945782309144,15
moe_oeo_N16_k1_L4_lr0.002_s27,moe_oeo,16,1,0.0625,27,5,1.487377108104493,0.0019783661247264675,353.18991708755493,0.10106383264064789,0.10106382519006729,0.05954744294285774,2.598708391189575,0.0013284728629514575,0.9986014388768291,1.541397234193594,15
moe_oeo_N16_k1_L4_lr0.002_s27,moe_oeo,16,1,0.0625,27,6,2.3437822571356004,0.0019662665680261777,427.121652841568,0.3085106313228607,0.3085106313228607,0.2652742266654968,1.8309721946716309,0.0009265713742934167,0.9986153922708549,1.6750168201667661,15
moe_oeo_N16_k1_L4_lr0.002_s27,moe_oeo,16,1,0.0625,27,7,2.085593596304933,0.0019515459511322021,503.9762852191925,0.3430851101875305,0.3430851101875305,0.2996574640274048,1.7392369508743286,0.0009408380719833076,0.9986277790991581,1.6527409794850947,15
moe_oeo_N16_k1_L4_lr0.002_s27,moe_oeo,16,1,0.0625,27,8,2.048156709193367,0.0019342446222322296,575.1892652511597,0.32180851697921753,0.32180851697921753,0.2805655002593994,1.7181458473205566,0.0009639999479986727,0.9986409831577999,1.6079322094350934,15
moe_oeo_N16_k1_L4_lr0.002_s27,moe_oeo,16,1,0.0625,27,9,2.000722852335673,0.0019144100030661748,646.9643957614899,0.332446813583374,0.332446813583374,0.2974390387535095,1.690630316734314,0.0009824344888329506,0.9986555823688381,1.572975878870011,15
moe_oeo_N16_k1_L4_lr0.002_s27,moe_oeo,16,1,0.0625,27,10,1.9728178069607851,0.0018920964589464841,716.0868346691132,0.33909574151039124,0.3390957713127136,0.30641797184944153,1.6590358018875122,0.0009922004537656903,0.9986711000468314,1.5364147844679774,15
moe_oeo_N16_k1_L4_lr0.002_s27,moe_oeo,16,1,0.0625,27,11,1.940617635029636,0.0018673651497465944,789.0536880493164,0.38696807622909546,0.38696807622909546,0.3455270528793335,1.6216411590576172,0.0009856829419732094,0.9986877905172736,1.4899315021624115,15
moe_oeo_N16_k1_L4_lr0.002_s27,moe_oeo,16,1,0.0625,27,12,1.881690767768039,0.0018402838622659698,864.7297084331512,0.3856382966041565,0.3856382966041565,0.3490857779979706,1.581020712852478,0.0010022057686001062,0.9987051262521006,1.4757163807509195,15
moe_oeo_N16_k1_L4_lr0.002_s27,moe_oeo,16,1,0.0625,27,13,1.8326375333413685,0.001810926824431198,935.4239478111267,0.4069148898124695,0.4069148898124695,0.37006470561027527,1.5239601135253906,0.0009374191286042333,0.998723156586821,1.483823278538184,15
moe_oeo_N16_k1_L4_lr0.002_s27,moe_oeo,16,1,0.0625,27,14,1.7962733083936178,0.0017793745018424012,1010.4616453647614,0.40026596188545227,0.40026596188545227,0.3691105544567108,1.4867167472839355,0.0008594027603976429,0.9987426361507237,1.4869090886666088,15
moe_oeo_N16_k1_L4_lr0.002_s27,moe_oeo,16,1,0.0625,27,15,1.7377058813288875,0.0017457133772226204,1084.0511713027954,0.4414893686771393,0.4414893388748169,0.4028072953224182,1.4620879888534546,0.0007638882962055504,0.9987622091923585,1.5066061070812746,15
moe_oeo_N16_k1_L4_lr0.002_s27,moe_oeo,16,1,0.0625,27,16,1.7226619946698076,0.001710035713374682,1153.2073996067047,0.4095744788646698,0.4095744788646698,0.3782648742198944,1.4315606355667114,0.0006875982508063316,0.998782778366534,1.5083891078269627,15
moe_oeo_N16_k1_L4_lr0.002_s27,moe_oeo,16,1,0.0625,27,17,1.7009508303243275,0.0016724393002952695,1219.5752387046814,0.42553192377090454,0.42553192377090454,0.3919646441936493,1.4103425741195679,0.0006265910342335701,0.9988044317185069,1.5043320736204695,15
moe_oeo_N16_k1_L4_lr0.002_s27,moe_oeo,16,1,0.0625,27,18,1.6811844290459537,0.0016330271871393392,1291.6702432632446,0.4547872245311737,0.4547872543334961,0.4277324676513672,1.3848390579223633,0.0005771692376583815,0.9988262464760146,1.505065418232682,15
moe_oeo_N16_k1_L4_lr0.002_s27,moe_oeo,16,1,0.0625,27,19,1.6636716660503383,0.0015919073997695485,1361.8146815299988,0.47074466943740845,0.47074466943740845,0.442658007144928,1.3746358156204224,0.0005286110681481659,0.9988487087678882,1.499830242669525,15
moe_oeo_N16_k1_L4_lr0.002_s27,moe_oeo,16,1,0.0625,27,20,1.6541625336152779,0.001549192644664877,1434.0629630088806,0.47074466943740845,0.47074469923973083,0.44971102476119995,1.367875576019287,0.000502566050272435,0.998871352970957,1.5003394843104416,15
moe_oeo_N16_k1_L4_lr0.002_s27,moe_oeo,16,1,0.0625,27,21,1.6379974382040707,0.0015049999999999998,1504.773150920868,0.4680851101875305,0.4680851101875305,0.44980669021606445,1.358642816543579,0.00047365573118440807,0.9988931431352867,1.497470331046236,15
moe_oeo_N16_k1_L4_lr0.002_s27,moe_oeo,16,1,0.0625,27,22,1.630202986129887,0.0014594505947421513,1581.0166811943054,0.48803192377090454,0.48803192377090454,0.46967750787734985,1.3447164297103882,0.0004912397707812488,0.9989170767420508,1.4814570196859853,15
moe_oeo_N16_k1_L4_lr0.002_s27,moe_oeo,16,1,0.0625,27,23,1.610353412319264,0.0014126692766450425,1653.7887868881226,0.4867021143436432,0.4867021441459656,0.4676736891269684,1.3360297679901123,0.00046845769975334406,0.9989406433372516,1.485081235485967,15
moe_oeo_N16_k1_L4_lr0.002_s27,moe_oeo,16,1,0.0625,27,24,1.6035127842365062,0.0013647842700498477,1721.9194331169128,0.49202126264572144,0.49202126264572144,0.47668707370758057,1.319035530090332,0.00045782863162457943,0.9989645759772332,1.486909060610611,15
moe_oeo_N16_k1_L4_lr0.002_s27,moe_oeo,16,1,0.0625,27,25,1.595978950426731,0.001315926824431198,1798.3391151428223,0.4973404109477997,0.4973404109477997,0.48075902462005615,1.3175278902053833,0.0004517272755037993,0.9989872356551744,1.4828314144915016,15
moe_oeo_N16_k1_L4_lr0.002_s27,moe_oeo,16,1,0.0625,27,26,1.5907582761932453,0.0012662308546514955,1866.4377975463867,0.5106382966041565,0.5106382966041565,0.4961870312690735,1.3083029985427856,0.00043110764818266034,0.9990124620596393,1.4789912355366472,15
moe_oeo_N16_k1_L4_lr0.002_s27,moe_oeo,16,1,0.0625,27,27,1.5765862592993534,0.0012158325739095818,1936.8589091300964,0.49202126264572144,0.4920212924480438,0.47922301292419434,1.3040591478347778,0.00045730016427114606,0.9990358715213853,1.4657320183568099,15
moe_oeo_N16_k1_L4_lr0.002_s27,moe_oeo,16,1,0.0625,27,28,1.5720934814956362,0.0011648701203898287,2007.2720637321472,0.5132978558540344,0.5132978558540344,0.49844032526016235,1.302212119102478,0.0004381206235848367,0.9990592955908533,1.4539871838243557,15
moe_oeo_N16_k1_L4_lr0.002_s27,moe_oeo,16,1,0.0625,27,29,1.5748062840233383,0.001113483178634977,2081.6378302574158,0.5053191781044006,0.5053191184997559,0.49161872267723083,1.2953020334243774,0.0004505858232732862,0.9990807176235358,1.4444403363374407,15
moe_oeo_N16_k1_L4_lr0.002_s27,moe_oeo,16,1,0.0625,27,30,1.5570157785053667,0.0010618125966805143,2152.8440930843353,0.5039893388748169,0.5039893388748169,0.48665955662727356,1.2985403537750244,0.00044062259257771075,0.999103723833699,1.4392205774459543,15
moe_oeo_N16_k1_L4_lr0.002_s27,moe_oeo,16,1,0.0625,27,31,1.537847715391688,0.0010100000000000003,2223.7839233875275,0.5079787373542786,0.5079787373542786,0.4923478662967682,1.2909122705459595,0.0004529525467660278,0.9991246897474835,1.4365641885617084,15
moe_oeo_N16_k1_L4_lr0.002_s27,moe_oeo,16,1,0.0625,27,32,1.5506338542454863,0.0009581874033194859,2295.5583152770996,0.5,0.5,0.4867134094238281,1.2907119989395142,0.0004455304588191211,0.9991438433326869,1.4246980618769975,15
moe_oeo_N16_k1_L4_lr0.002_s27,moe_oeo,16,1,0.0625,27,33,1.5392900780523748,0.0009065168213650232,2367.541444540024,0.5039893388748169,0.5039893388748169,0.48711133003234863,1.284144401550293,0.0004395276482682675,0.9991656043321875,1.4187078696023072,15
moe_oeo_N16_k1_L4_lr0.002_s27,moe_oeo,16,1,0.0625,27,34,1.5436224995104417,0.0008551298796101715,2439.207731485367,0.5026595592498779,0.5026595592498779,0.48152780532836914,1.2824386358261108,0.00040815098327584565,0.9991873067400613,1.389571049559297,15
moe_oeo_N16_k1_L4_lr0.002_s27,moe_oeo,16,1,0.0625,27,35,1.5297952251143108,0.0008041674260904182,2517.8817188739777,0.5252659320831299,0.5252659916877747,0.5090837478637695,1.2722431421279907,0.0003858073032461107,0.999205779882086,1.3791682254282673,15
moe_oeo_N16_k1_L4_lr0.002_s27,moe_oeo,16,1,0.0625,27,36,1.5321612854458426,0.0007537691453485046,2599.246011018753,0.522606372833252,0.522606372833252,0.5089956521987915,1.2677336931228638,0.0003865493054036051,0.9992268383567917,1.3631972925891842,15
moe_oeo_N16_k1_L4_lr0.002_s27,moe_oeo,16,1,0.0625,27,37,1.5305531890935278,0.0007040731755688022,2666.9341418743134,0.5172872543334961,0.5172872543334961,0.5027570724487305,1.2650328874588013,0.00041759537998586893,0.9992476430832693,1.336324350621869,15
moe_oeo_N16_k1_L4_lr0.002_s27,moe_oeo,16,1,0.0625,27,38,1.525931629790291,0.0006552157299501527,2738.700008869171,0.5106382966041565,0.5106382966041565,0.4947270154953003,1.268818974494934,0.00038018851773813367,0.9992673828998606,1.3099153463800417,15
moe_oeo_N16_k1_L4_lr0.002_s27,moe_oeo,16,1,0.0625,27,39,1.519456739516155,0.000607330723354958,2809.4061415195465,0.5279255509376526,0.5279255509376526,0.5095570087432861,1.2641412019729614,0.00038788520032539964,0.999285398080433,1.2744440895402707,15
moe_oeo_N16_k1_L4_lr0.002_s27,moe_oeo,16,1,0.0625,27,40,1.524153458252209,0.0005605494052578487,2876.137001991272,0.5292553305625916,0.5292553305625916,0.5115519762039185,1.2586426734924316,0.0004009292460978031,0.9993070012484498,1.2515947107929506,15
moe_oeo_N16_k1_L4_lr0.002_s27,moe_oeo,16,1,0.0625,27,41,1.5259511634945597,0.0005150000000000003,2948.9079191684723,0.5279255509376526,0.5279255509376526,0.5053551197052002,1.2641514539718628,0.00041586390580050647,0.999327833351365,1.2434982695136743,15
moe_oeo_N16_k1_L4_lr0.002_s27,moe_oeo,16,1,0.0625,27,42,1.5263102972820468,0.00047080735533512353,3023.035397529602,0.5039893388748169,0.5039893388748169,0.48581844568252563,1.2867776155471802,0.00041235247044824064,0.9993444788557703,1.2208113264660465,15
moe_oeo_N16_k1_L4_lr0.002_s27,moe_oeo,16,1,0.0625,27,43,1.5235278027889119,0.0004280926002304517,3093.634356737137,0.5172872543334961,0.5172872543334961,0.5010181069374084,1.2794526815414429,0.00040874871774576604,0.9993649495760926,1.1840812833442573,15
moe_oeo_N16_k1_L4_lr0.002_s27,moe_oeo,16,1,0.0625,27,44,1.5290882346904986,0.0003869728128606611,3172.3141095638275,0.521276593208313,0.521276593208313,0.5059571266174316,1.2673749923706055,0.0004015419399365783,0.999380488406325,1.1578163482679655,15
moe_oeo_N16_k1_L4_lr0.002_s27,moe_oeo,16,1,0.0625,27,45,1.5381302516992506,0.0003475606997047307,3237.396099090576,0.5172872543334961,0.5172871947288513,0.49805182218551636,1.2844103574752808,0.000417239818489179,0.9993974853537677,1.0861228027729324,15
moe_oeo_N16_k1_L4_lr0.002_s27,moe_oeo,16,1,0.0625,27,46,1.5680569676197555,0.0003099642866253181,3301.047922849655,0.522606372833252,0.522606372833252,0.5042324066162109,1.3226318359375,0.0004104500403627753,0.9994113512493024,0.9589527134565601,15
moe_oeo_N16_k1_L4_lr0.002_s27,moe_oeo,16,1,0.0625,27,47,1.5946683029571898,0.0002742866227773799,3367.914946079254,0.5319148898124695,0.5319148898124695,0.5121921896934509,1.3293945789337158,0.00040532520506531,0.9994239763926571,0.9039423944406497,15
moe_oeo_N16_k1_L4_lr0.002_s27,moe_oeo,16,1,0.0625,27,48,1.6177631756248267,0.00024062549815759878,3441.3450212478638,0.5079787373542786,0.5079786777496338,0.48833924531936646,1.342921495437622,0.0004017828614450991,0.9994344982995692,0.8762884376278999,15
moe_oeo_N16_k1_L4_lr0.002_s27,moe_oeo,16,1,0.0625,27,49,1.6130403883789228,0.0002090731755688021,3512.281174182892,0.5053191781044006,0.5053191781044006,0.48747456073760986,1.3405464887619019,0.0003971784026362002,0.9994444155065698,0.8680486106721599,15
moe_oeo_N16_k1_L4_lr0.002_s27,moe_oeo,16,1,0.0625,27,50,1.6202446562684563,0.00017971613773403027,3590.225059747696,0.5186170339584351,0.5186170339584351,0.4998667240142822,1.333199381828308,0.00039562693564221263,0.9994540662704333,0.8658620391254951,15
moe_oeo_N16_k1_L4_lr0.002_s27,moe_oeo,16,1,0.0625,27,51,1.602406614549356,0.00015263485025340568,3664.78182888031,0.5039893388748169,0.5039893388748169,0.4888993799686432,1.3346363306045532,0.00039377520442940295,0.999463170055386,0.8575550421042121,15
moe_oeo_N16_k1_L4_lr0.002_s27,moe_oeo,16,1,0.0625,27,52,1.6025908337778425,0.00012790354105351589,3737.0852432250977,0.5026595592498779,0.5026595592498779,0.48580601811408997,1.3322083950042725,0.000409946427680552,0.9994734186888865,0.8599272530198785,15
moe_oeo_N16_k1_L4_lr0.002_s27,moe_oeo,16,1,0.0625,27,53,1.6001600945989292,0.00010558999693382504,3810.0331258773804,0.5039893388748169,0.5039893984794617,0.48637884855270386,1.3299663066864014,0.00040857744170352817,0.9994817376751306,0.8609794796138355,15
moe_oeo_N16_k1_L4_lr0.002_s27,moe_oeo,16,1,0.0625,27,54,1.6122689938776569,8.575537776777028e-05,3884.3410534858704,0.501329779624939,0.501329779624939,0.48411059379577637,1.3263955116271973,0.00040739672840572894,0.999487655019001,0.8579838549792668,15
moe_oeo_N16_k1_L4_lr0.002_s27,moe_oeo,16,1,0.0625,27,55,1.60947136689811,6.845404886779801e-05,3959.5457797050476,0.5026595592498779,0.5026595592498779,0.4845779538154602,1.3277156352996826,0.0004065643879584968,0.9994920681986377,0.8565646857344679,15
moe_oeo_N16_k1_L4_lr0.002_s27,moe_oeo,16,1,0.0625,27,56,1.6008215182073857,5.373343197382237e-05,4030.043397426605,0.5,0.5,0.4819921851158142,1.326546549797058,0.0003890852094627917,0.9994953190114041,0.8489335254655281,15
moe_oeo_N16_k1_L4_lr0.002_s27,moe_oeo,16,1,0.0625,27,57,1.616297195678296,4.163387527353236e-05,4107.452111244202,0.5066489577293396,0.5066488981246948,0.48739093542099,1.3265531063079834,0.00040159482159651816,0.9994990126537923,0.8455272217751705,15
moe_oeo_N16_k1_L4_lr0.002_s27,moe_oeo,16,1,0.0625,27,58,1.6131324496409392,3.218854281081372e-05,4176.510872125626,0.5,0.5,0.4803541302680969,1.327445387840271,0.00040049446397460997,0.9995024697668046,0.8430137961554334,15
moe_oeo_N16_k1_L4_lr0.002_s27,moe_oeo,16,1,0.0625,27,59,1.6139248288555506,2.5423323585409333e-05,4250.036440849304,0.5,0.5,0.4804115891456604,1.3266408443450928,0.00040050200186669827,0.999504525023267,0.8430137961554334,15
moe_oeo_N16_k1_L4_lr0.002_s27,moe_oeo,16,1,0.0625,27,60,1.5989781959007865,2.1356760592971906e-05,4319.41631436348,0.4960106313228607,0.4960106611251831,0.47448429465293884,1.3270509243011475,0.00040041381726041436,0.9995068317603474,0.8443887270726141,15
moe_oeo_N16_k4_L4_lr0.002_s27,moe_oeo,16,4,0.25,27,1,2.479774547358082,0.002,71.58559465408325,0.18882979452610016,0.18882977962493896,0.13921260833740234,3.276498794555664,0.003251725574955344,0.9993416085221739,0.6560556178671639,266
moe_oeo_N16_k4_L4_lr0.002_s27,moe_oeo,16,4,0.25,27,2,1.87182346644671,0.001998643239407028,146.19853162765503,0.17154255509376526,0.17154255509376526,0.1060347706079483,2.8524065017700195,0.0027828924357891083,0.9992150327971435,0.7379037228636449,232
moe_oeo_N16_k4_L4_lr0.002_s27,moe_oeo,16,4,0.25,27,3,1.6919854723053163,0.0019945766764145906,220.79792284965515,0.1635638326406479,0.1635638177394867,0.09591424465179443,2.7016067504882812,0.0025099420454353094,0.9990226255950491,0.812690414094248,216
moe_oeo_N16_k4_L4_lr0.002_s27,moe_oeo,16,4,0.25,27,4,1.5815279208225748,0.0019878114571891866,292.8090298175812,0.1702127605676651,0.1702127754688263,0.09737333655357361,2.6057958602905273,0.002410799963399768,0.9987918321977474,0.8854186369806735,193
moe_oeo_N16_k4_L4_lr0.002_s27,moe_oeo,16,4,0.25,27,5,1.487377108104493,0.0019783661247264675,361.42051672935486,0.166223406791687,0.166223406791687,0.09147892892360687,2.541989326477051,0.0022853033151477575,0.9986014388768291,0.9317131217758137,171
moe_oeo_N16_k4_L4_lr0.002_s27,moe_oeo,16,4,0.25,27,6,2.0154750713202505,0.0019662665680261777,434.89167523384094,0.394946813583374,0.394946813583374,0.36563873291015625,1.726718544960022,0.0015843883156776428,0.998448784648212,0.9527737674008773,164
moe_oeo_N16_k4_L4_lr0.002_s27,moe_oeo,16,4,0.25,27,7,1.8456794151772646,0.0019515459511322021,502.59111046791077,0.40824466943740845,0.40824469923973083,0.3609539270401001,1.6035698652267456,0.0008838937501423061,0.998275559526785,0.9372877642695707,172
moe_oeo_N16_k4_L4_lr0.002_s27,moe_oeo,16,4,0.25,27,8,1.7956137359822721,0.0019342446222322296,577.1733281612396,0.45611703395843506,0.45611703395843506,0.43207818269729614,1.5343728065490723,0.000648356566671282,0.9980641954010534,1.0143653339068355,160
moe_oeo_N16_k4_L4_lr0.002_s27,moe_oeo,16,4,0.25,27,9,1.6987054467575462,0.0019144100030661748,652.7647547721863,0.48404255509376526,0.48404255509376526,0.46112412214279175,1.4368194341659546,0.0006304405978880823,0.9977854863876011,1.0850069665334083,145
moe_oeo_N16_k4_L4_lr0.002_s27,moe_oeo,16,4,0.25,27,10,1.6315638567895105,0.0018920964589464841,725.0134537220001,0.5359042286872864,0.5359042286872864,0.5116575360298157,1.351028561592102,0.0009437674889340997,0.9975600657411007,1.1258186231999812,128
moe_oeo_N16_k4_L4_lr0.002_s27,moe_oeo,16,4,0.25,27,11,1.571379309545641,0.0018673651497465944,802.9704229831696,0.5305851101875305,0.5305851101875305,0.5088371634483337,1.319606900215149,0.0007022349745966494,0.9969350958075464,1.1738714996238582,111
moe_oeo_N16_k4_L4_lr0.002_s27,moe_oeo,16,4,0.25,27,12,1.5737112610511583,0.0018402838622659698,878.6789436340332,0.49468085169792175,0.49468085169792175,0.4722868502140045,1.3162188529968262,0.0004781893512699753,0.9968501510741702,1.2090450061315277,101
moe_oeo_N16_k4_L4_lr0.002_s27,moe_oeo,16,4,0.25,27,13,1.5273225667065682,0.001810926824431198,946.1469480991364,0.49468085169792175,0.49468085169792175,0.463122695684433,1.2757006883621216,0.00046575855230912566,0.9964226622621105,1.2216337874388532,95
moe_oeo_N16_k4_L4_lr0.002_s27,moe_oeo,16,4,0.25,27,14,1.476142676079382,0.0017793745018424012,1017.0013780593872,0.5119680762290955,0.5119680762290955,0.48863059282302856,1.232325553894043,0.00042795485933311284,0.9963039173644817,1.2241382986350062,98
moe_oeo_N16_k4_L4_lr0.002_s27,moe_oeo,16,4,0.25,27,15,1.4611408923790878,0.0017457133772226204,1086.705293416977,0.5678191781044006,0.5678191781044006,0.5401033759117126,1.203098177909851,0.0004734518879558891,0.9961681949949115,1.2434925566028028,100
moe_oeo_N16_k4_L4_lr0.002_s27,moe_oeo,16,4,0.25,27,16,1.4594207058350246,0.001710035713374682,1157.4962935447693,0.5691489577293396,0.5691489577293396,0.5519872307777405,1.1816463470458984,0.0004415744333527982,0.9962297422347441,1.2551458704853815,95
moe_oeo_N16_k4_L4_lr0.002_s27,moe_oeo,16,4,0.25,27,17,1.4286568062082272,0.0016724393002952695,1226.3999707698822,0.539893627166748,0.539893627166748,0.5099267363548279,1.1810660362243652,0.0003590972046367824,0.9960155536588365,1.2595156176731654,88
moe_oeo_N16_k4_L4_lr0.002_s27,moe_oeo,16,4,0.25,27,18,1.398753431561875,0.0016330271871393392,1303.84556889534,0.6130319237709045,0.6130319237709045,0.5938142538070679,1.130266785621643,0.0004488732956815511,0.99594534251018,1.2607982062816183,95
moe_oeo_N16_k4_L4_lr0.002_s27,moe_oeo,16,4,0.25,27,19,1.3883091708364552,0.0015919073997695485,1375.0332515239716,0.6077127456665039,0.6077127456665039,0.5909560322761536,1.1293658018112183,0.00042808943544514477,0.9959593740097425,1.2632278981988276,93
moe_oeo_N16_k4_L4_lr0.002_s27,moe_oeo,16,4,0.25,27,20,1.3653508112787112,0.001549192644664877,1450.0471045970917,0.623670220375061,0.6236701607704163,0.6117181777954102,1.110508680343628,0.0004103362443856895,0.9959816245334543,1.2629030833861683,90
moe_oeo_N16_k4_L4_lr0.002_s27,moe_oeo,16,4,0.25,27,21,1.3317750736764848,0.0015049999999999998,1524.5318322181702,0.6183510422706604,0.6183509826660156,0.6029174327850342,1.0900964736938477,0.0004027954419143498,0.9959569415408015,1.2668929887522289,93
moe_oeo_N16_k4_L4_lr0.002_s27,moe_oeo,16,4,0.25,27,22,1.3166434349806886,0.0014594505947421513,1597.862697839737,0.623670220375061,0.623670220375061,0.6094624996185303,1.0797196626663208,0.00039174826815724373,0.9957308813487686,1.2627812575904207,89
moe_oeo_N16_k4_L4_lr0.002_s27,moe_oeo,16,4,0.25,27,23,1.3095799631792115,0.0014126692766450425,1671.3725712299347,0.6436170339584351,0.6436170339584351,0.6258875131607056,1.0703704357147217,0.00040960730984807014,0.9957951165294484,1.2700811658653246,90
moe_oeo_N16_k4_L4_lr0.002_s27,moe_oeo,16,4,0.25,27,24,1.3016160962652399,0.0013647842700498477,1745.7045285701752,0.646276593208313,0.646276593208313,0.6339487433433533,1.0590227842330933,0.0004015194717794657,0.9957465088123619,1.272982202473209,93
moe_oeo_N16_k4_L4_lr0.002_s27,moe_oeo,16,4,0.25,27,25,1.2776720264764954,0.001315926824431198,1813.2676219940186,0.6422872543334961,0.6422872543334961,0.6269078850746155,1.0598393678665161,0.00040050040115602314,0.995699298102971,1.272832160715484,92
moe_oeo_N16_k4_L4_lr0.002_s27,moe_oeo,16,4,0.25,27,26,1.2763073691868618,0.0012662308546514955,1888.6109602451324,0.6635638475418091,0.6635638475418091,0.6497076153755188,1.049851655960083,0.00039393376209773123,0.9958325844829926,1.283271557383231,91
moe_oeo_N16_k4_L4_lr0.002_s27,moe_oeo,16,4,0.25,27,27,1.2634006287205164,0.0012158325739095818,1959.1837146282196,0.666223406791687,0.666223406791687,0.6512287259101868,1.041741967201233,0.0003832524234894663,0.9956734229057708,1.2799407673386134,90
moe_oeo_N16_k4_L4_lr0.002_s27,moe_oeo,16,4,0.25,27,28,1.2630146010927685,0.0011648701203898287,2034.2090225219727,0.666223406791687,0.666223406791687,0.6530561447143555,1.0407183170318604,0.0003865426988340914,0.9957509741648631,1.2850410503698584,92
moe_oeo_N16_k4_L4_lr0.002_s27,moe_oeo,16,4,0.25,27,29,1.2596268306005762,0.001113483178634977,2104.764585494995,0.6595744490623474,0.6595744490623474,0.6485244631767273,1.0459071397781372,0.00038577389204874635,0.9957418841130212,1.2979949589584971,94
moe_oeo_N16_k4_L4_lr0.002_s27,moe_oeo,16,4,0.25,27,30,1.2525054756296825,0.0010618125966805143,2181.797585248947,0.666223406791687,0.666223406791687,0.6535534858703613,1.044842004776001,0.00038566155126318336,0.9957669981321591,1.3018257151113366,92
moe_oeo_N16_k4_L4_lr0.002_s27,moe_oeo,16,4,0.25,27,31,1.236202221074605,0.0010100000000000003,2259.1925497055054,0.6582446694374084,0.6582446694374084,0.6471511125564575,1.0330371856689453,0.0003880235308315605,0.9958056004628204,1.306590237136489,93
moe_oeo_N16_k4_L4_lr0.002_s27,moe_oeo,16,4,0.25,27,32,1.2399483538109417,0.0009581874033194859,2330.413151741028,0.6702127456665039,0.6702127456665039,0.6589481234550476,1.0288608074188232,0.000383192440494895,0.9957840500102323,1.306909600864384,93
moe_oeo_N16_k4_L4_lr0.002_s27,moe_oeo,16,4,0.25,27,33,1.236699002059219,0.0009065168213650232,2398.315693616867,0.6715425252914429,0.6715425848960876,0.6583229303359985,1.0295088291168213,0.00038379826582968235,0.9957003672365236,1.306006786520953,96
moe_oeo_N16_k4_L4_lr0.002_s27,moe_oeo,16,4,0.25,27,34,1.243499798946865,0.0008551298796101715,2472.1311061382294,0.6688829660415649,0.6688829660415649,0.6593949198722839,1.0358120203018188,0.00039083699812181294,0.995790023831698,1.314163538634975,96
moe_oeo_N16_k4_L4_lr0.002_s27,moe_oeo,16,4,0.25,27,35,1.2282645045248068,0.0008041674260904182,2545.2134170532227,0.6835106611251831,0.6835106015205383,0.6719457507133484,1.0387909412384033,0.0003911509702447802,0.9957677643503146,1.3180116991283983,97
moe_oeo_N16_k4_L4_lr0.002_s27,moe_oeo,16,4,0.25,27,36,1.233769468027571,0.0007537691453485046,2618.4837205410004,0.6821808218955994,0.6821808218955994,0.6739171743392944,1.038336992263794,0.0004006815725006163,0.9957754300302812,1.3260492748718127,97
moe_oeo_N16_k4_L4_lr0.002_s27,moe_oeo,16,4,0.25,27,37,1.2320219962326087,0.0007040731755688022,2689.2456562519073,0.688829779624939,0.688829779624939,0.6809152364730835,1.0341928005218506,0.0003958683810196817,0.9959229204820569,1.3325118405030911,95
moe_oeo_N16_k4_L4_lr0.002_s27,moe_oeo,16,4,0.25,27,38,1.2323125933029064,0.0006552157299501527,2758.591735601425,0.6981382966041565,0.6981382966041565,0.6896053552627563,1.0337728261947632,0.00039192367694340646,0.9958298809096435,1.3340887910657053,95
moe_oeo_N16_k4_L4_lr0.002_s27,moe_oeo,16,4,0.25,27,39,1.2208137746781247,0.000607330723354958,2830.432715177536,0.688829779624939,0.688829779624939,0.6813146471977234,1.0369210243225098,0.00039852201007306576,0.9957048735684949,1.3473192748975586,94
moe_oeo_N16_k4_L4_lr0.002_s27,moe_oeo,16,4,0.25,27,40,1.2197101641973676,0.0005605494052578487,2910.70175409317,0.7061170339584351,0.7061170339584351,0.6989659070968628,1.0347723960876465,0.0004024406662210822,0.9957627818491926,1.3541518002666264,92
moe_oeo_N16_k4_L4_lr0.002_s27,moe_oeo,16,4,0.25,27,41,1.2251948901881637,0.0005150000000000003,2987.3937017917633,0.710106372833252,0.710106372833252,0.7022602558135986,1.0314834117889404,0.00039710040437057614,0.9958485919866659,1.3589644849346667,92
moe_oeo_N16_k4_L4_lr0.002_s27,moe_oeo,16,4,0.25,27,42,1.220200538533191,0.00047080735533512353,3060.342605113983,0.7007978558540344,0.7007978558540344,0.6922305226325989,1.0346097946166992,0.00040151175926439464,0.9958027845361643,1.3627808567833328,92
moe_oeo_N16_k4_L4_lr0.002_s27,moe_oeo,16,4,0.25,27,43,1.2245057815320144,0.0004280926002304517,3134.124622106552,0.7021276354789734,0.7021276354789734,0.694225013256073,1.0354812145233154,0.00039787625428289175,0.9958211903969183,1.3695607845782072,88
moe_oeo_N16_k4_L4_lr0.002_s27,moe_oeo,16,4,0.25,27,44,1.212655444854879,0.0003869728128606611,3205.6338942050934,0.708776593208313,0.708776593208313,0.701905369758606,1.0342376232147217,0.0003951069957111031,0.9957844513847877,1.3716831136011889,89
moe_oeo_N16_k4_L4_lr0.002_s27,moe_oeo,16,4,0.25,27,45,1.2145608483588315,0.0003475606997047307,3276.499614715576,0.7140957713127136,0.7140957713127136,0.7060527205467224,1.0339794158935547,0.0003990349068772048,0.995816267553969,1.3748238080774267,88
moe_oeo_N16_k4_L4_lr0.002_s27,moe_oeo,16,4,0.25,27,46,1.2127055702518383,0.0003099642866253181,3347.687571287155,0.7140957713127136,0.7140957117080688,0.7060858607292175,1.0330488681793213,0.0003950247773900628,0.9957972846037493,1.3776480230191115,88
moe_oeo_N16_k4_L4_lr0.002_s27,moe_oeo,16,4,0.25,27,47,1.2125935106108723,0.0002742866227773799,3423.6394510269165,0.7140957713127136,0.7140957713127136,0.7062593698501587,1.0317682027816772,0.0003940076276194304,0.9957855980716985,1.3822420323391782,85
moe_oeo_N16_k4_L4_lr0.002_s27,moe_oeo,16,4,0.25,27,48,1.215572510186804,0.00024062549815759878,3495.5510866642,0.7154255509376526,0.7154255509376526,0.7077119946479797,1.0304991006851196,0.00039485012530349195,0.9957920318000978,1.383588508801108,84
moe_oeo_N16_k4_L4_lr0.002_s27,moe_oeo,16,4,0.25,27,49,1.2134934138319535,0.0002090731755688021,3565.7060027122498,0.7127659320831299,0.7127659916877747,0.7045919895172119,1.0296716690063477,0.0003956947475671768,0.9958023786203015,1.383194797080799,85
moe_oeo_N16_k4_L4_lr0.002_s27,moe_oeo,16,4,0.25,27,50,1.2077910067964361,0.00017971613773403027,3641.248761177063,0.7127659320831299,0.7127659916877747,0.7053637504577637,1.0286166667938232,0.0003942829498555511,0.9958103991673791,1.3841315856235148,85
moe_oeo_N16_k4_L4_lr0.002_s27,moe_oeo,16,4,0.25,27,51,1.2064768429250206,0.00015263485025340568,3720.724762916565,0.7127659320831299,0.7127659916877747,0.7059221267700195,1.0273149013519287,0.0003933240077458322,0.995821775031189,1.3845135189041853,85
moe_oeo_N16_k4_L4_lr0.002_s27,moe_oeo,16,4,0.25,27,52,1.2064800383735736,0.00012790354105351589,3791.7231407165527,0.7154255509376526,0.7154255509376526,0.7076818943023682,1.027425765991211,0.0003930249949917197,0.9958223439278677,1.3849809086106777,85
moe_oeo_N16_k4_L4_lr0.002_s27,moe_oeo,16,4,0.25,27,53,1.2027014118181243,0.00010558999693382504,3869.042987346649,0.7140957713127136,0.7140957713127136,0.7066742181777954,1.027077078819275,0.00039362855022773147,0.9958084500960678,1.385176241886147,85
moe_oeo_N16_k4_L4_lr0.002_s27,moe_oeo,16,4,0.25,27,54,1.203326879588028,8.575537776777028e-05,3942.4013257026672,0.7180851101875305,0.7180851101875305,0.710850179195404,1.0262082815170288,0.0003922189644072205,0.9958062917720503,1.385176241886147,85
moe_oeo_N16_k4_L4_lr0.002_s27,moe_oeo,16,4,0.25,27,55,1.2069526082202453,6.845404886779801e-05,4017.5625088214874,0.7167553305625916,0.7167553305625916,0.7095780968666077,1.0257152318954468,0.00039187350193969905,0.9958085394475003,1.385176241886147,85
moe_oeo_N16_k4_L4_lr0.002_s27,moe_oeo,16,4,0.25,27,56,1.2050907214822835,5.373343197382237e-05,4091.094608783722,0.7154255509376526,0.7154255509376526,0.7083466053009033,1.0256797075271606,0.0003925547644030303,0.9958112808619592,1.3859534822289519,85
moe_oeo_N16_k4_L4_lr0.002_s27,moe_oeo,16,4,0.25,27,57,1.2039057282926557,4.163387527353236e-05,4168.789197444916,0.7167553305625916,0.7167553305625916,0.7095892429351807,1.0254448652267456,0.00039216791628859937,0.9958156771969159,1.3859534822289519,85
moe_oeo_N16_k4_L4_lr0.002_s27,moe_oeo,16,4,0.25,27,58,1.2059545233573543,3.218854281081372e-05,4239.3346157073975,0.7180851101875305,0.7180851697921753,0.7107850909233093,1.0252842903137207,0.000392204150557518,0.9958123855297701,1.3859534822289519,85
moe_oeo_N16_k4_L4_lr0.002_s27,moe_oeo,16,4,0.25,27,59,1.2035645483801627,2.5423323585409333e-05,4307.632444858551,0.7194148898124695,0.7194149494171143,0.7120276689529419,1.0250942707061768,0.0003917028952855617,0.9958104260335979,1.3859534822289519,85
moe_oeo_N16_k4_L4_lr0.002_s27,moe_oeo,16,4,0.25,27,60,1.2019523813572104,2.1356760592971906e-05,4385.040467500687,0.7194148898124695,0.7194149494171143,0.7119708061218262,1.025323510169983,0.0003918011498171836,0.9958079372579552,1.3859534822289519,85
moe_oeo_N16_k8_L4_lr0.002_s27,moe_oeo,16,8,0.5,27,1,2.479774547358082,0.002,74.00576972961426,0.2327127605676651,0.2327127754688263,0.1806391030550003,2.780451536178589,0.0025654297787696123,0.9993416085221739,0.4416435418673725,362
moe_oeo_N16_k8_L4_lr0.002_s27,moe_oeo,16,8,0.5,27,2,1.87182346644671,0.001998643239407028,154.60706162452698,0.228723406791687,0.228723406791687,0.18410331010818481,2.537327289581299,0.002531355479732156,0.9992150327971435,0.47218496049046643,332
moe_oeo_N16_k8_L4_lr0.002_s27,moe_oeo,16,8,0.5,27,3,1.6919854723053163,0.0019945766764145906,236.49556922912598,0.23404255509376526,0.23404255509376526,0.19053657352924347,2.4018545150756836,0.0024132493417710066,0.9990226255950491,0.5015396233171561,316
moe_oeo_N16_k8_L4_lr0.002_s27,moe_oeo,16,8,0.5,27,4,1.5815279208225748,0.0019878114571891866,316.6397955417633,0.24202127754688263,0.24202129244804382,0.19255132973194122,2.284517288208008,0.0023803997319191694,0.9987918321977474,0.5223669372118895,296
moe_oeo_N16_k8_L4_lr0.002_s27,moe_oeo,16,8,0.5,27,5,1.487377108104493,0.0019783661247264675,394.5822002887726,0.24468085169792175,0.24468085169792175,0.18372485041618347,2.2565948963165283,0.00230185454711318,0.9986014388768291,0.5383651477429214,275
moe_oeo_N16_k8_L4_lr0.002_s27,moe_oeo,16,8,0.5,27,6,1.895222266140866,0.0019662665680261777,477.48553919792175,0.4441489279270172,0.4441489279270172,0.41185787320137024,1.5993602275848389,0.0014666832285001874,0.9981995741232101,0.5885604298556223,259
moe_oeo_N16_k8_L4_lr0.002_s27,moe_oeo,16,8,0.5,27,7,1.6731287569964313,0.0019515459511322021,559.0440902709961,0.4720744788646698,0.4720744490623474,0.43595486879348755,1.4722834825515747,0.0012585887452587485,0.997840870525619,0.606970311278587,237
moe_oeo_N16_k8_L4_lr0.002_s27,moe_oeo,16,8,0.5,27,8,1.5830742749619429,0.0019342446222322296,632.4097011089325,0.5279255509376526,0.5279255509376526,0.5026413202285767,1.3793154954910278,0.0011216207640245557,0.9971928273540466,0.6303128393358327,221
moe_oeo_N16_k8_L4_lr0.002_s27,moe_oeo,16,8,0.5,27,9,1.5093023260060239,0.0019144100030661748,710.9639840126038,0.5518617033958435,0.5518617033958435,0.5271888971328735,1.31780207157135,0.0010687938192859292,0.9969444483564022,0.6540404074863382,206
moe_oeo_N16_k8_L4_lr0.002_s27,moe_oeo,16,8,0.5,27,10,1.440563685205429,0.0018920964589464841,797.2217276096344,0.583776593208313,0.583776593208313,0.5599352121353149,1.2656381130218506,0.0010443682549521327,0.9970521101814535,0.6646548737442697,194
moe_oeo_N16_k8_L4_lr0.002_s27,moe_oeo,16,8,0.5,27,11,1.4040228532601708,0.0018673651497465944,877.5441875457764,0.5970744490623474,0.5970744490623474,0.5797251462936401,1.2260173559188843,0.0010264050215482712,0.9970291219211082,0.6791594620189755,181
moe_oeo_N16_k8_L4_lr0.002_s27,moe_oeo,16,8,0.5,27,12,1.3908417824502677,0.0018402838622659698,945.0457870960236,0.6090425252914429,0.6090425848960876,0.5923696756362915,1.2071880102157593,0.0009629842825233936,0.9970195339607769,0.7076305085530056,170
moe_oeo_N16_k8_L4_lr0.002_s27,moe_oeo,16,8,0.5,27,13,1.3565397076138623,0.001810926824431198,1024.1978213787079,0.6130319237709045,0.6130319237709045,0.5985286235809326,1.181458830833435,0.0009530679672025144,0.9970793886757485,0.7185934478637267,158
moe_oeo_N16_k8_L4_lr0.002_s27,moe_oeo,16,8,0.5,27,14,1.3237629432792533,0.0017793745018424012,1102.1891913414001,0.6117021441459656,0.6117021441459656,0.5979271531105042,1.151632308959961,0.0009509153314866126,0.9969437062990143,0.7324025813456393,144
moe_oeo_N16_k8_L4_lr0.002_s27,moe_oeo,16,8,0.5,27,15,1.2939512295878097,0.0017457133772226204,1181.2698347568512,0.6143617033958435,0.6143617033958435,0.5959964394569397,1.1313772201538086,0.0009388653561472893,0.9968590933382421,0.7379097036325737,139
moe_oeo_N16_k8_L4_lr0.002_s27,moe_oeo,16,8,0.5,27,16,1.2781425190740796,0.001710035713374682,1265.0067882537842,0.6316489577293396,0.6316488981246948,0.6180842518806458,1.1101787090301514,0.0009471928933635354,0.9968087612509795,0.7420147235112392,136
moe_oeo_N16_k8_L4_lr0.002_s27,moe_oeo,16,8,0.5,27,17,1.2630336630800272,0.0016724393002952695,1343.9034111499786,0.6396276354789734,0.6396276950836182,0.6287174224853516,1.0895849466323853,0.0009386763558723032,0.9967029273967313,0.7471576212572143,131
moe_oeo_N16_k8_L4_lr0.002_s27,moe_oeo,16,8,0.5,27,18,1.2461683692317032,0.0016330271871393392,1422.4118552207947,0.6356382966041565,0.6356382966041565,0.6201566457748413,1.0772967338562012,0.0009522872278466821,0.9966536370590829,0.7496138162469285,130
moe_oeo_N16_k8_L4_lr0.002_s27,moe_oeo,16,8,0.5,27,19,1.2305896703885297,0.0015919073997695485,1502.3291282653809,0.6515957713127136,0.6515957713127136,0.6411800980567932,1.0607099533081055,0.0009502083412371576,0.9965542340820569,0.7497830539888339,127
moe_oeo_N16_k8_L4_lr0.002_s27,moe_oeo,16,8,0.5,27,20,1.2158450942197347,0.001549192644664877,1586.7821872234344,0.6635638475418091,0.6635638475418091,0.6513730883598328,1.047142505645752,0.0009646773105487227,0.9964513094260331,0.7531639524804428,125
moe_oeo_N16_k8_L4_lr0.002_s27,moe_oeo,16,8,0.5,27,21,1.2067303352023913,0.0015049999999999998,1660.65922665596,0.6715425252914429,0.6715425252914429,0.6618701219558716,1.0337015390396118,0.0009574276627972722,0.9963040392327676,0.7611263514747939,119
moe_oeo_N16_k8_L4_lr0.002_s27,moe_oeo,16,8,0.5,27,22,1.1953953402669735,0.0014594505947421513,1733.007291316986,0.6768617033958435,0.6768617630004883,0.6694067716598511,1.018039345741272,0.0009510730160400271,0.9961742849863542,0.7639115453508856,115
moe_oeo_N16_k8_L4_lr0.002_s27,moe_oeo,16,8,0.5,27,23,1.1858806334197793,0.0014126692766450425,1813.9965085983276,0.688829779624939,0.6888298392295837,0.6802856922149658,1.0063022375106812,0.0009521179599687457,0.9959558545760403,0.7670769047111968,116
moe_oeo_N16_k8_L4_lr0.002_s27,moe_oeo,16,8,0.5,27,24,1.1755429685422003,0.0013647842700498477,1886.4821934700012,0.6954787373542786,0.6954787373542786,0.688548743724823,0.9982585310935974,0.0009559403988532722,0.9959379981839299,0.7689344433712358,113
moe_oeo_N16_k8_L4_lr0.002_s27,moe_oeo,16,8,0.5,27,25,1.16767388633261,0.001315926824431198,1965.2258913516998,0.7007978558540344,0.7007979154586792,0.6946058869361877,0.9889233708381653,0.0009525804198347032,0.9959314029932433,0.7688022052990041,113
moe_oeo_N16_k8_L4_lr0.002_s27,moe_oeo,16,8,0.5,27,26,1.1508178183953512,0.0012662308546514955,2041.7806668281555,0.6968085169792175,0.6968085169792175,0.6900981664657593,0.9800610542297363,0.0009532419499009848,0.9958711213031689,0.7703612506462592,112
moe_oeo_N16_k8_L4_lr0.002_s27,moe_oeo,16,8,0.5,27,27,1.1457353653428761,0.0012158325739095818,2122.7246565818787,0.6941489577293396,0.6941489577293396,0.6874908208847046,0.9731102585792542,0.0009753681952133775,0.9957335822701661,0.7717138111746777,112
moe_oeo_N16_k8_L4_lr0.002_s27,moe_oeo,16,8,0.5,27,28,1.141582036773636,0.0011648701203898287,2199.7692606449127,0.7007978558540344,0.7007978558540344,0.6970912218093872,0.9662050604820251,0.0009654940222389996,0.9957195548232323,0.7735322148003715,112
moe_oeo_N16_k8_L4_lr0.002_s27,moe_oeo,16,8,0.5,27,29,1.134415260018551,0.001113483178634977,2280.6358342170715,0.7034574747085571,0.7034574747085571,0.6973990201950073,0.9603312611579895,0.0009595490409992635,0.9956838658918663,0.7751815603421202,111
moe_oeo_N16_k8_L4_lr0.002_s27,moe_oeo,16,8,0.5,27,30,1.1268744117252902,0.0010618125966805143,2365.950771331787,0.7021276354789734,0.7021276950836182,0.6971710920333862,0.9564858675003052,0.0009622928337194026,0.9955537437624221,0.7767465797415303,109
moe_oeo_N16_k8_L4_lr0.002_s27,moe_oeo,16,8,0.5,27,31,1.121023043496832,0.0010100000000000003,2446.469083070755,0.7114361524581909,0.7114362120628357,0.7047891616821289,0.9493557810783386,0.0009641116484999657,0.9955147100176993,0.777984630135408,109
moe_oeo_N16_k8_L4_lr0.002_s27,moe_oeo,16,8,0.5,27,32,1.1147976761267064,0.0009581874033194859,2531.8640484809875,0.7167553305625916,0.7167553305625916,0.7119221091270447,0.9440122246742249,0.0009753158665262163,0.9954114135240858,0.7791021265616117,108
moe_oeo_N16_k8_L4_lr0.002_s27,moe_oeo,16,8,0.5,27,33,1.112848604157499,0.0009065168213650232,2612.4699516296387,0.7220744490623474,0.7220745086669922,0.7169942259788513,0.9401223659515381,0.0009755036444403231,0.9954007785184635,0.7794782369392311,109
moe_oeo_N16_k8_L4_lr0.002_s27,moe_oeo,16,8,0.5,27,34,1.108342791614059,0.0008551298796101715,2698.868732213974,0.7127659320831299,0.7127659320831299,0.7070375680923462,0.9385286569595337,0.000979760312475264,0.9954610746765916,0.7794657669929517,106
moe_oeo_N16_k8_L4_lr0.002_s27,moe_oeo,16,8,0.5,27,35,1.1064482927662598,0.0008041674260904182,2778.299472808838,0.7260638475418091,0.7260638475418091,0.7213116884231567,0.9318679571151733,0.0009924194309860468,0.9953701964468937,0.7795247499159785,107
moe_oeo_N16_k8_L4_lr0.002_s27,moe_oeo,16,8,0.5,27,36,1.097392838482307,0.0007537691453485046,2860.4588725566864,0.7194148898124695,0.7194148898124695,0.7149789929389954,0.9280775189399719,0.0009989606915041804,0.9953516469098579,0.7798434057697018,107
moe_oeo_N16_k8_L4_lr0.002_s27,moe_oeo,16,8,0.5,27,37,1.0933108290819,0.0007040731755688022,2931.235361814499,0.7247340679168701,0.7247340679168701,0.7185915112495422,0.92409348487854,0.0009948996594175696,0.9953395255180068,0.780688175467632,108
moe_oeo_N16_k8_L4_lr0.002_s27,moe_oeo,16,8,0.5,27,38,1.0915138176280885,0.0006552157299501527,3007.0803620815277,0.7260638475418091,0.7260638475418091,0.7226796746253967,0.9230510592460632,0.001006245263852179,0.9952782344241181,0.7822806092760627,108
moe_oeo_N16_k8_L4_lr0.002_s27,moe_oeo,16,8,0.5,27,39,1.085341032764547,0.000607330723354958,3080.419265270233,0.7167553305625916,0.7167553305625916,0.7106313109397888,0.9185179471969604,0.001008731545880437,0.9952487629271856,0.7823568997184596,109
moe_oeo_N16_k8_L4_lr0.002_s27,moe_oeo,16,8,0.5,27,40,1.0831257726776,0.0005605494052578487,3181.078197002411,0.7220744490623474,0.7220744490623474,0.7175937294960022,0.9162881970405579,0.0010066635441035032,0.9952117626660998,0.7822065753839474,108
moe_oeo_N16_k8_L4_lr0.002_s27,moe_oeo,16,8,0.5,27,41,1.0810610836363275,0.0005150000000000003,3259.7586114406586,0.7154255509376526,0.7154254913330078,0.7116161584854126,0.9134817123413086,0.0010163176339119673,0.9951696912671445,0.7820302253543799,109
moe_oeo_N16_k8_L4_lr0.002_s27,moe_oeo,16,8,0.5,27,42,1.0789825695834747,0.00047080735533512353,3342.8663144111633,0.7194148898124695,0.7194148898124695,0.7143701314926147,0.9157043099403381,0.0010188387241214514,0.995177485923258,0.7822608352665422,109
moe_oeo_N16_k8_L4_lr0.002_s27,moe_oeo,16,8,0.5,27,43,1.07609668947314,0.0004280926002304517,3422.7806646823883,0.7180851101875305,0.7180851101875305,0.7133207321166992,0.9118462204933167,0.001018692390061915,0.995170777691909,0.7824806374760825,109
moe_oeo_N16_k8_L4_lr0.002_s27,moe_oeo,16,8,0.5,27,44,1.073381616780747,0.0003869728128606611,3504.724056959152,0.7194148898124695,0.7194148898124695,0.7160580158233643,0.9097626805305481,0.0010146589484065771,0.9951664937674904,0.7828918333066563,107
moe_oeo_N16_k8_L4_lr0.002_s27,moe_oeo,16,8,0.5,27,45,1.0699030564732204,0.0003475606997047307,3574.4786880016327,0.7180851101875305,0.7180851101875305,0.7150883674621582,0.90932697057724,0.0010173149639740586,0.9951730391686895,0.7828760253221906,107
moe_oeo_N16_k8_L4_lr0.002_s27,moe_oeo,16,8,0.5,27,46,1.071785631364203,0.0003099642866253181,3646.796363592148,0.7220744490623474,0.7220745086669922,0.7178856134414673,0.907237708568573,0.0010322525631636381,0.9951653266017189,0.7820500078642925,108
moe_oeo_N16_k8_L4_lr0.002_s27,moe_oeo,16,8,0.5,27,47,1.0732435639182183,0.0002742866227773799,3723.0996005535126,0.7207446694374084,0.7207446694374084,0.7168805003166199,0.9052929878234863,0.0010230907937511802,0.9951444994824477,0.7823891095269099,106
moe_oeo_N16_k8_L4_lr0.002_s27,moe_oeo,16,8,0.5,27,48,1.0721215124680028,0.00024062549815759878,3798.851600408554,0.7220744490623474,0.7220745086669922,0.7177824378013611,0.9056035280227661,0.0010222269920632243,0.9951857466310571,0.7828619049914984,106
moe_oeo_N16_k8_L4_lr0.002_s27,moe_oeo,16,8,0.5,27,49,1.0685901585711193,0.0002090731755688021,3878.864392518997,0.7207446694374084,0.7207446694374084,0.716886043548584,0.903378427028656,0.001028765575028956,0.9951488002026929,0.7822986979440586,107
moe_oeo_N16_k8_L4_lr0.002_s27,moe_oeo,16,8,0.5,27,50,1.0653577733393673,0.00017971613773403027,3955.8880660533905,0.7207446694374084,0.7207446694374084,0.716896653175354,0.9023491740226746,0.0010316966800019145,0.9951106400002268,0.7826021023458453,106
moe_oeo_N16_k8_L4_lr0.002_s27,moe_oeo,16,8,0.5,27,51,1.0638442134748312,0.00015263485025340568,4030.943152666092,0.7207446694374084,0.7207447290420532,0.7175995707511902,0.9009665250778198,0.0010320838773623109,0.9951226748698764,0.7822789207940083,108
moe_oeo_N16_k8_L4_lr0.002_s27,moe_oeo,16,8,0.5,27,52,1.0652656104908957,0.00012790354105351589,4110.047863006592,0.7194148898124695,0.7194149494171143,0.7153515815734863,0.9012637734413147,0.001031703082844615,0.9951081945159553,0.7829155513188002,106
moe_oeo_N16_k8_L4_lr0.002_s27,moe_oeo,16,8,0.5,27,53,1.0614110653769209,0.00010558999693382504,4187.869135856628,0.7167553305625916,0.7167553305625916,0.712864100933075,0.9013895392417908,0.0010333149693906307,0.995114727619523,0.7829155513188002,106
moe_oeo_N16_k8_L4_lr0.002_s27,moe_oeo,16,8,0.5,27,54,1.063265802398256,8.575537776777028e-05,4270.797273159027,0.7167553305625916,0.7167553305625916,0.7129274606704712,0.9006473422050476,0.001032783999107778,0.9951129606583772,0.7825659488091051,106
moe_oeo_N16_k8_L4_lr0.002_s27,moe_oeo,16,8,0.5,27,55,1.060923457741057,6.845404886779801e-05,4346.9272084236145,0.7167553305625916,0.7167553305625916,0.7129384875297546,0.9005052447319031,0.001032340689562261,0.9951099217448808,0.7825659488091051,106
moe_oeo_N16_k8_L4_lr0.002_s27,moe_oeo,16,8,0.5,27,56,1.0605909131875593,5.373343197382237e-05,4429.161180257797,0.7180851101875305,0.7180851101875305,0.7142207026481628,0.9002473950386047,0.0010334105463698506,0.9951097221229372,0.7825659488091051,106
moe_oeo_N16_k8_L4_lr0.002_s27,moe_oeo,16,8,0.5,27,57,1.0611385046483175,4.163387527353236e-05,4512.991930007935,0.7180851101875305,0.7180851101875305,0.7142207026481628,0.9000487327575684,0.0010332621168345213,0.9951080658267166,0.7825659488091051,106
moe_oeo_N16_k8_L4_lr0.002_s27,moe_oeo,16,8,0.5,27,58,1.0604664005305124,3.218854281081372e-05,4596.6842131614685,0.7180851101875305,0.7180851101875305,0.7145268321037292,0.9000304937362671,0.001034907647408545,0.9951057082862439,0.7824218829443792,106
moe_oeo_N16_k8_L4_lr0.002_s27,moe_oeo,16,8,0.5,27,59,1.0588614681233826,2.5423323585409333e-05,4676.886611700058,0.7180851101875305,0.7180851101875305,0.7142207026481628,0.9000541567802429,0.0010340278968214989,0.9951067714218548,0.7824218829443792,106
moe_oeo_N16_k8_L4_lr0.002_s27,moe_oeo,16,8,0.5,27,60,1.0581287553185197,2.1356760592971906e-05,4752.337978363037,0.7180851101875305,0.7180851101875305,0.7142207026481628,0.9001899361610413,0.0010340813314542174,0.9951083349889956,0.7824218829443792,106
moe_oeo_N16_k16_L4_lr0.002_s27,moe_oeo,16,16,1.0,27,1,2.479774547358082,0.002,68.64965915679932,0.37632977962493896,0.37632977962493896,0.3215952515602112,1.9899113178253174,0.0029352905694395304,0.9993416085221739,0.0,1
moe_oeo_N16_k16_L4_lr0.002_s27,moe_oeo,16,16,1.0,27,2,1.87182346644671,0.001998643239407028,144.49623465538025,0.3856382966041565,0.3856382966041565,0.3460828959941864,1.6745373010635376,0.002838810672983527,0.9992150327971435,0.0,1
moe_oeo_N16_k16_L4_lr0.002_s27,moe_oeo,16,16,1.0,27,3,1.6919854723053163,0.0019945766764145906,229.51002645492554,0.417553186416626,0.41755324602127075,0.38604065775871277,1.5173869132995605,0.002755924127995968,0.9990226255950491,0.0,1
moe_oeo_N16_k16_L4_lr0.002_s27,moe_oeo,16,16,1.0,27,4,1.5815279208225748,0.0019878114571891866,313.0004026889801,0.45611703395843506,0.45611703395843506,0.4309299886226654,1.4140408039093018,0.0027037402614951134,0.9987918321977474,0.0,1
moe_oeo_N16_k16_L4_lr0.002_s27,moe_oeo,16,16,1.0,27,5,1.487377108104493,0.0019783661247264675,394.32006096839905,0.4720744788646698,0.4720744490623474,0.44893699884414673,1.3436970710754395,0.002714158035814762,0.9986014388768291,0.0,1
moe_oeo_N16_k16_L4_lr0.002_s27,moe_oeo,16,16,1.0,27,6,1.438329116964381,0.0019662665680261777,474.7806169986725,0.521276593208313,0.521276593208313,0.5036457180976868,1.2906445264816284,0.0026544572319835424,0.9983890454534736,0.0,1
moe_oeo_N16_k16_L4_lr0.002_s27,moe_oeo,16,16,1.0,27,7,1.397497835556326,0.0019515459511322021,552.518830537796,0.5478723645210266,0.5478723645210266,0.5323633551597595,1.2420926094055176,0.0026577822864055634,0.9982993625165231,0.0,1
moe_oeo_N16_k16_L4_lr0.002_s27,moe_oeo,16,16,1.0,27,8,1.351365027209259,0.0019342446222322296,637.6243469715118,0.5757978558540344,0.5757979154586792,0.5643278360366821,1.2058398723602295,0.002629537833854556,0.9981652761201929,0.0,1
moe_oeo_N16_k16_L4_lr0.002_s27,moe_oeo,16,16,1.0,27,9,1.3203459447632506,0.0019144100030661748,722.5393433570862,0.585106372833252,0.585106372833252,0.5734924077987671,1.1751972436904907,0.0026519959792494774,0.9980500899182415,0.0,1
moe_oeo_N16_k16_L4_lr0.002_s27,moe_oeo,16,16,1.0,27,10,1.2819615877382287,0.0018920964589464841,807.6123752593994,0.5970744490623474,0.5970744490623474,0.5878244638442993,1.144991397857666,0.0028802005108445883,0.9980068418070286,0.0,1
moe_oeo_N16_k16_L4_lr0.002_s27,moe_oeo,16,16,1.0,27,11,1.256819947626969,0.0018673651497465944,889.6462779045105,0.6143617033958435,0.6143617033958435,0.6074475049972534,1.111454963684082,0.0027623979840427637,0.9979068018615217,0.0,1
moe_oeo_N16_k16_L4_lr0.002_s27,moe_oeo,16,16,1.0,27,12,1.2240362924153674,0.0018402838622659698,967.8828561306,0.6343085169792175,0.6343085169792175,0.628402054309845,1.0867300033569336,0.002729716245085001,0.9978334311910456,0.0,1
moe_oeo_N16_k16_L4_lr0.002_s27,moe_oeo,16,16,1.0,27,13,1.2045723329804259,0.001810926824431198,1040.596130847931,0.647606372833252,0.647606372833252,0.6403399705886841,1.0609526634216309,0.0027366753201931715,0.9976978882579668,0.0,1
moe_oeo_N16_k16_L4_lr0.002_s27,moe_oeo,16,16,1.0,27,14,1.178025074702896,0.0017793745018424012,1125.4655368328094,0.6555851101875305,0.6555851101875305,0.6481738686561584,1.043505311012268,0.0027982064057141542,0.9976818246351172,0.0,1
moe_oeo_N16_k16_L4_lr0.002_s27,moe_oeo,16,16,1.0,27,15,1.1515943397891168,0.0017457133772226204,1202.6753313541412,0.6489361524581909,0.6489362120628357,0.6388558149337769,1.0231537818908691,0.002855348866432905,0.9976127805987949,0.0,1
moe_oeo_N16_k16_L4_lr0.002_s27,moe_oeo,16,16,1.0,27,16,1.1384034144211577,0.001710035713374682,1274.1308176517487,0.6688829660415649,0.6688829660415649,0.6630491614341736,1.0053017139434814,0.0028780594002455473,0.9975269377962257,0.0,1
moe_oeo_N16_k16_L4_lr0.002_s27,moe_oeo,16,16,1.0,27,17,1.115193703190581,0.0016724393002952695,1350.99529504776,0.6715425252914429,0.6715425848960876,0.6649637222290039,0.9901484251022339,0.002824131865054369,0.9974869661103462,0.0,1
moe_oeo_N16_k16_L4_lr0.002_s27,moe_oeo,16,16,1.0,27,18,1.1041417137536829,0.0016330271871393392,1428.6860942840576,0.6795212626457214,0.6795212626457214,0.6738131046295166,0.9756979942321777,0.002982387552037835,0.9974210366591071,0.0,1
moe_oeo_N16_k16_L4_lr0.002_s27,moe_oeo,16,16,1.0,27,19,1.0893376945139475,0.0015919073997695485,1504.4951901435852,0.6954787373542786,0.6954787373542786,0.6905027627944946,0.9648360013961792,0.00308320508338511,0.9974550658723944,0.0,1
moe_oeo_N16_k16_L4_lr0.002_s27,moe_oeo,16,16,1.0,27,20,1.0723701634754736,0.001549192644664877,1579.3079600334167,0.7007978558540344,0.7007978558540344,0.6962082982063293,0.9506787061691284,0.0031224077101796865,0.9973053223546479,0.0,1
moe_oeo_N16_k16_L4_lr0.002_s27,moe_oeo,16,16,1.0,27,21,1.063208121984993,0.0015049999999999998,1653.5176932811737,0.7007978558540344,0.7007979154586792,0.6962730288505554,0.9359954595565796,0.0031584894750267267,0.9972278853642659,0.0,1
moe_oeo_N16_k16_L4_lr0.002_s27,moe_oeo,16,16,1.0,27,22,1.0432342462003503,0.0014594505947421513,1722.5072968006134,0.7007978558540344,0.7007978558540344,0.6960767507553101,0.9231087565422058,0.0032083813566714525,0.9971988370072578,0.0,1
moe_oeo_N16_k16_L4_lr0.002_s27,moe_oeo,16,16,1.0,27,23,1.0375487486657486,0.0014126692766450425,1794.0099353790283,0.7034574747085571,0.7034574747085571,0.6985296607017517,0.9175618290901184,0.0032757800072431564,0.9972708423803386,0.0,1
moe_oeo_N16_k16_L4_lr0.002_s27,moe_oeo,16,16,1.0,27,24,1.0257524713431592,0.0013647842700498477,1867.905688047409,0.7021276354789734,0.7021276950836182,0.698221743106842,0.9099751710891724,0.0033571403473615646,0.9972383869048342,0.0,1
moe_oeo_N16_k16_L4_lr0.002_s27,moe_oeo,16,16,1.0,27,25,1.0167756778056218,0.001315926824431198,1938.5220704078674,0.7167553305625916,0.7167553305625916,0.7125682234764099,0.8979499936103821,0.0033113632816821337,0.997181592859421,0.0,1
moe_oeo_N16_k16_L4_lr0.002_s27,moe_oeo,16,16,1.0,27,26,1.0080592245050626,0.0012662308546514955,2014.896858215332,0.7234042286872864,0.7234042882919312,0.7190254926681519,0.8932598829269409,0.0034203294198960066,0.9971795915567632,0.0,1
moe_oeo_N16_k16_L4_lr0.002_s27,moe_oeo,16,16,1.0,27,27,0.9976876552161424,0.0012158325739095818,2091.0805156230927,0.7247340679168701,0.7247340679168701,0.7206717133522034,0.8859720826148987,0.003504914464429021,0.9970613867867834,0.0,1
moe_oeo_N16_k16_L4_lr0.002_s27,moe_oeo,16,16,1.0,27,28,0.9908697435878999,0.0011648701203898287,2162.3800659179688,0.7234042286872864,0.7234042882919312,0.7209475636482239,0.8802040219306946,0.0036080745048820972,0.9970904049231861,0.0,1
moe_oeo_N16_k16_L4_lr0.002_s27,moe_oeo,16,16,1.0,27,29,0.9868285328268869,0.001113483178634977,2232.2188773155212,0.7260638475418091,0.7260638475418091,0.7225689888000488,0.8737012147903442,0.003602976445108652,0.9970397783126386,0.0,1
moe_oeo_N16_k16_L4_lr0.002_s27,moe_oeo,16,16,1.0,27,30,0.9739389248430457,0.0010618125966805143,2305.303717851639,0.7313829660415649,0.7313829660415649,0.7288332581520081,0.8726755380630493,0.003626373829320073,0.9971114748137803,0.0,1
moe_oeo_N16_k16_L4_lr0.002_s27,moe_oeo,16,16,1.0,27,31,0.9683192483910686,0.0010100000000000003,2380.7746574878693,0.7340425252914429,0.7340425252914429,0.7307989001274109,0.8632515668869019,0.003706222865730524,0.9970156887296483,0.0,1
moe_oeo_N16_k16_L4_lr0.002_s27,moe_oeo,16,16,1.0,27,32,0.9631283221145471,0.0009581874033194859,2453.059023618698,0.727393627166748,0.727393627166748,0.7253330945968628,0.8606138825416565,0.0037290400359779596,0.996980752563564,0.0,1
moe_oeo_N16_k16_L4_lr0.002_s27,moe_oeo,16,16,1.0,27,33,0.9579936325907299,0.0009065168213650232,2527.3374564647675,0.7327127456665039,0.7327127456665039,0.7304003834724426,0.8560912609100342,0.0037582754157483578,0.9970092305951304,0.0,1
moe_oeo_N16_k16_L4_lr0.002_s27,moe_oeo,16,16,1.0,27,34,0.953321039072795,0.0008551298796101715,2598.3625836372375,0.7313829660415649,0.7313829660415649,0.7286712527275085,0.851128876209259,0.003859864315018058,0.9970117545725324,0.0,1
moe_oeo_N16_k16_L4_lr0.002_s27,moe_oeo,16,16,1.0,27,35,0.9487987643014214,0.0008041674260904182,2672.528510570526,0.7313829660415649,0.7313829660415649,0.7288241982460022,0.8517656326293945,0.003840570105239749,0.997012236083361,0.0,1
moe_oeo_N16_k16_L4_lr0.002_s27,moe_oeo,16,16,1.0,27,36,0.943255393310837,0.0007537691453485046,2745.4202728271484,0.7380319237709045,0.7380319237709045,0.7359651923179626,0.8438510298728943,0.003891841508448124,0.9969682114438961,0.0,1
moe_oeo_N16_k16_L4_lr0.002_s27,moe_oeo,16,16,1.0,27,37,0.9372716085840714,0.0007040731755688022,2818.367662191391,0.7380319237709045,0.7380319237709045,0.7356127500534058,0.8408326506614685,0.003953285049647093,0.9970044275663336,0.0,1
moe_oeo_N16_k16_L4_lr0.002_s27,moe_oeo,16,16,1.0,27,38,0.9342485331254055,0.0006552157299501527,2897.1243999004364,0.7313829660415649,0.7313829660415649,0.7294663786888123,0.8411297798156738,0.003940430004149675,0.9970328712494873,0.0,1
moe_oeo_N16_k16_L4_lr0.002_s27,moe_oeo,16,16,1.0,27,39,0.9257693348120745,0.000607330723354958,2967.6590383052826,0.75,0.75,0.7474653124809265,0.8360000252723694,0.003916674293577671,0.9969733715377556,0.0,1
moe_oeo_N16_k16_L4_lr0.002_s27,moe_oeo,16,16,1.0,27,40,0.9235796925173775,0.0005605494052578487,3041.4765202999115,0.7420212626457214,0.7420212626457214,0.7398093342781067,0.8320924043655396,0.0039784167893230915,0.9969474604666871,0.0,1
moe_oeo_N16_k16_L4_lr0.002_s27,moe_oeo,16,16,1.0,27,41,0.9189382002489072,0.0005150000000000003,3115.104754447937,0.7473404407501221,0.7473404407501221,0.7449301481246948,0.8303358554840088,0.0039975992403924465,0.9969071096148732,0.0,1
moe_oeo_N16_k16_L4_lr0.002_s27,moe_oeo,16,16,1.0,27,42,0.9213457317367945,0.00047080735533512353,3197.1111011505127,0.7473404407501221,0.7473403811454773,0.7450910806655884,0.8311169147491455,0.0040444182232022285,0.9969658638706205,0.0,1
moe_oeo_N16_k16_L4_lr0.002_s27,moe_oeo,16,16,1.0,27,43,0.9153809670665084,0.0004280926002304517,3267.7870626449585,0.75,0.75,0.7478095293045044,0.8292140364646912,0.004034525714814663,0.9969402955443338,0.0,1
moe_oeo_N16_k16_L4_lr0.002_s27,moe_oeo,16,16,1.0,27,44,0.9120579269889011,0.0003869728128606611,3350.374897003174,0.7433510422706604,0.7433510422706604,0.7415316104888916,0.8279123902320862,0.0040282560512423515,0.9969439253954466,0.0,1
moe_oeo_N16_k16_L4_lr0.002_s27,moe_oeo,16,16,1.0,27,45,0.910899679589013,0.0003475606997047307,3426.2004125118256,0.7473404407501221,0.7473404407501221,0.7452676892280579,0.826515793800354,0.00406672153621912,0.9969321191419687,0.0,1
moe_oeo_N16_k16_L4_lr0.002_s27,moe_oeo,16,16,1.0,27,46,0.9089736311300977,0.0003099642866253181,3494.338071346283,0.7473404407501221,0.7473403811454773,0.7448752522468567,0.822778582572937,0.004085346590727568,0.996945481290888,0.0,1
moe_oeo_N16_k16_L4_lr0.002_s27,moe_oeo,16,16,1.0,27,47,0.9113102437987856,0.0002742866227773799,3569.417985200882,0.7433510422706604,0.7433510422706604,0.7413222789764404,0.822008490562439,0.004121874924749136,0.996951967953197,0.0,1
moe_oeo_N16_k16_L4_lr0.002_s27,moe_oeo,16,16,1.0,27,48,0.9049546776007708,0.00024062549815759878,3648.804851770401,0.7460106611251831,0.7460106015205383,0.7439644932746887,0.8213797211647034,0.004141815006732941,0.9969480570808038,0.0,1
moe_oeo_N16_k16_L4_lr0.002_s27,moe_oeo,16,16,1.0,27,49,0.9064833253502982,0.0002090731755688021,3718.7850897312164,0.7526595592498779,0.7526595592498779,0.7505943179130554,0.8198272585868835,0.004149379208683968,0.9969300292085987,0.0,1
moe_oeo_N16_k16_L4_lr0.002_s27,moe_oeo,16,16,1.0,27,50,0.909514391692738,0.00017971613773403027,3789.446131706238,0.7446808218955994,0.7446808218955994,0.7426292896270752,0.8187227845191956,0.004140802193433046,0.9969240290211867,0.0,1
moe_oeo_N16_k16_L4_lr0.002_s27,moe_oeo,16,16,1.0,27,51,0.9029927020849975,0.00015263485025340568,3858.1585834026337,0.7446808218955994,0.7446808218955994,0.7423428297042847,0.8178263306617737,0.0041457186453044415,0.9969170618434828,0.0,1
moe_oeo_N16_k16_L4_lr0.002_s27,moe_oeo,16,16,1.0,27,52,0.8995038815880338,0.00012790354105351589,3929.023947238922,0.7446808218955994,0.7446808218955994,0.742543637752533,0.8164644241333008,0.004183802288025618,0.9969177796437938,0.0,1
moe_oeo_N16_k16_L4_lr0.002_s27,moe_oeo,16,16,1.0,27,53,0.9017175650351668,0.00010558999693382504,4005.8362708091736,0.7433510422706604,0.7433510422706604,0.7412010431289673,0.8173615336418152,0.004173018503934145,0.9969161182033232,0.0,1
moe_oeo_N16_k16_L4_lr0.002_s27,moe_oeo,16,16,1.0,27,54,0.8998658422329654,8.575537776777028e-05,4074.5200068950653,0.7433510422706604,0.7433510422706604,0.7411530017852783,0.8165128231048584,0.004179209936410189,0.996918822068852,0.0,1
moe_oeo_N16_k16_L4_lr0.002_s27,moe_oeo,16,16,1.0,27,55,0.9004438594323859,6.845404886779801e-05,4144.319149494171,0.7446808218955994,0.7446808218955994,0.7424333095550537,0.8162802457809448,0.004175357520580292,0.9969238541140578,0.0,1
moe_oeo_N16_k16_L4_lr0.002_s27,moe_oeo,16,16,1.0,27,56,0.893539154731996,5.373343197382237e-05,4214.775691270828,0.7446808218955994,0.7446808218955994,0.7425096035003662,0.816059410572052,0.004182907752692699,0.996921545216012,0.0,1
moe_oeo_N16_k16_L4_lr0.002_s27,moe_oeo,16,16,1.0,27,57,0.9006901030177803,4.163387527353236e-05,4284.706076145172,0.7433510422706604,0.7433510422706604,0.7411696910858154,0.8158732056617737,0.004180449061095715,0.9969208858143833,0.0,1
moe_oeo_N16_k16_L4_lr0.002_s27,moe_oeo,16,16,1.0,27,58,0.8974441679696378,3.218854281081372e-05,4357.138335466385,0.7433510422706604,0.7433510422706604,0.7411696910858154,0.815867006778717,0.004190780688077211,0.9969255717874942,0.0,1
moe_oeo_N16_k16_L4_lr0.002_s27,moe_oeo,16,16,1.0,27,59,0.8995876792886349,2.5423323585409333e-05,4434.81014585495,0.7460106611251831,0.7460106015205383,0.7438424825668335,0.8157901763916016,0.0041899047791957855,0.996924225821687,0.0,1
moe_oeo_N16_k16_L4_lr0.002_s27,moe_oeo,16,16,1.0,27,60,0.8970635716110196,2.1356760592971906e-05,4510.121129512787,0.7460106611251831,0.7460106015205383,0.7438424825668335,0.8159072995185852,0.004190078936517239,0.9969264753131623,0.0,1
moe_oeo_N25_k1_L4_lr0.002_s27,moe_oeo,25,1,0.04,27,1,2.3824491550354927,0.002,119.87968373298645,0.1489361673593521,0.1489361822605133,0.0743531659245491,5.529122352600098,0.0013226051814854145,0.99941573704202,3.711654178775853,25
moe_oeo_N25_k1_L4_lr0.002_s27,moe_oeo,25,1,0.04,27,2,1.9126431234180927,0.001998643239407028,239.90709972381592,0.13829787075519562,0.13829787075519562,0.052257731556892395,5.821711540222168,0.00032715409179218113,0.9987143916647149,4.433508642481219,17
moe_oeo_N25_k1_L4_lr0.002_s27,moe_oeo,25,1,0.04,27,3,1.725299916498057,0.0019945766764145906,358.81786370277405,0.1316489428281784,0.1316489428281784,0.0414309985935688,5.820923805236816,0.0005393330939114094,0.9981138078316669,4.561750949429789,15
moe_oeo_N25_k1_L4_lr0.002_s27,moe_oeo,25,1,0.04,27,4,1.6226973764462287,0.0019878114571891866,474.7878928184509,0.1316489428281784,0.1316489428281784,0.041357558220624924,5.672145843505859,0.0006743379635736346,0.9977991082722529,4.588863573770231,14
moe_oeo_N25_k1_L4_lr0.002_s27,moe_oeo,25,1,0.04,27,5,1.528978523972644,0.0019783661247264675,595.3350720405579,0.1316489428281784,0.1316489428281784,0.0414309985935688,5.4717230796813965,0.0007232747157104313,0.9977280718576319,4.575684838113737,14
moe_oeo_N25_k1_L4_lr0.002_s27,moe_oeo,25,1,0.04,27,6,2.3640484075363912,0.0019662665680261777,712.3048825263977,0.36303192377090454,0.36303192377090454,0.29165923595428467,1.716232419013977,0.0002820206864271313,0.9977084451029504,4.575684838113737,14
moe_oeo_N25_k1_L4_lr0.002_s27,moe_oeo,25,1,0.04,27,7,1.8024734067113977,0.0019515459511322021,831.6787004470825,0.4335106313228607,0.4335106313228607,0.3729146420955658,1.4305813312530518,0.0001483884989283979,0.9977734889586221,4.555544412571768,15
moe_oeo_N25_k1_L4_lr0.002_s27,moe_oeo,25,1,0.04,27,8,1.6384675833460403,0.0019342446222322296,948.8628222942352,0.4853723347187042,0.4853723645210266,0.42586076259613037,1.3050144910812378,0.00011634435213636607,0.9978429056368576,4.5421911449168855,15
moe_oeo_N25_k1_L4_lr0.002_s27,moe_oeo,25,1,0.04,27,9,1.5348189665030127,0.0019144100030661748,1068.516410112381,0.4960106313228607,0.4960106313228607,0.4406747817993164,1.2382173538208008,0.00010217377712251619,0.997913631290662,4.5421911449168855,15
moe_oeo_N25_k1_L4_lr0.002_s27,moe_oeo,25,1,0.04,27,10,1.480734196938064,0.0018920964589464841,1186.905344247818,0.5265957713127136,0.5265957117080688,0.48857900500297546,1.1988916397094727,8.983143197838217e-05,0.9979870048440156,4.535412042082512,15
moe_oeo_N25_k1_L4_lr0.002_s27,moe_oeo,25,1,0.04,27,11,1.459475136817046,0.0018673651497465944,1305.1768546104431,0.5678191781044006,0.5678191184997559,0.5335320234298706,1.1558774709701538,8.36613544379361e-05,0.9980631035693537,4.521882007887711,15
moe_oeo_N25_k1_L4_lr0.002_s27,moe_oeo,25,1,0.04,27,12,1.4269414035833046,0.0018402838622659698,1425.6639518737793,0.5678191781044006,0.5678191184997559,0.5361400842666626,1.1336841583251953,8.006610732991248e-05,0.9981407474312347,4.488183803836961,15
moe_oeo_N25_k1_L4_lr0.002_s27,moe_oeo,25,1,0.04,27,13,1.405368469961702,0.001810926824431198,1542.5646529197693,0.6170212626457214,0.6170212626457214,0.5918501019477844,1.112614631652832,8.030031312955543e-05,0.9982196324802729,4.468104113057227,15
moe_oeo_N25_k1_L4_lr0.002_s27,moe_oeo,25,1,0.04,27,14,1.3936131450275309,0.0017793745018424012,1662.6063435077667,0.5970744490623474,0.5970744490623474,0.5762792825698853,1.1016911268234253,7.748602365609258e-05,0.998298247395647,4.427661544168736,16
moe_oeo_N25_k1_L4_lr0.002_s27,moe_oeo,25,1,0.04,27,15,1.3691382603081939,0.0017457133772226204,1784.589611530304,0.6316489577293396,0.6316489577293396,0.6103842258453369,1.081182837486267,7.561657548649237e-05,0.9983767249837653,4.401102792084886,16
moe_oeo_N25_k1_L4_lr0.002_s27,moe_oeo,25,1,0.04,27,16,1.3577329501441624,0.001710035713374682,1905.500880241394,0.6130319237709045,0.6130319237709045,0.5878706574440002,1.0778264999389648,7.744661706965417e-05,0.9984553330886259,4.361336438901682,16
moe_oeo_N25_k1_L4_lr0.002_s27,moe_oeo,25,1,0.04,27,17,1.33438282337499,0.0016724393002952695,2024.6981246471405,0.6289893388748169,0.6289893388748169,0.6120097041130066,1.0500500202178955,7.730787910986692e-05,0.9985291538889002,4.341953035788166,16
moe_oeo_N25_k1_L4_lr0.002_s27,moe_oeo,25,1,0.04,27,18,1.3285429071822124,0.0016330271871393392,2145.36141371727,0.6183510422706604,0.6183510422706604,0.5924355983734131,1.0597796440124512,7.923777593532577e-05,0.9986089839868268,4.267839370697038,17
moe_oeo_N25_k1_L4_lr0.002_s27,moe_oeo,25,1,0.04,27,19,1.312849148291431,0.0015919073997695485,2263.725195646286,0.6396276354789734,0.6396276950836182,0.6229487657546997,1.0491024255752563,7.602699042763561e-05,0.9986823013436383,4.220476527574044,18
moe_oeo_N25_k1_L4_lr0.002_s27,moe_oeo,25,1,0.04,27,20,1.309915241007119,0.001549192644664877,2380.402001142502,0.6489361524581909,0.6489361524581909,0.6323679685592651,1.0372052192687988,8.15202874946408e-05,0.9987548998156451,4.167084294505522,19
moe_oeo_N25_k1_L4_lr0.002_s27,moe_oeo,25,1,0.04,27,21,1.3042702512926163,0.0015049999999999998,2498.391911506653,0.6343085169792175,0.6343085169792175,0.6194599270820618,1.0399739742279053,8.093436917988583e-05,0.9988256400951246,4.119915196277149,19
moe_oeo_N25_k1_L4_lr0.002_s27,moe_oeo,25,1,0.04,27,22,1.2934697199289658,0.0014594505947421513,2616.2933859825134,0.6409574747085571,0.6409574747085571,0.63163161277771,1.0185385942459106,7.987654680619016e-05,0.9988935092081298,4.073024751371057,19
moe_oeo_N25_k1_L4_lr0.002_s27,moe_oeo,25,1,0.04,27,23,1.288462094894555,0.0014126692766450425,2735.9875118732452,0.6529255509376526,0.6529255509376526,0.6443458795547485,1.0232819318771362,8.351292490260676e-05,0.9989583229194315,4.026598361609904,19
moe_oeo_N25_k1_L4_lr0.002_s27,moe_oeo,25,1,0.04,27,24,1.286419886993627,0.0013647842700498477,2855.969962120056,0.6316489577293396,0.6316489577293396,0.621548593044281,1.0359333753585815,8.542458090232685e-05,0.999022734019423,3.940390049642419,20
moe_oeo_N25_k1_L4_lr0.002_s27,moe_oeo,25,1,0.04,27,25,1.2803097893930462,0.001315926824431198,2974.4668073654175,0.6343085169792175,0.6343084573745728,0.6232355237007141,1.0269346237182617,9.254129690816626e-05,0.9990809926332138,3.85479974613885,20
moe_oeo_N25_k1_L4_lr0.002_s27,moe_oeo,25,1,0.04,27,26,1.2849095920313438,0.0012662308546514955,3092.474289417267,0.6502659320831299,0.6502659320831299,0.6431260704994202,1.0186684131622314,9.375698573421687e-05,0.9991370965400977,3.7577481426698154,21
moe_oeo_N25_k1_L4_lr0.002_s27,moe_oeo,25,1,0.04,27,27,1.28859461493552,0.0012158325739095818,3213.4372420310974,0.6303191781044006,0.6303191184997559,0.6228252649307251,1.0292357206344604,9.714828775031492e-05,0.9991896899372846,3.691649850013977,21
moe_oeo_N25_k1_L4_lr0.002_s27,moe_oeo,25,1,0.04,27,28,1.2957223711798997,0.0011648701203898287,3333.8113267421722,0.6196808218955994,0.6196808218955994,0.612318217754364,1.0362180471420288,9.660813520895317e-05,0.999238324516363,3.5669286023282747,22
moe_oeo_N25_k1_L4_lr0.002_s27,moe_oeo,25,1,0.04,27,29,1.3010824516619721,0.001113483178634977,3452.3627293109894,0.6276595592498779,0.6276595592498779,0.620322585105896,1.0379523038864136,0.00010085822577821091,0.9992848313550678,3.4755423971754382,22
moe_oeo_N25_k1_L4_lr0.002_s27,moe_oeo,25,1,0.04,27,30,1.2883169201274984,0.0010618125966805143,3573.4616708755493,0.644946813583374,0.644946813583374,0.6386407613754272,1.0369848012924194,0.0003033604007214308,0.999330097758844,3.370989956246956,23
moe_oeo_N25_k1_L4_lr0.002_s27,moe_oeo,25,1,0.04,27,31,1.3081730594986105,0.0010100000000000003,3692.6132135391235,0.6356382966041565,0.6356382966041565,0.623991847038269,1.0446487665176392,0.00030835240613669157,0.9993728235713965,3.227740714632107,24
moe_oeo_N25_k1_L4_lr0.002_s27,moe_oeo,25,1,0.04,27,32,1.3107374825910345,0.0009581874033194859,3811.6041536331177,0.6369680762290955,0.6369680762290955,0.6316099166870117,1.0495842695236206,0.00030836998485028744,0.999410723879435,3.1004712713912155,24
moe_oeo_N25_k1_L4_lr0.002_s27,moe_oeo,25,1,0.04,27,33,1.3689562198131868,0.0009065168213650232,3930.1379160881042,0.6316489577293396,0.6316488981246948,0.6193348169326782,1.0911184549331665,0.00031582944211550057,0.9994471787703573,2.389437839635993,24
moe_oeo_N25_k1_L4_lr0.002_s27,moe_oeo,25,1,0.04,27,34,1.3663483328062649,0.0008551298796101715,4048.3361191749573,0.6183510422706604,0.6183511018753052,0.6091068387031555,1.0926921367645264,0.0003256387135479599,0.9994786644796766,2.1914255761302766,24
moe_oeo_N25_k1_L4_lr0.002_s27,moe_oeo,25,1,0.04,27,35,1.357819356500558,0.0008041674260904182,4166.499918937683,0.6196808218955994,0.6196808815002441,0.6096358299255371,1.0822842121124268,0.0003201240615453571,0.999508805348573,2.1118494759328166,24
moe_oeo_N25_k1_L4_lr0.002_s27,moe_oeo,25,1,0.04,27,36,1.3616565310111328,0.0007537691453485046,4283.1176953315735,0.6183510422706604,0.6183510422706604,0.606539785861969,1.0768643617630005,0.00031805114122107625,0.9995377631859351,2.0431374579060093,24
moe_oeo_N25_k1_L4_lr0.002_s27,moe_oeo,25,1,0.04,27,37,1.3682192249317147,0.0007040731755688022,4402.592621088028,0.6276595592498779,0.6276596188545227,0.6141892671585083,1.0707508325576782,0.0003102795744780451,0.9995638758541696,1.9666676521515032,25
moe_oeo_N25_k1_L4_lr0.002_s27,moe_oeo,25,1,0.04,27,38,1.3649022896097947,0.0006552157299501527,4519.302955150604,0.623670220375061,0.623670220375061,0.6169635057449341,1.067873239517212,0.0003083115734625608,0.9995855766874905,1.9120268556106792,25
moe_oeo_N25_k1_L4_lr0.002_s27,moe_oeo,25,1,0.04,27,39,1.3624163402167901,0.000607330723354958,4637.457598686218,0.626329779624939,0.626329779624939,0.6160390973091125,1.0780521631240845,0.00030087187769822776,0.9996070710044824,1.849406564763492,25
moe_oeo_N25_k1_L4_lr0.002_s27,moe_oeo,25,1,0.04,27,40,1.3581803908154844,0.0005605494052578487,4754.320013999939,0.625,0.6250000596046448,0.6156028509140015,1.0756216049194336,0.00029948478913865983,0.9996272272080862,1.8149993199935752,25
moe_oeo_N25_k1_L4_lr0.002_s27,moe_oeo,25,1,0.04,27,41,1.3582455713863242,0.0005150000000000003,4872.213370800018,0.6196808218955994,0.6196808218955994,0.611545741558075,1.082879900932312,0.00029317583539523184,0.9996485320081201,1.7293094469667294,25
moe_oeo_N25_k1_L4_lr0.002_s27,moe_oeo,25,1,0.04,27,42,1.3830412777149241,0.00047080735533512353,4991.92321562767,0.6063829660415649,0.6063829660415649,0.6009332537651062,1.097809076309204,0.0002921577251981944,0.9996672565787127,1.622937607822859,25
moe_oeo_N25_k1_L4_lr0.002_s27,moe_oeo,25,1,0.04,27,43,1.3928447283430188,0.0004280926002304517,5108.853418588638,0.6170212626457214,0.6170212626457214,0.6109302639961243,1.106311321258545,0.0002860650129150599,0.9996858658396819,1.5667219110241497,25
moe_oeo_N25_k1_L4_lr0.002_s27,moe_oeo,25,1,0.04,27,44,1.4036888924499624,0.0003869728128606611,5226.870224475861,0.5997340679168701,0.5997340679168701,0.5959300398826599,1.1149722337722778,0.00028459381428547204,0.9997018123589934,1.5115744698266411,25
moe_oeo_N25_k1_L4_lr0.002_s27,moe_oeo,25,1,0.04,27,45,1.4065035010717775,0.0003475606997047307,5342.650676250458,0.5997340679168701,0.5997340679168701,0.593512773513794,1.1157649755477905,0.00028121849754825234,0.9997133771696912,1.4849597668973342,25
moe_oeo_N25_k1_L4_lr0.002_s27,moe_oeo,25,1,0.04,27,46,1.3977222634334814,0.0003099642866253181,5458.005389928818,0.5864361524581909,0.5864361524581909,0.5808241963386536,1.1226752996444702,0.00027834021602757275,0.9997218507592224,1.4343504493337436,25
moe_oeo_N25_k1_L4_lr0.002_s27,moe_oeo,25,1,0.04,27,47,1.4041179178546281,0.0002742866227773799,5576.22111082077,0.5944148898124695,0.5944148898124695,0.5911490321159363,1.118546962738037,0.0002762234362307936,0.9997330527519244,1.4224969732587285,25
moe_oeo_N25_k1_L4_lr0.002_s27,moe_oeo,25,1,0.04,27,48,1.4111262518895544,0.00024062549815759878,5696.194034576416,0.5944148898124695,0.5944148898124695,0.5912374258041382,1.1171919107437134,0.0002758530026767403,0.9997424418636734,1.4085679838781893,25
moe_oeo_N25_k1_L4_lr0.002_s27,moe_oeo,25,1,0.04,27,49,1.4198848376025075,0.0002090731755688021,5814.009370803833,0.5930851101875305,0.5930850505828857,0.5883196592330933,1.1158915758132935,0.00027124257758259773,0.9997480095949642,1.4068093009315994,25
moe_oeo_N25_k1_L4_lr0.002_s27,moe_oeo,25,1,0.04,27,50,1.4007143003347258,0.00017971613773403027,5932.854341983795,0.6010638475418091,0.6010638475418091,0.5968356728553772,1.1045411825180054,0.00027111629606224597,0.9997561488516706,1.388718159789949,25
moe_oeo_N25_k1_L4_lr0.002_s27,moe_oeo,25,1,0.04,27,51,1.4145039649824847,0.00015263485025340568,6050.099637031555,0.5997340679168701,0.5997340083122253,0.5945477485656738,1.1125414371490479,0.00027075971593149006,0.9997638011810286,1.3700009971853813,25
moe_oeo_N25_k1_L4_lr0.002_s27,moe_oeo,25,1,0.04,27,52,1.420046906493026,0.00012790354105351589,6166.723349571228,0.5930851101875305,0.5930851101875305,0.5880206227302551,1.1144237518310547,0.00026873688329942524,0.999771004574166,1.3313129743195362,25
moe_oeo_N25_k1_L4_lr0.002_s27,moe_oeo,25,1,0.04,27,53,1.4185937774201778,0.00010558999693382504,6285.108354330063,0.5930851101875305,0.5930851101875305,0.5890756249427795,1.112457275390625,0.00026882116799242795,0.9997739337223231,1.3313129743195362,25
moe_oeo_N25_k1_L4_lr0.002_s27,moe_oeo,25,1,0.04,27,54,1.4227573566615037,8.575537776777028e-05,6402.756283760071,0.5877659320831299,0.5877659916877747,0.5829127430915833,1.1180230379104614,0.00026759272441267967,0.9997768146072035,1.3243879812349897,25
moe_oeo_N25_k1_L4_lr0.002_s27,moe_oeo,25,1,0.04,27,55,1.4261532272275996,6.845404886779801e-05,6522.4780995845795,0.585106372833252,0.585106372833252,0.5801518559455872,1.121567726135254,0.00026672703097574413,0.9997790120490586,1.320141888024086,25
moe_oeo_N25_k1_L4_lr0.002_s27,moe_oeo,25,1,0.04,27,56,1.4243603205503939,5.373343197382237e-05,6639.846734523773,0.5877659320831299,0.5877659320831299,0.5838066339492798,1.126473069190979,0.00026637877454049885,0.9997812763528078,1.3177621252439962,25
moe_oeo_N25_k1_L4_lr0.002_s27,moe_oeo,25,1,0.04,27,57,1.4253013195580544,4.163387527353236e-05,6758.392775297165,0.582446813583374,0.582446813583374,0.5773772597312927,1.1328613758087158,0.00026558004901744425,0.9997831752991332,1.3057644157095578,25
moe_oeo_N25_k1_L4_lr0.002_s27,moe_oeo,25,1,0.04,27,58,1.4340815228584423,3.218854281081372e-05,6876.113960266113,0.5864361524581909,0.5864361524581909,0.5815277695655823,1.1285613775253296,0.0002652724215295166,0.999785395418713,1.3037653639757723,25
moe_oeo_N25_k1_L4_lr0.002_s27,moe_oeo,25,1,0.04,27,59,1.4448828645662901,2.5423323585409333e-05,6996.580679178238,0.5864361524581909,0.5864361524581909,0.5815490484237671,1.1295067071914673,0.0002649905509315431,0.999786504261287,1.3037653639757723,25
moe_oeo_N25_k1_L4_lr0.002_s27,moe_oeo,25,1,0.04,27,60,1.4340882597312534,2.1356760592971906e-05,7113.124801635742,0.5877659320831299,0.5877659320831299,0.5828160047531128,1.1295241117477417,0.00026457392959855497,0.9997871605815699,1.2992477327825374,25
moe_oeo_N25_k6_L4_lr0.002_s27,moe_oeo,25,6,0.24,27,1,2.3824491550354927,0.002,117.41571569442749,0.13297872245311737,0.13297873735427856,0.04928717017173767,4.273550510406494,0.0020418167114257812,0.99941573704202,0.7992611370935879,460
moe_oeo_N25_k6_L4_lr0.002_s27,moe_oeo,25,6,0.24,27,2,1.9126431234180927,0.001998643239407028,233.82930636405945,0.12898936867713928,0.12898938357830048,0.03877663239836693,4.0754170417785645,0.001597782364115119,0.9987143916647149,0.8615214528229695,428
moe_oeo_N25_k6_L4_lr0.002_s27,moe_oeo,25,6,0.24,27,3,1.725299916498057,0.0019945766764145906,350.8876359462738,0.125,0.125,0.03082018531858921,3.845594882965088,0.0016035021981224418,0.9981138078316669,0.9037909193742031,414
moe_oeo_N25_k6_L4_lr0.002_s27,moe_oeo,25,6,0.24,27,4,1.6226973764462287,0.0019878114571891866,468.1830623149872,0.12765957415103912,0.12765958905220032,0.03589221090078354,3.6216938495635986,0.0016473032301291823,0.9977991082722529,0.96626519620837,397
moe_oeo_N25_k6_L4_lr0.002_s27,moe_oeo,25,6,0.24,27,5,1.528978523972644,0.0019783661247264675,585.3750121593475,0.13962766528129578,0.13962768018245697,0.05933891981840134,3.541067123413086,0.0018419197294861078,0.9977280718576319,0.9851327881101919,385
moe_oeo_N25_k6_L4_lr0.002_s27,moe_oeo,25,6,0.24,27,6,2.1436069897592884,0.0019662665680261777,703.3044791221619,0.4202127754688263,0.4202127754688263,0.38770046830177307,1.5864622592926025,0.000918164208997041,0.997315019551548,0.9796552186687236,391
moe_oeo_N25_k6_L4_lr0.002_s27,moe_oeo,25,6,0.24,27,7,1.6902175458598898,0.0019515459511322021,821.3403224945068,0.4654255211353302,0.4654255509376526,0.4379775822162628,1.4040749073028564,0.0007394525455310941,0.9968320395404464,0.9816312563678831,387
moe_oeo_N25_k6_L4_lr0.002_s27,moe_oeo,25,6,0.24,27,8,1.5606786502210517,0.0019342446222322296,938.835932970047,0.5119680762290955,0.5119680762290955,0.49163275957107544,1.2927985191345215,0.0006926020723767579,0.9968532273320477,0.9980581567956137,389
moe_oeo_N25_k6_L4_lr0.002_s27,moe_oeo,25,6,0.24,27,9,1.4839094338351733,0.0019144100030661748,1056.5689823627472,0.4827127754688263,0.4827127754688263,0.4643581211566925,1.3020426034927368,0.000636473239865154,0.9968088966398443,1.017961951311162,381
moe_oeo_N25_k6_L4_lr0.002_s27,moe_oeo,25,6,0.24,27,10,1.4510800041360399,0.0018920964589464841,1173.2616157531738,0.5771276354789734,0.5771276354789734,0.5712863802909851,1.1905357837677002,0.0006129005923867226,0.9967709715658642,1.058728251354458,372
moe_oeo_N25_k6_L4_lr0.002_s27,moe_oeo,25,6,0.24,27,11,1.3777772365605723,0.0018673651497465944,1291.2101609706879,0.6196808218955994,0.6196808815002441,0.612959086894989,1.114198088645935,0.0005605575279332697,0.9967389967355232,1.0869357026107476,351
moe_oeo_N25_k6_L4_lr0.002_s27,moe_oeo,25,6,0.24,27,12,1.3295044161243255,0.0018402838622659698,1408.2586822509766,0.6303191781044006,0.6303191184997559,0.6237316131591797,1.0660393238067627,0.0005509966867975891,0.9967111169700167,1.1097441260888772,341
moe_oeo_N25_k6_L4_lr0.002_s27,moe_oeo,25,6,0.24,27,13,1.2819487472069047,0.001810926824431198,1525.8150668144226,0.646276593208313,0.646276593208313,0.638343095779419,1.0303651094436646,0.000540210516192019,0.9966017260062332,1.1439939942062238,319
moe_oeo_N25_k6_L4_lr0.002_s27,moe_oeo,25,6,0.24,27,14,1.2472599171544319,0.0017793745018424012,1642.842570066452,0.664893627166748,0.6648936867713928,0.6579251885414124,1.0092530250549316,0.0005336148897185922,0.9964868786576487,1.1609404684105111,306
moe_oeo_N25_k6_L4_lr0.002_s27,moe_oeo,25,6,0.24,27,15,1.207422320667195,0.0017457133772226204,1760.0274903774261,0.6768617033958435,0.6768617033958435,0.6688048243522644,0.9679202437400818,0.0005583676393143833,0.9963522871970771,1.1717911700300778,303
moe_oeo_N25_k6_L4_lr0.002_s27,moe_oeo,25,6,0.24,27,16,1.1784838351450826,0.001710035713374682,1877.36701130867,0.6848404407501221,0.6848403811454773,0.6807567477226257,0.962809145450592,0.0005135362735018134,0.9963161136430203,1.1881842281703918,292
moe_oeo_N25_k6_L4_lr0.002_s27,moe_oeo,25,6,0.24,27,17,1.1565633314793513,0.0016724393002952695,1994.750786781311,0.6954787373542786,0.6954787373542786,0.6894257664680481,0.9508634805679321,0.000539574830327183,0.9961534074470959,1.2009110177283293,279
moe_oeo_N25_k6_L4_lr0.002_s27,moe_oeo,25,6,0.24,27,18,1.1464606141288802,0.0016330271871393392,2112.2965960502625,0.686170220375061,0.686170220375061,0.6781859397888184,0.9259655475616455,0.0005345140234567225,0.9962493497468929,1.2108318751582707,270
moe_oeo_N25_k6_L4_lr0.002_s27,moe_oeo,25,6,0.24,27,19,1.119077685863188,0.0015919073997695485,2230.5518238544464,0.7180851101875305,0.7180851101875305,0.7145447731018066,0.9016376733779907,0.000556802493520081,0.9960491480864184,1.211717943304778,269
moe_oeo_N25_k6_L4_lr0.002_s27,moe_oeo,25,6,0.24,27,20,1.0996804575703731,0.001549192644664877,2349.354030609131,0.7180851101875305,0.7180851101875305,0.7146160006523132,0.8831202983856201,0.0005552330985665321,0.9960527157786935,1.2180697840474928,267
moe_oeo_N25_k6_L4_lr0.002_s27,moe_oeo,25,6,0.24,27,21,1.0853423415661947,0.0015049999999999998,2467.1143255233765,0.727393627166748,0.727393627166748,0.7255621552467346,0.8715990781784058,0.0005219026934355497,0.9960269406014314,1.2233090116455136,265
moe_oeo_N25_k6_L4_lr0.002_s27,moe_oeo,25,6,0.24,27,22,1.0925423374152892,0.0014594505947421513,2584.7865896224976,0.7313829660415649,0.7313829660415649,0.7276443243026733,0.8622987270355225,0.0005147444899193943,0.9958648934599684,1.2327409022910503,264
moe_oeo_N25_k6_L4_lr0.002_s27,moe_oeo,25,6,0.24,27,23,1.0952773531686226,0.0014126692766450425,2702.262909889221,0.7140957713127136,0.7140957117080688,0.7099753022193909,0.8720461130142212,0.0005087221506983042,0.9958272540609201,1.257756725576887,263
moe_oeo_N25_k6_L4_lr0.002_s27,moe_oeo,25,6,0.24,27,24,1.0743343989666738,0.0013647842700498477,2819.4717144966125,0.7260638475418091,0.7260638475418091,0.7246598601341248,0.8646602630615234,0.0006043781177140772,0.9956004162392779,1.2576688467242596,261
moe_oeo_N25_k6_L4_lr0.002_s27,moe_oeo,25,6,0.24,27,25,1.0627864294400498,0.001315926824431198,2936.1130249500275,0.730053186416626,0.730053186416626,0.7265841960906982,0.8554631471633911,0.0005694974679499865,0.995569162184201,1.2646455377280938,259
moe_oeo_N25_k6_L4_lr0.002_s27,moe_oeo,25,6,0.24,27,26,1.0513394065031179,0.0012662308546514955,3053.9730179309845,0.7420212626457214,0.7420213222503662,0.7394304275512695,0.8442021012306213,0.0005683501367457211,0.9955761713220491,1.2627914445053192,257
moe_oeo_N25_k6_L4_lr0.002_s27,moe_oeo,25,6,0.24,27,27,1.031873221692021,0.0012158325739095818,3171.6208424568176,0.7433510422706604,0.7433511018753052,0.7404273748397827,0.8268805742263794,0.000565166468732059,0.9956232132655471,1.2605800749528415,259
moe_oeo_N25_k6_L4_lr0.002_s27,moe_oeo,25,6,0.24,27,28,1.0142552100087954,0.0011648701203898287,3288.6540021896362,0.730053186416626,0.730053186416626,0.7283579111099243,0.8301394581794739,0.0005633995169773698,0.9955490066075702,1.2654619079067095,258
moe_oeo_N25_k6_L4_lr0.002_s27,moe_oeo,25,6,0.24,27,29,1.0196581114270644,0.001113483178634977,3405.117568254471,0.7406914830207825,0.7406914830207825,0.7388854622840881,0.8238198161125183,0.0005595807451754808,0.9953572606498385,1.268020210288741,257
moe_oeo_N25_k6_L4_lr0.002_s27,moe_oeo,25,6,0.24,27,30,1.0122153163976866,0.0010618125966805143,3522.6281156539917,0.7420212626457214,0.7420213222503662,0.7401547431945801,0.8237394094467163,0.0005580608267337084,0.9953848005723311,1.2704071201431686,254
moe_oeo_N25_k6_L4_lr0.002_s27,moe_oeo,25,6,0.24,27,31,0.9993520312045263,0.0010100000000000003,3639.8625214099884,0.7553191781044006,0.7553191781044006,0.7527475357055664,0.8023487329483032,0.0005583034944720566,0.995336702227072,1.268953452905452,256
moe_oeo_N25_k6_L4_lr0.002_s27,moe_oeo,25,6,0.24,27,32,1.0077666543322066,0.0009581874033194859,3756.9752073287964,0.7526595592498779,0.7526596188545227,0.7508100271224976,0.7991954684257507,0.0006209603743627667,0.9952526140846722,1.260818726791844,260
moe_oeo_N25_k6_L4_lr0.002_s27,moe_oeo,25,6,0.24,27,33,0.9805281224860448,0.0009065168213650232,3874.597772359848,0.7579787373542786,0.7579787373542786,0.7551407814025879,0.8004148006439209,0.0006188976112753153,0.9951707481183226,1.259331557865517,264
moe_oeo_N25_k6_L4_lr0.002_s27,moe_oeo,25,6,0.24,27,34,0.984885444430864,0.0008551298796101715,3991.309025287628,0.7526595592498779,0.7526596188545227,0.7509385347366333,0.7949952483177185,0.000618202262558043,0.9952324645569608,1.2562473527435223,266
moe_oeo_N25_k6_L4_lr0.002_s27,moe_oeo,25,6,0.24,27,35,0.9695710061143522,0.0008041674260904182,4108.643481016159,0.7539893388748169,0.7539893984794617,0.7526365518569946,0.7948759198188782,0.0006167087121866643,0.9952009761840244,1.2564096130178959,264
moe_oeo_N25_k6_L4_lr0.002_s27,moe_oeo,25,6,0.24,27,36,0.9643131339556823,0.0007537691453485046,4225.931395769119,0.7553191781044006,0.7553191781044006,0.7533248066902161,0.7865455746650696,0.0006160283228382468,0.9951486148986103,1.25530662584461,265
moe_oeo_N25_k6_L4_lr0.002_s27,moe_oeo,25,6,0.24,27,37,0.9629138601629157,0.0007040731755688022,4343.399728059769,0.7579787373542786,0.7579787373542786,0.7564131617546082,0.785500705242157,0.0006159124313853681,0.9951462933352692,1.2546666875221986,267
moe_oeo_N25_k6_L4_lr0.002_s27,moe_oeo,25,6,0.24,27,38,0.9599149549150303,0.0006552157299501527,4461.08220076561,0.7579787373542786,0.7579787373542786,0.7569164633750916,0.7904714345932007,0.0006115548312664032,0.9950788552434037,1.2550806263005936,264
moe_oeo_N25_k6_L4_lr0.002_s27,moe_oeo,25,6,0.24,27,39,0.9411694411885793,0.000607330723354958,4577.7028930187225,0.7566489577293396,0.7566489577293396,0.7554599046707153,0.7754505276679993,0.0006105424254201353,0.9950315108194505,1.25469506720512,266
moe_oeo_N25_k6_L4_lr0.002_s27,moe_oeo,25,6,0.24,27,40,0.9485029285969255,0.0005605494052578487,4694.809231758118,0.7646276354789734,0.7646276950836182,0.7627688646316528,0.7728738784790039,0.0006088620866648853,0.9949348424441856,1.2546255696259718,267
moe_oeo_N25_k6_L4_lr0.002_s27,moe_oeo,25,6,0.24,27,41,0.9410460132884381,0.0005150000000000003,4812.728034734726,0.751329779624939,0.751329779624939,0.7496843934059143,0.7733456492424011,0.0006058769067749381,0.9948796163576042,1.2561251572479648,265
moe_oeo_N25_k6_L4_lr0.002_s27,moe_oeo,25,6,0.24,27,42,0.9368150815129552,0.00047080735533512353,4930.83601975441,0.7593085169792175,0.7593085169792175,0.7574208378791809,0.7726911902427673,0.0005738596664741635,0.994903460861296,1.2548467575831859,262
moe_oeo_N25_k6_L4_lr0.002_s27,moe_oeo,25,6,0.24,27,43,0.9365808358543539,0.0004280926002304517,5048.489131689072,0.7526595592498779,0.7526596188545227,0.750584065914154,0.7718963623046875,0.0005740266060456634,0.9948583824098961,1.2557506731887773,260
moe_oeo_N25_k6_L4_lr0.002_s27,moe_oeo,25,6,0.24,27,44,0.9349063180352999,0.0003869728128606611,5167.176525354385,0.7606382966041565,0.7606383562088013,0.7595923542976379,0.7695336937904358,0.0005735948216170073,0.9948494718320896,1.2555687662220003,259
moe_oeo_N25_k6_L4_lr0.002_s27,moe_oeo,25,6,0.24,27,45,0.922177403569902,0.0003475606997047307,5286.036523342133,0.7632978558540344,0.7632979154586792,0.7618129253387451,0.7646710872650146,0.000573372992221266,0.9948576666104825,1.251599432632857,262
moe_oeo_N25_k6_L4_lr0.002_s27,moe_oeo,25,6,0.24,27,46,0.9254799993479088,0.0003099642866253181,5404.794166564941,0.7606382966041565,0.7606382369995117,0.7587571144104004,0.7653704881668091,0.000572879915125668,0.9948369182067691,1.2529370075600585,261
moe_oeo_N25_k6_L4_lr0.002_s27,moe_oeo,25,6,0.24,27,47,0.9235506294014519,0.0002742866227773799,5522.736550092697,0.7606382966041565,0.7606382966041565,0.7592744827270508,0.7581272125244141,0.0005402978276833892,0.9948340992618101,1.2528860442912815,263
moe_oeo_N25_k6_L4_lr0.002_s27,moe_oeo,25,6,0.24,27,48,0.9241509962673873,0.00024062549815759878,5640.522994995117,0.7659574747085571,0.7659574747085571,0.7646777033805847,0.7584251761436462,0.0005394553882069886,0.9947981876607788,1.2522997745682938,262
moe_oeo_N25_k6_L4_lr0.002_s27,moe_oeo,25,6,0.24,27,49,0.9181770075061549,0.0002090731755688021,5758.255520820618,0.7672872543334961,0.7672872543334961,0.7657036185264587,0.7540172338485718,0.0005390787264332175,0.9947901006202552,1.2507553591737026,264
moe_oeo_N25_k6_L4_lr0.002_s27,moe_oeo,25,6,0.24,27,50,0.9182350787942268,0.00017971613773403027,5875.588329315186,0.7632978558540344,0.7632978558540344,0.761869490146637,0.7517510056495667,0.000539627973921597,0.9947943956283761,1.2513295812299772,263
moe_oeo_N25_k6_L4_lr0.002_s27,moe_oeo,25,6,0.24,27,51,0.9104769971204675,0.00015263485025340568,5994.422929763794,0.7646276354789734,0.7646276950836182,0.7636580467224121,0.7528676986694336,0.0005393808241933584,0.9948115782437621,1.249542227212244,266
moe_oeo_N25_k6_L4_lr0.002_s27,moe_oeo,25,6,0.24,27,52,0.9103674042000346,0.00012790354105351589,6113.2374355793,0.7646276354789734,0.7646276950836182,0.7632060050964355,0.7509679794311523,0.0005384613177739084,0.9947948866008584,1.2493436879674624,266
moe_oeo_N25_k6_L4_lr0.002_s27,moe_oeo,25,6,0.24,27,53,0.9068802164773963,0.00010558999693382504,6233.023321151733,0.7646276354789734,0.7646276950836182,0.7631675004959106,0.7520837187767029,0.0005371011211536825,0.9947759555093659,1.2496100415585052,266
moe_oeo_N25_k6_L4_lr0.002_s27,moe_oeo,25,6,0.24,27,54,0.9141641487133557,8.575537776777028e-05,6353.004456758499,0.7632978558540344,0.7632979154586792,0.7622498273849487,0.7494789958000183,0.0005371145671233535,0.994788250078593,1.2493102737252026,266
moe_oeo_N25_k6_L4_lr0.002_s27,moe_oeo,25,6,0.24,27,55,0.9080714855904448,6.845404886779801e-05,6471.336076498032,0.7646276354789734,0.7646276950836182,0.7629474997520447,0.7506633400917053,0.0005364431417547166,0.9947867132194187,1.249463600424209,266
moe_oeo_N25_k6_L4_lr0.002_s27,moe_oeo,25,6,0.24,27,56,0.9047017440914291,5.373343197382237e-05,6587.788987159729,0.7659574747085571,0.7659574747085571,0.7645272612571716,0.7494591474533081,0.0005360035574994981,0.9947656071941255,1.2493348416229404,266
moe_oeo_N25_k6_L4_lr0.002_s27,moe_oeo,25,6,0.24,27,57,0.9057064472302182,4.163387527353236e-05,6709.6039135456085,0.7646276354789734,0.7646276950836182,0.7631219625473022,0.7509510517120361,0.0005360663635656238,0.9947712914119279,1.2493348416229404,266
moe_oeo_N25_k6_L4_lr0.002_s27,moe_oeo,25,6,0.24,27,58,0.9116675186579086,3.218854281081372e-05,6827.346842050552,0.7632978558540344,0.7632979154586792,0.7617517113685608,0.7504199147224426,0.0005359503556974232,0.9947710987334712,1.2493348416229404,266
moe_oeo_N25_k6_L4_lr0.002_s27,moe_oeo,25,6,0.24,27,59,0.9073928601563521,2.5423323585409333e-05,6947.876832008362,0.7619680762290955,0.7619681358337402,0.7604081630706787,0.7498234510421753,0.0005359254428185523,0.9947625184190676,1.2493348416229404,266
moe_oeo_N25_k6_L4_lr0.002_s27,moe_oeo,25,6,0.24,27,60,0.9054209231377737,2.1356760592971906e-05,7065.752206325531,0.7606382966041565,0.7606382966041565,0.7591913342475891,0.7499586343765259,0.00053577491780743,0.9947556607936002,1.2493348416229404,266
moe_oeo_N25_k12_L4_lr0.002_s27,moe_oeo,25,12,0.48,27,1,2.3824491550354927,0.002,119.14465856552124,0.14361701905727386,0.14361703395843506,0.08189855515956879,3.5766143798828125,0.0034836321137845516,0.99941573704202,0.360088883982635,621
moe_oeo_N25_k12_L4_lr0.002_s27,moe_oeo,25,12,0.48,27,2,1.9126431234180927,0.001998643239407028,237.4011881351471,0.14095744490623474,0.14095745980739594,0.07021784782409668,3.5638179779052734,0.002389028435572982,0.9987143916647149,0.41385026392676244,586
moe_oeo_N25_k12_L4_lr0.002_s27,moe_oeo,25,12,0.48,27,3,1.725299916498057,0.0019945766764145906,355.29228615760803,0.1529255360364914,0.1529255509376526,0.0876714289188385,3.4198808670043945,0.001890951651148498,0.9981138078316669,0.4634315131294102,557
moe_oeo_N25_k12_L4_lr0.002_s27,moe_oeo,25,12,0.48,27,4,1.6226973764462287,0.0019878114571891866,473.52239084243774,0.23005318641662598,0.23005318641662598,0.13294866681098938,3.2524194717407227,0.001755989738740027,0.9977991082722529,0.4986200184692177,528
moe_oeo_N25_k12_L4_lr0.002_s27,moe_oeo,25,12,0.48,27,5,1.528978523972644,0.0019783661247264675,592.43798995018,0.2646276652812958,0.2646276652812958,0.16424985229969025,3.1742911338806152,0.0018601788906380534,0.9977280718576319,0.5151057220234665,516
moe_oeo_N25_k12_L4_lr0.002_s27,moe_oeo,25,12,0.48,27,6,1.9833117460143077,0.0019662665680261777,711.6374046802521,0.46010637283325195,0.46010640263557434,0.41054385900497437,1.5064862966537476,0.0011004057014361024,0.9987613294185393,0.5290394650170246,511
moe_oeo_N25_k12_L4_lr0.002_s27,moe_oeo,25,12,0.48,27,7,1.5612023085627926,0.0019515459511322021,829.9646148681641,0.5345744490623474,0.5345744490623474,0.5044657588005066,1.2676401138305664,0.0010188131127506495,0.9985605471632311,0.5287324002681387,513
moe_oeo_N25_k12_L4_lr0.002_s27,moe_oeo,25,12,0.48,27,8,1.4129627687371757,0.0019342446222322296,948.6546728610992,0.5757978558540344,0.5757978558540344,0.5542359352111816,1.1515600681304932,0.0009708422003313899,0.9983772559471431,0.5347283381450388,514
moe_oeo_N25_k12_L4_lr0.002_s27,moe_oeo,25,12,0.48,27,9,1.3270511284436537,0.0019144100030661748,1066.874698638916,0.5970744490623474,0.5970745086669922,0.5739643573760986,1.0763365030288696,0.0010041894856840372,0.9982490519562216,0.5354948217374574,514
moe_oeo_N25_k12_L4_lr0.002_s27,moe_oeo,25,12,0.48,27,10,1.2646202466633494,0.0018920964589464841,1186.378587961197,0.6396276354789734,0.6396276354789734,0.6293536424636841,1.0260082483291626,0.0010430690599605441,0.9981681738801185,0.5372434171329102,509
moe_oeo_N25_k12_L4_lr0.002_s27,moe_oeo,25,12,0.48,27,11,1.2099350887992883,0.0018673651497465944,1304.4237637519836,0.6569148898124695,0.6569148898124695,0.6504673957824707,0.9857987761497498,0.001110069453716278,0.9978800715019456,0.538451790216492,513
moe_oeo_N25_k12_L4_lr0.002_s27,moe_oeo,25,12,0.48,27,12,1.1739289990400887,0.0018402838622659698,1422.1620728969574,0.6688829660415649,0.6688829660415649,0.6638342142105103,0.9494711756706238,0.0011112691136077046,0.9977601903005268,0.54355165488141,509
moe_oeo_N25_k12_L4_lr0.002_s27,moe_oeo,25,12,0.48,27,13,1.1542526602438867,0.001810926824431198,1540.409354686737,0.6968085169792175,0.6968085169792175,0.691069483757019,0.9255005121231079,0.001106787589378655,0.9975974161813468,0.5475891592571531,505
moe_oeo_N25_k12_L4_lr0.002_s27,moe_oeo,25,12,0.48,27,14,1.1138484435980995,0.0017793745018424012,1658.3990604877472,0.7047872543334961,0.7047872543334961,0.7000679969787598,0.9004829525947571,0.0010721493745222688,0.9974971591712217,0.5511672669478106,501
moe_oeo_N25_k12_L4_lr0.002_s27,moe_oeo,25,12,0.48,27,15,1.0842305035691828,0.0017457133772226204,1776.3450701236725,0.7154255509376526,0.7154255509376526,0.7113195657730103,0.8857922554016113,0.0010991061571985483,0.9974374818987158,0.5550725119802334,499
moe_oeo_N25_k12_L4_lr0.002_s27,moe_oeo,25,12,0.48,27,16,1.0676031738995961,0.001710035713374682,1894.5446178913116,0.710106372833252,0.710106372833252,0.7067774534225464,0.8674030900001526,0.00100449298042804,0.9974103226267123,0.5603153345937988,495
moe_oeo_N25_k12_L4_lr0.002_s27,moe_oeo,25,12,0.48,27,17,1.048583014931989,0.0016724393002952695,2012.7424700260162,0.7154255509376526,0.7154255509376526,0.7112419605255127,0.8557765483856201,0.0008847446297295392,0.9972155599808109,0.5625458193443076,488
moe_oeo_N25_k12_L4_lr0.002_s27,moe_oeo,25,12,0.48,27,18,1.0297114438458121,0.0016330271871393392,2131.001174211502,0.7194148898124695,0.7194148898124695,0.7152323722839355,0.8416081070899963,0.0007887763786129653,0.997214662680913,0.5674259252255124,485
moe_oeo_N25_k12_L4_lr0.002_s27,moe_oeo,25,12,0.48,27,19,1.0124671218670123,0.0015919073997695485,2248.741023540497,0.7194148898124695,0.7194148898124695,0.7159348130226135,0.8295320272445679,0.0007508668350055814,0.9971067972715364,0.5710421084589228,479
moe_oeo_N25_k12_L4_lr0.002_s27,moe_oeo,25,12,0.48,27,20,0.9994438456107765,0.001549192644664877,2366.5414052009583,0.7340425252914429,0.7340425252914429,0.7321013808250427,0.8109413981437683,0.0007485442911274731,0.9970468474761373,0.5749223450869505,477
moe_oeo_N25_k12_L4_lr0.002_s27,moe_oeo,25,12,0.48,27,21,0.979988003906594,0.0015049999999999998,2484.627963781357,0.7553191781044006,0.7553191781044006,0.7542868256568909,0.8000322580337524,0.0007278120028786361,0.9970295640744903,0.5824888532960316,471
moe_oeo_N25_k12_L4_lr0.002_s27,moe_oeo,25,12,0.48,27,22,0.9699482942791018,0.0014594505947421513,2602.7313554286957,0.7406914830207825,0.7406914830207825,0.7389956712722778,0.7884387373924255,0.0006722987745888531,0.9967635353978717,0.5984573362719943,469
moe_oeo_N25_k12_L4_lr0.002_s27,moe_oeo,25,12,0.48,27,23,0.955102450142032,0.0014126692766450425,2720.922827720642,0.7579787373542786,0.7579787373542786,0.7565300464630127,0.7810617089271545,0.000622695020865649,0.9967934517402334,0.6034265656154849,464
moe_oeo_N25_k12_L4_lr0.002_s27,moe_oeo,25,12,0.48,27,24,0.9432468946053557,0.0013647842700498477,2838.710842847824,0.7593085169792175,0.7593085169792175,0.7584385275840759,0.7737531065940857,0.0006072866381146014,0.996744695774782,0.604376695141172,469
moe_oeo_N25_k12_L4_lr0.002_s27,moe_oeo,25,12,0.48,27,25,0.9269345700400605,0.001315926824431198,2956.7997720241547,0.7539893388748169,0.7539893388748169,0.7522753477096558,0.7641196250915527,0.0005776126636192203,0.9966300996203358,0.6039529080533262,470
moe_oeo_N25_k12_L4_lr0.002_s27,moe_oeo,25,12,0.48,27,26,0.9212347605014772,0.0012662308546514955,3074.5058765411377,0.7686170339584351,0.7686170339584351,0.7674056887626648,0.7556734681129456,0.0005430912715382874,0.996624522361793,0.6090023055447186,460
moe_oeo_N25_k12_L4_lr0.002_s27,moe_oeo,25,12,0.48,27,27,0.9112911129276774,0.0012158325739095818,3194.4210937023163,0.7659574747085571,0.7659574151039124,0.7648129463195801,0.751333475112915,0.000483374489704147,0.9965199307402361,0.6101344828654647,462
moe_oeo_N25_k12_L4_lr0.002_s27,moe_oeo,25,12,0.48,27,28,0.9009477290150509,0.0011648701203898287,3312.4670712947845,0.769946813583374,0.7699467539787292,0.768984854221344,0.7474524974822998,0.00048496900126338005,0.9965126674659324,0.6113645077882335,461
moe_oeo_N25_k12_L4_lr0.002_s27,moe_oeo,25,12,0.48,27,29,0.8926255260190191,0.001113483178634977,3430.2487514019012,0.7805851101875305,0.7805851101875305,0.7793633341789246,0.7361000180244446,0.00047727805213071406,0.9963775380785658,0.6162734918006991,459
moe_oeo_N25_k12_L4_lr0.002_s27,moe_oeo,25,12,0.48,27,30,0.8893123627321361,0.0010618125966805143,3548.69895029068,0.7752659320831299,0.7752659320831299,0.7741989493370056,0.738850474357605,0.00047389589599333704,0.9964610532481408,0.6204686639857928,451
moe_oeo_N25_k12_L4_lr0.002_s27,moe_oeo,25,12,0.48,27,31,0.8800825954980502,0.0010100000000000003,3666.3826501369476,0.771276593208313,0.771276593208313,0.769531786441803,0.7276178598403931,0.0004714268143288791,0.9963861200088804,0.6203513897519826,455
moe_oeo_N25_k12_L4_lr0.002_s27,moe_oeo,25,12,0.48,27,32,0.8702181611022993,0.0009581874033194859,3784.5346446037292,0.7779255509376526,0.7779254913330078,0.777094841003418,0.7267006635665894,0.0004465914098545909,0.9963249075598589,0.6209380325767287,453
moe_oeo_N25_k12_L4_lr0.002_s27,moe_oeo,25,12,0.48,27,33,0.8653050469719383,0.0009065168213650232,3902.714851140976,0.769946813583374,0.769946813583374,0.7688575983047485,0.720004141330719,0.00043988984543830156,0.9961292451041736,0.623874855559692,449
moe_oeo_N25_k12_L4_lr0.002_s27,moe_oeo,25,12,0.48,27,34,0.8579323232752275,0.0008551298796101715,4020.2595584392548,0.7765957713127136,0.7765957117080688,0.7756541967391968,0.7197350859642029,0.0004383201012387872,0.9961828268915973,0.623302785698666,453
moe_oeo_N25_k12_L4_lr0.002_s27,moe_oeo,25,12,0.48,27,35,0.8493754252553258,0.0008041674260904182,4138.802079916,0.7765957713127136,0.7765957117080688,0.7755835056304932,0.7228102684020996,0.00042051359196193516,0.9962208129250774,0.6261378096627427,451
moe_oeo_N25_k12_L4_lr0.002_s27,moe_oeo,25,12,0.48,27,36,0.845790734472068,0.0007537691453485046,4256.078746080399,0.7792553305625916,0.7792553305625916,0.7785144448280334,0.7122887969017029,0.00041954393964260817,0.9960092193603044,0.626999675199948,452
moe_oeo_N25_k12_L4_lr0.002_s27,moe_oeo,25,12,0.48,27,37,0.8395068122575816,0.0007040731755688022,4373.782552480698,0.7885638475418091,0.7885637879371643,0.7877838015556335,0.709794819355011,0.00041783598135225475,0.996063085269943,0.629191380562689,451
moe_oeo_N25_k12_L4_lr0.002_s27,moe_oeo,25,12,0.48,27,38,0.8392375757466984,0.0006552157299501527,4491.7045974731445,0.7819148898124695,0.7819148898124695,0.7812150120735168,0.7130393385887146,0.000411572284065187,0.9960360588243358,0.6365931979058286,449
moe_oeo_N25_k12_L4_lr0.002_s27,moe_oeo,25,12,0.48,27,39,0.829667808700642,0.000607330723354958,4609.133013963699,0.7952127456665039,0.7952127456665039,0.7947832942008972,0.7043261528015137,0.0004097416822332889,0.9959849392323902,0.6410433486458719,446
moe_oeo_N25_k12_L4_lr0.002_s27,moe_oeo,25,12,0.48,27,40,0.8260066471823818,0.0005605494052578487,4727.059134244919,0.7965425252914429,0.7965425252914429,0.7955150008201599,0.7059327363967896,0.00040967826498672366,0.995981576712322,0.6502796489879763,446
moe_oeo_N25_k12_L4_lr0.002_s27,moe_oeo,25,12,0.48,27,41,0.8221562017929064,0.0005150000000000003,4844.7303194999695,0.7872340679168701,0.7872340679168701,0.7867749333381653,0.7029244303703308,0.00040660143713466823,0.9958974818625462,0.6514607364118966,443
moe_oeo_N25_k12_L4_lr0.002_s27,moe_oeo,25,12,0.48,27,42,0.8201017959647254,0.00047080735533512353,4963.24818444252,0.7885638475418091,0.7885638475418091,0.7878074049949646,0.7059198617935181,0.0004082463856320828,0.9959811832501253,0.6526340377218507,445
moe_oeo_N25_k12_L4_lr0.002_s27,moe_oeo,25,12,0.48,27,43,0.8123497802372937,0.0004280926002304517,5080.507565736771,0.789893627166748,0.789893627166748,0.7893198132514954,0.7026000618934631,0.0004065631655976176,0.9959031549894178,0.6522416020316341,444
moe_oeo_N25_k12_L4_lr0.002_s27,moe_oeo,25,12,0.48,27,44,0.8098057829285865,0.0003869728128606611,5198.042603731155,0.792553186416626,0.792553186416626,0.7919127345085144,0.7015575170516968,0.00040652239113114774,0.9959098148415685,0.6531484616547988,442
moe_oeo_N25_k12_L4_lr0.002_s27,moe_oeo,25,12,0.48,27,45,0.8056392705229591,0.0003475606997047307,5315.962164640427,0.7872340679168701,0.7872340679168701,0.7864516377449036,0.7005628943443298,0.0004065405810251832,0.9959067490295045,0.652809943521906,445
moe_oeo_N25_k12_L4_lr0.002_s27,moe_oeo,25,12,0.48,27,46,0.8061673600039526,0.0003099642866253181,5434.003266811371,0.791223406791687,0.791223406791687,0.7905721068382263,0.6963496804237366,0.0004055456374771893,0.9959163665027035,0.6532504570682054,441
moe_oeo_N25_k12_L4_lr0.002_s27,moe_oeo,25,12,0.48,27,47,0.8016891671710362,0.0002742866227773799,5551.840406894684,0.7938829660415649,0.7938829660415649,0.7930197715759277,0.6933222413063049,0.0003685143601614982,0.9958812914363169,0.6538066434144635,443
moe_oeo_N25_k12_L4_lr0.002_s27,moe_oeo,25,12,0.48,27,48,0.8029186570821287,0.00024062549815759878,5670.450014829636,0.7992021441459656,0.7992021441459656,0.798585057258606,0.6939594149589539,0.0003683787363115698,0.9958300950824731,0.6540850320033422,442
moe_oeo_N25_k12_L4_lr0.002_s27,moe_oeo,25,12,0.48,27,49,0.800562945607046,0.0002090731755688021,5789.217528104782,0.7965425252914429,0.7965425252914429,0.7957038879394531,0.6881657242774963,0.00036762995296157897,0.9958517466815824,0.6537319814798345,443
moe_oeo_N25_k12_L4_lr0.002_s27,moe_oeo,25,12,0.48,27,50,0.795101158031726,0.00017971613773403027,5907.486772060394,0.791223406791687,0.791223406791687,0.790497362613678,0.6895501613616943,0.00036755058681592345,0.9958235884191712,0.6544946605904801,443
moe_oeo_N25_k12_L4_lr0.002_s27,moe_oeo,25,12,0.48,27,51,0.7946217830322649,0.00015263485025340568,6026.524841547012,0.7952127456665039,0.7952128052711487,0.7944384217262268,0.687503457069397,0.0003673649043776095,0.9958218879289575,0.6546658423456925,442
moe_oeo_N25_k12_L4_lr0.002_s27,moe_oeo,25,12,0.48,27,52,0.7958237550404246,0.00012790354105351589,6144.687615394592,0.7965425252914429,0.7965425252914429,0.7958434224128723,0.68829745054245,0.00036793970502913,0.9958416371858452,0.6541629449661585,443
moe_oeo_N25_k12_L4_lr0.002_s27,moe_oeo,25,12,0.48,27,53,0.7932478953918366,0.00010558999693382504,6262.189543008804,0.7952127456665039,0.7952128052711487,0.7944295406341553,0.689232349395752,0.00036658314638771117,0.9958373663370714,0.6542502272327663,440
moe_oeo_N25_k12_L4_lr0.002_s27,moe_oeo,25,12,0.48,27,54,0.7924599405122946,8.575537776777028e-05,6379.601798534393,0.7938829660415649,0.7938830256462097,0.7931824922561646,0.686100959777832,0.0003662579692900181,0.9958471711710496,0.6547216512585186,440
moe_oeo_N25_k12_L4_lr0.002_s27,moe_oeo,25,12,0.48,27,55,0.7932461499827638,6.845404886779801e-05,6497.435835361481,0.7965425252914429,0.7965425848960876,0.795770525932312,0.6863470077514648,0.0003656592743936926,0.9958424127817888,0.6549251239092373,440
moe_oeo_N25_k12_L4_lr0.002_s27,moe_oeo,25,12,0.48,27,56,0.7938731036501933,5.373343197382237e-05,6614.779002666473,0.7978723645210266,0.7978723645210266,0.7971033453941345,0.686218798160553,0.0003657314518932253,0.9958336056074302,0.6546785101310727,440
moe_oeo_N25_k12_L4_lr0.002_s27,moe_oeo,25,12,0.48,27,57,0.7914301860380119,4.163387527353236e-05,6731.9467968940735,0.7978723645210266,0.7978723645210266,0.7971811890602112,0.6863189935684204,0.00036575173726305366,0.995828648671529,0.654469333031394,440
moe_oeo_N25_k12_L4_lr0.002_s27,moe_oeo,25,12,0.48,27,58,0.7900328004060815,3.218854281081372e-05,6849.40837097168,0.7965425252914429,0.7965425848960876,0.795770525932312,0.6858609318733215,0.00036579088191501796,0.9958290797037652,0.6547085223862342,440
moe_oeo_N25_k12_L4_lr0.002_s27,moe_oeo,25,12,0.48,27,59,0.7929286704692122,2.5423323585409333e-05,6967.5519762039185,0.7978723645210266,0.7978723645210266,0.7971166968345642,0.6862032413482666,0.0003656194603536278,0.9958231495562461,0.6547085223862342,440
moe_oeo_N25_k12_L4_lr0.002_s27,moe_oeo,25,12,0.48,27,60,0.7938943821851794,2.1356760592971906e-05,7084.996477127075,0.7978723645210266,0.7978723645210266,0.7971395254135132,0.6863582730293274,0.000365572894224897,0.9958221149305853,0.6547085223862342,440
moe_oeo_N25_k25_L4_lr0.002_s27,moe_oeo,25,25,1.0,27,1,2.3824491550354927,0.002,117.32419276237488,0.30319148302078247,0.30319148302078247,0.25283563137054443,1.9037039279937744,0.005472192075103521,0.99941573704202,0.0,1
moe_oeo_N25_k25_L4_lr0.002_s27,moe_oeo,25,25,1.0,27,2,1.9126431234180927,0.001998643239407028,234.44767498970032,0.35638296604156494,0.35638296604156494,0.30210089683532715,1.629525065422058,0.004772854503244162,0.9987143916647149,0.0,1
moe_oeo_N25_k25_L4_lr0.002_s27,moe_oeo,25,25,1.0,27,3,1.725299916498057,0.0019945766764145906,352.2307505607605,0.40026596188545227,0.40026599168777466,0.3416719436645508,1.4968764781951904,0.00441719638183713,0.9981138078316669,0.0,1
moe_oeo_N25_k25_L4_lr0.002_s27,moe_oeo,25,25,1.0,27,4,1.6226973764462287,0.0019878114571891866,470.9535105228424,0.42553192377090454,0.42553192377090454,0.3812923729419708,1.4011250734329224,0.0043226247653365135,0.9977991082722529,0.0,1
moe_oeo_N25_k25_L4_lr0.002_s27,moe_oeo,25,25,1.0,27,5,1.528978523972644,0.0019783661247264675,588.9450371265411,0.46675533056259155,0.46675533056259155,0.44268161058425903,1.3376134634017944,0.004442228469997644,0.9977280718576319,0.0,1
moe_oeo_N25_k25_L4_lr0.002_s27,moe_oeo,25,25,1.0,27,6,1.4622369865678488,0.0019662665680261777,707.2187595367432,0.48404255509376526,0.48404252529144287,0.4723469018936157,1.2829904556274414,0.004530802834779024,0.9976439436667803,0.0,1
moe_oeo_N25_k25_L4_lr0.002_s27,moe_oeo,25,25,1.0,27,7,1.4205518737265237,0.0019515459511322021,825.9757046699524,0.5186170339584351,0.5186170339584351,0.5097844004631042,1.2392551898956299,0.004786577541381121,0.9976633851855106,0.0,1
moe_oeo_N25_k25_L4_lr0.002_s27,moe_oeo,25,25,1.0,27,8,1.3580309909738635,0.0019342446222322296,943.8134138584137,0.5345744490623474,0.5345744490623474,0.5286141037940979,1.1970139741897583,0.00494886189699173,0.9977165614923778,0.0,1
moe_oeo_N25_k25_L4_lr0.002_s27,moe_oeo,25,25,1.0,27,9,1.320974400564688,0.0019144100030661748,1061.7191214561462,0.5664893388748169,0.5664893984794617,0.5577778220176697,1.161811351776123,0.005264350213110447,0.9977538820822771,0.0,1
moe_oeo_N25_k25_L4_lr0.002_s27,moe_oeo,25,25,1.0,27,10,1.2819902807916408,0.0018920964589464841,1179.8221480846405,0.5917553305625916,0.5917553305625916,0.583901047706604,1.1283355951309204,0.005421065259724855,0.9976494320943137,0.0,1
moe_oeo_N25_k25_L4_lr0.002_s27,moe_oeo,25,25,1.0,27,11,1.2393929899487321,0.0018673651497465944,1297.718817949295,0.6103723645210266,0.6103723645210266,0.6017953157424927,1.0920864343643188,0.005556182004511356,0.9976795675801539,0.0,1
moe_oeo_N25_k25_L4_lr0.002_s27,moe_oeo,25,25,1.0,27,12,1.2129716924285372,0.0018402838622659698,1415.7889230251312,0.626329779624939,0.626329779624939,0.6171950697898865,1.0625663995742798,0.005580600816756487,0.9976681477072619,0.0,1
moe_oeo_N25_k25_L4_lr0.002_s27,moe_oeo,25,25,1.0,27,13,1.1827829365350613,0.001810926824431198,1533.8631265163422,0.6436170339584351,0.6436170339584351,0.6336387991905212,1.0325331687927246,0.00557115999981761,0.9976192279123661,0.0,1
moe_oeo_N25_k25_L4_lr0.002_s27,moe_oeo,25,25,1.0,27,14,1.154401419207998,0.0017793745018424012,1652.2739629745483,0.646276593208313,0.646276593208313,0.6357454657554626,1.011742353439331,0.005397288128733635,0.9974589401625004,0.0,1
moe_oeo_N25_k25_L4_lr0.002_s27,moe_oeo,25,25,1.0,27,15,1.1274698696367136,0.0017457133772226204,1771.0448842048645,0.6422872543334961,0.6422872543334961,0.6319831609725952,0.9849060773849487,0.005321507807821035,0.9973817482254596,0.0,1
moe_oeo_N25_k25_L4_lr0.002_s27,moe_oeo,25,25,1.0,27,16,1.1044227476295543,0.001710035713374682,1891.3576261997223,0.6489361524581909,0.6489362120628357,0.6387433409690857,0.9623491168022156,0.005251748021692038,0.9975692745511286,0.0,1
moe_oeo_N25_k25_L4_lr0.002_s27,moe_oeo,25,25,1.0,27,17,1.0757642907332885,0.0016724393002952695,2010.4516537189484,0.6569148898124695,0.6569148898124695,0.6481096744537354,0.9444150328636169,0.004917982500046492,0.9973502161705113,0.0,1
moe_oeo_N25_k25_L4_lr0.002_s27,moe_oeo,25,25,1.0,27,18,1.0585037438139386,0.0016330271871393392,2129.0433909893036,0.6688829660415649,0.6688829660415649,0.6589811444282532,0.9273539781570435,0.005000789649784565,0.9973770153050846,0.0,1
moe_oeo_N25_k25_L4_lr0.002_s27,moe_oeo,25,25,1.0,27,19,1.038022194091724,0.0015919073997695485,2247.207283973694,0.6728723645210266,0.6728723645210266,0.6641701459884644,0.9114122986793518,0.004672609269618988,0.9972824668789078,0.0,1
moe_oeo_N25_k25_L4_lr0.002_s27,moe_oeo,25,25,1.0,27,20,1.0217402046588866,0.001549192644664877,2365.674934387207,0.6755319237709045,0.6755319237709045,0.6648398041725159,0.889769971370697,0.004764181561768055,0.9973612755663178,0.0,1
moe_oeo_N25_k25_L4_lr0.002_s27,moe_oeo,25,25,1.0,27,21,0.9988943957574835,0.0015049999999999998,2485.3159873485565,0.6755319237709045,0.6755319237709045,0.6660587787628174,0.8708608746528625,0.004520570859313011,0.9972922248199785,0.0,1
moe_oeo_N25_k25_L4_lr0.002_s27,moe_oeo,25,25,1.0,27,22,0.9834757946159469,0.0014594505947421513,2603.8931045532227,0.6914893388748169,0.6914893388748169,0.6848246455192566,0.8551508188247681,0.00423814682289958,0.9972298481535689,0.0,1
moe_oeo_N25_k25_L4_lr0.002_s27,moe_oeo,25,25,1.0,27,23,0.9671247990708373,0.0014126692766450425,2726.0117774009705,0.6875,0.6875,0.6799660921096802,0.846851110458374,0.004159081261605024,0.9972420710775471,0.0,1
moe_oeo_N25_k25_L4_lr0.002_s27,moe_oeo,25,25,1.0,27,24,0.9617099624603442,0.0013647842700498477,2845.1718747615814,0.688829779624939,0.688829779624939,0.6824983358383179,0.8326159119606018,0.004121197387576103,0.9971424820141898,0.0,1
moe_oeo_N25_k25_L4_lr0.002_s27,moe_oeo,25,25,1.0,27,25,0.939305210324455,0.001315926824431198,2964.0015094280243,0.7047872543334961,0.7047872543334961,0.6993951201438904,0.8247349858283997,0.003849399508908391,0.9970913128147824,0.0,1
moe_oeo_N25_k25_L4_lr0.002_s27,moe_oeo,25,25,1.0,27,26,0.9261971301650076,0.0012662308546514955,3081.6135981082916,0.7061170339584351,0.7061170339584351,0.7010592222213745,0.8169545531272888,0.0038235606625676155,0.9970805786276995,0.0,1
moe_oeo_N25_k25_L4_lr0.002_s27,moe_oeo,25,25,1.0,27,27,0.9170480960869489,0.0012158325739095818,3202.3952543735504,0.7127659320831299,0.7127659916877747,0.7074850797653198,0.8002822399139404,0.003652930958196521,0.9970053289111211,0.0,1
moe_oeo_N25_k25_L4_lr0.002_s27,moe_oeo,25,25,1.0,27,28,0.9029267621417977,0.0011648701203898287,3322.7407491207123,0.707446813583374,0.707446813583374,0.7040871977806091,0.7945148348808289,0.0036782973911613226,0.9970155582861245,0.0,1
moe_oeo_N25_k25_L4_lr0.002_s27,moe_oeo,25,25,1.0,27,29,0.8918444290757179,0.001113483178634977,3441.624046564102,0.708776593208313,0.708776593208313,0.7056560516357422,0.7839982509613037,0.0035001046489924192,0.9969430905790738,0.0,1
moe_oeo_N25_k25_L4_lr0.002_s27,moe_oeo,25,25,1.0,27,30,0.8778172579921408,0.0010618125966805143,3561.225030899048,0.7154255509376526,0.7154254913330078,0.7124802470207214,0.7801701426506042,0.003335069166496396,0.9969127582333824,0.0,1
moe_oeo_N25_k25_L4_lr0.002_s27,moe_oeo,25,25,1.0,27,31,0.8751086591058261,0.0010100000000000003,3679.3406553268433,0.7154255509376526,0.7154255509376526,0.7127718925476074,0.7712932229042053,0.003365772310644388,0.9969224285393836,0.0,1
moe_oeo_N25_k25_L4_lr0.002_s27,moe_oeo,25,25,1.0,27,32,0.8638979813347668,0.0009581874033194859,3798.4608550071716,0.7167553305625916,0.7167553305625916,0.7148955464363098,0.7631163597106934,0.003372502513229847,0.9968518063722169,0.0,1
moe_oeo_N25_k25_L4_lr0.002_s27,moe_oeo,25,25,1.0,27,33,0.8510388440482285,0.0009065168213650232,3917.023536682129,0.7180851101875305,0.7180851101875305,0.7160458564758301,0.7571022510528564,0.0032359224278479815,0.9968291544029328,0.0,1
moe_oeo_N25_k25_L4_lr0.002_s27,moe_oeo,25,25,1.0,27,34,0.8483903374795092,0.0008551298796101715,4034.7381377220154,0.7260638475418091,0.7260638475418091,0.7238147854804993,0.7496355772018433,0.003294354071840644,0.9967989655835514,0.0,1
moe_oeo_N25_k25_L4_lr0.002_s27,moe_oeo,25,25,1.0,27,35,0.831772149374632,0.0008041674260904182,4152.896996974945,0.7220744490623474,0.7220745086669922,0.7194244861602783,0.7499918341636658,0.00320452731102705,0.9968146376502454,0.0,1
moe_oeo_N25_k25_L4_lr0.002_s27,moe_oeo,25,25,1.0,27,36,0.8291727586492011,0.0007537691453485046,4274.304923295975,0.7260638475418091,0.7260638475418091,0.7231751680374146,0.7399827241897583,0.003189043840393424,0.9967756613965977,0.0,1
moe_oeo_N25_k25_L4_lr0.002_s27,moe_oeo,25,25,1.0,27,37,0.8224965591221776,0.0007040731755688022,4396.960629224777,0.7327127456665039,0.7327128052711487,0.7304284572601318,0.7353466153144836,0.0031457350123673677,0.9967614507309362,0.0,1
moe_oeo_N25_k25_L4_lr0.002_s27,moe_oeo,25,25,1.0,27,38,0.8187016878855419,0.0006552157299501527,4517.795584440231,0.7247340679168701,0.7247340679168701,0.7238627076148987,0.7353192567825317,0.003042144002392888,0.9967321257475203,0.0,1
moe_oeo_N25_k25_L4_lr0.002_s27,moe_oeo,25,25,1.0,27,39,0.8062399760501026,0.000607330723354958,4637.435618877411,0.7340425252914429,0.7340425848960876,0.7319809198379517,0.728502631187439,0.0030699740163981915,0.9967536810167378,0.0,1
moe_oeo_N25_k25_L4_lr0.002_s27,moe_oeo,25,25,1.0,27,40,0.8074964406606677,0.0005605494052578487,4755.912220478058,0.7340425252914429,0.7340425848960876,0.7318344116210938,0.7239713072776794,0.0030424550641328096,0.9967410650710965,0.0,1
moe_oeo_N25_k25_L4_lr0.002_s27,moe_oeo,25,25,1.0,27,41,0.7987362199875454,0.0005150000000000003,4874.698773622513,0.7367021441459656,0.7367021441459656,0.7348695993423462,0.7195346355438232,0.0030349090229719877,0.9967391665145352,0.0,1
moe_oeo_N25_k25_L4_lr0.002_s27,moe_oeo,25,25,1.0,27,42,0.793750544389089,0.00047080735533512353,4993.4282212257385,0.7367021441459656,0.7367021441459656,0.7344443798065186,0.7215864658355713,0.003104283707216382,0.9967348733227198,0.0,1
moe_oeo_N25_k25_L4_lr0.002_s27,moe_oeo,25,25,1.0,27,43,0.7891321344445693,0.0004280926002304517,5111.016069889069,0.7367021441459656,0.7367021441459656,0.7347098588943481,0.7220286130905151,0.002999127609655261,0.9966954896480793,0.0,1
moe_oeo_N25_k25_L4_lr0.002_s27,moe_oeo,25,25,1.0,27,44,0.7854736769937625,0.0003869728128606611,5227.0985271930695,0.7380319237709045,0.7380319237709045,0.7362774610519409,0.7175675630569458,0.003007440594956279,0.9966832275706811,0.0,1
moe_oeo_N25_k25_L4_lr0.002_s27,moe_oeo,25,25,1.0,27,45,0.7741568507669179,0.0003475606997047307,5344.487934589386,0.7406914830207825,0.7406914830207825,0.7388479709625244,0.7158578634262085,0.0029650426004081964,0.9966715195218716,0.0,1
moe_oeo_N25_k25_L4_lr0.002_s27,moe_oeo,25,25,1.0,27,46,0.7759007476440304,0.0003099642866253181,5462.787225961685,0.7380319237709045,0.7380319237709045,0.7360252141952515,0.7123150825500488,0.0029974966309964657,0.9966780805243162,0.0,1
moe_oeo_N25_k25_L4_lr0.002_s27,moe_oeo,25,25,1.0,27,47,0.7818150190066665,0.0002742866227773799,5581.326696157455,0.7433510422706604,0.7433510422706604,0.741611123085022,0.7093313336372375,0.0029877088963985443,0.9966745463736219,0.0,1
moe_oeo_N25_k25_L4_lr0.002_s27,moe_oeo,25,25,1.0,27,48,0.7694888449780065,0.00024062549815759878,5701.797448158264,0.7446808218955994,0.7446808815002441,0.7425953149795532,0.7097373008728027,0.0029226872138679028,0.9966414225305223,0.0,1
moe_oeo_N25_k25_L4_lr0.002_s27,moe_oeo,25,25,1.0,27,49,0.7744962415364507,0.0002090731755688021,5818.18462729454,0.7433510422706604,0.7433510422706604,0.7413017749786377,0.7065816521644592,0.0029659271240234375,0.9966649657570843,0.0,1
moe_oeo_N25_k25_L4_lr0.002_s27,moe_oeo,25,25,1.0,27,50,0.7653839922165626,0.00017971613773403027,5937.789340496063,0.7473404407501221,0.7473404407501221,0.7453200221061707,0.7059129476547241,0.0029550588224083185,0.9966643416875883,0.0,1
moe_oeo_N25_k25_L4_lr0.002_s27,moe_oeo,25,25,1.0,27,51,0.7657224886187407,0.00015263485025340568,6055.490832090378,0.7460106611251831,0.7460106611251831,0.744075357913971,0.7036541700363159,0.002948251785710454,0.9966562320917896,0.0,1
moe_oeo_N25_k25_L4_lr0.002_s27,moe_oeo,25,25,1.0,27,52,0.7683815817565542,0.00012790354105351589,6172.7848291397095,0.7446808218955994,0.7446808815002441,0.7427223920822144,0.7032999992370605,0.0029574173968285322,0.9966578926290606,0.0,1
moe_oeo_N25_k25_L4_lr0.002_s27,moe_oeo,25,25,1.0,27,53,0.7675569734650932,0.00010558999693382504,6293.262102127075,0.7433510422706604,0.7433511018753052,0.7413446307182312,0.7043079733848572,0.002982116537168622,0.9966563642312284,0.0,1
moe_oeo_N25_k25_L4_lr0.002_s27,moe_oeo,25,25,1.0,27,54,0.7631382539136905,8.575537776777028e-05,6409.802660226822,0.7460106611251831,0.7460106611251831,0.7441094517707825,0.7027458548545837,0.0029631275683641434,0.9966553733652611,0.0,1
moe_oeo_N25_k25_L4_lr0.002_s27,moe_oeo,25,25,1.0,27,55,0.7642277050082951,6.845404886779801e-05,6526.819569349289,0.7433510422706604,0.7433511018753052,0.7414395213127136,0.702968418598175,0.00295511563308537,0.99665521011162,0.0,1
moe_oeo_N25_k25_L4_lr0.002_s27,moe_oeo,25,25,1.0,27,56,0.7617530163343502,5.373343197382237e-05,6644.888228178024,0.7460106611251831,0.7460106611251831,0.7440167665481567,0.7027989625930786,0.0029682458844035864,0.9966533753397728,0.0,1
moe_oeo_N25_k25_L4_lr0.002_s27,moe_oeo,25,25,1.0,27,57,0.7666845880108609,4.163387527353236e-05,6761.337676048279,0.7446808218955994,0.7446808815002441,0.7427061200141907,0.7026367783546448,0.0029568257741630077,0.9966495408559957,0.0,1
moe_oeo_N25_k25_L4_lr0.002_s27,moe_oeo,25,25,1.0,27,58,0.7634055555870408,3.218854281081372e-05,6879.715876340866,0.7446808218955994,0.7446808815002441,0.7426753640174866,0.7021949887275696,0.002966998377814889,0.9966516345331188,0.0,1
moe_oeo_N25_k25_L4_lr0.002_s27,moe_oeo,25,25,1.0,27,59,0.7636571894208454,2.5423323585409333e-05,6998.344378232956,0.7433510422706604,0.7433511018753052,0.7413695454597473,0.7021468877792358,0.0029628349002450705,0.9966504580060768,0.0,1
moe_oeo_N25_k25_L4_lr0.002_s27,moe_oeo,25,25,1.0,27,60,0.7587378848701307,2.1356760592971906e-05,7115.780438661575,0.7433510422706604,0.7433511018753052,0.7413132786750793,0.7021037936210632,0.0029616800602525473,0.9966491393065695,0.0,1
moe_oeo_N49_k1_L4_lr0.002_s27,moe_oeo,49,1,0.02040816326530612,27,1,2.4061880894175403,0.002,435.44644951820374,0.07845744490623474,0.07845744490623474,0.06223713606595993,5.43630838394165,1.923822310345713e-05,0.9996539698669656,2.4011465607842157,41
moe_oeo_N49_k1_L4_lr0.002_s27,moe_oeo,49,1,0.02040816326530612,27,2,1.945375571171987,0.001998643239407028,872.5449767112732,0.11037234216928482,0.11037233471870422,0.07465266436338425,5.451278209686279,9.710311860544607e-05,0.9995348619204198,3.785293033340625,36
moe_oeo_N49_k1_L4_lr0.002_s27,moe_oeo,49,1,0.02040816326530612,27,3,1.7434776870355213,0.0019945766764145906,1309.7457447052002,0.12632979452610016,0.12632979452610016,0.06940524280071259,4.991962909698486,0.0002299296174896881,0.9993712929115436,4.653576659935908,30
moe_oeo_N49_k1_L4_lr0.002_s27,moe_oeo,49,1,0.02040816326530612,27,4,1.6404696651415465,0.0019878114571891866,1749.3974921703339,0.14361701905727386,0.14361703395843506,0.07812006771564484,4.694340229034424,0.0003713698824867606,0.9992657191682929,4.8357251686554665,29
moe_oeo_N49_k1_L4_lr0.002_s27,moe_oeo,49,1,0.02040816326530612,27,5,1.546848794011629,0.0019783661247264675,2189.2720963954926,0.15558511018753052,0.15558511018753052,0.08637810498476028,4.461266994476318,0.00047678465489298105,0.9991727260512288,4.972479713841011,27
moe_oeo_N49_k1_L4_lr0.002_s27,moe_oeo,49,1,0.02040816326530612,27,6,2.179699090109568,0.0019662665680261777,2625.811928510666,0.3577127754688263,0.3577127754688263,0.29830506443977356,1.6059813499450684,0.0003190526331309229,0.9991807725276697,5.002535114215603,28
moe_oeo_N49_k1_L4_lr0.002_s27,moe_oeo,49,1,0.02040816326530612,27,7,1.7436340477096435,0.0019515459511322021,3062.382087469101,0.42952126264572144,0.4295212924480438,0.38958609104156494,1.4316153526306152,0.00027692128787748516,0.9991868211941748,4.993311911459837,28
moe_oeo_N49_k1_L4_lr0.002_s27,moe_oeo,49,1,0.02040816326530612,27,8,1.6329782290137522,0.0019342446222322296,3498.337802171707,0.4441489279270172,0.4441489577293396,0.4218556582927704,1.3664984703063965,0.0002687572268769145,0.9991935243136415,4.951367416604738,29
moe_oeo_N49_k1_L4_lr0.002_s27,moe_oeo,49,1,0.02040816326530612,27,9,1.5830447893232515,0.0019144100030661748,3935.689759492874,0.4654255211353302,0.4654255211353302,0.43113821744918823,1.3098266124725342,0.0002385997649980709,0.9992008935625578,4.927386932168018,29
moe_oeo_N49_k1_L4_lr0.002_s27,moe_oeo,49,1,0.02040816326530612,27,10,1.5331132656226965,0.0018920964589464841,4371.635532140732,0.5252659320831299,0.5252659916877747,0.5002041459083557,1.2757536172866821,0.00022315760725177824,0.9992092083463275,4.887766826539396,29
moe_oeo_N49_k1_L4_lr0.002_s27,moe_oeo,49,1,0.02040816326530612,27,11,1.5081398190768887,0.0018673651497465944,4808.474023103714,0.5345744490623474,0.5345744490623474,0.5074933171272278,1.234660267829895,0.00020942064293194562,0.9992179708972244,4.84859137490111,29
moe_oeo_N49_k1_L4_lr0.002_s27,moe_oeo,49,1,0.02040816326530612,27,12,1.4816319032074654,0.0018402838622659698,5245.1919486522675,0.5478723645210266,0.5478723049163818,0.5308814644813538,1.2113419771194458,0.00020078087982255965,0.9992272170768791,4.8401848103794345,29
moe_oeo_N49_k1_L4_lr0.002_s27,moe_oeo,49,1,0.02040816326530612,27,13,1.4581147819485294,0.001810926824431198,5683.721214532852,0.5797872543334961,0.5797872543334961,0.5514496564865112,1.1943005323410034,0.00019045644148718566,0.9992370402931406,4.782030267718496,29
moe_oeo_N49_k1_L4_lr0.002_s27,moe_oeo,49,1,0.02040816326530612,27,14,1.440753255396673,0.0017793745018424012,6119.364556312561,0.5718085169792175,0.5718085169792175,0.5514282584190369,1.17467200756073,0.0001733679964672774,0.9992477213928314,4.736423220389558,29
moe_oeo_N49_k1_L4_lr0.002_s27,moe_oeo,49,1,0.02040816326530612,27,15,1.4092797288951808,0.0017457133772226204,6556.1062042713165,0.5877659320831299,0.5877659916877747,0.5634539723396301,1.1517703533172607,0.00016339661669917405,0.9992589209657298,4.712746467364843,29
moe_oeo_N49_k1_L4_lr0.002_s27,moe_oeo,49,1,0.02040816326530612,27,16,1.3912648685514655,0.001710035713374682,6991.510635375977,0.561170220375061,0.561170220375061,0.5415389537811279,1.1470330953598022,0.00016109758871607482,0.9992706832557984,4.672493123213076,29
moe_oeo_N49_k1_L4_lr0.002_s27,moe_oeo,49,1,0.02040816326530612,27,17,1.3958995156160228,0.0016724393002952695,7426.9333600997925,0.6010638475418091,0.6010638475418091,0.579039454460144,1.1218734979629517,0.00015216924657579511,0.9992829132622065,4.624888327773174,30
moe_oeo_N49_k1_L4_lr0.002_s27,moe_oeo,49,1,0.02040816326530612,27,18,1.3666775020086057,0.0016330271871393392,7863.442270278931,0.5678191781044006,0.5678191781044006,0.5492803454399109,1.129502773284912,0.00014708575326949358,0.9992955948347331,4.594323904209401,30
moe_oeo_N49_k1_L4_lr0.002_s27,moe_oeo,49,1,0.02040816326530612,27,19,1.3603290186591073,0.0015919073997695485,8301.72197318077,0.5957446694374084,0.5957446694374084,0.5810055732727051,1.1048578023910522,0.00013831164687871933,0.9993087426612565,4.5141104756588755,30
moe_oeo_N49_k1_L4_lr0.002_s27,moe_oeo,49,1,0.02040816326530612,27,20,1.3440299336904804,0.001549192644664877,8740.122866392136,0.6077127456665039,0.6077127456665039,0.5928106904029846,1.0938138961791992,0.00013383607438299805,0.9993216399164108,4.453683125954755,30
moe_oeo_N49_k1_L4_lr0.002_s27,moe_oeo,49,1,0.02040816326530612,27,21,1.3335734196007252,0.0015049999999999998,9177.632948637009,0.6077127456665039,0.6077128052711487,0.5932837724685669,1.0967025756835938,0.00013150880113244057,0.999335129640077,4.381818618794294,31
moe_oeo_N49_k1_L4_lr0.002_s27,moe_oeo,49,1,0.02040816326530612,27,22,1.3377604906247358,0.0014594505947421513,9616.214910507202,0.6103723645210266,0.6103723049163818,0.5952950716018677,1.0837582349777222,0.00012654776219278574,0.9993494330289151,4.289366422855117,31
moe_oeo_N49_k1_L4_lr0.002_s27,moe_oeo,49,1,0.02040816326530612,27,23,1.325433781498099,0.0014126692766450425,10052.388664007187,0.6303191781044006,0.6303191781044006,0.6172894239425659,1.0829638242721558,0.0001209356269100681,0.9993632083873459,4.221828780045679,31
moe_oeo_N49_k1_L4_lr0.002_s27,moe_oeo,49,1,0.02040816326530612,27,24,1.3198446490074673,0.0013647842700498477,10489.06100845337,0.5917553305625916,0.5917552709579468,0.575728178024292,1.0897608995437622,0.00011843951506307349,0.9993780824523506,4.139882072483235,31
moe_oeo_N49_k1_L4_lr0.002_s27,moe_oeo,49,1,0.02040816326530612,27,25,1.316181371796485,0.001315926824431198,10924.349590539932,0.5957446694374084,0.5957446694374084,0.5802603363990784,1.0821033716201782,0.00011514247307786718,0.9993930076757942,4.047533796779267,32
moe_oeo_N49_k1_L4_lr0.002_s27,moe_oeo,49,1,0.02040816326530612,27,26,1.306686807015579,0.0012662308546514955,11362.95728969574,0.6090425252914429,0.6090425252914429,0.5965483784675598,1.0775094032287598,0.00011306233500363305,0.9994068033629206,3.9510993303438675,34
moe_oeo_N49_k1_L4_lr0.002_s27,moe_oeo,49,1,0.02040816326530612,27,27,1.3166962465330891,0.0012158325739095818,11799.834476470947,0.6090425252914429,0.6090425252914429,0.5954316854476929,1.0756393671035767,0.00010558919893810526,0.9994220086349562,3.826885973269723,35
moe_oeo_N49_k1_L4_lr0.002_s27,moe_oeo,49,1,0.02040816326530612,27,28,1.3049053363161816,0.0011648701203898287,12240.03532409668,0.6103723645210266,0.6103723049163818,0.5985230803489685,1.07937753200531,0.00010278098488925025,0.9994357348097649,3.7542863573132346,36
moe_oeo_N49_k1_L4_lr0.002_s27,moe_oeo,49,1,0.02040816326530612,27,29,1.3029130767673662,0.001113483178634977,12677.192278862,0.6010638475418091,0.6010637879371643,0.588502049446106,1.0814019441604614,9.852647053776309e-05,0.9994491491595853,3.672264693383606,36
moe_oeo_N49_k1_L4_lr0.002_s27,moe_oeo,49,1,0.02040816326530612,27,30,1.3186177567974344,0.0010618125966805143,13113.949850082397,0.6090425252914429,0.6090425252914429,0.5979089140892029,1.0769023895263672,9.573141142027453e-05,0.9994624290063101,3.6139937943474556,36
moe_oeo_N49_k1_L4_lr0.002_s27,moe_oeo,49,1,0.02040816326530612,27,31,1.306662080324676,0.0010100000000000003,13550.849145889282,0.5984042286872864,0.5984042286872864,0.5873731374740601,1.083189606666565,9.712507744552568e-05,0.999476922509028,3.534306783838448,36
moe_oeo_N49_k1_L4_lr0.002_s27,moe_oeo,49,1,0.02040816326530612,27,32,1.2936312292604686,0.0009581874033194859,13986.63860654831,0.5957446694374084,0.5957446694374084,0.5870351791381836,1.078144907951355,9.017319098347798e-05,0.9994921058481658,3.4439866792803673,36
moe_oeo_N49_k1_L4_lr0.002_s27,moe_oeo,49,1,0.02040816326530612,27,33,1.297782275196352,0.0009065168213650232,14420.764750957489,0.5930851101875305,0.5930850505828857,0.5812493562698364,1.0916396379470825,8.61871667439118e-05,0.9995064440465745,3.3056499116545117,36
moe_oeo_N49_k1_L4_lr0.002_s27,moe_oeo,49,1,0.02040816326530612,27,34,1.3056044904812831,0.0008551298796101715,14856.90592622757,0.5957446694374084,0.5957446694374084,0.5859208106994629,1.100056529045105,8.340750355273485e-05,0.9995206184678967,3.165072991503665,36
moe_oeo_N49_k1_L4_lr0.002_s27,moe_oeo,49,1,0.02040816326530612,27,35,1.3026167124033519,0.0008041674260904182,15291.356841802597,0.603723406791687,0.603723406791687,0.5932192206382751,1.0909684896469116,8.189489744836465e-05,0.9995331576969361,3.0958194889504855,38
moe_oeo_N49_k1_L4_lr0.002_s27,moe_oeo,49,1,0.02040816326530612,27,36,1.3235405495381791,0.0007537691453485046,15730.48762178421,0.5704787373542786,0.5704786777496338,0.5642016530036926,1.1450598239898682,7.782003376632929e-05,0.9995460278487917,2.995737094218385,38
moe_oeo_N49_k1_L4_lr0.002_s27,moe_oeo,49,1,0.02040816326530612,27,37,1.3904003818013353,0.0007040731755688022,16169.757200479507,0.5531914830207825,0.5531914830207825,0.5482070446014404,1.1763381958007812,7.80125119490549e-05,0.9995579169275453,2.9006894100085363,40
moe_oeo_N49_k1_L4_lr0.002_s27,moe_oeo,49,1,0.02040816326530612,27,38,1.4004181752398135,0.0006552157299501527,16609.480358362198,0.5784574747085571,0.5784574747085571,0.5674407482147217,1.1771941184997559,7.553165050921962e-05,0.9995698317582706,2.8860452029130412,40
moe_oeo_N49_k1_L4_lr0.002_s27,moe_oeo,49,1,0.02040816326530612,27,39,1.3924227504051168,0.000607330723354958,17049.254429340363,0.5651595592498779,0.5651595592498779,0.558349609375,1.1725118160247803,7.143963739508763e-05,0.999581941979854,2.808751181815565,40
moe_oeo_N49_k1_L4_lr0.002_s27,moe_oeo,49,1,0.02040816326530612,27,40,1.395474612933996,0.0005605494052578487,17488.493676662445,0.5585106611251831,0.5585106015205383,0.5556582808494568,1.183215856552124,6.995678995735943e-05,0.999593657722574,2.731427002961606,40
moe_oeo_N49_k1_L4_lr0.002_s27,moe_oeo,49,1,0.02040816326530612,27,41,1.4277835230100644,0.0005150000000000003,17925.516676425934,0.521276593208313,0.521276593208313,0.5216383934020996,1.222947597503662,6.778287934139371e-05,0.9996044482792978,2.5554719014843323,40
moe_oeo_N49_k1_L4_lr0.002_s27,moe_oeo,49,1,0.02040816326530612,27,42,1.4023561731116956,0.00047080735533512353,18360.00879883766,0.5545212626457214,0.5545213222503662,0.5476462841033936,1.1739081144332886,6.667436537100002e-05,0.9996162522299245,2.4859667857312315,40
moe_oeo_N49_k1_L4_lr0.002_s27,moe_oeo,49,1,0.02040816326530612,27,43,1.397418839440226,0.0004280926002304517,18794.40685081482,0.5731382966041565,0.5731383562088013,0.5670595765113831,1.1540863513946533,6.563220085809007e-05,0.9996259215160589,2.526040643289774,40
moe_oeo_N49_k1_L4_lr0.002_s27,moe_oeo,49,1,0.02040816326530612,27,44,1.400714453037607,0.0003869728128606611,19231.132565021515,0.521276593208313,0.521276593208313,0.5207241773605347,1.1702020168304443,6.660155486315489e-05,0.9996364151461558,2.4695656019660066,40
moe_oeo_N49_k1_L4_lr0.002_s27,moe_oeo,49,1,0.02040816326530612,27,45,1.3894254557414143,0.0003475606997047307,19667.3487303257,0.5545212626457214,0.5545212626457214,0.5418305993080139,1.1573148965835571,6.546193617396057e-05,0.9996441978803496,2.454643878008732,40
moe_oeo_N49_k1_L4_lr0.002_s27,moe_oeo,49,1,0.02040816326530612,27,46,1.3719182625991297,0.0003099642866253181,20105.456637382507,0.563829779624939,0.563829779624939,0.5591744780540466,1.1564240455627441,6.65141487843357e-05,0.9996525241811182,2.440980171964837,40
moe_oeo_N49_k1_L4_lr0.002_s27,moe_oeo,49,1,0.02040816326530612,27,47,1.366798612284878,0.0002742866227773799,20540.811564683914,0.5558510422706604,0.5558511018753052,0.5477591156959534,1.156813144683838,6.785639561712742e-05,0.9996597891256526,2.433834710897339,40
moe_oeo_N49_k1_L4_lr0.002_s27,moe_oeo,49,1,0.02040816326530612,27,48,1.3835318810285226,0.00024062549815759878,20976.344635486603,0.5664893388748169,0.5664893984794617,0.5590363144874573,1.1538166999816895,6.517804285977036e-05,0.9996673674447999,2.4227731420806364,40
moe_oeo_N49_k1_L4_lr0.002_s27,moe_oeo,49,1,0.02040816326530612,27,49,1.3791950568896996,0.0002090731755688021,21412.395738840103,0.5505319237709045,0.5505319237709045,0.5407111644744873,1.1529412269592285,6.32191076874733e-05,0.9996740587315468,2.398655311887269,40
moe_oeo_N49_k1_L4_lr0.002_s27,moe_oeo,49,1,0.02040816326530612,27,50,1.3699566692147898,0.00017971613773403027,21849.91449856758,0.5452127456665039,0.5452127456665039,0.5371943712234497,1.152984857559204,6.086961002438329e-05,0.9996791917384492,2.3608978383053474,40
moe_oeo_N49_k1_L4_lr0.002_s27,moe_oeo,49,1,0.02040816326530612,27,51,1.3717717952243813,0.00015263485025340568,22289.78076863289,0.5438829660415649,0.5438829660415649,0.5379678010940552,1.1549535989761353,6.139629840618e-05,0.9996860056203054,2.3384027280441213,40
moe_oeo_N49_k1_L4_lr0.002_s27,moe_oeo,49,1,0.02040816326530612,27,52,1.3640304584413359,0.00012790354105351589,22729.292519807816,0.5531914830207825,0.5531914830207825,0.5459787845611572,1.155501365661621,5.95649253227748e-05,0.9996912948152419,2.336512215694473,40
moe_oeo_N49_k1_L4_lr0.002_s27,moe_oeo,49,1,0.02040816326530612,27,53,1.371423275928655,0.00010558999693382504,23169.54451060295,0.5452127456665039,0.5452127456665039,0.5376617908477783,1.156361699104309,5.9540634538279846e-05,0.9996958965170984,2.3362155209813578,40
moe_oeo_N49_k1_L4_lr0.002_s27,moe_oeo,49,1,0.02040816326530612,27,54,1.384748346593282,8.575537776777028e-05,23608.081868171692,0.5438829660415649,0.5438829660415649,0.5365907549858093,1.1591156721115112,5.997753032715991e-05,0.9996989036944253,2.3287486861207074,40
moe_oeo_N49_k1_L4_lr0.002_s27,moe_oeo,49,1,0.02040816326530612,27,55,1.3744271280898896,6.845404886779801e-05,24046.110512971878,0.542553186416626,0.542553186416626,0.535508930683136,1.1652617454528809,5.750830678152852e-05,0.9997019728447538,2.279523010634949,42
moe_oeo_N49_k1_L4_lr0.002_s27,moe_oeo,49,1,0.02040816326530612,27,56,1.3644676051319462,5.373343197382237e-05,24482.349856615067,0.5372340679168701,0.5372340083122253,0.5301790237426758,1.1660048961639404,5.6649627367733046e-05,0.999704043328441,2.2656444448188213,42
moe_oeo_N49_k1_L4_lr0.002_s27,moe_oeo,49,1,0.02040816326530612,27,57,1.3907939736905708,4.163387527353236e-05,24916.359229326248,0.542553186416626,0.542553186416626,0.5358696579933167,1.1763222217559814,5.700073597836308e-05,0.9997062797101951,2.2438550564960544,43
moe_oeo_N49_k1_L4_lr0.002_s27,moe_oeo,49,1,0.02040816326530612,27,58,1.3979683755195305,3.218854281081372e-05,25350.526288747787,0.5438829660415649,0.5438829660415649,0.5371978878974915,1.1752996444702148,5.7080127589870244e-05,0.9997075040512173,2.2458236009135057,43
moe_oeo_N49_k1_L4_lr0.002_s27,moe_oeo,49,1,0.02040816326530612,27,59,1.3726289664399407,2.5423323585409333e-05,25783.339824676514,0.5492021441459656,0.5492021441459656,0.5424306988716125,1.1749550104141235,5.695016807294451e-05,0.9997088024012657,2.2376680181587587,43
moe_oeo_N49_k1_L4_lr0.002_s27,moe_oeo,49,1,0.02040816326530612,27,60,1.3864899061484153,2.1356760592971906e-05,26217.287659406662,0.5465425252914429,0.5465425848960876,0.5396304130554199,1.1756672859191895,5.6837325246306136e-05,0.9997098531852485,2.2248529082147446,43
moe_oeo_N49_k12_L4_lr0.002_s27,moe_oeo,49,12,0.24489795918367346,27,1,2.4064501010595936,0.002,260.88573026657104,0.11968085169792175,0.11968085169792175,0.05367158353328705,3.716463565826416,0.0007738733547739685,0.9996550010173247,0.7316861299740859,598
moe_oeo_N49_k12_L4_lr0.002_s27,moe_oeo,49,12,0.24489795918367346,27,2,1.9461213290249104,0.001998643239407028,524.1675016880035,0.1422872394323349,0.1422872394323349,0.05807105451822281,3.6815061569213867,0.0005594408139586449,0.9995345026699662,0.8335646955506094,584
moe_oeo_N49_k12_L4_lr0.002_s27,moe_oeo,49,12,0.24489795918367346,27,3,1.743693454352688,0.0019945766764145906,788.9252772331238,0.1422872394323349,0.1422872394323349,0.05587185174226761,3.5763301849365234,0.0005590262007899582,0.9993673157296865,0.8782106512744711,582
moe_oeo_N49_k12_L4_lr0.002_s27,moe_oeo,49,12,0.24489795918367346,27,4,1.640292228492972,0.0019878114571891866,1052.8107481002808,0.14760638773441315,0.14760638773441315,0.05333031341433525,3.3652994632720947,0.0007274380186572671,0.9992608635503797,0.9057815075019244,573
moe_oeo_N49_k12_L4_lr0.002_s27,moe_oeo,49,12,0.24489795918367346,27,5,1.5468449820360364,0.0019783661247264675,1317.4859035015106,0.15159574151039124,0.15159575641155243,0.06453094631433487,3.2329421043395996,0.0008379799546673894,0.9991667117326791,0.9269983739298657,565
moe_oeo_N49_k12_L4_lr0.002_s27,moe_oeo,49,12,0.24489795918367346,27,6,1.998205924040923,0.0019662665680261777,1583.8295576572418,0.40425533056259155,0.40425533056259155,0.3693991005420685,1.5503168106079102,0.0004107383138034493,0.9990958198503522,0.940446480836767,566
moe_oeo_N49_k12_L4_lr0.002_s27,moe_oeo,49,12,0.24489795918367346,27,7,1.617826216535209,0.0019515459511322021,1846.2460379600525,0.5159574747085571,0.5159574151039124,0.5088393092155457,1.3494751453399658,0.00030018744291737676,0.9990558472899553,0.9551814707918987,559
moe_oeo_N49_k12_L4_lr0.002_s27,moe_oeo,49,12,0.24489795918367346,27,8,1.5069387022014622,0.0019342446222322296,2109.4907579421997,0.5678191781044006,0.5678191184997559,0.5609955787658691,1.240745186805725,0.00023298004816751927,0.9990454332158356,0.9604685769753574,557
moe_oeo_N49_k12_L4_lr0.002_s27,moe_oeo,49,12,0.24489795918367346,27,9,1.4052038342781263,0.0019144100030661748,2370.1982295513153,0.5904255509376526,0.5904254913330078,0.5857528448104858,1.1398677825927734,0.0001823489583330229,0.9990511285649228,0.9601251949988578,560
moe_oeo_N49_k12_L4_lr0.002_s27,moe_oeo,49,12,0.24489795918367346,27,10,1.3337796340828345,0.0018920964589464841,2629.4810540676117,0.6422872543334961,0.6422872543334961,0.6374192833900452,1.0667517185211182,0.00016237988893408328,0.9990322978723613,0.9662916917857894,558
moe_oeo_N49_k12_L4_lr0.002_s27,moe_oeo,49,12,0.24489795918367346,27,11,1.2812493744063866,0.0018673651497465944,2889.104506969452,0.667553186416626,0.667553186416626,0.6638688445091248,1.0271636247634888,0.00017135344387497753,0.999005224719078,0.9733684791384056,559
moe_oeo_N49_k12_L4_lr0.002_s27,moe_oeo,49,12,0.24489795918367346,27,12,1.235782113640684,0.0018402838622659698,3151.066423892975,0.6781914830207825,0.6781915426254272,0.6748269200325012,0.9889408349990845,0.0001644592557568103,0.9990085544716147,0.977210355551844,550
moe_oeo_N49_k12_L4_lr0.002_s27,moe_oeo,49,12,0.24489795918367346,27,13,1.1987792915201079,0.001810926824431198,3411.2258937358856,0.6994680762290955,0.6994681358337402,0.6942886710166931,0.9604241251945496,0.00013898900942876935,0.9989563031814276,0.9809770812408993,558
moe_oeo_N49_k12_L4_lr0.002_s27,moe_oeo,49,12,0.24489795918367346,27,14,1.1680455187922472,0.0017793745018424012,3671.705369949341,0.7021276354789734,0.7021276950836182,0.6989710330963135,0.9427501559257507,0.00013992485764902085,0.9989791637434416,0.98119295136169,558
moe_oeo_N49_k12_L4_lr0.002_s27,moe_oeo,49,12,0.24489795918367346,27,15,1.1382644489135372,0.0017457133772226204,3932.4961199760437,0.7047872543334961,0.7047872543334961,0.7017935514450073,0.9087372422218323,0.00011184014874743298,0.9989271409715511,0.9837273627590417,560
moe_oeo_N49_k12_L4_lr0.002_s27,moe_oeo,49,12,0.24489795918367346,27,16,1.128140535886021,0.001710035713374682,4193.741492986679,0.7260638475418091,0.7260638475418091,0.7242846488952637,0.8955206274986267,0.00011077192175434902,0.9989549670339389,0.9817502610734855,565
moe_oeo_N49_k12_L4_lr0.002_s27,moe_oeo,49,12,0.24489795918367346,27,17,1.096499330325894,0.0016724393002952695,4453.70156955719,0.7194148898124695,0.7194148898124695,0.7176789045333862,0.8898121118545532,0.00011017484939657152,0.998915561334575,0.983478978548415,567
moe_oeo_N49_k12_L4_lr0.002_s27,moe_oeo,49,12,0.24489795918367346,27,18,1.082274355997914,0.0016330271871393392,4715.96340918541,0.7220744490623474,0.7220745086669922,0.7206262946128845,0.8701537251472473,0.00010952934098895639,0.9989084941527306,0.9840728911741731,570
moe_oeo_N49_k12_L4_lr0.002_s27,moe_oeo,49,12,0.24489795918367346,27,19,1.0764919463630136,0.0015919073997695485,4977.21755862236,0.7220744490623474,0.7220745086669922,0.7215367555618286,0.8578885793685913,9.135408618021756e-05,0.9989105915414195,0.9819751757679956,566
moe_oeo_N49_k12_L4_lr0.002_s27,moe_oeo,49,12,0.24489795918367346,27,20,1.06945842232334,0.001549192644664877,5238.511496543884,0.727393627166748,0.7273936867713928,0.7266812920570374,0.8413141369819641,8.768562838668004e-05,0.9988672490877736,0.9891100741582843,564
moe_oeo_N49_k12_L4_lr0.002_s27,moe_oeo,49,12,0.24489795918367346,27,21,1.0545266475273323,0.0015049999999999998,5499.639214038849,0.7340425252914429,0.7340425252914429,0.7323495149612427,0.8308997750282288,8.613292447989807e-05,0.9988377472205379,0.9921617098715296,566
moe_oeo_N49_k12_L4_lr0.002_s27,moe_oeo,49,12,0.24489795918367346,27,22,1.0335172255391671,0.0014594505947421513,5760.986125946045,0.7460106611251831,0.7460106611251831,0.7437404990196228,0.8162830471992493,8.530588092980906e-05,0.9988270218453718,0.9952245625842576,568
moe_oeo_N49_k12_L4_lr0.002_s27,moe_oeo,49,12,0.24489795918367346,27,23,1.021205222123562,0.0014126692766450425,6022.157209634781,0.7539893388748169,0.7539893984794617,0.7521843314170837,0.8095353245735168,8.38858395582065e-05,0.9988612187229922,0.9971851944635848,568
moe_oeo_N49_k12_L4_lr0.002_s27,moe_oeo,49,12,0.24489795918367346,27,24,1.0127058520777041,0.0013647842700498477,6282.609842538834,0.7593085169792175,0.7593085169792175,0.7581256031990051,0.8087937831878662,8.473847265122458e-05,0.9988373369751814,0.9999366301713385,564
moe_oeo_N49_k12_L4_lr0.002_s27,moe_oeo,49,12,0.24489795918367346,27,25,0.9999393673111859,0.001315926824431198,6544.369140863419,0.7539893388748169,0.7539893388748169,0.7534016966819763,0.7879540324211121,8.17144536995329e-05,0.9988204466987085,0.9966661215014979,564
moe_oeo_N49_k12_L4_lr0.002_s27,moe_oeo,49,12,0.24489795918367346,27,26,0.9987067693512733,0.0012662308546514955,6807.82516336441,0.7579787373542786,0.7579787373542786,0.7573467493057251,0.7792831659317017,6.257481436477974e-05,0.9988053647497891,1.001788347393658,562
moe_oeo_N49_k12_L4_lr0.002_s27,moe_oeo,49,12,0.24489795918367346,27,27,0.9922834667270859,0.0012158325739095818,7069.579277038574,0.7659574747085571,0.7659574747085571,0.7648040652275085,0.7705990076065063,8.108070323942229e-05,0.9987773518002343,1.0018508182538934,562
moe_oeo_N49_k12_L4_lr0.002_s27,moe_oeo,49,12,0.24489795918367346,27,28,0.9733330576965525,0.0011648701203898287,7332.517240047455,0.7672872543334961,0.7672872543334961,0.766370415687561,0.7702956199645996,6.136811134638265e-05,0.998794164126941,1.002583896678481,564
moe_oeo_N49_k12_L4_lr0.002_s27,moe_oeo,49,12,0.24489795918367346,27,29,0.9782257599237303,0.001113483178634977,7594.924573659897,0.7632978558540344,0.7632978558540344,0.7626034617424011,0.7642983794212341,6.153016875032336e-05,0.9987653929144026,1.002068818071765,567
moe_oeo_N49_k12_L4_lr0.002_s27,moe_oeo,49,12,0.24489795918367346,27,30,0.9630253888734671,0.0010618125966805143,7857.0621383190155,0.7619680762290955,0.7619680762290955,0.7615808248519897,0.7596217393875122,6.04280830884818e-05,0.9987813485499775,1.0039255831721736,563
moe_oeo_N49_k12_L4_lr0.002_s27,moe_oeo,49,12,0.24489795918367346,27,31,0.9548213931659585,0.0010100000000000003,8119.210267305374,0.7672872543334961,0.7672872543334961,0.7660094499588013,0.7455312013626099,6.082151594455354e-05,0.9987401893531751,1.0073851990492217,565
moe_oeo_N49_k12_L4_lr0.002_s27,moe_oeo,49,12,0.24489795918367346,27,32,0.9533009045506449,0.0009581874033194859,8381.151203155518,0.7686170339584351,0.7686170339584351,0.7681470513343811,0.741386890411377,5.975787280476652e-05,0.9987465308446751,1.0065474106827876,566
moe_oeo_N49_k12_L4_lr0.002_s27,moe_oeo,49,12,0.24489795918367346,27,33,0.9452921427854392,0.0009065168213650232,8642.684427499771,0.7752659320831299,0.7752659916877747,0.7746278047561646,0.7365299463272095,6.0002606915077195e-05,0.9987327133043925,1.007882632987143,568
moe_oeo_N49_k12_L4_lr0.002_s27,moe_oeo,49,12,0.24489795918367346,27,34,0.9396111068047889,0.0008551298796101715,8904.120666742325,0.7672872543334961,0.7672872543334961,0.7668827772140503,0.7370663285255432,5.910802792641334e-05,0.9987124785943802,1.0071605717707761,569
moe_oeo_N49_k12_L4_lr0.002_s27,moe_oeo,49,12,0.24489795918367346,27,35,0.936721227858981,0.0008041674260904182,9164.125001192093,0.769946813583374,0.769946813583374,0.7687250375747681,0.7317971587181091,5.820467049488798e-05,0.9987163744603955,1.0057669655677484,568
moe_oeo_N49_k12_L4_lr0.002_s27,moe_oeo,49,12,0.24489795918367346,27,36,0.9290901837045471,0.0007537691453485046,9425.742613077164,0.7752659320831299,0.7752659320831299,0.7744899988174438,0.726432204246521,5.887407678528689e-05,0.9987229268172798,1.0060433236849875,571
moe_oeo_N49_k12_L4_lr0.002_s27,moe_oeo,49,12,0.24489795918367346,27,37,0.9201230693897701,0.0007040731755688022,9687.681360960007,0.772606372833252,0.7726064324378967,0.7724148631095886,0.7254039645195007,5.8344223361928016e-05,0.9987022238607227,1.0039237878650331,571
moe_oeo_N49_k12_L4_lr0.002_s27,moe_oeo,49,12,0.24489795918367346,27,38,0.9143519166465763,0.0006552157299501527,9948.845648765564,0.7845744490623474,0.7845745086669922,0.7840657234191895,0.7278280854225159,5.7434830523561686e-05,0.998703420367782,1.0039375706788831,569
moe_oeo_N49_k12_L4_lr0.002_s27,moe_oeo,49,12,0.24489795918367346,27,39,0.9043448298625206,0.000607330723354958,10208.747455596924,0.7819148898124695,0.7819148898124695,0.7817981243133545,0.719361424446106,5.7196008128812537e-05,0.9986823338041082,1.0047014637336371,572
moe_oeo_N49_k12_L4_lr0.002_s27,moe_oeo,49,12,0.24489795918367346,27,40,0.9125741418263956,0.0005605494052578487,10470.132397890091,0.7779255509376526,0.7779255509376526,0.7776055335998535,0.7168818712234497,5.7249286328442395e-05,0.998661400234274,1.0054396559829808,571
moe_oeo_N49_k12_L4_lr0.002_s27,moe_oeo,49,12,0.24489795918367346,27,41,0.9042316993451827,0.0005150000000000003,10731.768894195557,0.7739361524581909,0.7739362120628357,0.7738334536552429,0.7125011682510376,5.729628901463002e-05,0.9986742595377412,1.0051858675838587,570
moe_oeo_N49_k12_L4_lr0.002_s27,moe_oeo,49,12,0.24489795918367346,27,42,0.9034115717359329,0.00047080735533512353,10995.52714586258,0.7819148898124695,0.7819148898124695,0.7815554738044739,0.7125944495201111,5.688859164365567e-05,0.9986623543597841,1.0062293259139163,574
moe_oeo_N49_k12_L4_lr0.002_s27,moe_oeo,49,12,0.24489795918367346,27,43,0.8938749307877125,0.0004280926002304517,11257.470970630646,0.7779255509376526,0.7779255509376526,0.7776143550872803,0.7121992707252502,5.675587090081535e-05,0.9986655838335317,1.0057256822099165,570
moe_oeo_N49_k12_L4_lr0.002_s27,moe_oeo,49,12,0.24489795918367346,27,44,0.8913586430557786,0.0003869728128606611,11520.141658306122,0.7845744490623474,0.7845745086669922,0.7847535014152527,0.7075896859169006,3.335809742566198e-05,0.9986670940251358,1.005582680500068,571
moe_oeo_N49_k12_L4_lr0.002_s27,moe_oeo,49,12,0.24489795918367346,27,45,0.8921419349435258,0.0003475606997047307,11781.441548109055,0.7765957713127136,0.7765957713127136,0.7772642970085144,0.7063624858856201,3.312112676212564e-05,0.9986503926369039,1.0058686649491806,571
moe_oeo_N49_k12_L4_lr0.002_s27,moe_oeo,49,12,0.24489795918367346,27,46,0.8817063429686305,0.0003099642866253181,12044.693694353104,0.7686170339584351,0.7686170339584351,0.7685142755508423,0.7061786651611328,3.3257707400480285e-05,0.9986460200247876,1.006356688539775,571
moe_oeo_N49_k12_L4_lr0.002_s27,moe_oeo,49,12,0.24489795918367346,27,47,0.8856137859800907,0.0002742866227773799,12307.104244470596,0.7872340679168701,0.7872340679168701,0.786956250667572,0.6999689340591431,3.2897187338676304e-05,0.9986498747317082,1.0055258312006667,570
moe_oeo_N49_k12_L4_lr0.002_s27,moe_oeo,49,12,0.24489795918367346,27,48,0.891738698481833,0.00024062549815759878,12568.084822893143,0.771276593208313,0.7712766528129578,0.7715198993682861,0.7022328972816467,3.293734334874898e-05,0.9986428395114989,1.0050266277433304,571
moe_oeo_N49_k12_L4_lr0.002_s27,moe_oeo,49,12,0.24489795918367346,27,49,0.8824059020336632,0.0002090731755688021,12829.233531475067,0.7739361524581909,0.7739362120628357,0.7739551663398743,0.6976591944694519,3.291961184004322e-05,0.9986365284318074,1.005442050927405,571
moe_oeo_N49_k12_L4_lr0.002_s27,moe_oeo,49,12,0.24489795918367346,27,50,0.8791258607280853,0.00017971613773403027,13091.583847284317,0.7845744490623474,0.7845744490623474,0.7842265963554382,0.698769211769104,3.285967977717519e-05,0.9986370672075915,1.0056676470745258,571
moe_oeo_N49_k12_L4_lr0.002_s27,moe_oeo,49,12,0.24489795918367346,27,51,0.8788887015862824,0.00015263485025340568,13352.504902601242,0.7872340679168701,0.7872340679168701,0.7871121764183044,0.6997488737106323,3.2798252505017444e-05,0.9986310478559497,1.0056814063736303,572
moe_oeo_N49_k12_L4_lr0.002_s27,moe_oeo,49,12,0.24489795918367346,27,52,0.8751195682272247,0.00012790354105351589,13611.46023440361,0.7792553305625916,0.7792553305625916,0.7790781855583191,0.6996212601661682,3.2805615774123e-05,0.998629230350224,1.0055970401807046,572
moe_oeo_N49_k12_L4_lr0.002_s27,moe_oeo,49,12,0.24489795918367346,27,53,0.8741475958462175,0.00010558999693382504,13869.974852085114,0.7779255509376526,0.7779255509376526,0.7775572538375854,0.6996451020240784,3.2671399821992964e-05,0.9986317509454106,1.0053528763834731,572
moe_oeo_N49_k12_L4_lr0.002_s27,moe_oeo,49,12,0.24489795918367346,27,54,0.8762015574632986,8.575537776777028e-05,14128.147850751877,0.7779255509376526,0.7779255509376526,0.7776110172271729,0.6971492171287537,3.262507379986346e-05,0.9986262810728843,1.005652688967793,572
moe_oeo_N49_k12_L4_lr0.002_s27,moe_oeo,49,12,0.24489795918367346,27,55,0.8706356980859145,6.845404886779801e-05,14388.200038671494,0.7819148898124695,0.7819148898124695,0.7816071510314941,0.6979919672012329,3.24518587149214e-05,0.9986256655936421,1.005777135936389,572
moe_oeo_N49_k12_L4_lr0.002_s27,moe_oeo,49,12,0.24489795918367346,27,56,0.8724314667896865,5.373343197382237e-05,14647.411996126175,0.7752659320831299,0.7752659916877747,0.7751412987709045,0.6983087658882141,3.256253694416955e-05,0.9986223428048685,1.0057274782477825,572
moe_oeo_N49_k12_L4_lr0.002_s27,moe_oeo,49,12,0.24489795918367346,27,57,0.866841400850173,4.163387527353236e-05,14908.133393764496,0.7739361524581909,0.7739362120628357,0.7739220857620239,0.6983797550201416,3.247119457228109e-05,0.9986243580622236,1.0054540204008164,572
moe_oeo_N49_k12_L4_lr0.002_s27,moe_oeo,49,12,0.24489795918367346,27,58,0.8718791465236716,3.218854281081372e-05,15173.906370639801,0.7765957713127136,0.7765957713127136,0.776448130607605,0.6977331638336182,3.246997221140191e-05,0.9986240371690872,1.0053768154234652,572
moe_oeo_N49_k12_L4_lr0.002_s27,moe_oeo,49,12,0.24489795918367346,27,59,0.8701677511543988,2.5423323585409333e-05,15437.346868038177,0.772606372833252,0.772606372833252,0.7725397944450378,0.6980757117271423,3.2438103517051786e-05,0.9986229548808653,1.005525832866139,572
moe_oeo_N49_k12_L4_lr0.002_s27,moe_oeo,49,12,0.24489795918367346,27,60,0.8739400409570296,2.1356760592971906e-05,15701.419782876968,0.7765957713127136,0.7765957713127136,0.7763399481773376,0.697942316532135,3.237987766624428e-05,0.9986233968977026,1.0056030264029856,572
moe_oeo_N49_k24_L4_lr0.002_s27,moe_oeo,49,24,0.4897959183673469,27,1,2.4064501010595936,0.002,259.7416684627533,0.12632979452610016,0.12632977962493896,0.06800240278244019,3.2910544872283936,0.0015230278950184584,0.9996550010173247,0.36918070518811386,696
moe_oeo_N49_k24_L4_lr0.002_s27,moe_oeo,49,24,0.4897959183673469,27,2,1.9461213290249104,0.001998643239407028,518.9424712657928,0.12234042584896088,0.12234042584896088,0.0500066764652729,3.313105583190918,0.001022576354444027,0.9995345026699662,0.3947629844340366,672
moe_oeo_N49_k24_L4_lr0.002_s27,moe_oeo,49,24,0.4897959183673469,27,3,1.743693454352688,0.0019945766764145906,778.616845369339,0.17819148302078247,0.17819149792194366,0.0958060622215271,3.2161881923675537,0.0008007943397387862,0.9993673157296865,0.4103811151817688,666
moe_oeo_N49_k24_L4_lr0.002_s27,moe_oeo,49,24,0.4897959183673469,27,4,1.640292228492972,0.0019878114571891866,1038.904778957367,0.24867020547389984,0.24867022037506104,0.14300617575645447,3.077822208404541,0.0008218936854973435,0.9992608635503797,0.41858278382478026,661
moe_oeo_N49_k24_L4_lr0.002_s27,moe_oeo,49,24,0.4897959183673469,27,5,1.5468449820360364,0.0019783661247264675,1298.9102189540863,0.26595744490623474,0.26595744490623474,0.16103827953338623,3.0048341751098633,0.0009003382874652743,0.9991667117326791,0.42624794553587314,663
moe_oeo_N49_k24_L4_lr0.002_s27,moe_oeo,49,24,0.4897959183673469,27,6,1.8145385623046253,0.0019662665680261777,1558.788666009903,0.4973404109477997,0.49734044075012207,0.4776986241340637,1.362551212310791,0.0006142660276964307,0.9993020384136829,0.4319381953467572,659
moe_oeo_N49_k24_L4_lr0.002_s27,moe_oeo,49,24,0.4897959183673469,27,7,1.4597995605438812,0.0019515459511322021,1819.1923520565033,0.5811170339584351,0.5811169743537903,0.571280300617218,1.1739405393600464,0.0005252112168818712,0.9992481180667562,0.4345579495645248,655
moe_oeo_N49_k24_L4_lr0.002_s27,moe_oeo,49,24,0.4897959183673469,27,8,1.3356501115613604,0.0019342446222322296,2078.987813949585,0.6289893388748169,0.6289893984794617,0.6218968629837036,1.0693631172180176,0.0004456034512259066,0.9992292435034992,0.4363070940900484,658
moe_oeo_N49_k24_L4_lr0.002_s27,moe_oeo,49,24,0.4897959183673469,27,9,1.261612027492289,0.0019144100030661748,2339.8532400131226,0.6635638475418091,0.6635638475418091,0.6564611196517944,1.0094908475875854,0.0004154919588472694,0.9991342786195057,0.43769401317358214,656
moe_oeo_N49_k24_L4_lr0.002_s27,moe_oeo,49,24,0.4897959183673469,27,10,1.204787192636565,0.0018920964589464841,2601.6937160491943,0.666223406791687,0.666223406791687,0.6621042490005493,0.9621619582176208,0.0004117515927646309,0.9991125755723042,0.44229726074469367,657
moe_oeo_N49_k24_L4_lr0.002_s27,moe_oeo,49,24,0.4897959183673469,27,11,1.1569937293047774,0.0018673651497465944,2862.1882014274597,0.686170220375061,0.686170220375061,0.6830734610557556,0.9244542717933655,0.00038544394192285836,0.9990533353675674,0.44620760130946063,662
moe_oeo_N49_k24_L4_lr0.002_s27,moe_oeo,49,24,0.4897959183673469,27,12,1.1188251097010422,0.0018402838622659698,3122.192265033722,0.688829779624939,0.688829779624939,0.6856303215026855,0.8922463655471802,0.0003825074527412653,0.9989871311720809,0.4493363493165705,665
moe_oeo_N49_k24_L4_lr0.002_s27,moe_oeo,49,24,0.4897959183673469,27,13,1.0912719752180249,0.001810926824431198,3383.183037996292,0.6981382966041565,0.6981382966041565,0.6949734091758728,0.8713053464889526,0.0003785448207054287,0.9989482281443048,0.4538218421529577,673
moe_oeo_N49_k24_L4_lr0.002_s27,moe_oeo,49,24,0.4897959183673469,27,14,1.068371003025879,0.0017793745018424012,3643.319812297821,0.7021276354789734,0.7021276950836182,0.6995671987533569,0.8595610857009888,0.0003798989637289196,0.9989069441948384,0.4552865921076899,681
moe_oeo_N49_k24_L4_lr0.002_s27,moe_oeo,49,24,0.4897959183673469,27,15,1.0469425274867172,0.0017457133772226204,3903.948623895645,0.7127659320831299,0.7127659320831299,0.7094483971595764,0.8479759097099304,0.0003494800184853375,0.9988607769198963,0.46810320198038674,674
moe_oeo_N49_k24_L4_lr0.002_s27,moe_oeo,49,24,0.4897959183673469,27,16,1.041108949186459,0.001710035713374682,4165.027158498764,0.7247340679168701,0.7247340083122253,0.7231277227401733,0.8331529498100281,0.00035068910801783204,0.9988347697096621,0.4748124230310056,676
moe_oeo_N49_k24_L4_lr0.002_s27,moe_oeo,49,24,0.4897959183673469,27,17,1.013806893332908,0.0016724393002952695,4428.531944513321,0.728723406791687,0.728723406791687,0.7277378439903259,0.8229479789733887,0.00035037376801483333,0.9987993938615298,0.48299296516134516,680
moe_oeo_N49_k24_L4_lr0.002_s27,moe_oeo,49,24,0.4897959183673469,27,18,0.9963198679937347,0.0016330271871393392,4690.398199796677,0.7353723645210266,0.7353723645210266,0.732769787311554,0.8065524697303772,0.00031008486985228956,0.9987959173006913,0.4902059999758115,690
moe_oeo_N49_k24_L4_lr0.002_s27,moe_oeo,49,24,0.4897959183673469,27,19,0.9780340879543187,0.0015919073997695485,4951.298753023148,0.7260638475418091,0.7260638475418091,0.725612223148346,0.8111594915390015,0.0002776960900519043,0.9987834402693647,0.4981636937665496,676
moe_oeo_N49_k24_L4_lr0.002_s27,moe_oeo,49,24,0.4897959183673469,27,20,0.9724181311111472,0.001549192644664877,5210.634288311005,0.7420212626457214,0.7420212626457214,0.7406076788902283,0.7876675128936768,0.00024231681891251355,0.9987646357068927,0.5008602493043476,679
moe_oeo_N49_k24_L4_lr0.002_s27,moe_oeo,49,24,0.4897959183673469,27,21,0.9569836667649549,0.0015049999999999998,5471.1604063510895,0.7539893388748169,0.7539893984794617,0.7527242302894592,0.7777757048606873,0.00023699825396761298,0.9987458779523587,0.5044133482621407,670
moe_oeo_N49_k24_L4_lr0.002_s27,moe_oeo,49,24,0.4897959183673469,27,22,0.9420518259343491,0.0014594505947421513,5731.220195770264,0.75,0.75,0.7483215928077698,0.7699029445648193,0.00022234565403778106,0.9986995567282702,0.5091091893518891,669
moe_oeo_N49_k24_L4_lr0.002_s27,moe_oeo,49,24,0.4897959183673469,27,23,0.9324195848684332,0.0014126692766450425,5992.111211538315,0.7606382966041565,0.7606382966041565,0.7586672902107239,0.7611510157585144,0.00019595383491832763,0.9986812478849343,0.5122043831296398,669
moe_oeo_N49_k24_L4_lr0.002_s27,moe_oeo,49,24,0.4897959183673469,27,24,0.9274937636027597,0.0013647842700498477,6252.60142493248,0.769946813583374,0.769946813583374,0.769070029258728,0.7508752346038818,0.00016941195644903928,0.9986768681581881,0.5084190770141241,667
moe_oeo_N49_k24_L4_lr0.002_s27,moe_oeo,49,24,0.4897959183673469,27,25,0.9170531163068667,0.001315926824431198,6513.080121278763,0.7686170339584351,0.7686170339584351,0.7674112319946289,0.7428604364395142,0.0001660808629821986,0.9986576305665938,0.513854631723713,672
moe_oeo_N49_k24_L4_lr0.002_s27,moe_oeo,49,24,0.4897959183673469,27,26,0.9095530200698604,0.0012662308546514955,6772.918087482452,0.7805851101875305,0.7805851101875305,0.7797272801399231,0.7362414002418518,0.00015828831237740815,0.9986318370040592,0.5181227690348686,670
moe_oeo_N49_k24_L4_lr0.002_s27,moe_oeo,49,24,0.4897959183673469,27,27,0.8950478435583311,0.0012158325739095818,7034.033317327499,0.7805851101875305,0.7805851101875305,0.7793628573417664,0.7270565629005432,0.00015790945326443762,0.998597026289423,0.5209848668159444,670
moe_oeo_N49_k24_L4_lr0.002_s27,moe_oeo,49,24,0.4897959183673469,27,28,0.890535960628834,0.0011648701203898287,7294.450963020325,0.7819148898124695,0.7819148898124695,0.7807227969169617,0.7204315066337585,0.00015607470413669944,0.9986132028629431,0.5189698718808236,670
moe_oeo_N49_k24_L4_lr0.002_s27,moe_oeo,49,24,0.4897959183673469,27,29,0.8725653895300273,0.001113483178634977,7555.019326686859,0.7752659320831299,0.7752659916877747,0.774627685546875,0.7151066660881042,0.00015686295228078961,0.998584849938326,0.5238206985706825,675
moe_oeo_N49_k24_L4_lr0.002_s27,moe_oeo,49,24,0.4897959183673469,27,30,0.8725680234293415,0.0010618125966805143,7816.428671598434,0.7752659320831299,0.7752659320831299,0.7747324705123901,0.7176188230514526,0.00014447169087361544,0.9986126620370015,0.5253502895943203,682
moe_oeo_N49_k24_L4_lr0.002_s27,moe_oeo,49,24,0.4897959183673469,27,31,0.8677001410083139,0.0010100000000000003,8075.712829828262,0.7859042286872864,0.7859042882919312,0.7848338484764099,0.7083690762519836,0.00012204985250718892,0.9985920265434686,0.5284639353359086,675
moe_oeo_N49_k24_L4_lr0.002_s27,moe_oeo,49,24,0.4897959183673469,27,32,0.8615145838594056,0.0009581874033194859,8336.49343419075,0.7805851101875305,0.7805851101875305,0.7795816659927368,0.7057974934577942,0.00012057291314704344,0.9985839393424198,0.534216865367768,675
moe_oeo_N49_k24_L4_lr0.002_s27,moe_oeo,49,24,0.4897959183673469,27,33,0.8517235075229923,0.0009065168213650232,8597.074895858765,0.7765957713127136,0.7765957713127136,0.7758556604385376,0.6983058452606201,0.00012089656229363754,0.9985538005973082,0.5351377213194718,675
moe_oeo_N49_k24_L4_lr0.002_s27,moe_oeo,49,24,0.4897959183673469,27,34,0.8513830142376357,0.0008551298796101715,8857.528866767883,0.791223406791687,0.791223406791687,0.7905839681625366,0.6932629346847534,0.00012053280079271644,0.9985522403608975,0.5391852557901077,671
moe_oeo_N49_k24_L4_lr0.002_s27,moe_oeo,49,24,0.4897959183673469,27,35,0.8380831060548352,0.0008041674260904182,9118.638387680054,0.7845744490623474,0.7845744490623474,0.783456027507782,0.6935597062110901,0.00010378189472248778,0.9985390846897146,0.5382634950614251,674
moe_oeo_N49_k24_L4_lr0.002_s27,moe_oeo,49,24,0.4897959183673469,27,36,0.8376566562376339,0.0007537691453485046,9379.340183496475,0.7872340679168701,0.7872340083122253,0.786277174949646,0.6873882412910461,0.000103563375887461,0.9984990232052772,0.5389276807570288,669
moe_oeo_N49_k24_L4_lr0.002_s27,moe_oeo,49,24,0.4897959183673469,27,37,0.8230424176340234,0.0007040731755688022,9639.804331064224,0.7845744490623474,0.7845745086669922,0.7836501002311707,0.6889843344688416,0.00010395247954875231,0.9984913301079847,0.5400059998837119,667
moe_oeo_N49_k24_L4_lr0.002_s27,moe_oeo,49,24,0.4897959183673469,27,38,0.8278821674111772,0.0006552157299501527,9900.003313541412,0.7859042286872864,0.7859042286872864,0.7852070927619934,0.6900010108947754,9.175395825877786e-05,0.9984948789398868,0.5413659548074975,668
moe_oeo_N49_k24_L4_lr0.002_s27,moe_oeo,49,24,0.4897959183673469,27,39,0.815308020845668,0.000607330723354958,10159.815246582031,0.7859042286872864,0.7859042286872864,0.7855351567268372,0.6816429495811462,9.166778181679547e-05,0.9984811594718027,0.5409428656030119,667
moe_oeo_N49_k24_L4_lr0.002_s27,moe_oeo,49,24,0.4897959183673469,27,40,0.8140777100949255,0.0005605494052578487,10420.104504346848,0.7872340679168701,0.7872340679168701,0.7864784002304077,0.6781361699104309,9.095136920223013e-05,0.9984852629935793,0.541519594393711,665
moe_oeo_N49_k24_L4_lr0.002_s27,moe_oeo,49,24,0.4897959183673469,27,41,0.8046384349499391,0.0005150000000000003,10680.529519557953,0.7819148898124695,0.7819148898124695,0.7814458012580872,0.6861413717269897,9.000260615721345e-05,0.9984740644900454,0.5415723744116229,668
moe_oeo_N49_k24_L4_lr0.002_s27,moe_oeo,49,24,0.4897959183673469,27,42,0.8131798086475291,0.00047080735533512353,10939.926562786102,0.789893627166748,0.789893627166748,0.7890796065330505,0.6874452233314514,9.02292231330648e-05,0.9984894895516713,0.5409292404149704,667
moe_oeo_N49_k24_L4_lr0.002_s27,moe_oeo,49,24,0.4897959183673469,27,43,0.8016146960153699,0.0004280926002304517,11199.717333555222,0.7832446694374084,0.7832446694374084,0.7824479341506958,0.6804709434509277,9.065811173059046e-05,0.9984816483935911,0.5404685121755567,667
moe_oeo_N49_k24_L4_lr0.002_s27,moe_oeo,49,24,0.4897959183673469,27,44,0.7980483110194609,0.0003869728128606611,11459.415179491043,0.7845744490623474,0.7845744490623474,0.7843183875083923,0.6812278628349304,9.051127562997863e-05,0.9984855129559778,0.5408858539151834,667
moe_oeo_N49_k24_L4_lr0.002_s27,moe_oeo,49,24,0.4897959183673469,27,45,0.7967283407472856,0.0003475606997047307,11719.309608697891,0.7845744490623474,0.7845744490623474,0.7839999794960022,0.6820821762084961,8.973161311587319e-05,0.9984693526663089,0.540807698304884,666
moe_oeo_N49_k24_L4_lr0.002_s27,moe_oeo,49,24,0.4897959183673469,27,46,0.7939791341554628,0.0003099642866253181,11979.185438871384,0.7845744490623474,0.7845744490623474,0.7841841578483582,0.6743676066398621,8.966171299107373e-05,0.9984586373570481,0.5417562249995288,667
moe_oeo_N49_k24_L4_lr0.002_s27,moe_oeo,49,24,0.4897959183673469,27,47,0.7954731024121313,0.0002742866227773799,12240.191444635391,0.791223406791687,0.7912233471870422,0.7905471920967102,0.6729799509048462,8.937566599342972e-05,0.9984712379598091,0.5421603666943903,667
moe_oeo_N49_k24_L4_lr0.002_s27,moe_oeo,49,24,0.4897959183673469,27,48,0.7899353918895874,0.00024062549815759878,12500.97696352005,0.7832446694374084,0.7832446694374084,0.7826452851295471,0.6736435294151306,8.972189243650064e-05,0.9984558549679068,0.5411096936503996,668
moe_oeo_N49_k24_L4_lr0.002_s27,moe_oeo,49,24,0.4897959183673469,27,49,0.7912364585758889,0.0002090731755688021,12760.319638490677,0.7885638475418091,0.7885637879371643,0.7881201505661011,0.669243574142456,8.901838737074286e-05,0.9984587524820535,0.5416637529312532,669
moe_oeo_N49_k24_L4_lr0.002_s27,moe_oeo,49,24,0.4897959183673469,27,50,0.7849584827752418,0.00017971613773403027,13021.499582767487,0.791223406791687,0.7912233471870422,0.7901554107666016,0.6679530739784241,8.901049295673147e-05,0.9984575287436113,0.5420529756990231,669
moe_oeo_N49_k24_L4_lr0.002_s27,moe_oeo,49,24,0.4897959183673469,27,51,0.7836744664534586,0.00015263485025340568,13281.914096832275,0.7885638475418091,0.7885638475418091,0.7884072065353394,0.6682073473930359,8.882006659405306e-05,0.9984551954099287,0.5426493163686366,672
moe_oeo_N49_k24_L4_lr0.002_s27,moe_oeo,49,24,0.4897959183673469,27,52,0.7866642643361603,0.00012790354105351589,13541.653728723526,0.7859042286872864,0.7859042286872864,0.7852528095245361,0.6684445142745972,8.872181933838874e-05,0.998449788169392,0.5426440515289614,667
moe_oeo_N49_k24_L4_lr0.002_s27,moe_oeo,49,24,0.4897959183673469,27,53,0.7828620522874131,0.00010558999693382504,13801.628330469131,0.7885638475418091,0.7885638475418091,0.7878924608230591,0.6716885566711426,8.88740541995503e-05,0.9984535856159223,0.5426701102855643,668
moe_oeo_N49_k24_L4_lr0.002_s27,moe_oeo,49,24,0.4897959183673469,27,54,0.7801837832688197,8.575537776777028e-05,14061.738849163055,0.789893627166748,0.7898935675621033,0.789244532585144,0.6727496385574341,8.875863568391651e-05,0.9984531388117033,0.5424189029783899,668
moe_oeo_N49_k24_L4_lr0.002_s27,moe_oeo,49,24,0.4897959183673469,27,55,0.7784971296106844,6.845404886779801e-05,14321.244281053543,0.789893627166748,0.789893627166748,0.789357602596283,0.6706183552742004,8.873332262737677e-05,0.9984575934683899,0.5424125246888033,669
moe_oeo_N49_k24_L4_lr0.002_s27,moe_oeo,49,24,0.4897959183673469,27,56,0.7785923185856103,5.373343197382237e-05,14580.655802488327,0.7885638475418091,0.7885637879371643,0.788066565990448,0.6727142930030823,8.880153473000973e-05,0.9984560157675415,0.542603576790429,668
moe_oeo_N49_k24_L4_lr0.002_s27,moe_oeo,49,24,0.4897959183673469,27,57,0.7781830664094724,4.163387527353236e-05,14841.089995384216,0.789893627166748,0.789893627166748,0.7894132137298584,0.6732946634292603,8.862189861247316e-05,0.9984555382555149,0.5430079173947466,668
moe_oeo_N49_k24_L4_lr0.002_s27,moe_oeo,49,24,0.4897959183673469,27,58,0.7792007568628276,3.218854281081372e-05,15101.32353258133,0.7885638475418091,0.7885637879371643,0.7879151105880737,0.6730604767799377,8.86795824044384e-05,0.9984549684850252,0.5429375467917807,668
moe_oeo_N49_k24_L4_lr0.002_s27,moe_oeo,49,24,0.4897959183673469,27,59,0.7799916735863033,2.5423323585409333e-05,15361.079226732254,0.789893627166748,0.7898935675621033,0.7892614006996155,0.672787606716156,8.86190464370884e-05,0.9984517132667718,0.543040883374799,668
moe_oeo_N49_k24_L4_lr0.002_s27,moe_oeo,49,24,0.4897959183673469,27,60,0.7799594689449764,2.1356760592971906e-05,15620.985569000244,0.7859042286872864,0.7859042286872864,0.7851360440254211,0.6730926036834717,8.855600754031911e-05,0.9984524095548041,0.5431425389859657,668
moe_oeo_N49_k49_L4_lr0.002_s27,moe_oeo,49,49,1.0,27,1,2.4064501010595936,0.002,262.7146565914154,0.3098404109477997,0.30984044075012207,0.25800758600234985,1.9239873886108398,0.002582048997282982,0.9996550010173247,0.0,1
moe_oeo_N49_k49_L4_lr0.002_s27,moe_oeo,49,49,1.0,27,2,1.9461213290249104,0.001998643239407028,522.4298279285431,0.34973403811454773,0.34973403811454773,0.2948661744594574,1.6547038555145264,0.0022733041550964117,0.9995345026699662,0.0,1
moe_oeo_N49_k49_L4_lr0.002_s27,moe_oeo,49,49,1.0,27,3,1.743693454352688,0.0019945766764145906,784.8776023387909,0.3882978856563568,0.3882978558540344,0.3327171802520752,1.5186840295791626,0.002078017219901085,0.9993673157296865,0.0,1
moe_oeo_N49_k49_L4_lr0.002_s27,moe_oeo,49,49,1.0,27,4,1.640292228492972,0.0019878114571891866,1045.871589899063,0.4335106313228607,0.4335106611251831,0.39595961570739746,1.4140599966049194,0.0021017068065702915,0.9992608635503797,0.0,1
moe_oeo_N49_k49_L4_lr0.002_s27,moe_oeo,49,49,1.0,27,5,1.5468449820360364,0.0019783661247264675,1305.5999162197113,0.46010637283325195,0.46010637283325195,0.43738964200019836,1.3493163585662842,0.0022154313046485186,0.9991667117326791,0.0,1
moe_oeo_N49_k49_L4_lr0.002_s27,moe_oeo,49,49,1.0,27,6,1.4731599156272739,0.0019662665680261777,1566.4145648479462,0.4760638177394867,0.4760638475418091,0.46559685468673706,1.2920008897781372,0.0023771412670612335,0.9991126350719783,0.0,1
moe_oeo_N49_k49_L4_lr0.002_s27,moe_oeo,49,49,1.0,27,7,1.4289494989159173,0.0019515459511322021,1828.2371582984924,0.5159574747085571,0.5159574747085571,0.5082853436470032,1.2459133863449097,0.0026154392398893833,0.9990535633412128,0.0,1
moe_oeo_N49_k49_L4_lr0.002_s27,moe_oeo,49,49,1.0,27,8,1.367493707142328,0.0019342446222322296,2089.494261264801,0.541223406791687,0.541223406791687,0.53502357006073,1.202115535736084,0.002848659176379442,0.9990129592709935,0.0,1
moe_oeo_N49_k49_L4_lr0.002_s27,moe_oeo,49,49,1.0,27,9,1.3315475655370923,0.0019144100030661748,2350.791310787201,0.5598404407501221,0.5598404407501221,0.5519437789916992,1.1662830114364624,0.003178422339260578,0.9989457726138558,0.0,1
moe_oeo_N49_k49_L4_lr0.002_s27,moe_oeo,49,49,1.0,27,10,1.289221928306094,0.0018920964589464841,2613.7089405059814,0.5811170339584351,0.5811170339584351,0.5725221633911133,1.1317553520202637,0.0033911634236574173,0.9988966464672847,0.0,1
moe_oeo_N49_k49_L4_lr0.002_s27,moe_oeo,49,49,1.0,27,11,1.2478790040633994,0.0018673651497465944,2875.0285770893097,0.6143617033958435,0.6143617033958435,0.6085591912269592,1.094570279121399,0.0035400574561208487,0.9988783372700252,0.0,1
moe_oeo_N49_k49_L4_lr0.002_s27,moe_oeo,49,49,1.0,27,12,1.2183609834646798,0.0018402838622659698,3136.0354766845703,0.625,0.625,0.6181488037109375,1.0647549629211426,0.0036062877625226974,0.9988593934042379,0.0,1
moe_oeo_N49_k49_L4_lr0.002_s27,moe_oeo,49,49,1.0,27,13,1.185460472453947,0.001810926824431198,3398.3413920402527,0.646276593208313,0.646276593208313,0.636856734752655,1.035925269126892,0.0036380402743816376,0.9988264031491524,0.0,1
moe_oeo_N49_k49_L4_lr0.002_s27,moe_oeo,49,49,1.0,27,14,1.1592554104977955,0.0017793745018424012,3662.9517612457275,0.6489361524581909,0.6489362120628357,0.6413377523422241,1.0124311447143555,0.0036036197561770678,0.9987469865702078,0.0,1
moe_oeo_N49_k49_L4_lr0.002_s27,moe_oeo,49,49,1.0,27,15,1.1333944955968285,0.0017457133772226204,3924.0199019908905,0.6569148898124695,0.6569148898124695,0.6466956734657288,0.9860393404960632,0.0035895705223083496,0.998734773525503,0.0,1
moe_oeo_N49_k49_L4_lr0.002_s27,moe_oeo,49,49,1.0,27,16,1.1083837560799024,0.001710035713374682,4183.781986236572,0.6569148898124695,0.6569148898124695,0.6463106870651245,0.9627354145050049,0.003481177845969796,0.9987383625623579,0.0,1
moe_oeo_N49_k49_L4_lr0.002_s27,moe_oeo,49,49,1.0,27,17,1.0832884229600566,0.0016724393002952695,4444.765292167664,0.6609042286872864,0.6609042882919312,0.6541001796722412,0.9469677209854126,0.0033382715191692114,0.9986495802626524,0.0,1
moe_oeo_N49_k49_L4_lr0.002_s27,moe_oeo,49,49,1.0,27,18,1.0623916611330557,0.0016330271871393392,4703.692076683044,0.6715425252914429,0.6715425252914429,0.6617318391799927,0.928213357925415,0.003344801254570484,0.9986778042776312,0.0,1
moe_oeo_N49_k49_L4_lr0.002_s27,moe_oeo,49,49,1.0,27,19,1.0447838979615878,0.0015919073997695485,4964.002055883408,0.6728723645210266,0.6728723645210266,0.6647944450378418,0.9115437269210815,0.003131174948066473,0.998622447427059,0.0,1
moe_oeo_N49_k49_L4_lr0.002_s27,moe_oeo,49,49,1.0,27,20,1.0282280435998281,0.001549192644664877,5223.837230682373,0.6821808218955994,0.6821808815002441,0.6714361310005188,0.8876935839653015,0.0031728087924420834,0.9986244570965689,0.0,1
moe_oeo_N49_k49_L4_lr0.002_s27,moe_oeo,49,49,1.0,27,21,1.0048167091288251,0.0015049999999999998,5485.101848125458,0.6821808218955994,0.6821808815002441,0.6741851568222046,0.8693804144859314,0.002999314572662115,0.9985805785838084,0.0,1
moe_oeo_N49_k49_L4_lr0.002_s27,moe_oeo,49,49,1.0,27,22,0.9902136727027833,0.0014594505947421513,5745.835347652435,0.686170220375061,0.686170220375061,0.6804772019386292,0.8540063500404358,0.0027836316730827093,0.998566815759842,0.0,1
moe_oeo_N49_k49_L4_lr0.002_s27,moe_oeo,49,49,1.0,27,23,0.9745751169752584,0.0014126692766450425,6006.541662454605,0.6928191781044006,0.6928191781044006,0.6866940855979919,0.8433350324630737,0.0027539145667105913,0.998575340232692,0.0,1
moe_oeo_N49_k49_L4_lr0.002_s27,moe_oeo,49,49,1.0,27,24,0.9650371130725973,0.0013647842700498477,6268.444943904877,0.6928191781044006,0.6928191781044006,0.688656210899353,0.829163670539856,0.002725328551605344,0.9985227242365964,0.0,1
moe_oeo_N49_k49_L4_lr0.002_s27,moe_oeo,49,49,1.0,27,25,0.9467903656213115,0.001315926824431198,6530.54872584343,0.7021276354789734,0.7021276950836182,0.6976494789123535,0.8199282288551331,0.00251879938878119,0.9985275458219713,0.0,1
moe_oeo_N49_k49_L4_lr0.002_s27,moe_oeo,49,49,1.0,27,26,0.9363117801391234,0.0012662308546514955,6790.915812969208,0.6954787373542786,0.6954787373542786,0.6915724873542786,0.811342179775238,0.002488037571310997,0.9985159506661117,0.0,1
moe_oeo_N49_k49_L4_lr0.002_s27,moe_oeo,49,49,1.0,27,27,0.9216908547499952,0.0012158325739095818,7051.588758230209,0.710106372833252,0.710106372833252,0.7056935429573059,0.7961156964302063,0.0023930349852889776,0.9984924815049845,0.0,1
moe_oeo_N49_k49_L4_lr0.002_s27,moe_oeo,49,49,1.0,27,28,0.9080904402672292,0.0011648701203898287,7311.097134590149,0.710106372833252,0.7101064324378967,0.7071512937545776,0.7886576652526855,0.0024088493082672358,0.9984931448639462,0.0,1
moe_oeo_N49_k49_L4_lr0.002_s27,moe_oeo,49,49,1.0,27,29,0.8978170667387987,0.001113483178634977,7571.092605352402,0.7061170339584351,0.7061170339584351,0.703246533870697,0.7800748348236084,0.0023229222279042006,0.9984562452371865,0.0,1
moe_oeo_N49_k49_L4_lr0.002_s27,moe_oeo,49,49,1.0,27,30,0.88822983894242,0.0010618125966805143,7832.415106296539,0.7167553305625916,0.7167553305625916,0.713167667388916,0.7758484482765198,0.002222668379545212,0.9984777362813891,0.0,1
moe_oeo_N49_k49_L4_lr0.002_s27,moe_oeo,49,49,1.0,27,31,0.8773659978010883,0.0010100000000000003,8093.363845586777,0.7207446694374084,0.7207447290420532,0.7174721956253052,0.7660557627677917,0.0022006058134138584,0.9984512008347215,0.0,1
moe_oeo_N49_k49_L4_lr0.002_s27,moe_oeo,49,49,1.0,27,32,0.8707032753197161,0.0009581874033194859,8354.56446146965,0.7327127456665039,0.7327128052711487,0.7306385636329651,0.757601261138916,0.002164258621633053,0.9984463674262756,0.0,1
moe_oeo_N49_k49_L4_lr0.002_s27,moe_oeo,49,49,1.0,27,33,0.8558271693227362,0.0009065168213650232,8614.180426120758,0.7234042286872864,0.7234042882919312,0.7211624979972839,0.7519691586494446,0.0020789713598787785,0.9984403910700195,0.0,1
moe_oeo_N49_k49_L4_lr0.002_s27,moe_oeo,49,49,1.0,27,34,0.8558688208324724,0.0008551298796101715,8874.961239337921,0.7393617033958435,0.7393617033958435,0.7368553876876831,0.7426746487617493,0.00208113226108253,0.9984325835794423,0.0,1
moe_oeo_N49_k49_L4_lr0.002_s27,moe_oeo,49,49,1.0,27,35,0.838804019198298,0.0008041674260904182,9135.400948047638,0.7367021441459656,0.7367021441459656,0.734885036945343,0.7448927164077759,0.0020079342648386955,0.9984488792812034,0.0,1
moe_oeo_N49_k49_L4_lr0.002_s27,moe_oeo,49,49,1.0,27,36,0.83561050567827,0.0007537691453485046,9396.127580881119,0.7393617033958435,0.7393617033958435,0.7375894784927368,0.7329807281494141,0.001993209356442094,0.9984176365127853,0.0,1
moe_oeo_N49_k49_L4_lr0.002_s27,moe_oeo,49,49,1.0,27,37,0.8294040057553004,0.0007040731755688022,9658.795092821121,0.7406914830207825,0.7406914830207825,0.7388549447059631,0.7285976409912109,0.0019444184144958854,0.9984209635759592,0.0,1
moe_oeo_N49_k49_L4_lr0.002_s27,moe_oeo,49,49,1.0,27,38,0.8253384869562709,0.0006552157299501527,9919.84444475174,0.7433510422706604,0.7433510422706604,0.7428543567657471,0.7271732687950134,0.0018931097583845258,0.9984221582450572,0.0,1
moe_oeo_N49_k49_L4_lr0.002_s27,moe_oeo,49,49,1.0,27,39,0.8133956654056839,0.000607330723354958,10182.031317949295,0.7420212626457214,0.7420213222503662,0.7402405738830566,0.7206545472145081,0.0018890148494392633,0.9984049881487966,0.0,1
moe_oeo_N49_k49_L4_lr0.002_s27,moe_oeo,49,49,1.0,27,40,0.8120627974555509,0.0005605494052578487,10444.06486916542,0.7393617033958435,0.7393617033958435,0.7375933527946472,0.7157972455024719,0.0018690016586333513,0.9984106771906862,0.0,1
moe_oeo_N49_k49_L4_lr0.002_s27,moe_oeo,49,49,1.0,27,41,0.8061986504267203,0.0005150000000000003,10705.711838722229,0.7446808218955994,0.7446808815002441,0.743404746055603,0.7110728621482849,0.001867649843916297,0.9983993993800344,0.0,1
moe_oeo_N49_k49_L4_lr0.002_s27,moe_oeo,49,49,1.0,27,42,0.8058404367944422,0.00047080735533512353,10967.88235616684,0.7473404407501221,0.7473404407501221,0.7459381222724915,0.7143825888633728,0.0018668195698410273,0.9984064408138249,0.0,1
moe_oeo_N49_k49_L4_lr0.002_s27,moe_oeo,49,49,1.0,27,43,0.7940166939356147,0.0004280926002304517,11228.513679504395,0.7460106611251831,0.7460106611251831,0.7447397708892822,0.7126069068908691,0.0018351625185459852,0.9983956006499494,0.0,1
moe_oeo_N49_k49_L4_lr0.002_s27,moe_oeo,49,49,1.0,27,44,0.7919477895837804,0.0003869728128606611,11488.531033992767,0.7446808218955994,0.7446808815002441,0.743617832660675,0.7073996663093567,0.0018089545192196965,0.9983926518841894,0.0,1
moe_oeo_N49_k49_L4_lr0.002_s27,moe_oeo,49,49,1.0,27,45,0.78833244983362,0.0003475606997047307,11750.087451219559,0.75,0.75,0.7488230466842651,0.7074607014656067,0.0017853667959570885,0.9983905294499867,0.0,1
moe_oeo_N49_k49_L4_lr0.002_s27,moe_oeo,49,49,1.0,27,46,0.7884189292329223,0.0003099642866253181,12010.557757377625,0.7460106611251831,0.7460106015205383,0.7444312572479248,0.7024856209754944,0.0017958111129701138,0.9983895323271067,0.0,1
moe_oeo_N49_k49_L4_lr0.002_s27,moe_oeo,49,49,1.0,27,47,0.7883794355678232,0.0002742866227773799,12270.327556848526,0.7526595592498779,0.7526595592498779,0.7516145706176758,0.6985791921615601,0.0018057472771033645,0.998392451341316,0.0,1
moe_oeo_N49_k49_L4_lr0.002_s27,moe_oeo,49,49,1.0,27,48,0.7823083211910234,0.00024062549815759878,12529.700120210648,0.75,0.75,0.7486715316772461,0.699475884437561,0.0017830822616815567,0.9983800056111674,0.0,1
moe_oeo_N49_k49_L4_lr0.002_s27,moe_oeo,49,49,1.0,27,49,0.7807195354253054,0.0002090731755688021,12788.678235292435,0.748670220375061,0.748670220375061,0.7473068833351135,0.6955518126487732,0.0017808142583817244,0.9983824586282461,0.0,1
moe_oeo_N49_k49_L4_lr0.002_s27,moe_oeo,49,49,1.0,27,50,0.7763429218775606,0.00017971613773403027,13048.219854593277,0.748670220375061,0.748670220375061,0.7474416494369507,0.6945056319236755,0.0017688050866127014,0.9983809002588394,0.0,1
moe_oeo_N49_k49_L4_lr0.002_s27,moe_oeo,49,49,1.0,27,51,0.778080064879909,0.00015263485025340568,13307.698672771454,0.751329779624939,0.751329779624939,0.750327467918396,0.693479597568512,0.0017574612284079194,0.9983814517827885,0.0,1
moe_oeo_N49_k49_L4_lr0.002_s27,moe_oeo,49,49,1.0,27,52,0.776413219423803,0.00012790354105351589,13569.696971654892,0.748670220375061,0.748670220375061,0.7473912835121155,0.6925846338272095,0.0017618321580812335,0.9983730149256657,0.0,1
moe_oeo_N49_k49_L4_lr0.002_s27,moe_oeo,49,49,1.0,27,53,0.7774833429043424,0.00010558999693382504,13834.968132019043,0.751329779624939,0.751329779624939,0.7505341172218323,0.6935608983039856,0.001778355916030705,0.9983743273560923,0.0,1
moe_oeo_N49_k49_L4_lr0.002_s27,moe_oeo,49,49,1.0,27,54,0.7734723059230879,8.575537776777028e-05,14098.785350322723,0.75,0.75,0.7491902709007263,0.6915926933288574,0.0017643719911575317,0.9983735270827758,0.0,1
moe_oeo_N49_k49_L4_lr0.002_s27,moe_oeo,49,49,1.0,27,55,0.7723682786946156,6.845404886779801e-05,14362.967028856277,0.75,0.75,0.7491762042045593,0.6919446587562561,0.0017596941906958818,0.9983763028523751,0.0,1
moe_oeo_N49_k49_L4_lr0.002_s27,moe_oeo,49,49,1.0,27,56,0.7729365163691104,5.373343197382237e-05,14627.200512886047,0.751329779624939,0.751329779624939,0.7504616975784302,0.6919254660606384,0.0017666977364569902,0.998377319713615,0.0,1
moe_oeo_N49_k49_L4_lr0.002_s27,moe_oeo,49,49,1.0,27,57,0.7733457316070387,4.163387527353236e-05,14892.553586006165,0.75,0.75,0.7491762042045593,0.691591739654541,0.0017589058261364698,0.9983756060624163,0.0,1
moe_oeo_N49_k49_L4_lr0.002_s27,moe_oeo,49,49,1.0,27,58,0.7700973748820558,3.218854281081372e-05,15159.267686128616,0.751329779624939,0.751329779624939,0.7504612803459167,0.6910787224769592,0.0017610020004212856,0.9983755344709944,0.0,1
moe_oeo_N49_k49_L4_lr0.002_s27,moe_oeo,49,49,1.0,27,59,0.7719148364105181,2.5423323585409333e-05,15424.493796348572,0.7526595592498779,0.7526595592498779,0.7518095970153809,0.6911063194274902,0.0017591387731954455,0.9983749166973003,0.0,1
moe_oeo_N49_k49_L4_lr0.002_s27,moe_oeo,49,49,1.0,27,60,0.7693989805400916,2.1356760592971906e-05,15686.975273609161,0.75,0.75,0.7491762042045593,0.6911702156066895,0.001757990219630301,0.9983749853237615,0.0,1
d2nn_expert_global_N4_k4_L4_lr0.002_s17,d2nn_expert_global,4,4,1.0,17,1,2.7565008522815084,0.002,57.829509258270264,0.2779255211353302,0.2779255509376526,0.22388288378715515,2.316970109939575,0.03206324204802513,,,
d2nn_expert_global_N4_k4_L4_lr0.002_s17,d2nn_expert_global,4,4,1.0,17,2,2.2280317667072222,0.001998643239407028,116.08166456222534,0.30319148302078247,0.30319148302078247,0.24655434489250183,2.023531675338745,0.03277380391955376,,,
d2nn_expert_global_N4_k4_L4_lr0.002_s17,d2nn_expert_global,4,4,1.0,17,3,2.002644641707613,0.0019945766764145906,173.19520735740662,0.332446813583374,0.332446813583374,0.27695557475090027,1.8388545513153076,0.03335506469011307,,,
d2nn_expert_global_N4_k4_L4_lr0.002_s17,d2nn_expert_global,4,4,1.0,17,4,1.8578213919039186,0.0019878114571891866,228.99200773239136,0.36303192377090454,0.36303192377090454,0.30525463819503784,1.7170366048812866,0.033429164439439774,,,
d2nn_expert_global_N4_k4_L4_lr0.002_s17,d2nn_expert_global,4,4,1.0,17,5,1.7497992348691371,0.0019783661247264675,286.68368458747864,0.375,0.375,0.32464438676834106,1.6267328262329102,0.03305206075310707,,,
d2nn_expert_global_N4_k4_L4_lr0.002_s17,d2nn_expert_global,4,4,1.0,17,6,1.6925347001976483,0.0019662665680261777,342.41517901420593,0.39095744490623474,0.39095741510391235,0.34755605459213257,1.5492057800292969,0.03287111595273018,,,
d2nn_expert_global_N4_k4_L4_lr0.002_s17,d2nn_expert_global,4,4,1.0,17,7,1.6243445393650635,0.0019515459511322021,400.0221574306488,0.40425533056259155,0.40425533056259155,0.369034081697464,1.4909154176712036,0.03256382420659065,,,
d2nn_expert_global_N4_k4_L4_lr0.002_s17,d2nn_expert_global,4,4,1.0,17,8,1.5615479219194552,0.0019342446222322296,460.4190275669098,0.41888296604156494,0.41888296604156494,0.39257851243019104,1.4389097690582275,0.03226982057094574,,,
d2nn_expert_global_N4_k4_L4_lr0.002_s17,d2nn_expert_global,4,4,1.0,17,9,1.521948813252389,0.0019144100030661748,517.783549785614,0.4335106313228607,0.4335106611251831,0.4081867039203644,1.4009125232696533,0.0320097841322422,,,
d2nn_expert_global_N4_k4_L4_lr0.002_s17,d2nn_expert_global,4,4,1.0,17,10,1.4886080028327633,0.0018920964589464841,574.3019213676453,0.4414893686771393,0.44148939847946167,0.41623640060424805,1.359145164489746,0.03226623311638832,,,
d2nn_expert_global_N4_k4_L4_lr0.002_s17,d2nn_expert_global,4,4,1.0,17,11,1.4468422952580124,0.0018673651497465944,632.1745021343231,0.457446813583374,0.457446813583374,0.43148982524871826,1.3253458738327026,0.03235791251063347,,,
d2nn_expert_global_N4_k4_L4_lr0.002_s17,d2nn_expert_global,4,4,1.0,17,12,1.4304892814475787,0.0018402838622659698,691.2854943275452,0.4760638177394867,0.4760638475418091,0.44919073581695557,1.3081037998199463,0.032524142414331436,,,
d2nn_expert_global_N4_k4_L4_lr0.002_s17,d2nn_expert_global,4,4,1.0,17,13,1.4017466579704252,0.001810926824431198,748.3541629314423,0.478723406791687,0.478723406791687,0.4550144374370575,1.2828152179718018,0.033026665449142456,,,
d2nn_expert_global_N4_k4_L4_lr0.002_s17,d2nn_expert_global,4,4,1.0,17,14,1.3695286954391628,0.0017793745018424012,808.0833756923676,0.48404255509376526,0.48404252529144287,0.45583078265190125,1.263964295387268,0.03319038078188896,,,
d2nn_expert_global_N4_k4_L4_lr0.002_s17,d2nn_expert_global,4,4,1.0,17,15,1.359607141924231,0.0017457133772226204,866.2418124675751,0.4973404109477997,0.49734044075012207,0.47133946418762207,1.2493653297424316,0.03346477821469307,,,
d2nn_expert_global_N4_k4_L4_lr0.002_s17,d2nn_expert_global,4,4,1.0,17,16,1.339357745480728,0.001710035713374682,923.7202286720276,0.501329779624939,0.501329779624939,0.4756726026535034,1.2359325885772705,0.0335853211581707,,,
d2nn_expert_global_N4_k4_L4_lr0.002_s17,d2nn_expert_global,4,4,1.0,17,17,1.336213880443954,0.0016724393002952695,979.5949070453644,0.5039893388748169,0.5039893388748169,0.4770420491695404,1.2160922288894653,0.03411877527832985,,,
d2nn_expert_global_N4_k4_L4_lr0.002_s17,d2nn_expert_global,4,4,1.0,17,18,1.3071361485545494,0.0016330271871393392,1035.0772142410278,0.5132978558540344,0.5132978558540344,0.48983821272850037,1.2065640687942505,0.03410641849040985,,,
d2nn_expert_global_N4_k4_L4_lr0.002_s17,d2nn_expert_global,4,4,1.0,17,19,1.3064762172905822,0.0015919073997695485,1091.5145602226257,0.5239361524581909,0.5239361524581909,0.4997701048851013,1.1949702501296997,0.03467778116464615,,,
d2nn_expert_global_N4_k4_L4_lr0.002_s17,d2nn_expert_global,4,4,1.0,17,20,1.2927316610603572,0.001549192644664877,1149.9102292060852,0.5252659320831299,0.5252659320831299,0.5036892890930176,1.1915444135665894,0.034644994884729385,,,
d2nn_expert_global_N4_k4_L4_lr0.002_s17,d2nn_expert_global,4,4,1.0,17,21,1.2764030392175396,0.0015049999999999998,1207.4049181938171,0.5292553305625916,0.5292553305625916,0.5083490014076233,1.176837682723999,0.03514894098043442,,,
d2nn_expert_global_N4_k4_L4_lr0.002_s17,d2nn_expert_global,4,4,1.0,17,22,1.2658916703727283,0.0014594505947421513,1267.4146540164948,0.539893627166748,0.5398935675621033,0.5199747085571289,1.1671581268310547,0.035270947962999344,,,
d2nn_expert_global_N4_k4_L4_lr0.002_s17,d2nn_expert_global,4,4,1.0,17,23,1.2590093751816445,0.0014126692766450425,1325.1027534008026,0.5438829660415649,0.5438829660415649,0.5223749279975891,1.155066728591919,0.03574863448739052,,,
d2nn_expert_global_N4_k4_L4_lr0.002_s17,d2nn_expert_global,4,4,1.0,17,24,1.247486573163437,0.0013647842700498477,1383.1968586444855,0.5492021441459656,0.5492021441459656,0.5301682949066162,1.1458790302276611,0.03619133308529854,,,
d2nn_expert_global_N4_k4_L4_lr0.002_s17,d2nn_expert_global,4,4,1.0,17,25,1.2342792819232837,0.001315926824431198,1441.3735587596893,0.5518617033958435,0.5518617033958435,0.5338883996009827,1.1376956701278687,0.03644946217536926,,,
d2nn_expert_global_N4_k4_L4_lr0.002_s17,d2nn_expert_global,4,4,1.0,17,26,1.2384636940936384,0.0012662308546514955,1499.793697834015,0.5598404407501221,0.5598403811454773,0.5435474514961243,1.1284910440444946,0.03704781085252762,,,
d2nn_expert_global_N4_k4_L4_lr0.002_s17,d2nn_expert_global,4,4,1.0,17,27,1.2223641492732584,0.0012158325739095818,1558.1577408313751,0.5664893388748169,0.5664893388748169,0.5498850345611572,1.124291181564331,0.03710198029875755,,,
d2nn_expert_global_N4_k4_L4_lr0.002_s17,d2nn_expert_global,4,4,1.0,17,28,1.213606540249771,0.0011648701203898287,1613.1457467079163,0.5771276354789734,0.5771276354789734,0.5630929470062256,1.1178330183029175,0.0370318777859211,,,
d2nn_expert_global_N4_k4_L4_lr0.002_s17,d2nn_expert_global,4,4,1.0,17,29,1.2128434215744608,0.001113483178634977,1670.1484608650208,0.5784574747085571,0.5784574151039124,0.5631693601608276,1.1131834983825684,0.037100039422512054,,,
d2nn_expert_global_N4_k4_L4_lr0.002_s17,d2nn_expert_global,4,4,1.0,17,30,1.2036315379706828,0.0010618125966805143,1729.7627093791962,0.5864361524581909,0.5864361524581909,0.5725078582763672,1.1034177541732788,0.03766613081097603,,,
d2nn_expert_global_N4_k4_L4_lr0.002_s17,d2nn_expert_global,4,4,1.0,17,31,1.2029583390342862,0.0010100000000000003,1786.7734725475311,0.5904255509376526,0.5904255509376526,0.5779423713684082,1.1010512113571167,0.03745322301983833,,,
d2nn_expert_global_N4_k4_L4_lr0.002_s17,d2nn_expert_global,4,4,1.0,17,32,1.193690873308269,0.0009581874033194859,1839.6310441493988,0.5970744490623474,0.5970744490623474,0.5848284959793091,1.0965741872787476,0.037831492722034454,,,
d2nn_expert_global_N4_k4_L4_lr0.002_s17,d2nn_expert_global,4,4,1.0,17,33,1.1896967385134332,0.0009065168213650232,1893.987441778183,0.602393627166748,0.602393627166748,0.5897582173347473,1.0874780416488647,0.038125112652778625,,,
d2nn_expert_global_N4_k4_L4_lr0.002_s17,d2nn_expert_global,4,4,1.0,17,34,1.1791314273205113,0.0008551298796101715,1948.5975923538208,0.5984042286872864,0.5984042882919312,0.5838731527328491,1.0840730667114258,0.038583021610975266,,,
d2nn_expert_global_N4_k4_L4_lr0.002_s17,d2nn_expert_global,4,4,1.0,17,35,1.1760777179662087,0.0008041674260904182,2000.951967716217,0.6077127456665039,0.6077128052711487,0.595923662185669,1.079693078994751,0.03832881152629852,,,
d2nn_expert_global_N4_k4_L4_lr0.002_s17,d2nn_expert_global,4,4,1.0,17,36,1.1636109944756172,0.0007537691453485046,2054.1533057689667,0.6117021441459656,0.6117021441459656,0.6005991101264954,1.0755789279937744,0.03827321156859398,,,
d2nn_expert_global_N4_k4_L4_lr0.002_s17,d2nn_expert_global,4,4,1.0,17,37,1.1742883252753924,0.0007040731755688022,2107.9981195926666,0.6170212626457214,0.6170212626457214,0.6062195301055908,1.0711041688919067,0.038459036499261856,,,
d2nn_expert_global_N4_k4_L4_lr0.002_s17,d2nn_expert_global,4,4,1.0,17,38,1.163842047756053,0.0006552157299501527,2163.516457080841,0.6117021441459656,0.6117021441459656,0.5995567440986633,1.0694940090179443,0.03854343667626381,,,
d2nn_expert_global_N4_k4_L4_lr0.002_s17,d2nn_expert_global,4,4,1.0,17,39,1.1640526432561003,0.000607330723354958,2222.2757728099823,0.6143617033958435,0.6143617033958435,0.6028407216072083,1.0659773349761963,0.03838187828660011,,,
d2nn_expert_global_N4_k4_L4_lr0.002_s17,d2nn_expert_global,4,4,1.0,17,40,1.162166664980726,0.0005605494052578487,2282.2134280204773,0.6276595592498779,0.6276596188545227,0.6170467734336853,1.0650330781936646,0.03857867047190666,,,
d2nn_expert_global_N4_k4_L4_lr0.002_s17,d2nn_expert_global,4,4,1.0,17,41,1.1520357738976201,0.0005150000000000003,2335.4372684955597,0.625,0.6250000596046448,0.6139888167381287,1.0614231824874878,0.03878775238990784,,,
d2nn_expert_global_N4_k4_L4_lr0.002_s17,d2nn_expert_global,4,4,1.0,17,42,1.1559252556855684,0.00047080735533512353,2388.7724974155426,0.6276595592498779,0.6276596188545227,0.6164136528968811,1.0592681169509888,0.03880785405635834,,,
d2nn_expert_global_N4_k4_L4_lr0.002_s17,d2nn_expert_global,4,4,1.0,17,43,1.1513048775204922,0.0004280926002304517,2440.7301847934723,0.6289893388748169,0.6289893984794617,0.6180372834205627,1.058233618736267,0.038596317172050476,,,
d2nn_expert_global_N4_k4_L4_lr0.002_s17,d2nn_expert_global,4,4,1.0,17,44,1.148769960742971,0.0003869728128606611,2493.470882177353,0.6303191781044006,0.6303191781044006,0.6191204786300659,1.0549851655960083,0.03907120227813721,,,
d2nn_expert_global_N4_k4_L4_lr0.002_s17,d2nn_expert_global,4,4,1.0,17,45,1.139728339771702,0.0003475606997047307,2546.2077264785767,0.6329787373542786,0.6329787373542786,0.6224178075790405,1.0551358461380005,0.038926105946302414,,,
d2nn_expert_global_N4_k4_L4_lr0.002_s17,d2nn_expert_global,4,4,1.0,17,46,1.1440909055304038,0.0003099642866253181,2600.799651861191,0.6343085169792175,0.6343085765838623,0.6236319541931152,1.0518821477890015,0.03940584138035774,,,
d2nn_expert_global_N4_k4_L4_lr0.002_s17,d2nn_expert_global,4,4,1.0,17,47,1.1441031021648618,0.0002742866227773799,2653.9598004817963,0.6329787373542786,0.6329787373542786,0.6221446990966797,1.0518277883529663,0.03891348838806152,,,
d2nn_expert_global_N4_k4_L4_lr0.002_s17,d2nn_expert_global,4,4,1.0,17,48,1.13848600746664,0.00024062549815759878,2707.9163250923157,0.6289893388748169,0.6289893984794617,0.6173425316810608,1.0506181716918945,0.03913087025284767,,,
d2nn_expert_global_N4_k4_L4_lr0.002_s17,d2nn_expert_global,4,4,1.0,17,49,1.1379638631151963,0.0002090731755688021,2759.147210121155,0.6329787373542786,0.6329787969589233,0.6218289136886597,1.051294207572937,0.038868214935064316,,,
d2nn_expert_global_N4_k4_L4_lr0.002_s17,d2nn_expert_global,4,4,1.0,17,50,1.143415868384381,0.00017971613773403027,2810.8235070705414,0.6316489577293396,0.6316489577293396,0.6200827360153198,1.0484364032745361,0.039243184030056,,,
d2nn_expert_global_N4_k4_L4_lr0.002_s17,d2nn_expert_global,4,4,1.0,17,51,1.1355911705081594,0.00015263485025340568,2864.3643596172333,0.6303191781044006,0.6303191781044006,0.6186869144439697,1.0483736991882324,0.03920157998800278,,,
d2nn_expert_global_N4_k4_L4_lr0.002_s17,d2nn_expert_global,4,4,1.0,17,52,1.1359085164981209,0.00012790354105351589,2919.4907302856445,0.6316489577293396,0.6316489577293396,0.6203944087028503,1.0471222400665283,0.03928282484412193,,,
d2nn_expert_global_N4_k4_L4_lr0.002_s17,d2nn_expert_global,4,4,1.0,17,53,1.141096062788136,0.00010558999693382504,2973.914346933365,0.6329787373542786,0.6329787373542786,0.6216846704483032,1.0466904640197754,0.03928498923778534,,,
d2nn_expert_global_N4_k4_L4_lr0.002_s17,d2nn_expert_global,4,4,1.0,17,54,1.1327950591944396,8.575537776777028e-05,3028.22722697258,0.6329787373542786,0.6329787373542786,0.6216846704483032,1.046099066734314,0.0393773689866066,,,
d2nn_expert_global_N4_k4_L4_lr0.002_s17,d2nn_expert_global,4,4,1.0,17,55,1.1328955592851253,6.845404886779801e-05,3080.8420839309692,0.6329787373542786,0.6329787373542786,0.6216846704483032,1.0456792116165161,0.039374757558107376,,,
d2nn_expert_global_N4_k4_L4_lr0.002_s17,d2nn_expert_global,4,4,1.0,17,56,1.1298099058641964,5.373343197382237e-05,3135.6024222373962,0.6329787373542786,0.6329787373542786,0.6216846704483032,1.0453351736068726,0.03939954563975334,,,
d2nn_expert_global_N4_k4_L4_lr0.002_s17,d2nn_expert_global,4,4,1.0,17,57,1.133028764736979,4.163387527353236e-05,3189.1314463615417,0.6329787373542786,0.6329787373542786,0.6216846704483032,1.0454498529434204,0.039300668984651566,,,
d2nn_expert_global_N4_k4_L4_lr0.002_s17,d2nn_expert_global,4,4,1.0,17,58,1.1336831521651107,3.218854281081372e-05,3242.5278046131134,0.6329787373542786,0.6329787373542786,0.6216846704483032,1.0453906059265137,0.03928810730576515,,,
d2nn_expert_global_N4_k4_L4_lr0.002_s17,d2nn_expert_global,4,4,1.0,17,59,1.1338803379043734,2.5423323585409333e-05,3295.6964116096497,0.6329787373542786,0.6329787373542786,0.6216846704483032,1.044861912727356,0.03936845809221268,,,
d2nn_expert_global_N4_k4_L4_lr0.002_s17,d2nn_expert_global,4,4,1.0,17,60,1.1383038691104683,2.1356760592971906e-05,3348.0493891239166,0.6329787373542786,0.6329787373542786,0.6216846704483032,1.0447990894317627,0.03936644271016121,,,
d2nn_expert_global_N4_k4_L4_lr0.002_s27,d2nn_expert_global,4,4,1.0,27,1,2.7124543530551812,0.002,57.7014422416687,0.2805851101875305,0.2805851101875305,0.22749674320220947,2.3126108646392822,0.031989604234695435,,,
d2nn_expert_global_N4_k4_L4_lr0.002_s27,d2nn_expert_global,4,4,1.0,27,2,2.227181740623971,0.001998643239407028,115.26155924797058,0.3085106313228607,0.3085106611251831,0.2532580494880676,2.005315065383911,0.03304802253842354,,,
d2nn_expert_global_N4_k4_L4_lr0.002_s27,d2nn_expert_global,4,4,1.0,27,3,2.007049912195568,0.0019945766764145906,173.16331243515015,0.3297872245311737,0.3297872543334961,0.27460581064224243,1.8342355489730835,0.0334574319422245,,,
d2nn_expert_global_N4_k4_L4_lr0.002_s27,d2nn_expert_global,4,4,1.0,27,4,1.8685693077181709,0.0019878114571891866,231.55299353599548,0.36702126264572144,0.36702126264572144,0.3113468885421753,1.7151670455932617,0.03341737389564514,,,
d2nn_expert_global_N4_k4_L4_lr0.002_s27,d2nn_expert_global,4,4,1.0,27,5,1.7520150462650272,0.0019783661247264675,289.6426134109497,0.37367022037506104,0.37367022037506104,0.32264021039009094,1.6215101480484009,0.03345160558819771,,,
d2nn_expert_global_N4_k4_L4_lr0.002_s27,d2nn_expert_global,4,4,1.0,27,6,1.6804909336903733,0.0019662665680261777,342.8179371356964,0.3856382966041565,0.3856382966041565,0.3473450541496277,1.5495766401290894,0.03298601135611534,,,
d2nn_expert_global_N4_k4_L4_lr0.002_s27,d2nn_expert_global,4,4,1.0,27,7,1.6140864611726646,0.0019515459511322021,395.98133754730225,0.4029255211353302,0.4029255509376526,0.3695829510688782,1.4858641624450684,0.032794009894132614,,,
d2nn_expert_global_N4_k4_L4_lr0.002_s27,d2nn_expert_global,4,4,1.0,27,8,1.558460449008909,0.0019342446222322296,446.10998010635376,0.41090425848960876,0.4109042286872864,0.3842049539089203,1.442352056503296,0.032427068799734116,,,
d2nn_expert_global_N4_k4_L4_lr0.002_s27,d2nn_expert_global,4,4,1.0,27,9,1.524342658993316,0.0019144100030661748,497.26441192626953,0.43218085169792175,0.43218085169792175,0.4053410589694977,1.3995482921600342,0.032220009714365005,,,
d2nn_expert_global_N4_k4_L4_lr0.002_s27,d2nn_expert_global,4,4,1.0,27,10,1.4911883476203027,0.0018920964589464841,548.5897150039673,0.44946807622909546,0.44946807622909546,0.42367929220199585,1.3604952096939087,0.03257596120238304,,,
d2nn_expert_global_N4_k4_L4_lr0.002_s27,d2nn_expert_global,4,4,1.0,27,11,1.4410296562446716,0.0018673651497465944,600.3795428276062,0.46276596188545227,0.4627659320831299,0.4389771819114685,1.3255856037139893,0.0326920785009861,,,
d2nn_expert_global_N4_k4_L4_lr0.002_s27,d2nn_expert_global,4,4,1.0,27,12,1.4152680720419508,0.0018402838622659698,653.9123258590698,0.478723406791687,0.478723406791687,0.45435529947280884,1.3014317750930786,0.03289158269762993,,,
d2nn_expert_global_N4_k4_L4_lr0.002_s27,d2nn_expert_global,4,4,1.0,27,13,1.3968009687364782,0.001810926824431198,708.7941620349884,0.47739362716674805,0.47739362716674805,0.4515378773212433,1.280442714691162,0.03354575112462044,,,
d2nn_expert_global_N4_k4_L4_lr0.002_s27,d2nn_expert_global,4,4,1.0,27,14,1.3772673981187686,0.0017793745018424012,763.5039248466492,0.4893617033958435,0.4893617033958435,0.4649196267127991,1.2641594409942627,0.0336180105805397,,,
d2nn_expert_global_N4_k4_L4_lr0.002_s27,d2nn_expert_global,4,4,1.0,27,15,1.359862000660197,0.0017457133772226204,818.6870222091675,0.49202126264572144,0.49202126264572144,0.46242377161979675,1.248260736465454,0.03456709161400795,,,
d2nn_expert_global_N4_k4_L4_lr0.002_s27,d2nn_expert_global,4,4,1.0,27,16,1.3450998293584613,0.001710035713374682,871.2875602245331,0.5053191781044006,0.5053191781044006,0.48138880729675293,1.2305099964141846,0.034616801887750626,,,
d2nn_expert_global_N4_k4_L4_lr0.002_s27,d2nn_expert_global,4,4,1.0,27,17,1.3240358539980297,0.0016724393002952695,923.8298718929291,0.5079787373542786,0.5079787373542786,0.4839184880256653,1.220577359199524,0.034679971635341644,,,
d2nn_expert_global_N4_k4_L4_lr0.002_s27,d2nn_expert_global,4,4,1.0,27,18,1.310947095873217,0.0016330271871393392,977.5144398212433,0.5132978558540344,0.5132978558540344,0.4901845157146454,1.2097245454788208,0.03473450616002083,,,
d2nn_expert_global_N4_k4_L4_lr0.002_s27,d2nn_expert_global,4,4,1.0,27,19,1.3043481602618412,0.0015919073997695485,1030.5791466236115,0.519946813583374,0.519946813583374,0.4968404471874237,1.1996830701828003,0.035164184868335724,,,
d2nn_expert_global_N4_k4_L4_lr0.002_s27,d2nn_expert_global,4,4,1.0,27,20,1.2982590790820994,0.001549192644664877,1084.602581501007,0.5305851101875305,0.5305850505828857,0.5076227784156799,1.188798427581787,0.035780880600214005,,,
d2nn_expert_global_N4_k4_L4_lr0.002_s27,d2nn_expert_global,4,4,1.0,27,21,1.2751904311908844,0.0015049999999999998,1138.179646730423,0.541223406791687,0.541223406791687,0.5215811133384705,1.174668312072754,0.036403533071279526,,,
d2nn_expert_global_N4_k4_L4_lr0.002_s27,d2nn_expert_global,4,4,1.0,27,22,1.267470912582594,0.0014594505947421513,1191.8176045417786,0.5518617033958435,0.5518617033958435,0.5334904789924622,1.1657133102416992,0.03653313219547272,,,
d2nn_expert_global_N4_k4_L4_lr0.002_s27,d2nn_expert_global,4,4,1.0,27,23,1.2583917178485764,0.0014126692766450425,1243.9109637737274,0.563829779624939,0.563829779624939,0.5444630980491638,1.157137155532837,0.03665665164589882,,,
d2nn_expert_global_N4_k4_L4_lr0.002_s27,d2nn_expert_global,4,4,1.0,27,24,1.250788660430813,0.0013647842700498477,1292.9483530521393,0.5651595592498779,0.5651595592498779,0.5484775900840759,1.1494110822677612,0.036841798573732376,,,
d2nn_expert_global_N4_k4_L4_lr0.002_s27,d2nn_expert_global,4,4,1.0,27,25,1.248425477749953,0.001315926824431198,1345.7483382225037,0.5651595592498779,0.5651595592498779,0.5470249056816101,1.143361210823059,0.03733247518539429,,,
d2nn_expert_global_N4_k4_L4_lr0.002_s27,d2nn_expert_global,4,4,1.0,27,26,1.2335664565466582,0.0012662308546514955,1398.6013762950897,0.5731382966041565,0.5731382966041565,0.5557084083557129,1.1373406648635864,0.03725998476147652,,,
d2nn_expert_global_N4_k4_L4_lr0.002_s27,d2nn_expert_global,4,4,1.0,27,27,1.2223526206735063,0.0012158325739095818,1452.7302737236023,0.5704787373542786,0.5704787373542786,0.5523589253425598,1.1290371417999268,0.03774481266736984,,,
d2nn_expert_global_N4_k4_L4_lr0.002_s27,d2nn_expert_global,4,4,1.0,27,28,1.2231439807915796,0.0011648701203898287,1505.2524321079254,0.582446813583374,0.582446813583374,0.5678563117980957,1.121340036392212,0.03785144165158272,,,
d2nn_expert_global_N4_k4_L4_lr0.002_s27,d2nn_expert_global,4,4,1.0,27,29,1.214233740781472,0.001113483178634977,1560.8490917682648,0.583776593208313,0.583776593208313,0.5696387887001038,1.1156997680664062,0.037976209074258804,,,
d2nn_expert_global_N4_k4_L4_lr0.002_s27,d2nn_expert_global,4,4,1.0,27,30,1.2080311464171296,0.0010618125966805143,1613.4795756340027,0.5864361524581909,0.5864361524581909,0.5725222229957581,1.1115761995315552,0.03817218914628029,,,
d2nn_expert_global_N4_k4_L4_lr0.002_s27,d2nn_expert_global,4,4,1.0,27,31,1.194289835714246,0.0010100000000000003,1667.1239495277405,0.5917553305625916,0.5917553305625916,0.5781360864639282,1.107518196105957,0.037939660251140594,,,
d2nn_expert_global_N4_k4_L4_lr0.002_s27,d2nn_expert_global,4,4,1.0,27,32,1.1939900414295257,0.0009581874033194859,1722.307654619217,0.5917553305625916,0.5917553305625916,0.5800285935401917,1.1035425662994385,0.037982769310474396,,,
d2nn_expert_global_N4_k4_L4_lr0.002_s27,d2nn_expert_global,4,4,1.0,27,33,1.1862927952772815,0.0009065168213650232,1777.4151628017426,0.5917553305625916,0.5917553305625916,0.5804384350776672,1.0988389253616333,0.03798259422183037,,,
d2nn_expert_global_N4_k4_L4_lr0.002_s27,d2nn_expert_global,4,4,1.0,27,34,1.189899013620125,0.0008551298796101715,1829.9955577850342,0.5970744490623474,0.5970744490623474,0.5852853655815125,1.0918915271759033,0.03844781965017319,,,
d2nn_expert_global_N4_k4_L4_lr0.002_s27,d2nn_expert_global,4,4,1.0,27,35,1.1784393737033076,0.0008041674260904182,1883.0726408958435,0.603723406791687,0.603723406791687,0.5918689966201782,1.088801383972168,0.03852372616529465,,,
d2nn_expert_global_N4_k4_L4_lr0.002_s27,d2nn_expert_global,4,4,1.0,27,36,1.174484529800407,0.0007537691453485046,1935.6399145126343,0.605053186416626,0.605053186416626,0.5934944152832031,1.0836693048477173,0.03880852833390236,,,
d2nn_expert_global_N4_k4_L4_lr0.002_s27,d2nn_expert_global,4,4,1.0,27,37,1.1674543266188881,0.0007040731755688022,1991.148518562317,0.6103723645210266,0.6103723645210266,0.5993874073028564,1.0797253847122192,0.03916851803660393,,,
d2nn_expert_global_N4_k4_L4_lr0.002_s27,d2nn_expert_global,4,4,1.0,27,38,1.1692768734237646,0.0006552157299501527,2045.9800310134888,0.6063829660415649,0.6063829660415649,0.5937182307243347,1.0772799253463745,0.03900902718305588,,,
d2nn_expert_global_N4_k4_L4_lr0.002_s27,d2nn_expert_global,4,4,1.0,27,39,1.1673322820772318,0.000607330723354958,2099.671445608139,0.6130319237709045,0.6130319237709045,0.6008626818656921,1.0748233795166016,0.03900118172168732,,,
d2nn_expert_global_N4_k4_L4_lr0.002_s27,d2nn_expert_global,4,4,1.0,27,40,1.165719518676128,0.0005605494052578487,2150.584043979645,0.6156914830207825,0.6156914830207825,0.6033605933189392,1.0698325634002686,0.039244621992111206,,,
d2nn_expert_global_N4_k4_L4_lr0.002_s27,d2nn_expert_global,4,4,1.0,27,41,1.1609516748945872,0.0005150000000000003,2201.563962697983,0.6196808218955994,0.6196808218955994,0.6081187725067139,1.0682669878005981,0.03921826183795929,,,
d2nn_expert_global_N4_k4_L4_lr0.002_s27,d2nn_expert_global,4,4,1.0,27,42,1.1534421217955275,0.00047080735533512353,2254.952173948288,0.6183510422706604,0.6183510422706604,0.6073234677314758,1.0695390701293945,0.038881927728652954,,,
d2nn_expert_global_N4_k4_L4_lr0.002_s27,d2nn_expert_global,4,4,1.0,27,43,1.1553479618558737,0.0004280926002304517,2308.487837076187,0.625,0.6250000596046448,0.6143083572387695,1.0677601099014282,0.03871367871761322,,,
d2nn_expert_global_N4_k4_L4_lr0.002_s27,d2nn_expert_global,4,4,1.0,27,44,1.1548426046406162,0.0003869728128606611,2362.1981613636017,0.6210106611251831,0.6210106611251831,0.6102500557899475,1.0654513835906982,0.03886466845870018,,,
d2nn_expert_global_N4_k4_L4_lr0.002_s27,d2nn_expert_global,4,4,1.0,27,45,1.1450575486284822,0.0003475606997047307,2415.197124004364,0.623670220375061,0.623670220375061,0.6130484342575073,1.0644820928573608,0.038852643221616745,,,
d2nn_expert_global_N4_k4_L4_lr0.002_s27,d2nn_expert_global,4,4,1.0,27,46,1.1514608110450038,0.0003099642866253181,2469.483770132065,0.626329779624939,0.626329779624939,0.6155453324317932,1.0599693059921265,0.03920173645019531,,,
d2nn_expert_global_N4_k4_L4_lr0.002_s27,d2nn_expert_global,4,4,1.0,27,47,1.144176628457629,0.0002742866227773799,2523.176581144333,0.626329779624939,0.626329779624939,0.6157487034797668,1.0596990585327148,0.03928162157535553,,,
d2nn_expert_global_N4_k4_L4_lr0.002_s27,d2nn_expert_global,4,4,1.0,27,48,1.1434493167793642,0.00024062549815759878,2575.453068971634,0.626329779624939,0.626329779624939,0.615651547908783,1.0581331253051758,0.03919178992509842,,,
d2nn_expert_global_N4_k4_L4_lr0.002_s27,d2nn_expert_global,4,4,1.0,27,49,1.1432331045026376,0.0002090731755688021,2627.2543666362762,0.626329779624939,0.626329779624939,0.615651547908783,1.0573110580444336,0.03910420089960098,,,
d2nn_expert_global_N4_k4_L4_lr0.002_s27,d2nn_expert_global,4,4,1.0,27,50,1.1455638634729874,0.00017971613773403027,2680.074299812317,0.6223404407501221,0.6223404407501221,0.6115866303443909,1.056337594985962,0.039133552461862564,,,
d2nn_expert_global_N4_k4_L4_lr0.002_s27,d2nn_expert_global,4,4,1.0,27,51,1.1379047985949882,0.00015263485025340568,2733.7492327690125,0.623670220375061,0.623670220375061,0.613013744354248,1.0551825761795044,0.03924677148461342,,,
d2nn_expert_global_N4_k4_L4_lr0.002_s27,d2nn_expert_global,4,4,1.0,27,52,1.1424988252472252,0.00012790354105351589,2787.498630285263,0.625,0.625,0.6142265200614929,1.0542265176773071,0.03927191346883774,,,
d2nn_expert_global_N4_k4_L4_lr0.002_s27,d2nn_expert_global,4,4,1.0,27,53,1.1401770366143147,0.00010558999693382504,2842.0551040172577,0.623670220375061,0.623670220375061,0.6128856539726257,1.0548666715621948,0.039104584604501724,,,
d2nn_expert_global_N4_k4_L4_lr0.002_s27,d2nn_expert_global,4,4,1.0,27,54,1.1325691775695237,8.575537776777028e-05,2896.925514936447,0.623670220375061,0.623670220375061,0.6129401326179504,1.0540815591812134,0.039184022694826126,,,
d2nn_expert_global_N4_k4_L4_lr0.002_s27,d2nn_expert_global,4,4,1.0,27,55,1.146253993870801,6.845404886779801e-05,2951.8369719982147,0.623670220375061,0.623670220375061,0.6131209135055542,1.0537394285202026,0.039193786680698395,,,
d2nn_expert_global_N4_k4_L4_lr0.002_s27,d2nn_expert_global,4,4,1.0,27,56,1.1343102466706272,5.373343197382237e-05,3006.1447246074677,0.6223404407501221,0.6223404407501221,0.6117799878120422,1.0534225702285767,0.03919873759150505,,,
d2nn_expert_global_N4_k4_L4_lr0.002_s27,d2nn_expert_global,4,4,1.0,27,57,1.1389554631407266,4.163387527353236e-05,3059.605199098587,0.625,0.625,0.6142810583114624,1.053166151046753,0.039237961173057556,,,
d2nn_expert_global_N4_k4_L4_lr0.002_s27,d2nn_expert_global,4,4,1.0,27,58,1.133769909719422,3.218854281081372e-05,3113.2634296417236,0.623670220375061,0.623670220375061,0.6131209135055542,1.0531318187713623,0.039228808134794235,,,
d2nn_expert_global_N4_k4_L4_lr0.002_s27,d2nn_expert_global,4,4,1.0,27,59,1.1393283655161046,2.5423323585409333e-05,3167.8574278354645,0.625,0.625,0.6142810583114624,1.0530365705490112,0.039219073951244354,,,
d2nn_expert_global_N4_k4_L4_lr0.002_s27,d2nn_expert_global,4,4,1.0,27,60,1.1316722156097219,2.1356760592971906e-05,3222.2966895103455,0.623670220375061,0.623670220375061,0.6129401326179504,1.0532054901123047,0.03917499631643295,,,
d2nn_expert_global_N16_k16_L4_lr0.002_s17,d2nn_expert_global,16,16,1.0,17,1,2.911406583539699,0.002,61.34575009346008,0.29654255509376526,0.29654255509376526,0.2376956194639206,2.443854570388794,0.008517111651599407,,,
d2nn_expert_global_N16_k16_L4_lr0.002_s17,d2nn_expert_global,16,16,1.0,17,2,2.345445387669282,0.001998643239407028,122.73809766769409,0.3257978856563568,0.3257978558540344,0.26834625005722046,2.080434799194336,0.009098761714994907,,,
d2nn_expert_global_N16_k16_L4_lr0.002_s17,d2nn_expert_global,16,16,1.0,17,3,2.0892593677083378,0.0019945766764145906,184.67761182785034,0.37632977962493896,0.37632977962493896,0.3300713896751404,1.8609164953231812,0.010962977074086666,,,
d2nn_expert_global_N16_k16_L4_lr0.002_s17,d2nn_expert_global,16,16,1.0,17,4,1.8906025521406165,0.0019878114571891866,247.1877419948578,0.40425533056259155,0.40425533056259155,0.35767942667007446,1.7113187313079834,0.013872591778635979,,,
d2nn_expert_global_N16_k16_L4_lr0.002_s17,d2nn_expert_global,16,16,1.0,17,5,1.7647597248321527,0.0019783661247264675,309.8486261367798,0.4055851101875305,0.4055851101875305,0.362943559885025,1.6102466583251953,0.019207729026675224,,,
d2nn_expert_global_N16_k16_L4_lr0.002_s17,d2nn_expert_global,16,16,1.0,17,6,1.6877090079054984,0.0019662665680261777,370.79671835899353,0.417553186416626,0.417553186416626,0.3830386698246002,1.5266131162643433,0.024949753656983376,,,
d2nn_expert_global_N16_k16_L4_lr0.002_s17,d2nn_expert_global,16,16,1.0,17,7,1.608180073417349,0.0019515459511322021,433.88626885414124,0.42553192377090454,0.42553192377090454,0.39944931864738464,1.462952971458435,0.029097838327288628,,,
d2nn_expert_global_N16_k16_L4_lr0.002_s17,d2nn_expert_global,16,16,1.0,17,8,1.5397493098118262,0.0019342446222322296,496.60022044181824,0.4481382966041565,0.4481382966041565,0.43084976077079773,1.4062488079071045,0.033208929002285004,,,
d2nn_expert_global_N16_k16_L4_lr0.002_s17,d2nn_expert_global,16,16,1.0,17,9,1.4934847196776708,0.0019144100030661748,559.9410259723663,0.4614361822605133,0.4614361822605133,0.44884708523750305,1.367166519165039,0.03944912180304527,,,
d2nn_expert_global_N16_k16_L4_lr0.002_s17,d2nn_expert_global,16,16,1.0,17,10,1.4706200656978643,0.0018920964589464841,622.6648721694946,0.4694148898124695,0.4694148898124695,0.4541011154651642,1.3252079486846924,0.04408307373523712,,,
d2nn_expert_global_N16_k16_L4_lr0.002_s17,d2nn_expert_global,16,16,1.0,17,11,1.435708631374384,0.0018673651497465944,684.5856494903564,0.4867021143436432,0.4867021441459656,0.47351235151290894,1.293074369430542,0.04654943197965622,,,
d2nn_expert_global_N16_k16_L4_lr0.002_s17,d2nn_expert_global,16,16,1.0,17,12,1.4085714518173373,0.0018402838622659698,747.5742738246918,0.4960106313228607,0.4960106313228607,0.48119938373565674,1.2742246389389038,0.05320611223578453,,,
d2nn_expert_global_N16_k16_L4_lr0.002_s17,d2nn_expert_global,16,16,1.0,17,13,1.3787683366912684,0.001810926824431198,810.0705819129944,0.5119680762290955,0.5119681358337402,0.4996013343334198,1.2425568103790283,0.05316776782274246,,,
d2nn_expert_global_N16_k16_L4_lr0.002_s17,d2nn_expert_global,16,16,1.0,17,14,1.3555840127102043,0.0017793745018424012,871.5629153251648,0.5239361524581909,0.5239361524581909,0.5116708278656006,1.2151756286621094,0.051793280988931656,,,
d2nn_expert_global_N16_k16_L4_lr0.002_s17,d2nn_expert_global,16,16,1.0,17,15,1.3357043766148695,0.0017457133772226204,933.9331858158112,0.5332446694374084,0.5332446694374084,0.5226651430130005,1.194230079650879,0.05052262172102928,,,
d2nn_expert_global_N16_k16_L4_lr0.002_s17,d2nn_expert_global,16,16,1.0,17,16,1.309698512769181,0.001710035713374682,994.5596137046814,0.541223406791687,0.541223406791687,0.5314006209373474,1.1749147176742554,0.05822402238845825,,,
d2nn_expert_global_N16_k16_L4_lr0.002_s17,d2nn_expert_global,16,16,1.0,17,17,1.2988626902761389,0.0016724393002952695,1058.2552919387817,0.5518617033958435,0.5518617033958435,0.5426790714263916,1.1553292274475098,0.05328569561243057,,,
d2nn_expert_global_N16_k16_L4_lr0.002_s17,d2nn_expert_global,16,16,1.0,17,18,1.2717319617226517,0.0016330271871393392,1119.957198381424,0.5571808218955994,0.5571808218955994,0.5477294325828552,1.1449549198150635,0.05749935284256935,,,
d2nn_expert_global_N16_k16_L4_lr0.002_s17,d2nn_expert_global,16,16,1.0,17,19,1.2599165009496283,0.0015919073997695485,1184.5531749725342,0.563829779624939,0.563829779624939,0.5545997619628906,1.1305195093154907,0.05473693460226059,,,
d2nn_expert_global_N16_k16_L4_lr0.002_s17,d2nn_expert_global,16,16,1.0,17,20,1.2518601705783714,0.001549192644664877,1249.4084928035736,0.5744680762290955,0.5744680762290955,0.5662040710449219,1.1274147033691406,0.07355125993490219,,,
d2nn_expert_global_N16_k16_L4_lr0.002_s17,d2nn_expert_global,16,16,1.0,17,21,1.2291287242022415,0.0015049999999999998,1310.3620805740356,0.5744680762290955,0.5744681358337402,0.5656594634056091,1.1070703268051147,0.06481209397315979,,,
d2nn_expert_global_N16_k16_L4_lr0.002_s17,d2nn_expert_global,16,16,1.0,17,22,1.2154335397716662,0.0014594505947421513,1371.8382391929626,0.583776593208313,0.583776593208313,0.5755371451377869,1.0943373441696167,0.06321714073419571,,,
d2nn_expert_global_N16_k16_L4_lr0.002_s17,d2nn_expert_global,16,16,1.0,17,23,1.2072469507892654,0.0014126692766450425,1433.8256297111511,0.5957446694374084,0.5957447290420532,0.5848627090454102,1.0817208290100098,0.06519906222820282,,,
d2nn_expert_global_N16_k16_L4_lr0.002_s17,d2nn_expert_global,16,16,1.0,17,24,1.193191804306488,0.0013647842700498477,1496.7633891105652,0.5890957713127136,0.5890957713127136,0.5798264145851135,1.0728694200515747,0.06884583830833435,,,
d2nn_expert_global_N16_k16_L4_lr0.002_s17,d2nn_expert_global,16,16,1.0,17,25,1.193675113799365,0.001315926824431198,1559.5466856956482,0.5930851101875305,0.5930851101875305,0.5829552412033081,1.0619187355041504,0.06704095751047134,,,
d2nn_expert_global_N16_k16_L4_lr0.002_s17,d2nn_expert_global,16,16,1.0,17,26,1.182952602738387,0.0012662308546514955,1620.0716683864594,0.602393627166748,0.602393627166748,0.594496488571167,1.049211859703064,0.05761308968067169,,,
d2nn_expert_global_N16_k16_L4_lr0.002_s17,d2nn_expert_global,16,16,1.0,17,27,1.1717694740759454,0.0012158325739095818,1681.7463393211365,0.603723406791687,0.603723406791687,0.5937914848327637,1.044731616973877,0.06307444721460342,,,
d2nn_expert_global_N16_k16_L4_lr0.002_s17,d2nn_expert_global,16,16,1.0,17,28,1.1543578269410895,0.0011648701203898287,1743.2693302631378,0.6063829660415649,0.6063829660415649,0.6004632711410522,1.0369772911071777,0.056927405297756195,,,
d2nn_expert_global_N16_k16_L4_lr0.002_s17,d2nn_expert_global,16,16,1.0,17,29,1.1524815148499594,0.001113483178634977,1804.7364780902863,0.603723406791687,0.603723406791687,0.5946006178855896,1.0317955017089844,0.06460617482662201,,,
d2nn_expert_global_N16_k16_L4_lr0.002_s17,d2nn_expert_global,16,16,1.0,17,30,1.1446388703792199,0.0010618125966805143,1867.1225259304047,0.6077127456665039,0.6077127456665039,0.6001354455947876,1.0254749059677124,0.06802136451005936,,,
d2nn_expert_global_N16_k16_L4_lr0.002_s17,d2nn_expert_global,16,16,1.0,17,31,1.142131867448557,0.0010100000000000003,1929.757784128189,0.6143617033958435,0.6143617033958435,0.60838782787323,1.022955298423767,0.0661466121673584,,,
d2nn_expert_global_N16_k16_L4_lr0.002_s17,d2nn_expert_global,16,16,1.0,17,32,1.1333333791816207,0.0009581874033194859,1991.8310725688934,0.6170212626457214,0.6170212626457214,0.6102593541145325,1.0154855251312256,0.06479287147521973,,,
d2nn_expert_global_N16_k16_L4_lr0.002_s17,d2nn_expert_global,16,16,1.0,17,33,1.1264906731353366,0.0009065168213650232,2053.1340136528015,0.6170212626457214,0.6170212626457214,0.6106785535812378,1.0055829286575317,0.060841042548418045,,,
d2nn_expert_global_N16_k16_L4_lr0.002_s17,d2nn_expert_global,16,16,1.0,17,34,1.1146639825087297,0.0008551298796101715,2116.04696726799,0.6156914830207825,0.6156914830207825,0.6068222522735596,1.0035955905914307,0.06507112830877304,,,
d2nn_expert_global_N16_k16_L4_lr0.002_s17,d2nn_expert_global,16,16,1.0,17,35,1.1189530044964187,0.0008041674260904182,2177.5317509174347,0.6196808218955994,0.6196808218955994,0.6136443018913269,0.9996556043624878,0.06693053990602493,,,
d2nn_expert_global_N16_k16_L4_lr0.002_s17,d2nn_expert_global,16,16,1.0,17,36,1.1066946568537384,0.0007537691453485046,2238.281079053879,0.6210106611251831,0.6210106015205383,0.6151297092437744,0.9952206611633301,0.06102936714887619,,,
d2nn_expert_global_N16_k16_L4_lr0.002_s17,d2nn_expert_global,16,16,1.0,17,37,1.1080181653692163,0.0007040731755688022,2300.9490826129913,0.626329779624939,0.626329779624939,0.6210726499557495,0.9911656379699707,0.0673506110906601,,,
d2nn_expert_global_N16_k16_L4_lr0.002_s17,d2nn_expert_global,16,16,1.0,17,38,1.0991673037307719,0.0006552157299501527,2363.1573901176453,0.625,0.625,0.6188427805900574,0.9900722503662109,0.06904434412717819,,,
d2nn_expert_global_N16_k16_L4_lr0.002_s17,d2nn_expert_global,16,16,1.0,17,39,1.1013117224726503,0.000607330723354958,2424.9690952301025,0.6289893388748169,0.6289893388748169,0.6238391399383545,0.9865052103996277,0.06450719386339188,,,
d2nn_expert_global_N16_k16_L4_lr0.002_s17,d2nn_expert_global,16,16,1.0,17,40,1.0943699624287346,0.0005605494052578487,2487.6603543758392,0.6316489577293396,0.6316489577293396,0.6257765293121338,0.9836291074752808,0.06683831661939621,,,
d2nn_expert_global_N16_k16_L4_lr0.002_s17,d2nn_expert_global,16,16,1.0,17,41,1.0865155188239193,0.0005150000000000003,2550.1136631965637,0.6316489577293396,0.6316489577293396,0.6265140175819397,0.9807391166687012,0.06577906012535095,,,
d2nn_expert_global_N16_k16_L4_lr0.002_s17,d2nn_expert_global,16,16,1.0,17,42,1.0874190962869146,0.00047080735533512353,2612.0133080482483,0.6343085169792175,0.6343085765838623,0.6290906071662903,0.9789755344390869,0.06430212408304214,,,
d2nn_expert_global_N16_k16_L4_lr0.002_s17,d2nn_expert_global,16,16,1.0,17,43,1.0779579668284551,0.0004280926002304517,2673.3430347442627,0.6356382966041565,0.6356382966041565,0.6312292218208313,0.9778175950050354,0.06677431613206863,,,
d2nn_expert_global_N16_k16_L4_lr0.002_s17,d2nn_expert_global,16,16,1.0,17,44,1.0813231541855968,0.0003869728128606611,2735.7119965553284,0.6356382966041565,0.6356382966041565,0.6314597129821777,0.9743895530700684,0.06535131484270096,,,
d2nn_expert_global_N16_k16_L4_lr0.002_s17,d2nn_expert_global,16,16,1.0,17,45,1.0754655222217107,0.0003475606997047307,2796.4864950180054,0.6356382966041565,0.6356382966041565,0.6315457224845886,0.9728354215621948,0.06650908291339874,,,
d2nn_expert_global_N16_k16_L4_lr0.002_s17,d2nn_expert_global,16,16,1.0,17,46,1.0722866320395714,0.0003099642866253181,2858.5898084640503,0.6343085169792175,0.6343085169792175,0.6301853656768799,0.9714362025260925,0.06786566227674484,,,
d2nn_expert_global_N16_k16_L4_lr0.002_s17,d2nn_expert_global,16,16,1.0,17,47,1.07292155356712,0.0002742866227773799,2920.631483078003,0.6369680762290955,0.6369681358337402,0.6329917907714844,0.9706536531448364,0.06554905325174332,,,
d2nn_expert_global_N16_k16_L4_lr0.002_s17,d2nn_expert_global,16,16,1.0,17,48,1.0711274744611081,0.00024062549815759878,2982.545244693756,0.6329787373542786,0.6329787373542786,0.6282488107681274,0.9696022868156433,0.06717216968536377,,,
d2nn_expert_global_N16_k16_L4_lr0.002_s17,d2nn_expert_global,16,16,1.0,17,49,1.0720179352960357,0.0002090731755688021,3044.867571592331,0.6343085169792175,0.6343085169792175,0.6303375363349915,0.9695659279823303,0.06896819174289703,,,
d2nn_expert_global_N16_k16_L4_lr0.002_s17,d2nn_expert_global,16,16,1.0,17,50,1.0691473632795763,0.00017971613773403027,3108.4824600219727,0.6369680762290955,0.6369680762290955,0.632830798625946,0.9680835008621216,0.06754635274410248,,,
d2nn_expert_global_N16_k16_L4_lr0.002_s17,d2nn_expert_global,16,16,1.0,17,51,1.0609465098119082,0.00015263485025340568,3170.7783586978912,0.6369680762290955,0.6369680762290955,0.632830798625946,0.9676220417022705,0.06927984207868576,,,
d2nn_expert_global_N16_k16_L4_lr0.002_s17,d2nn_expert_global,16,16,1.0,17,52,1.062323046031676,0.00012790354105351589,3232.5736799240112,0.6329787373542786,0.6329787373542786,0.6285122632980347,0.9668294191360474,0.06890005618333817,,,
d2nn_expert_global_N16_k16_L4_lr0.002_s17,d2nn_expert_global,16,16,1.0,17,53,1.0680432208052508,0.00010558999693382504,3293.593143939972,0.6369680762290955,0.6369681358337402,0.632308840751648,0.9659238457679749,0.06851870566606522,,,
d2nn_expert_global_N16_k16_L4_lr0.002_s17,d2nn_expert_global,16,16,1.0,17,54,1.0663489674018125,8.575537776777028e-05,3356.1889600753784,0.6343085169792175,0.6343085169792175,0.6298125982284546,0.9655740261077881,0.06981004774570465,,,
d2nn_expert_global_N16_k16_L4_lr0.002_s17,d2nn_expert_global,16,16,1.0,17,55,1.0635071619324488,6.845404886779801e-05,3418.683571100235,0.6343085169792175,0.6343085169792175,0.6298125982284546,0.9652411937713623,0.06859127432107925,,,
d2nn_expert_global_N16_k16_L4_lr0.002_s17,d2nn_expert_global,16,16,1.0,17,56,1.061252405433214,5.373343197382237e-05,3480.992906808853,0.6356382966041565,0.6356383562088013,0.6310376524925232,0.9647993445396423,0.06842371821403503,,,
d2nn_expert_global_N16_k16_L4_lr0.002_s17,d2nn_expert_global,16,16,1.0,17,57,1.064250094016597,4.163387527353236e-05,3544.7163751125336,0.6343085169792175,0.6343085169792175,0.6298125982284546,0.9648010730743408,0.06781680136919022,,,
d2nn_expert_global_N16_k16_L4_lr0.002_s17,d2nn_expert_global,16,16,1.0,17,58,1.0610787856167174,3.218854281081372e-05,3607.283204317093,0.6343085169792175,0.6343085169792175,0.6298125982284546,0.9646674990653992,0.06871341168880463,,,
d2nn_expert_global_N16_k16_L4_lr0.002_s17,d2nn_expert_global,16,16,1.0,17,59,1.0645068027759523,2.5423323585409333e-05,3668.5819144248962,0.6356382966041565,0.6356383562088013,0.6313813328742981,0.9640328288078308,0.06791763007640839,,,
d2nn_expert_global_N16_k16_L4_lr0.002_s17,d2nn_expert_global,16,16,1.0,17,60,1.059209811777625,2.1356760592971906e-05,3731.8722376823425,0.6356382966041565,0.6356383562088013,0.6313813328742981,0.964005172252655,0.06800658255815506,,,
d2nn_expert_global_N16_k16_L4_lr0.002_s27,d2nn_expert_global,16,16,1.0,27,1,2.8963994070139107,0.002,61.48506999015808,0.30718085169792175,0.30718085169792175,0.24606388807296753,2.4411494731903076,0.008689426816999912,,,
d2nn_expert_global_N16_k16_L4_lr0.002_s27,d2nn_expert_global,16,16,1.0,27,2,2.3217717961973796,0.001998643239407028,127.26220941543579,0.3297872245311737,0.3297872543334961,0.27294600009918213,2.089179277420044,0.00928841345012188,,,
d2nn_expert_global_N16_k16_L4_lr0.002_s27,d2nn_expert_global,16,16,1.0,27,3,2.09916024777579,0.0019945766764145906,190.57715106010437,0.3710106313228607,0.3710106313228607,0.3247773051261902,1.8670724630355835,0.01152037549763918,,,
d2nn_expert_global_N16_k16_L4_lr0.002_s27,d2nn_expert_global,16,16,1.0,27,4,1.8929226676674058,0.0019878114571891866,251.11833834648132,0.39760637283325195,0.39760637283325195,0.35513848066329956,1.6979255676269531,0.014989607036113739,,,
d2nn_expert_global_N16_k16_L4_lr0.002_s27,d2nn_expert_global,16,16,1.0,27,5,1.7472658695219314,0.0019783661247264675,317.2555115222931,0.4029255211353302,0.4029255509376526,0.36777880787849426,1.5899395942687988,0.020076612010598183,,,
d2nn_expert_global_N16_k16_L4_lr0.002_s27,d2nn_expert_global,16,16,1.0,27,6,1.6674365514642708,0.0019662665680261777,378.6881823539734,0.40824466943740845,0.40824466943740845,0.38274502754211426,1.5078710317611694,0.02634263038635254,,,
d2nn_expert_global_N16_k16_L4_lr0.002_s27,d2nn_expert_global,16,16,1.0,27,7,1.5993233980466377,0.0019515459511322021,444.5169007778168,0.42553192377090454,0.42553192377090454,0.4075956642627716,1.4414992332458496,0.02912510745227337,,,
d2nn_expert_global_N16_k16_L4_lr0.002_s27,d2nn_expert_global,16,16,1.0,27,8,1.5499036998390199,0.0019342446222322296,506.30581307411194,0.4414893686771393,0.4414893388748169,0.4265660047531128,1.3939114809036255,0.03667900338768959,,,
d2nn_expert_global_N16_k16_L4_lr0.002_s27,d2nn_expert_global,16,16,1.0,27,9,1.496340400611633,0.0019144100030661748,571.864369392395,0.47074466943740845,0.47074466943740845,0.45495855808258057,1.352235198020935,0.04159121960401535,,,
d2nn_expert_global_N16_k16_L4_lr0.002_s27,d2nn_expert_global,16,16,1.0,27,10,1.4666985503597756,0.0018920964589464841,638.1640875339508,0.48803192377090454,0.48803192377090454,0.4750501215457916,1.316915512084961,0.04438721761107445,,,
d2nn_expert_global_N16_k16_L4_lr0.002_s27,d2nn_expert_global,16,16,1.0,27,11,1.4297717908848093,0.0018673651497465944,703.8133027553558,0.49069148302078247,0.49069148302078247,0.479207843542099,1.2863240242004395,0.04829087108373642,,,
d2nn_expert_global_N16_k16_L4_lr0.002_s27,d2nn_expert_global,16,16,1.0,27,12,1.4011479892415,0.0018402838622659698,768.8089745044708,0.5066489577293396,0.5066489577293396,0.4947153925895691,1.2594425678253174,0.052159447222948074,,,
d2nn_expert_global_N16_k16_L4_lr0.002_s27,d2nn_expert_global,16,16,1.0,27,13,1.3810842769671248,0.001810926824431198,834.3240923881531,0.5146276354789734,0.5146276950836182,0.5036085844039917,1.2358739376068115,0.05225944519042969,,,
d2nn_expert_global_N16_k16_L4_lr0.002_s27,d2nn_expert_global,16,16,1.0,27,14,1.3486515142397792,0.0017793745018424012,900.71311211586,0.5292553305625916,0.5292553305625916,0.5187755823135376,1.2155040502548218,0.054646268486976624,,,
d2nn_expert_global_N16_k16_L4_lr0.002_s27,d2nn_expert_global,16,16,1.0,27,15,1.3201888314529098,0.0017457133772226204,966.6794021129608,0.5359042286872864,0.5359042286872864,0.525199830532074,1.1948989629745483,0.060998592525720596,,,
d2nn_expert_global_N16_k16_L4_lr0.002_s27,d2nn_expert_global,16,16,1.0,27,16,1.3108204490500905,0.001710035713374682,1032.9757618904114,0.542553186416626,0.542553186416626,0.5333775281906128,1.177327275276184,0.06128664314746857,,,
d2nn_expert_global_N16_k16_L4_lr0.002_s27,d2nn_expert_global,16,16,1.0,27,17,1.290221886284071,0.0016724393002952695,1099.4369688034058,0.542553186416626,0.542553186416626,0.5333367586135864,1.1620855331420898,0.05986693501472473,,,
d2nn_expert_global_N16_k16_L4_lr0.002_s27,d2nn_expert_global,16,16,1.0,27,18,1.2758065211463328,0.0016330271871393392,1165.4531915187836,0.5505319237709045,0.5505319237709045,0.5399557948112488,1.1492286920547485,0.06455723941326141,,,
d2nn_expert_global_N16_k16_L4_lr0.002_s27,d2nn_expert_global,16,16,1.0,27,19,1.2615938146160617,0.0015919073997695485,1225.8439679145813,0.5651595592498779,0.5651596188545227,0.556135356426239,1.1336551904678345,0.06049635633826256,,,
d2nn_expert_global_N16_k16_L4_lr0.002_s27,d2nn_expert_global,16,16,1.0,27,20,1.2442461282406088,0.001549192644664877,1290.2164237499237,0.5731382966041565,0.5731382966041565,0.5633589625358582,1.1222023963928223,0.06448560953140259,,,
d2nn_expert_global_N16_k16_L4_lr0.002_s27,d2nn_expert_global,16,16,1.0,27,21,1.2354806254460524,0.0015049999999999998,1356.24711227417,0.5744680762290955,0.5744681358337402,0.5645601749420166,1.1051764488220215,0.06338710337877274,,,
d2nn_expert_global_N16_k16_L4_lr0.002_s27,d2nn_expert_global,16,16,1.0,27,22,1.22583423227446,0.0014594505947421513,1420.1378786563873,0.5811170339584351,0.5811170339584351,0.571274995803833,1.0908315181732178,0.060376472771167755,,,
d2nn_expert_global_N16_k16_L4_lr0.002_s27,d2nn_expert_global,16,16,1.0,27,23,1.2017017804494459,0.0014126692766450425,1486.1587672233582,0.583776593208313,0.583776593208313,0.5735166072845459,1.07920241355896,0.060848645865917206,,,
d2nn_expert_global_N16_k16_L4_lr0.002_s27,d2nn_expert_global,16,16,1.0,27,24,1.2022261215314336,0.0013647842700498477,1551.2299315929413,0.5904255509376526,0.5904255509376526,0.5817475318908691,1.0716021060943604,0.06571989506483078,,,
d2nn_expert_global_N16_k16_L4_lr0.002_s27,d2nn_expert_global,16,16,1.0,27,25,1.1934474421214296,0.001315926824431198,1617.2476630210876,0.5944148898124695,0.5944148898124695,0.5847305059432983,1.0617082118988037,0.061797913163900375,,,
d2nn_expert_global_N16_k16_L4_lr0.002_s27,d2nn_expert_global,16,16,1.0,27,26,1.1712908786657739,0.0012662308546514955,1682.2295446395874,0.5970744490623474,0.5970744490623474,0.5871831178665161,1.0519194602966309,0.06171305477619171,,,
d2nn_expert_global_N16_k16_L4_lr0.002_s27,d2nn_expert_global,16,16,1.0,27,27,1.1618664330679531,0.0012158325739095818,1748.5971949100494,0.5997340679168701,0.5997340679168701,0.5889332890510559,1.0435887575149536,0.06570268422365189,,,
d2nn_expert_global_N16_k16_L4_lr0.002_s27,d2nn_expert_global,16,16,1.0,27,28,1.150384983974913,0.0011648701203898287,1812.9608788490295,0.602393627166748,0.602393627166748,0.594039261341095,1.0367867946624756,0.06217928230762482,,,
d2nn_expert_global_N16_k16_L4_lr0.002_s27,d2nn_expert_global,16,16,1.0,27,29,1.1504436335420092,0.001113483178634977,1876.270562171936,0.6063829660415649,0.6063829660415649,0.5958461165428162,1.0310850143432617,0.0638766661286354,,,
d2nn_expert_global_N16_k16_L4_lr0.002_s27,d2nn_expert_global,16,16,1.0,27,30,1.1492894195088241,0.0010618125966805143,1941.0816142559052,0.603723406791687,0.603723406791687,0.593764066696167,1.0237019062042236,0.06401215493679047,,,
d2nn_expert_global_N16_k16_L4_lr0.002_s27,d2nn_expert_global,16,16,1.0,27,31,1.1367154304941767,0.0010100000000000003,2004.902745962143,0.6143617033958435,0.6143617033958435,0.6046985387802124,1.018107295036316,0.06178005039691925,,,
d2nn_expert_global_N16_k16_L4_lr0.002_s27,d2nn_expert_global,16,16,1.0,27,32,1.1287340715476504,0.0009581874033194859,2068.7952466011047,0.6130319237709045,0.6130319237709045,0.6061404347419739,1.016787052154541,0.0696321651339531,,,
d2nn_expert_global_N16_k16_L4_lr0.002_s27,d2nn_expert_global,16,16,1.0,27,33,1.1169240366599467,0.0009065168213650232,2130.3702743053436,0.6183510422706604,0.6183510422706604,0.6111793518066406,1.0070651769638062,0.05852356180548668,,,
d2nn_expert_global_N16_k16_L4_lr0.002_s27,d2nn_expert_global,16,16,1.0,27,34,1.1177145018067942,0.0008551298796101715,2194.3757796287537,0.6210106611251831,0.6210106611251831,0.6145867109298706,1.0016688108444214,0.06624127924442291,,,
d2nn_expert_global_N16_k16_L4_lr0.002_s27,d2nn_expert_global,16,16,1.0,27,35,1.1110171532113802,0.0008041674260904182,2260.5120475292206,0.6223404407501221,0.6223404407501221,0.6145511865615845,0.997829020023346,0.06685677170753479,,,
d2nn_expert_global_N16_k16_L4_lr0.002_s27,d2nn_expert_global,16,16,1.0,27,36,1.1072181313719651,0.0007537691453485046,2320.5954768657684,0.6289893388748169,0.6289893984794617,0.6223607659339905,0.9932891726493835,0.06630998104810715,,,
d2nn_expert_global_N16_k16_L4_lr0.002_s27,d2nn_expert_global,16,16,1.0,27,37,1.0930371932328156,0.0007040731755688022,2384.0201625823975,0.6196808218955994,0.6196808815002441,0.6131465435028076,0.9903246164321899,0.06373491883277893,,,
d2nn_expert_global_N16_k16_L4_lr0.002_s27,d2nn_expert_global,16,16,1.0,27,38,1.098450693484719,0.0006552157299501527,2450.12818980217,0.6223404407501221,0.6223404407501221,0.6154383420944214,0.98757004737854,0.0679091066122055,,,
d2nn_expert_global_N16_k16_L4_lr0.002_s27,d2nn_expert_global,16,16,1.0,27,39,1.0842008252530337,0.000607330723354958,2514.346589565277,0.625,0.625,0.6182054281234741,0.9840264916419983,0.062498144805431366,,,
d2nn_expert_global_N16_k16_L4_lr0.002_s27,d2nn_expert_global,16,16,1.0,27,40,1.0797019142181226,0.0005605494052578487,2577.9662957191467,0.6276595592498779,0.6276596188545227,0.621206521987915,0.9793754816055298,0.06368378549814224,,,
d2nn_expert_global_N16_k16_L4_lr0.002_s27,d2nn_expert_global,16,16,1.0,27,41,1.0878408599525826,0.0005150000000000003,2642.1031794548035,0.6316489577293396,0.6316489577293396,0.625957727432251,0.9771701693534851,0.06408797949552536,,,
d2nn_expert_global_N16_k16_L4_lr0.002_s27,d2nn_expert_global,16,16,1.0,27,42,1.0786474157107748,0.00047080735533512353,2704.8151853084564,0.6343085169792175,0.6343085169792175,0.6282446980476379,0.9789826273918152,0.07002945244312286,,,
d2nn_expert_global_N16_k16_L4_lr0.002_s27,d2nn_expert_global,16,16,1.0,27,43,1.0843264939918367,0.0004280926002304517,2769.1559624671936,0.6369680762290955,0.6369680762290955,0.6314469575881958,0.9747503995895386,0.06611519306898117,,,
d2nn_expert_global_N16_k16_L4_lr0.002_s27,d2nn_expert_global,16,16,1.0,27,44,1.0821907731734182,0.0003869728128606611,2834.7129147052765,0.6382978558540344,0.6382979154586792,0.6332215666770935,0.9721260070800781,0.06593738496303558,,,
d2nn_expert_global_N16_k16_L4_lr0.002_s27,d2nn_expert_global,16,16,1.0,27,45,1.073411642195291,0.0003475606997047307,2899.3466238975525,0.6409574747085571,0.6409574747085571,0.6352219581604004,0.9705241918563843,0.06496898829936981,,,
d2nn_expert_global_N16_k16_L4_lr0.002_s27,d2nn_expert_global,16,16,1.0,27,46,1.0679827448678072,0.0003099642866253181,2965.715610265732,0.6382978558540344,0.6382978558540344,0.6328624486923218,0.9674199223518372,0.06602609157562256,,,
d2nn_expert_global_N16_k16_L4_lr0.002_s27,d2nn_expert_global,16,16,1.0,27,47,1.0619767321333222,0.0002742866227773799,3030.7474434375763,0.6356382966041565,0.6356382966041565,0.6304150819778442,0.9666416645050049,0.06513042002916336,,,
d2nn_expert_global_N16_k16_L4_lr0.002_s27,d2nn_expert_global,16,16,1.0,27,48,1.0658031543844366,0.00024062549815759878,3091.573346376419,0.6409574747085571,0.6409574747085571,0.6354967951774597,0.9659848809242249,0.0662589892745018,,,
d2nn_expert_global_N16_k16_L4_lr0.002_s27,d2nn_expert_global,16,16,1.0,27,49,1.0712590737770138,0.0002090731755688021,3154.089024066925,0.6369680762290955,0.6369680762290955,0.6313731670379639,0.9640285968780518,0.0652967169880867,,,
d2nn_expert_global_N16_k16_L4_lr0.002_s27,d2nn_expert_global,16,16,1.0,27,50,1.0643447109468316,0.00017971613773403027,3217.780568599701,0.6356382966041565,0.6356383562088013,0.6304124593734741,0.964262068271637,0.06624794006347656,,,
d2nn_expert_global_N16_k16_L4_lr0.002_s27,d2nn_expert_global,16,16,1.0,27,51,1.0579970367507983,0.00015263485025340568,3283.090531349182,0.6422872543334961,0.6422872543334961,0.637519359588623,0.9632242321968079,0.06570153683423996,,,
d2nn_expert_global_N16_k16_L4_lr0.002_s27,d2nn_expert_global,16,16,1.0,27,52,1.064805243359921,0.00012790354105351589,3349.5861921310425,0.6422872543334961,0.6422872543334961,0.6375435590744019,0.9617597460746765,0.06499215215444565,,,
d2nn_expert_global_N16_k16_L4_lr0.002_s27,d2nn_expert_global,16,16,1.0,27,53,1.0622503327282324,0.00010558999693382504,3415.4969539642334,0.6422872543334961,0.6422872543334961,0.6375435590744019,0.9624607563018799,0.06639470160007477,,,
d2nn_expert_global_N16_k16_L4_lr0.002_s27,d2nn_expert_global,16,16,1.0,27,54,1.06050161574223,8.575537776777028e-05,3477.1184051036835,0.6422872543334961,0.6422872543334961,0.6375455260276794,0.9616161584854126,0.06665842235088348,,,
d2nn_expert_global_N16_k16_L4_lr0.002_s27,d2nn_expert_global,16,16,1.0,27,55,1.0672828042582017,6.845404886779801e-05,3535.9983987808228,0.6422872543334961,0.6422872543334961,0.6375783085823059,0.9620094299316406,0.06708528101444244,,,
d2nn_expert_global_N16_k16_L4_lr0.002_s27,d2nn_expert_global,16,16,1.0,27,56,1.0543153628740953,5.373343197382237e-05,3599.5584650039673,0.6422872543334961,0.6422872543334961,0.637732982635498,0.9614299535751343,0.06741812080144882,,,
d2nn_expert_global_N16_k16_L4_lr0.002_s27,d2nn_expert_global,16,16,1.0,27,57,1.0645926828372831,4.163387527353236e-05,3664.7540669441223,0.6422872543334961,0.6422872543334961,0.6375139951705933,0.9611026048660278,0.06675258278846741,,,
d2nn_expert_global_N16_k16_L4_lr0.002_s27,d2nn_expert_global,16,16,1.0,27,58,1.0602679888645536,3.218854281081372e-05,3729.4902381896973,0.6436170339584351,0.6436170339584351,0.6391085982322693,0.9610804319381714,0.06669935584068298,,,
d2nn_expert_global_N16_k16_L4_lr0.002_s27,d2nn_expert_global,16,16,1.0,27,59,1.0600514310288782,2.5423323585409333e-05,3794.7728102207184,0.6422872543334961,0.6422872543334961,0.6377701163291931,0.9609664678573608,0.06685267388820648,,,
d2nn_expert_global_N16_k16_L4_lr0.002_s27,d2nn_expert_global,16,16,1.0,27,60,1.0549665611220278,2.1356760592971906e-05,3855.490077495575,0.6422872543334961,0.6422872543334961,0.637732982635498,0.9611808657646179,0.06724248826503754,,,
d2nn_expert_global_N25_k25_L4_lr0.002_s17,d2nn_expert_global,25,25,1.0,17,1,2.944065330643632,0.002,107.25677299499512,0.3191489279270172,0.3191489577293396,0.25424835085868835,2.432966709136963,0.005385349504649639,,,
d2nn_expert_global_N25_k25_L4_lr0.002_s17,d2nn_expert_global,25,25,1.0,17,2,2.389102992742029,0.001998643239407028,213.4973611831665,0.33909574151039124,0.33909574151039124,0.275727778673172,2.0608575344085693,0.0056146965362131596,,,
d2nn_expert_global_N25_k25_L4_lr0.002_s17,d2nn_expert_global,25,25,1.0,17,3,2.107526208652549,0.0019945766764145906,322.13930225372314,0.3789893686771393,0.3789893388748169,0.32811278104782104,1.8457802534103394,0.0073901885189116,,,
d2nn_expert_global_N25_k25_L4_lr0.002_s17,d2nn_expert_global,25,25,1.0,17,4,1.9052788460346526,0.0019878114571891866,429.7532093524933,0.41489362716674805,0.41489362716674805,0.3686220049858093,1.6931220293045044,0.011111462488770485,,,
d2nn_expert_global_N25_k25_L4_lr0.002_s17,d2nn_expert_global,25,25,1.0,17,5,1.766764065752563,0.0019783661247264675,537.4196705818176,0.42952126264572144,0.42952126264572144,0.390377014875412,1.5865877866744995,0.016388442367315292,,,
d2nn_expert_global_N25_k25_L4_lr0.002_s17,d2nn_expert_global,25,25,1.0,17,6,1.6871603994234785,0.0019662665680261777,644.5918874740601,0.4414893686771393,0.4414893388748169,0.4121716022491455,1.5065436363220215,0.022399557754397392,,,
d2nn_expert_global_N25_k25_L4_lr0.002_s17,d2nn_expert_global,25,25,1.0,17,7,1.606937548817565,0.0019515459511322021,751.615471124649,0.457446813583374,0.457446813583374,0.43498414754867554,1.4430702924728394,0.02601115219295025,,,
d2nn_expert_global_N25_k25_L4_lr0.002_s17,d2nn_expert_global,25,25,1.0,17,8,1.5394819203560075,0.0019342446222322296,859.5786411762238,0.47473403811454773,0.47473400831222534,0.4586285948753357,1.388838768005371,0.03021184913814068,,,
d2nn_expert_global_N25_k25_L4_lr0.002_s17,d2nn_expert_global,25,25,1.0,17,9,1.498709685615685,0.0019144100030661748,966.9385969638824,0.4973404109477997,0.4973404109477997,0.4856441617012024,1.3513199090957642,0.03580199554562569,,,
d2nn_expert_global_N25_k25_L4_lr0.002_s17,d2nn_expert_global,25,25,1.0,17,10,1.4634463088374297,0.0018920964589464841,1073.929265499115,0.5039893388748169,0.5039893388748169,0.49271637201309204,1.312190055847168,0.04142294451594353,,,
d2nn_expert_global_N25_k25_L4_lr0.002_s17,d2nn_expert_global,25,25,1.0,17,11,1.4381996521462588,0.0018673651497465944,1182.1194732189178,0.5106382966041565,0.5106382966041565,0.49979114532470703,1.2806034088134766,0.0447159968316555,,,
d2nn_expert_global_N25_k25_L4_lr0.002_s17,d2nn_expert_global,25,25,1.0,17,12,1.3987440327054834,0.0018402838622659698,1291.3351337909698,0.5172872543334961,0.5172872543334961,0.5064361095428467,1.2640515565872192,0.049447763711214066,,,
d2nn_expert_global_N25_k25_L4_lr0.002_s17,d2nn_expert_global,25,25,1.0,17,13,1.3749195265256242,0.001810926824431198,1398.9047319889069,0.5252659320831299,0.5252659320831299,0.5174822211265564,1.2310320138931274,0.04658034071326256,,,
d2nn_expert_global_N25_k25_L4_lr0.002_s17,d2nn_expert_global,25,25,1.0,17,14,1.360043169615884,0.0017793745018424012,1506.9475145339966,0.5305851101875305,0.5305851101875305,0.5217167139053345,1.2053163051605225,0.045985907316207886,,,
d2nn_expert_global_N25_k25_L4_lr0.002_s17,d2nn_expert_global,25,25,1.0,17,15,1.3363529412441602,0.0017457133772226204,1614.60457777977,0.542553186416626,0.542553186416626,0.5344176292419434,1.1846404075622559,0.04589983820915222,,,
d2nn_expert_global_N25_k25_L4_lr0.002_s17,d2nn_expert_global,25,25,1.0,17,16,1.3113203944561824,0.001710035713374682,1722.3840234279633,0.5492021441459656,0.5492021441459656,0.5410524010658264,1.167151927947998,0.05295904725790024,,,
d2nn_expert_global_N25_k25_L4_lr0.002_s17,d2nn_expert_global,25,25,1.0,17,17,1.2931662470391487,0.0016724393002952695,1829.9504203796387,0.5571808218955994,0.5571808815002441,0.550554633140564,1.1485029458999634,0.04622158780694008,,,
d2nn_expert_global_N25_k25_L4_lr0.002_s17,d2nn_expert_global,25,25,1.0,17,18,1.2673176156705646,0.0016330271871393392,1937.892062664032,0.5545212626457214,0.5545212626457214,0.5483986735343933,1.141271710395813,0.05278415232896805,,,
d2nn_expert_global_N25_k25_L4_lr0.002_s17,d2nn_expert_global,25,25,1.0,17,19,1.2541701530263711,0.0015919073997695485,2045.991793870926,0.5704787373542786,0.5704787373542786,0.5640581250190735,1.1267824172973633,0.04708985984325409,,,
d2nn_expert_global_N25_k25_L4_lr0.002_s17,d2nn_expert_global,25,25,1.0,17,20,1.246883874946193,0.001549192644664877,2153.520352602005,0.5704787373542786,0.5704787373542786,0.5644708275794983,1.125545620918274,0.06544873863458633,,,
d2nn_expert_global_N25_k25_L4_lr0.002_s17,d2nn_expert_global,25,25,1.0,17,21,1.2332936727258985,0.0015049999999999998,2262.526570558548,0.5704787373542786,0.5704787373542786,0.5647839307785034,1.1074141263961792,0.05688522383570671,,,
d2nn_expert_global_N25_k25_L4_lr0.002_s17,d2nn_expert_global,25,25,1.0,17,22,1.2106641733415051,0.0014594505947421513,2369.962139606476,0.5704787373542786,0.5704787373542786,0.5647236108779907,1.0970896482467651,0.058261338621377945,,,
d2nn_expert_global_N25_k25_L4_lr0.002_s17,d2nn_expert_global,25,25,1.0,17,23,1.2046912327561885,0.0014126692766450425,2477.0976831912994,0.5771276354789734,0.5771276950836182,0.5702374577522278,1.083958387374878,0.05948050320148468,,,
d2nn_expert_global_N25_k25_L4_lr0.002_s17,d2nn_expert_global,25,25,1.0,17,24,1.1910785043093304,0.0013647842700498477,2583.538106918335,0.5811170339584351,0.5811170339584351,0.5752711892127991,1.0755847692489624,0.06398328393697739,,,
d2nn_expert_global_N25_k25_L4_lr0.002_s17,d2nn_expert_global,25,25,1.0,17,25,1.1936289009353205,0.001315926824431198,2690.087781906128,0.5877659320831299,0.5877659916877747,0.5815780162811279,1.0634958744049072,0.06388296186923981,,,
d2nn_expert_global_N25_k25_L4_lr0.002_s17,d2nn_expert_global,25,25,1.0,17,26,1.1741495534318358,0.0012662308546514955,2796.58651638031,0.5944148898124695,0.5944148898124695,0.589544415473938,1.0515124797821045,0.054975926876068115,,,
d2nn_expert_global_N25_k25_L4_lr0.002_s17,d2nn_expert_global,25,25,1.0,17,27,1.1652811554315836,0.0012158325739095818,2903.2337069511414,0.6010638475418091,0.6010638475418091,0.5943681001663208,1.0463478565216064,0.06171153485774994,,,
d2nn_expert_global_N25_k25_L4_lr0.002_s17,d2nn_expert_global,25,25,1.0,17,28,1.1486412898539544,0.0011648701203898287,3009.078993320465,0.5970744490623474,0.5970744490623474,0.5936517715454102,1.0388025045394897,0.05664856731891632,,,
d2nn_expert_global_N25_k25_L4_lr0.002_s17,d2nn_expert_global,25,25,1.0,17,29,1.1483040967080147,0.001113483178634977,3115.8838863372803,0.5984042286872864,0.5984042286872864,0.5925838351249695,1.0318107604980469,0.06292850524187088,,,
d2nn_expert_global_N25_k25_L4_lr0.002_s17,d2nn_expert_global,25,25,1.0,17,30,1.142965772873871,0.0010618125966805143,3222.206560611725,0.603723406791687,0.603723406791687,0.5984330773353577,1.0263553857803345,0.06662029027938843,,,
d2nn_expert_global_N25_k25_L4_lr0.002_s17,d2nn_expert_global,25,25,1.0,17,31,1.1349485516463105,0.0010100000000000003,3329.3138856887817,0.605053186416626,0.605053186416626,0.6008730530738831,1.0233179330825806,0.06483107060194016,,,
d2nn_expert_global_N25_k25_L4_lr0.002_s17,d2nn_expert_global,25,25,1.0,17,32,1.1243544194388062,0.0009581874033194859,3435.8001189231873,0.6103723645210266,0.6103723645210266,0.6049937605857849,1.0147106647491455,0.06376545131206512,,,
d2nn_expert_global_N25_k25_L4_lr0.002_s17,d2nn_expert_global,25,25,1.0,17,33,1.123363971931341,0.0009065168213650232,3542.3007912635803,0.6170212626457214,0.6170213222503662,0.611335813999176,1.004264235496521,0.05902621150016785,,,
d2nn_expert_global_N25_k25_L4_lr0.002_s17,d2nn_expert_global,25,25,1.0,17,34,1.102844187615601,0.0008551298796101715,3648.458328962326,0.6170212626457214,0.6170212626457214,0.6109296679496765,1.0015673637390137,0.06359333544969559,,,
d2nn_expert_global_N25_k25_L4_lr0.002_s17,d2nn_expert_global,25,25,1.0,17,35,1.1129193757001532,0.0008041674260904182,3754.9906709194183,0.6183510422706604,0.6183510422706604,0.6138436794281006,0.997451901435852,0.06469991058111191,,,
d2nn_expert_global_N25_k25_L4_lr0.002_s17,d2nn_expert_global,25,25,1.0,17,36,1.1015075488296682,0.0007537691453485046,3861.3138399124146,0.6156914830207825,0.6156914830207825,0.6104997396469116,0.993515133857727,0.060402464121580124,,,
d2nn_expert_global_N25_k25_L4_lr0.002_s17,d2nn_expert_global,25,25,1.0,17,37,1.1021391943046084,0.0007040731755688022,3968.2968838214874,0.6196808218955994,0.6196808218955994,0.6146974563598633,0.9893458485603333,0.06523869931697845,,,
d2nn_expert_global_N25_k25_L4_lr0.002_s17,d2nn_expert_global,25,25,1.0,17,38,1.0954321771860123,0.0006552157299501527,4076.0635261535645,0.6223404407501221,0.6223404407501221,0.6172525882720947,0.988804042339325,0.06735588610172272,,,
d2nn_expert_global_N25_k25_L4_lr0.002_s17,d2nn_expert_global,25,25,1.0,17,39,1.0868459889690762,0.000607330723354958,4182.7500257492065,0.623670220375061,0.623670220375061,0.6196132302284241,0.9848489761352539,0.061608172953128815,,,
d2nn_expert_global_N25_k25_L4_lr0.002_s17,d2nn_expert_global,25,25,1.0,17,40,1.0880937253605558,0.0005605494052578487,4289.7909462451935,0.6210106611251831,0.6210106611251831,0.6164494156837463,0.9821556210517883,0.06367384642362595,,,
d2nn_expert_global_N25_k25_L4_lr0.002_s17,d2nn_expert_global,25,25,1.0,17,41,1.0779410571744452,0.0005150000000000003,4396.1212339401245,0.6276595592498779,0.6276596188545227,0.6240382790565491,0.9781433939933777,0.06338247656822205,,,
d2nn_expert_global_N25_k25_L4_lr0.002_s17,d2nn_expert_global,25,25,1.0,17,42,1.0793921029254727,0.00047080735533512353,4503.023379087448,0.626329779624939,0.6263298392295837,0.622541606426239,0.9758095741271973,0.06107700243592262,,,
d2nn_expert_global_N25_k25_L4_lr0.002_s17,d2nn_expert_global,25,25,1.0,17,43,1.0757393032040226,0.0004280926002304517,4609.7425355911255,0.626329779624939,0.6263298392295837,0.6224648356437683,0.9749512076377869,0.06467217206954956,,,
d2nn_expert_global_N25_k25_L4_lr0.002_s17,d2nn_expert_global,25,25,1.0,17,44,1.0711621921509504,0.0003869728128606611,4716.576531410217,0.6196808218955994,0.6196808218955994,0.6159043312072754,0.9716606140136719,0.06262315809726715,,,
d2nn_expert_global_N25_k25_L4_lr0.002_s17,d2nn_expert_global,25,25,1.0,17,45,1.0698962403231695,0.0003475606997047307,4823.76279759407,0.623670220375061,0.623670220375061,0.6192665696144104,0.9696614742279053,0.06485363095998764,,,
d2nn_expert_global_N25_k25_L4_lr0.002_s17,d2nn_expert_global,25,25,1.0,17,46,1.0622080183039382,0.0003099642866253181,4931.680837392807,0.6223404407501221,0.6223404407501221,0.6180132627487183,0.9679413437843323,0.064890556037426,,,
d2nn_expert_global_N25_k25_L4_lr0.002_s17,d2nn_expert_global,25,25,1.0,17,47,1.0646606533528735,0.0002742866227773799,5038.456566333771,0.6303191781044006,0.6303191781044006,0.6261486411094666,0.9675196409225464,0.06300051510334015,,,
d2nn_expert_global_N25_k25_L4_lr0.002_s17,d2nn_expert_global,25,25,1.0,17,48,1.0601506704745227,0.00024062549815759878,5145.583379507065,0.6316489577293396,0.6316489577293396,0.6275608539581299,0.9656946659088135,0.0636342316865921,,,
d2nn_expert_global_N25_k25_L4_lr0.002_s17,d2nn_expert_global,25,25,1.0,17,49,1.0647561711059312,0.0002090731755688021,5253.491253614426,0.6289893388748169,0.6289893984794617,0.6249880194664001,0.9659982919692993,0.06620839983224869,,,
d2nn_expert_global_N25_k25_L4_lr0.002_s17,d2nn_expert_global,25,25,1.0,17,50,1.061113500491329,0.00017971613773403027,5360.143759489059,0.6329787373542786,0.6329787373542786,0.6291669011116028,0.964353621006012,0.06444800645112991,,,
d2nn_expert_global_N25_k25_L4_lr0.002_s17,d2nn_expert_global,25,25,1.0,17,51,1.057424477799094,0.00015263485025340568,5466.350966691971,0.6303191781044006,0.6303191781044006,0.6263218522071838,0.9638298153877258,0.06683211773633957,,,
d2nn_expert_global_N25_k25_L4_lr0.002_s17,d2nn_expert_global,25,25,1.0,17,52,1.0526641099012062,0.00012790354105351589,5572.692591428757,0.6329787373542786,0.6329787373542786,0.6291069984436035,0.9630658626556396,0.06629342585802078,,,
d2nn_expert_global_N25_k25_L4_lr0.002_s17,d2nn_expert_global,25,25,1.0,17,53,1.0554829256600577,0.00010558999693382504,5679.563530921936,0.6356382966041565,0.6356383562088013,0.6317928433418274,0.9619236588478088,0.06572578102350235,,,
d2nn_expert_global_N25_k25_L4_lr0.002_s17,d2nn_expert_global,25,25,1.0,17,54,1.0586756624485532,8.575537776777028e-05,5786.087832689285,0.6369680762290955,0.6369681358337402,0.6330764889717102,0.9616382718086243,0.06700219959020615,,,
d2nn_expert_global_N25_k25_L4_lr0.002_s17,d2nn_expert_global,25,25,1.0,17,55,1.0581796478105872,6.845404886779801e-05,5892.469193696976,0.6369680762290955,0.6369681358337402,0.6330764889717102,0.9610762000083923,0.06578194350004196,,,
d2nn_expert_global_N25_k25_L4_lr0.002_s17,d2nn_expert_global,25,25,1.0,17,56,1.0542766833805466,5.373343197382237e-05,6000.148738145828,0.6356382966041565,0.6356382966041565,0.6317535042762756,0.9605081677436829,0.06539346277713776,,,
d2nn_expert_global_N25_k25_L4_lr0.002_s17,d2nn_expert_global,25,25,1.0,17,57,1.0602276237451866,4.163387527353236e-05,6107.556982517242,0.6356382966041565,0.6356383562088013,0.6316856741905212,0.9605423212051392,0.0648195669054985,,,
d2nn_expert_global_N25_k25_L4_lr0.002_s17,d2nn_expert_global,25,25,1.0,17,58,1.0533300781682067,3.218854281081372e-05,6213.595272064209,0.6382978558540344,0.6382979154586792,0.6342912316322327,0.9604200720787048,0.06583019345998764,,,
d2nn_expert_global_N25_k25_L4_lr0.002_s17,d2nn_expert_global,25,25,1.0,17,59,1.06000781499836,2.5423323585409333e-05,6321.206166982651,0.6382978558540344,0.6382979154586792,0.6343690156936646,0.9597127437591553,0.0650564432144165,,,
d2nn_expert_global_N25_k25_L4_lr0.002_s17,d2nn_expert_global,25,25,1.0,17,60,1.052413820514464,2.1356760592971906e-05,6427.803689956665,0.6356382966041565,0.6356382966041565,0.6317430138587952,0.9597401022911072,0.06525108963251114,,,
d2nn_expert_global_N25_k25_L4_lr0.002_s27,d2nn_expert_global,25,25,1.0,27,1,2.96477688131131,0.002,105.55599427223206,0.32047873735427856,0.32047873735427856,0.25391334295272827,2.4449830055236816,0.0052397409453988075,,,
d2nn_expert_global_N25_k25_L4_lr0.002_s27,d2nn_expert_global,25,25,1.0,27,2,2.348480025910215,0.001998643239407028,210.20912218093872,0.3364361822605133,0.3364361524581909,0.2749483287334442,2.0835678577423096,0.0055397991091012955,,,
d2nn_expert_global_N25_k25_L4_lr0.002_s27,d2nn_expert_global,25,25,1.0,27,3,2.125949077469777,0.0019945766764145906,315.4264850616455,0.38297873735427856,0.38297873735427856,0.33418533205986023,1.8551474809646606,0.007496863603591919,,,
d2nn_expert_global_N25_k25_L4_lr0.002_s27,d2nn_expert_global,25,25,1.0,27,4,1.909622578562735,0.0019878114571891866,421.0178656578064,0.41090425848960876,0.4109042286872864,0.3650711178779602,1.703741431236267,0.011148141697049141,,,
d2nn_expert_global_N25_k25_L4_lr0.002_s27,d2nn_expert_global,25,25,1.0,27,5,1.756602945690762,0.0019783661247264675,529.2559576034546,0.417553186416626,0.417553186416626,0.3786068856716156,1.5967886447906494,0.01607632264494896,,,
d2nn_expert_global_N25_k25_L4_lr0.002_s27,d2nn_expert_global,25,25,1.0,27,6,1.6964524293650094,0.0019662665680261777,635.9780943393707,0.42819148302078247,0.42819154262542725,0.40432009100914,1.5136661529541016,0.02239377610385418,,,
d2nn_expert_global_N25_k25_L4_lr0.002_s27,d2nn_expert_global,25,25,1.0,27,7,1.6193311095714025,0.0019515459511322021,740.8041305541992,0.45345744490623474,0.45345747470855713,0.43538329005241394,1.4489127397537231,0.0249978918582201,,,
d2nn_expert_global_N25_k25_L4_lr0.002_s27,d2nn_expert_global,25,25,1.0,27,8,1.5583436072434056,0.0019342446222322296,847.6210289001465,0.47074466943740845,0.47074466943740845,0.45732712745666504,1.402733564376831,0.031362198293209076,,,
d2nn_expert_global_N25_k25_L4_lr0.002_s27,d2nn_expert_global,25,25,1.0,27,9,1.5100142722481598,0.0019144100030661748,954.0945203304291,0.49202126264572144,0.49202126264572144,0.478491872549057,1.3590264320373535,0.03455132618546486,,,
d2nn_expert_global_N25_k25_L4_lr0.002_s27,d2nn_expert_global,25,25,1.0,27,10,1.4759127548023991,0.0018920964589464841,1060.0337290763855,0.5093085169792175,0.5093085169792175,0.49759340286254883,1.324794054031372,0.035502150654792786,,,
d2nn_expert_global_N25_k25_L4_lr0.002_s27,d2nn_expert_global,25,25,1.0,27,11,1.435925159969082,0.0018673651497465944,1164.9794113636017,0.5119680762290955,0.5119680762290955,0.5014714002609253,1.2955063581466675,0.038963839411735535,,,
d2nn_expert_global_N25_k25_L4_lr0.002_s27,d2nn_expert_global,25,25,1.0,27,12,1.415622216840721,0.0018402838622659698,1269.8863055706024,0.521276593208313,0.521276593208313,0.5127127766609192,1.2661367654800415,0.0411963053047657,,,
d2nn_expert_global_N25_k25_L4_lr0.002_s27,d2nn_expert_global,25,25,1.0,27,13,1.3886985617804608,0.001810926824431198,1375.8567147254944,0.5265957713127136,0.5265957713127136,0.5180925726890564,1.2427505254745483,0.04088326543569565,,,
d2nn_expert_global_N25_k25_L4_lr0.002_s27,d2nn_expert_global,25,25,1.0,27,14,1.3575950950962496,0.0017793745018424012,1484.2678887844086,0.5345744490623474,0.5345744490623474,0.5269083380699158,1.2207849025726318,0.04238470643758774,,,
d2nn_expert_global_N25_k25_L4_lr0.002_s27,d2nn_expert_global,25,25,1.0,27,15,1.331262026228793,0.0017457133772226204,1591.4768199920654,0.5345744490623474,0.5345744490623474,0.5243583917617798,1.199211597442627,0.04665891081094742,,,
d2nn_expert_global_N25_k25_L4_lr0.002_s27,d2nn_expert_global,25,25,1.0,27,16,1.3183470634343826,0.001710035713374682,1697.4758086204529,0.541223406791687,0.541223406791687,0.5343282222747803,1.1803559064865112,0.048140738159418106,,,
d2nn_expert_global_N25_k25_L4_lr0.002_s27,d2nn_expert_global,25,25,1.0,27,17,1.2980091545866912,0.0016724393002952695,1803.0189137458801,0.5452127456665039,0.5452127456665039,0.5386261940002441,1.164931297302246,0.04666956886649132,,,
d2nn_expert_global_N25_k25_L4_lr0.002_s27,d2nn_expert_global,25,25,1.0,27,18,1.2908134480521558,0.0016330271871393392,1909.9371228218079,0.5571808218955994,0.5571808218955994,0.5508037805557251,1.152491569519043,0.049463819712400436,,,
d2nn_expert_global_N25_k25_L4_lr0.002_s27,d2nn_expert_global,25,25,1.0,27,19,1.269235037369271,0.0015919073997695485,2015.5109133720398,0.5558510422706604,0.5558510422706604,0.5508710145950317,1.138648271560669,0.04681942239403725,,,
d2nn_expert_global_N25_k25_L4_lr0.002_s27,d2nn_expert_global,25,25,1.0,27,20,1.252067345564496,0.001549192644664877,2121.690803050995,0.5598404407501221,0.5598404407501221,0.5531222820281982,1.124117136001587,0.04965515434741974,,,
d2nn_expert_global_N25_k25_L4_lr0.002_s27,d2nn_expert_global,25,25,1.0,27,21,1.2378366120737982,0.0015049999999999998,2228.711310863495,0.5704787373542786,0.5704787373542786,0.564124345779419,1.1098012924194336,0.04867852106690407,,,
d2nn_expert_global_N25_k25_L4_lr0.002_s27,d2nn_expert_global,25,25,1.0,27,22,1.2371300522272037,0.0014594505947421513,2333.8548085689545,0.5731382966041565,0.5731382966041565,0.5680224299430847,1.0966832637786865,0.0468289852142334,,,
d2nn_expert_global_N25_k25_L4_lr0.002_s27,d2nn_expert_global,25,25,1.0,27,23,1.2062059351366405,0.0014126692766450425,2439.5306606292725,0.5784574747085571,0.5784574747085571,0.5736508369445801,1.0836058855056763,0.04517890885472298,,,
d2nn_expert_global_N25_k25_L4_lr0.002_s27,d2nn_expert_global,25,25,1.0,27,24,1.2089346292169263,0.0013647842700498477,2545.1270496845245,0.5984042286872864,0.5984042286872864,0.595328152179718,1.0757571458816528,0.050585512071847916,,,
d2nn_expert_global_N25_k25_L4_lr0.002_s27,d2nn_expert_global,25,25,1.0,27,25,1.2022851421646603,0.001315926824431198,2650.5765719413757,0.5904255509376526,0.5904255509376526,0.5850933194160461,1.0672690868377686,0.047935228794813156,,,
d2nn_expert_global_N25_k25_L4_lr0.002_s27,d2nn_expert_global,25,25,1.0,27,26,1.1810725557290391,0.0012662308546514955,2755.748423576355,0.5917553305625916,0.5917553305625916,0.5857061743736267,1.0571273565292358,0.04908914119005203,,,
d2nn_expert_global_N25_k25_L4_lr0.002_s27,d2nn_expert_global,25,25,1.0,27,27,1.1694016139614118,0.0012158325739095818,2862.3106877803802,0.5970744490623474,0.5970744490623474,0.5913097858428955,1.0487505197525024,0.05182257667183876,,,
d2nn_expert_global_N25_k25_L4_lr0.002_s27,d2nn_expert_global,25,25,1.0,27,28,1.1547171979904447,0.0011648701203898287,2968.98405957222,0.602393627166748,0.602393627166748,0.5984496474266052,1.0420337915420532,0.050475217401981354,,,
d2nn_expert_global_N25_k25_L4_lr0.002_s27,d2nn_expert_global,25,25,1.0,27,29,1.159631970419323,0.001113483178634977,3074.234722852707,0.5970744490623474,0.5970745086669922,0.5910598635673523,1.0349620580673218,0.051922984421253204,,,
d2nn_expert_global_N25_k25_L4_lr0.002_s27,d2nn_expert_global,25,25,1.0,27,30,1.1598798095601606,0.0010618125966805143,3181.5586359500885,0.6143617033958435,0.6143617033958435,0.609597384929657,1.0273715257644653,0.05210583657026291,,,
d2nn_expert_global_N25_k25_L4_lr0.002_s27,d2nn_expert_global,25,25,1.0,27,31,1.148879101976208,0.0010100000000000003,3288.4510173797607,0.6103723645210266,0.6103723645210266,0.6061909198760986,1.0224640369415283,0.04752611741423607,,,
d2nn_expert_global_N25_k25_L4_lr0.002_s27,d2nn_expert_global,25,25,1.0,27,32,1.1380589927406344,0.0009581874033194859,3396.1065554618835,0.6143617033958435,0.6143617033958435,0.6113881468772888,1.0206403732299805,0.05563170835375786,,,
d2nn_expert_global_N25_k25_L4_lr0.002_s27,d2nn_expert_global,25,25,1.0,27,33,1.1260263304477005,0.0009065168213650232,3501.8805499076843,0.6183510422706604,0.6183510422706604,0.6153852939605713,1.0098415613174438,0.04512833058834076,,,
d2nn_expert_global_N25_k25_L4_lr0.002_s27,d2nn_expert_global,25,25,1.0,27,34,1.1273582096139318,0.0008551298796101715,3608.234143972397,0.6223404407501221,0.6223404407501221,0.619334876537323,1.004625916481018,0.053944267332553864,,,
d2nn_expert_global_N25_k25_L4_lr0.002_s27,d2nn_expert_global,25,25,1.0,27,35,1.1189957941588882,0.0008041674260904182,3715.553926706314,0.625,0.625,0.6214221119880676,1.000093936920166,0.05306538566946983,,,
d2nn_expert_global_N25_k25_L4_lr0.002_s27,d2nn_expert_global,25,25,1.0,27,36,1.1144509001817877,0.0007537691453485046,3821.1843514442444,0.6210106611251831,0.6210106611251831,0.6169999837875366,0.9967172145843506,0.05301855504512787,,,
d2nn_expert_global_N25_k25_L4_lr0.002_s27,d2nn_expert_global,25,25,1.0,27,37,1.1053112345114011,0.0007040731755688022,3926.402123451233,0.623670220375061,0.623670220375061,0.6206555962562561,0.9928897619247437,0.050775203853845596,,,
d2nn_expert_global_N25_k25_L4_lr0.002_s27,d2nn_expert_global,25,25,1.0,27,38,1.0991534509241037,0.0006552157299501527,4034.1466686725616,0.623670220375061,0.623670220375061,0.61961829662323,0.989944338798523,0.05440228059887886,,,
d2nn_expert_global_N25_k25_L4_lr0.002_s27,d2nn_expert_global,25,25,1.0,27,39,1.0962555809584382,0.000607330723354958,4140.374448299408,0.626329779624939,0.6263298392295837,0.6225069761276245,0.9853540062904358,0.049393173307180405,,,
d2nn_expert_global_N25_k25_L4_lr0.002_s27,d2nn_expert_global,25,25,1.0,27,40,1.0916508379558179,0.0005605494052578487,4245.270433425903,0.6276595592498779,0.6276595592498779,0.6235175132751465,0.9809486865997314,0.051622793078422546,,,
d2nn_expert_global_N25_k25_L4_lr0.002_s27,d2nn_expert_global,25,25,1.0,27,41,1.0975501731922637,0.0005150000000000003,4350.446316480637,0.6289893388748169,0.6289893984794617,0.6257637143135071,0.9787055850028992,0.04984845593571663,,,
d2nn_expert_global_N25_k25_L4_lr0.002_s27,d2nn_expert_global,25,25,1.0,27,42,1.088397439764855,0.00047080735533512353,4455.8436822891235,0.6369680762290955,0.6369680762290955,0.634169340133667,0.9816135168075562,0.055769290775060654,,,
d2nn_expert_global_N25_k25_L4_lr0.002_s27,d2nn_expert_global,25,25,1.0,27,43,1.086053205135206,0.0004280926002304517,4562.227610111237,0.6369680762290955,0.6369680762290955,0.6339985132217407,0.9771523475646973,0.05239114537835121,,,
d2nn_expert_global_N25_k25_L4_lr0.002_s27,d2nn_expert_global,25,25,1.0,27,44,1.082139755807579,0.0003869728128606611,4667.965975999832,0.6356382966041565,0.6356383562088013,0.6325553059577942,0.9742485880851746,0.05298437923192978,,,
d2nn_expert_global_N25_k25_L4_lr0.002_s27,d2nn_expert_global,25,25,1.0,27,45,1.083371040934365,0.0003475606997047307,4773.521659374237,0.6396276354789734,0.6396276950836182,0.6370726227760315,0.9720737934112549,0.05166136100888252,,,
d2nn_expert_global_N25_k25_L4_lr0.002_s27,d2nn_expert_global,25,25,1.0,27,46,1.0768673047678519,0.0003099642866253181,4878.715253829956,0.6356382966041565,0.6356382966041565,0.6333044767379761,0.9693723320960999,0.05235962197184563,,,
d2nn_expert_global_N25_k25_L4_lr0.002_s27,d2nn_expert_global,25,25,1.0,27,47,1.0703411774037908,0.0002742866227773799,4985.310722112656,0.6329787373542786,0.6329787373542786,0.6303600072860718,0.9682729244232178,0.052090249955654144,,,
d2nn_expert_global_N25_k25_L4_lr0.002_s27,d2nn_expert_global,25,25,1.0,27,48,1.0718384179282405,0.00024062549815759878,5090.8794758319855,0.6343085169792175,0.6343085169792175,0.6321958899497986,0.9676547050476074,0.05241161212325096,,,
d2nn_expert_global_N25_k25_L4_lr0.002_s27,d2nn_expert_global,25,25,1.0,27,49,1.07762390826765,0.0002090731755688021,5197.031302690506,0.6382978558540344,0.6382978558540344,0.6356731057167053,0.9653184413909912,0.05147542431950569,,,
d2nn_expert_global_N25_k25_L4_lr0.002_s27,d2nn_expert_global,25,25,1.0,27,50,1.0704266588930806,0.00017971613773403027,5303.0397028923035,0.6369680762290955,0.6369680762290955,0.6342310309410095,0.9654374122619629,0.05236106738448143,,,
d2nn_expert_global_N25_k25_L4_lr0.002_s27,d2nn_expert_global,25,25,1.0,27,51,1.0581111991650438,0.00015263485025340568,5409.4086997509,0.6382978558540344,0.6382978558540344,0.6365064978599548,0.9646514058113098,0.052238114178180695,,,
d2nn_expert_global_N25_k25_L4_lr0.002_s27,d2nn_expert_global,25,25,1.0,27,52,1.0679088349381811,0.00012790354105351589,5516.811148643494,0.6382978558540344,0.6382978558540344,0.6364970207214355,0.9632293581962585,0.051308631896972656,,,
d2nn_expert_global_N25_k25_L4_lr0.002_s27,d2nn_expert_global,25,25,1.0,27,53,1.069887084520707,0.00010558999693382504,5623.595771312714,0.6369680762290955,0.6369680762290955,0.6351721882820129,0.9641143083572388,0.052252236753702164,,,
d2nn_expert_global_N25_k25_L4_lr0.002_s27,d2nn_expert_global,25,25,1.0,27,54,1.069140030317791,8.575537776777028e-05,5729.057455778122,0.6396276354789734,0.6396276354789734,0.6378139853477478,0.9631534218788147,0.052687086164951324,,,
d2nn_expert_global_N25_k25_L4_lr0.002_s27,d2nn_expert_global,25,25,1.0,27,55,1.0753463565980055,6.845404886779801e-05,5837.483875513077,0.6396276354789734,0.6396276354789734,0.6378139853477478,0.9634773135185242,0.05289651080965996,,,
d2nn_expert_global_N25_k25_L4_lr0.002_s27,d2nn_expert_global,25,25,1.0,27,56,1.0646112516063124,5.373343197382237e-05,5941.97891664505,0.6382978558540344,0.6382978558540344,0.6364647746086121,0.9627716541290283,0.053242575377225876,,,
d2nn_expert_global_N25_k25_L4_lr0.002_s27,d2nn_expert_global,25,25,1.0,27,57,1.0697350076072292,4.163387527353236e-05,6048.092629671097,0.6396276354789734,0.6396276354789734,0.6378139853477478,0.962496280670166,0.05293620005249977,,,
d2nn_expert_global_N25_k25_L4_lr0.002_s27,d2nn_expert_global,25,25,1.0,27,58,1.0647669918069693,3.218854281081372e-05,6154.469328165054,0.6396276354789734,0.6396276354789734,0.6378139853477478,0.9624558687210083,0.05297816917300224,,,
d2nn_expert_global_N25_k25_L4_lr0.002_s27,d2nn_expert_global,25,25,1.0,27,59,1.0667807183326243,2.5423323585409333e-05,6260.960820436478,0.6396276354789734,0.6396276354789734,0.6378139853477478,0.9623317718505859,0.053091634064912796,,,
d2nn_expert_global_N25_k25_L4_lr0.002_s27,d2nn_expert_global,25,25,1.0,27,60,1.059468424032744,2.1356760592971906e-05,6367.523478746414,0.6409574747085571,0.6409574747085571,0.6391328573226929,0.96249920129776,0.05324779823422432,,,
d2nn_expert_global_N49_k49_L4_lr0.002_s17_recheck,d2nn_expert_global,49,49,1.0,17,1,2.992781687425832,0.002,238.07655453681946,0.3257978856563568,0.3257978856563568,0.267508327960968,2.505117893218994,0.0024748975411057472,,,
d2nn_expert_global_N49_k49_L4_lr0.002_s17_recheck,d2nn_expert_global,49,49,1.0,17,2,2.4298521400212425,0.001998643239407028,473.72633171081543,0.34840425848960876,0.3484042286872864,0.2922634780406952,2.1035869121551514,0.002497625071555376,,,
d2nn_expert_global_N49_k49_L4_lr0.002_s17_recheck,d2nn_expert_global,49,49,1.0,17,3,2.1218086520218415,0.0019945766764145906,711.1789245605469,0.3816489279270172,0.3816489577293396,0.33295607566833496,1.8457376956939697,0.0034883611369878054,,,
d2nn_expert_global_N49_k49_L4_lr0.002_s17_recheck,d2nn_expert_global,49,49,1.0,17,4,1.9112486165680298,0.0019878114571891866,949.796140909195,0.4029255211353302,0.4029255509376526,0.3565346598625183,1.7033079862594604,0.005612298380583525,,,
d2nn_expert_global_N49_k49_L4_lr0.002_s17_recheck,d2nn_expert_global,49,49,1.0,17,5,1.7758768150948634,0.0019783661247264675,1188.3756546974182,0.417553186416626,0.417553186416626,0.3818928599357605,1.6085381507873535,0.00794285535812378,,,
d2nn_expert_global_N49_k49_L4_lr0.002_s17_recheck,d2nn_expert_global,49,49,1.0,17,6,1.710762851322963,0.0019662665680261777,1427.9237523078918,0.4401595890522003,0.44015955924987793,0.4117933511734009,1.532612681388855,0.011920745484530926,,,
d2nn_expert_global_N49_k49_L4_lr0.002_s17_recheck,d2nn_expert_global,49,49,1.0,17,7,1.6223902478133707,0.0019515459511322021,1666.5157265663147,0.4547872245311737,0.4547872543334961,0.42933881282806396,1.4744914770126343,0.014496981166303158,,,
d2nn_expert_global_N49_k49_L4_lr0.002_s17_recheck,d2nn_expert_global,49,49,1.0,17,8,1.5536448066909563,0.0019342446222322296,1906.3035559654236,0.4680851101875305,0.4680851101875305,0.44665467739105225,1.4256224632263184,0.01859811507165432,,,
d2nn_expert_global_N49_k49_L4_lr0.002_s17_recheck,d2nn_expert_global,49,49,1.0,17,9,1.528751059677707,0.0019144100030661748,2145.362247467041,0.48138296604156494,0.48138299584388733,0.4648142158985138,1.3864432573318481,0.023034777492284775,,,
d2nn_expert_global_N49_k49_L4_lr0.002_s17_recheck,d2nn_expert_global,49,49,1.0,17,10,1.4828420432973397,0.0018920964589464841,2384.911257982254,0.48803192377090454,0.48803192377090454,0.47316962480545044,1.3559415340423584,0.02779282070696354,,,
d2nn_expert_global_N49_k49_L4_lr0.002_s17_recheck,d2nn_expert_global,49,49,1.0,17,11,1.479966284349969,0.0018673651497465944,2623.604928255081,0.4893617033958435,0.4893617033958435,0.4772684872150421,1.3265249729156494,0.03291866555809975,,,
d2nn_expert_global_N49_k49_L4_lr0.002_s17_recheck,d2nn_expert_global,49,49,1.0,17,12,1.4293030389588854,0.0018402838622659698,2862.304611682892,0.501329779624939,0.501329779624939,0.4887484312057495,1.3113701343536377,0.03610147163271904,,,
d2nn_expert_global_N49_k49_L4_lr0.002_s17_recheck,d2nn_expert_global,49,49,1.0,17,13,1.4101252069858383,0.001810926824431198,3101.179391860962,0.5119680762290955,0.5119680762290955,0.50184166431427,1.2793372869491577,0.035495031625032425,,,
d2nn_expert_global_N49_k49_L4_lr0.002_s17_recheck,d2nn_expert_global,49,49,1.0,17,14,1.3846168078686276,0.0017793745018424012,3339.9924499988556,0.5146276354789734,0.5146276354789734,0.5020341873168945,1.2523491382598877,0.034698083996772766,,,
d2nn_expert_global_N49_k49_L4_lr0.002_s17_recheck,d2nn_expert_global,49,49,1.0,17,15,1.3632281247152178,0.0017457133772226204,3579.485764503479,0.519946813583374,0.519946813583374,0.5082605481147766,1.2326699495315552,0.03772340342402458,,,
d2nn_expert_global_N49_k49_L4_lr0.002_s17_recheck,d2nn_expert_global,49,49,1.0,17,16,1.3491910483569043,0.001710035713374682,3817.644696712494,0.5332446694374084,0.5332446694374084,0.5237842202186584,1.2133405208587646,0.043776120990514755,,,
d2nn_expert_global_N49_k49_L4_lr0.002_s17_recheck,d2nn_expert_global,49,49,1.0,17,17,1.3210968032020003,0.0016724393002952695,4056.3275356292725,0.539893627166748,0.539893627166748,0.5308900475502014,1.1913282871246338,0.03651101514697075,,,
d2nn_expert_global_N49_k49_L4_lr0.002_s17_recheck,d2nn_expert_global,49,49,1.0,17,18,1.300530009039733,0.0016330271871393392,4295.229068040848,0.542553186416626,0.542553186416626,0.5335759520530701,1.183448076248169,0.04489915817975998,,,
d2nn_expert_global_N49_k49_L4_lr0.002_s17_recheck,d2nn_expert_global,49,49,1.0,17,19,1.2899430046393856,0.0015919073997695485,4534.602619886398,0.5518617033958435,0.5518617033958435,0.5427932739257812,1.1652568578720093,0.038633063435554504,,,
d2nn_expert_global_N49_k49_L4_lr0.002_s17_recheck,d2nn_expert_global,49,49,1.0,17,20,1.2730711023216923,0.001549192644664877,4771.97624206543,0.5585106611251831,0.5585106015205383,0.5511995553970337,1.1583386659622192,0.057274218648672104,,,
d2nn_expert_global_N49_k49_L4_lr0.002_s17_recheck,d2nn_expert_global,49,49,1.0,17,21,1.2720670943833106,0.0015049999999999998,5010.913476228714,0.5691489577293396,0.5691489577293396,0.5633764266967773,1.140536904335022,0.048150353133678436,,,
d2nn_expert_global_N49_k49_L4_lr0.002_s17_recheck,d2nn_expert_global,49,49,1.0,17,22,1.2392403291682947,0.0014594505947421513,5251.295534133911,0.5664893388748169,0.5664893984794617,0.56010901927948,1.1321041584014893,0.04975690320134163,,,
d2nn_expert_global_N49_k49_L4_lr0.002_s17_recheck,d2nn_expert_global,49,49,1.0,17,23,1.2269189425204035,0.0014126692766450425,5489.257958889008,0.561170220375061,0.561170220375061,0.552367091178894,1.1158875226974487,0.04701248183846474,,,
d2nn_expert_global_N49_k49_L4_lr0.002_s17_recheck,d2nn_expert_global,49,49,1.0,17,24,1.223467152795359,0.0013647842700498477,5728.275792837143,0.5744680762290955,0.5744680762290955,0.5672551989555359,1.1085937023162842,0.05406748875975609,,,
d2nn_expert_global_N49_k49_L4_lr0.002_s17_recheck,d2nn_expert_global,49,49,1.0,17,25,1.2175808670552082,0.001315926824431198,5968.855577707291,0.5757978558540344,0.5757978558540344,0.5678130388259888,1.0963046550750732,0.05390472710132599,,,
d2nn_expert_global_N49_k49_L4_lr0.002_s17_recheck,d2nn_expert_global,49,49,1.0,17,26,1.1999137433390368,0.0012662308546514955,6208.917263746262,0.5744680762290955,0.5744680762290955,0.5684683918952942,1.0841641426086426,0.04584718123078346,,,
d2nn_expert_global_N49_k49_L4_lr0.002_s17_recheck,d2nn_expert_global,49,49,1.0,17,27,1.1973030133997877,0.0012158325739095818,6448.539427042007,0.585106372833252,0.585106372833252,0.5777705907821655,1.0786588191986084,0.04968036338686943,,,
d2nn_expert_global_N49_k49_L4_lr0.002_s17_recheck,d2nn_expert_global,49,49,1.0,17,28,1.1705144451990657,0.0011648701203898287,6688.146596670151,0.583776593208313,0.583776593208313,0.5785197019577026,1.0690767765045166,0.04653315991163254,,,
d2nn_expert_global_N49_k49_L4_lr0.002_s17_recheck,d2nn_expert_global,49,49,1.0,17,29,1.170682967967911,0.001113483178634977,6928.167297840118,0.5877659320831299,0.5877659320831299,0.5813387632369995,1.0632182359695435,0.050135090947151184,,,
d2nn_expert_global_N49_k49_L4_lr0.002_s17_recheck,d2nn_expert_global,49,49,1.0,17,30,1.1698143281314743,0.0010618125966805143,7166.2327699661255,0.5970744490623474,0.5970744490623474,0.5903425812721252,1.0576050281524658,0.053183019161224365,,,
d2nn_expert_global_N49_k49_L4_lr0.002_s17_recheck,d2nn_expert_global,49,49,1.0,17,31,1.160043223739759,0.0010100000000000003,7405.302450180054,0.5930851101875305,0.5930851101875305,0.5883222818374634,1.0526422262191772,0.05188528448343277,,,
d2nn_expert_global_N49_k49_L4_lr0.002_s17_recheck,d2nn_expert_global,49,49,1.0,17,32,1.1452526246286827,0.0009581874033194859,7643.723453998566,0.5917553305625916,0.5917553305625916,0.5860003232955933,1.047871708869934,0.05224229022860527,,,
d2nn_expert_global_N49_k49_L4_lr0.002_s17_recheck,d2nn_expert_global,49,49,1.0,17,33,1.1455975700356917,0.0009065168213650232,7882.83850312233,0.6010638475418091,0.6010638475418091,0.596990168094635,1.035689115524292,0.04647617042064667,,,
d2nn_expert_global_N49_k49_L4_lr0.002_s17_recheck,d2nn_expert_global,49,49,1.0,17,34,1.1326526591307633,0.0008551298796101715,8120.957490205765,0.605053186416626,0.605053186416626,0.5992224216461182,1.0324783325195312,0.04989165440201759,,,
d2nn_expert_global_N49_k49_L4_lr0.002_s17_recheck,d2nn_expert_global,49,49,1.0,17,35,1.1351878277311043,0.0008041674260904182,8359.645816087723,0.5984042286872864,0.5984042286872864,0.5927462577819824,1.028905987739563,0.05278608575463295,,,
d2nn_expert_global_N49_k49_L4_lr0.002_s17_recheck,d2nn_expert_global,49,49,1.0,17,36,1.1248517740926105,0.0007537691453485046,8596.990040779114,0.603723406791687,0.603723406791687,0.5983282923698425,1.0241550207138062,0.04787465184926987,,,
d2nn_expert_global_N49_k49_L4_lr0.002_s17_recheck,d2nn_expert_global,49,49,1.0,17,37,1.1269461413734851,0.0007040731755688022,8835.582823038101,0.603723406791687,0.603723406791687,0.5979635119438171,1.0206449031829834,0.052920255810022354,,,
d2nn_expert_global_N49_k49_L4_lr0.002_s17_recheck,d2nn_expert_global,49,49,1.0,17,38,1.113057386665924,0.0006552157299501527,9074.572958230972,0.6090425252914429,0.6090425252914429,0.6032317876815796,1.0191234350204468,0.054148729890584946,,,
d2nn_expert_global_N49_k49_L4_lr0.002_s17_recheck,d2nn_expert_global,49,49,1.0,17,39,1.1133415698835023,0.000607330723354958,9313.034796237946,0.6130319237709045,0.6130319237709045,0.6086708307266235,1.015396237373352,0.04898485913872719,,,
d2nn_expert_global_N49_k49_L4_lr0.002_s17_recheck,d2nn_expert_global,49,49,1.0,17,40,1.119290845936428,0.0005605494052578487,9553.509197711945,0.6103723645210266,0.6103723645210266,0.6056045293807983,1.0112605094909668,0.0502503328025341,,,
d2nn_expert_global_N49_k49_L4_lr0.002_s17_recheck,d2nn_expert_global,49,49,1.0,17,41,1.0981402097176336,0.0005150000000000003,9792.346893310547,0.6183510422706604,0.6183510422706604,0.6134830713272095,1.0073370933532715,0.05016670376062393,,,
d2nn_expert_global_N49_k49_L4_lr0.002_s17_recheck,d2nn_expert_global,49,49,1.0,17,42,1.0971477167451218,0.00047080735533512353,10031.065694570541,0.6103723645210266,0.6103723645210266,0.605778694152832,1.005515217781067,0.047684196382761,,,
d2nn_expert_global_N49_k49_L4_lr0.002_s17_recheck,d2nn_expert_global,49,49,1.0,17,43,1.0991796370187443,0.0004280926002304517,10269.487065315247,0.6143617033958435,0.6143617033958435,0.6109393239021301,1.0049134492874146,0.052118513733148575,,,
d2nn_expert_global_N49_k49_L4_lr0.002_s17_recheck,d2nn_expert_global,49,49,1.0,17,44,1.0898638468695014,0.0003869728128606611,10508.917569637299,0.6117021441459656,0.6117021441459656,0.6077991724014282,1.0011060237884521,0.051355991512537,,,
d2nn_expert_global_N49_k49_L4_lr0.002_s17_recheck,d2nn_expert_global,49,49,1.0,17,45,1.088896994066497,0.0003475606997047307,10745.766042232513,0.6223404407501221,0.6223404407501221,0.6188427805900574,0.9992691874504089,0.05360127612948418,,,
d2nn_expert_global_N49_k49_L4_lr0.002_s17_recheck,d2nn_expert_global,49,49,1.0,17,46,1.0899496880874513,0.0003099642866253181,10984.812086343765,0.6196808218955994,0.6196808815002441,0.6164891719818115,0.9979245066642761,0.053133029490709305,,,
d2nn_expert_global_N49_k49_L4_lr0.002_s17_recheck,d2nn_expert_global,49,49,1.0,17,47,1.0825610471268494,0.0002742866227773799,11223.714520215988,0.6196808218955994,0.6196808218955994,0.6164212226867676,0.9973509907722473,0.05144144967198372,,,
d2nn_expert_global_N49_k49_L4_lr0.002_s17_recheck,d2nn_expert_global,49,49,1.0,17,48,1.0799229653662743,0.00024062549815759878,11460.51402592659,0.6196808218955994,0.6196808218955994,0.6161763668060303,0.9951789975166321,0.05189615488052368,,,
d2nn_expert_global_N49_k49_L4_lr0.002_s17_recheck,d2nn_expert_global,49,49,1.0,17,49,1.0856448294144108,0.0002090731755688021,11698.645671606064,0.6196808218955994,0.6196808218955994,0.6166277527809143,0.9955288171768188,0.05372653529047966,,,
d2nn_expert_global_N49_k49_L4_lr0.002_s17_recheck,d2nn_expert_global,49,49,1.0,17,50,1.0751346231578556,0.00017971613773403027,11936.072376966476,0.6183510422706604,0.6183510422706604,0.6145829558372498,0.9936747550964355,0.05187852308154106,,,
d2nn_expert_global_N49_k49_L4_lr0.002_s17_recheck,d2nn_expert_global,49,49,1.0,17,51,1.0827499015520425,0.00015263485025340568,12174.058942556381,0.623670220375061,0.623670220375061,0.6196467876434326,0.9937228560447693,0.054366711527109146,,,
d2nn_expert_global_N49_k49_L4_lr0.002_s17_recheck,d2nn_expert_global,49,49,1.0,17,52,1.07941904622364,0.00012790354105351589,12411.377561569214,0.6210106611251831,0.6210106015205383,0.6168923377990723,0.9927964806556702,0.053941600024700165,,,
d2nn_expert_global_N49_k49_L4_lr0.002_s17_recheck,d2nn_expert_global,49,49,1.0,17,53,1.0758557138139526,0.00010558999693382504,12651.542750835419,0.6223404407501221,0.6223404407501221,0.6183081269264221,0.9918662309646606,0.053121551871299744,,,
d2nn_expert_global_N49_k49_L4_lr0.002_s17_recheck,d2nn_expert_global,49,49,1.0,17,54,1.0886186460058576,8.575537776777028e-05,12891.98696899414,0.6210106611251831,0.6210106015205383,0.6168432235717773,0.9918920993804932,0.054469939321279526,,,
d2nn_expert_global_N49_k49_L4_lr0.002_s17_recheck,d2nn_expert_global,49,49,1.0,17,55,1.0792635862362576,6.845404886779801e-05,13128.677473783493,0.6196808218955994,0.6196808218955994,0.6156220436096191,0.9913483262062073,0.053486403077840805,,,
d2nn_expert_global_N49_k49_L4_lr0.002_s17_recheck,d2nn_expert_global,49,49,1.0,17,56,1.0768764928816796,5.373343197382237e-05,13366.969536304474,0.6196808218955994,0.6196808218955994,0.6156220436096191,0.9907811880111694,0.05321427062153816,,,
d2nn_expert_global_N49_k49_L4_lr0.002_s17_recheck,d2nn_expert_global,49,49,1.0,17,57,1.0843396811877892,4.163387527353236e-05,13604.588483333588,0.6196808218955994,0.6196808218955994,0.6156220436096191,0.9906312227249146,0.05281504616141319,,,
d2nn_expert_global_N49_k49_L4_lr0.002_s17_recheck,d2nn_expert_global,49,49,1.0,17,58,1.0772273481725694,3.218854281081372e-05,13843.467644929886,0.6223404407501221,0.6223403811454773,0.618087887763977,0.9905987977981567,0.053829729557037354,,,
d2nn_expert_global_N49_k49_L4_lr0.002_s17_recheck,d2nn_expert_global,49,49,1.0,17,59,1.0790264526526678,2.5423323585409333e-05,14082.880883693695,0.6223404407501221,0.6223403811454773,0.618087887763977,0.9899418354034424,0.05317774787545204,,,
d2nn_expert_global_N49_k49_L4_lr0.002_s17_recheck,d2nn_expert_global,49,49,1.0,17,60,1.0747062672337848,2.1356760592971906e-05,14323.636496067047,0.6210106611251831,0.6210106015205383,0.6168100833892822,0.9898773431777954,0.053322695195674896,,,
d2nn_expert_global_N49_k49_L4_lr0.002_s27_recheck,d2nn_expert_global,49,49,1.0,27,1,3.031946324900677,0.002,238.18314003944397,0.32047873735427856,0.32047873735427856,0.26234427094459534,2.4919657707214355,0.0024082001764327288,,,
d2nn_expert_global_N49_k49_L4_lr0.002_s27_recheck,d2nn_expert_global,49,49,1.0,27,2,2.433184635999812,0.001998643239407028,476.2262463569641,0.3444148898124695,0.3444148898124695,0.2899225354194641,2.122624397277832,0.0024475273676216602,,,
d2nn_expert_global_N49_k49_L4_lr0.002_s27_recheck,d2nn_expert_global,49,49,1.0,27,3,2.1229344747076024,0.0019945766764145906,714.4616067409515,0.3882978856563568,0.3882978558540344,0.34093332290649414,1.8360276222229004,0.0036243489012122154,,,
d2nn_expert_global_N49_k49_L4_lr0.002_s27_recheck,d2nn_expert_global,49,49,1.0,27,4,1.8948502814541806,0.0019878114571891866,954.416063785553,0.40159574151039124,0.4015957713127136,0.3609233498573303,1.6871588230133057,0.0052335518412292,,,
d2nn_expert_global_N49_k49_L4_lr0.002_s27_recheck,d2nn_expert_global,49,49,1.0,27,5,1.7457220311867727,0.0019783661247264675,1193.7901105880737,0.42154255509376526,0.42154258489608765,0.3882889151573181,1.5886257886886597,0.00766375008970499,,,
d2nn_expert_global_N49_k49_L4_lr0.002_s27_recheck,d2nn_expert_global,49,49,1.0,27,6,1.6891491228808142,0.0019662665680261777,1433.5262370109558,0.4308510720729828,0.4308510422706604,0.40474826097488403,1.5133461952209473,0.01192911621183157,,,
d2nn_expert_global_N49_k49_L4_lr0.002_s27_recheck,d2nn_expert_global,49,49,1.0,27,7,1.619043413192442,0.0019515459511322021,1673.0050268173218,0.44946807622909546,0.44946807622909546,0.4269469380378723,1.4529407024383545,0.015951164066791534,,,
d2nn_expert_global_N49_k49_L4_lr0.002_s27_recheck,d2nn_expert_global,49,49,1.0,27,8,1.5667927613031103,0.0019342446222322296,1912.6967465877533,0.46675533056259155,0.46675533056259155,0.4499457776546478,1.4059982299804688,0.02207309566438198,,,
d2nn_expert_global_N49_k49_L4_lr0.002_s27_recheck,d2nn_expert_global,49,49,1.0,27,9,1.52954712158843,0.0019144100030661748,2152.512196302414,0.47473403811454773,0.4747340679168701,0.45921850204467773,1.3718522787094116,0.029495274648070335,,,
d2nn_expert_global_N49_k49_L4_lr0.002_s27_recheck,d2nn_expert_global,49,49,1.0,27,10,1.4894952586762709,0.0018920964589464841,2392.164971590042,0.4853723347187042,0.4853723645210266,0.4696994423866272,1.3404185771942139,0.03609948605298996,,,
d2nn_expert_global_N49_k49_L4_lr0.002_s27_recheck,d2nn_expert_global,49,49,1.0,27,11,1.4500758042006188,0.0018673651497465944,2631.7535605430603,0.5053191781044006,0.5053191781044006,0.49053525924682617,1.312503457069397,0.04161059483885765,,,
d2nn_expert_global_N49_k49_L4_lr0.002_s27_recheck,d2nn_expert_global,49,49,1.0,27,12,1.4279022961514725,0.0018402838622659698,2870.874568939209,0.5146276354789734,0.5146276354789734,0.49967002868652344,1.2893211841583252,0.04785348102450371,,,
d2nn_expert_global_N49_k49_L4_lr0.002_s27_recheck,d2nn_expert_global,49,49,1.0,27,13,1.4072849824174083,0.001810926824431198,3110.865042924881,0.519946813583374,0.519946813583374,0.5053128004074097,1.2650665044784546,0.04962896928191185,,,
d2nn_expert_global_N49_k49_L4_lr0.002_s27_recheck,d2nn_expert_global,49,49,1.0,27,14,1.3768035744542264,0.0017793745018424012,3351.0599567890167,0.5159574747085571,0.5159574747085571,0.5048697590827942,1.243361234664917,0.05252532288432121,,,
d2nn_expert_global_N49_k49_L4_lr0.002_s27_recheck,d2nn_expert_global,49,49,1.0,27,15,1.3521068357781731,0.0017457133772226204,3590.020185470581,0.5319148898124695,0.5319148898124695,0.5164426565170288,1.2206875085830688,0.05946362763643265,,,
d2nn_expert_global_N49_k49_L4_lr0.002_s27_recheck,d2nn_expert_global,49,49,1.0,27,16,1.3417032786887395,0.001710035713374682,3829.425666332245,0.5305851101875305,0.5305851101875305,0.5210852026939392,1.2022520303726196,0.06236051023006439,,,
d2nn_expert_global_N49_k49_L4_lr0.002_s27_recheck,d2nn_expert_global,49,49,1.0,27,17,1.3136392839031812,0.0016724393002952695,4068.4349915981293,0.5372340679168701,0.5372340083122253,0.528009295463562,1.187645435333252,0.060984596610069275,,,
d2nn_expert_global_N49_k49_L4_lr0.002_s27_recheck,d2nn_expert_global,49,49,1.0,27,18,1.3111330783122206,0.0016330271871393392,4307.86389374733,0.539893627166748,0.539893627166748,0.5343424677848816,1.1754283905029297,0.0638999342918396,,,
d2nn_expert_global_N49_k49_L4_lr0.002_s27_recheck,d2nn_expert_global,49,49,1.0,27,19,1.288377564451466,0.0015919073997695485,4546.678783893585,0.5385638475418091,0.5385637879371643,0.5331740379333496,1.163284182548523,0.0640033632516861,,,
d2nn_expert_global_N49_k49_L4_lr0.002_s27_recheck,d2nn_expert_global,49,49,1.0,27,20,1.262466944575514,0.001549192644664877,4786.026027202606,0.5492021441459656,0.5492021441459656,0.5421618223190308,1.148060917854309,0.06747061014175415,,,
d2nn_expert_global_N49_k49_L4_lr0.002_s27_recheck,d2nn_expert_global,49,49,1.0,27,21,1.2514330529305897,0.0015049999999999998,5025.866558790207,0.5571808218955994,0.5571808815002441,0.5506740808486938,1.1356744766235352,0.06641042977571487,,,
d2nn_expert_global_N49_k49_L4_lr0.002_s27_recheck,d2nn_expert_global,49,49,1.0,27,22,1.2486915021250238,0.0014594505947421513,5265.31876540184,0.5704787373542786,0.5704787373542786,0.5636306405067444,1.1208168268203735,0.06306717544794083,,,
d2nn_expert_global_N49_k49_L4_lr0.002_s27_recheck,d2nn_expert_global,49,49,1.0,27,23,1.2203600496887208,0.0014126692766450425,5504.282782077789,0.5744680762290955,0.5744681358337402,0.5684067606925964,1.1075150966644287,0.06240861862897873,,,
d2nn_expert_global_N49_k49_L4_lr0.002_s27_recheck,d2nn_expert_global,49,49,1.0,27,24,1.2236692495133779,0.0013647842700498477,5744.698525905609,0.5784574747085571,0.5784574747085571,0.5744670629501343,1.0954865217208862,0.065489761531353,,,
d2nn_expert_global_N49_k49_L4_lr0.002_s27_recheck,d2nn_expert_global,49,49,1.0,27,25,1.2088097494997119,0.001315926824431198,5985.629325628281,0.5771276354789734,0.5771276354789734,0.571814775466919,1.088059663772583,0.0637715756893158,,,
d2nn_expert_global_N49_k49_L4_lr0.002_s27_recheck,d2nn_expert_global,49,49,1.0,27,26,1.1923019203046958,0.0012662308546514955,6226.1013967990875,0.5784574747085571,0.5784574747085571,0.572052538394928,1.0779435634613037,0.06717611104249954,,,
d2nn_expert_global_N49_k49_L4_lr0.002_s27_recheck,d2nn_expert_global,49,49,1.0,27,27,1.186175009661001,0.0012158325739095818,6466.373169183731,0.5744680762290955,0.5744680762290955,0.5673967003822327,1.0701334476470947,0.07275735586881638,,,
d2nn_expert_global_N49_k49_L4_lr0.002_s27_recheck,d2nn_expert_global,49,49,1.0,27,28,1.1725754615803967,0.0011648701203898287,6705.532959461212,0.582446813583374,0.582446813583374,0.5777914524078369,1.0629886388778687,0.06906963884830475,,,
d2nn_expert_global_N49_k49_L4_lr0.002_s27_recheck,d2nn_expert_global,49,49,1.0,27,29,1.1629160514535153,0.001113483178634977,6946.037553787231,0.5811170339584351,0.5811170339584351,0.5751229524612427,1.0534331798553467,0.0686856061220169,,,
d2nn_expert_global_N49_k49_L4_lr0.002_s27_recheck,d2nn_expert_global,49,49,1.0,27,30,1.15880212706586,0.0010618125966805143,7186.37211894989,0.5930851101875305,0.5930851101875305,0.5879219174385071,1.0464837551116943,0.07176011800765991,,,
d2nn_expert_global_N49_k49_L4_lr0.002_s27_recheck,d2nn_expert_global,49,49,1.0,27,31,1.1570002654456792,0.0010100000000000003,7425.1661331653595,0.5930851101875305,0.5930851101875305,0.5875558257102966,1.0424829721450806,0.06716574728488922,,,
d2nn_expert_global_N49_k49_L4_lr0.002_s27_recheck,d2nn_expert_global,49,49,1.0,27,32,1.1422987930204498,0.0009581874033194859,7663.822802066803,0.5917553305625916,0.5917553305625916,0.588413417339325,1.0386828184127808,0.07882390916347504,,,
d2nn_expert_global_N49_k49_L4_lr0.002_s27_recheck,d2nn_expert_global,49,49,1.0,27,33,1.1283820697689029,0.0009065168213650232,7903.529796600342,0.5997340679168701,0.5997340679168701,0.59529048204422,1.0278524160385132,0.07108978927135468,,,
d2nn_expert_global_N49_k49_L4_lr0.002_s27_recheck,d2nn_expert_global,49,49,1.0,27,34,1.1308515385711846,0.0008551298796101715,8143.362099170685,0.6010638475418091,0.6010638475418091,0.5971357226371765,1.0238600969314575,0.08275066316127777,,,
d2nn_expert_global_N49_k49_L4_lr0.002_s27_recheck,d2nn_expert_global,49,49,1.0,27,35,1.1309794850953638,0.0008041674260904182,8382.491150140762,0.5984042286872864,0.5984042882919312,0.5939213037490845,1.0182976722717285,0.08041469007730484,,,
d2nn_expert_global_N49_k49_L4_lr0.002_s27_recheck,d2nn_expert_global,49,49,1.0,27,36,1.1203805589155382,0.0007537691453485046,8621.364467859268,0.5984042286872864,0.5984042882919312,0.5951039791107178,1.014456033706665,0.08072321861982346,,,
d2nn_expert_global_N49_k49_L4_lr0.002_s27_recheck,d2nn_expert_global,49,49,1.0,27,37,1.1076004622359525,0.0007040731755688022,8860.999836444855,0.602393627166748,0.602393627166748,0.5990737080574036,1.0098124742507935,0.07688508927822113,,,
d2nn_expert_global_N49_k49_L4_lr0.002_s27_recheck,d2nn_expert_global,49,49,1.0,27,38,1.097723017655075,0.0006552157299501527,9099.883133649826,0.603723406791687,0.603723406791687,0.5998255610466003,1.005874514579773,0.08092137426137924,,,
d2nn_expert_global_N49_k49_L4_lr0.002_s27_recheck,d2nn_expert_global,49,49,1.0,27,39,1.0997150219704734,0.000607330723354958,9338.799952507019,0.6103723645210266,0.6103723645210266,0.606380045413971,1.002159595489502,0.07766296714544296,,,
d2nn_expert_global_N49_k49_L4_lr0.002_s27_recheck,d2nn_expert_global,49,49,1.0,27,40,1.097776483378658,0.0005605494052578487,9578.801720142365,0.6170212626457214,0.6170212626457214,0.6127496361732483,0.9960541725158691,0.07627653330564499,,,
d2nn_expert_global_N49_k49_L4_lr0.002_s27_recheck,d2nn_expert_global,49,49,1.0,27,41,1.0880258746156002,0.0005150000000000003,9818.354828834534,0.6130319237709045,0.6130319237709045,0.6079047322273254,0.9946939945220947,0.0745583102107048,,,
d2nn_expert_global_N49_k49_L4_lr0.002_s27_recheck,d2nn_expert_global,49,49,1.0,27,42,1.0909451113324868,0.00047080735533512353,10057.685240507126,0.6170212626457214,0.6170212626457214,0.6114950180053711,0.9971145987510681,0.08496211469173431,,,
d2nn_expert_global_N49_k49_L4_lr0.002_s27_recheck,d2nn_expert_global,49,49,1.0,27,43,1.0848486049602566,0.0004280926002304517,10295.430777072906,0.6210106611251831,0.6210106611251831,0.6161742806434631,0.9920070171356201,0.08037486672401428,,,
d2nn_expert_global_N49_k49_L4_lr0.002_s27_recheck,d2nn_expert_global,49,49,1.0,27,44,1.0890494710319254,0.0003869728128606611,10534.272349834442,0.6223404407501221,0.6223404407501221,0.6180626153945923,0.989578902721405,0.08094307035207748,,,
d2nn_expert_global_N49_k49_L4_lr0.002_s27_recheck,d2nn_expert_global,49,49,1.0,27,45,1.0818090060785346,0.0003475606997047307,10773.355641841888,0.6210106611251831,0.6210106611251831,0.6163249015808105,0.9874980449676514,0.07871506363153458,,,
d2nn_expert_global_N49_k49_L4_lr0.002_s27_recheck,d2nn_expert_global,49,49,1.0,27,46,1.0823163571831298,0.0003099642866253181,11012.040605545044,0.623670220375061,0.623670220375061,0.6186663508415222,0.9844905734062195,0.07838841527700424,,,
d2nn_expert_global_N49_k49_L4_lr0.002_s27_recheck,d2nn_expert_global,49,49,1.0,27,47,1.0806562625399054,0.0002742866227773799,11250.851963043213,0.625,0.625,0.6204041242599487,0.9829780459403992,0.07793881744146347,,,
d2nn_expert_global_N49_k49_L4_lr0.002_s27_recheck,d2nn_expert_global,49,49,1.0,27,48,1.072313205632445,0.00024062549815759878,11490.93426990509,0.6223404407501221,0.6223404407501221,0.6181471943855286,0.9816650748252869,0.08138474076986313,,,
d2nn_expert_global_N49_k49_L4_lr0.002_s27_recheck,d2nn_expert_global,49,49,1.0,27,49,1.075856705855357,0.0002090731755688021,11731.079909801483,0.625,0.625,0.6199914216995239,0.9802272319793701,0.07878587394952774,,,
d2nn_expert_global_N49_k49_L4_lr0.002_s27_recheck,d2nn_expert_global,49,49,1.0,27,50,1.0680102584245679,0.00017971613773403027,11969.961600065231,0.623670220375061,0.623670220375061,0.618881344795227,0.9797178506851196,0.08075103163719177,,,
d2nn_expert_global_N49_k49_L4_lr0.002_s27_recheck,d2nn_expert_global,49,49,1.0,27,51,1.0578678886674038,0.00015263485025340568,12208.842249393463,0.625,0.625,0.621394157409668,0.9782944917678833,0.08066032081842422,,,
d2nn_expert_global_N49_k49_L4_lr0.002_s27_recheck,d2nn_expert_global,49,49,1.0,27,52,1.0749506587630402,0.00012790354105351589,12449.771602630615,0.625,0.625,0.6210290789604187,0.9767885804176331,0.07800781726837158,,,
d2nn_expert_global_N49_k49_L4_lr0.002_s27_recheck,d2nn_expert_global,49,49,1.0,27,53,1.0672608354813569,0.00010558999693382504,12689.112541675568,0.626329779624939,0.626329779624939,0.6227698922157288,0.9775519967079163,0.08003009855747223,,,
d2nn_expert_global_N49_k49_L4_lr0.002_s27_recheck,d2nn_expert_global,49,49,1.0,27,54,1.0676373295639068,8.575537776777028e-05,12928.177612543106,0.623670220375061,0.623670220375061,0.6199593544006348,0.9764062166213989,0.07988744974136353,,,
d2nn_expert_global_N49_k49_L4_lr0.002_s27_recheck,d2nn_expert_global,49,49,1.0,27,55,1.069734080902994,6.845404886779801e-05,13167.70931339264,0.623670220375061,0.623670220375061,0.6199593544006348,0.976495623588562,0.0805615559220314,,,
d2nn_expert_global_N49_k49_L4_lr0.002_s27_recheck,d2nn_expert_global,49,49,1.0,27,56,1.059144115449699,5.373343197382237e-05,13406.890256643295,0.623670220375061,0.623670220375061,0.6195764541625977,0.9760030508041382,0.08098442107439041,,,
d2nn_expert_global_N49_k49_L4_lr0.002_s27_recheck,d2nn_expert_global,49,49,1.0,27,57,1.065209150535467,4.163387527353236e-05,13646.379911899567,0.623670220375061,0.623670220375061,0.6195764541625977,0.9755289554595947,0.08036725223064423,,,
d2nn_expert_global_N49_k49_L4_lr0.002_s27_recheck,d2nn_expert_global,49,49,1.0,27,58,1.0622497370730253,3.218854281081372e-05,13885.080802202225,0.623670220375061,0.623670220375061,0.6195764541625977,0.9754607677459717,0.08053478598594666,,,
d2nn_expert_global_N49_k49_L4_lr0.002_s27_recheck,d2nn_expert_global,49,49,1.0,27,59,1.0678745165773451,2.5423323585409333e-05,14126.325889825821,0.623670220375061,0.623670220375061,0.6195764541625977,0.9754312038421631,0.08063329756259918,,,
d2nn_expert_global_N49_k49_L4_lr0.002_s27_recheck,d2nn_expert_global,49,49,1.0,27,60,1.0636897893988242,2.1356760592971906e-05,14366.363256454468,0.623670220375061,0.623670220375061,0.6195764541625977,0.9754317998886108,0.08099278062582016,,,
