sample_index,sample_id,target_mos,prediction,batch_index,batch_size_videos,selected_frame_positions,preprocessing_trace
0,"Gen-2/A baseball player swung the bat, preparing for a home run.mp4",55.63,57.99810791015625,0,1,"[10, 35, 60, 86]","{""center_crop_fraction_of_short_side"": 0.65, ""container_reported_size_wh"": [1408, 768], ""decoded_frames"": [{""center_crop_xywh"": [454, 134, 499, 499], ""decoded_size_wh"": [1408, 768], ""frame_position"": 10, ""resize_output_size_wh"": [448, 448]}, {""center_crop_xywh"": [454, 134, 499, 499], ""decoded_size_wh"": [1408, 768], ""frame_position"": 35, ""resize_output_size_wh"": [448, 448]}, {""center_crop_xywh"": [454, 134, 499, 499], ""decoded_size_wh"": [1408, 768], ""frame_position"": 60, ""resize_output_size_wh"": [448, 448]}, {""center_crop_xywh"": [454, 134, 499, 499], ""decoded_size_wh"": [1408, 768], ""frame_position"": 86, ""resize_output_size_wh"": [448, 448]}], ""processor_pixel_constraint"": {""max_pixels"": 200704, ""min_pixels"": 200704}, ""requested_frame_fractions"": [0.1, 0.37, 0.63, 0.9], ""resize_interpolation"": ""OpenCV INTER_AREA"", ""sample_id"": ""Gen-2/A baseball player swung the bat, preparing for a home run.mp4"", ""selected_frame_positions"": [10, 35, 60, 86], ""source_file_bytes"": 2208039, ""source_fps_used"": 24.0, ""source_frame_count"": 96, ""video_path"": ""/DATA/DATA1/lixinyue/xyli/data/LGVQ/videos/Gen-2/A baseball player swung the bat, preparing for a home run.mp4""}"
1,Gen-2/A bowl of hot soup is especially delicious on a cold winter day.mp4,73.15,67.81832885742188,1,1,"[10, 35, 60, 86]","{""center_crop_fraction_of_short_side"": 0.65, ""container_reported_size_wh"": [1408, 768], ""decoded_frames"": [{""center_crop_xywh"": [454, 134, 499, 499], ""decoded_size_wh"": [1408, 768], ""frame_position"": 10, ""resize_output_size_wh"": [448, 448]}, {""center_crop_xywh"": [454, 134, 499, 499], ""decoded_size_wh"": [1408, 768], ""frame_position"": 35, ""resize_output_size_wh"": [448, 448]}, {""center_crop_xywh"": [454, 134, 499, 499], ""decoded_size_wh"": [1408, 768], ""frame_position"": 60, ""resize_output_size_wh"": [448, 448]}, {""center_crop_xywh"": [454, 134, 499, 499], ""decoded_size_wh"": [1408, 768], ""frame_position"": 86, ""resize_output_size_wh"": [448, 448]}], ""processor_pixel_constraint"": {""max_pixels"": 200704, ""min_pixels"": 200704}, ""requested_frame_fractions"": [0.1, 0.37, 0.63, 0.9], ""resize_interpolation"": ""OpenCV INTER_AREA"", ""sample_id"": ""Gen-2/A bowl of hot soup is especially delicious on a cold winter day.mp4"", ""selected_frame_positions"": [10, 35, 60, 86], ""source_file_bytes"": 2592027, ""source_fps_used"": 24.0, ""source_frame_count"": 96, ""video_path"": ""/DATA/DATA1/lixinyue/xyli/data/LGVQ/videos/Gen-2/A bowl of hot soup is especially delicious on a cold winter day.mp4""}"
2,Gen-2/A bowl of ramen has delicious pork and seaweed.mp4,67.57,47.489139556884766,2,1,"[10, 35, 60, 86]","{""center_crop_fraction_of_short_side"": 0.65, ""container_reported_size_wh"": [1408, 768], ""decoded_frames"": [{""center_crop_xywh"": [454, 134, 499, 499], ""decoded_size_wh"": [1408, 768], ""frame_position"": 10, ""resize_output_size_wh"": [448, 448]}, {""center_crop_xywh"": [454, 134, 499, 499], ""decoded_size_wh"": [1408, 768], ""frame_position"": 35, ""resize_output_size_wh"": [448, 448]}, {""center_crop_xywh"": [454, 134, 499, 499], ""decoded_size_wh"": [1408, 768], ""frame_position"": 60, ""resize_output_size_wh"": [448, 448]}, {""center_crop_xywh"": [454, 134, 499, 499], ""decoded_size_wh"": [1408, 768], ""frame_position"": 86, ""resize_output_size_wh"": [448, 448]}], ""processor_pixel_constraint"": {""max_pixels"": 200704, ""min_pixels"": 200704}, ""requested_frame_fractions"": [0.1, 0.37, 0.63, 0.9], ""resize_interpolation"": ""OpenCV INTER_AREA"", ""sample_id"": ""Gen-2/A bowl of ramen has delicious pork and seaweed.mp4"", ""selected_frame_positions"": [10, 35, 60, 86], ""source_file_bytes"": 2610144, ""source_fps_used"": 24.0, ""source_frame_count"": 96, ""video_path"": ""/DATA/DATA1/lixinyue/xyli/data/LGVQ/videos/Gen-2/A bowl of ramen has delicious pork and seaweed.mp4""}"
3,Gen-2/A bowl of rich French onion soup emanates an enticing aroma.mp4,60.64,65.60731506347656,3,1,"[10, 35, 60, 86]","{""center_crop_fraction_of_short_side"": 0.65, ""container_reported_size_wh"": [1408, 768], ""decoded_frames"": [{""center_crop_xywh"": [454, 134, 499, 499], ""decoded_size_wh"": [1408, 768], ""frame_position"": 10, ""resize_output_size_wh"": [448, 448]}, {""center_crop_xywh"": [454, 134, 499, 499], ""decoded_size_wh"": [1408, 768], ""frame_position"": 35, ""resize_output_size_wh"": [448, 448]}, {""center_crop_xywh"": [454, 134, 499, 499], ""decoded_size_wh"": [1408, 768], ""frame_position"": 60, ""resize_output_size_wh"": [448, 448]}, {""center_crop_xywh"": [454, 134, 499, 499], ""decoded_size_wh"": [1408, 768], ""frame_position"": 86, ""resize_output_size_wh"": [448, 448]}], ""processor_pixel_constraint"": {""max_pixels"": 200704, ""min_pixels"": 200704}, ""requested_frame_fractions"": [0.1, 0.37, 0.63, 0.9], ""resize_interpolation"": ""OpenCV INTER_AREA"", ""sample_id"": ""Gen-2/A bowl of rich French onion soup emanates an enticing aroma.mp4"", ""selected_frame_positions"": [10, 35, 60, 86], ""source_file_bytes"": 3279850, ""source_fps_used"": 24.0, ""source_frame_count"": 96, ""video_path"": ""/DATA/DATA1/lixinyue/xyli/data/LGVQ/videos/Gen-2/A bowl of rich French onion soup emanates an enticing aroma.mp4""}"
4,Gen-2/A bowl of spicy Mexican chili is very delicious.mp4,60.94,49.283851623535156,4,1,"[10, 35, 60, 86]","{""center_crop_fraction_of_short_side"": 0.65, ""container_reported_size_wh"": [1408, 768], ""decoded_frames"": [{""center_crop_xywh"": [454, 134, 499, 499], ""decoded_size_wh"": [1408, 768], ""frame_position"": 10, ""resize_output_size_wh"": [448, 448]}, {""center_crop_xywh"": [454, 134, 499, 499], ""decoded_size_wh"": [1408, 768], ""frame_position"": 35, ""resize_output_size_wh"": [448, 448]}, {""center_crop_xywh"": [454, 134, 499, 499], ""decoded_size_wh"": [1408, 768], ""frame_position"": 60, ""resize_output_size_wh"": [448, 448]}, {""center_crop_xywh"": [454, 134, 499, 499], ""decoded_size_wh"": [1408, 768], ""frame_position"": 86, ""resize_output_size_wh"": [448, 448]}], ""processor_pixel_constraint"": {""max_pixels"": 200704, ""min_pixels"": 200704}, ""requested_frame_fractions"": [0.1, 0.37, 0.63, 0.9], ""resize_interpolation"": ""OpenCV INTER_AREA"", ""sample_id"": ""Gen-2/A bowl of spicy Mexican chili is very delicious.mp4"", ""selected_frame_positions"": [10, 35, 60, 86], ""source_file_bytes"": 3329129, ""source_fps_used"": 24.0, ""source_frame_count"": 96, ""video_path"": ""/DATA/DATA1/lixinyue/xyli/data/LGVQ/videos/Gen-2/A bowl of spicy Mexican chili is very delicious.mp4""}"
5,Gen-2/A butterfly gracefully dances among the flowers.mp4,73.15,70.82152557373047,5,1,"[10, 35, 60, 86]","{""center_crop_fraction_of_short_side"": 0.65, ""container_reported_size_wh"": [1408, 768], ""decoded_frames"": [{""center_crop_xywh"": [454, 134, 499, 499], ""decoded_size_wh"": [1408, 768], ""frame_position"": 10, ""resize_output_size_wh"": [448, 448]}, {""center_crop_xywh"": [454, 134, 499, 499], ""decoded_size_wh"": [1408, 768], ""frame_position"": 35, ""resize_output_size_wh"": [448, 448]}, {""center_crop_xywh"": [454, 134, 499, 499], ""decoded_size_wh"": [1408, 768], ""frame_position"": 60, ""resize_output_size_wh"": [448, 448]}, {""center_crop_xywh"": [454, 134, 499, 499], ""decoded_size_wh"": [1408, 768], ""frame_position"": 86, ""resize_output_size_wh"": [448, 448]}], ""processor_pixel_constraint"": {""max_pixels"": 200704, ""min_pixels"": 200704}, ""requested_frame_fractions"": [0.1, 0.37, 0.63, 0.9], ""resize_interpolation"": ""OpenCV INTER_AREA"", ""sample_id"": ""Gen-2/A butterfly gracefully dances among the flowers.mp4"", ""selected_frame_positions"": [10, 35, 60, 86], ""source_file_bytes"": 2567278, ""source_fps_used"": 24.0, ""source_frame_count"": 96, ""video_path"": ""/DATA/DATA1/lixinyue/xyli/data/LGVQ/videos/Gen-2/A butterfly gracefully dances among the flowers.mp4""}"
6,Gen-2/A cactus thrives in the harsh desert.mp4,75.97,66.94757080078125,6,1,"[10, 35, 60, 86]","{""center_crop_fraction_of_short_side"": 0.65, ""container_reported_size_wh"": [1408, 768], ""decoded_frames"": [{""center_crop_xywh"": [454, 134, 499, 499], ""decoded_size_wh"": [1408, 768], ""frame_position"": 10, ""resize_output_size_wh"": [448, 448]}, {""center_crop_xywh"": [454, 134, 499, 499], ""decoded_size_wh"": [1408, 768], ""frame_position"": 35, ""resize_output_size_wh"": [448, 448]}, {""center_crop_xywh"": [454, 134, 499, 499], ""decoded_size_wh"": [1408, 768], ""frame_position"": 60, ""resize_output_size_wh"": [448, 448]}, {""center_crop_xywh"": [454, 134, 499, 499], ""decoded_size_wh"": [1408, 768], ""frame_position"": 86, ""resize_output_size_wh"": [448, 448]}], ""processor_pixel_constraint"": {""max_pixels"": 200704, ""min_pixels"": 200704}, ""requested_frame_fractions"": [0.1, 0.37, 0.63, 0.9], ""resize_interpolation"": ""OpenCV INTER_AREA"", ""sample_id"": ""Gen-2/A cactus thrives in the harsh desert.mp4"", ""selected_frame_positions"": [10, 35, 60, 86], ""source_file_bytes"": 3593349, ""source_fps_used"": 24.0, ""source_frame_count"": 96, ""video_path"": ""/DATA/DATA1/lixinyue/xyli/data/LGVQ/videos/Gen-2/A cactus thrives in the harsh desert.mp4""}"
7,"Gen-2/A couple walks hand in hand on the beach, listening to the sound of the waves.mp4",68.98,71.85440063476562,7,1,"[10, 35, 60, 86]","{""center_crop_fraction_of_short_side"": 0.65, ""container_reported_size_wh"": [1408, 768], ""decoded_frames"": [{""center_crop_xywh"": [454, 134, 499, 499], ""decoded_size_wh"": [1408, 768], ""frame_position"": 10, ""resize_output_size_wh"": [448, 448]}, {""center_crop_xywh"": [454, 134, 499, 499], ""decoded_size_wh"": [1408, 768], ""frame_position"": 35, ""resize_output_size_wh"": [448, 448]}, {""center_crop_xywh"": [454, 134, 499, 499], ""decoded_size_wh"": [1408, 768], ""frame_position"": 60, ""resize_output_size_wh"": [448, 448]}, {""center_crop_xywh"": [454, 134, 499, 499], ""decoded_size_wh"": [1408, 768], ""frame_position"": 86, ""resize_output_size_wh"": [448, 448]}], ""processor_pixel_constraint"": {""max_pixels"": 200704, ""min_pixels"": 200704}, ""requested_frame_fractions"": [0.1, 0.37, 0.63, 0.9], ""resize_interpolation"": ""OpenCV INTER_AREA"", ""sample_id"": ""Gen-2/A couple walks hand in hand on the beach, listening to the sound of the waves.mp4"", ""selected_frame_positions"": [10, 35, 60, 86], ""source_file_bytes"": 2346788, ""source_fps_used"": 24.0, ""source_frame_count"": 96, ""video_path"": ""/DATA/DATA1/lixinyue/xyli/data/LGVQ/videos/Gen-2/A couple walks hand in hand on the beach, listening to the sound of the waves.mp4""}"
8,Gen-2/A cup of hot chocolate is fragrant.mp4,54.53,65.16183471679688,8,1,"[10, 35, 60, 86]","{""center_crop_fraction_of_short_side"": 0.65, ""container_reported_size_wh"": [1408, 768], ""decoded_frames"": [{""center_crop_xywh"": [454, 134, 499, 499], ""decoded_size_wh"": [1408, 768], ""frame_position"": 10, ""resize_output_size_wh"": [448, 448]}, {""center_crop_xywh"": [454, 134, 499, 499], ""decoded_size_wh"": [1408, 768], ""frame_position"": 35, ""resize_output_size_wh"": [448, 448]}, {""center_crop_xywh"": [454, 134, 499, 499], ""decoded_size_wh"": [1408, 768], ""frame_position"": 60, ""resize_output_size_wh"": [448, 448]}, {""center_crop_xywh"": [454, 134, 499, 499], ""decoded_size_wh"": [1408, 768], ""frame_position"": 86, ""resize_output_size_wh"": [448, 448]}], ""processor_pixel_constraint"": {""max_pixels"": 200704, ""min_pixels"": 200704}, ""requested_frame_fractions"": [0.1, 0.37, 0.63, 0.9], ""resize_interpolation"": ""OpenCV INTER_AREA"", ""sample_id"": ""Gen-2/A cup of hot chocolate is fragrant.mp4"", ""selected_frame_positions"": [10, 35, 60, 86], ""source_file_bytes"": 1677815, ""source_fps_used"": 24.0, ""source_frame_count"": 96, ""video_path"": ""/DATA/DATA1/lixinyue/xyli/data/LGVQ/videos/Gen-2/A cup of hot chocolate is fragrant.mp4""}"
9,Gen-2/A daffodil sways in the spring breeze.mp4,70.32,66.4683837890625,9,1,"[10, 35, 60, 86]","{""center_crop_fraction_of_short_side"": 0.65, ""container_reported_size_wh"": [1408, 768], ""decoded_frames"": [{""center_crop_xywh"": [454, 134, 499, 499], ""decoded_size_wh"": [1408, 768], ""frame_position"": 10, ""resize_output_size_wh"": [448, 448]}, {""center_crop_xywh"": [454, 134, 499, 499], ""decoded_size_wh"": [1408, 768], ""frame_position"": 35, ""resize_output_size_wh"": [448, 448]}, {""center_crop_xywh"": [454, 134, 499, 499], ""decoded_size_wh"": [1408, 768], ""frame_position"": 60, ""resize_output_size_wh"": [448, 448]}, {""center_crop_xywh"": [454, 134, 499, 499], ""decoded_size_wh"": [1408, 768], ""frame_position"": 86, ""resize_output_size_wh"": [448, 448]}], ""processor_pixel_constraint"": {""max_pixels"": 200704, ""min_pixels"": 200704}, ""requested_frame_fractions"": [0.1, 0.37, 0.63, 0.9], ""resize_interpolation"": ""OpenCV INTER_AREA"", ""sample_id"": ""Gen-2/A daffodil sways in the spring breeze.mp4"", ""selected_frame_positions"": [10, 35, 60, 86], ""source_file_bytes"": 2265238, ""source_fps_used"": 24.0, ""source_frame_count"": 96, ""video_path"": ""/DATA/DATA1/lixinyue/xyli/data/LGVQ/videos/Gen-2/A daffodil sways in the spring breeze.mp4""}"
10,Gen-2/A designer creates fashionable clothing designs.mp4,70.37,53.657798767089844,10,1,"[10, 35, 60, 86]","{""center_crop_fraction_of_short_side"": 0.65, ""container_reported_size_wh"": [1408, 768], ""decoded_frames"": [{""center_crop_xywh"": [454, 134, 499, 499], ""decoded_size_wh"": [1408, 768], ""frame_position"": 10, ""resize_output_size_wh"": [448, 448]}, {""center_crop_xywh"": [454, 134, 499, 499], ""decoded_size_wh"": [1408, 768], ""frame_position"": 35, ""resize_output_size_wh"": [448, 448]}, {""center_crop_xywh"": [454, 134, 499, 499], ""decoded_size_wh"": [1408, 768], ""frame_position"": 60, ""resize_output_size_wh"": [448, 448]}, {""center_crop_xywh"": [454, 134, 499, 499], ""decoded_size_wh"": [1408, 768], ""frame_position"": 86, ""resize_output_size_wh"": [448, 448]}], ""processor_pixel_constraint"": {""max_pixels"": 200704, ""min_pixels"": 200704}, ""requested_frame_fractions"": [0.1, 0.37, 0.63, 0.9], ""resize_interpolation"": ""OpenCV INTER_AREA"", ""sample_id"": ""Gen-2/A designer creates fashionable clothing designs.mp4"", ""selected_frame_positions"": [10, 35, 60, 86], ""source_file_bytes"": 1797702, ""source_fps_used"": 24.0, ""source_frame_count"": 96, ""video_path"": ""/DATA/DATA1/lixinyue/xyli/data/LGVQ/videos/Gen-2/A designer creates fashionable clothing designs.mp4""}"
11,Gen-2/A diver is exploring the underwater world under the coral reef.mp4,67.55,52.123043060302734,11,1,"[10, 35, 60, 86]","{""center_crop_fraction_of_short_side"": 0.65, ""container_reported_size_wh"": [1408, 768], ""decoded_frames"": [{""center_crop_xywh"": [454, 134, 499, 499], ""decoded_size_wh"": [1408, 768], ""frame_position"": 10, ""resize_output_size_wh"": [448, 448]}, {""center_crop_xywh"": [454, 134, 499, 499], ""decoded_size_wh"": [1408, 768], ""frame_position"": 35, ""resize_output_size_wh"": [448, 448]}, {""center_crop_xywh"": [454, 134, 499, 499], ""decoded_size_wh"": [1408, 768], ""frame_position"": 60, ""resize_output_size_wh"": [448, 448]}, {""center_crop_xywh"": [454, 134, 499, 499], ""decoded_size_wh"": [1408, 768], ""frame_position"": 86, ""resize_output_size_wh"": [448, 448]}], ""processor_pixel_constraint"": {""max_pixels"": 200704, ""min_pixels"": 200704}, ""requested_frame_fractions"": [0.1, 0.37, 0.63, 0.9], ""resize_interpolation"": ""OpenCV INTER_AREA"", ""sample_id"": ""Gen-2/A diver is exploring the underwater world under the coral reef.mp4"", ""selected_frame_positions"": [10, 35, 60, 86], ""source_file_bytes"": 4673948, ""source_fps_used"": 24.0, ""source_frame_count"": 96, ""video_path"": ""/DATA/DATA1/lixinyue/xyli/data/LGVQ/videos/Gen-2/A diver is exploring the underwater world under the coral reef.mp4""}"
12,Gen-2/A doctor cares for patients in the hospital.mp4,63.63,52.04596710205078,12,1,"[10, 35, 60, 86]","{""center_crop_fraction_of_short_side"": 0.65, ""container_reported_size_wh"": [1408, 768], ""decoded_frames"": [{""center_crop_xywh"": [454, 134, 499, 499], ""decoded_size_wh"": [1408, 768], ""frame_position"": 10, ""resize_output_size_wh"": [448, 448]}, {""center_crop_xywh"": [454, 134, 499, 499], ""decoded_size_wh"": [1408, 768], ""frame_position"": 35, ""resize_output_size_wh"": [448, 448]}, {""center_crop_xywh"": [454, 134, 499, 499], ""decoded_size_wh"": [1408, 768], ""frame_position"": 60, ""resize_output_size_wh"": [448, 448]}, {""center_crop_xywh"": [454, 134, 499, 499], ""decoded_size_wh"": [1408, 768], ""frame_position"": 86, ""resize_output_size_wh"": [448, 448]}], ""processor_pixel_constraint"": {""max_pixels"": 200704, ""min_pixels"": 200704}, ""requested_frame_fractions"": [0.1, 0.37, 0.63, 0.9], ""resize_interpolation"": ""OpenCV INTER_AREA"", ""sample_id"": ""Gen-2/A doctor cares for patients in the hospital.mp4"", ""selected_frame_positions"": [10, 35, 60, 86], ""source_file_bytes"": 2424826, ""source_fps_used"": 24.0, ""source_frame_count"": 96, ""video_path"": ""/DATA/DATA1/lixinyue/xyli/data/LGVQ/videos/Gen-2/A doctor cares for patients in the hospital.mp4""}"
13,Gen-2/A doctor is carefully examining a patient's body.mp4,70.53,66.56385040283203,13,1,"[10, 35, 60, 86]","{""center_crop_fraction_of_short_side"": 0.65, ""container_reported_size_wh"": [1408, 768], ""decoded_frames"": [{""center_crop_xywh"": [454, 134, 499, 499], ""decoded_size_wh"": [1408, 768], ""frame_position"": 10, ""resize_output_size_wh"": [448, 448]}, {""center_crop_xywh"": [454, 134, 499, 499], ""decoded_size_wh"": [1408, 768], ""frame_position"": 35, ""resize_output_size_wh"": [448, 448]}, {""center_crop_xywh"": [454, 134, 499, 499], ""decoded_size_wh"": [1408, 768], ""frame_position"": 60, ""resize_output_size_wh"": [448, 448]}, {""center_crop_xywh"": [454, 134, 499, 499], ""decoded_size_wh"": [1408, 768], ""frame_position"": 86, ""resize_output_size_wh"": [448, 448]}], ""processor_pixel_constraint"": {""max_pixels"": 200704, ""min_pixels"": 200704}, ""requested_frame_fractions"": [0.1, 0.37, 0.63, 0.9], ""resize_interpolation"": ""OpenCV INTER_AREA"", ""sample_id"": ""Gen-2/A doctor is carefully examining a patient's body.mp4"", ""selected_frame_positions"": [10, 35, 60, 86], ""source_file_bytes"": 1503952, ""source_fps_used"": 24.0, ""source_frame_count"": 96, ""video_path"": ""/DATA/DATA1/lixinyue/xyli/data/LGVQ/videos/Gen-2/A doctor is carefully examining a patient's body.mp4""}"
14,Gen-2/A family goes to the movies on the weekend.mp4,57.91,67.20756530761719,14,1,"[10, 35, 60, 86]","{""center_crop_fraction_of_short_side"": 0.65, ""container_reported_size_wh"": [1408, 768], ""decoded_frames"": [{""center_crop_xywh"": [454, 134, 499, 499], ""decoded_size_wh"": [1408, 768], ""frame_position"": 10, ""resize_output_size_wh"": [448, 448]}, {""center_crop_xywh"": [454, 134, 499, 499], ""decoded_size_wh"": [1408, 768], ""frame_position"": 35, ""resize_output_size_wh"": [448, 448]}, {""center_crop_xywh"": [454, 134, 499, 499], ""decoded_size_wh"": [1408, 768], ""frame_position"": 60, ""resize_output_size_wh"": [448, 448]}, {""center_crop_xywh"": [454, 134, 499, 499], ""decoded_size_wh"": [1408, 768], ""frame_position"": 86, ""resize_output_size_wh"": [448, 448]}], ""processor_pixel_constraint"": {""max_pixels"": 200704, ""min_pixels"": 200704}, ""requested_frame_fractions"": [0.1, 0.37, 0.63, 0.9], ""resize_interpolation"": ""OpenCV INTER_AREA"", ""sample_id"": ""Gen-2/A family goes to the movies on the weekend.mp4"", ""selected_frame_positions"": [10, 35, 60, 86], ""source_file_bytes"": 3805610, ""source_fps_used"": 24.0, ""source_frame_count"": 96, ""video_path"": ""/DATA/DATA1/lixinyue/xyli/data/LGVQ/videos/Gen-2/A family goes to the movies on the weekend.mp4""}"
15,Gen-2/A field of dandelions lines the side of a rural road.mp4,74.58,63.41617965698242,15,1,"[10, 35, 60, 86]","{""center_crop_fraction_of_short_side"": 0.65, ""container_reported_size_wh"": [1408, 768], ""decoded_frames"": [{""center_crop_xywh"": [454, 134, 499, 499], ""decoded_size_wh"": [1408, 768], ""frame_position"": 10, ""resize_output_size_wh"": [448, 448]}, {""center_crop_xywh"": [454, 134, 499, 499], ""decoded_size_wh"": [1408, 768], ""frame_position"": 35, ""resize_output_size_wh"": [448, 448]}, {""center_crop_xywh"": [454, 134, 499, 499], ""decoded_size_wh"": [1408, 768], ""frame_position"": 60, ""resize_output_size_wh"": [448, 448]}, {""center_crop_xywh"": [454, 134, 499, 499], ""decoded_size_wh"": [1408, 768], ""frame_position"": 86, ""resize_output_size_wh"": [448, 448]}], ""processor_pixel_constraint"": {""max_pixels"": 200704, ""min_pixels"": 200704}, ""requested_frame_fractions"": [0.1, 0.37, 0.63, 0.9], ""resize_interpolation"": ""OpenCV INTER_AREA"", ""sample_id"": ""Gen-2/A field of dandelions lines the side of a rural road.mp4"", ""selected_frame_positions"": [10, 35, 60, 86], ""source_file_bytes"": 3883644, ""source_fps_used"": 24.0, ""source_frame_count"": 96, ""video_path"": ""/DATA/DATA1/lixinyue/xyli/data/LGVQ/videos/Gen-2/A field of dandelions lines the side of a rural road.mp4""}"
16,Gen-2/A golden field of wheat sways gently in the breeze.mp4,70.82,53.38507843017578,16,1,"[10, 35, 60, 86]","{""center_crop_fraction_of_short_side"": 0.65, ""container_reported_size_wh"": [1408, 768], ""decoded_frames"": [{""center_crop_xywh"": [454, 134, 499, 499], ""decoded_size_wh"": [1408, 768], ""frame_position"": 10, ""resize_output_size_wh"": [448, 448]}, {""center_crop_xywh"": [454, 134, 499, 499], ""decoded_size_wh"": [1408, 768], ""frame_position"": 35, ""resize_output_size_wh"": [448, 448]}, {""center_crop_xywh"": [454, 134, 499, 499], ""decoded_size_wh"": [1408, 768], ""frame_position"": 60, ""resize_output_size_wh"": [448, 448]}, {""center_crop_xywh"": [454, 134, 499, 499], ""decoded_size_wh"": [1408, 768], ""frame_position"": 86, ""resize_output_size_wh"": [448, 448]}], ""processor_pixel_constraint"": {""max_pixels"": 200704, ""min_pixels"": 200704}, ""requested_frame_fractions"": [0.1, 0.37, 0.63, 0.9], ""resize_interpolation"": ""OpenCV INTER_AREA"", ""sample_id"": ""Gen-2/A golden field of wheat sways gently in the breeze.mp4"", ""selected_frame_positions"": [10, 35, 60, 86], ""source_file_bytes"": 2861060, ""source_fps_used"": 24.0, ""source_frame_count"": 96, ""video_path"": ""/DATA/DATA1/lixinyue/xyli/data/LGVQ/videos/Gen-2/A golden field of wheat sways gently in the breeze.mp4""}"
17,Gen-2/A group of villagers wash clothes by the stream.mp4,66.71,56.763580322265625,17,1,"[10, 35, 60, 86]","{""center_crop_fraction_of_short_side"": 0.65, ""container_reported_size_wh"": [1408, 768], ""decoded_frames"": [{""center_crop_xywh"": [454, 134, 499, 499], ""decoded_size_wh"": [1408, 768], ""frame_position"": 10, ""resize_output_size_wh"": [448, 448]}, {""center_crop_xywh"": [454, 134, 499, 499], ""decoded_size_wh"": [1408, 768], ""frame_position"": 35, ""resize_output_size_wh"": [448, 448]}, {""center_crop_xywh"": [454, 134, 499, 499], ""decoded_size_wh"": [1408, 768], ""frame_position"": 60, ""resize_output_size_wh"": [448, 448]}, {""center_crop_xywh"": [454, 134, 499, 499], ""decoded_size_wh"": [1408, 768], ""frame_position"": 86, ""resize_output_size_wh"": [448, 448]}], ""processor_pixel_constraint"": {""max_pixels"": 200704, ""min_pixels"": 200704}, ""requested_frame_fractions"": [0.1, 0.37, 0.63, 0.9], ""resize_interpolation"": ""OpenCV INTER_AREA"", ""sample_id"": ""Gen-2/A group of villagers wash clothes by the stream.mp4"", ""selected_frame_positions"": [10, 35, 60, 86], ""source_file_bytes"": 4372325, ""source_fps_used"": 24.0, ""source_frame_count"": 96, ""video_path"": ""/DATA/DATA1/lixinyue/xyli/data/LGVQ/videos/Gen-2/A group of villagers wash clothes by the stream.mp4""}"
18,Gen-2/A hippo leisurely floats in the water.mp4,74.49,67.95645904541016,18,1,"[10, 35, 60, 86]","{""center_crop_fraction_of_short_side"": 0.65, ""container_reported_size_wh"": [1408, 768], ""decoded_frames"": [{""center_crop_xywh"": [454, 134, 499, 499], ""decoded_size_wh"": [1408, 768], ""frame_position"": 10, ""resize_output_size_wh"": [448, 448]}, {""center_crop_xywh"": [454, 134, 499, 499], ""decoded_size_wh"": [1408, 768], ""frame_position"": 35, ""resize_output_size_wh"": [448, 448]}, {""center_crop_xywh"": [454, 134, 499, 499], ""decoded_size_wh"": [1408, 768], ""frame_position"": 60, ""resize_output_size_wh"": [448, 448]}, {""center_crop_xywh"": [454, 134, 499, 499], ""decoded_size_wh"": [1408, 768], ""frame_position"": 86, ""resize_output_size_wh"": [448, 448]}], ""processor_pixel_constraint"": {""max_pixels"": 200704, ""min_pixels"": 200704}, ""requested_frame_fractions"": [0.1, 0.37, 0.63, 0.9], ""resize_interpolation"": ""OpenCV INTER_AREA"", ""sample_id"": ""Gen-2/A hippo leisurely floats in the water.mp4"", ""selected_frame_positions"": [10, 35, 60, 86], ""source_file_bytes"": 2525351, ""source_fps_used"": 24.0, ""source_frame_count"": 96, ""video_path"": ""/DATA/DATA1/lixinyue/xyli/data/LGVQ/videos/Gen-2/A hippo leisurely floats in the water.mp4""}"
19,Gen-2/A kangaroo jumps across the Australian desert.mp4,70.49,68.83586883544922,19,1,"[10, 35, 60, 86]","{""center_crop_fraction_of_short_side"": 0.65, ""container_reported_size_wh"": [1408, 768], ""decoded_frames"": [{""center_crop_xywh"": [454, 134, 499, 499], ""decoded_size_wh"": [1408, 768], ""frame_position"": 10, ""resize_output_size_wh"": [448, 448]}, {""center_crop_xywh"": [454, 134, 499, 499], ""decoded_size_wh"": [1408, 768], ""frame_position"": 35, ""resize_output_size_wh"": [448, 448]}, {""center_crop_xywh"": [454, 134, 499, 499], ""decoded_size_wh"": [1408, 768], ""frame_position"": 60, ""resize_output_size_wh"": [448, 448]}, {""center_crop_xywh"": [454, 134, 499, 499], ""decoded_size_wh"": [1408, 768], ""frame_position"": 86, ""resize_output_size_wh"": [448, 448]}], ""processor_pixel_constraint"": {""max_pixels"": 200704, ""min_pixels"": 200704}, ""requested_frame_fractions"": [0.1, 0.37, 0.63, 0.9], ""resize_interpolation"": ""OpenCV INTER_AREA"", ""sample_id"": ""Gen-2/A kangaroo jumps across the Australian desert.mp4"", ""selected_frame_positions"": [10, 35, 60, 86], ""source_file_bytes"": 1952560, ""source_fps_used"": 24.0, ""source_frame_count"": 96, ""video_path"": ""/DATA/DATA1/lixinyue/xyli/data/LGVQ/videos/Gen-2/A kangaroo jumps across the Australian desert.mp4""}"
20,Gen-2/A lotus leaf floats on a serene pond.mp4,66.73,73.98918914794922,20,1,"[10, 35, 60, 86]","{""center_crop_fraction_of_short_side"": 0.65, ""container_reported_size_wh"": [1408, 768], ""decoded_frames"": [{""center_crop_xywh"": [454, 134, 499, 499], ""decoded_size_wh"": [1408, 768], ""frame_position"": 10, ""resize_output_size_wh"": [448, 448]}, {""center_crop_xywh"": [454, 134, 499, 499], ""decoded_size_wh"": [1408, 768], ""frame_position"": 35, ""resize_output_size_wh"": [448, 448]}, {""center_crop_xywh"": [454, 134, 499, 499], ""decoded_size_wh"": [1408, 768], ""frame_position"": 60, ""resize_output_size_wh"": [448, 448]}, {""center_crop_xywh"": [454, 134, 499, 499], ""decoded_size_wh"": [1408, 768], ""frame_position"": 86, ""resize_output_size_wh"": [448, 448]}], ""processor_pixel_constraint"": {""max_pixels"": 200704, ""min_pixels"": 200704}, ""requested_frame_fractions"": [0.1, 0.37, 0.63, 0.9], ""resize_interpolation"": ""OpenCV INTER_AREA"", ""sample_id"": ""Gen-2/A lotus leaf floats on a serene pond.mp4"", ""selected_frame_positions"": [10, 35, 60, 86], ""source_file_bytes"": 1873708, ""source_fps_used"": 24.0, ""source_frame_count"": 96, ""video_path"": ""/DATA/DATA1/lixinyue/xyli/data/LGVQ/videos/Gen-2/A lotus leaf floats on a serene pond.mp4""}"
21,Gen-2/A milkshake is garnished with fresh strawberries and cream.mp4,51.32,64.90623474121094,21,1,"[10, 35, 60, 86]","{""center_crop_fraction_of_short_side"": 0.65, ""container_reported_size_wh"": [1408, 768], ""decoded_frames"": [{""center_crop_xywh"": [454, 134, 499, 499], ""decoded_size_wh"": [1408, 768], ""frame_position"": 10, ""resize_output_size_wh"": [448, 448]}, {""center_crop_xywh"": [454, 134, 499, 499], ""decoded_size_wh"": [1408, 768], ""frame_position"": 35, ""resize_output_size_wh"": [448, 448]}, {""center_crop_xywh"": [454, 134, 499, 499], ""decoded_size_wh"": [1408, 768], ""frame_position"": 60, ""resize_output_size_wh"": [448, 448]}, {""center_crop_xywh"": [454, 134, 499, 499], ""decoded_size_wh"": [1408, 768], ""frame_position"": 86, ""resize_output_size_wh"": [448, 448]}], ""processor_pixel_constraint"": {""max_pixels"": 200704, ""min_pixels"": 200704}, ""requested_frame_fractions"": [0.1, 0.37, 0.63, 0.9], ""resize_interpolation"": ""OpenCV INTER_AREA"", ""sample_id"": ""Gen-2/A milkshake is garnished with fresh strawberries and cream.mp4"", ""selected_frame_positions"": [10, 35, 60, 86], ""source_file_bytes"": 2229823, ""source_fps_used"": 24.0, ""source_frame_count"": 96, ""video_path"": ""/DATA/DATA1/lixinyue/xyli/data/LGVQ/videos/Gen-2/A milkshake is garnished with fresh strawberries and cream.mp4""}"
22,Gen-2/A painter showcases their art on an outdoor gallery.mp4,71.72,61.37627410888672,22,1,"[10, 35, 60, 86]","{""center_crop_fraction_of_short_side"": 0.65, ""container_reported_size_wh"": [1408, 768], ""decoded_frames"": [{""center_crop_xywh"": [454, 134, 499, 499], ""decoded_size_wh"": [1408, 768], ""frame_position"": 10, ""resize_output_size_wh"": [448, 448]}, {""center_crop_xywh"": [454, 134, 499, 499], ""decoded_size_wh"": [1408, 768], ""frame_position"": 35, ""resize_output_size_wh"": [448, 448]}, {""center_crop_xywh"": [454, 134, 499, 499], ""decoded_size_wh"": [1408, 768], ""frame_position"": 60, ""resize_output_size_wh"": [448, 448]}, {""center_crop_xywh"": [454, 134, 499, 499], ""decoded_size_wh"": [1408, 768], ""frame_position"": 86, ""resize_output_size_wh"": [448, 448]}], ""processor_pixel_constraint"": {""max_pixels"": 200704, ""min_pixels"": 200704}, ""requested_frame_fractions"": [0.1, 0.37, 0.63, 0.9], ""resize_interpolation"": ""OpenCV INTER_AREA"", ""sample_id"": ""Gen-2/A painter showcases their art on an outdoor gallery.mp4"", ""selected_frame_positions"": [10, 35, 60, 86], ""source_file_bytes"": 2458311, ""source_fps_used"": 24.0, ""source_frame_count"": 96, ""video_path"": ""/DATA/DATA1/lixinyue/xyli/data/LGVQ/videos/Gen-2/A painter showcases their art on an outdoor gallery.mp4""}"
23,Gen-2/A peony blooms with snow-white petals.mp4,76.08,72.08987426757812,23,1,"[10, 35, 60, 86]","{""center_crop_fraction_of_short_side"": 0.65, ""container_reported_size_wh"": [1408, 768], ""decoded_frames"": [{""center_crop_xywh"": [454, 134, 499, 499], ""decoded_size_wh"": [1408, 768], ""frame_position"": 10, ""resize_output_size_wh"": [448, 448]}, {""center_crop_xywh"": [454, 134, 499, 499], ""decoded_size_wh"": [1408, 768], ""frame_position"": 35, ""resize_output_size_wh"": [448, 448]}, {""center_crop_xywh"": [454, 134, 499, 499], ""decoded_size_wh"": [1408, 768], ""frame_position"": 60, ""resize_output_size_wh"": [448, 448]}, {""center_crop_xywh"": [454, 134, 499, 499], ""decoded_size_wh"": [1408, 768], ""frame_position"": 86, ""resize_output_size_wh"": [448, 448]}], ""processor_pixel_constraint"": {""max_pixels"": 200704, ""min_pixels"": 200704}, ""requested_frame_fractions"": [0.1, 0.37, 0.63, 0.9], ""resize_interpolation"": ""OpenCV INTER_AREA"", ""sample_id"": ""Gen-2/A peony blooms with snow-white petals.mp4"", ""selected_frame_positions"": [10, 35, 60, 86], ""source_file_bytes"": 1602624, ""source_fps_used"": 24.0, ""source_frame_count"": 96, ""video_path"": ""/DATA/DATA1/lixinyue/xyli/data/LGVQ/videos/Gen-2/A peony blooms with snow-white petals.mp4""}"
24,Gen-2/A pet owner walks their dog in the park.mp4,74.3,74.68026733398438,24,1,"[10, 35, 60, 86]","{""center_crop_fraction_of_short_side"": 0.65, ""container_reported_size_wh"": [1408, 768], ""decoded_frames"": [{""center_crop_xywh"": [454, 134, 499, 499], ""decoded_size_wh"": [1408, 768], ""frame_position"": 10, ""resize_output_size_wh"": [448, 448]}, {""center_crop_xywh"": [454, 134, 499, 499], ""decoded_size_wh"": [1408, 768], ""frame_position"": 35, ""resize_output_size_wh"": [448, 448]}, {""center_crop_xywh"": [454, 134, 499, 499], ""decoded_size_wh"": [1408, 768], ""frame_position"": 60, ""resize_output_size_wh"": [448, 448]}, {""center_crop_xywh"": [454, 134, 499, 499], ""decoded_size_wh"": [1408, 768], ""frame_position"": 86, ""resize_output_size_wh"": [448, 448]}], ""processor_pixel_constraint"": {""max_pixels"": 200704, ""min_pixels"": 200704}, ""requested_frame_fractions"": [0.1, 0.37, 0.63, 0.9], ""resize_interpolation"": ""OpenCV INTER_AREA"", ""sample_id"": ""Gen-2/A pet owner walks their dog in the park.mp4"", ""selected_frame_positions"": [10, 35, 60, 86], ""source_file_bytes"": 4039471, ""source_fps_used"": 24.0, ""source_frame_count"": 96, ""video_path"": ""/DATA/DATA1/lixinyue/xyli/data/LGVQ/videos/Gen-2/A pet owner walks their dog in the park.mp4""}"
25,Gen-2/A photographer captures the neon lights of the city.mp4,71.76,64.22349548339844,25,1,"[10, 35, 60, 86]","{""center_crop_fraction_of_short_side"": 0.65, ""container_reported_size_wh"": [1408, 768], ""decoded_frames"": [{""center_crop_xywh"": [454, 134, 499, 499], ""decoded_size_wh"": [1408, 768], ""frame_position"": 10, ""resize_output_size_wh"": [448, 448]}, {""center_crop_xywh"": [454, 134, 499, 499], ""decoded_size_wh"": [1408, 768], ""frame_position"": 35, ""resize_output_size_wh"": [448, 448]}, {""center_crop_xywh"": [454, 134, 499, 499], ""decoded_size_wh"": [1408, 768], ""frame_position"": 60, ""resize_output_size_wh"": [448, 448]}, {""center_crop_xywh"": [454, 134, 499, 499], ""decoded_size_wh"": [1408, 768], ""frame_position"": 86, ""resize_output_size_wh"": [448, 448]}], ""processor_pixel_constraint"": {""max_pixels"": 200704, ""min_pixels"": 200704}, ""requested_frame_fractions"": [0.1, 0.37, 0.63, 0.9], ""resize_interpolation"": ""OpenCV INTER_AREA"", ""sample_id"": ""Gen-2/A photographer captures the neon lights of the city.mp4"", ""selected_frame_positions"": [10, 35, 60, 86], ""source_file_bytes"": 2442641, ""source_fps_used"": 24.0, ""source_frame_count"": 96, ""video_path"": ""/DATA/DATA1/lixinyue/xyli/data/LGVQ/videos/Gen-2/A photographer captures the neon lights of the city.mp4""}"
26,Gen-2/A piece of French bread is spread with butter.mp4,62.42,65.66739654541016,26,1,"[10, 35, 60, 86]","{""center_crop_fraction_of_short_side"": 0.65, ""container_reported_size_wh"": [1408, 768], ""decoded_frames"": [{""center_crop_xywh"": [454, 134, 499, 499], ""decoded_size_wh"": [1408, 768], ""frame_position"": 10, ""resize_output_size_wh"": [448, 448]}, {""center_crop_xywh"": [454, 134, 499, 499], ""decoded_size_wh"": [1408, 768], ""frame_position"": 35, ""resize_output_size_wh"": [448, 448]}, {""center_crop_xywh"": [454, 134, 499, 499], ""decoded_size_wh"": [1408, 768], ""frame_position"": 60, ""resize_output_size_wh"": [448, 448]}, {""center_crop_xywh"": [454, 134, 499, 499], ""decoded_size_wh"": [1408, 768], ""frame_position"": 86, ""resize_output_size_wh"": [448, 448]}], ""processor_pixel_constraint"": {""max_pixels"": 200704, ""min_pixels"": 200704}, ""requested_frame_fractions"": [0.1, 0.37, 0.63, 0.9], ""resize_interpolation"": ""OpenCV INTER_AREA"", ""sample_id"": ""Gen-2/A piece of French bread is spread with butter.mp4"", ""selected_frame_positions"": [10, 35, 60, 86], ""source_file_bytes"": 2384380, ""source_fps_used"": 24.0, ""source_frame_count"": 96, ""video_path"": ""/DATA/DATA1/lixinyue/xyli/data/LGVQ/videos/Gen-2/A piece of French bread is spread with butter.mp4""}"
27,Gen-2/A piece of cheesecake is covered with blueberry sauce.mp4,69.23,61.68120193481445,27,1,"[10, 35, 60, 86]","{""center_crop_fraction_of_short_side"": 0.65, ""container_reported_size_wh"": [1408, 768], ""decoded_frames"": [{""center_crop_xywh"": [454, 134, 499, 499], ""decoded_size_wh"": [1408, 768], ""frame_position"": 10, ""resize_output_size_wh"": [448, 448]}, {""center_crop_xywh"": [454, 134, 499, 499], ""decoded_size_wh"": [1408, 768], ""frame_position"": 35, ""resize_output_size_wh"": [448, 448]}, {""center_crop_xywh"": [454, 134, 499, 499], ""decoded_size_wh"": [1408, 768], ""frame_position"": 60, ""resize_output_size_wh"": [448, 448]}, {""center_crop_xywh"": [454, 134, 499, 499], ""decoded_size_wh"": [1408, 768], ""frame_position"": 86, ""resize_output_size_wh"": [448, 448]}], ""processor_pixel_constraint"": {""max_pixels"": 200704, ""min_pixels"": 200704}, ""requested_frame_fractions"": [0.1, 0.37, 0.63, 0.9], ""resize_interpolation"": ""OpenCV INTER_AREA"", ""sample_id"": ""Gen-2/A piece of cheesecake is covered with blueberry sauce.mp4"", ""selected_frame_positions"": [10, 35, 60, 86], ""source_file_bytes"": 2134627, ""source_fps_used"": 24.0, ""source_frame_count"": 96, ""video_path"": ""/DATA/DATA1/lixinyue/xyli/data/LGVQ/videos/Gen-2/A piece of cheesecake is covered with blueberry sauce.mp4""}"
28,Gen-2/A pizza is topped with Italian sausage and mushrooms.mp4,77.3,66.11186218261719,28,1,"[10, 35, 60, 86]","{""center_crop_fraction_of_short_side"": 0.65, ""container_reported_size_wh"": [1408, 768], ""decoded_frames"": [{""center_crop_xywh"": [454, 134, 499, 499], ""decoded_size_wh"": [1408, 768], ""frame_position"": 10, ""resize_output_size_wh"": [448, 448]}, {""center_crop_xywh"": [454, 134, 499, 499], ""decoded_size_wh"": [1408, 768], ""frame_position"": 35, ""resize_output_size_wh"": [448, 448]}, {""center_crop_xywh"": [454, 134, 499, 499], ""decoded_size_wh"": [1408, 768], ""frame_position"": 60, ""resize_output_size_wh"": [448, 448]}, {""center_crop_xywh"": [454, 134, 499, 499], ""decoded_size_wh"": [1408, 768], ""frame_position"": 86, ""resize_output_size_wh"": [448, 448]}], ""processor_pixel_constraint"": {""max_pixels"": 200704, ""min_pixels"": 200704}, ""requested_frame_fractions"": [0.1, 0.37, 0.63, 0.9], ""resize_interpolation"": ""OpenCV INTER_AREA"", ""sample_id"": ""Gen-2/A pizza is topped with Italian sausage and mushrooms.mp4"", ""selected_frame_positions"": [10, 35, 60, 86], ""source_file_bytes"": 3235828, ""source_fps_used"": 24.0, ""source_frame_count"": 96, ""video_path"": ""/DATA/DATA1/lixinyue/xyli/data/LGVQ/videos/Gen-2/A pizza is topped with Italian sausage and mushrooms.mp4""}"
29,Gen-2/A purple bellflower opens in the sunlight.mp4,77.3,71.57791900634766,29,1,"[10, 35, 60, 86]","{""center_crop_fraction_of_short_side"": 0.65, ""container_reported_size_wh"": [1408, 768], ""decoded_frames"": [{""center_crop_xywh"": [454, 134, 499, 499], ""decoded_size_wh"": [1408, 768], ""frame_position"": 10, ""resize_output_size_wh"": [448, 448]}, {""center_crop_xywh"": [454, 134, 499, 499], ""decoded_size_wh"": [1408, 768], ""frame_position"": 35, ""resize_output_size_wh"": [448, 448]}, {""center_crop_xywh"": [454, 134, 499, 499], ""decoded_size_wh"": [1408, 768], ""frame_position"": 60, ""resize_output_size_wh"": [448, 448]}, {""center_crop_xywh"": [454, 134, 499, 499], ""decoded_size_wh"": [1408, 768], ""frame_position"": 86, ""resize_output_size_wh"": [448, 448]}], ""processor_pixel_constraint"": {""max_pixels"": 200704, ""min_pixels"": 200704}, ""requested_frame_fractions"": [0.1, 0.37, 0.63, 0.9], ""resize_interpolation"": ""OpenCV INTER_AREA"", ""sample_id"": ""Gen-2/A purple bellflower opens in the sunlight.mp4"", ""selected_frame_positions"": [10, 35, 60, 86], ""source_file_bytes"": 2034172, ""source_fps_used"": 24.0, ""source_frame_count"": 96, ""video_path"": ""/DATA/DATA1/lixinyue/xyli/data/LGVQ/videos/Gen-2/A purple bellflower opens in the sunlight.mp4""}"
30,Gen-2/A roasted cod fish is garnished with fresh herbs.mp4,54.47,55.59184265136719,30,1,"[10, 35, 60, 86]","{""center_crop_fraction_of_short_side"": 0.65, ""container_reported_size_wh"": [1408, 768], ""decoded_frames"": [{""center_crop_xywh"": [454, 134, 499, 499], ""decoded_size_wh"": [1408, 768], ""frame_position"": 10, ""resize_output_size_wh"": [448, 448]}, {""center_crop_xywh"": [454, 134, 499, 499], ""decoded_size_wh"": [1408, 768], ""frame_position"": 35, ""resize_output_size_wh"": [448, 448]}, {""center_crop_xywh"": [454, 134, 499, 499], ""decoded_size_wh"": [1408, 768], ""frame_position"": 60, ""resize_output_size_wh"": [448, 448]}, {""center_crop_xywh"": [454, 134, 499, 499], ""decoded_size_wh"": [1408, 768], ""frame_position"": 86, ""resize_output_size_wh"": [448, 448]}], ""processor_pixel_constraint"": {""max_pixels"": 200704, ""min_pixels"": 200704}, ""requested_frame_fractions"": [0.1, 0.37, 0.63, 0.9], ""resize_interpolation"": ""OpenCV INTER_AREA"", ""sample_id"": ""Gen-2/A roasted cod fish is garnished with fresh herbs.mp4"", ""selected_frame_positions"": [10, 35, 60, 86], ""source_file_bytes"": 3707218, ""source_fps_used"": 24.0, ""source_frame_count"": 96, ""video_path"": ""/DATA/DATA1/lixinyue/xyli/data/LGVQ/videos/Gen-2/A roasted cod fish is garnished with fresh herbs.mp4""}"
31,Gen-2/A roasted salmon is presented on a plate.mp4,77.3,71.40056610107422,31,1,"[10, 35, 60, 86]","{""center_crop_fraction_of_short_side"": 0.65, ""container_reported_size_wh"": [1408, 768], ""decoded_frames"": [{""center_crop_xywh"": [454, 134, 499, 499], ""decoded_size_wh"": [1408, 768], ""frame_position"": 10, ""resize_output_size_wh"": [448, 448]}, {""center_crop_xywh"": [454, 134, 499, 499], ""decoded_size_wh"": [1408, 768], ""frame_position"": 35, ""resize_output_size_wh"": [448, 448]}, {""center_crop_xywh"": [454, 134, 499, 499], ""decoded_size_wh"": [1408, 768], ""frame_position"": 60, ""resize_output_size_wh"": [448, 448]}, {""center_crop_xywh"": [454, 134, 499, 499], ""decoded_size_wh"": [1408, 768], ""frame_position"": 86, ""resize_output_size_wh"": [448, 448]}], ""processor_pixel_constraint"": {""max_pixels"": 200704, ""min_pixels"": 200704}, ""requested_frame_fractions"": [0.1, 0.37, 0.63, 0.9], ""resize_interpolation"": ""OpenCV INTER_AREA"", ""sample_id"": ""Gen-2/A roasted salmon is presented on a plate.mp4"", ""selected_frame_positions"": [10, 35, 60, 86], ""source_file_bytes"": 2601325, ""source_fps_used"": 24.0, ""source_frame_count"": 96, ""video_path"": ""/DATA/DATA1/lixinyue/xyli/data/LGVQ/videos/Gen-2/A roasted salmon is presented on a plate.mp4""}"
32,Gen-2/A salad is sprinkled with nuts and fruits.mp4,67.74,50.7835807800293,32,1,"[10, 35, 60, 86]","{""center_crop_fraction_of_short_side"": 0.65, ""container_reported_size_wh"": [1408, 768], ""decoded_frames"": [{""center_crop_xywh"": [454, 134, 499, 499], ""decoded_size_wh"": [1408, 768], ""frame_position"": 10, ""resize_output_size_wh"": [448, 448]}, {""center_crop_xywh"": [454, 134, 499, 499], ""decoded_size_wh"": [1408, 768], ""frame_position"": 35, ""resize_output_size_wh"": [448, 448]}, {""center_crop_xywh"": [454, 134, 499, 499], ""decoded_size_wh"": [1408, 768], ""frame_position"": 60, ""resize_output_size_wh"": [448, 448]}, {""center_crop_xywh"": [454, 134, 499, 499], ""decoded_size_wh"": [1408, 768], ""frame_position"": 86, ""resize_output_size_wh"": [448, 448]}], ""processor_pixel_constraint"": {""max_pixels"": 200704, ""min_pixels"": 200704}, ""requested_frame_fractions"": [0.1, 0.37, 0.63, 0.9], ""resize_interpolation"": ""OpenCV INTER_AREA"", ""sample_id"": ""Gen-2/A salad is sprinkled with nuts and fruits.mp4"", ""selected_frame_positions"": [10, 35, 60, 86], ""source_file_bytes"": 4010066, ""source_fps_used"": 24.0, ""source_frame_count"": 96, ""video_path"": ""/DATA/DATA1/lixinyue/xyli/data/LGVQ/videos/Gen-2/A salad is sprinkled with nuts and fruits.mp4""}"
33,Gen-2/A sausage is grilled slightly crispy on the barbecue.mp4,69.08,67.4672622680664,33,1,"[10, 35, 60, 86]","{""center_crop_fraction_of_short_side"": 0.65, ""container_reported_size_wh"": [1408, 768], ""decoded_frames"": [{""center_crop_xywh"": [454, 134, 499, 499], ""decoded_size_wh"": [1408, 768], ""frame_position"": 10, ""resize_output_size_wh"": [448, 448]}, {""center_crop_xywh"": [454, 134, 499, 499], ""decoded_size_wh"": [1408, 768], ""frame_position"": 35, ""resize_output_size_wh"": [448, 448]}, {""center_crop_xywh"": [454, 134, 499, 499], ""decoded_size_wh"": [1408, 768], ""frame_position"": 60, ""resize_output_size_wh"": [448, 448]}, {""center_crop_xywh"": [454, 134, 499, 499], ""decoded_size_wh"": [1408, 768], ""frame_position"": 86, ""resize_output_size_wh"": [448, 448]}], ""processor_pixel_constraint"": {""max_pixels"": 200704, ""min_pixels"": 200704}, ""requested_frame_fractions"": [0.1, 0.37, 0.63, 0.9], ""resize_interpolation"": ""OpenCV INTER_AREA"", ""sample_id"": ""Gen-2/A sausage is grilled slightly crispy on the barbecue.mp4"", ""selected_frame_positions"": [10, 35, 60, 86], ""source_file_bytes"": 3255107, ""source_fps_used"": 24.0, ""source_frame_count"": 96, ""video_path"": ""/DATA/DATA1/lixinyue/xyli/data/LGVQ/videos/Gen-2/A sausage is grilled slightly crispy on the barbecue.mp4""}"
34,Gen-2/A skier enjoys the thrill of skiing on a snowy mountain.mp4,72.0,56.21446228027344,34,1,"[10, 35, 60, 86]","{""center_crop_fraction_of_short_side"": 0.65, ""container_reported_size_wh"": [1408, 768], ""decoded_frames"": [{""center_crop_xywh"": [454, 134, 499, 499], ""decoded_size_wh"": [1408, 768], ""frame_position"": 10, ""resize_output_size_wh"": [448, 448]}, {""center_crop_xywh"": [454, 134, 499, 499], ""decoded_size_wh"": [1408, 768], ""frame_position"": 35, ""resize_output_size_wh"": [448, 448]}, {""center_crop_xywh"": [454, 134, 499, 499], ""decoded_size_wh"": [1408, 768], ""frame_position"": 60, ""resize_output_size_wh"": [448, 448]}, {""center_crop_xywh"": [454, 134, 499, 499], ""decoded_size_wh"": [1408, 768], ""frame_position"": 86, ""resize_output_size_wh"": [448, 448]}], ""processor_pixel_constraint"": {""max_pixels"": 200704, ""min_pixels"": 200704}, ""requested_frame_fractions"": [0.1, 0.37, 0.63, 0.9], ""resize_interpolation"": ""OpenCV INTER_AREA"", ""sample_id"": ""Gen-2/A skier enjoys the thrill of skiing on a snowy mountain.mp4"", ""selected_frame_positions"": [10, 35, 60, 86], ""source_file_bytes"": 2274677, ""source_fps_used"": 24.0, ""source_frame_count"": 96, ""video_path"": ""/DATA/DATA1/lixinyue/xyli/data/LGVQ/videos/Gen-2/A skier enjoys the thrill of skiing on a snowy mountain.mp4""}"
35,Gen-2/A slice of French chocolate mousse cake brings sweet delight.mp4,73.94,55.61204528808594,35,1,"[10, 35, 60, 86]","{""center_crop_fraction_of_short_side"": 0.65, ""container_reported_size_wh"": [1408, 768], ""decoded_frames"": [{""center_crop_xywh"": [454, 134, 499, 499], ""decoded_size_wh"": [1408, 768], ""frame_position"": 10, ""resize_output_size_wh"": [448, 448]}, {""center_crop_xywh"": [454, 134, 499, 499], ""decoded_size_wh"": [1408, 768], ""frame_position"": 35, ""resize_output_size_wh"": [448, 448]}, {""center_crop_xywh"": [454, 134, 499, 499], ""decoded_size_wh"": [1408, 768], ""frame_position"": 60, ""resize_output_size_wh"": [448, 448]}, {""center_crop_xywh"": [454, 134, 499, 499], ""decoded_size_wh"": [1408, 768], ""frame_position"": 86, ""resize_output_size_wh"": [448, 448]}], ""processor_pixel_constraint"": {""max_pixels"": 200704, ""min_pixels"": 200704}, ""requested_frame_fractions"": [0.1, 0.37, 0.63, 0.9], ""resize_interpolation"": ""OpenCV INTER_AREA"", ""sample_id"": ""Gen-2/A slice of French chocolate mousse cake brings sweet delight.mp4"", ""selected_frame_positions"": [10, 35, 60, 86], ""source_file_bytes"": 1912428, ""source_fps_used"": 24.0, ""source_frame_count"": 96, ""video_path"": ""/DATA/DATA1/lixinyue/xyli/data/LGVQ/videos/Gen-2/A slice of French chocolate mousse cake brings sweet delight.mp4""}"
36,Gen-2/A tennis player elegantly slid on the grass court.mp4,57.87,61.46181869506836,36,1,"[10, 35, 60, 86]","{""center_crop_fraction_of_short_side"": 0.65, ""container_reported_size_wh"": [1408, 768], ""decoded_frames"": [{""center_crop_xywh"": [454, 134, 499, 499], ""decoded_size_wh"": [1408, 768], ""frame_position"": 10, ""resize_output_size_wh"": [448, 448]}, {""center_crop_xywh"": [454, 134, 499, 499], ""decoded_size_wh"": [1408, 768], ""frame_position"": 35, ""resize_output_size_wh"": [448, 448]}, {""center_crop_xywh"": [454, 134, 499, 499], ""decoded_size_wh"": [1408, 768], ""frame_position"": 60, ""resize_output_size_wh"": [448, 448]}, {""center_crop_xywh"": [454, 134, 499, 499], ""decoded_size_wh"": [1408, 768], ""frame_position"": 86, ""resize_output_size_wh"": [448, 448]}], ""processor_pixel_constraint"": {""max_pixels"": 200704, ""min_pixels"": 200704}, ""requested_frame_fractions"": [0.1, 0.37, 0.63, 0.9], ""resize_interpolation"": ""OpenCV INTER_AREA"", ""sample_id"": ""Gen-2/A tennis player elegantly slid on the grass court.mp4"", ""selected_frame_positions"": [10, 35, 60, 86], ""source_file_bytes"": 2420327, ""source_fps_used"": 24.0, ""source_frame_count"": 96, ""video_path"": ""/DATA/DATA1/lixinyue/xyli/data/LGVQ/videos/Gen-2/A tennis player elegantly slid on the grass court.mp4""}"
37,Gen-2/A tennis player made spectacular plays at the net.mp4,52.91,46.61105728149414,37,1,"[10, 35, 60, 86]","{""center_crop_fraction_of_short_side"": 0.65, ""container_reported_size_wh"": [1408, 768], ""decoded_frames"": [{""center_crop_xywh"": [454, 134, 499, 499], ""decoded_size_wh"": [1408, 768], ""frame_position"": 10, ""resize_output_size_wh"": [448, 448]}, {""center_crop_xywh"": [454, 134, 499, 499], ""decoded_size_wh"": [1408, 768], ""frame_position"": 35, ""resize_output_size_wh"": [448, 448]}, {""center_crop_xywh"": [454, 134, 499, 499], ""decoded_size_wh"": [1408, 768], ""frame_position"": 60, ""resize_output_size_wh"": [448, 448]}, {""center_crop_xywh"": [454, 134, 499, 499], ""decoded_size_wh"": [1408, 768], ""frame_position"": 86, ""resize_output_size_wh"": [448, 448]}], ""processor_pixel_constraint"": {""max_pixels"": 200704, ""min_pixels"": 200704}, ""requested_frame_fractions"": [0.1, 0.37, 0.63, 0.9], ""resize_interpolation"": ""OpenCV INTER_AREA"", ""sample_id"": ""Gen-2/A tennis player made spectacular plays at the net.mp4"", ""selected_frame_positions"": [10, 35, 60, 86], ""source_file_bytes"": 2195998, ""source_fps_used"": 24.0, ""source_frame_count"": 96, ""video_path"": ""/DATA/DATA1/lixinyue/xyli/data/LGVQ/videos/Gen-2/A tennis player made spectacular plays at the net.mp4""}"
38,Gen-2/A thin pancake is spread with butter and maple syrup.mp4,57.04,50.7562255859375,38,1,"[10, 35, 60, 86]","{""center_crop_fraction_of_short_side"": 0.65, ""container_reported_size_wh"": [1408, 768], ""decoded_frames"": [{""center_crop_xywh"": [454, 134, 499, 499], ""decoded_size_wh"": [1408, 768], ""frame_position"": 10, ""resize_output_size_wh"": [448, 448]}, {""center_crop_xywh"": [454, 134, 499, 499], ""decoded_size_wh"": [1408, 768], ""frame_position"": 35, ""resize_output_size_wh"": [448, 448]}, {""center_crop_xywh"": [454, 134, 499, 499], ""decoded_size_wh"": [1408, 768], ""frame_position"": 60, ""resize_output_size_wh"": [448, 448]}, {""center_crop_xywh"": [454, 134, 499, 499], ""decoded_size_wh"": [1408, 768], ""frame_position"": 86, ""resize_output_size_wh"": [448, 448]}], ""processor_pixel_constraint"": {""max_pixels"": 200704, ""min_pixels"": 200704}, ""requested_frame_fractions"": [0.1, 0.37, 0.63, 0.9], ""resize_interpolation"": ""OpenCV INTER_AREA"", ""sample_id"": ""Gen-2/A thin pancake is spread with butter and maple syrup.mp4"", ""selected_frame_positions"": [10, 35, 60, 86], ""source_file_bytes"": 1903592, ""source_fps_used"": 24.0, ""source_frame_count"": 96, ""video_path"": ""/DATA/DATA1/lixinyue/xyli/data/LGVQ/videos/Gen-2/A thin pancake is spread with butter and maple syrup.mp4""}"
39,Gen-2/A water skier created splashes on the lake.mp4,70.32,65.12403106689453,39,1,"[10, 35, 60, 86]","{""center_crop_fraction_of_short_side"": 0.65, ""container_reported_size_wh"": [1408, 768], ""decoded_frames"": [{""center_crop_xywh"": [454, 134, 499, 499], ""decoded_size_wh"": [1408, 768], ""frame_position"": 10, ""resize_output_size_wh"": [448, 448]}, {""center_crop_xywh"": [454, 134, 499, 499], ""decoded_size_wh"": [1408, 768], ""frame_position"": 35, ""resize_output_size_wh"": [448, 448]}, {""center_crop_xywh"": [454, 134, 499, 499], ""decoded_size_wh"": [1408, 768], ""frame_position"": 60, ""resize_output_size_wh"": [448, 448]}, {""center_crop_xywh"": [454, 134, 499, 499], ""decoded_size_wh"": [1408, 768], ""frame_position"": 86, ""resize_output_size_wh"": [448, 448]}], ""processor_pixel_constraint"": {""max_pixels"": 200704, ""min_pixels"": 200704}, ""requested_frame_fractions"": [0.1, 0.37, 0.63, 0.9], ""resize_interpolation"": ""OpenCV INTER_AREA"", ""sample_id"": ""Gen-2/A water skier created splashes on the lake.mp4"", ""selected_frame_positions"": [10, 35, 60, 86], ""source_file_bytes"": 3259802, ""source_fps_used"": 24.0, ""source_frame_count"": 96, ""video_path"": ""/DATA/DATA1/lixinyue/xyli/data/LGVQ/videos/Gen-2/A water skier created splashes on the lake.mp4""}"
40,"Gen-2/A waterfall cascades gracefully, resembling a silver thread.mp4",74.49,65.1829605102539,40,1,"[10, 35, 60, 86]","{""center_crop_fraction_of_short_side"": 0.65, ""container_reported_size_wh"": [1408, 768], ""decoded_frames"": [{""center_crop_xywh"": [454, 134, 499, 499], ""decoded_size_wh"": [1408, 768], ""frame_position"": 10, ""resize_output_size_wh"": [448, 448]}, {""center_crop_xywh"": [454, 134, 499, 499], ""decoded_size_wh"": [1408, 768], ""frame_position"": 35, ""resize_output_size_wh"": [448, 448]}, {""center_crop_xywh"": [454, 134, 499, 499], ""decoded_size_wh"": [1408, 768], ""frame_position"": 60, ""resize_output_size_wh"": [448, 448]}, {""center_crop_xywh"": [454, 134, 499, 499], ""decoded_size_wh"": [1408, 768], ""frame_position"": 86, ""resize_output_size_wh"": [448, 448]}], ""processor_pixel_constraint"": {""max_pixels"": 200704, ""min_pixels"": 200704}, ""requested_frame_fractions"": [0.1, 0.37, 0.63, 0.9], ""resize_interpolation"": ""OpenCV INTER_AREA"", ""sample_id"": ""Gen-2/A waterfall cascades gracefully, resembling a silver thread.mp4"", ""selected_frame_positions"": [10, 35, 60, 86], ""source_file_bytes"": 4216867, ""source_fps_used"": 24.0, ""source_frame_count"": 96, ""video_path"": ""/DATA/DATA1/lixinyue/xyli/data/LGVQ/videos/Gen-2/A waterfall cascades gracefully, resembling a silver thread.mp4""}"
41,Gen-2/A wheat field sways gracefully in the gentle breeze.mp4,74.64,67.646484375,41,1,"[10, 35, 60, 86]","{""center_crop_fraction_of_short_side"": 0.65, ""container_reported_size_wh"": [1408, 768], ""decoded_frames"": [{""center_crop_xywh"": [454, 134, 499, 499], ""decoded_size_wh"": [1408, 768], ""frame_position"": 10, ""resize_output_size_wh"": [448, 448]}, {""center_crop_xywh"": [454, 134, 499, 499], ""decoded_size_wh"": [1408, 768], ""frame_position"": 35, ""resize_output_size_wh"": [448, 448]}, {""center_crop_xywh"": [454, 134, 499, 499], ""decoded_size_wh"": [1408, 768], ""frame_position"": 60, ""resize_output_size_wh"": [448, 448]}, {""center_crop_xywh"": [454, 134, 499, 499], ""decoded_size_wh"": [1408, 768], ""frame_position"": 86, ""resize_output_size_wh"": [448, 448]}], ""processor_pixel_constraint"": {""max_pixels"": 200704, ""min_pixels"": 200704}, ""requested_frame_fractions"": [0.1, 0.37, 0.63, 0.9], ""resize_interpolation"": ""OpenCV INTER_AREA"", ""sample_id"": ""Gen-2/A wheat field sways gracefully in the gentle breeze.mp4"", ""selected_frame_positions"": [10, 35, 60, 86], ""source_file_bytes"": 3753767, ""source_fps_used"": 24.0, ""source_frame_count"": 96, ""video_path"": ""/DATA/DATA1/lixinyue/xyli/data/LGVQ/videos/Gen-2/A wheat field sways gracefully in the gentle breeze.mp4""}"
42,Gen-2/A white orchid grows in a potted plant.mp4,63.63,50.645198822021484,42,1,"[10, 35, 60, 86]","{""center_crop_fraction_of_short_side"": 0.65, ""container_reported_size_wh"": [1408, 768], ""decoded_frames"": [{""center_crop_xywh"": [454, 134, 499, 499], ""decoded_size_wh"": [1408, 768], ""frame_position"": 10, ""resize_output_size_wh"": [448, 448]}, {""center_crop_xywh"": [454, 134, 499, 499], ""decoded_size_wh"": [1408, 768], ""frame_position"": 35, ""resize_output_size_wh"": [448, 448]}, {""center_crop_xywh"": [454, 134, 499, 499], ""decoded_size_wh"": [1408, 768], ""frame_position"": 60, ""resize_output_size_wh"": [448, 448]}, {""center_crop_xywh"": [454, 134, 499, 499], ""decoded_size_wh"": [1408, 768], ""frame_position"": 86, ""resize_output_size_wh"": [448, 448]}], ""processor_pixel_constraint"": {""max_pixels"": 200704, ""min_pixels"": 200704}, ""requested_frame_fractions"": [0.1, 0.37, 0.63, 0.9], ""resize_interpolation"": ""OpenCV INTER_AREA"", ""sample_id"": ""Gen-2/A white orchid grows in a potted plant.mp4"", ""selected_frame_positions"": [10, 35, 60, 86], ""source_file_bytes"": 1238343, ""source_fps_used"": 24.0, ""source_frame_count"": 96, ""video_path"": ""/DATA/DATA1/lixinyue/xyli/data/LGVQ/videos/Gen-2/A white orchid grows in a potted plant.mp4""}"
43,"Gen-2/A writer sits at a desk, crafting a new novel.mp4",73.15,68.18372344970703,43,1,"[10, 35, 60, 86]","{""center_crop_fraction_of_short_side"": 0.65, ""container_reported_size_wh"": [1408, 768], ""decoded_frames"": [{""center_crop_xywh"": [454, 134, 499, 499], ""decoded_size_wh"": [1408, 768], ""frame_position"": 10, ""resize_output_size_wh"": [448, 448]}, {""center_crop_xywh"": [454, 134, 499, 499], ""decoded_size_wh"": [1408, 768], ""frame_position"": 35, ""resize_output_size_wh"": [448, 448]}, {""center_crop_xywh"": [454, 134, 499, 499], ""decoded_size_wh"": [1408, 768], ""frame_position"": 60, ""resize_output_size_wh"": [448, 448]}, {""center_crop_xywh"": [454, 134, 499, 499], ""decoded_size_wh"": [1408, 768], ""frame_position"": 86, ""resize_output_size_wh"": [448, 448]}], ""processor_pixel_constraint"": {""max_pixels"": 200704, ""min_pixels"": 200704}, ""requested_frame_fractions"": [0.1, 0.37, 0.63, 0.9], ""resize_interpolation"": ""OpenCV INTER_AREA"", ""sample_id"": ""Gen-2/A writer sits at a desk, crafting a new novel.mp4"", ""selected_frame_positions"": [10, 35, 60, 86], ""source_file_bytes"": 2638108, ""source_fps_used"": 24.0, ""source_frame_count"": 96, ""video_path"": ""/DATA/DATA1/lixinyue/xyli/data/LGVQ/videos/Gen-2/A writer sits at a desk, crafting a new novel.mp4""}"
44,Gen-2/An adorable little cat is napping on the windowsill.mp4,70.34,73.54962158203125,44,1,"[10, 35, 60, 86]","{""center_crop_fraction_of_short_side"": 0.65, ""container_reported_size_wh"": [1408, 768], ""decoded_frames"": [{""center_crop_xywh"": [454, 134, 499, 499], ""decoded_size_wh"": [1408, 768], ""frame_position"": 10, ""resize_output_size_wh"": [448, 448]}, {""center_crop_xywh"": [454, 134, 499, 499], ""decoded_size_wh"": [1408, 768], ""frame_position"": 35, ""resize_output_size_wh"": [448, 448]}, {""center_crop_xywh"": [454, 134, 499, 499], ""decoded_size_wh"": [1408, 768], ""frame_position"": 60, ""resize_output_size_wh"": [448, 448]}, {""center_crop_xywh"": [454, 134, 499, 499], ""decoded_size_wh"": [1408, 768], ""frame_position"": 86, ""resize_output_size_wh"": [448, 448]}], ""processor_pixel_constraint"": {""max_pixels"": 200704, ""min_pixels"": 200704}, ""requested_frame_fractions"": [0.1, 0.37, 0.63, 0.9], ""resize_interpolation"": ""OpenCV INTER_AREA"", ""sample_id"": ""Gen-2/An adorable little cat is napping on the windowsill.mp4"", ""selected_frame_positions"": [10, 35, 60, 86], ""source_file_bytes"": 1814614, ""source_fps_used"": 24.0, ""source_frame_count"": 96, ""video_path"": ""/DATA/DATA1/lixinyue/xyli/data/LGVQ/videos/Gen-2/An adorable little cat is napping on the windowsill.mp4""}"
45,Gen-2/An ancient church is a landmark in the village.mp4,77.3,68.62239074707031,45,1,"[10, 35, 60, 86]","{""center_crop_fraction_of_short_side"": 0.65, ""container_reported_size_wh"": [1408, 768], ""decoded_frames"": [{""center_crop_xywh"": [454, 134, 499, 499], ""decoded_size_wh"": [1408, 768], ""frame_position"": 10, ""resize_output_size_wh"": [448, 448]}, {""center_crop_xywh"": [454, 134, 499, 499], ""decoded_size_wh"": [1408, 768], ""frame_position"": 35, ""resize_output_size_wh"": [448, 448]}, {""center_crop_xywh"": [454, 134, 499, 499], ""decoded_size_wh"": [1408, 768], ""frame_position"": 60, ""resize_output_size_wh"": [448, 448]}, {""center_crop_xywh"": [454, 134, 499, 499], ""decoded_size_wh"": [1408, 768], ""frame_position"": 86, ""resize_output_size_wh"": [448, 448]}], ""processor_pixel_constraint"": {""max_pixels"": 200704, ""min_pixels"": 200704}, ""requested_frame_fractions"": [0.1, 0.37, 0.63, 0.9], ""resize_interpolation"": ""OpenCV INTER_AREA"", ""sample_id"": ""Gen-2/An ancient church is a landmark in the village.mp4"", ""selected_frame_positions"": [10, 35, 60, 86], ""source_file_bytes"": 7284032, ""source_fps_used"": 24.0, ""source_frame_count"": 96, ""video_path"": ""/DATA/DATA1/lixinyue/xyli/data/LGVQ/videos/Gen-2/An ancient church is a landmark in the village.mp4""}"
46,Gen-2/An explorer searches for adventure in the forest.mp4,65.32,63.025177001953125,46,1,"[10, 35, 60, 86]","{""center_crop_fraction_of_short_side"": 0.65, ""container_reported_size_wh"": [1408, 768], ""decoded_frames"": [{""center_crop_xywh"": [454, 134, 499, 499], ""decoded_size_wh"": [1408, 768], ""frame_position"": 10, ""resize_output_size_wh"": [448, 448]}, {""center_crop_xywh"": [454, 134, 499, 499], ""decoded_size_wh"": [1408, 768], ""frame_position"": 35, ""resize_output_size_wh"": [448, 448]}, {""center_crop_xywh"": [454, 134, 499, 499], ""decoded_size_wh"": [1408, 768], ""frame_position"": 60, ""resize_output_size_wh"": [448, 448]}, {""center_crop_xywh"": [454, 134, 499, 499], ""decoded_size_wh"": [1408, 768], ""frame_position"": 86, ""resize_output_size_wh"": [448, 448]}], ""processor_pixel_constraint"": {""max_pixels"": 200704, ""min_pixels"": 200704}, ""requested_frame_fractions"": [0.1, 0.37, 0.63, 0.9], ""resize_interpolation"": ""OpenCV INTER_AREA"", ""sample_id"": ""Gen-2/An explorer searches for adventure in the forest.mp4"", ""selected_frame_positions"": [10, 35, 60, 86], ""source_file_bytes"": 3679088, ""source_fps_used"": 24.0, ""source_frame_count"": 96, ""video_path"": ""/DATA/DATA1/lixinyue/xyli/data/LGVQ/videos/Gen-2/An explorer searches for adventure in the forest.mp4""}"
47,Gen-2/An orchid blooms with deep purple flowers.mp4,73.11,68.21538543701172,47,1,"[10, 35, 60, 86]","{""center_crop_fraction_of_short_side"": 0.65, ""container_reported_size_wh"": [1408, 768], ""decoded_frames"": [{""center_crop_xywh"": [454, 134, 499, 499], ""decoded_size_wh"": [1408, 768], ""frame_position"": 10, ""resize_output_size_wh"": [448, 448]}, {""center_crop_xywh"": [454, 134, 499, 499], ""decoded_size_wh"": [1408, 768], ""frame_position"": 35, ""resize_output_size_wh"": [448, 448]}, {""center_crop_xywh"": [454, 134, 499, 499], ""decoded_size_wh"": [1408, 768], ""frame_position"": 60, ""resize_output_size_wh"": [448, 448]}, {""center_crop_xywh"": [454, 134, 499, 499], ""decoded_size_wh"": [1408, 768], ""frame_position"": 86, ""resize_output_size_wh"": [448, 448]}], ""processor_pixel_constraint"": {""max_pixels"": 200704, ""min_pixels"": 200704}, ""requested_frame_fractions"": [0.1, 0.37, 0.63, 0.9], ""resize_interpolation"": ""OpenCV INTER_AREA"", ""sample_id"": ""Gen-2/An orchid blooms with deep purple flowers.mp4"", ""selected_frame_positions"": [10, 35, 60, 86], ""source_file_bytes"": 1655569, ""source_fps_used"": 24.0, ""source_frame_count"": 96, ""video_path"": ""/DATA/DATA1/lixinyue/xyli/data/LGVQ/videos/Gen-2/An orchid blooms with deep purple flowers.mp4""}"
48,"Gen-2/Blue skies and fluffy clouds, ever-changing shapes like poetry.mp4",74.49,72.73063659667969,48,1,"[10, 35, 60, 86]","{""center_crop_fraction_of_short_side"": 0.65, ""container_reported_size_wh"": [1408, 768], ""decoded_frames"": [{""center_crop_xywh"": [454, 134, 499, 499], ""decoded_size_wh"": [1408, 768], ""frame_position"": 10, ""resize_output_size_wh"": [448, 448]}, {""center_crop_xywh"": [454, 134, 499, 499], ""decoded_size_wh"": [1408, 768], ""frame_position"": 35, ""resize_output_size_wh"": [448, 448]}, {""center_crop_xywh"": [454, 134, 499, 499], ""decoded_size_wh"": [1408, 768], ""frame_position"": 60, ""resize_output_size_wh"": [448, 448]}, {""center_crop_xywh"": [454, 134, 499, 499], ""decoded_size_wh"": [1408, 768], ""frame_position"": 86, ""resize_output_size_wh"": [448, 448]}], ""processor_pixel_constraint"": {""max_pixels"": 200704, ""min_pixels"": 200704}, ""requested_frame_fractions"": [0.1, 0.37, 0.63, 0.9], ""resize_interpolation"": ""OpenCV INTER_AREA"", ""sample_id"": ""Gen-2/Blue skies and fluffy clouds, ever-changing shapes like poetry.mp4"", ""selected_frame_positions"": [10, 35, 60, 86], ""source_file_bytes"": 2192116, ""source_fps_used"": 24.0, ""source_frame_count"": 96, ""video_path"": ""/DATA/DATA1/lixinyue/xyli/data/LGVQ/videos/Gen-2/Blue skies and fluffy clouds, ever-changing shapes like poetry.mp4""}"
49,Gen-2/Cherry trees in the orchard are filled with red fruit.mp4,66.45,53.165565490722656,49,1,"[10, 35, 60, 86]","{""center_crop_fraction_of_short_side"": 0.65, ""container_reported_size_wh"": [1408, 768], ""decoded_frames"": [{""center_crop_xywh"": [454, 134, 499, 499], ""decoded_size_wh"": [1408, 768], ""frame_position"": 10, ""resize_output_size_wh"": [448, 448]}, {""center_crop_xywh"": [454, 134, 499, 499], ""decoded_size_wh"": [1408, 768], ""frame_position"": 35, ""resize_output_size_wh"": [448, 448]}, {""center_crop_xywh"": [454, 134, 499, 499], ""decoded_size_wh"": [1408, 768], ""frame_position"": 60, ""resize_output_size_wh"": [448, 448]}, {""center_crop_xywh"": [454, 134, 499, 499], ""decoded_size_wh"": [1408, 768], ""frame_position"": 86, ""resize_output_size_wh"": [448, 448]}], ""processor_pixel_constraint"": {""max_pixels"": 200704, ""min_pixels"": 200704}, ""requested_frame_fractions"": [0.1, 0.37, 0.63, 0.9], ""resize_interpolation"": ""OpenCV INTER_AREA"", ""sample_id"": ""Gen-2/Cherry trees in the orchard are filled with red fruit.mp4"", ""selected_frame_positions"": [10, 35, 60, 86], ""source_file_bytes"": 10278609, ""source_fps_used"": 24.0, ""source_frame_count"": 96, ""video_path"": ""/DATA/DATA1/lixinyue/xyli/data/LGVQ/videos/Gen-2/Cherry trees in the orchard are filled with red fruit.mp4""}"
50,Gen-2/Children dig sandcastles on the beach.mp4,70.33,49.16807556152344,50,1,"[10, 35, 60, 86]","{""center_crop_fraction_of_short_side"": 0.65, ""container_reported_size_wh"": [1408, 768], ""decoded_frames"": [{""center_crop_xywh"": [454, 134, 499, 499], ""decoded_size_wh"": [1408, 768], ""frame_position"": 10, ""resize_output_size_wh"": [448, 448]}, {""center_crop_xywh"": [454, 134, 499, 499], ""decoded_size_wh"": [1408, 768], ""frame_position"": 35, ""resize_output_size_wh"": [448, 448]}, {""center_crop_xywh"": [454, 134, 499, 499], ""decoded_size_wh"": [1408, 768], ""frame_position"": 60, ""resize_output_size_wh"": [448, 448]}, {""center_crop_xywh"": [454, 134, 499, 499], ""decoded_size_wh"": [1408, 768], ""frame_position"": 86, ""resize_output_size_wh"": [448, 448]}], ""processor_pixel_constraint"": {""max_pixels"": 200704, ""min_pixels"": 200704}, ""requested_frame_fractions"": [0.1, 0.37, 0.63, 0.9], ""resize_interpolation"": ""OpenCV INTER_AREA"", ""sample_id"": ""Gen-2/Children dig sandcastles on the beach.mp4"", ""selected_frame_positions"": [10, 35, 60, 86], ""source_file_bytes"": 2431607, ""source_fps_used"": 24.0, ""source_frame_count"": 96, ""video_path"": ""/DATA/DATA1/lixinyue/xyli/data/LGVQ/videos/Gen-2/Children dig sandcastles on the beach.mp4""}"
51,Gen-2/Crocodiles swim leisurely in the lake.mp4,66.24,60.571495056152344,51,1,"[10, 35, 60, 86]","{""center_crop_fraction_of_short_side"": 0.65, ""container_reported_size_wh"": [1408, 768], ""decoded_frames"": [{""center_crop_xywh"": [454, 134, 499, 499], ""decoded_size_wh"": [1408, 768], ""frame_position"": 10, ""resize_output_size_wh"": [448, 448]}, {""center_crop_xywh"": [454, 134, 499, 499], ""decoded_size_wh"": [1408, 768], ""frame_position"": 35, ""resize_output_size_wh"": [448, 448]}, {""center_crop_xywh"": [454, 134, 499, 499], ""decoded_size_wh"": [1408, 768], ""frame_position"": 60, ""resize_output_size_wh"": [448, 448]}, {""center_crop_xywh"": [454, 134, 499, 499], ""decoded_size_wh"": [1408, 768], ""frame_position"": 86, ""resize_output_size_wh"": [448, 448]}], ""processor_pixel_constraint"": {""max_pixels"": 200704, ""min_pixels"": 200704}, ""requested_frame_fractions"": [0.1, 0.37, 0.63, 0.9], ""resize_interpolation"": ""OpenCV INTER_AREA"", ""sample_id"": ""Gen-2/Crocodiles swim leisurely in the lake.mp4"", ""selected_frame_positions"": [10, 35, 60, 86], ""source_file_bytes"": 3871459, ""source_fps_used"": 24.0, ""source_frame_count"": 96, ""video_path"": ""/DATA/DATA1/lixinyue/xyli/data/LGVQ/videos/Gen-2/Crocodiles swim leisurely in the lake.mp4""}"
52,Gen-2/Great white sharks swim majestically in the depths of the ocean.mp4,74.68,62.681114196777344,52,1,"[10, 35, 60, 86]","{""center_crop_fraction_of_short_side"": 0.65, ""container_reported_size_wh"": [1408, 768], ""decoded_frames"": [{""center_crop_xywh"": [454, 134, 499, 499], ""decoded_size_wh"": [1408, 768], ""frame_position"": 10, ""resize_output_size_wh"": [448, 448]}, {""center_crop_xywh"": [454, 134, 499, 499], ""decoded_size_wh"": [1408, 768], ""frame_position"": 35, ""resize_output_size_wh"": [448, 448]}, {""center_crop_xywh"": [454, 134, 499, 499], ""decoded_size_wh"": [1408, 768], ""frame_position"": 60, ""resize_output_size_wh"": [448, 448]}, {""center_crop_xywh"": [454, 134, 499, 499], ""decoded_size_wh"": [1408, 768], ""frame_position"": 86, ""resize_output_size_wh"": [448, 448]}], ""processor_pixel_constraint"": {""max_pixels"": 200704, ""min_pixels"": 200704}, ""requested_frame_fractions"": [0.1, 0.37, 0.63, 0.9], ""resize_interpolation"": ""OpenCV INTER_AREA"", ""sample_id"": ""Gen-2/Great white sharks swim majestically in the depths of the ocean.mp4"", ""selected_frame_positions"": [10, 35, 60, 86], ""source_file_bytes"": 2048406, ""source_fps_used"": 24.0, ""source_frame_count"": 96, ""video_path"": ""/DATA/DATA1/lixinyue/xyli/data/LGVQ/videos/Gen-2/Great white sharks swim majestically in the depths of the ocean.mp4""}"
53,"Gen-2/In a rugby match, players vied for possession of the rugby ball.mp4",65.11,55.42831039428711,53,1,"[10, 35, 60, 86]","{""center_crop_fraction_of_short_side"": 0.65, ""container_reported_size_wh"": [1408, 768], ""decoded_frames"": [{""center_crop_xywh"": [454, 134, 499, 499], ""decoded_size_wh"": [1408, 768], ""frame_position"": 10, ""resize_output_size_wh"": [448, 448]}, {""center_crop_xywh"": [454, 134, 499, 499], ""decoded_size_wh"": [1408, 768], ""frame_position"": 35, ""resize_output_size_wh"": [448, 448]}, {""center_crop_xywh"": [454, 134, 499, 499], ""decoded_size_wh"": [1408, 768], ""frame_position"": 60, ""resize_output_size_wh"": [448, 448]}, {""center_crop_xywh"": [454, 134, 499, 499], ""decoded_size_wh"": [1408, 768], ""frame_position"": 86, ""resize_output_size_wh"": [448, 448]}], ""processor_pixel_constraint"": {""max_pixels"": 200704, ""min_pixels"": 200704}, ""requested_frame_fractions"": [0.1, 0.37, 0.63, 0.9], ""resize_interpolation"": ""OpenCV INTER_AREA"", ""sample_id"": ""Gen-2/In a rugby match, players vied for possession of the rugby ball.mp4"", ""selected_frame_positions"": [10, 35, 60, 86], ""source_file_bytes"": 4228575, ""source_fps_used"": 24.0, ""source_frame_count"": 96, ""video_path"": ""/DATA/DATA1/lixinyue/xyli/data/LGVQ/videos/Gen-2/In a rugby match, players vied for possession of the rugby ball.mp4""}"
54,"Gen-2/In front of a farmhouse, there is a swing.mp4",70.41,66.43627166748047,54,1,"[10, 35, 60, 86]","{""center_crop_fraction_of_short_side"": 0.65, ""container_reported_size_wh"": [1408, 768], ""decoded_frames"": [{""center_crop_xywh"": [454, 134, 499, 499], ""decoded_size_wh"": [1408, 768], ""frame_position"": 10, ""resize_output_size_wh"": [448, 448]}, {""center_crop_xywh"": [454, 134, 499, 499], ""decoded_size_wh"": [1408, 768], ""frame_position"": 35, ""resize_output_size_wh"": [448, 448]}, {""center_crop_xywh"": [454, 134, 499, 499], ""decoded_size_wh"": [1408, 768], ""frame_position"": 60, ""resize_output_size_wh"": [448, 448]}, {""center_crop_xywh"": [454, 134, 499, 499], ""decoded_size_wh"": [1408, 768], ""frame_position"": 86, ""resize_output_size_wh"": [448, 448]}], ""processor_pixel_constraint"": {""max_pixels"": 200704, ""min_pixels"": 200704}, ""requested_frame_fractions"": [0.1, 0.37, 0.63, 0.9], ""resize_interpolation"": ""OpenCV INTER_AREA"", ""sample_id"": ""Gen-2/In front of a farmhouse, there is a swing.mp4"", ""selected_frame_positions"": [10, 35, 60, 86], ""source_file_bytes"": 3325431, ""source_fps_used"": 24.0, ""source_frame_count"": 96, ""video_path"": ""/DATA/DATA1/lixinyue/xyli/data/LGVQ/videos/Gen-2/In front of a farmhouse, there is a swing.mp4""}"
55,Gen-2/Military aircraft are neatly lined up on the military base.mp4,59.55,48.32642364501953,55,1,"[10, 35, 60, 86]","{""center_crop_fraction_of_short_side"": 0.65, ""container_reported_size_wh"": [1408, 768], ""decoded_frames"": [{""center_crop_xywh"": [454, 134, 499, 499], ""decoded_size_wh"": [1408, 768], ""frame_position"": 10, ""resize_output_size_wh"": [448, 448]}, {""center_crop_xywh"": [454, 134, 499, 499], ""decoded_size_wh"": [1408, 768], ""frame_position"": 35, ""resize_output_size_wh"": [448, 448]}, {""center_crop_xywh"": [454, 134, 499, 499], ""decoded_size_wh"": [1408, 768], ""frame_position"": 60, ""resize_output_size_wh"": [448, 448]}, {""center_crop_xywh"": [454, 134, 499, 499], ""decoded_size_wh"": [1408, 768], ""frame_position"": 86, ""resize_output_size_wh"": [448, 448]}], ""processor_pixel_constraint"": {""max_pixels"": 200704, ""min_pixels"": 200704}, ""requested_frame_fractions"": [0.1, 0.37, 0.63, 0.9], ""resize_interpolation"": ""OpenCV INTER_AREA"", ""sample_id"": ""Gen-2/Military aircraft are neatly lined up on the military base.mp4"", ""selected_frame_positions"": [10, 35, 60, 86], ""source_file_bytes"": 3005307, ""source_fps_used"": 24.0, ""source_frame_count"": 96, ""video_path"": ""/DATA/DATA1/lixinyue/xyli/data/LGVQ/videos/Gen-2/Military aircraft are neatly lined up on the military base.mp4""}"
56,Gen-2/Parents pick up students at the bus stop.mp4,65.21,61.46593475341797,56,1,"[10, 35, 60, 86]","{""center_crop_fraction_of_short_side"": 0.65, ""container_reported_size_wh"": [1408, 768], ""decoded_frames"": [{""center_crop_xywh"": [454, 134, 499, 499], ""decoded_size_wh"": [1408, 768], ""frame_position"": 10, ""resize_output_size_wh"": [448, 448]}, {""center_crop_xywh"": [454, 134, 499, 499], ""decoded_size_wh"": [1408, 768], ""frame_position"": 35, ""resize_output_size_wh"": [448, 448]}, {""center_crop_xywh"": [454, 134, 499, 499], ""decoded_size_wh"": [1408, 768], ""frame_position"": 60, ""resize_output_size_wh"": [448, 448]}, {""center_crop_xywh"": [454, 134, 499, 499], ""decoded_size_wh"": [1408, 768], ""frame_position"": 86, ""resize_output_size_wh"": [448, 448]}], ""processor_pixel_constraint"": {""max_pixels"": 200704, ""min_pixels"": 200704}, ""requested_frame_fractions"": [0.1, 0.37, 0.63, 0.9], ""resize_interpolation"": ""OpenCV INTER_AREA"", ""sample_id"": ""Gen-2/Parents pick up students at the bus stop.mp4"", ""selected_frame_positions"": [10, 35, 60, 86], ""source_file_bytes"": 3670789, ""source_fps_used"": 24.0, ""source_frame_count"": 96, ""video_path"": ""/DATA/DATA1/lixinyue/xyli/data/LGVQ/videos/Gen-2/Parents pick up students at the bus stop.mp4""}"
57,Gen-2/People sunbathe on the lawn.mp4,60.76,70.74764251708984,57,1,"[10, 35, 60, 86]","{""center_crop_fraction_of_short_side"": 0.65, ""container_reported_size_wh"": [1408, 768], ""decoded_frames"": [{""center_crop_xywh"": [454, 134, 499, 499], ""decoded_size_wh"": [1408, 768], ""frame_position"": 10, ""resize_output_size_wh"": [448, 448]}, {""center_crop_xywh"": [454, 134, 499, 499], ""decoded_size_wh"": [1408, 768], ""frame_position"": 35, ""resize_output_size_wh"": [448, 448]}, {""center_crop_xywh"": [454, 134, 499, 499], ""decoded_size_wh"": [1408, 768], ""frame_position"": 60, ""resize_output_size_wh"": [448, 448]}, {""center_crop_xywh"": [454, 134, 499, 499], ""decoded_size_wh"": [1408, 768], ""frame_position"": 86, ""resize_output_size_wh"": [448, 448]}], ""processor_pixel_constraint"": {""max_pixels"": 200704, ""min_pixels"": 200704}, ""requested_frame_fractions"": [0.1, 0.37, 0.63, 0.9], ""resize_interpolation"": ""OpenCV INTER_AREA"", ""sample_id"": ""Gen-2/People sunbathe on the lawn.mp4"", ""selected_frame_positions"": [10, 35, 60, 86], ""source_file_bytes"": 3464388, ""source_fps_used"": 24.0, ""source_frame_count"": 96, ""video_path"": ""/DATA/DATA1/lixinyue/xyli/data/LGVQ/videos/Gen-2/People sunbathe on the lawn.mp4""}"
58,Gen-2/People taking a leisurely walk admire the lake view.mp4,63.78,67.05152130126953,58,1,"[10, 35, 60, 86]","{""center_crop_fraction_of_short_side"": 0.65, ""container_reported_size_wh"": [1408, 768], ""decoded_frames"": [{""center_crop_xywh"": [454, 134, 499, 499], ""decoded_size_wh"": [1408, 768], ""frame_position"": 10, ""resize_output_size_wh"": [448, 448]}, {""center_crop_xywh"": [454, 134, 499, 499], ""decoded_size_wh"": [1408, 768], ""frame_position"": 35, ""resize_output_size_wh"": [448, 448]}, {""center_crop_xywh"": [454, 134, 499, 499], ""decoded_size_wh"": [1408, 768], ""frame_position"": 60, ""resize_output_size_wh"": [448, 448]}, {""center_crop_xywh"": [454, 134, 499, 499], ""decoded_size_wh"": [1408, 768], ""frame_position"": 86, ""resize_output_size_wh"": [448, 448]}], ""processor_pixel_constraint"": {""max_pixels"": 200704, ""min_pixels"": 200704}, ""requested_frame_fractions"": [0.1, 0.37, 0.63, 0.9], ""resize_interpolation"": ""OpenCV INTER_AREA"", ""sample_id"": ""Gen-2/People taking a leisurely walk admire the lake view.mp4"", ""selected_frame_positions"": [10, 35, 60, 86], ""source_file_bytes"": 4171763, ""source_fps_used"": 24.0, ""source_frame_count"": 96, ""video_path"": ""/DATA/DATA1/lixinyue/xyli/data/LGVQ/videos/Gen-2/People taking a leisurely walk admire the lake view.mp4""}"
59,"Gen-2/Plateaus surrounding lakes, embraced by peaceful and harmonious mountains.mp4",77.3,69.92804718017578,59,1,"[10, 35, 60, 86]","{""center_crop_fraction_of_short_side"": 0.65, ""container_reported_size_wh"": [1408, 768], ""decoded_frames"": [{""center_crop_xywh"": [454, 134, 499, 499], ""decoded_size_wh"": [1408, 768], ""frame_position"": 10, ""resize_output_size_wh"": [448, 448]}, {""center_crop_xywh"": [454, 134, 499, 499], ""decoded_size_wh"": [1408, 768], ""frame_position"": 35, ""resize_output_size_wh"": [448, 448]}, {""center_crop_xywh"": [454, 134, 499, 499], ""decoded_size_wh"": [1408, 768], ""frame_position"": 60, ""resize_output_size_wh"": [448, 448]}, {""center_crop_xywh"": [454, 134, 499, 499], ""decoded_size_wh"": [1408, 768], ""frame_position"": 86, ""resize_output_size_wh"": [448, 448]}], ""processor_pixel_constraint"": {""max_pixels"": 200704, ""min_pixels"": 200704}, ""requested_frame_fractions"": [0.1, 0.37, 0.63, 0.9], ""resize_interpolation"": ""OpenCV INTER_AREA"", ""sample_id"": ""Gen-2/Plateaus surrounding lakes, embraced by peaceful and harmonious mountains.mp4"", ""selected_frame_positions"": [10, 35, 60, 86], ""source_file_bytes"": 2438452, ""source_fps_used"": 24.0, ""source_frame_count"": 96, ""video_path"": ""/DATA/DATA1/lixinyue/xyli/data/LGVQ/videos/Gen-2/Plateaus surrounding lakes, embraced by peaceful and harmonious mountains.mp4""}"
60,Gen-2/Purple lavender grows in the field.mp4,74.53,62.27928924560547,60,1,"[10, 35, 60, 86]","{""center_crop_fraction_of_short_side"": 0.65, ""container_reported_size_wh"": [1408, 768], ""decoded_frames"": [{""center_crop_xywh"": [454, 134, 499, 499], ""decoded_size_wh"": [1408, 768], ""frame_position"": 10, ""resize_output_size_wh"": [448, 448]}, {""center_crop_xywh"": [454, 134, 499, 499], ""decoded_size_wh"": [1408, 768], ""frame_position"": 35, ""resize_output_size_wh"": [448, 448]}, {""center_crop_xywh"": [454, 134, 499, 499], ""decoded_size_wh"": [1408, 768], ""frame_position"": 60, ""resize_output_size_wh"": [448, 448]}, {""center_crop_xywh"": [454, 134, 499, 499], ""decoded_size_wh"": [1408, 768], ""frame_position"": 86, ""resize_output_size_wh"": [448, 448]}], ""processor_pixel_constraint"": {""max_pixels"": 200704, ""min_pixels"": 200704}, ""requested_frame_fractions"": [0.1, 0.37, 0.63, 0.9], ""resize_interpolation"": ""OpenCV INTER_AREA"", ""sample_id"": ""Gen-2/Purple lavender grows in the field.mp4"", ""selected_frame_positions"": [10, 35, 60, 86], ""source_file_bytes"": 2446494, ""source_fps_used"": 24.0, ""source_frame_count"": 96, ""video_path"": ""/DATA/DATA1/lixinyue/xyli/data/LGVQ/videos/Gen-2/Purple lavender grows in the field.mp4""}"
61,Gen-2/Sharks dart through the water.mp4,65.03,62.4444580078125,61,1,"[10, 35, 60, 86]","{""center_crop_fraction_of_short_side"": 0.65, ""container_reported_size_wh"": [1408, 768], ""decoded_frames"": [{""center_crop_xywh"": [454, 134, 499, 499], ""decoded_size_wh"": [1408, 768], ""frame_position"": 10, ""resize_output_size_wh"": [448, 448]}, {""center_crop_xywh"": [454, 134, 499, 499], ""decoded_size_wh"": [1408, 768], ""frame_position"": 35, ""resize_output_size_wh"": [448, 448]}, {""center_crop_xywh"": [454, 134, 499, 499], ""decoded_size_wh"": [1408, 768], ""frame_position"": 60, ""resize_output_size_wh"": [448, 448]}, {""center_crop_xywh"": [454, 134, 499, 499], ""decoded_size_wh"": [1408, 768], ""frame_position"": 86, ""resize_output_size_wh"": [448, 448]}], ""processor_pixel_constraint"": {""max_pixels"": 200704, ""min_pixels"": 200704}, ""requested_frame_fractions"": [0.1, 0.37, 0.63, 0.9], ""resize_interpolation"": ""OpenCV INTER_AREA"", ""sample_id"": ""Gen-2/Sharks dart through the water.mp4"", ""selected_frame_positions"": [10, 35, 60, 86], ""source_file_bytes"": 2780594, ""source_fps_used"": 24.0, ""source_frame_count"": 96, ""video_path"": ""/DATA/DATA1/lixinyue/xyli/data/LGVQ/videos/Gen-2/Sharks dart through the water.mp4""}"
62,Gen-2/Soldiers are setting up tents in the camp.mp4,73.24,60.094173431396484,62,1,"[10, 35, 60, 86]","{""center_crop_fraction_of_short_side"": 0.65, ""container_reported_size_wh"": [1408, 768], ""decoded_frames"": [{""center_crop_xywh"": [454, 134, 499, 499], ""decoded_size_wh"": [1408, 768], ""frame_position"": 10, ""resize_output_size_wh"": [448, 448]}, {""center_crop_xywh"": [454, 134, 499, 499], ""decoded_size_wh"": [1408, 768], ""frame_position"": 35, ""resize_output_size_wh"": [448, 448]}, {""center_crop_xywh"": [454, 134, 499, 499], ""decoded_size_wh"": [1408, 768], ""frame_position"": 60, ""resize_output_size_wh"": [448, 448]}, {""center_crop_xywh"": [454, 134, 499, 499], ""decoded_size_wh"": [1408, 768], ""frame_position"": 86, ""resize_output_size_wh"": [448, 448]}], ""processor_pixel_constraint"": {""max_pixels"": 200704, ""min_pixels"": 200704}, ""requested_frame_fractions"": [0.1, 0.37, 0.63, 0.9], ""resize_interpolation"": ""OpenCV INTER_AREA"", ""sample_id"": ""Gen-2/Soldiers are setting up tents in the camp.mp4"", ""selected_frame_positions"": [10, 35, 60, 86], ""source_file_bytes"": 3346325, ""source_fps_used"": 24.0, ""source_frame_count"": 96, ""video_path"": ""/DATA/DATA1/lixinyue/xyli/data/LGVQ/videos/Gen-2/Soldiers are setting up tents in the camp.mp4""}"
63,Gen-2/Students and teachers discuss topics in the classroom.mp4,77.3,62.38963317871094,63,1,"[10, 35, 60, 86]","{""center_crop_fraction_of_short_side"": 0.65, ""container_reported_size_wh"": [1408, 768], ""decoded_frames"": [{""center_crop_xywh"": [454, 134, 499, 499], ""decoded_size_wh"": [1408, 768], ""frame_position"": 10, ""resize_output_size_wh"": [448, 448]}, {""center_crop_xywh"": [454, 134, 499, 499], ""decoded_size_wh"": [1408, 768], ""frame_position"": 35, ""resize_output_size_wh"": [448, 448]}, {""center_crop_xywh"": [454, 134, 499, 499], ""decoded_size_wh"": [1408, 768], ""frame_position"": 60, ""resize_output_size_wh"": [448, 448]}, {""center_crop_xywh"": [454, 134, 499, 499], ""decoded_size_wh"": [1408, 768], ""frame_position"": 86, ""resize_output_size_wh"": [448, 448]}], ""processor_pixel_constraint"": {""max_pixels"": 200704, ""min_pixels"": 200704}, ""requested_frame_fractions"": [0.1, 0.37, 0.63, 0.9], ""resize_interpolation"": ""OpenCV INTER_AREA"", ""sample_id"": ""Gen-2/Students and teachers discuss topics in the classroom.mp4"", ""selected_frame_positions"": [10, 35, 60, 86], ""source_file_bytes"": 2359647, ""source_fps_used"": 24.0, ""source_frame_count"": 96, ""video_path"": ""/DATA/DATA1/lixinyue/xyli/data/LGVQ/videos/Gen-2/Students and teachers discuss topics in the classroom.mp4""}"
64,Gen-2/Students create exquisite artwork in art class.mp4,67.64,62.31061935424805,64,1,"[10, 35, 60, 86]","{""center_crop_fraction_of_short_side"": 0.65, ""container_reported_size_wh"": [1408, 768], ""decoded_frames"": [{""center_crop_xywh"": [454, 134, 499, 499], ""decoded_size_wh"": [1408, 768], ""frame_position"": 10, ""resize_output_size_wh"": [448, 448]}, {""center_crop_xywh"": [454, 134, 499, 499], ""decoded_size_wh"": [1408, 768], ""frame_position"": 35, ""resize_output_size_wh"": [448, 448]}, {""center_crop_xywh"": [454, 134, 499, 499], ""decoded_size_wh"": [1408, 768], ""frame_position"": 60, ""resize_output_size_wh"": [448, 448]}, {""center_crop_xywh"": [454, 134, 499, 499], ""decoded_size_wh"": [1408, 768], ""frame_position"": 86, ""resize_output_size_wh"": [448, 448]}], ""processor_pixel_constraint"": {""max_pixels"": 200704, ""min_pixels"": 200704}, ""requested_frame_fractions"": [0.1, 0.37, 0.63, 0.9], ""resize_interpolation"": ""OpenCV INTER_AREA"", ""sample_id"": ""Gen-2/Students create exquisite artwork in art class.mp4"", ""selected_frame_positions"": [10, 35, 60, 86], ""source_file_bytes"": 2203189, ""source_fps_used"": 24.0, ""source_frame_count"": 96, ""video_path"": ""/DATA/DATA1/lixinyue/xyli/data/LGVQ/videos/Gen-2/Students create exquisite artwork in art class.mp4""}"
65,Gen-2/Students enjoy tasty sandwiches in the cafeteria.mp4,64.85,65.33356475830078,65,1,"[10, 35, 60, 86]","{""center_crop_fraction_of_short_side"": 0.65, ""container_reported_size_wh"": [1408, 768], ""decoded_frames"": [{""center_crop_xywh"": [454, 134, 499, 499], ""decoded_size_wh"": [1408, 768], ""frame_position"": 10, ""resize_output_size_wh"": [448, 448]}, {""center_crop_xywh"": [454, 134, 499, 499], ""decoded_size_wh"": [1408, 768], ""frame_position"": 35, ""resize_output_size_wh"": [448, 448]}, {""center_crop_xywh"": [454, 134, 499, 499], ""decoded_size_wh"": [1408, 768], ""frame_position"": 60, ""resize_output_size_wh"": [448, 448]}, {""center_crop_xywh"": [454, 134, 499, 499], ""decoded_size_wh"": [1408, 768], ""frame_position"": 86, ""resize_output_size_wh"": [448, 448]}], ""processor_pixel_constraint"": {""max_pixels"": 200704, ""min_pixels"": 200704}, ""requested_frame_fractions"": [0.1, 0.37, 0.63, 0.9], ""resize_interpolation"": ""OpenCV INTER_AREA"", ""sample_id"": ""Gen-2/Students enjoy tasty sandwiches in the cafeteria.mp4"", ""selected_frame_positions"": [10, 35, 60, 86], ""source_file_bytes"": 3030699, ""source_fps_used"": 24.0, ""source_frame_count"": 96, ""video_path"": ""/DATA/DATA1/lixinyue/xyli/data/LGVQ/videos/Gen-2/Students enjoy tasty sandwiches in the cafeteria.mp4""}"
66,"Gen-2/Students enjoy their time on campus, full of youthful energy.mp4",58.45,72.41432189941406,66,1,"[10, 35, 60, 86]","{""center_crop_fraction_of_short_side"": 0.65, ""container_reported_size_wh"": [1408, 768], ""decoded_frames"": [{""center_crop_xywh"": [454, 134, 499, 499], ""decoded_size_wh"": [1408, 768], ""frame_position"": 10, ""resize_output_size_wh"": [448, 448]}, {""center_crop_xywh"": [454, 134, 499, 499], ""decoded_size_wh"": [1408, 768], ""frame_position"": 35, ""resize_output_size_wh"": [448, 448]}, {""center_crop_xywh"": [454, 134, 499, 499], ""decoded_size_wh"": [1408, 768], ""frame_position"": 60, ""resize_output_size_wh"": [448, 448]}, {""center_crop_xywh"": [454, 134, 499, 499], ""decoded_size_wh"": [1408, 768], ""frame_position"": 86, ""resize_output_size_wh"": [448, 448]}], ""processor_pixel_constraint"": {""max_pixels"": 200704, ""min_pixels"": 200704}, ""requested_frame_fractions"": [0.1, 0.37, 0.63, 0.9], ""resize_interpolation"": ""OpenCV INTER_AREA"", ""sample_id"": ""Gen-2/Students enjoy their time on campus, full of youthful energy.mp4"", ""selected_frame_positions"": [10, 35, 60, 86], ""source_file_bytes"": 2963427, ""source_fps_used"": 24.0, ""source_frame_count"": 96, ""video_path"": ""/DATA/DATA1/lixinyue/xyli/data/LGVQ/videos/Gen-2/Students enjoy their time on campus, full of youthful energy.mp4""}"
67,"Gen-2/Students line up in the cafeteria, waiting for lunch.mp4",74.24,69.67585754394531,67,1,"[10, 35, 60, 86]","{""center_crop_fraction_of_short_side"": 0.65, ""container_reported_size_wh"": [1408, 768], ""decoded_frames"": [{""center_crop_xywh"": [454, 134, 499, 499], ""decoded_size_wh"": [1408, 768], ""frame_position"": 10, ""resize_output_size_wh"": [448, 448]}, {""center_crop_xywh"": [454, 134, 499, 499], ""decoded_size_wh"": [1408, 768], ""frame_position"": 35, ""resize_output_size_wh"": [448, 448]}, {""center_crop_xywh"": [454, 134, 499, 499], ""decoded_size_wh"": [1408, 768], ""frame_position"": 60, ""resize_output_size_wh"": [448, 448]}, {""center_crop_xywh"": [454, 134, 499, 499], ""decoded_size_wh"": [1408, 768], ""frame_position"": 86, ""resize_output_size_wh"": [448, 448]}], ""processor_pixel_constraint"": {""max_pixels"": 200704, ""min_pixels"": 200704}, ""requested_frame_fractions"": [0.1, 0.37, 0.63, 0.9], ""resize_interpolation"": ""OpenCV INTER_AREA"", ""sample_id"": ""Gen-2/Students line up in the cafeteria, waiting for lunch.mp4"", ""selected_frame_positions"": [10, 35, 60, 86], ""source_file_bytes"": 3277337, ""source_fps_used"": 24.0, ""source_frame_count"": 96, ""video_path"": ""/DATA/DATA1/lixinyue/xyli/data/LGVQ/videos/Gen-2/Students line up in the cafeteria, waiting for lunch.mp4""}"
68,Gen-2/Students participate in celebration ceremonies in the school courtyard.mp4,62.47,63.43487548828125,68,1,"[10, 35, 60, 86]","{""center_crop_fraction_of_short_side"": 0.65, ""container_reported_size_wh"": [1408, 768], ""decoded_frames"": [{""center_crop_xywh"": [454, 134, 499, 499], ""decoded_size_wh"": [1408, 768], ""frame_position"": 10, ""resize_output_size_wh"": [448, 448]}, {""center_crop_xywh"": [454, 134, 499, 499], ""decoded_size_wh"": [1408, 768], ""frame_position"": 35, ""resize_output_size_wh"": [448, 448]}, {""center_crop_xywh"": [454, 134, 499, 499], ""decoded_size_wh"": [1408, 768], ""frame_position"": 60, ""resize_output_size_wh"": [448, 448]}, {""center_crop_xywh"": [454, 134, 499, 499], ""decoded_size_wh"": [1408, 768], ""frame_position"": 86, ""resize_output_size_wh"": [448, 448]}], ""processor_pixel_constraint"": {""max_pixels"": 200704, ""min_pixels"": 200704}, ""requested_frame_fractions"": [0.1, 0.37, 0.63, 0.9], ""resize_interpolation"": ""OpenCV INTER_AREA"", ""sample_id"": ""Gen-2/Students participate in celebration ceremonies in the school courtyard.mp4"", ""selected_frame_positions"": [10, 35, 60, 86], ""source_file_bytes"": 2800009, ""source_fps_used"": 24.0, ""source_frame_count"": 96, ""video_path"": ""/DATA/DATA1/lixinyue/xyli/data/LGVQ/videos/Gen-2/Students participate in celebration ceremonies in the school courtyard.mp4""}"
69,Gen-2/Students program in the computer lab.mp4,70.43,55.5981330871582,69,1,"[10, 35, 60, 86]","{""center_crop_fraction_of_short_side"": 0.65, ""container_reported_size_wh"": [1408, 768], ""decoded_frames"": [{""center_crop_xywh"": [454, 134, 499, 499], ""decoded_size_wh"": [1408, 768], ""frame_position"": 10, ""resize_output_size_wh"": [448, 448]}, {""center_crop_xywh"": [454, 134, 499, 499], ""decoded_size_wh"": [1408, 768], ""frame_position"": 35, ""resize_output_size_wh"": [448, 448]}, {""center_crop_xywh"": [454, 134, 499, 499], ""decoded_size_wh"": [1408, 768], ""frame_position"": 60, ""resize_output_size_wh"": [448, 448]}, {""center_crop_xywh"": [454, 134, 499, 499], ""decoded_size_wh"": [1408, 768], ""frame_position"": 86, ""resize_output_size_wh"": [448, 448]}], ""processor_pixel_constraint"": {""max_pixels"": 200704, ""min_pixels"": 200704}, ""requested_frame_fractions"": [0.1, 0.37, 0.63, 0.9], ""resize_interpolation"": ""OpenCV INTER_AREA"", ""sample_id"": ""Gen-2/Students program in the computer lab.mp4"", ""selected_frame_positions"": [10, 35, 60, 86], ""source_file_bytes"": 2022962, ""source_fps_used"": 24.0, ""source_frame_count"": 96, ""video_path"": ""/DATA/DATA1/lixinyue/xyli/data/LGVQ/videos/Gen-2/Students program in the computer lab.mp4""}"
70,Gen-2/Students savor delicious soups in the cafeteria.mp4,70.53,57.700828552246094,70,1,"[10, 35, 60, 86]","{""center_crop_fraction_of_short_side"": 0.65, ""container_reported_size_wh"": [1408, 768], ""decoded_frames"": [{""center_crop_xywh"": [454, 134, 499, 499], ""decoded_size_wh"": [1408, 768], ""frame_position"": 10, ""resize_output_size_wh"": [448, 448]}, {""center_crop_xywh"": [454, 134, 499, 499], ""decoded_size_wh"": [1408, 768], ""frame_position"": 35, ""resize_output_size_wh"": [448, 448]}, {""center_crop_xywh"": [454, 134, 499, 499], ""decoded_size_wh"": [1408, 768], ""frame_position"": 60, ""resize_output_size_wh"": [448, 448]}, {""center_crop_xywh"": [454, 134, 499, 499], ""decoded_size_wh"": [1408, 768], ""frame_position"": 86, ""resize_output_size_wh"": [448, 448]}], ""processor_pixel_constraint"": {""max_pixels"": 200704, ""min_pixels"": 200704}, ""requested_frame_fractions"": [0.1, 0.37, 0.63, 0.9], ""resize_interpolation"": ""OpenCV INTER_AREA"", ""sample_id"": ""Gen-2/Students savor delicious soups in the cafeteria.mp4"", ""selected_frame_positions"": [10, 35, 60, 86], ""source_file_bytes"": 2625265, ""source_fps_used"": 24.0, ""source_frame_count"": 96, ""video_path"": ""/DATA/DATA1/lixinyue/xyli/data/LGVQ/videos/Gen-2/Students savor delicious soups in the cafeteria.mp4""}"
71,Gen-2/Sunflowers stand tall in a field.mp4,64.04,48.63658905029297,71,1,"[10, 35, 60, 86]","{""center_crop_fraction_of_short_side"": 0.65, ""container_reported_size_wh"": [1408, 768], ""decoded_frames"": [{""center_crop_xywh"": [454, 134, 499, 499], ""decoded_size_wh"": [1408, 768], ""frame_position"": 10, ""resize_output_size_wh"": [448, 448]}, {""center_crop_xywh"": [454, 134, 499, 499], ""decoded_size_wh"": [1408, 768], ""frame_position"": 35, ""resize_output_size_wh"": [448, 448]}, {""center_crop_xywh"": [454, 134, 499, 499], ""decoded_size_wh"": [1408, 768], ""frame_position"": 60, ""resize_output_size_wh"": [448, 448]}, {""center_crop_xywh"": [454, 134, 499, 499], ""decoded_size_wh"": [1408, 768], ""frame_position"": 86, ""resize_output_size_wh"": [448, 448]}], ""processor_pixel_constraint"": {""max_pixels"": 200704, ""min_pixels"": 200704}, ""requested_frame_fractions"": [0.1, 0.37, 0.63, 0.9], ""resize_interpolation"": ""OpenCV INTER_AREA"", ""sample_id"": ""Gen-2/Sunflowers stand tall in a field.mp4"", ""selected_frame_positions"": [10, 35, 60, 86], ""source_file_bytes"": 3827362, ""source_fps_used"": 24.0, ""source_frame_count"": 96, ""video_path"": ""/DATA/DATA1/lixinyue/xyli/data/LGVQ/videos/Gen-2/Sunflowers stand tall in a field.mp4""}"
72,Gen-2/Sunlight is streaming through the leaves onto the grass.mp4,74.27,69.86366271972656,72,1,"[10, 35, 60, 86]","{""center_crop_fraction_of_short_side"": 0.65, ""container_reported_size_wh"": [1408, 768], ""decoded_frames"": [{""center_crop_xywh"": [454, 134, 499, 499], ""decoded_size_wh"": [1408, 768], ""frame_position"": 10, ""resize_output_size_wh"": [448, 448]}, {""center_crop_xywh"": [454, 134, 499, 499], ""decoded_size_wh"": [1408, 768], ""frame_position"": 35, ""resize_output_size_wh"": [448, 448]}, {""center_crop_xywh"": [454, 134, 499, 499], ""decoded_size_wh"": [1408, 768], ""frame_position"": 60, ""resize_output_size_wh"": [448, 448]}, {""center_crop_xywh"": [454, 134, 499, 499], ""decoded_size_wh"": [1408, 768], ""frame_position"": 86, ""resize_output_size_wh"": [448, 448]}], ""processor_pixel_constraint"": {""max_pixels"": 200704, ""min_pixels"": 200704}, ""requested_frame_fractions"": [0.1, 0.37, 0.63, 0.9], ""resize_interpolation"": ""OpenCV INTER_AREA"", ""sample_id"": ""Gen-2/Sunlight is streaming through the leaves onto the grass.mp4"", ""selected_frame_positions"": [10, 35, 60, 86], ""source_file_bytes"": 2479992, ""source_fps_used"": 24.0, ""source_frame_count"": 96, ""video_path"": ""/DATA/DATA1/lixinyue/xyli/data/LGVQ/videos/Gen-2/Sunlight is streaming through the leaves onto the grass.mp4""}"
73,Gen-2/Swallows soar in the air.mp4,65.14,61.899017333984375,73,1,"[10, 35, 60, 86]","{""center_crop_fraction_of_short_side"": 0.65, ""container_reported_size_wh"": [1408, 768], ""decoded_frames"": [{""center_crop_xywh"": [454, 134, 499, 499], ""decoded_size_wh"": [1408, 768], ""frame_position"": 10, ""resize_output_size_wh"": [448, 448]}, {""center_crop_xywh"": [454, 134, 499, 499], ""decoded_size_wh"": [1408, 768], ""frame_position"": 35, ""resize_output_size_wh"": [448, 448]}, {""center_crop_xywh"": [454, 134, 499, 499], ""decoded_size_wh"": [1408, 768], ""frame_position"": 60, ""resize_output_size_wh"": [448, 448]}, {""center_crop_xywh"": [454, 134, 499, 499], ""decoded_size_wh"": [1408, 768], ""frame_position"": 86, ""resize_output_size_wh"": [448, 448]}], ""processor_pixel_constraint"": {""max_pixels"": 200704, ""min_pixels"": 200704}, ""requested_frame_fractions"": [0.1, 0.37, 0.63, 0.9], ""resize_interpolation"": ""OpenCV INTER_AREA"", ""sample_id"": ""Gen-2/Swallows soar in the air.mp4"", ""selected_frame_positions"": [10, 35, 60, 86], ""source_file_bytes"": 1162138, ""source_fps_used"": 24.0, ""source_frame_count"": 96, ""video_path"": ""/DATA/DATA1/lixinyue/xyli/data/LGVQ/videos/Gen-2/Swallows soar in the air.mp4""}"
74,Gen-2/Teenage skateboarders perform tricks by the pond.mp4,63.32,62.156925201416016,74,1,"[10, 35, 60, 86]","{""center_crop_fraction_of_short_side"": 0.65, ""container_reported_size_wh"": [1408, 768], ""decoded_frames"": [{""center_crop_xywh"": [454, 134, 499, 499], ""decoded_size_wh"": [1408, 768], ""frame_position"": 10, ""resize_output_size_wh"": [448, 448]}, {""center_crop_xywh"": [454, 134, 499, 499], ""decoded_size_wh"": [1408, 768], ""frame_position"": 35, ""resize_output_size_wh"": [448, 448]}, {""center_crop_xywh"": [454, 134, 499, 499], ""decoded_size_wh"": [1408, 768], ""frame_position"": 60, ""resize_output_size_wh"": [448, 448]}, {""center_crop_xywh"": [454, 134, 499, 499], ""decoded_size_wh"": [1408, 768], ""frame_position"": 86, ""resize_output_size_wh"": [448, 448]}], ""processor_pixel_constraint"": {""max_pixels"": 200704, ""min_pixels"": 200704}, ""requested_frame_fractions"": [0.1, 0.37, 0.63, 0.9], ""resize_interpolation"": ""OpenCV INTER_AREA"", ""sample_id"": ""Gen-2/Teenage skateboarders perform tricks by the pond.mp4"", ""selected_frame_positions"": [10, 35, 60, 86], ""source_file_bytes"": 2766020, ""source_fps_used"": 24.0, ""source_frame_count"": 96, ""video_path"": ""/DATA/DATA1/lixinyue/xyli/data/LGVQ/videos/Gen-2/Teenage skateboarders perform tricks by the pond.mp4""}"
75,"Gen-2/The campus has colorful gardens, full of vitality.mp4",66.46,52.78163528442383,75,1,"[10, 35, 60, 86]","{""center_crop_fraction_of_short_side"": 0.65, ""container_reported_size_wh"": [1408, 768], ""decoded_frames"": [{""center_crop_xywh"": [454, 134, 499, 499], ""decoded_size_wh"": [1408, 768], ""frame_position"": 10, ""resize_output_size_wh"": [448, 448]}, {""center_crop_xywh"": [454, 134, 499, 499], ""decoded_size_wh"": [1408, 768], ""frame_position"": 35, ""resize_output_size_wh"": [448, 448]}, {""center_crop_xywh"": [454, 134, 499, 499], ""decoded_size_wh"": [1408, 768], ""frame_position"": 60, ""resize_output_size_wh"": [448, 448]}, {""center_crop_xywh"": [454, 134, 499, 499], ""decoded_size_wh"": [1408, 768], ""frame_position"": 86, ""resize_output_size_wh"": [448, 448]}], ""processor_pixel_constraint"": {""max_pixels"": 200704, ""min_pixels"": 200704}, ""requested_frame_fractions"": [0.1, 0.37, 0.63, 0.9], ""resize_interpolation"": ""OpenCV INTER_AREA"", ""sample_id"": ""Gen-2/The campus has colorful gardens, full of vitality.mp4"", ""selected_frame_positions"": [10, 35, 60, 86], ""source_file_bytes"": 7212828, ""source_fps_used"": 24.0, ""source_frame_count"": 96, ""video_path"": ""/DATA/DATA1/lixinyue/xyli/data/LGVQ/videos/Gen-2/The campus has colorful gardens, full of vitality.mp4""}"
76,Gen-2/The commander is strategizing in front of a map.mp4,58.02,55.05878448486328,76,1,"[10, 35, 60, 86]","{""center_crop_fraction_of_short_side"": 0.65, ""container_reported_size_wh"": [1408, 768], ""decoded_frames"": [{""center_crop_xywh"": [454, 134, 499, 499], ""decoded_size_wh"": [1408, 768], ""frame_position"": 10, ""resize_output_size_wh"": [448, 448]}, {""center_crop_xywh"": [454, 134, 499, 499], ""decoded_size_wh"": [1408, 768], ""frame_position"": 35, ""resize_output_size_wh"": [448, 448]}, {""center_crop_xywh"": [454, 134, 499, 499], ""decoded_size_wh"": [1408, 768], ""frame_position"": 60, ""resize_output_size_wh"": [448, 448]}, {""center_crop_xywh"": [454, 134, 499, 499], ""decoded_size_wh"": [1408, 768], ""frame_position"": 86, ""resize_output_size_wh"": [448, 448]}], ""processor_pixel_constraint"": {""max_pixels"": 200704, ""min_pixels"": 200704}, ""requested_frame_fractions"": [0.1, 0.37, 0.63, 0.9], ""resize_interpolation"": ""OpenCV INTER_AREA"", ""sample_id"": ""Gen-2/The commander is strategizing in front of a map.mp4"", ""selected_frame_positions"": [10, 35, 60, 86], ""source_file_bytes"": 3338414, ""source_fps_used"": 24.0, ""source_frame_count"": 96, ""video_path"": ""/DATA/DATA1/lixinyue/xyli/data/LGVQ/videos/Gen-2/The commander is strategizing in front of a map.mp4""}"
77,Gen-2/The crickets chirped merrily in the summer night.mp4,64.88,65.20378875732422,77,1,"[10, 35, 60, 86]","{""center_crop_fraction_of_short_side"": 0.65, ""container_reported_size_wh"": [1408, 768], ""decoded_frames"": [{""center_crop_xywh"": [454, 134, 499, 499], ""decoded_size_wh"": [1408, 768], ""frame_position"": 10, ""resize_output_size_wh"": [448, 448]}, {""center_crop_xywh"": [454, 134, 499, 499], ""decoded_size_wh"": [1408, 768], ""frame_position"": 35, ""resize_output_size_wh"": [448, 448]}, {""center_crop_xywh"": [454, 134, 499, 499], ""decoded_size_wh"": [1408, 768], ""frame_position"": 60, ""resize_output_size_wh"": [448, 448]}, {""center_crop_xywh"": [454, 134, 499, 499], ""decoded_size_wh"": [1408, 768], ""frame_position"": 86, ""resize_output_size_wh"": [448, 448]}], ""processor_pixel_constraint"": {""max_pixels"": 200704, ""min_pixels"": 200704}, ""requested_frame_fractions"": [0.1, 0.37, 0.63, 0.9], ""resize_interpolation"": ""OpenCV INTER_AREA"", ""sample_id"": ""Gen-2/The crickets chirped merrily in the summer night.mp4"", ""selected_frame_positions"": [10, 35, 60, 86], ""source_file_bytes"": 2300515, ""source_fps_used"": 24.0, ""source_frame_count"": 96, ""video_path"": ""/DATA/DATA1/lixinyue/xyli/data/LGVQ/videos/Gen-2/The crickets chirped merrily in the summer night.mp4""}"
78,Gen-2/The leaves of a purple-leaf plum tree turn deep purple.mp4,67.77,71.64795684814453,78,1,"[10, 35, 60, 86]","{""center_crop_fraction_of_short_side"": 0.65, ""container_reported_size_wh"": [1408, 768], ""decoded_frames"": [{""center_crop_xywh"": [454, 134, 499, 499], ""decoded_size_wh"": [1408, 768], ""frame_position"": 10, ""resize_output_size_wh"": [448, 448]}, {""center_crop_xywh"": [454, 134, 499, 499], ""decoded_size_wh"": [1408, 768], ""frame_position"": 35, ""resize_output_size_wh"": [448, 448]}, {""center_crop_xywh"": [454, 134, 499, 499], ""decoded_size_wh"": [1408, 768], ""frame_position"": 60, ""resize_output_size_wh"": [448, 448]}, {""center_crop_xywh"": [454, 134, 499, 499], ""decoded_size_wh"": [1408, 768], ""frame_position"": 86, ""resize_output_size_wh"": [448, 448]}], ""processor_pixel_constraint"": {""max_pixels"": 200704, ""min_pixels"": 200704}, ""requested_frame_fractions"": [0.1, 0.37, 0.63, 0.9], ""resize_interpolation"": ""OpenCV INTER_AREA"", ""sample_id"": ""Gen-2/The leaves of a purple-leaf plum tree turn deep purple.mp4"", ""selected_frame_positions"": [10, 35, 60, 86], ""source_file_bytes"": 1809005, ""source_fps_used"": 24.0, ""source_frame_count"": 96, ""video_path"": ""/DATA/DATA1/lixinyue/xyli/data/LGVQ/videos/Gen-2/The leaves of a purple-leaf plum tree turn deep purple.mp4""}"
79,Gen-2/The lion roars majestically on the grassland.mp4,74.67,71.30101013183594,79,1,"[10, 35, 60, 86]","{""center_crop_fraction_of_short_side"": 0.65, ""container_reported_size_wh"": [1408, 768], ""decoded_frames"": [{""center_crop_xywh"": [454, 134, 499, 499], ""decoded_size_wh"": [1408, 768], ""frame_position"": 10, ""resize_output_size_wh"": [448, 448]}, {""center_crop_xywh"": [454, 134, 499, 499], ""decoded_size_wh"": [1408, 768], ""frame_position"": 35, ""resize_output_size_wh"": [448, 448]}, {""center_crop_xywh"": [454, 134, 499, 499], ""decoded_size_wh"": [1408, 768], ""frame_position"": 60, ""resize_output_size_wh"": [448, 448]}, {""center_crop_xywh"": [454, 134, 499, 499], ""decoded_size_wh"": [1408, 768], ""frame_position"": 86, ""resize_output_size_wh"": [448, 448]}], ""processor_pixel_constraint"": {""max_pixels"": 200704, ""min_pixels"": 200704}, ""requested_frame_fractions"": [0.1, 0.37, 0.63, 0.9], ""resize_interpolation"": ""OpenCV INTER_AREA"", ""sample_id"": ""Gen-2/The lion roars majestically on the grassland.mp4"", ""selected_frame_positions"": [10, 35, 60, 86], ""source_file_bytes"": 3390971, ""source_fps_used"": 24.0, ""source_frame_count"": 96, ""video_path"": ""/DATA/DATA1/lixinyue/xyli/data/LGVQ/videos/Gen-2/The lion roars majestically on the grassland.mp4""}"
80,Gen-2/The parrot chirped in the treetops.mp4,70.32,65.43231201171875,80,1,"[10, 35, 60, 86]","{""center_crop_fraction_of_short_side"": 0.65, ""container_reported_size_wh"": [1408, 768], ""decoded_frames"": [{""center_crop_xywh"": [454, 134, 499, 499], ""decoded_size_wh"": [1408, 768], ""frame_position"": 10, ""resize_output_size_wh"": [448, 448]}, {""center_crop_xywh"": [454, 134, 499, 499], ""decoded_size_wh"": [1408, 768], ""frame_position"": 35, ""resize_output_size_wh"": [448, 448]}, {""center_crop_xywh"": [454, 134, 499, 499], ""decoded_size_wh"": [1408, 768], ""frame_position"": 60, ""resize_output_size_wh"": [448, 448]}, {""center_crop_xywh"": [454, 134, 499, 499], ""decoded_size_wh"": [1408, 768], ""frame_position"": 86, ""resize_output_size_wh"": [448, 448]}], ""processor_pixel_constraint"": {""max_pixels"": 200704, ""min_pixels"": 200704}, ""requested_frame_fractions"": [0.1, 0.37, 0.63, 0.9], ""resize_interpolation"": ""OpenCV INTER_AREA"", ""sample_id"": ""Gen-2/The parrot chirped in the treetops.mp4"", ""selected_frame_positions"": [10, 35, 60, 86], ""source_file_bytes"": 2976209, ""source_fps_used"": 24.0, ""source_frame_count"": 96, ""video_path"": ""/DATA/DATA1/lixinyue/xyli/data/LGVQ/videos/Gen-2/The parrot chirped in the treetops.mp4""}"
81,Gen-2/The roof of a farmhouse is covered in moss.mp4,74.52,71.16022491455078,81,1,"[10, 35, 60, 86]","{""center_crop_fraction_of_short_side"": 0.65, ""container_reported_size_wh"": [1408, 768], ""decoded_frames"": [{""center_crop_xywh"": [454, 134, 499, 499], ""decoded_size_wh"": [1408, 768], ""frame_position"": 10, ""resize_output_size_wh"": [448, 448]}, {""center_crop_xywh"": [454, 134, 499, 499], ""decoded_size_wh"": [1408, 768], ""frame_position"": 35, ""resize_output_size_wh"": [448, 448]}, {""center_crop_xywh"": [454, 134, 499, 499], ""decoded_size_wh"": [1408, 768], ""frame_position"": 60, ""resize_output_size_wh"": [448, 448]}, {""center_crop_xywh"": [454, 134, 499, 499], ""decoded_size_wh"": [1408, 768], ""frame_position"": 86, ""resize_output_size_wh"": [448, 448]}], ""processor_pixel_constraint"": {""max_pixels"": 200704, ""min_pixels"": 200704}, ""requested_frame_fractions"": [0.1, 0.37, 0.63, 0.9], ""resize_interpolation"": ""OpenCV INTER_AREA"", ""sample_id"": ""Gen-2/The roof of a farmhouse is covered in moss.mp4"", ""selected_frame_positions"": [10, 35, 60, 86], ""source_file_bytes"": 8204691, ""source_fps_used"": 24.0, ""source_frame_count"": 96, ""video_path"": ""/DATA/DATA1/lixinyue/xyli/data/LGVQ/videos/Gen-2/The roof of a farmhouse is covered in moss.mp4""}"
82,Gen-2/The rural stream serves as the water source for villagers.mp4,77.3,68.7313003540039,82,1,"[10, 35, 60, 86]","{""center_crop_fraction_of_short_side"": 0.65, ""container_reported_size_wh"": [1408, 768], ""decoded_frames"": [{""center_crop_xywh"": [454, 134, 499, 499], ""decoded_size_wh"": [1408, 768], ""frame_position"": 10, ""resize_output_size_wh"": [448, 448]}, {""center_crop_xywh"": [454, 134, 499, 499], ""decoded_size_wh"": [1408, 768], ""frame_position"": 35, ""resize_output_size_wh"": [448, 448]}, {""center_crop_xywh"": [454, 134, 499, 499], ""decoded_size_wh"": [1408, 768], ""frame_position"": 60, ""resize_output_size_wh"": [448, 448]}, {""center_crop_xywh"": [454, 134, 499, 499], ""decoded_size_wh"": [1408, 768], ""frame_position"": 86, ""resize_output_size_wh"": [448, 448]}], ""processor_pixel_constraint"": {""max_pixels"": 200704, ""min_pixels"": 200704}, ""requested_frame_fractions"": [0.1, 0.37, 0.63, 0.9], ""resize_interpolation"": ""OpenCV INTER_AREA"", ""sample_id"": ""Gen-2/The rural stream serves as the water source for villagers.mp4"", ""selected_frame_positions"": [10, 35, 60, 86], ""source_file_bytes"": 7594889, ""source_fps_used"": 24.0, ""source_frame_count"": 96, ""video_path"": ""/DATA/DATA1/lixinyue/xyli/data/LGVQ/videos/Gen-2/The rural stream serves as the water source for villagers.mp4""}"
83,Gen-2/The school auditorium is decorated with festive decorations.mp4,71.76,63.860755920410156,83,1,"[10, 35, 60, 86]","{""center_crop_fraction_of_short_side"": 0.65, ""container_reported_size_wh"": [1408, 768], ""decoded_frames"": [{""center_crop_xywh"": [454, 134, 499, 499], ""decoded_size_wh"": [1408, 768], ""frame_position"": 10, ""resize_output_size_wh"": [448, 448]}, {""center_crop_xywh"": [454, 134, 499, 499], ""decoded_size_wh"": [1408, 768], ""frame_position"": 35, ""resize_output_size_wh"": [448, 448]}, {""center_crop_xywh"": [454, 134, 499, 499], ""decoded_size_wh"": [1408, 768], ""frame_position"": 60, ""resize_output_size_wh"": [448, 448]}, {""center_crop_xywh"": [454, 134, 499, 499], ""decoded_size_wh"": [1408, 768], ""frame_position"": 86, ""resize_output_size_wh"": [448, 448]}], ""processor_pixel_constraint"": {""max_pixels"": 200704, ""min_pixels"": 200704}, ""requested_frame_fractions"": [0.1, 0.37, 0.63, 0.9], ""resize_interpolation"": ""OpenCV INTER_AREA"", ""sample_id"": ""Gen-2/The school auditorium is decorated with festive decorations.mp4"", ""selected_frame_positions"": [10, 35, 60, 86], ""source_file_bytes"": 3491346, ""source_fps_used"": 24.0, ""source_frame_count"": 96, ""video_path"": ""/DATA/DATA1/lixinyue/xyli/data/LGVQ/videos/Gen-2/The school auditorium is decorated with festive decorations.mp4""}"
84,Gen-2/The seahorse swayed slowly on the sea floor.mp4,70.43,56.256378173828125,84,1,"[10, 35, 60, 86]","{""center_crop_fraction_of_short_side"": 0.65, ""container_reported_size_wh"": [1408, 768], ""decoded_frames"": [{""center_crop_xywh"": [454, 134, 499, 499], ""decoded_size_wh"": [1408, 768], ""frame_position"": 10, ""resize_output_size_wh"": [448, 448]}, {""center_crop_xywh"": [454, 134, 499, 499], ""decoded_size_wh"": [1408, 768], ""frame_position"": 35, ""resize_output_size_wh"": [448, 448]}, {""center_crop_xywh"": [454, 134, 499, 499], ""decoded_size_wh"": [1408, 768], ""frame_position"": 60, ""resize_output_size_wh"": [448, 448]}, {""center_crop_xywh"": [454, 134, 499, 499], ""decoded_size_wh"": [1408, 768], ""frame_position"": 86, ""resize_output_size_wh"": [448, 448]}], ""processor_pixel_constraint"": {""max_pixels"": 200704, ""min_pixels"": 200704}, ""requested_frame_fractions"": [0.1, 0.37, 0.63, 0.9], ""resize_interpolation"": ""OpenCV INTER_AREA"", ""sample_id"": ""Gen-2/The seahorse swayed slowly on the sea floor.mp4"", ""selected_frame_positions"": [10, 35, 60, 86], ""source_file_bytes"": 2608351, ""source_fps_used"": 24.0, ""source_frame_count"": 96, ""video_path"": ""/DATA/DATA1/lixinyue/xyli/data/LGVQ/videos/Gen-2/The seahorse swayed slowly on the sea floor.mp4""}"
85,Gen-2/There are boats on the park lake.mp4,75.96,74.01860046386719,85,1,"[10, 35, 60, 86]","{""center_crop_fraction_of_short_side"": 0.65, ""container_reported_size_wh"": [1408, 768], ""decoded_frames"": [{""center_crop_xywh"": [454, 134, 499, 499], ""decoded_size_wh"": [1408, 768], ""frame_position"": 10, ""resize_output_size_wh"": [448, 448]}, {""center_crop_xywh"": [454, 134, 499, 499], ""decoded_size_wh"": [1408, 768], ""frame_position"": 35, ""resize_output_size_wh"": [448, 448]}, {""center_crop_xywh"": [454, 134, 499, 499], ""decoded_size_wh"": [1408, 768], ""frame_position"": 60, ""resize_output_size_wh"": [448, 448]}, {""center_crop_xywh"": [454, 134, 499, 499], ""decoded_size_wh"": [1408, 768], ""frame_position"": 86, ""resize_output_size_wh"": [448, 448]}], ""processor_pixel_constraint"": {""max_pixels"": 200704, ""min_pixels"": 200704}, ""requested_frame_fractions"": [0.1, 0.37, 0.63, 0.9], ""resize_interpolation"": ""OpenCV INTER_AREA"", ""sample_id"": ""Gen-2/There are boats on the park lake.mp4"", ""selected_frame_positions"": [10, 35, 60, 86], ""source_file_bytes"": 3872503, ""source_fps_used"": 24.0, ""source_frame_count"": 96, ""video_path"": ""/DATA/DATA1/lixinyue/xyli/data/LGVQ/videos/Gen-2/There are boats on the park lake.mp4""}"
86,Gen-2/There's a drum and guitar in the music classroom.mp4,74.68,62.56656265258789,86,1,"[10, 35, 60, 86]","{""center_crop_fraction_of_short_side"": 0.65, ""container_reported_size_wh"": [1408, 768], ""decoded_frames"": [{""center_crop_xywh"": [454, 134, 499, 499], ""decoded_size_wh"": [1408, 768], ""frame_position"": 10, ""resize_output_size_wh"": [448, 448]}, {""center_crop_xywh"": [454, 134, 499, 499], ""decoded_size_wh"": [1408, 768], ""frame_position"": 35, ""resize_output_size_wh"": [448, 448]}, {""center_crop_xywh"": [454, 134, 499, 499], ""decoded_size_wh"": [1408, 768], ""frame_position"": 60, ""resize_output_size_wh"": [448, 448]}, {""center_crop_xywh"": [454, 134, 499, 499], ""decoded_size_wh"": [1408, 768], ""frame_position"": 86, ""resize_output_size_wh"": [448, 448]}], ""processor_pixel_constraint"": {""max_pixels"": 200704, ""min_pixels"": 200704}, ""requested_frame_fractions"": [0.1, 0.37, 0.63, 0.9], ""resize_interpolation"": ""OpenCV INTER_AREA"", ""sample_id"": ""Gen-2/There's a drum and guitar in the music classroom.mp4"", ""selected_frame_positions"": [10, 35, 60, 86], ""source_file_bytes"": 2237077, ""source_fps_used"": 24.0, ""source_frame_count"": 96, ""video_path"": ""/DATA/DATA1/lixinyue/xyli/data/LGVQ/videos/Gen-2/There's a drum and guitar in the music classroom.mp4""}"
87,"Gen-2/Unique desert landscapes, with dunes sculpted by the wind.mp4",77.3,73.64964294433594,87,1,"[10, 35, 60, 86]","{""center_crop_fraction_of_short_side"": 0.65, ""container_reported_size_wh"": [1408, 768], ""decoded_frames"": [{""center_crop_xywh"": [454, 134, 499, 499], ""decoded_size_wh"": [1408, 768], ""frame_position"": 10, ""resize_output_size_wh"": [448, 448]}, {""center_crop_xywh"": [454, 134, 499, 499], ""decoded_size_wh"": [1408, 768], ""frame_position"": 35, ""resize_output_size_wh"": [448, 448]}, {""center_crop_xywh"": [454, 134, 499, 499], ""decoded_size_wh"": [1408, 768], ""frame_position"": 60, ""resize_output_size_wh"": [448, 448]}, {""center_crop_xywh"": [454, 134, 499, 499], ""decoded_size_wh"": [1408, 768], ""frame_position"": 86, ""resize_output_size_wh"": [448, 448]}], ""processor_pixel_constraint"": {""max_pixels"": 200704, ""min_pixels"": 200704}, ""requested_frame_fractions"": [0.1, 0.37, 0.63, 0.9], ""resize_interpolation"": ""OpenCV INTER_AREA"", ""sample_id"": ""Gen-2/Unique desert landscapes, with dunes sculpted by the wind.mp4"", ""selected_frame_positions"": [10, 35, 60, 86], ""source_file_bytes"": 2739910, ""source_fps_used"": 24.0, ""source_frame_count"": 96, ""video_path"": ""/DATA/DATA1/lixinyue/xyli/data/LGVQ/videos/Gen-2/Unique desert landscapes, with dunes sculpted by the wind.mp4""}"
88,Gen-2/Various fruit trees grow in the countryside.mp4,73.3,64.58779907226562,88,1,"[10, 35, 60, 86]","{""center_crop_fraction_of_short_side"": 0.65, ""container_reported_size_wh"": [1408, 768], ""decoded_frames"": [{""center_crop_xywh"": [454, 134, 499, 499], ""decoded_size_wh"": [1408, 768], ""frame_position"": 10, ""resize_output_size_wh"": [448, 448]}, {""center_crop_xywh"": [454, 134, 499, 499], ""decoded_size_wh"": [1408, 768], ""frame_position"": 35, ""resize_output_size_wh"": [448, 448]}, {""center_crop_xywh"": [454, 134, 499, 499], ""decoded_size_wh"": [1408, 768], ""frame_position"": 60, ""resize_output_size_wh"": [448, 448]}, {""center_crop_xywh"": [454, 134, 499, 499], ""decoded_size_wh"": [1408, 768], ""frame_position"": 86, ""resize_output_size_wh"": [448, 448]}], ""processor_pixel_constraint"": {""max_pixels"": 200704, ""min_pixels"": 200704}, ""requested_frame_fractions"": [0.1, 0.37, 0.63, 0.9], ""resize_interpolation"": ""OpenCV INTER_AREA"", ""sample_id"": ""Gen-2/Various fruit trees grow in the countryside.mp4"", ""selected_frame_positions"": [10, 35, 60, 86], ""source_file_bytes"": 7608392, ""source_fps_used"": 24.0, ""source_frame_count"": 96, ""video_path"": ""/DATA/DATA1/lixinyue/xyli/data/LGVQ/videos/Gen-2/Various fruit trees grow in the countryside.mp4""}"
89,Gen-2/Vendors at the market display fresh fruits and vegetables.mp4,61.18,53.40693283081055,89,1,"[10, 35, 60, 86]","{""center_crop_fraction_of_short_side"": 0.65, ""container_reported_size_wh"": [1408, 768], ""decoded_frames"": [{""center_crop_xywh"": [454, 134, 499, 499], ""decoded_size_wh"": [1408, 768], ""frame_position"": 10, ""resize_output_size_wh"": [448, 448]}, {""center_crop_xywh"": [454, 134, 499, 499], ""decoded_size_wh"": [1408, 768], ""frame_position"": 35, ""resize_output_size_wh"": [448, 448]}, {""center_crop_xywh"": [454, 134, 499, 499], ""decoded_size_wh"": [1408, 768], ""frame_position"": 60, ""resize_output_size_wh"": [448, 448]}, {""center_crop_xywh"": [454, 134, 499, 499], ""decoded_size_wh"": [1408, 768], ""frame_position"": 86, ""resize_output_size_wh"": [448, 448]}], ""processor_pixel_constraint"": {""max_pixels"": 200704, ""min_pixels"": 200704}, ""requested_frame_fractions"": [0.1, 0.37, 0.63, 0.9], ""resize_interpolation"": ""OpenCV INTER_AREA"", ""sample_id"": ""Gen-2/Vendors at the market display fresh fruits and vegetables.mp4"", ""selected_frame_positions"": [10, 35, 60, 86], ""source_file_bytes"": 2607989, ""source_fps_used"": 24.0, ""source_frame_count"": 96, ""video_path"": ""/DATA/DATA1/lixinyue/xyli/data/LGVQ/videos/Gen-2/Vendors at the market display fresh fruits and vegetables.mp4""}"
90,Gen-2/Visitors get information at the park's visitor center.mp4,73.39,62.86139678955078,90,1,"[10, 35, 60, 86]","{""center_crop_fraction_of_short_side"": 0.65, ""container_reported_size_wh"": [1408, 768], ""decoded_frames"": [{""center_crop_xywh"": [454, 134, 499, 499], ""decoded_size_wh"": [1408, 768], ""frame_position"": 10, ""resize_output_size_wh"": [448, 448]}, {""center_crop_xywh"": [454, 134, 499, 499], ""decoded_size_wh"": [1408, 768], ""frame_position"": 35, ""resize_output_size_wh"": [448, 448]}, {""center_crop_xywh"": [454, 134, 499, 499], ""decoded_size_wh"": [1408, 768], ""frame_position"": 60, ""resize_output_size_wh"": [448, 448]}, {""center_crop_xywh"": [454, 134, 499, 499], ""decoded_size_wh"": [1408, 768], ""frame_position"": 86, ""resize_output_size_wh"": [448, 448]}], ""processor_pixel_constraint"": {""max_pixels"": 200704, ""min_pixels"": 200704}, ""requested_frame_fractions"": [0.1, 0.37, 0.63, 0.9], ""resize_interpolation"": ""OpenCV INTER_AREA"", ""sample_id"": ""Gen-2/Visitors get information at the park's visitor center.mp4"", ""selected_frame_positions"": [10, 35, 60, 86], ""source_file_bytes"": 3680509, ""source_fps_used"": 24.0, ""source_frame_count"": 96, ""video_path"": ""/DATA/DATA1/lixinyue/xyli/data/LGVQ/videos/Gen-2/Visitors get information at the park's visitor center.mp4""}"
91,"Gen-2/Wandering through a forest path, surrounded by emerald greenery.mp4",67.59,72.10187530517578,91,1,"[10, 35, 60, 86]","{""center_crop_fraction_of_short_side"": 0.65, ""container_reported_size_wh"": [1408, 768], ""decoded_frames"": [{""center_crop_xywh"": [454, 134, 499, 499], ""decoded_size_wh"": [1408, 768], ""frame_position"": 10, ""resize_output_size_wh"": [448, 448]}, {""center_crop_xywh"": [454, 134, 499, 499], ""decoded_size_wh"": [1408, 768], ""frame_position"": 35, ""resize_output_size_wh"": [448, 448]}, {""center_crop_xywh"": [454, 134, 499, 499], ""decoded_size_wh"": [1408, 768], ""frame_position"": 60, ""resize_output_size_wh"": [448, 448]}, {""center_crop_xywh"": [454, 134, 499, 499], ""decoded_size_wh"": [1408, 768], ""frame_position"": 86, ""resize_output_size_wh"": [448, 448]}], ""processor_pixel_constraint"": {""max_pixels"": 200704, ""min_pixels"": 200704}, ""requested_frame_fractions"": [0.1, 0.37, 0.63, 0.9], ""resize_interpolation"": ""OpenCV INTER_AREA"", ""sample_id"": ""Gen-2/Wandering through a forest path, surrounded by emerald greenery.mp4"", ""selected_frame_positions"": [10, 35, 60, 86], ""source_file_bytes"": 8340633, ""source_fps_used"": 24.0, ""source_frame_count"": 96, ""video_path"": ""/DATA/DATA1/lixinyue/xyli/data/LGVQ/videos/Gen-2/Wandering through a forest path, surrounded by emerald greenery.mp4""}"
92,"Gen-2/Willow trees by the river, swaying gently in the calming breeze.mp4",73.27,70.14202880859375,92,1,"[10, 35, 60, 86]","{""center_crop_fraction_of_short_side"": 0.65, ""container_reported_size_wh"": [1408, 768], ""decoded_frames"": [{""center_crop_xywh"": [454, 134, 499, 499], ""decoded_size_wh"": [1408, 768], ""frame_position"": 10, ""resize_output_size_wh"": [448, 448]}, {""center_crop_xywh"": [454, 134, 499, 499], ""decoded_size_wh"": [1408, 768], ""frame_position"": 35, ""resize_output_size_wh"": [448, 448]}, {""center_crop_xywh"": [454, 134, 499, 499], ""decoded_size_wh"": [1408, 768], ""frame_position"": 60, ""resize_output_size_wh"": [448, 448]}, {""center_crop_xywh"": [454, 134, 499, 499], ""decoded_size_wh"": [1408, 768], ""frame_position"": 86, ""resize_output_size_wh"": [448, 448]}], ""processor_pixel_constraint"": {""max_pixels"": 200704, ""min_pixels"": 200704}, ""requested_frame_fractions"": [0.1, 0.37, 0.63, 0.9], ""resize_interpolation"": ""OpenCV INTER_AREA"", ""sample_id"": ""Gen-2/Willow trees by the river, swaying gently in the calming breeze.mp4"", ""selected_frame_positions"": [10, 35, 60, 86], ""source_file_bytes"": 6844923, ""source_fps_used"": 24.0, ""source_frame_count"": 96, ""video_path"": ""/DATA/DATA1/lixinyue/xyli/data/LGVQ/videos/Gen-2/Willow trees by the river, swaying gently in the calming breeze.mp4""}"
93,"Hotshot-XL/A baseball player swung the bat, preparing for a home run.mp4",39.52,39.99359130859375,93,1,"[1, 3, 4, 6]","{""center_crop_fraction_of_short_side"": 0.65, ""container_reported_size_wh"": [672, 384], ""decoded_frames"": [{""center_crop_xywh"": [211, 67, 250, 250], ""decoded_size_wh"": [672, 384], ""frame_position"": 1, ""resize_output_size_wh"": [448, 448]}, {""center_crop_xywh"": [211, 67, 250, 250], ""decoded_size_wh"": [672, 384], ""frame_position"": 3, ""resize_output_size_wh"": [448, 448]}, {""center_crop_xywh"": [211, 67, 250, 250], ""decoded_size_wh"": [672, 384], ""frame_position"": 4, ""resize_output_size_wh"": [448, 448]}, {""center_crop_xywh"": [211, 67, 250, 250], ""decoded_size_wh"": [672, 384], ""frame_position"": 6, ""resize_output_size_wh"": [448, 448]}], ""processor_pixel_constraint"": {""max_pixels"": 200704, ""min_pixels"": 200704}, ""requested_frame_fractions"": [0.1, 0.37, 0.63, 0.9], ""resize_interpolation"": ""OpenCV INTER_AREA"", ""sample_id"": ""Hotshot-XL/A baseball player swung the bat, preparing for a home run.mp4"", ""selected_frame_positions"": [1, 3, 4, 6], ""source_file_bytes"": 435657, ""source_fps_used"": 4.0, ""source_frame_count"": 8, ""video_path"": ""/DATA/DATA1/lixinyue/xyli/data/LGVQ/videos/Hotshot-XL/A baseball player swung the bat, preparing for a home run.mp4""}"
94,Hotshot-XL/A bowl of hot soup is especially delicious on a cold winter day.mp4,54.21,48.92705535888672,94,1,"[1, 3, 4, 6]","{""center_crop_fraction_of_short_side"": 0.65, ""container_reported_size_wh"": [672, 384], ""decoded_frames"": [{""center_crop_xywh"": [211, 67, 250, 250], ""decoded_size_wh"": [672, 384], ""frame_position"": 1, ""resize_output_size_wh"": [448, 448]}, {""center_crop_xywh"": [211, 67, 250, 250], ""decoded_size_wh"": [672, 384], ""frame_position"": 3, ""resize_output_size_wh"": [448, 448]}, {""center_crop_xywh"": [211, 67, 250, 250], ""decoded_size_wh"": [672, 384], ""frame_position"": 4, ""resize_output_size_wh"": [448, 448]}, {""center_crop_xywh"": [211, 67, 250, 250], ""decoded_size_wh"": [672, 384], ""frame_position"": 6, ""resize_output_size_wh"": [448, 448]}], ""processor_pixel_constraint"": {""max_pixels"": 200704, ""min_pixels"": 200704}, ""requested_frame_fractions"": [0.1, 0.37, 0.63, 0.9], ""resize_interpolation"": ""OpenCV INTER_AREA"", ""sample_id"": ""Hotshot-XL/A bowl of hot soup is especially delicious on a cold winter day.mp4"", ""selected_frame_positions"": [1, 3, 4, 6], ""source_file_bytes"": 108468, ""source_fps_used"": 4.0, ""source_frame_count"": 8, ""video_path"": ""/DATA/DATA1/lixinyue/xyli/data/LGVQ/videos/Hotshot-XL/A bowl of hot soup is especially delicious on a cold winter day.mp4""}"
95,Hotshot-XL/A bowl of ramen has delicious pork and seaweed.mp4,66.41,60.01823425292969,95,1,"[1, 3, 4, 6]","{""center_crop_fraction_of_short_side"": 0.65, ""container_reported_size_wh"": [672, 384], ""decoded_frames"": [{""center_crop_xywh"": [211, 67, 250, 250], ""decoded_size_wh"": [672, 384], ""frame_position"": 1, ""resize_output_size_wh"": [448, 448]}, {""center_crop_xywh"": [211, 67, 250, 250], ""decoded_size_wh"": [672, 384], ""frame_position"": 3, ""resize_output_size_wh"": [448, 448]}, {""center_crop_xywh"": [211, 67, 250, 250], ""decoded_size_wh"": [672, 384], ""frame_position"": 4, ""resize_output_size_wh"": [448, 448]}, {""center_crop_xywh"": [211, 67, 250, 250], ""decoded_size_wh"": [672, 384], ""frame_position"": 6, ""resize_output_size_wh"": [448, 448]}], ""processor_pixel_constraint"": {""max_pixels"": 200704, ""min_pixels"": 200704}, ""requested_frame_fractions"": [0.1, 0.37, 0.63, 0.9], ""resize_interpolation"": ""OpenCV INTER_AREA"", ""sample_id"": ""Hotshot-XL/A bowl of ramen has delicious pork and seaweed.mp4"", ""selected_frame_positions"": [1, 3, 4, 6], ""source_file_bytes"": 204835, ""source_fps_used"": 4.0, ""source_frame_count"": 8, ""video_path"": ""/DATA/DATA1/lixinyue/xyli/data/LGVQ/videos/Hotshot-XL/A bowl of ramen has delicious pork and seaweed.mp4""}"
96,Hotshot-XL/A bowl of rich French onion soup emanates an enticing aroma.mp4,62.41,57.404510498046875,96,1,"[1, 3, 4, 6]","{""center_crop_fraction_of_short_side"": 0.65, ""container_reported_size_wh"": [672, 384], ""decoded_frames"": [{""center_crop_xywh"": [211, 67, 250, 250], ""decoded_size_wh"": [672, 384], ""frame_position"": 1, ""resize_output_size_wh"": [448, 448]}, {""center_crop_xywh"": [211, 67, 250, 250], ""decoded_size_wh"": [672, 384], ""frame_position"": 3, ""resize_output_size_wh"": [448, 448]}, {""center_crop_xywh"": [211, 67, 250, 250], ""decoded_size_wh"": [672, 384], ""frame_position"": 4, ""resize_output_size_wh"": [448, 448]}, {""center_crop_xywh"": [211, 67, 250, 250], ""decoded_size_wh"": [672, 384], ""frame_position"": 6, ""resize_output_size_wh"": [448, 448]}], ""processor_pixel_constraint"": {""max_pixels"": 200704, ""min_pixels"": 200704}, ""requested_frame_fractions"": [0.1, 0.37, 0.63, 0.9], ""resize_interpolation"": ""OpenCV INTER_AREA"", ""sample_id"": ""Hotshot-XL/A bowl of rich French onion soup emanates an enticing aroma.mp4"", ""selected_frame_positions"": [1, 3, 4, 6], ""source_file_bytes"": 102740, ""source_fps_used"": 4.0, ""source_frame_count"": 8, ""video_path"": ""/DATA/DATA1/lixinyue/xyli/data/LGVQ/videos/Hotshot-XL/A bowl of rich French onion soup emanates an enticing aroma.mp4""}"
97,Hotshot-XL/A bowl of spicy Mexican chili is very delicious.mp4,66.38,52.33219909667969,97,1,"[1, 3, 4, 6]","{""center_crop_fraction_of_short_side"": 0.65, ""container_reported_size_wh"": [672, 384], ""decoded_frames"": [{""center_crop_xywh"": [211, 67, 250, 250], ""decoded_size_wh"": [672, 384], ""frame_position"": 1, ""resize_output_size_wh"": [448, 448]}, {""center_crop_xywh"": [211, 67, 250, 250], ""decoded_size_wh"": [672, 384], ""frame_position"": 3, ""resize_output_size_wh"": [448, 448]}, {""center_crop_xywh"": [211, 67, 250, 250], ""decoded_size_wh"": [672, 384], ""frame_position"": 4, ""resize_output_size_wh"": [448, 448]}, {""center_crop_xywh"": [211, 67, 250, 250], ""decoded_size_wh"": [672, 384], ""frame_position"": 6, ""resize_output_size_wh"": [448, 448]}], ""processor_pixel_constraint"": {""max_pixels"": 200704, ""min_pixels"": 200704}, ""requested_frame_fractions"": [0.1, 0.37, 0.63, 0.9], ""resize_interpolation"": ""OpenCV INTER_AREA"", ""sample_id"": ""Hotshot-XL/A bowl of spicy Mexican chili is very delicious.mp4"", ""selected_frame_positions"": [1, 3, 4, 6], ""source_file_bytes"": 282958, ""source_fps_used"": 4.0, ""source_frame_count"": 8, ""video_path"": ""/DATA/DATA1/lixinyue/xyli/data/LGVQ/videos/Hotshot-XL/A bowl of spicy Mexican chili is very delicious.mp4""}"
98,Hotshot-XL/A butterfly gracefully dances among the flowers.mp4,54.1,56.830787658691406,98,1,"[1, 3, 4, 6]","{""center_crop_fraction_of_short_side"": 0.65, ""container_reported_size_wh"": [672, 384], ""decoded_frames"": [{""center_crop_xywh"": [211, 67, 250, 250], ""decoded_size_wh"": [672, 384], ""frame_position"": 1, ""resize_output_size_wh"": [448, 448]}, {""center_crop_xywh"": [211, 67, 250, 250], ""decoded_size_wh"": [672, 384], ""frame_position"": 3, ""resize_output_size_wh"": [448, 448]}, {""center_crop_xywh"": [211, 67, 250, 250], ""decoded_size_wh"": [672, 384], ""frame_position"": 4, ""resize_output_size_wh"": [448, 448]}, {""center_crop_xywh"": [211, 67, 250, 250], ""decoded_size_wh"": [672, 384], ""frame_position"": 6, ""resize_output_size_wh"": [448, 448]}], ""processor_pixel_constraint"": {""max_pixels"": 200704, ""min_pixels"": 200704}, ""requested_frame_fractions"": [0.1, 0.37, 0.63, 0.9], ""resize_interpolation"": ""OpenCV INTER_AREA"", ""sample_id"": ""Hotshot-XL/A butterfly gracefully dances among the flowers.mp4"", ""selected_frame_positions"": [1, 3, 4, 6], ""source_file_bytes"": 307761, ""source_fps_used"": 4.0, ""source_frame_count"": 8, ""video_path"": ""/DATA/DATA1/lixinyue/xyli/data/LGVQ/videos/Hotshot-XL/A butterfly gracefully dances among the flowers.mp4""}"
99,Hotshot-XL/A cactus thrives in the harsh desert.mp4,51.43,54.837501525878906,99,1,"[1, 3, 4, 6]","{""center_crop_fraction_of_short_side"": 0.65, ""container_reported_size_wh"": [672, 384], ""decoded_frames"": [{""center_crop_xywh"": [211, 67, 250, 250], ""decoded_size_wh"": [672, 384], ""frame_position"": 1, ""resize_output_size_wh"": [448, 448]}, {""center_crop_xywh"": [211, 67, 250, 250], ""decoded_size_wh"": [672, 384], ""frame_position"": 3, ""resize_output_size_wh"": [448, 448]}, {""center_crop_xywh"": [211, 67, 250, 250], ""decoded_size_wh"": [672, 384], ""frame_position"": 4, ""resize_output_size_wh"": [448, 448]}, {""center_crop_xywh"": [211, 67, 250, 250], ""decoded_size_wh"": [672, 384], ""frame_position"": 6, ""resize_output_size_wh"": [448, 448]}], ""processor_pixel_constraint"": {""max_pixels"": 200704, ""min_pixels"": 200704}, ""requested_frame_fractions"": [0.1, 0.37, 0.63, 0.9], ""resize_interpolation"": ""OpenCV INTER_AREA"", ""sample_id"": ""Hotshot-XL/A cactus thrives in the harsh desert.mp4"", ""selected_frame_positions"": [1, 3, 4, 6], ""source_file_bytes"": 498689, ""source_fps_used"": 4.0, ""source_frame_count"": 8, ""video_path"": ""/DATA/DATA1/lixinyue/xyli/data/LGVQ/videos/Hotshot-XL/A cactus thrives in the harsh desert.mp4""}"
100,"Hotshot-XL/A couple walks hand in hand on the beach, listening to the sound of the waves.mp4",56.98,56.069358825683594,100,1,"[1, 3, 4, 6]","{""center_crop_fraction_of_short_side"": 0.65, ""container_reported_size_wh"": [672, 384], ""decoded_frames"": [{""center_crop_xywh"": [211, 67, 250, 250], ""decoded_size_wh"": [672, 384], ""frame_position"": 1, ""resize_output_size_wh"": [448, 448]}, {""center_crop_xywh"": [211, 67, 250, 250], ""decoded_size_wh"": [672, 384], ""frame_position"": 3, ""resize_output_size_wh"": [448, 448]}, {""center_crop_xywh"": [211, 67, 250, 250], ""decoded_size_wh"": [672, 384], ""frame_position"": 4, ""resize_output_size_wh"": [448, 448]}, {""center_crop_xywh"": [211, 67, 250, 250], ""decoded_size_wh"": [672, 384], ""frame_position"": 6, ""resize_output_size_wh"": [448, 448]}], ""processor_pixel_constraint"": {""max_pixels"": 200704, ""min_pixels"": 200704}, ""requested_frame_fractions"": [0.1, 0.37, 0.63, 0.9], ""resize_interpolation"": ""OpenCV INTER_AREA"", ""sample_id"": ""Hotshot-XL/A couple walks hand in hand on the beach, listening to the sound of the waves.mp4"", ""selected_frame_positions"": [1, 3, 4, 6], ""source_file_bytes"": 203140, ""source_fps_used"": 4.0, ""source_frame_count"": 8, ""video_path"": ""/DATA/DATA1/lixinyue/xyli/data/LGVQ/videos/Hotshot-XL/A couple walks hand in hand on the beach, listening to the sound of the waves.mp4""}"
101,Hotshot-XL/A cup of hot chocolate is fragrant.mp4,62.26,53.495567321777344,101,1,"[1, 3, 4, 6]","{""center_crop_fraction_of_short_side"": 0.65, ""container_reported_size_wh"": [672, 384], ""decoded_frames"": [{""center_crop_xywh"": [211, 67, 250, 250], ""decoded_size_wh"": [672, 384], ""frame_position"": 1, ""resize_output_size_wh"": [448, 448]}, {""center_crop_xywh"": [211, 67, 250, 250], ""decoded_size_wh"": [672, 384], ""frame_position"": 3, ""resize_output_size_wh"": [448, 448]}, {""center_crop_xywh"": [211, 67, 250, 250], ""decoded_size_wh"": [672, 384], ""frame_position"": 4, ""resize_output_size_wh"": [448, 448]}, {""center_crop_xywh"": [211, 67, 250, 250], ""decoded_size_wh"": [672, 384], ""frame_position"": 6, ""resize_output_size_wh"": [448, 448]}], ""processor_pixel_constraint"": {""max_pixels"": 200704, ""min_pixels"": 200704}, ""requested_frame_fractions"": [0.1, 0.37, 0.63, 0.9], ""resize_interpolation"": ""OpenCV INTER_AREA"", ""sample_id"": ""Hotshot-XL/A cup of hot chocolate is fragrant.mp4"", ""selected_frame_positions"": [1, 3, 4, 6], ""source_file_bytes"": 102934, ""source_fps_used"": 4.0, ""source_frame_count"": 8, ""video_path"": ""/DATA/DATA1/lixinyue/xyli/data/LGVQ/videos/Hotshot-XL/A cup of hot chocolate is fragrant.mp4""}"
102,Hotshot-XL/A daffodil sways in the spring breeze.mp4,51.55,47.65081787109375,102,1,"[1, 3, 4, 6]","{""center_crop_fraction_of_short_side"": 0.65, ""container_reported_size_wh"": [672, 384], ""decoded_frames"": [{""center_crop_xywh"": [211, 67, 250, 250], ""decoded_size_wh"": [672, 384], ""frame_position"": 1, ""resize_output_size_wh"": [448, 448]}, {""center_crop_xywh"": [211, 67, 250, 250], ""decoded_size_wh"": [672, 384], ""frame_position"": 3, ""resize_output_size_wh"": [448, 448]}, {""center_crop_xywh"": [211, 67, 250, 250], ""decoded_size_wh"": [672, 384], ""frame_position"": 4, ""resize_output_size_wh"": [448, 448]}, {""center_crop_xywh"": [211, 67, 250, 250], ""decoded_size_wh"": [672, 384], ""frame_position"": 6, ""resize_output_size_wh"": [448, 448]}], ""processor_pixel_constraint"": {""max_pixels"": 200704, ""min_pixels"": 200704}, ""requested_frame_fractions"": [0.1, 0.37, 0.63, 0.9], ""resize_interpolation"": ""OpenCV INTER_AREA"", ""sample_id"": ""Hotshot-XL/A daffodil sways in the spring breeze.mp4"", ""selected_frame_positions"": [1, 3, 4, 6], ""source_file_bytes"": 84131, ""source_fps_used"": 4.0, ""source_frame_count"": 8, ""video_path"": ""/DATA/DATA1/lixinyue/xyli/data/LGVQ/videos/Hotshot-XL/A daffodil sways in the spring breeze.mp4""}"
103,Hotshot-XL/A designer creates fashionable clothing designs.mp4,60.23,56.858245849609375,103,1,"[1, 3, 4, 6]","{""center_crop_fraction_of_short_side"": 0.65, ""container_reported_size_wh"": [672, 384], ""decoded_frames"": [{""center_crop_xywh"": [211, 67, 250, 250], ""decoded_size_wh"": [672, 384], ""frame_position"": 1, ""resize_output_size_wh"": [448, 448]}, {""center_crop_xywh"": [211, 67, 250, 250], ""decoded_size_wh"": [672, 384], ""frame_position"": 3, ""resize_output_size_wh"": [448, 448]}, {""center_crop_xywh"": [211, 67, 250, 250], ""decoded_size_wh"": [672, 384], ""frame_position"": 4, ""resize_output_size_wh"": [448, 448]}, {""center_crop_xywh"": [211, 67, 250, 250], ""decoded_size_wh"": [672, 384], ""frame_position"": 6, ""resize_output_size_wh"": [448, 448]}], ""processor_pixel_constraint"": {""max_pixels"": 200704, ""min_pixels"": 200704}, ""requested_frame_fractions"": [0.1, 0.37, 0.63, 0.9], ""resize_interpolation"": ""OpenCV INTER_AREA"", ""sample_id"": ""Hotshot-XL/A designer creates fashionable clothing designs.mp4"", ""selected_frame_positions"": [1, 3, 4, 6], ""source_file_bytes"": 128585, ""source_fps_used"": 4.0, ""source_frame_count"": 8, ""video_path"": ""/DATA/DATA1/lixinyue/xyli/data/LGVQ/videos/Hotshot-XL/A designer creates fashionable clothing designs.mp4""}"
104,Hotshot-XL/A diver is exploring the underwater world under the coral reef.mp4,56.93,54.77698516845703,104,1,"[1, 3, 4, 6]","{""center_crop_fraction_of_short_side"": 0.65, ""container_reported_size_wh"": [672, 384], ""decoded_frames"": [{""center_crop_xywh"": [211, 67, 250, 250], ""decoded_size_wh"": [672, 384], ""frame_position"": 1, ""resize_output_size_wh"": [448, 448]}, {""center_crop_xywh"": [211, 67, 250, 250], ""decoded_size_wh"": [672, 384], ""frame_position"": 3, ""resize_output_size_wh"": [448, 448]}, {""center_crop_xywh"": [211, 67, 250, 250], ""decoded_size_wh"": [672, 384], ""frame_position"": 4, ""resize_output_size_wh"": [448, 448]}, {""center_crop_xywh"": [211, 67, 250, 250], ""decoded_size_wh"": [672, 384], ""frame_position"": 6, ""resize_output_size_wh"": [448, 448]}], ""processor_pixel_constraint"": {""max_pixels"": 200704, ""min_pixels"": 200704}, ""requested_frame_fractions"": [0.1, 0.37, 0.63, 0.9], ""resize_interpolation"": ""OpenCV INTER_AREA"", ""sample_id"": ""Hotshot-XL/A diver is exploring the underwater world under the coral reef.mp4"", ""selected_frame_positions"": [1, 3, 4, 6], ""source_file_bytes"": 507392, ""source_fps_used"": 4.0, ""source_frame_count"": 8, ""video_path"": ""/DATA/DATA1/lixinyue/xyli/data/LGVQ/videos/Hotshot-XL/A diver is exploring the underwater world under the coral reef.mp4""}"
105,Hotshot-XL/A doctor cares for patients in the hospital.mp4,47.38,60.41100311279297,105,1,"[1, 3, 4, 6]","{""center_crop_fraction_of_short_side"": 0.65, ""container_reported_size_wh"": [672, 384], ""decoded_frames"": [{""center_crop_xywh"": [211, 67, 250, 250], ""decoded_size_wh"": [672, 384], ""frame_position"": 1, ""resize_output_size_wh"": [448, 448]}, {""center_crop_xywh"": [211, 67, 250, 250], ""decoded_size_wh"": [672, 384], ""frame_position"": 3, ""resize_output_size_wh"": [448, 448]}, {""center_crop_xywh"": [211, 67, 250, 250], ""decoded_size_wh"": [672, 384], ""frame_position"": 4, ""resize_output_size_wh"": [448, 448]}, {""center_crop_xywh"": [211, 67, 250, 250], ""decoded_size_wh"": [672, 384], ""frame_position"": 6, ""resize_output_size_wh"": [448, 448]}], ""processor_pixel_constraint"": {""max_pixels"": 200704, ""min_pixels"": 200704}, ""requested_frame_fractions"": [0.1, 0.37, 0.63, 0.9], ""resize_interpolation"": ""OpenCV INTER_AREA"", ""sample_id"": ""Hotshot-XL/A doctor cares for patients in the hospital.mp4"", ""selected_frame_positions"": [1, 3, 4, 6], ""source_file_bytes"": 137092, ""source_fps_used"": 4.0, ""source_frame_count"": 8, ""video_path"": ""/DATA/DATA1/lixinyue/xyli/data/LGVQ/videos/Hotshot-XL/A doctor cares for patients in the hospital.mp4""}"
106,Hotshot-XL/A doctor is carefully examining a patient's body.mp4,47.55,54.68142318725586,106,1,"[1, 3, 4, 6]","{""center_crop_fraction_of_short_side"": 0.65, ""container_reported_size_wh"": [672, 384], ""decoded_frames"": [{""center_crop_xywh"": [211, 67, 250, 250], ""decoded_size_wh"": [672, 384], ""frame_position"": 1, ""resize_output_size_wh"": [448, 448]}, {""center_crop_xywh"": [211, 67, 250, 250], ""decoded_size_wh"": [672, 384], ""frame_position"": 3, ""resize_output_size_wh"": [448, 448]}, {""center_crop_xywh"": [211, 67, 250, 250], ""decoded_size_wh"": [672, 384], ""frame_position"": 4, ""resize_output_size_wh"": [448, 448]}, {""center_crop_xywh"": [211, 67, 250, 250], ""decoded_size_wh"": [672, 384], ""frame_position"": 6, ""resize_output_size_wh"": [448, 448]}], ""processor_pixel_constraint"": {""max_pixels"": 200704, ""min_pixels"": 200704}, ""requested_frame_fractions"": [0.1, 0.37, 0.63, 0.9], ""resize_interpolation"": ""OpenCV INTER_AREA"", ""sample_id"": ""Hotshot-XL/A doctor is carefully examining a patient's body.mp4"", ""selected_frame_positions"": [1, 3, 4, 6], ""source_file_bytes"": 114975, ""source_fps_used"": 4.0, ""source_frame_count"": 8, ""video_path"": ""/DATA/DATA1/lixinyue/xyli/data/LGVQ/videos/Hotshot-XL/A doctor is carefully examining a patient's body.mp4""}"
107,Hotshot-XL/A family goes to the movies on the weekend.mp4,48.81,53.241249084472656,107,1,"[1, 3, 4, 6]","{""center_crop_fraction_of_short_side"": 0.65, ""container_reported_size_wh"": [672, 384], ""decoded_frames"": [{""center_crop_xywh"": [211, 67, 250, 250], ""decoded_size_wh"": [672, 384], ""frame_position"": 1, ""resize_output_size_wh"": [448, 448]}, {""center_crop_xywh"": [211, 67, 250, 250], ""decoded_size_wh"": [672, 384], ""frame_position"": 3, ""resize_output_size_wh"": [448, 448]}, {""center_crop_xywh"": [211, 67, 250, 250], ""decoded_size_wh"": [672, 384], ""frame_position"": 4, ""resize_output_size_wh"": [448, 448]}, {""center_crop_xywh"": [211, 67, 250, 250], ""decoded_size_wh"": [672, 384], ""frame_position"": 6, ""resize_output_size_wh"": [448, 448]}], ""processor_pixel_constraint"": {""max_pixels"": 200704, ""min_pixels"": 200704}, ""requested_frame_fractions"": [0.1, 0.37, 0.63, 0.9], ""resize_interpolation"": ""OpenCV INTER_AREA"", ""sample_id"": ""Hotshot-XL/A family goes to the movies on the weekend.mp4"", ""selected_frame_positions"": [1, 3, 4, 6], ""source_file_bytes"": 116683, ""source_fps_used"": 4.0, ""source_frame_count"": 8, ""video_path"": ""/DATA/DATA1/lixinyue/xyli/data/LGVQ/videos/Hotshot-XL/A family goes to the movies on the weekend.mp4""}"
108,Hotshot-XL/A field of dandelions lines the side of a rural road.mp4,60.47,63.97718048095703,108,1,"[1, 3, 4, 6]","{""center_crop_fraction_of_short_side"": 0.65, ""container_reported_size_wh"": [672, 384], ""decoded_frames"": [{""center_crop_xywh"": [211, 67, 250, 250], ""decoded_size_wh"": [672, 384], ""frame_position"": 1, ""resize_output_size_wh"": [448, 448]}, {""center_crop_xywh"": [211, 67, 250, 250], ""decoded_size_wh"": [672, 384], ""frame_position"": 3, ""resize_output_size_wh"": [448, 448]}, {""center_crop_xywh"": [211, 67, 250, 250], ""decoded_size_wh"": [672, 384], ""frame_position"": 4, ""resize_output_size_wh"": [448, 448]}, {""center_crop_xywh"": [211, 67, 250, 250], ""decoded_size_wh"": [672, 384], ""frame_position"": 6, ""resize_output_size_wh"": [448, 448]}], ""processor_pixel_constraint"": {""max_pixels"": 200704, ""min_pixels"": 200704}, ""requested_frame_fractions"": [0.1, 0.37, 0.63, 0.9], ""resize_interpolation"": ""OpenCV INTER_AREA"", ""sample_id"": ""Hotshot-XL/A field of dandelions lines the side of a rural road.mp4"", ""selected_frame_positions"": [1, 3, 4, 6], ""source_file_bytes"": 651888, ""source_fps_used"": 4.0, ""source_frame_count"": 8, ""video_path"": ""/DATA/DATA1/lixinyue/xyli/data/LGVQ/videos/Hotshot-XL/A field of dandelions lines the side of a rural road.mp4""}"
109,Hotshot-XL/A golden field of wheat sways gently in the breeze.mp4,52.4,66.1605224609375,109,1,"[1, 3, 4, 6]","{""center_crop_fraction_of_short_side"": 0.65, ""container_reported_size_wh"": [672, 384], ""decoded_frames"": [{""center_crop_xywh"": [211, 67, 250, 250], ""decoded_size_wh"": [672, 384], ""frame_position"": 1, ""resize_output_size_wh"": [448, 448]}, {""center_crop_xywh"": [211, 67, 250, 250], ""decoded_size_wh"": [672, 384], ""frame_position"": 3, ""resize_output_size_wh"": [448, 448]}, {""center_crop_xywh"": [211, 67, 250, 250], ""decoded_size_wh"": [672, 384], ""frame_position"": 4, ""resize_output_size_wh"": [448, 448]}, {""center_crop_xywh"": [211, 67, 250, 250], ""decoded_size_wh"": [672, 384], ""frame_position"": 6, ""resize_output_size_wh"": [448, 448]}], ""processor_pixel_constraint"": {""max_pixels"": 200704, ""min_pixels"": 200704}, ""requested_frame_fractions"": [0.1, 0.37, 0.63, 0.9], ""resize_interpolation"": ""OpenCV INTER_AREA"", ""sample_id"": ""Hotshot-XL/A golden field of wheat sways gently in the breeze.mp4"", ""selected_frame_positions"": [1, 3, 4, 6], ""source_file_bytes"": 687879, ""source_fps_used"": 4.0, ""source_frame_count"": 8, ""video_path"": ""/DATA/DATA1/lixinyue/xyli/data/LGVQ/videos/Hotshot-XL/A golden field of wheat sways gently in the breeze.mp4""}"
110,Hotshot-XL/A group of villagers wash clothes by the stream.mp4,60.79,54.06919479370117,110,1,"[1, 3, 4, 6]","{""center_crop_fraction_of_short_side"": 0.65, ""container_reported_size_wh"": [672, 384], ""decoded_frames"": [{""center_crop_xywh"": [211, 67, 250, 250], ""decoded_size_wh"": [672, 384], ""frame_position"": 1, ""resize_output_size_wh"": [448, 448]}, {""center_crop_xywh"": [211, 67, 250, 250], ""decoded_size_wh"": [672, 384], ""frame_position"": 3, ""resize_output_size_wh"": [448, 448]}, {""center_crop_xywh"": [211, 67, 250, 250], ""decoded_size_wh"": [672, 384], ""frame_position"": 4, ""resize_output_size_wh"": [448, 448]}, {""center_crop_xywh"": [211, 67, 250, 250], ""decoded_size_wh"": [672, 384], ""frame_position"": 6, ""resize_output_size_wh"": [448, 448]}], ""processor_pixel_constraint"": {""max_pixels"": 200704, ""min_pixels"": 200704}, ""requested_frame_fractions"": [0.1, 0.37, 0.63, 0.9], ""resize_interpolation"": ""OpenCV INTER_AREA"", ""sample_id"": ""Hotshot-XL/A group of villagers wash clothes by the stream.mp4"", ""selected_frame_positions"": [1, 3, 4, 6], ""source_file_bytes"": 535881, ""source_fps_used"": 4.0, ""source_frame_count"": 8, ""video_path"": ""/DATA/DATA1/lixinyue/xyli/data/LGVQ/videos/Hotshot-XL/A group of villagers wash clothes by the stream.mp4""}"
111,Hotshot-XL/A hippo leisurely floats in the water.mp4,53.86,59.306549072265625,111,1,"[1, 3, 4, 6]","{""center_crop_fraction_of_short_side"": 0.65, ""container_reported_size_wh"": [672, 384], ""decoded_frames"": [{""center_crop_xywh"": [211, 67, 250, 250], ""decoded_size_wh"": [672, 384], ""frame_position"": 1, ""resize_output_size_wh"": [448, 448]}, {""center_crop_xywh"": [211, 67, 250, 250], ""decoded_size_wh"": [672, 384], ""frame_position"": 3, ""resize_output_size_wh"": [448, 448]}, {""center_crop_xywh"": [211, 67, 250, 250], ""decoded_size_wh"": [672, 384], ""frame_position"": 4, ""resize_output_size_wh"": [448, 448]}, {""center_crop_xywh"": [211, 67, 250, 250], ""decoded_size_wh"": [672, 384], ""frame_position"": 6, ""resize_output_size_wh"": [448, 448]}], ""processor_pixel_constraint"": {""max_pixels"": 200704, ""min_pixels"": 200704}, ""requested_frame_fractions"": [0.1, 0.37, 0.63, 0.9], ""resize_interpolation"": ""OpenCV INTER_AREA"", ""sample_id"": ""Hotshot-XL/A hippo leisurely floats in the water.mp4"", ""selected_frame_positions"": [1, 3, 4, 6], ""source_file_bytes"": 216619, ""source_fps_used"": 4.0, ""source_frame_count"": 8, ""video_path"": ""/DATA/DATA1/lixinyue/xyli/data/LGVQ/videos/Hotshot-XL/A hippo leisurely floats in the water.mp4""}"
112,Hotshot-XL/A kangaroo jumps across the Australian desert.mp4,48.54,50.981937408447266,112,1,"[1, 3, 4, 6]","{""center_crop_fraction_of_short_side"": 0.65, ""container_reported_size_wh"": [672, 384], ""decoded_frames"": [{""center_crop_xywh"": [211, 67, 250, 250], ""decoded_size_wh"": [672, 384], ""frame_position"": 1, ""resize_output_size_wh"": [448, 448]}, {""center_crop_xywh"": [211, 67, 250, 250], ""decoded_size_wh"": [672, 384], ""frame_position"": 3, ""resize_output_size_wh"": [448, 448]}, {""center_crop_xywh"": [211, 67, 250, 250], ""decoded_size_wh"": [672, 384], ""frame_position"": 4, ""resize_output_size_wh"": [448, 448]}, {""center_crop_xywh"": [211, 67, 250, 250], ""decoded_size_wh"": [672, 384], ""frame_position"": 6, ""resize_output_size_wh"": [448, 448]}], ""processor_pixel_constraint"": {""max_pixels"": 200704, ""min_pixels"": 200704}, ""requested_frame_fractions"": [0.1, 0.37, 0.63, 0.9], ""resize_interpolation"": ""OpenCV INTER_AREA"", ""sample_id"": ""Hotshot-XL/A kangaroo jumps across the Australian desert.mp4"", ""selected_frame_positions"": [1, 3, 4, 6], ""source_file_bytes"": 434265, ""source_fps_used"": 4.0, ""source_frame_count"": 8, ""video_path"": ""/DATA/DATA1/lixinyue/xyli/data/LGVQ/videos/Hotshot-XL/A kangaroo jumps across the Australian desert.mp4""}"
113,Hotshot-XL/A lotus leaf floats on a serene pond.mp4,62.09,62.2127685546875,113,1,"[1, 3, 4, 6]","{""center_crop_fraction_of_short_side"": 0.65, ""container_reported_size_wh"": [672, 384], ""decoded_frames"": [{""center_crop_xywh"": [211, 67, 250, 250], ""decoded_size_wh"": [672, 384], ""frame_position"": 1, ""resize_output_size_wh"": [448, 448]}, {""center_crop_xywh"": [211, 67, 250, 250], ""decoded_size_wh"": [672, 384], ""frame_position"": 3, ""resize_output_size_wh"": [448, 448]}, {""center_crop_xywh"": [211, 67, 250, 250], ""decoded_size_wh"": [672, 384], ""frame_position"": 4, ""resize_output_size_wh"": [448, 448]}, {""center_crop_xywh"": [211, 67, 250, 250], ""decoded_size_wh"": [672, 384], ""frame_position"": 6, ""resize_output_size_wh"": [448, 448]}], ""processor_pixel_constraint"": {""max_pixels"": 200704, ""min_pixels"": 200704}, ""requested_frame_fractions"": [0.1, 0.37, 0.63, 0.9], ""resize_interpolation"": ""OpenCV INTER_AREA"", ""sample_id"": ""Hotshot-XL/A lotus leaf floats on a serene pond.mp4"", ""selected_frame_positions"": [1, 3, 4, 6], ""source_file_bytes"": 178781, ""source_fps_used"": 4.0, ""source_frame_count"": 8, ""video_path"": ""/DATA/DATA1/lixinyue/xyli/data/LGVQ/videos/Hotshot-XL/A lotus leaf floats on a serene pond.mp4""}"
114,Hotshot-XL/A milkshake is garnished with fresh strawberries and cream.mp4,56.67,49.240692138671875,114,1,"[1, 3, 4, 6]","{""center_crop_fraction_of_short_side"": 0.65, ""container_reported_size_wh"": [672, 384], ""decoded_frames"": [{""center_crop_xywh"": [211, 67, 250, 250], ""decoded_size_wh"": [672, 384], ""frame_position"": 1, ""resize_output_size_wh"": [448, 448]}, {""center_crop_xywh"": [211, 67, 250, 250], ""decoded_size_wh"": [672, 384], ""frame_position"": 3, ""resize_output_size_wh"": [448, 448]}, {""center_crop_xywh"": [211, 67, 250, 250], ""decoded_size_wh"": [672, 384], ""frame_position"": 4, ""resize_output_size_wh"": [448, 448]}, {""center_crop_xywh"": [211, 67, 250, 250], ""decoded_size_wh"": [672, 384], ""frame_position"": 6, ""resize_output_size_wh"": [448, 448]}], ""processor_pixel_constraint"": {""max_pixels"": 200704, ""min_pixels"": 200704}, ""requested_frame_fractions"": [0.1, 0.37, 0.63, 0.9], ""resize_interpolation"": ""OpenCV INTER_AREA"", ""sample_id"": ""Hotshot-XL/A milkshake is garnished with fresh strawberries and cream.mp4"", ""selected_frame_positions"": [1, 3, 4, 6], ""source_file_bytes"": 67228, ""source_fps_used"": 4.0, ""source_frame_count"": 8, ""video_path"": ""/DATA/DATA1/lixinyue/xyli/data/LGVQ/videos/Hotshot-XL/A milkshake is garnished with fresh strawberries and cream.mp4""}"
115,Hotshot-XL/A painter showcases their art on an outdoor gallery.mp4,53.96,53.05469512939453,115,1,"[1, 3, 4, 6]","{""center_crop_fraction_of_short_side"": 0.65, ""container_reported_size_wh"": [672, 384], ""decoded_frames"": [{""center_crop_xywh"": [211, 67, 250, 250], ""decoded_size_wh"": [672, 384], ""frame_position"": 1, ""resize_output_size_wh"": [448, 448]}, {""center_crop_xywh"": [211, 67, 250, 250], ""decoded_size_wh"": [672, 384], ""frame_position"": 3, ""resize_output_size_wh"": [448, 448]}, {""center_crop_xywh"": [211, 67, 250, 250], ""decoded_size_wh"": [672, 384], ""frame_position"": 4, ""resize_output_size_wh"": [448, 448]}, {""center_crop_xywh"": [211, 67, 250, 250], ""decoded_size_wh"": [672, 384], ""frame_position"": 6, ""resize_output_size_wh"": [448, 448]}], ""processor_pixel_constraint"": {""max_pixels"": 200704, ""min_pixels"": 200704}, ""requested_frame_fractions"": [0.1, 0.37, 0.63, 0.9], ""resize_interpolation"": ""OpenCV INTER_AREA"", ""sample_id"": ""Hotshot-XL/A painter showcases their art on an outdoor gallery.mp4"", ""selected_frame_positions"": [1, 3, 4, 6], ""source_file_bytes"": 467975, ""source_fps_used"": 4.0, ""source_frame_count"": 8, ""video_path"": ""/DATA/DATA1/lixinyue/xyli/data/LGVQ/videos/Hotshot-XL/A painter showcases their art on an outdoor gallery.mp4""}"
116,Hotshot-XL/A peony blooms with snow-white petals.mp4,68.02,62.717506408691406,116,1,"[1, 3, 4, 6]","{""center_crop_fraction_of_short_side"": 0.65, ""container_reported_size_wh"": [672, 384], ""decoded_frames"": [{""center_crop_xywh"": [211, 67, 250, 250], ""decoded_size_wh"": [672, 384], ""frame_position"": 1, ""resize_output_size_wh"": [448, 448]}, {""center_crop_xywh"": [211, 67, 250, 250], ""decoded_size_wh"": [672, 384], ""frame_position"": 3, ""resize_output_size_wh"": [448, 448]}, {""center_crop_xywh"": [211, 67, 250, 250], ""decoded_size_wh"": [672, 384], ""frame_position"": 4, ""resize_output_size_wh"": [448, 448]}, {""center_crop_xywh"": [211, 67, 250, 250], ""decoded_size_wh"": [672, 384], ""frame_position"": 6, ""resize_output_size_wh"": [448, 448]}], ""processor_pixel_constraint"": {""max_pixels"": 200704, ""min_pixels"": 200704}, ""requested_frame_fractions"": [0.1, 0.37, 0.63, 0.9], ""resize_interpolation"": ""OpenCV INTER_AREA"", ""sample_id"": ""Hotshot-XL/A peony blooms with snow-white petals.mp4"", ""selected_frame_positions"": [1, 3, 4, 6], ""source_file_bytes"": 52317, ""source_fps_used"": 4.0, ""source_frame_count"": 8, ""video_path"": ""/DATA/DATA1/lixinyue/xyli/data/LGVQ/videos/Hotshot-XL/A peony blooms with snow-white petals.mp4""}"
117,Hotshot-XL/A pet owner walks their dog in the park.mp4,62.29,59.75426483154297,117,1,"[1, 3, 4, 6]","{""center_crop_fraction_of_short_side"": 0.65, ""container_reported_size_wh"": [672, 384], ""decoded_frames"": [{""center_crop_xywh"": [211, 67, 250, 250], ""decoded_size_wh"": [672, 384], ""frame_position"": 1, ""resize_output_size_wh"": [448, 448]}, {""center_crop_xywh"": [211, 67, 250, 250], ""decoded_size_wh"": [672, 384], ""frame_position"": 3, ""resize_output_size_wh"": [448, 448]}, {""center_crop_xywh"": [211, 67, 250, 250], ""decoded_size_wh"": [672, 384], ""frame_position"": 4, ""resize_output_size_wh"": [448, 448]}, {""center_crop_xywh"": [211, 67, 250, 250], ""decoded_size_wh"": [672, 384], ""frame_position"": 6, ""resize_output_size_wh"": [448, 448]}], ""processor_pixel_constraint"": {""max_pixels"": 200704, ""min_pixels"": 200704}, ""requested_frame_fractions"": [0.1, 0.37, 0.63, 0.9], ""resize_interpolation"": ""OpenCV INTER_AREA"", ""sample_id"": ""Hotshot-XL/A pet owner walks their dog in the park.mp4"", ""selected_frame_positions"": [1, 3, 4, 6], ""source_file_bytes"": 547287, ""source_fps_used"": 4.0, ""source_frame_count"": 8, ""video_path"": ""/DATA/DATA1/lixinyue/xyli/data/LGVQ/videos/Hotshot-XL/A pet owner walks their dog in the park.mp4""}"
118,Hotshot-XL/A photographer captures the neon lights of the city.mp4,49.94,51.09394454956055,118,1,"[1, 3, 4, 6]","{""center_crop_fraction_of_short_side"": 0.65, ""container_reported_size_wh"": [672, 384], ""decoded_frames"": [{""center_crop_xywh"": [211, 67, 250, 250], ""decoded_size_wh"": [672, 384], ""frame_position"": 1, ""resize_output_size_wh"": [448, 448]}, {""center_crop_xywh"": [211, 67, 250, 250], ""decoded_size_wh"": [672, 384], ""frame_position"": 3, ""resize_output_size_wh"": [448, 448]}, {""center_crop_xywh"": [211, 67, 250, 250], ""decoded_size_wh"": [672, 384], ""frame_position"": 4, ""resize_output_size_wh"": [448, 448]}, {""center_crop_xywh"": [211, 67, 250, 250], ""decoded_size_wh"": [672, 384], ""frame_position"": 6, ""resize_output_size_wh"": [448, 448]}], ""processor_pixel_constraint"": {""max_pixels"": 200704, ""min_pixels"": 200704}, ""requested_frame_fractions"": [0.1, 0.37, 0.63, 0.9], ""resize_interpolation"": ""OpenCV INTER_AREA"", ""sample_id"": ""Hotshot-XL/A photographer captures the neon lights of the city.mp4"", ""selected_frame_positions"": [1, 3, 4, 6], ""source_file_bytes"": 105037, ""source_fps_used"": 4.0, ""source_frame_count"": 8, ""video_path"": ""/DATA/DATA1/lixinyue/xyli/data/LGVQ/videos/Hotshot-XL/A photographer captures the neon lights of the city.mp4""}"
119,Hotshot-XL/A piece of French bread is spread with butter.mp4,66.36,50.57091522216797,119,1,"[1, 3, 4, 6]","{""center_crop_fraction_of_short_side"": 0.65, ""container_reported_size_wh"": [672, 384], ""decoded_frames"": [{""center_crop_xywh"": [211, 67, 250, 250], ""decoded_size_wh"": [672, 384], ""frame_position"": 1, ""resize_output_size_wh"": [448, 448]}, {""center_crop_xywh"": [211, 67, 250, 250], ""decoded_size_wh"": [672, 384], ""frame_position"": 3, ""resize_output_size_wh"": [448, 448]}, {""center_crop_xywh"": [211, 67, 250, 250], ""decoded_size_wh"": [672, 384], ""frame_position"": 4, ""resize_output_size_wh"": [448, 448]}, {""center_crop_xywh"": [211, 67, 250, 250], ""decoded_size_wh"": [672, 384], ""frame_position"": 6, ""resize_output_size_wh"": [448, 448]}], ""processor_pixel_constraint"": {""max_pixels"": 200704, ""min_pixels"": 200704}, ""requested_frame_fractions"": [0.1, 0.37, 0.63, 0.9], ""resize_interpolation"": ""OpenCV INTER_AREA"", ""sample_id"": ""Hotshot-XL/A piece of French bread is spread with butter.mp4"", ""selected_frame_positions"": [1, 3, 4, 6], ""source_file_bytes"": 147406, ""source_fps_used"": 4.0, ""source_frame_count"": 8, ""video_path"": ""/DATA/DATA1/lixinyue/xyli/data/LGVQ/videos/Hotshot-XL/A piece of French bread is spread with butter.mp4""}"
120,Hotshot-XL/A piece of cheesecake is covered with blueberry sauce.mp4,63.44,44.94734191894531,120,1,"[1, 3, 4, 6]","{""center_crop_fraction_of_short_side"": 0.65, ""container_reported_size_wh"": [672, 384], ""decoded_frames"": [{""center_crop_xywh"": [211, 67, 250, 250], ""decoded_size_wh"": [672, 384], ""frame_position"": 1, ""resize_output_size_wh"": [448, 448]}, {""center_crop_xywh"": [211, 67, 250, 250], ""decoded_size_wh"": [672, 384], ""frame_position"": 3, ""resize_output_size_wh"": [448, 448]}, {""center_crop_xywh"": [211, 67, 250, 250], ""decoded_size_wh"": [672, 384], ""frame_position"": 4, ""resize_output_size_wh"": [448, 448]}, {""center_crop_xywh"": [211, 67, 250, 250], ""decoded_size_wh"": [672, 384], ""frame_position"": 6, ""resize_output_size_wh"": [448, 448]}], ""processor_pixel_constraint"": {""max_pixels"": 200704, ""min_pixels"": 200704}, ""requested_frame_fractions"": [0.1, 0.37, 0.63, 0.9], ""resize_interpolation"": ""OpenCV INTER_AREA"", ""sample_id"": ""Hotshot-XL/A piece of cheesecake is covered with blueberry sauce.mp4"", ""selected_frame_positions"": [1, 3, 4, 6], ""source_file_bytes"": 149022, ""source_fps_used"": 4.0, ""source_frame_count"": 8, ""video_path"": ""/DATA/DATA1/lixinyue/xyli/data/LGVQ/videos/Hotshot-XL/A piece of cheesecake is covered with blueberry sauce.mp4""}"
121,Hotshot-XL/A pizza is topped with Italian sausage and mushrooms.mp4,62.67,49.77144241333008,121,1,"[1, 3, 4, 6]","{""center_crop_fraction_of_short_side"": 0.65, ""container_reported_size_wh"": [672, 384], ""decoded_frames"": [{""center_crop_xywh"": [211, 67, 250, 250], ""decoded_size_wh"": [672, 384], ""frame_position"": 1, ""resize_output_size_wh"": [448, 448]}, {""center_crop_xywh"": [211, 67, 250, 250], ""decoded_size_wh"": [672, 384], ""frame_position"": 3, ""resize_output_size_wh"": [448, 448]}, {""center_crop_xywh"": [211, 67, 250, 250], ""decoded_size_wh"": [672, 384], ""frame_position"": 4, ""resize_output_size_wh"": [448, 448]}, {""center_crop_xywh"": [211, 67, 250, 250], ""decoded_size_wh"": [672, 384], ""frame_position"": 6, ""resize_output_size_wh"": [448, 448]}], ""processor_pixel_constraint"": {""max_pixels"": 200704, ""min_pixels"": 200704}, ""requested_frame_fractions"": [0.1, 0.37, 0.63, 0.9], ""resize_interpolation"": ""OpenCV INTER_AREA"", ""sample_id"": ""Hotshot-XL/A pizza is topped with Italian sausage and mushrooms.mp4"", ""selected_frame_positions"": [1, 3, 4, 6], ""source_file_bytes"": 420588, ""source_fps_used"": 4.0, ""source_frame_count"": 8, ""video_path"": ""/DATA/DATA1/lixinyue/xyli/data/LGVQ/videos/Hotshot-XL/A pizza is topped with Italian sausage and mushrooms.mp4""}"
122,Hotshot-XL/A purple bellflower opens in the sunlight.mp4,63.98,57.527915954589844,122,1,"[1, 3, 4, 6]","{""center_crop_fraction_of_short_side"": 0.65, ""container_reported_size_wh"": [672, 384], ""decoded_frames"": [{""center_crop_xywh"": [211, 67, 250, 250], ""decoded_size_wh"": [672, 384], ""frame_position"": 1, ""resize_output_size_wh"": [448, 448]}, {""center_crop_xywh"": [211, 67, 250, 250], ""decoded_size_wh"": [672, 384], ""frame_position"": 3, ""resize_output_size_wh"": [448, 448]}, {""center_crop_xywh"": [211, 67, 250, 250], ""decoded_size_wh"": [672, 384], ""frame_position"": 4, ""resize_output_size_wh"": [448, 448]}, {""center_crop_xywh"": [211, 67, 250, 250], ""decoded_size_wh"": [672, 384], ""frame_position"": 6, ""resize_output_size_wh"": [448, 448]}], ""processor_pixel_constraint"": {""max_pixels"": 200704, ""min_pixels"": 200704}, ""requested_frame_fractions"": [0.1, 0.37, 0.63, 0.9], ""resize_interpolation"": ""OpenCV INTER_AREA"", ""sample_id"": ""Hotshot-XL/A purple bellflower opens in the sunlight.mp4"", ""selected_frame_positions"": [1, 3, 4, 6], ""source_file_bytes"": 161664, ""source_fps_used"": 4.0, ""source_frame_count"": 8, ""video_path"": ""/DATA/DATA1/lixinyue/xyli/data/LGVQ/videos/Hotshot-XL/A purple bellflower opens in the sunlight.mp4""}"
123,Hotshot-XL/A roasted cod fish is garnished with fresh herbs.mp4,66.7,58.70635223388672,123,1,"[1, 3, 4, 6]","{""center_crop_fraction_of_short_side"": 0.65, ""container_reported_size_wh"": [672, 384], ""decoded_frames"": [{""center_crop_xywh"": [211, 67, 250, 250], ""decoded_size_wh"": [672, 384], ""frame_position"": 1, ""resize_output_size_wh"": [448, 448]}, {""center_crop_xywh"": [211, 67, 250, 250], ""decoded_size_wh"": [672, 384], ""frame_position"": 3, ""resize_output_size_wh"": [448, 448]}, {""center_crop_xywh"": [211, 67, 250, 250], ""decoded_size_wh"": [672, 384], ""frame_position"": 4, ""resize_output_size_wh"": [448, 448]}, {""center_crop_xywh"": [211, 67, 250, 250], ""decoded_size_wh"": [672, 384], ""frame_position"": 6, ""resize_output_size_wh"": [448, 448]}], ""processor_pixel_constraint"": {""max_pixels"": 200704, ""min_pixels"": 200704}, ""requested_frame_fractions"": [0.1, 0.37, 0.63, 0.9], ""resize_interpolation"": ""OpenCV INTER_AREA"", ""sample_id"": ""Hotshot-XL/A roasted cod fish is garnished with fresh herbs.mp4"", ""selected_frame_positions"": [1, 3, 4, 6], ""source_file_bytes"": 282472, ""source_fps_used"": 4.0, ""source_frame_count"": 8, ""video_path"": ""/DATA/DATA1/lixinyue/xyli/data/LGVQ/videos/Hotshot-XL/A roasted cod fish is garnished with fresh herbs.mp4""}"
124,Hotshot-XL/A roasted salmon is presented on a plate.mp4,71.78,55.17181396484375,124,1,"[1, 3, 4, 6]","{""center_crop_fraction_of_short_side"": 0.65, ""container_reported_size_wh"": [672, 384], ""decoded_frames"": [{""center_crop_xywh"": [211, 67, 250, 250], ""decoded_size_wh"": [672, 384], ""frame_position"": 1, ""resize_output_size_wh"": [448, 448]}, {""center_crop_xywh"": [211, 67, 250, 250], ""decoded_size_wh"": [672, 384], ""frame_position"": 3, ""resize_output_size_wh"": [448, 448]}, {""center_crop_xywh"": [211, 67, 250, 250], ""decoded_size_wh"": [672, 384], ""frame_position"": 4, ""resize_output_size_wh"": [448, 448]}, {""center_crop_xywh"": [211, 67, 250, 250], ""decoded_size_wh"": [672, 384], ""frame_position"": 6, ""resize_output_size_wh"": [448, 448]}], ""processor_pixel_constraint"": {""max_pixels"": 200704, ""min_pixels"": 200704}, ""requested_frame_fractions"": [0.1, 0.37, 0.63, 0.9], ""resize_interpolation"": ""OpenCV INTER_AREA"", ""sample_id"": ""Hotshot-XL/A roasted salmon is presented on a plate.mp4"", ""selected_frame_positions"": [1, 3, 4, 6], ""source_file_bytes"": 173094, ""source_fps_used"": 4.0, ""source_frame_count"": 8, ""video_path"": ""/DATA/DATA1/lixinyue/xyli/data/LGVQ/videos/Hotshot-XL/A roasted salmon is presented on a plate.mp4""}"
125,Hotshot-XL/A salad is sprinkled with nuts and fruits.mp4,63.74,54.416683197021484,125,1,"[1, 3, 4, 6]","{""center_crop_fraction_of_short_side"": 0.65, ""container_reported_size_wh"": [672, 384], ""decoded_frames"": [{""center_crop_xywh"": [211, 67, 250, 250], ""decoded_size_wh"": [672, 384], ""frame_position"": 1, ""resize_output_size_wh"": [448, 448]}, {""center_crop_xywh"": [211, 67, 250, 250], ""decoded_size_wh"": [672, 384], ""frame_position"": 3, ""resize_output_size_wh"": [448, 448]}, {""center_crop_xywh"": [211, 67, 250, 250], ""decoded_size_wh"": [672, 384], ""frame_position"": 4, ""resize_output_size_wh"": [448, 448]}, {""center_crop_xywh"": [211, 67, 250, 250], ""decoded_size_wh"": [672, 384], ""frame_position"": 6, ""resize_output_size_wh"": [448, 448]}], ""processor_pixel_constraint"": {""max_pixels"": 200704, ""min_pixels"": 200704}, ""requested_frame_fractions"": [0.1, 0.37, 0.63, 0.9], ""resize_interpolation"": ""OpenCV INTER_AREA"", ""sample_id"": ""Hotshot-XL/A salad is sprinkled with nuts and fruits.mp4"", ""selected_frame_positions"": [1, 3, 4, 6], ""source_file_bytes"": 215156, ""source_fps_used"": 4.0, ""source_frame_count"": 8, ""video_path"": ""/DATA/DATA1/lixinyue/xyli/data/LGVQ/videos/Hotshot-XL/A salad is sprinkled with nuts and fruits.mp4""}"
126,Hotshot-XL/A sausage is grilled slightly crispy on the barbecue.mp4,66.36,52.18470001220703,126,1,"[1, 3, 4, 6]","{""center_crop_fraction_of_short_side"": 0.65, ""container_reported_size_wh"": [672, 384], ""decoded_frames"": [{""center_crop_xywh"": [211, 67, 250, 250], ""decoded_size_wh"": [672, 384], ""frame_position"": 1, ""resize_output_size_wh"": [448, 448]}, {""center_crop_xywh"": [211, 67, 250, 250], ""decoded_size_wh"": [672, 384], ""frame_position"": 3, ""resize_output_size_wh"": [448, 448]}, {""center_crop_xywh"": [211, 67, 250, 250], ""decoded_size_wh"": [672, 384], ""frame_position"": 4, ""resize_output_size_wh"": [448, 448]}, {""center_crop_xywh"": [211, 67, 250, 250], ""decoded_size_wh"": [672, 384], ""frame_position"": 6, ""resize_output_size_wh"": [448, 448]}], ""processor_pixel_constraint"": {""max_pixels"": 200704, ""min_pixels"": 200704}, ""requested_frame_fractions"": [0.1, 0.37, 0.63, 0.9], ""resize_interpolation"": ""OpenCV INTER_AREA"", ""sample_id"": ""Hotshot-XL/A sausage is grilled slightly crispy on the barbecue.mp4"", ""selected_frame_positions"": [1, 3, 4, 6], ""source_file_bytes"": 349319, ""source_fps_used"": 4.0, ""source_frame_count"": 8, ""video_path"": ""/DATA/DATA1/lixinyue/xyli/data/LGVQ/videos/Hotshot-XL/A sausage is grilled slightly crispy on the barbecue.mp4""}"
127,Hotshot-XL/A skier enjoys the thrill of skiing on a snowy mountain.mp4,53.37,61.9311637878418,127,1,"[1, 3, 4, 6]","{""center_crop_fraction_of_short_side"": 0.65, ""container_reported_size_wh"": [672, 384], ""decoded_frames"": [{""center_crop_xywh"": [211, 67, 250, 250], ""decoded_size_wh"": [672, 384], ""frame_position"": 1, ""resize_output_size_wh"": [448, 448]}, {""center_crop_xywh"": [211, 67, 250, 250], ""decoded_size_wh"": [672, 384], ""frame_position"": 3, ""resize_output_size_wh"": [448, 448]}, {""center_crop_xywh"": [211, 67, 250, 250], ""decoded_size_wh"": [672, 384], ""frame_position"": 4, ""resize_output_size_wh"": [448, 448]}, {""center_crop_xywh"": [211, 67, 250, 250], ""decoded_size_wh"": [672, 384], ""frame_position"": 6, ""resize_output_size_wh"": [448, 448]}], ""processor_pixel_constraint"": {""max_pixels"": 200704, ""min_pixels"": 200704}, ""requested_frame_fractions"": [0.1, 0.37, 0.63, 0.9], ""resize_interpolation"": ""OpenCV INTER_AREA"", ""sample_id"": ""Hotshot-XL/A skier enjoys the thrill of skiing on a snowy mountain.mp4"", ""selected_frame_positions"": [1, 3, 4, 6], ""source_file_bytes"": 145252, ""source_fps_used"": 4.0, ""source_frame_count"": 8, ""video_path"": ""/DATA/DATA1/lixinyue/xyli/data/LGVQ/videos/Hotshot-XL/A skier enjoys the thrill of skiing on a snowy mountain.mp4""}"
128,Hotshot-XL/A slice of French chocolate mousse cake brings sweet delight.mp4,51.47,57.89978790283203,128,1,"[1, 3, 4, 6]","{""center_crop_fraction_of_short_side"": 0.65, ""container_reported_size_wh"": [672, 384], ""decoded_frames"": [{""center_crop_xywh"": [211, 67, 250, 250], ""decoded_size_wh"": [672, 384], ""frame_position"": 1, ""resize_output_size_wh"": [448, 448]}, {""center_crop_xywh"": [211, 67, 250, 250], ""decoded_size_wh"": [672, 384], ""frame_position"": 3, ""resize_output_size_wh"": [448, 448]}, {""center_crop_xywh"": [211, 67, 250, 250], ""decoded_size_wh"": [672, 384], ""frame_position"": 4, ""resize_output_size_wh"": [448, 448]}, {""center_crop_xywh"": [211, 67, 250, 250], ""decoded_size_wh"": [672, 384], ""frame_position"": 6, ""resize_output_size_wh"": [448, 448]}], ""processor_pixel_constraint"": {""max_pixels"": 200704, ""min_pixels"": 200704}, ""requested_frame_fractions"": [0.1, 0.37, 0.63, 0.9], ""resize_interpolation"": ""OpenCV INTER_AREA"", ""sample_id"": ""Hotshot-XL/A slice of French chocolate mousse cake brings sweet delight.mp4"", ""selected_frame_positions"": [1, 3, 4, 6], ""source_file_bytes"": 208538, ""source_fps_used"": 4.0, ""source_frame_count"": 8, ""video_path"": ""/DATA/DATA1/lixinyue/xyli/data/LGVQ/videos/Hotshot-XL/A slice of French chocolate mousse cake brings sweet delight.mp4""}"
129,Hotshot-XL/A tennis player elegantly slid on the grass court.mp4,40.63,49.821128845214844,129,1,"[1, 3, 4, 6]","{""center_crop_fraction_of_short_side"": 0.65, ""container_reported_size_wh"": [672, 384], ""decoded_frames"": [{""center_crop_xywh"": [211, 67, 250, 250], ""decoded_size_wh"": [672, 384], ""frame_position"": 1, ""resize_output_size_wh"": [448, 448]}, {""center_crop_xywh"": [211, 67, 250, 250], ""decoded_size_wh"": [672, 384], ""frame_position"": 3, ""resize_output_size_wh"": [448, 448]}, {""center_crop_xywh"": [211, 67, 250, 250], ""decoded_size_wh"": [672, 384], ""frame_position"": 4, ""resize_output_size_wh"": [448, 448]}, {""center_crop_xywh"": [211, 67, 250, 250], ""decoded_size_wh"": [672, 384], ""frame_position"": 6, ""resize_output_size_wh"": [448, 448]}], ""processor_pixel_constraint"": {""max_pixels"": 200704, ""min_pixels"": 200704}, ""requested_frame_fractions"": [0.1, 0.37, 0.63, 0.9], ""resize_interpolation"": ""OpenCV INTER_AREA"", ""sample_id"": ""Hotshot-XL/A tennis player elegantly slid on the grass court.mp4"", ""selected_frame_positions"": [1, 3, 4, 6], ""source_file_bytes"": 55837, ""source_fps_used"": 4.0, ""source_frame_count"": 8, ""video_path"": ""/DATA/DATA1/lixinyue/xyli/data/LGVQ/videos/Hotshot-XL/A tennis player elegantly slid on the grass court.mp4""}"
130,Hotshot-XL/A tennis player made spectacular plays at the net.mp4,39.41,37.045021057128906,130,1,"[1, 3, 4, 6]","{""center_crop_fraction_of_short_side"": 0.65, ""container_reported_size_wh"": [672, 384], ""decoded_frames"": [{""center_crop_xywh"": [211, 67, 250, 250], ""decoded_size_wh"": [672, 384], ""frame_position"": 1, ""resize_output_size_wh"": [448, 448]}, {""center_crop_xywh"": [211, 67, 250, 250], ""decoded_size_wh"": [672, 384], ""frame_position"": 3, ""resize_output_size_wh"": [448, 448]}, {""center_crop_xywh"": [211, 67, 250, 250], ""decoded_size_wh"": [672, 384], ""frame_position"": 4, ""resize_output_size_wh"": [448, 448]}, {""center_crop_xywh"": [211, 67, 250, 250], ""decoded_size_wh"": [672, 384], ""frame_position"": 6, ""resize_output_size_wh"": [448, 448]}], ""processor_pixel_constraint"": {""max_pixels"": 200704, ""min_pixels"": 200704}, ""requested_frame_fractions"": [0.1, 0.37, 0.63, 0.9], ""resize_interpolation"": ""OpenCV INTER_AREA"", ""sample_id"": ""Hotshot-XL/A tennis player made spectacular plays at the net.mp4"", ""selected_frame_positions"": [1, 3, 4, 6], ""source_file_bytes"": 165618, ""source_fps_used"": 4.0, ""source_frame_count"": 8, ""video_path"": ""/DATA/DATA1/lixinyue/xyli/data/LGVQ/videos/Hotshot-XL/A tennis player made spectacular plays at the net.mp4""}"
131,Hotshot-XL/A thin pancake is spread with butter and maple syrup.mp4,60.95,60.57387924194336,131,1,"[1, 3, 4, 6]","{""center_crop_fraction_of_short_side"": 0.65, ""container_reported_size_wh"": [672, 384], ""decoded_frames"": [{""center_crop_xywh"": [211, 67, 250, 250], ""decoded_size_wh"": [672, 384], ""frame_position"": 1, ""resize_output_size_wh"": [448, 448]}, {""center_crop_xywh"": [211, 67, 250, 250], ""decoded_size_wh"": [672, 384], ""frame_position"": 3, ""resize_output_size_wh"": [448, 448]}, {""center_crop_xywh"": [211, 67, 250, 250], ""decoded_size_wh"": [672, 384], ""frame_position"": 4, ""resize_output_size_wh"": [448, 448]}, {""center_crop_xywh"": [211, 67, 250, 250], ""decoded_size_wh"": [672, 384], ""frame_position"": 6, ""resize_output_size_wh"": [448, 448]}], ""processor_pixel_constraint"": {""max_pixels"": 200704, ""min_pixels"": 200704}, ""requested_frame_fractions"": [0.1, 0.37, 0.63, 0.9], ""resize_interpolation"": ""OpenCV INTER_AREA"", ""sample_id"": ""Hotshot-XL/A thin pancake is spread with butter and maple syrup.mp4"", ""selected_frame_positions"": [1, 3, 4, 6], ""source_file_bytes"": 199007, ""source_fps_used"": 4.0, ""source_frame_count"": 8, ""video_path"": ""/DATA/DATA1/lixinyue/xyli/data/LGVQ/videos/Hotshot-XL/A thin pancake is spread with butter and maple syrup.mp4""}"
132,Hotshot-XL/A water skier created splashes on the lake.mp4,62.16,44.993682861328125,132,1,"[1, 3, 4, 6]","{""center_crop_fraction_of_short_side"": 0.65, ""container_reported_size_wh"": [672, 384], ""decoded_frames"": [{""center_crop_xywh"": [211, 67, 250, 250], ""decoded_size_wh"": [672, 384], ""frame_position"": 1, ""resize_output_size_wh"": [448, 448]}, {""center_crop_xywh"": [211, 67, 250, 250], ""decoded_size_wh"": [672, 384], ""frame_position"": 3, ""resize_output_size_wh"": [448, 448]}, {""center_crop_xywh"": [211, 67, 250, 250], ""decoded_size_wh"": [672, 384], ""frame_position"": 4, ""resize_output_size_wh"": [448, 448]}, {""center_crop_xywh"": [211, 67, 250, 250], ""decoded_size_wh"": [672, 384], ""frame_position"": 6, ""resize_output_size_wh"": [448, 448]}], ""processor_pixel_constraint"": {""max_pixels"": 200704, ""min_pixels"": 200704}, ""requested_frame_fractions"": [0.1, 0.37, 0.63, 0.9], ""resize_interpolation"": ""OpenCV INTER_AREA"", ""sample_id"": ""Hotshot-XL/A water skier created splashes on the lake.mp4"", ""selected_frame_positions"": [1, 3, 4, 6], ""source_file_bytes"": 252483, ""source_fps_used"": 4.0, ""source_frame_count"": 8, ""video_path"": ""/DATA/DATA1/lixinyue/xyli/data/LGVQ/videos/Hotshot-XL/A water skier created splashes on the lake.mp4""}"
133,"Hotshot-XL/A waterfall cascades gracefully, resembling a silver thread.mp4",62.45,59.28962707519531,133,1,"[1, 3, 4, 6]","{""center_crop_fraction_of_short_side"": 0.65, ""container_reported_size_wh"": [672, 384], ""decoded_frames"": [{""center_crop_xywh"": [211, 67, 250, 250], ""decoded_size_wh"": [672, 384], ""frame_position"": 1, ""resize_output_size_wh"": [448, 448]}, {""center_crop_xywh"": [211, 67, 250, 250], ""decoded_size_wh"": [672, 384], ""frame_position"": 3, ""resize_output_size_wh"": [448, 448]}, {""center_crop_xywh"": [211, 67, 250, 250], ""decoded_size_wh"": [672, 384], ""frame_position"": 4, ""resize_output_size_wh"": [448, 448]}, {""center_crop_xywh"": [211, 67, 250, 250], ""decoded_size_wh"": [672, 384], ""frame_position"": 6, ""resize_output_size_wh"": [448, 448]}], ""processor_pixel_constraint"": {""max_pixels"": 200704, ""min_pixels"": 200704}, ""requested_frame_fractions"": [0.1, 0.37, 0.63, 0.9], ""resize_interpolation"": ""OpenCV INTER_AREA"", ""sample_id"": ""Hotshot-XL/A waterfall cascades gracefully, resembling a silver thread.mp4"", ""selected_frame_positions"": [1, 3, 4, 6], ""source_file_bytes"": 611349, ""source_fps_used"": 4.0, ""source_frame_count"": 8, ""video_path"": ""/DATA/DATA1/lixinyue/xyli/data/LGVQ/videos/Hotshot-XL/A waterfall cascades gracefully, resembling a silver thread.mp4""}"
134,Hotshot-XL/A wheat field sways gracefully in the gentle breeze.mp4,64.97,65.11141204833984,134,1,"[1, 3, 4, 6]","{""center_crop_fraction_of_short_side"": 0.65, ""container_reported_size_wh"": [672, 384], ""decoded_frames"": [{""center_crop_xywh"": [211, 67, 250, 250], ""decoded_size_wh"": [672, 384], ""frame_position"": 1, ""resize_output_size_wh"": [448, 448]}, {""center_crop_xywh"": [211, 67, 250, 250], ""decoded_size_wh"": [672, 384], ""frame_position"": 3, ""resize_output_size_wh"": [448, 448]}, {""center_crop_xywh"": [211, 67, 250, 250], ""decoded_size_wh"": [672, 384], ""frame_position"": 4, ""resize_output_size_wh"": [448, 448]}, {""center_crop_xywh"": [211, 67, 250, 250], ""decoded_size_wh"": [672, 384], ""frame_position"": 6, ""resize_output_size_wh"": [448, 448]}], ""processor_pixel_constraint"": {""max_pixels"": 200704, ""min_pixels"": 200704}, ""requested_frame_fractions"": [0.1, 0.37, 0.63, 0.9], ""resize_interpolation"": ""OpenCV INTER_AREA"", ""sample_id"": ""Hotshot-XL/A wheat field sways gracefully in the gentle breeze.mp4"", ""selected_frame_positions"": [1, 3, 4, 6], ""source_file_bytes"": 207231, ""source_fps_used"": 4.0, ""source_frame_count"": 8, ""video_path"": ""/DATA/DATA1/lixinyue/xyli/data/LGVQ/videos/Hotshot-XL/A wheat field sways gracefully in the gentle breeze.mp4""}"
135,Hotshot-XL/A white orchid grows in a potted plant.mp4,58.59,60.93004608154297,135,1,"[1, 3, 4, 6]","{""center_crop_fraction_of_short_side"": 0.65, ""container_reported_size_wh"": [672, 384], ""decoded_frames"": [{""center_crop_xywh"": [211, 67, 250, 250], ""decoded_size_wh"": [672, 384], ""frame_position"": 1, ""resize_output_size_wh"": [448, 448]}, {""center_crop_xywh"": [211, 67, 250, 250], ""decoded_size_wh"": [672, 384], ""frame_position"": 3, ""resize_output_size_wh"": [448, 448]}, {""center_crop_xywh"": [211, 67, 250, 250], ""decoded_size_wh"": [672, 384], ""frame_position"": 4, ""resize_output_size_wh"": [448, 448]}, {""center_crop_xywh"": [211, 67, 250, 250], ""decoded_size_wh"": [672, 384], ""frame_position"": 6, ""resize_output_size_wh"": [448, 448]}], ""processor_pixel_constraint"": {""max_pixels"": 200704, ""min_pixels"": 200704}, ""requested_frame_fractions"": [0.1, 0.37, 0.63, 0.9], ""resize_interpolation"": ""OpenCV INTER_AREA"", ""sample_id"": ""Hotshot-XL/A white orchid grows in a potted plant.mp4"", ""selected_frame_positions"": [1, 3, 4, 6], ""source_file_bytes"": 75395, ""source_fps_used"": 4.0, ""source_frame_count"": 8, ""video_path"": ""/DATA/DATA1/lixinyue/xyli/data/LGVQ/videos/Hotshot-XL/A white orchid grows in a potted plant.mp4""}"
136,"Hotshot-XL/A writer sits at a desk, crafting a new novel.mp4",44.89,61.05480194091797,136,1,"[1, 3, 4, 6]","{""center_crop_fraction_of_short_side"": 0.65, ""container_reported_size_wh"": [672, 384], ""decoded_frames"": [{""center_crop_xywh"": [211, 67, 250, 250], ""decoded_size_wh"": [672, 384], ""frame_position"": 1, ""resize_output_size_wh"": [448, 448]}, {""center_crop_xywh"": [211, 67, 250, 250], ""decoded_size_wh"": [672, 384], ""frame_position"": 3, ""resize_output_size_wh"": [448, 448]}, {""center_crop_xywh"": [211, 67, 250, 250], ""decoded_size_wh"": [672, 384], ""frame_position"": 4, ""resize_output_size_wh"": [448, 448]}, {""center_crop_xywh"": [211, 67, 250, 250], ""decoded_size_wh"": [672, 384], ""frame_position"": 6, ""resize_output_size_wh"": [448, 448]}], ""processor_pixel_constraint"": {""max_pixels"": 200704, ""min_pixels"": 200704}, ""requested_frame_fractions"": [0.1, 0.37, 0.63, 0.9], ""resize_interpolation"": ""OpenCV INTER_AREA"", ""sample_id"": ""Hotshot-XL/A writer sits at a desk, crafting a new novel.mp4"", ""selected_frame_positions"": [1, 3, 4, 6], ""source_file_bytes"": 161280, ""source_fps_used"": 4.0, ""source_frame_count"": 8, ""video_path"": ""/DATA/DATA1/lixinyue/xyli/data/LGVQ/videos/Hotshot-XL/A writer sits at a desk, crafting a new novel.mp4""}"
137,Hotshot-XL/An adorable little cat is napping on the windowsill.mp4,66.38,62.504852294921875,137,1,"[1, 3, 4, 6]","{""center_crop_fraction_of_short_side"": 0.65, ""container_reported_size_wh"": [672, 384], ""decoded_frames"": [{""center_crop_xywh"": [211, 67, 250, 250], ""decoded_size_wh"": [672, 384], ""frame_position"": 1, ""resize_output_size_wh"": [448, 448]}, {""center_crop_xywh"": [211, 67, 250, 250], ""decoded_size_wh"": [672, 384], ""frame_position"": 3, ""resize_output_size_wh"": [448, 448]}, {""center_crop_xywh"": [211, 67, 250, 250], ""decoded_size_wh"": [672, 384], ""frame_position"": 4, ""resize_output_size_wh"": [448, 448]}, {""center_crop_xywh"": [211, 67, 250, 250], ""decoded_size_wh"": [672, 384], ""frame_position"": 6, ""resize_output_size_wh"": [448, 448]}], ""processor_pixel_constraint"": {""max_pixels"": 200704, ""min_pixels"": 200704}, ""requested_frame_fractions"": [0.1, 0.37, 0.63, 0.9], ""resize_interpolation"": ""OpenCV INTER_AREA"", ""sample_id"": ""Hotshot-XL/An adorable little cat is napping on the windowsill.mp4"", ""selected_frame_positions"": [1, 3, 4, 6], ""source_file_bytes"": 151378, ""source_fps_used"": 4.0, ""source_frame_count"": 8, ""video_path"": ""/DATA/DATA1/lixinyue/xyli/data/LGVQ/videos/Hotshot-XL/An adorable little cat is napping on the windowsill.mp4""}"
138,Hotshot-XL/An ancient church is a landmark in the village.mp4,54.08,62.87337875366211,138,1,"[1, 3, 4, 6]","{""center_crop_fraction_of_short_side"": 0.65, ""container_reported_size_wh"": [672, 384], ""decoded_frames"": [{""center_crop_xywh"": [211, 67, 250, 250], ""decoded_size_wh"": [672, 384], ""frame_position"": 1, ""resize_output_size_wh"": [448, 448]}, {""center_crop_xywh"": [211, 67, 250, 250], ""decoded_size_wh"": [672, 384], ""frame_position"": 3, ""resize_output_size_wh"": [448, 448]}, {""center_crop_xywh"": [211, 67, 250, 250], ""decoded_size_wh"": [672, 384], ""frame_position"": 4, ""resize_output_size_wh"": [448, 448]}, {""center_crop_xywh"": [211, 67, 250, 250], ""decoded_size_wh"": [672, 384], ""frame_position"": 6, ""resize_output_size_wh"": [448, 448]}], ""processor_pixel_constraint"": {""max_pixels"": 200704, ""min_pixels"": 200704}, ""requested_frame_fractions"": [0.1, 0.37, 0.63, 0.9], ""resize_interpolation"": ""OpenCV INTER_AREA"", ""sample_id"": ""Hotshot-XL/An ancient church is a landmark in the village.mp4"", ""selected_frame_positions"": [1, 3, 4, 6], ""source_file_bytes"": 624620, ""source_fps_used"": 4.0, ""source_frame_count"": 8, ""video_path"": ""/DATA/DATA1/lixinyue/xyli/data/LGVQ/videos/Hotshot-XL/An ancient church is a landmark in the village.mp4""}"
139,Hotshot-XL/An explorer searches for adventure in the forest.mp4,56.58,58.62469482421875,139,1,"[1, 3, 4, 6]","{""center_crop_fraction_of_short_side"": 0.65, ""container_reported_size_wh"": [672, 384], ""decoded_frames"": [{""center_crop_xywh"": [211, 67, 250, 250], ""decoded_size_wh"": [672, 384], ""frame_position"": 1, ""resize_output_size_wh"": [448, 448]}, {""center_crop_xywh"": [211, 67, 250, 250], ""decoded_size_wh"": [672, 384], ""frame_position"": 3, ""resize_output_size_wh"": [448, 448]}, {""center_crop_xywh"": [211, 67, 250, 250], ""decoded_size_wh"": [672, 384], ""frame_position"": 4, ""resize_output_size_wh"": [448, 448]}, {""center_crop_xywh"": [211, 67, 250, 250], ""decoded_size_wh"": [672, 384], ""frame_position"": 6, ""resize_output_size_wh"": [448, 448]}], ""processor_pixel_constraint"": {""max_pixels"": 200704, ""min_pixels"": 200704}, ""requested_frame_fractions"": [0.1, 0.37, 0.63, 0.9], ""resize_interpolation"": ""OpenCV INTER_AREA"", ""sample_id"": ""Hotshot-XL/An explorer searches for adventure in the forest.mp4"", ""selected_frame_positions"": [1, 3, 4, 6], ""source_file_bytes"": 593510, ""source_fps_used"": 4.0, ""source_frame_count"": 8, ""video_path"": ""/DATA/DATA1/lixinyue/xyli/data/LGVQ/videos/Hotshot-XL/An explorer searches for adventure in the forest.mp4""}"
140,Hotshot-XL/An orchid blooms with deep purple flowers.mp4,57.23,43.29469299316406,140,1,"[1, 3, 4, 6]","{""center_crop_fraction_of_short_side"": 0.65, ""container_reported_size_wh"": [672, 384], ""decoded_frames"": [{""center_crop_xywh"": [211, 67, 250, 250], ""decoded_size_wh"": [672, 384], ""frame_position"": 1, ""resize_output_size_wh"": [448, 448]}, {""center_crop_xywh"": [211, 67, 250, 250], ""decoded_size_wh"": [672, 384], ""frame_position"": 3, ""resize_output_size_wh"": [448, 448]}, {""center_crop_xywh"": [211, 67, 250, 250], ""decoded_size_wh"": [672, 384], ""frame_position"": 4, ""resize_output_size_wh"": [448, 448]}, {""center_crop_xywh"": [211, 67, 250, 250], ""decoded_size_wh"": [672, 384], ""frame_position"": 6, ""resize_output_size_wh"": [448, 448]}], ""processor_pixel_constraint"": {""max_pixels"": 200704, ""min_pixels"": 200704}, ""requested_frame_fractions"": [0.1, 0.37, 0.63, 0.9], ""resize_interpolation"": ""OpenCV INTER_AREA"", ""sample_id"": ""Hotshot-XL/An orchid blooms with deep purple flowers.mp4"", ""selected_frame_positions"": [1, 3, 4, 6], ""source_file_bytes"": 366785, ""source_fps_used"": 4.0, ""source_frame_count"": 8, ""video_path"": ""/DATA/DATA1/lixinyue/xyli/data/LGVQ/videos/Hotshot-XL/An orchid blooms with deep purple flowers.mp4""}"
141,"Hotshot-XL/Blue skies and fluffy clouds, ever-changing shapes like poetry.mp4",69.22,66.91047668457031,141,1,"[1, 3, 4, 6]","{""center_crop_fraction_of_short_side"": 0.65, ""container_reported_size_wh"": [672, 384], ""decoded_frames"": [{""center_crop_xywh"": [211, 67, 250, 250], ""decoded_size_wh"": [672, 384], ""frame_position"": 1, ""resize_output_size_wh"": [448, 448]}, {""center_crop_xywh"": [211, 67, 250, 250], ""decoded_size_wh"": [672, 384], ""frame_position"": 3, ""resize_output_size_wh"": [448, 448]}, {""center_crop_xywh"": [211, 67, 250, 250], ""decoded_size_wh"": [672, 384], ""frame_position"": 4, ""resize_output_size_wh"": [448, 448]}, {""center_crop_xywh"": [211, 67, 250, 250], ""decoded_size_wh"": [672, 384], ""frame_position"": 6, ""resize_output_size_wh"": [448, 448]}], ""processor_pixel_constraint"": {""max_pixels"": 200704, ""min_pixels"": 200704}, ""requested_frame_fractions"": [0.1, 0.37, 0.63, 0.9], ""resize_interpolation"": ""OpenCV INTER_AREA"", ""sample_id"": ""Hotshot-XL/Blue skies and fluffy clouds, ever-changing shapes like poetry.mp4"", ""selected_frame_positions"": [1, 3, 4, 6], ""source_file_bytes"": 99228, ""source_fps_used"": 4.0, ""source_frame_count"": 8, ""video_path"": ""/DATA/DATA1/lixinyue/xyli/data/LGVQ/videos/Hotshot-XL/Blue skies and fluffy clouds, ever-changing shapes like poetry.mp4""}"
142,Hotshot-XL/Cherry trees in the orchard are filled with red fruit.mp4,62.29,53.220848083496094,142,1,"[1, 3, 4, 6]","{""center_crop_fraction_of_short_side"": 0.65, ""container_reported_size_wh"": [672, 384], ""decoded_frames"": [{""center_crop_xywh"": [211, 67, 250, 250], ""decoded_size_wh"": [672, 384], ""frame_position"": 1, ""resize_output_size_wh"": [448, 448]}, {""center_crop_xywh"": [211, 67, 250, 250], ""decoded_size_wh"": [672, 384], ""frame_position"": 3, ""resize_output_size_wh"": [448, 448]}, {""center_crop_xywh"": [211, 67, 250, 250], ""decoded_size_wh"": [672, 384], ""frame_position"": 4, ""resize_output_size_wh"": [448, 448]}, {""center_crop_xywh"": [211, 67, 250, 250], ""decoded_size_wh"": [672, 384], ""frame_position"": 6, ""resize_output_size_wh"": [448, 448]}], ""processor_pixel_constraint"": {""max_pixels"": 200704, ""min_pixels"": 200704}, ""requested_frame_fractions"": [0.1, 0.37, 0.63, 0.9], ""resize_interpolation"": ""OpenCV INTER_AREA"", ""sample_id"": ""Hotshot-XL/Cherry trees in the orchard are filled with red fruit.mp4"", ""selected_frame_positions"": [1, 3, 4, 6], ""source_file_bytes"": 576819, ""source_fps_used"": 4.0, ""source_frame_count"": 8, ""video_path"": ""/DATA/DATA1/lixinyue/xyli/data/LGVQ/videos/Hotshot-XL/Cherry trees in the orchard are filled with red fruit.mp4""}"
143,Hotshot-XL/Children dig sandcastles on the beach.mp4,56.7,56.055782318115234,143,1,"[1, 3, 4, 6]","{""center_crop_fraction_of_short_side"": 0.65, ""container_reported_size_wh"": [672, 384], ""decoded_frames"": [{""center_crop_xywh"": [211, 67, 250, 250], ""decoded_size_wh"": [672, 384], ""frame_position"": 1, ""resize_output_size_wh"": [448, 448]}, {""center_crop_xywh"": [211, 67, 250, 250], ""decoded_size_wh"": [672, 384], ""frame_position"": 3, ""resize_output_size_wh"": [448, 448]}, {""center_crop_xywh"": [211, 67, 250, 250], ""decoded_size_wh"": [672, 384], ""frame_position"": 4, ""resize_output_size_wh"": [448, 448]}, {""center_crop_xywh"": [211, 67, 250, 250], ""decoded_size_wh"": [672, 384], ""frame_position"": 6, ""resize_output_size_wh"": [448, 448]}], ""processor_pixel_constraint"": {""max_pixels"": 200704, ""min_pixels"": 200704}, ""requested_frame_fractions"": [0.1, 0.37, 0.63, 0.9], ""resize_interpolation"": ""OpenCV INTER_AREA"", ""sample_id"": ""Hotshot-XL/Children dig sandcastles on the beach.mp4"", ""selected_frame_positions"": [1, 3, 4, 6], ""source_file_bytes"": 339828, ""source_fps_used"": 4.0, ""source_frame_count"": 8, ""video_path"": ""/DATA/DATA1/lixinyue/xyli/data/LGVQ/videos/Hotshot-XL/Children dig sandcastles on the beach.mp4""}"
144,Hotshot-XL/Crocodiles swim leisurely in the lake.mp4,63.61,48.343605041503906,144,1,"[1, 3, 4, 6]","{""center_crop_fraction_of_short_side"": 0.65, ""container_reported_size_wh"": [672, 384], ""decoded_frames"": [{""center_crop_xywh"": [211, 67, 250, 250], ""decoded_size_wh"": [672, 384], ""frame_position"": 1, ""resize_output_size_wh"": [448, 448]}, {""center_crop_xywh"": [211, 67, 250, 250], ""decoded_size_wh"": [672, 384], ""frame_position"": 3, ""resize_output_size_wh"": [448, 448]}, {""center_crop_xywh"": [211, 67, 250, 250], ""decoded_size_wh"": [672, 384], ""frame_position"": 4, ""resize_output_size_wh"": [448, 448]}, {""center_crop_xywh"": [211, 67, 250, 250], ""decoded_size_wh"": [672, 384], ""frame_position"": 6, ""resize_output_size_wh"": [448, 448]}], ""processor_pixel_constraint"": {""max_pixels"": 200704, ""min_pixels"": 200704}, ""requested_frame_fractions"": [0.1, 0.37, 0.63, 0.9], ""resize_interpolation"": ""OpenCV INTER_AREA"", ""sample_id"": ""Hotshot-XL/Crocodiles swim leisurely in the lake.mp4"", ""selected_frame_positions"": [1, 3, 4, 6], ""source_file_bytes"": 276827, ""source_fps_used"": 4.0, ""source_frame_count"": 8, ""video_path"": ""/DATA/DATA1/lixinyue/xyli/data/LGVQ/videos/Hotshot-XL/Crocodiles swim leisurely in the lake.mp4""}"
145,Hotshot-XL/Great white sharks swim majestically in the depths of the ocean.mp4,63.73,52.8763313293457,145,1,"[1, 3, 4, 6]","{""center_crop_fraction_of_short_side"": 0.65, ""container_reported_size_wh"": [672, 384], ""decoded_frames"": [{""center_crop_xywh"": [211, 67, 250, 250], ""decoded_size_wh"": [672, 384], ""frame_position"": 1, ""resize_output_size_wh"": [448, 448]}, {""center_crop_xywh"": [211, 67, 250, 250], ""decoded_size_wh"": [672, 384], ""frame_position"": 3, ""resize_output_size_wh"": [448, 448]}, {""center_crop_xywh"": [211, 67, 250, 250], ""decoded_size_wh"": [672, 384], ""frame_position"": 4, ""resize_output_size_wh"": [448, 448]}, {""center_crop_xywh"": [211, 67, 250, 250], ""decoded_size_wh"": [672, 384], ""frame_position"": 6, ""resize_output_size_wh"": [448, 448]}], ""processor_pixel_constraint"": {""max_pixels"": 200704, ""min_pixels"": 200704}, ""requested_frame_fractions"": [0.1, 0.37, 0.63, 0.9], ""resize_interpolation"": ""OpenCV INTER_AREA"", ""sample_id"": ""Hotshot-XL/Great white sharks swim majestically in the depths of the ocean.mp4"", ""selected_frame_positions"": [1, 3, 4, 6], ""source_file_bytes"": 104668, ""source_fps_used"": 4.0, ""source_frame_count"": 8, ""video_path"": ""/DATA/DATA1/lixinyue/xyli/data/LGVQ/videos/Hotshot-XL/Great white sharks swim majestically in the depths of the ocean.mp4""}"
146,"Hotshot-XL/In a rugby match, players vied for possession of the rugby ball.mp4",46.04,44.14923858642578,146,1,"[1, 3, 4, 6]","{""center_crop_fraction_of_short_side"": 0.65, ""container_reported_size_wh"": [672, 384], ""decoded_frames"": [{""center_crop_xywh"": [211, 67, 250, 250], ""decoded_size_wh"": [672, 384], ""frame_position"": 1, ""resize_output_size_wh"": [448, 448]}, {""center_crop_xywh"": [211, 67, 250, 250], ""decoded_size_wh"": [672, 384], ""frame_position"": 3, ""resize_output_size_wh"": [448, 448]}, {""center_crop_xywh"": [211, 67, 250, 250], ""decoded_size_wh"": [672, 384], ""frame_position"": 4, ""resize_output_size_wh"": [448, 448]}, {""center_crop_xywh"": [211, 67, 250, 250], ""decoded_size_wh"": [672, 384], ""frame_position"": 6, ""resize_output_size_wh"": [448, 448]}], ""processor_pixel_constraint"": {""max_pixels"": 200704, ""min_pixels"": 200704}, ""requested_frame_fractions"": [0.1, 0.37, 0.63, 0.9], ""resize_interpolation"": ""OpenCV INTER_AREA"", ""sample_id"": ""Hotshot-XL/In a rugby match, players vied for possession of the rugby ball.mp4"", ""selected_frame_positions"": [1, 3, 4, 6], ""source_file_bytes"": 325338, ""source_fps_used"": 4.0, ""source_frame_count"": 8, ""video_path"": ""/DATA/DATA1/lixinyue/xyli/data/LGVQ/videos/Hotshot-XL/In a rugby match, players vied for possession of the rugby ball.mp4""}"
147,"Hotshot-XL/In front of a farmhouse, there is a swing.mp4",66.47,58.52470779418945,147,1,"[1, 3, 4, 6]","{""center_crop_fraction_of_short_side"": 0.65, ""container_reported_size_wh"": [672, 384], ""decoded_frames"": [{""center_crop_xywh"": [211, 67, 250, 250], ""decoded_size_wh"": [672, 384], ""frame_position"": 1, ""resize_output_size_wh"": [448, 448]}, {""center_crop_xywh"": [211, 67, 250, 250], ""decoded_size_wh"": [672, 384], ""frame_position"": 3, ""resize_output_size_wh"": [448, 448]}, {""center_crop_xywh"": [211, 67, 250, 250], ""decoded_size_wh"": [672, 384], ""frame_position"": 4, ""resize_output_size_wh"": [448, 448]}, {""center_crop_xywh"": [211, 67, 250, 250], ""decoded_size_wh"": [672, 384], ""frame_position"": 6, ""resize_output_size_wh"": [448, 448]}], ""processor_pixel_constraint"": {""max_pixels"": 200704, ""min_pixels"": 200704}, ""requested_frame_fractions"": [0.1, 0.37, 0.63, 0.9], ""resize_interpolation"": ""OpenCV INTER_AREA"", ""sample_id"": ""Hotshot-XL/In front of a farmhouse, there is a swing.mp4"", ""selected_frame_positions"": [1, 3, 4, 6], ""source_file_bytes"": 521936, ""source_fps_used"": 4.0, ""source_frame_count"": 8, ""video_path"": ""/DATA/DATA1/lixinyue/xyli/data/LGVQ/videos/Hotshot-XL/In front of a farmhouse, there is a swing.mp4""}"
148,Hotshot-XL/Military aircraft are neatly lined up on the military base.mp4,65.08,59.07014465332031,148,1,"[1, 3, 4, 6]","{""center_crop_fraction_of_short_side"": 0.65, ""container_reported_size_wh"": [672, 384], ""decoded_frames"": [{""center_crop_xywh"": [211, 67, 250, 250], ""decoded_size_wh"": [672, 384], ""frame_position"": 1, ""resize_output_size_wh"": [448, 448]}, {""center_crop_xywh"": [211, 67, 250, 250], ""decoded_size_wh"": [672, 384], ""frame_position"": 3, ""resize_output_size_wh"": [448, 448]}, {""center_crop_xywh"": [211, 67, 250, 250], ""decoded_size_wh"": [672, 384], ""frame_position"": 4, ""resize_output_size_wh"": [448, 448]}, {""center_crop_xywh"": [211, 67, 250, 250], ""decoded_size_wh"": [672, 384], ""frame_position"": 6, ""resize_output_size_wh"": [448, 448]}], ""processor_pixel_constraint"": {""max_pixels"": 200704, ""min_pixels"": 200704}, ""requested_frame_fractions"": [0.1, 0.37, 0.63, 0.9], ""resize_interpolation"": ""OpenCV INTER_AREA"", ""sample_id"": ""Hotshot-XL/Military aircraft are neatly lined up on the military base.mp4"", ""selected_frame_positions"": [1, 3, 4, 6], ""source_file_bytes"": 255474, ""source_fps_used"": 4.0, ""source_frame_count"": 8, ""video_path"": ""/DATA/DATA1/lixinyue/xyli/data/LGVQ/videos/Hotshot-XL/Military aircraft are neatly lined up on the military base.mp4""}"
149,Hotshot-XL/Parents pick up students at the bus stop.mp4,49.99,52.894676208496094,149,1,"[1, 3, 4, 6]","{""center_crop_fraction_of_short_side"": 0.65, ""container_reported_size_wh"": [672, 384], ""decoded_frames"": [{""center_crop_xywh"": [211, 67, 250, 250], ""decoded_size_wh"": [672, 384], ""frame_position"": 1, ""resize_output_size_wh"": [448, 448]}, {""center_crop_xywh"": [211, 67, 250, 250], ""decoded_size_wh"": [672, 384], ""frame_position"": 3, ""resize_output_size_wh"": [448, 448]}, {""center_crop_xywh"": [211, 67, 250, 250], ""decoded_size_wh"": [672, 384], ""frame_position"": 4, ""resize_output_size_wh"": [448, 448]}, {""center_crop_xywh"": [211, 67, 250, 250], ""decoded_size_wh"": [672, 384], ""frame_position"": 6, ""resize_output_size_wh"": [448, 448]}], ""processor_pixel_constraint"": {""max_pixels"": 200704, ""min_pixels"": 200704}, ""requested_frame_fractions"": [0.1, 0.37, 0.63, 0.9], ""resize_interpolation"": ""OpenCV INTER_AREA"", ""sample_id"": ""Hotshot-XL/Parents pick up students at the bus stop.mp4"", ""selected_frame_positions"": [1, 3, 4, 6], ""source_file_bytes"": 353720, ""source_fps_used"": 4.0, ""source_frame_count"": 8, ""video_path"": ""/DATA/DATA1/lixinyue/xyli/data/LGVQ/videos/Hotshot-XL/Parents pick up students at the bus stop.mp4""}"
150,Hotshot-XL/People sunbathe on the lawn.mp4,64.77,55.094200134277344,150,1,"[1, 3, 4, 6]","{""center_crop_fraction_of_short_side"": 0.65, ""container_reported_size_wh"": [672, 384], ""decoded_frames"": [{""center_crop_xywh"": [211, 67, 250, 250], ""decoded_size_wh"": [672, 384], ""frame_position"": 1, ""resize_output_size_wh"": [448, 448]}, {""center_crop_xywh"": [211, 67, 250, 250], ""decoded_size_wh"": [672, 384], ""frame_position"": 3, ""resize_output_size_wh"": [448, 448]}, {""center_crop_xywh"": [211, 67, 250, 250], ""decoded_size_wh"": [672, 384], ""frame_position"": 4, ""resize_output_size_wh"": [448, 448]}, {""center_crop_xywh"": [211, 67, 250, 250], ""decoded_size_wh"": [672, 384], ""frame_position"": 6, ""resize_output_size_wh"": [448, 448]}], ""processor_pixel_constraint"": {""max_pixels"": 200704, ""min_pixels"": 200704}, ""requested_frame_fractions"": [0.1, 0.37, 0.63, 0.9], ""resize_interpolation"": ""OpenCV INTER_AREA"", ""sample_id"": ""Hotshot-XL/People sunbathe on the lawn.mp4"", ""selected_frame_positions"": [1, 3, 4, 6], ""source_file_bytes"": 363242, ""source_fps_used"": 4.0, ""source_frame_count"": 8, ""video_path"": ""/DATA/DATA1/lixinyue/xyli/data/LGVQ/videos/Hotshot-XL/People sunbathe on the lawn.mp4""}"
151,Hotshot-XL/People taking a leisurely walk admire the lake view.mp4,43.35,59.346893310546875,151,1,"[1, 3, 4, 6]","{""center_crop_fraction_of_short_side"": 0.65, ""container_reported_size_wh"": [672, 384], ""decoded_frames"": [{""center_crop_xywh"": [211, 67, 250, 250], ""decoded_size_wh"": [672, 384], ""frame_position"": 1, ""resize_output_size_wh"": [448, 448]}, {""center_crop_xywh"": [211, 67, 250, 250], ""decoded_size_wh"": [672, 384], ""frame_position"": 3, ""resize_output_size_wh"": [448, 448]}, {""center_crop_xywh"": [211, 67, 250, 250], ""decoded_size_wh"": [672, 384], ""frame_position"": 4, ""resize_output_size_wh"": [448, 448]}, {""center_crop_xywh"": [211, 67, 250, 250], ""decoded_size_wh"": [672, 384], ""frame_position"": 6, ""resize_output_size_wh"": [448, 448]}], ""processor_pixel_constraint"": {""max_pixels"": 200704, ""min_pixels"": 200704}, ""requested_frame_fractions"": [0.1, 0.37, 0.63, 0.9], ""resize_interpolation"": ""OpenCV INTER_AREA"", ""sample_id"": ""Hotshot-XL/People taking a leisurely walk admire the lake view.mp4"", ""selected_frame_positions"": [1, 3, 4, 6], ""source_file_bytes"": 289990, ""source_fps_used"": 4.0, ""source_frame_count"": 8, ""video_path"": ""/DATA/DATA1/lixinyue/xyli/data/LGVQ/videos/Hotshot-XL/People taking a leisurely walk admire the lake view.mp4""}"
152,"Hotshot-XL/Plateaus surrounding lakes, embraced by peaceful and harmonious mountains.mp4",61.24,58.83171844482422,152,1,"[1, 3, 4, 6]","{""center_crop_fraction_of_short_side"": 0.65, ""container_reported_size_wh"": [672, 384], ""decoded_frames"": [{""center_crop_xywh"": [211, 67, 250, 250], ""decoded_size_wh"": [672, 384], ""frame_position"": 1, ""resize_output_size_wh"": [448, 448]}, {""center_crop_xywh"": [211, 67, 250, 250], ""decoded_size_wh"": [672, 384], ""frame_position"": 3, ""resize_output_size_wh"": [448, 448]}, {""center_crop_xywh"": [211, 67, 250, 250], ""decoded_size_wh"": [672, 384], ""frame_position"": 4, ""resize_output_size_wh"": [448, 448]}, {""center_crop_xywh"": [211, 67, 250, 250], ""decoded_size_wh"": [672, 384], ""frame_position"": 6, ""resize_output_size_wh"": [448, 448]}], ""processor_pixel_constraint"": {""max_pixels"": 200704, ""min_pixels"": 200704}, ""requested_frame_fractions"": [0.1, 0.37, 0.63, 0.9], ""resize_interpolation"": ""OpenCV INTER_AREA"", ""sample_id"": ""Hotshot-XL/Plateaus surrounding lakes, embraced by peaceful and harmonious mountains.mp4"", ""selected_frame_positions"": [1, 3, 4, 6], ""source_file_bytes"": 190166, ""source_fps_used"": 4.0, ""source_frame_count"": 8, ""video_path"": ""/DATA/DATA1/lixinyue/xyli/data/LGVQ/videos/Hotshot-XL/Plateaus surrounding lakes, embraced by peaceful and harmonious mountains.mp4""}"
153,Hotshot-XL/Purple lavender grows in the field.mp4,63.86,57.801856994628906,153,1,"[1, 3, 4, 6]","{""center_crop_fraction_of_short_side"": 0.65, ""container_reported_size_wh"": [672, 384], ""decoded_frames"": [{""center_crop_xywh"": [211, 67, 250, 250], ""decoded_size_wh"": [672, 384], ""frame_position"": 1, ""resize_output_size_wh"": [448, 448]}, {""center_crop_xywh"": [211, 67, 250, 250], ""decoded_size_wh"": [672, 384], ""frame_position"": 3, ""resize_output_size_wh"": [448, 448]}, {""center_crop_xywh"": [211, 67, 250, 250], ""decoded_size_wh"": [672, 384], ""frame_position"": 4, ""resize_output_size_wh"": [448, 448]}, {""center_crop_xywh"": [211, 67, 250, 250], ""decoded_size_wh"": [672, 384], ""frame_position"": 6, ""resize_output_size_wh"": [448, 448]}], ""processor_pixel_constraint"": {""max_pixels"": 200704, ""min_pixels"": 200704}, ""requested_frame_fractions"": [0.1, 0.37, 0.63, 0.9], ""resize_interpolation"": ""OpenCV INTER_AREA"", ""sample_id"": ""Hotshot-XL/Purple lavender grows in the field.mp4"", ""selected_frame_positions"": [1, 3, 4, 6], ""source_file_bytes"": 177948, ""source_fps_used"": 4.0, ""source_frame_count"": 8, ""video_path"": ""/DATA/DATA1/lixinyue/xyli/data/LGVQ/videos/Hotshot-XL/Purple lavender grows in the field.mp4""}"
154,Hotshot-XL/Sharks dart through the water.mp4,55.51,56.07331085205078,154,1,"[1, 3, 4, 6]","{""center_crop_fraction_of_short_side"": 0.65, ""container_reported_size_wh"": [672, 384], ""decoded_frames"": [{""center_crop_xywh"": [211, 67, 250, 250], ""decoded_size_wh"": [672, 384], ""frame_position"": 1, ""resize_output_size_wh"": [448, 448]}, {""center_crop_xywh"": [211, 67, 250, 250], ""decoded_size_wh"": [672, 384], ""frame_position"": 3, ""resize_output_size_wh"": [448, 448]}, {""center_crop_xywh"": [211, 67, 250, 250], ""decoded_size_wh"": [672, 384], ""frame_position"": 4, ""resize_output_size_wh"": [448, 448]}, {""center_crop_xywh"": [211, 67, 250, 250], ""decoded_size_wh"": [672, 384], ""frame_position"": 6, ""resize_output_size_wh"": [448, 448]}], ""processor_pixel_constraint"": {""max_pixels"": 200704, ""min_pixels"": 200704}, ""requested_frame_fractions"": [0.1, 0.37, 0.63, 0.9], ""resize_interpolation"": ""OpenCV INTER_AREA"", ""sample_id"": ""Hotshot-XL/Sharks dart through the water.mp4"", ""selected_frame_positions"": [1, 3, 4, 6], ""source_file_bytes"": 76426, ""source_fps_used"": 4.0, ""source_frame_count"": 8, ""video_path"": ""/DATA/DATA1/lixinyue/xyli/data/LGVQ/videos/Hotshot-XL/Sharks dart through the water.mp4""}"
155,Hotshot-XL/Soldiers are setting up tents in the camp.mp4,47.93,53.931304931640625,155,1,"[1, 3, 4, 6]","{""center_crop_fraction_of_short_side"": 0.65, ""container_reported_size_wh"": [672, 384], ""decoded_frames"": [{""center_crop_xywh"": [211, 67, 250, 250], ""decoded_size_wh"": [672, 384], ""frame_position"": 1, ""resize_output_size_wh"": [448, 448]}, {""center_crop_xywh"": [211, 67, 250, 250], ""decoded_size_wh"": [672, 384], ""frame_position"": 3, ""resize_output_size_wh"": [448, 448]}, {""center_crop_xywh"": [211, 67, 250, 250], ""decoded_size_wh"": [672, 384], ""frame_position"": 4, ""resize_output_size_wh"": [448, 448]}, {""center_crop_xywh"": [211, 67, 250, 250], ""decoded_size_wh"": [672, 384], ""frame_position"": 6, ""resize_output_size_wh"": [448, 448]}], ""processor_pixel_constraint"": {""max_pixels"": 200704, ""min_pixels"": 200704}, ""requested_frame_fractions"": [0.1, 0.37, 0.63, 0.9], ""resize_interpolation"": ""OpenCV INTER_AREA"", ""sample_id"": ""Hotshot-XL/Soldiers are setting up tents in the camp.mp4"", ""selected_frame_positions"": [1, 3, 4, 6], ""source_file_bytes"": 292262, ""source_fps_used"": 4.0, ""source_frame_count"": 8, ""video_path"": ""/DATA/DATA1/lixinyue/xyli/data/LGVQ/videos/Hotshot-XL/Soldiers are setting up tents in the camp.mp4""}"
156,Hotshot-XL/Students and teachers discuss topics in the classroom.mp4,46.73,50.26775360107422,156,1,"[1, 3, 4, 6]","{""center_crop_fraction_of_short_side"": 0.65, ""container_reported_size_wh"": [672, 384], ""decoded_frames"": [{""center_crop_xywh"": [211, 67, 250, 250], ""decoded_size_wh"": [672, 384], ""frame_position"": 1, ""resize_output_size_wh"": [448, 448]}, {""center_crop_xywh"": [211, 67, 250, 250], ""decoded_size_wh"": [672, 384], ""frame_position"": 3, ""resize_output_size_wh"": [448, 448]}, {""center_crop_xywh"": [211, 67, 250, 250], ""decoded_size_wh"": [672, 384], ""frame_position"": 4, ""resize_output_size_wh"": [448, 448]}, {""center_crop_xywh"": [211, 67, 250, 250], ""decoded_size_wh"": [672, 384], ""frame_position"": 6, ""resize_output_size_wh"": [448, 448]}], ""processor_pixel_constraint"": {""max_pixels"": 200704, ""min_pixels"": 200704}, ""requested_frame_fractions"": [0.1, 0.37, 0.63, 0.9], ""resize_interpolation"": ""OpenCV INTER_AREA"", ""sample_id"": ""Hotshot-XL/Students and teachers discuss topics in the classroom.mp4"", ""selected_frame_positions"": [1, 3, 4, 6], ""source_file_bytes"": 253159, ""source_fps_used"": 4.0, ""source_frame_count"": 8, ""video_path"": ""/DATA/DATA1/lixinyue/xyli/data/LGVQ/videos/Hotshot-XL/Students and teachers discuss topics in the classroom.mp4""}"
157,Hotshot-XL/Students create exquisite artwork in art class.mp4,58.23,46.94269561767578,157,1,"[1, 3, 4, 6]","{""center_crop_fraction_of_short_side"": 0.65, ""container_reported_size_wh"": [672, 384], ""decoded_frames"": [{""center_crop_xywh"": [211, 67, 250, 250], ""decoded_size_wh"": [672, 384], ""frame_position"": 1, ""resize_output_size_wh"": [448, 448]}, {""center_crop_xywh"": [211, 67, 250, 250], ""decoded_size_wh"": [672, 384], ""frame_position"": 3, ""resize_output_size_wh"": [448, 448]}, {""center_crop_xywh"": [211, 67, 250, 250], ""decoded_size_wh"": [672, 384], ""frame_position"": 4, ""resize_output_size_wh"": [448, 448]}, {""center_crop_xywh"": [211, 67, 250, 250], ""decoded_size_wh"": [672, 384], ""frame_position"": 6, ""resize_output_size_wh"": [448, 448]}], ""processor_pixel_constraint"": {""max_pixels"": 200704, ""min_pixels"": 200704}, ""requested_frame_fractions"": [0.1, 0.37, 0.63, 0.9], ""resize_interpolation"": ""OpenCV INTER_AREA"", ""sample_id"": ""Hotshot-XL/Students create exquisite artwork in art class.mp4"", ""selected_frame_positions"": [1, 3, 4, 6], ""source_file_bytes"": 272551, ""source_fps_used"": 4.0, ""source_frame_count"": 8, ""video_path"": ""/DATA/DATA1/lixinyue/xyli/data/LGVQ/videos/Hotshot-XL/Students create exquisite artwork in art class.mp4""}"
158,Hotshot-XL/Students enjoy tasty sandwiches in the cafeteria.mp4,50.3,45.8305549621582,158,1,"[1, 3, 4, 6]","{""center_crop_fraction_of_short_side"": 0.65, ""container_reported_size_wh"": [672, 384], ""decoded_frames"": [{""center_crop_xywh"": [211, 67, 250, 250], ""decoded_size_wh"": [672, 384], ""frame_position"": 1, ""resize_output_size_wh"": [448, 448]}, {""center_crop_xywh"": [211, 67, 250, 250], ""decoded_size_wh"": [672, 384], ""frame_position"": 3, ""resize_output_size_wh"": [448, 448]}, {""center_crop_xywh"": [211, 67, 250, 250], ""decoded_size_wh"": [672, 384], ""frame_position"": 4, ""resize_output_size_wh"": [448, 448]}, {""center_crop_xywh"": [211, 67, 250, 250], ""decoded_size_wh"": [672, 384], ""frame_position"": 6, ""resize_output_size_wh"": [448, 448]}], ""processor_pixel_constraint"": {""max_pixels"": 200704, ""min_pixels"": 200704}, ""requested_frame_fractions"": [0.1, 0.37, 0.63, 0.9], ""resize_interpolation"": ""OpenCV INTER_AREA"", ""sample_id"": ""Hotshot-XL/Students enjoy tasty sandwiches in the cafeteria.mp4"", ""selected_frame_positions"": [1, 3, 4, 6], ""source_file_bytes"": 155331, ""source_fps_used"": 4.0, ""source_frame_count"": 8, ""video_path"": ""/DATA/DATA1/lixinyue/xyli/data/LGVQ/videos/Hotshot-XL/Students enjoy tasty sandwiches in the cafeteria.mp4""}"
159,"Hotshot-XL/Students enjoy their time on campus, full of youthful energy.mp4",46.07,50.816375732421875,159,1,"[1, 3, 4, 6]","{""center_crop_fraction_of_short_side"": 0.65, ""container_reported_size_wh"": [672, 384], ""decoded_frames"": [{""center_crop_xywh"": [211, 67, 250, 250], ""decoded_size_wh"": [672, 384], ""frame_position"": 1, ""resize_output_size_wh"": [448, 448]}, {""center_crop_xywh"": [211, 67, 250, 250], ""decoded_size_wh"": [672, 384], ""frame_position"": 3, ""resize_output_size_wh"": [448, 448]}, {""center_crop_xywh"": [211, 67, 250, 250], ""decoded_size_wh"": [672, 384], ""frame_position"": 4, ""resize_output_size_wh"": [448, 448]}, {""center_crop_xywh"": [211, 67, 250, 250], ""decoded_size_wh"": [672, 384], ""frame_position"": 6, ""resize_output_size_wh"": [448, 448]}], ""processor_pixel_constraint"": {""max_pixels"": 200704, ""min_pixels"": 200704}, ""requested_frame_fractions"": [0.1, 0.37, 0.63, 0.9], ""resize_interpolation"": ""OpenCV INTER_AREA"", ""sample_id"": ""Hotshot-XL/Students enjoy their time on campus, full of youthful energy.mp4"", ""selected_frame_positions"": [1, 3, 4, 6], ""source_file_bytes"": 409135, ""source_fps_used"": 4.0, ""source_frame_count"": 8, ""video_path"": ""/DATA/DATA1/lixinyue/xyli/data/LGVQ/videos/Hotshot-XL/Students enjoy their time on campus, full of youthful energy.mp4""}"
160,"Hotshot-XL/Students line up in the cafeteria, waiting for lunch.mp4",43.45,51.239463806152344,160,1,"[1, 3, 4, 6]","{""center_crop_fraction_of_short_side"": 0.65, ""container_reported_size_wh"": [672, 384], ""decoded_frames"": [{""center_crop_xywh"": [211, 67, 250, 250], ""decoded_size_wh"": [672, 384], ""frame_position"": 1, ""resize_output_size_wh"": [448, 448]}, {""center_crop_xywh"": [211, 67, 250, 250], ""decoded_size_wh"": [672, 384], ""frame_position"": 3, ""resize_output_size_wh"": [448, 448]}, {""center_crop_xywh"": [211, 67, 250, 250], ""decoded_size_wh"": [672, 384], ""frame_position"": 4, ""resize_output_size_wh"": [448, 448]}, {""center_crop_xywh"": [211, 67, 250, 250], ""decoded_size_wh"": [672, 384], ""frame_position"": 6, ""resize_output_size_wh"": [448, 448]}], ""processor_pixel_constraint"": {""max_pixels"": 200704, ""min_pixels"": 200704}, ""requested_frame_fractions"": [0.1, 0.37, 0.63, 0.9], ""resize_interpolation"": ""OpenCV INTER_AREA"", ""sample_id"": ""Hotshot-XL/Students line up in the cafeteria, waiting for lunch.mp4"", ""selected_frame_positions"": [1, 3, 4, 6], ""source_file_bytes"": 297696, ""source_fps_used"": 4.0, ""source_frame_count"": 8, ""video_path"": ""/DATA/DATA1/lixinyue/xyli/data/LGVQ/videos/Hotshot-XL/Students line up in the cafeteria, waiting for lunch.mp4""}"
161,Hotshot-XL/Students participate in celebration ceremonies in the school courtyard.mp4,51.36,50.88816833496094,161,1,"[1, 3, 4, 6]","{""center_crop_fraction_of_short_side"": 0.65, ""container_reported_size_wh"": [672, 384], ""decoded_frames"": [{""center_crop_xywh"": [211, 67, 250, 250], ""decoded_size_wh"": [672, 384], ""frame_position"": 1, ""resize_output_size_wh"": [448, 448]}, {""center_crop_xywh"": [211, 67, 250, 250], ""decoded_size_wh"": [672, 384], ""frame_position"": 3, ""resize_output_size_wh"": [448, 448]}, {""center_crop_xywh"": [211, 67, 250, 250], ""decoded_size_wh"": [672, 384], ""frame_position"": 4, ""resize_output_size_wh"": [448, 448]}, {""center_crop_xywh"": [211, 67, 250, 250], ""decoded_size_wh"": [672, 384], ""frame_position"": 6, ""resize_output_size_wh"": [448, 448]}], ""processor_pixel_constraint"": {""max_pixels"": 200704, ""min_pixels"": 200704}, ""requested_frame_fractions"": [0.1, 0.37, 0.63, 0.9], ""resize_interpolation"": ""OpenCV INTER_AREA"", ""sample_id"": ""Hotshot-XL/Students participate in celebration ceremonies in the school courtyard.mp4"", ""selected_frame_positions"": [1, 3, 4, 6], ""source_file_bytes"": 355669, ""source_fps_used"": 4.0, ""source_frame_count"": 8, ""video_path"": ""/DATA/DATA1/lixinyue/xyli/data/LGVQ/videos/Hotshot-XL/Students participate in celebration ceremonies in the school courtyard.mp4""}"
162,Hotshot-XL/Students program in the computer lab.mp4,46.01,59.80591583251953,162,1,"[1, 3, 4, 6]","{""center_crop_fraction_of_short_side"": 0.65, ""container_reported_size_wh"": [672, 384], ""decoded_frames"": [{""center_crop_xywh"": [211, 67, 250, 250], ""decoded_size_wh"": [672, 384], ""frame_position"": 1, ""resize_output_size_wh"": [448, 448]}, {""center_crop_xywh"": [211, 67, 250, 250], ""decoded_size_wh"": [672, 384], ""frame_position"": 3, ""resize_output_size_wh"": [448, 448]}, {""center_crop_xywh"": [211, 67, 250, 250], ""decoded_size_wh"": [672, 384], ""frame_position"": 4, ""resize_output_size_wh"": [448, 448]}, {""center_crop_xywh"": [211, 67, 250, 250], ""decoded_size_wh"": [672, 384], ""frame_position"": 6, ""resize_output_size_wh"": [448, 448]}], ""processor_pixel_constraint"": {""max_pixels"": 200704, ""min_pixels"": 200704}, ""requested_frame_fractions"": [0.1, 0.37, 0.63, 0.9], ""resize_interpolation"": ""OpenCV INTER_AREA"", ""sample_id"": ""Hotshot-XL/Students program in the computer lab.mp4"", ""selected_frame_positions"": [1, 3, 4, 6], ""source_file_bytes"": 196666, ""source_fps_used"": 4.0, ""source_frame_count"": 8, ""video_path"": ""/DATA/DATA1/lixinyue/xyli/data/LGVQ/videos/Hotshot-XL/Students program in the computer lab.mp4""}"
163,Hotshot-XL/Students savor delicious soups in the cafeteria.mp4,54.46,48.711692810058594,163,1,"[1, 3, 4, 6]","{""center_crop_fraction_of_short_side"": 0.65, ""container_reported_size_wh"": [672, 384], ""decoded_frames"": [{""center_crop_xywh"": [211, 67, 250, 250], ""decoded_size_wh"": [672, 384], ""frame_position"": 1, ""resize_output_size_wh"": [448, 448]}, {""center_crop_xywh"": [211, 67, 250, 250], ""decoded_size_wh"": [672, 384], ""frame_position"": 3, ""resize_output_size_wh"": [448, 448]}, {""center_crop_xywh"": [211, 67, 250, 250], ""decoded_size_wh"": [672, 384], ""frame_position"": 4, ""resize_output_size_wh"": [448, 448]}, {""center_crop_xywh"": [211, 67, 250, 250], ""decoded_size_wh"": [672, 384], ""frame_position"": 6, ""resize_output_size_wh"": [448, 448]}], ""processor_pixel_constraint"": {""max_pixels"": 200704, ""min_pixels"": 200704}, ""requested_frame_fractions"": [0.1, 0.37, 0.63, 0.9], ""resize_interpolation"": ""OpenCV INTER_AREA"", ""sample_id"": ""Hotshot-XL/Students savor delicious soups in the cafeteria.mp4"", ""selected_frame_positions"": [1, 3, 4, 6], ""source_file_bytes"": 256172, ""source_fps_used"": 4.0, ""source_frame_count"": 8, ""video_path"": ""/DATA/DATA1/lixinyue/xyli/data/LGVQ/videos/Hotshot-XL/Students savor delicious soups in the cafeteria.mp4""}"
164,Hotshot-XL/Sunflowers stand tall in a field.mp4,64.96,58.69516372680664,164,1,"[1, 3, 4, 6]","{""center_crop_fraction_of_short_side"": 0.65, ""container_reported_size_wh"": [672, 384], ""decoded_frames"": [{""center_crop_xywh"": [211, 67, 250, 250], ""decoded_size_wh"": [672, 384], ""frame_position"": 1, ""resize_output_size_wh"": [448, 448]}, {""center_crop_xywh"": [211, 67, 250, 250], ""decoded_size_wh"": [672, 384], ""frame_position"": 3, ""resize_output_size_wh"": [448, 448]}, {""center_crop_xywh"": [211, 67, 250, 250], ""decoded_size_wh"": [672, 384], ""frame_position"": 4, ""resize_output_size_wh"": [448, 448]}, {""center_crop_xywh"": [211, 67, 250, 250], ""decoded_size_wh"": [672, 384], ""frame_position"": 6, ""resize_output_size_wh"": [448, 448]}], ""processor_pixel_constraint"": {""max_pixels"": 200704, ""min_pixels"": 200704}, ""requested_frame_fractions"": [0.1, 0.37, 0.63, 0.9], ""resize_interpolation"": ""OpenCV INTER_AREA"", ""sample_id"": ""Hotshot-XL/Sunflowers stand tall in a field.mp4"", ""selected_frame_positions"": [1, 3, 4, 6], ""source_file_bytes"": 638441, ""source_fps_used"": 4.0, ""source_frame_count"": 8, ""video_path"": ""/DATA/DATA1/lixinyue/xyli/data/LGVQ/videos/Hotshot-XL/Sunflowers stand tall in a field.mp4""}"
165,Hotshot-XL/Sunlight is streaming through the leaves onto the grass.mp4,63.88,65.30838012695312,165,1,"[1, 3, 4, 6]","{""center_crop_fraction_of_short_side"": 0.65, ""container_reported_size_wh"": [672, 384], ""decoded_frames"": [{""center_crop_xywh"": [211, 67, 250, 250], ""decoded_size_wh"": [672, 384], ""frame_position"": 1, ""resize_output_size_wh"": [448, 448]}, {""center_crop_xywh"": [211, 67, 250, 250], ""decoded_size_wh"": [672, 384], ""frame_position"": 3, ""resize_output_size_wh"": [448, 448]}, {""center_crop_xywh"": [211, 67, 250, 250], ""decoded_size_wh"": [672, 384], ""frame_position"": 4, ""resize_output_size_wh"": [448, 448]}, {""center_crop_xywh"": [211, 67, 250, 250], ""decoded_size_wh"": [672, 384], ""frame_position"": 6, ""resize_output_size_wh"": [448, 448]}], ""processor_pixel_constraint"": {""max_pixels"": 200704, ""min_pixels"": 200704}, ""requested_frame_fractions"": [0.1, 0.37, 0.63, 0.9], ""resize_interpolation"": ""OpenCV INTER_AREA"", ""sample_id"": ""Hotshot-XL/Sunlight is streaming through the leaves onto the grass.mp4"", ""selected_frame_positions"": [1, 3, 4, 6], ""source_file_bytes"": 382904, ""source_fps_used"": 4.0, ""source_frame_count"": 8, ""video_path"": ""/DATA/DATA1/lixinyue/xyli/data/LGVQ/videos/Hotshot-XL/Sunlight is streaming through the leaves onto the grass.mp4""}"
166,Hotshot-XL/Swallows soar in the air.mp4,48.9,44.32555389404297,166,1,"[1, 3, 4, 6]","{""center_crop_fraction_of_short_side"": 0.65, ""container_reported_size_wh"": [672, 384], ""decoded_frames"": [{""center_crop_xywh"": [211, 67, 250, 250], ""decoded_size_wh"": [672, 384], ""frame_position"": 1, ""resize_output_size_wh"": [448, 448]}, {""center_crop_xywh"": [211, 67, 250, 250], ""decoded_size_wh"": [672, 384], ""frame_position"": 3, ""resize_output_size_wh"": [448, 448]}, {""center_crop_xywh"": [211, 67, 250, 250], ""decoded_size_wh"": [672, 384], ""frame_position"": 4, ""resize_output_size_wh"": [448, 448]}, {""center_crop_xywh"": [211, 67, 250, 250], ""decoded_size_wh"": [672, 384], ""frame_position"": 6, ""resize_output_size_wh"": [448, 448]}], ""processor_pixel_constraint"": {""max_pixels"": 200704, ""min_pixels"": 200704}, ""requested_frame_fractions"": [0.1, 0.37, 0.63, 0.9], ""resize_interpolation"": ""OpenCV INTER_AREA"", ""sample_id"": ""Hotshot-XL/Swallows soar in the air.mp4"", ""selected_frame_positions"": [1, 3, 4, 6], ""source_file_bytes"": 42240, ""source_fps_used"": 4.0, ""source_frame_count"": 8, ""video_path"": ""/DATA/DATA1/lixinyue/xyli/data/LGVQ/videos/Hotshot-XL/Swallows soar in the air.mp4""}"
167,Hotshot-XL/Teenage skateboarders perform tricks by the pond.mp4,40.72,46.659812927246094,167,1,"[1, 3, 4, 6]","{""center_crop_fraction_of_short_side"": 0.65, ""container_reported_size_wh"": [672, 384], ""decoded_frames"": [{""center_crop_xywh"": [211, 67, 250, 250], ""decoded_size_wh"": [672, 384], ""frame_position"": 1, ""resize_output_size_wh"": [448, 448]}, {""center_crop_xywh"": [211, 67, 250, 250], ""decoded_size_wh"": [672, 384], ""frame_position"": 3, ""resize_output_size_wh"": [448, 448]}, {""center_crop_xywh"": [211, 67, 250, 250], ""decoded_size_wh"": [672, 384], ""frame_position"": 4, ""resize_output_size_wh"": [448, 448]}, {""center_crop_xywh"": [211, 67, 250, 250], ""decoded_size_wh"": [672, 384], ""frame_position"": 6, ""resize_output_size_wh"": [448, 448]}], ""processor_pixel_constraint"": {""max_pixels"": 200704, ""min_pixels"": 200704}, ""requested_frame_fractions"": [0.1, 0.37, 0.63, 0.9], ""resize_interpolation"": ""OpenCV INTER_AREA"", ""sample_id"": ""Hotshot-XL/Teenage skateboarders perform tricks by the pond.mp4"", ""selected_frame_positions"": [1, 3, 4, 6], ""source_file_bytes"": 410712, ""source_fps_used"": 4.0, ""source_frame_count"": 8, ""video_path"": ""/DATA/DATA1/lixinyue/xyli/data/LGVQ/videos/Hotshot-XL/Teenage skateboarders perform tricks by the pond.mp4""}"
168,"Hotshot-XL/The campus has colorful gardens, full of vitality.mp4",57.22,56.03459167480469,168,1,"[1, 3, 4, 6]","{""center_crop_fraction_of_short_side"": 0.65, ""container_reported_size_wh"": [672, 384], ""decoded_frames"": [{""center_crop_xywh"": [211, 67, 250, 250], ""decoded_size_wh"": [672, 384], ""frame_position"": 1, ""resize_output_size_wh"": [448, 448]}, {""center_crop_xywh"": [211, 67, 250, 250], ""decoded_size_wh"": [672, 384], ""frame_position"": 3, ""resize_output_size_wh"": [448, 448]}, {""center_crop_xywh"": [211, 67, 250, 250], ""decoded_size_wh"": [672, 384], ""frame_position"": 4, ""resize_output_size_wh"": [448, 448]}, {""center_crop_xywh"": [211, 67, 250, 250], ""decoded_size_wh"": [672, 384], ""frame_position"": 6, ""resize_output_size_wh"": [448, 448]}], ""processor_pixel_constraint"": {""max_pixels"": 200704, ""min_pixels"": 200704}, ""requested_frame_fractions"": [0.1, 0.37, 0.63, 0.9], ""resize_interpolation"": ""OpenCV INTER_AREA"", ""sample_id"": ""Hotshot-XL/The campus has colorful gardens, full of vitality.mp4"", ""selected_frame_positions"": [1, 3, 4, 6], ""source_file_bytes"": 741232, ""source_fps_used"": 4.0, ""source_frame_count"": 8, ""video_path"": ""/DATA/DATA1/lixinyue/xyli/data/LGVQ/videos/Hotshot-XL/The campus has colorful gardens, full of vitality.mp4""}"
169,Hotshot-XL/The commander is strategizing in front of a map.mp4,56.88,64.14720916748047,169,1,"[1, 3, 4, 6]","{""center_crop_fraction_of_short_side"": 0.65, ""container_reported_size_wh"": [672, 384], ""decoded_frames"": [{""center_crop_xywh"": [211, 67, 250, 250], ""decoded_size_wh"": [672, 384], ""frame_position"": 1, ""resize_output_size_wh"": [448, 448]}, {""center_crop_xywh"": [211, 67, 250, 250], ""decoded_size_wh"": [672, 384], ""frame_position"": 3, ""resize_output_size_wh"": [448, 448]}, {""center_crop_xywh"": [211, 67, 250, 250], ""decoded_size_wh"": [672, 384], ""frame_position"": 4, ""resize_output_size_wh"": [448, 448]}, {""center_crop_xywh"": [211, 67, 250, 250], ""decoded_size_wh"": [672, 384], ""frame_position"": 6, ""resize_output_size_wh"": [448, 448]}], ""processor_pixel_constraint"": {""max_pixels"": 200704, ""min_pixels"": 200704}, ""requested_frame_fractions"": [0.1, 0.37, 0.63, 0.9], ""resize_interpolation"": ""OpenCV INTER_AREA"", ""sample_id"": ""Hotshot-XL/The commander is strategizing in front of a map.mp4"", ""selected_frame_positions"": [1, 3, 4, 6], ""source_file_bytes"": 179144, ""source_fps_used"": 4.0, ""source_frame_count"": 8, ""video_path"": ""/DATA/DATA1/lixinyue/xyli/data/LGVQ/videos/Hotshot-XL/The commander is strategizing in front of a map.mp4""}"
170,Hotshot-XL/The crickets chirped merrily in the summer night.mp4,61.31,61.663230895996094,170,1,"[1, 3, 4, 6]","{""center_crop_fraction_of_short_side"": 0.65, ""container_reported_size_wh"": [672, 384], ""decoded_frames"": [{""center_crop_xywh"": [211, 67, 250, 250], ""decoded_size_wh"": [672, 384], ""frame_position"": 1, ""resize_output_size_wh"": [448, 448]}, {""center_crop_xywh"": [211, 67, 250, 250], ""decoded_size_wh"": [672, 384], ""frame_position"": 3, ""resize_output_size_wh"": [448, 448]}, {""center_crop_xywh"": [211, 67, 250, 250], ""decoded_size_wh"": [672, 384], ""frame_position"": 4, ""resize_output_size_wh"": [448, 448]}, {""center_crop_xywh"": [211, 67, 250, 250], ""decoded_size_wh"": [672, 384], ""frame_position"": 6, ""resize_output_size_wh"": [448, 448]}], ""processor_pixel_constraint"": {""max_pixels"": 200704, ""min_pixels"": 200704}, ""requested_frame_fractions"": [0.1, 0.37, 0.63, 0.9], ""resize_interpolation"": ""OpenCV INTER_AREA"", ""sample_id"": ""Hotshot-XL/The crickets chirped merrily in the summer night.mp4"", ""selected_frame_positions"": [1, 3, 4, 6], ""source_file_bytes"": 372372, ""source_fps_used"": 4.0, ""source_frame_count"": 8, ""video_path"": ""/DATA/DATA1/lixinyue/xyli/data/LGVQ/videos/Hotshot-XL/The crickets chirped merrily in the summer night.mp4""}"
171,Hotshot-XL/The leaves of a purple-leaf plum tree turn deep purple.mp4,56.78,59.08019256591797,171,1,"[1, 3, 4, 6]","{""center_crop_fraction_of_short_side"": 0.65, ""container_reported_size_wh"": [672, 384], ""decoded_frames"": [{""center_crop_xywh"": [211, 67, 250, 250], ""decoded_size_wh"": [672, 384], ""frame_position"": 1, ""resize_output_size_wh"": [448, 448]}, {""center_crop_xywh"": [211, 67, 250, 250], ""decoded_size_wh"": [672, 384], ""frame_position"": 3, ""resize_output_size_wh"": [448, 448]}, {""center_crop_xywh"": [211, 67, 250, 250], ""decoded_size_wh"": [672, 384], ""frame_position"": 4, ""resize_output_size_wh"": [448, 448]}, {""center_crop_xywh"": [211, 67, 250, 250], ""decoded_size_wh"": [672, 384], ""frame_position"": 6, ""resize_output_size_wh"": [448, 448]}], ""processor_pixel_constraint"": {""max_pixels"": 200704, ""min_pixels"": 200704}, ""requested_frame_fractions"": [0.1, 0.37, 0.63, 0.9], ""resize_interpolation"": ""OpenCV INTER_AREA"", ""sample_id"": ""Hotshot-XL/The leaves of a purple-leaf plum tree turn deep purple.mp4"", ""selected_frame_positions"": [1, 3, 4, 6], ""source_file_bytes"": 426043, ""source_fps_used"": 4.0, ""source_frame_count"": 8, ""video_path"": ""/DATA/DATA1/lixinyue/xyli/data/LGVQ/videos/Hotshot-XL/The leaves of a purple-leaf plum tree turn deep purple.mp4""}"
172,Hotshot-XL/The lion roars majestically on the grassland.mp4,59.55,58.402957916259766,172,1,"[1, 3, 4, 6]","{""center_crop_fraction_of_short_side"": 0.65, ""container_reported_size_wh"": [672, 384], ""decoded_frames"": [{""center_crop_xywh"": [211, 67, 250, 250], ""decoded_size_wh"": [672, 384], ""frame_position"": 1, ""resize_output_size_wh"": [448, 448]}, {""center_crop_xywh"": [211, 67, 250, 250], ""decoded_size_wh"": [672, 384], ""frame_position"": 3, ""resize_output_size_wh"": [448, 448]}, {""center_crop_xywh"": [211, 67, 250, 250], ""decoded_size_wh"": [672, 384], ""frame_position"": 4, ""resize_output_size_wh"": [448, 448]}, {""center_crop_xywh"": [211, 67, 250, 250], ""decoded_size_wh"": [672, 384], ""frame_position"": 6, ""resize_output_size_wh"": [448, 448]}], ""processor_pixel_constraint"": {""max_pixels"": 200704, ""min_pixels"": 200704}, ""requested_frame_fractions"": [0.1, 0.37, 0.63, 0.9], ""resize_interpolation"": ""OpenCV INTER_AREA"", ""sample_id"": ""Hotshot-XL/The lion roars majestically on the grassland.mp4"", ""selected_frame_positions"": [1, 3, 4, 6], ""source_file_bytes"": 434235, ""source_fps_used"": 4.0, ""source_frame_count"": 8, ""video_path"": ""/DATA/DATA1/lixinyue/xyli/data/LGVQ/videos/Hotshot-XL/The lion roars majestically on the grassland.mp4""}"
173,Hotshot-XL/The parrot chirped in the treetops.mp4,55.74,51.83744812011719,173,1,"[1, 3, 4, 6]","{""center_crop_fraction_of_short_side"": 0.65, ""container_reported_size_wh"": [672, 384], ""decoded_frames"": [{""center_crop_xywh"": [211, 67, 250, 250], ""decoded_size_wh"": [672, 384], ""frame_position"": 1, ""resize_output_size_wh"": [448, 448]}, {""center_crop_xywh"": [211, 67, 250, 250], ""decoded_size_wh"": [672, 384], ""frame_position"": 3, ""resize_output_size_wh"": [448, 448]}, {""center_crop_xywh"": [211, 67, 250, 250], ""decoded_size_wh"": [672, 384], ""frame_position"": 4, ""resize_output_size_wh"": [448, 448]}, {""center_crop_xywh"": [211, 67, 250, 250], ""decoded_size_wh"": [672, 384], ""frame_position"": 6, ""resize_output_size_wh"": [448, 448]}], ""processor_pixel_constraint"": {""max_pixels"": 200704, ""min_pixels"": 200704}, ""requested_frame_fractions"": [0.1, 0.37, 0.63, 0.9], ""resize_interpolation"": ""OpenCV INTER_AREA"", ""sample_id"": ""Hotshot-XL/The parrot chirped in the treetops.mp4"", ""selected_frame_positions"": [1, 3, 4, 6], ""source_file_bytes"": 530214, ""source_fps_used"": 4.0, ""source_frame_count"": 8, ""video_path"": ""/DATA/DATA1/lixinyue/xyli/data/LGVQ/videos/Hotshot-XL/The parrot chirped in the treetops.mp4""}"
174,Hotshot-XL/The roof of a farmhouse is covered in moss.mp4,73.66,65.18524932861328,174,1,"[1, 3, 4, 6]","{""center_crop_fraction_of_short_side"": 0.65, ""container_reported_size_wh"": [672, 384], ""decoded_frames"": [{""center_crop_xywh"": [211, 67, 250, 250], ""decoded_size_wh"": [672, 384], ""frame_position"": 1, ""resize_output_size_wh"": [448, 448]}, {""center_crop_xywh"": [211, 67, 250, 250], ""decoded_size_wh"": [672, 384], ""frame_position"": 3, ""resize_output_size_wh"": [448, 448]}, {""center_crop_xywh"": [211, 67, 250, 250], ""decoded_size_wh"": [672, 384], ""frame_position"": 4, ""resize_output_size_wh"": [448, 448]}, {""center_crop_xywh"": [211, 67, 250, 250], ""decoded_size_wh"": [672, 384], ""frame_position"": 6, ""resize_output_size_wh"": [448, 448]}], ""processor_pixel_constraint"": {""max_pixels"": 200704, ""min_pixels"": 200704}, ""requested_frame_fractions"": [0.1, 0.37, 0.63, 0.9], ""resize_interpolation"": ""OpenCV INTER_AREA"", ""sample_id"": ""Hotshot-XL/The roof of a farmhouse is covered in moss.mp4"", ""selected_frame_positions"": [1, 3, 4, 6], ""source_file_bytes"": 552205, ""source_fps_used"": 4.0, ""source_frame_count"": 8, ""video_path"": ""/DATA/DATA1/lixinyue/xyli/data/LGVQ/videos/Hotshot-XL/The roof of a farmhouse is covered in moss.mp4""}"
175,Hotshot-XL/The rural stream serves as the water source for villagers.mp4,56.86,59.429298400878906,175,1,"[1, 3, 4, 6]","{""center_crop_fraction_of_short_side"": 0.65, ""container_reported_size_wh"": [672, 384], ""decoded_frames"": [{""center_crop_xywh"": [211, 67, 250, 250], ""decoded_size_wh"": [672, 384], ""frame_position"": 1, ""resize_output_size_wh"": [448, 448]}, {""center_crop_xywh"": [211, 67, 250, 250], ""decoded_size_wh"": [672, 384], ""frame_position"": 3, ""resize_output_size_wh"": [448, 448]}, {""center_crop_xywh"": [211, 67, 250, 250], ""decoded_size_wh"": [672, 384], ""frame_position"": 4, ""resize_output_size_wh"": [448, 448]}, {""center_crop_xywh"": [211, 67, 250, 250], ""decoded_size_wh"": [672, 384], ""frame_position"": 6, ""resize_output_size_wh"": [448, 448]}], ""processor_pixel_constraint"": {""max_pixels"": 200704, ""min_pixels"": 200704}, ""requested_frame_fractions"": [0.1, 0.37, 0.63, 0.9], ""resize_interpolation"": ""OpenCV INTER_AREA"", ""sample_id"": ""Hotshot-XL/The rural stream serves as the water source for villagers.mp4"", ""selected_frame_positions"": [1, 3, 4, 6], ""source_file_bytes"": 689029, ""source_fps_used"": 4.0, ""source_frame_count"": 8, ""video_path"": ""/DATA/DATA1/lixinyue/xyli/data/LGVQ/videos/Hotshot-XL/The rural stream serves as the water source for villagers.mp4""}"
176,Hotshot-XL/The school auditorium is decorated with festive decorations.mp4,52.53,47.73120880126953,176,1,"[1, 3, 4, 6]","{""center_crop_fraction_of_short_side"": 0.65, ""container_reported_size_wh"": [672, 384], ""decoded_frames"": [{""center_crop_xywh"": [211, 67, 250, 250], ""decoded_size_wh"": [672, 384], ""frame_position"": 1, ""resize_output_size_wh"": [448, 448]}, {""center_crop_xywh"": [211, 67, 250, 250], ""decoded_size_wh"": [672, 384], ""frame_position"": 3, ""resize_output_size_wh"": [448, 448]}, {""center_crop_xywh"": [211, 67, 250, 250], ""decoded_size_wh"": [672, 384], ""frame_position"": 4, ""resize_output_size_wh"": [448, 448]}, {""center_crop_xywh"": [211, 67, 250, 250], ""decoded_size_wh"": [672, 384], ""frame_position"": 6, ""resize_output_size_wh"": [448, 448]}], ""processor_pixel_constraint"": {""max_pixels"": 200704, ""min_pixels"": 200704}, ""requested_frame_fractions"": [0.1, 0.37, 0.63, 0.9], ""resize_interpolation"": ""OpenCV INTER_AREA"", ""sample_id"": ""Hotshot-XL/The school auditorium is decorated with festive decorations.mp4"", ""selected_frame_positions"": [1, 3, 4, 6], ""source_file_bytes"": 283159, ""source_fps_used"": 4.0, ""source_frame_count"": 8, ""video_path"": ""/DATA/DATA1/lixinyue/xyli/data/LGVQ/videos/Hotshot-XL/The school auditorium is decorated with festive decorations.mp4""}"
177,Hotshot-XL/The seahorse swayed slowly on the sea floor.mp4,59.89,60.83344268798828,177,1,"[1, 3, 4, 6]","{""center_crop_fraction_of_short_side"": 0.65, ""container_reported_size_wh"": [672, 384], ""decoded_frames"": [{""center_crop_xywh"": [211, 67, 250, 250], ""decoded_size_wh"": [672, 384], ""frame_position"": 1, ""resize_output_size_wh"": [448, 448]}, {""center_crop_xywh"": [211, 67, 250, 250], ""decoded_size_wh"": [672, 384], ""frame_position"": 3, ""resize_output_size_wh"": [448, 448]}, {""center_crop_xywh"": [211, 67, 250, 250], ""decoded_size_wh"": [672, 384], ""frame_position"": 4, ""resize_output_size_wh"": [448, 448]}, {""center_crop_xywh"": [211, 67, 250, 250], ""decoded_size_wh"": [672, 384], ""frame_position"": 6, ""resize_output_size_wh"": [448, 448]}], ""processor_pixel_constraint"": {""max_pixels"": 200704, ""min_pixels"": 200704}, ""requested_frame_fractions"": [0.1, 0.37, 0.63, 0.9], ""resize_interpolation"": ""OpenCV INTER_AREA"", ""sample_id"": ""Hotshot-XL/The seahorse swayed slowly on the sea floor.mp4"", ""selected_frame_positions"": [1, 3, 4, 6], ""source_file_bytes"": 351773, ""source_fps_used"": 4.0, ""source_frame_count"": 8, ""video_path"": ""/DATA/DATA1/lixinyue/xyli/data/LGVQ/videos/Hotshot-XL/The seahorse swayed slowly on the sea floor.mp4""}"
178,Hotshot-XL/There are boats on the park lake.mp4,66.31,57.9949951171875,178,1,"[1, 3, 4, 6]","{""center_crop_fraction_of_short_side"": 0.65, ""container_reported_size_wh"": [672, 384], ""decoded_frames"": [{""center_crop_xywh"": [211, 67, 250, 250], ""decoded_size_wh"": [672, 384], ""frame_position"": 1, ""resize_output_size_wh"": [448, 448]}, {""center_crop_xywh"": [211, 67, 250, 250], ""decoded_size_wh"": [672, 384], ""frame_position"": 3, ""resize_output_size_wh"": [448, 448]}, {""center_crop_xywh"": [211, 67, 250, 250], ""decoded_size_wh"": [672, 384], ""frame_position"": 4, ""resize_output_size_wh"": [448, 448]}, {""center_crop_xywh"": [211, 67, 250, 250], ""decoded_size_wh"": [672, 384], ""frame_position"": 6, ""resize_output_size_wh"": [448, 448]}], ""processor_pixel_constraint"": {""max_pixels"": 200704, ""min_pixels"": 200704}, ""requested_frame_fractions"": [0.1, 0.37, 0.63, 0.9], ""resize_interpolation"": ""OpenCV INTER_AREA"", ""sample_id"": ""Hotshot-XL/There are boats on the park lake.mp4"", ""selected_frame_positions"": [1, 3, 4, 6], ""source_file_bytes"": 372687, ""source_fps_used"": 4.0, ""source_frame_count"": 8, ""video_path"": ""/DATA/DATA1/lixinyue/xyli/data/LGVQ/videos/Hotshot-XL/There are boats on the park lake.mp4""}"
179,Hotshot-XL/There's a drum and guitar in the music classroom.mp4,51.66,49.94371032714844,179,1,"[1, 3, 4, 6]","{""center_crop_fraction_of_short_side"": 0.65, ""container_reported_size_wh"": [672, 384], ""decoded_frames"": [{""center_crop_xywh"": [211, 67, 250, 250], ""decoded_size_wh"": [672, 384], ""frame_position"": 1, ""resize_output_size_wh"": [448, 448]}, {""center_crop_xywh"": [211, 67, 250, 250], ""decoded_size_wh"": [672, 384], ""frame_position"": 3, ""resize_output_size_wh"": [448, 448]}, {""center_crop_xywh"": [211, 67, 250, 250], ""decoded_size_wh"": [672, 384], ""frame_position"": 4, ""resize_output_size_wh"": [448, 448]}, {""center_crop_xywh"": [211, 67, 250, 250], ""decoded_size_wh"": [672, 384], ""frame_position"": 6, ""resize_output_size_wh"": [448, 448]}], ""processor_pixel_constraint"": {""max_pixels"": 200704, ""min_pixels"": 200704}, ""requested_frame_fractions"": [0.1, 0.37, 0.63, 0.9], ""resize_interpolation"": ""OpenCV INTER_AREA"", ""sample_id"": ""Hotshot-XL/There's a drum and guitar in the music classroom.mp4"", ""selected_frame_positions"": [1, 3, 4, 6], ""source_file_bytes"": 185637, ""source_fps_used"": 4.0, ""source_frame_count"": 8, ""video_path"": ""/DATA/DATA1/lixinyue/xyli/data/LGVQ/videos/Hotshot-XL/There's a drum and guitar in the music classroom.mp4""}"
180,"Hotshot-XL/Unique desert landscapes, with dunes sculpted by the wind.mp4",66.0,67.2337646484375,180,1,"[1, 3, 4, 6]","{""center_crop_fraction_of_short_side"": 0.65, ""container_reported_size_wh"": [672, 384], ""decoded_frames"": [{""center_crop_xywh"": [211, 67, 250, 250], ""decoded_size_wh"": [672, 384], ""frame_position"": 1, ""resize_output_size_wh"": [448, 448]}, {""center_crop_xywh"": [211, 67, 250, 250], ""decoded_size_wh"": [672, 384], ""frame_position"": 3, ""resize_output_size_wh"": [448, 448]}, {""center_crop_xywh"": [211, 67, 250, 250], ""decoded_size_wh"": [672, 384], ""frame_position"": 4, ""resize_output_size_wh"": [448, 448]}, {""center_crop_xywh"": [211, 67, 250, 250], ""decoded_size_wh"": [672, 384], ""frame_position"": 6, ""resize_output_size_wh"": [448, 448]}], ""processor_pixel_constraint"": {""max_pixels"": 200704, ""min_pixels"": 200704}, ""requested_frame_fractions"": [0.1, 0.37, 0.63, 0.9], ""resize_interpolation"": ""OpenCV INTER_AREA"", ""sample_id"": ""Hotshot-XL/Unique desert landscapes, with dunes sculpted by the wind.mp4"", ""selected_frame_positions"": [1, 3, 4, 6], ""source_file_bytes"": 243901, ""source_fps_used"": 4.0, ""source_frame_count"": 8, ""video_path"": ""/DATA/DATA1/lixinyue/xyli/data/LGVQ/videos/Hotshot-XL/Unique desert landscapes, with dunes sculpted by the wind.mp4""}"
181,Hotshot-XL/Various fruit trees grow in the countryside.mp4,57.03,56.85755920410156,181,1,"[1, 3, 4, 6]","{""center_crop_fraction_of_short_side"": 0.65, ""container_reported_size_wh"": [672, 384], ""decoded_frames"": [{""center_crop_xywh"": [211, 67, 250, 250], ""decoded_size_wh"": [672, 384], ""frame_position"": 1, ""resize_output_size_wh"": [448, 448]}, {""center_crop_xywh"": [211, 67, 250, 250], ""decoded_size_wh"": [672, 384], ""frame_position"": 3, ""resize_output_size_wh"": [448, 448]}, {""center_crop_xywh"": [211, 67, 250, 250], ""decoded_size_wh"": [672, 384], ""frame_position"": 4, ""resize_output_size_wh"": [448, 448]}, {""center_crop_xywh"": [211, 67, 250, 250], ""decoded_size_wh"": [672, 384], ""frame_position"": 6, ""resize_output_size_wh"": [448, 448]}], ""processor_pixel_constraint"": {""max_pixels"": 200704, ""min_pixels"": 200704}, ""requested_frame_fractions"": [0.1, 0.37, 0.63, 0.9], ""resize_interpolation"": ""OpenCV INTER_AREA"", ""sample_id"": ""Hotshot-XL/Various fruit trees grow in the countryside.mp4"", ""selected_frame_positions"": [1, 3, 4, 6], ""source_file_bytes"": 715776, ""source_fps_used"": 4.0, ""source_frame_count"": 8, ""video_path"": ""/DATA/DATA1/lixinyue/xyli/data/LGVQ/videos/Hotshot-XL/Various fruit trees grow in the countryside.mp4""}"
182,Hotshot-XL/Vendors at the market display fresh fruits and vegetables.mp4,65.11,61.16136932373047,182,1,"[1, 3, 4, 6]","{""center_crop_fraction_of_short_side"": 0.65, ""container_reported_size_wh"": [672, 384], ""decoded_frames"": [{""center_crop_xywh"": [211, 67, 250, 250], ""decoded_size_wh"": [672, 384], ""frame_position"": 1, ""resize_output_size_wh"": [448, 448]}, {""center_crop_xywh"": [211, 67, 250, 250], ""decoded_size_wh"": [672, 384], ""frame_position"": 3, ""resize_output_size_wh"": [448, 448]}, {""center_crop_xywh"": [211, 67, 250, 250], ""decoded_size_wh"": [672, 384], ""frame_position"": 4, ""resize_output_size_wh"": [448, 448]}, {""center_crop_xywh"": [211, 67, 250, 250], ""decoded_size_wh"": [672, 384], ""frame_position"": 6, ""resize_output_size_wh"": [448, 448]}], ""processor_pixel_constraint"": {""max_pixels"": 200704, ""min_pixels"": 200704}, ""requested_frame_fractions"": [0.1, 0.37, 0.63, 0.9], ""resize_interpolation"": ""OpenCV INTER_AREA"", ""sample_id"": ""Hotshot-XL/Vendors at the market display fresh fruits and vegetables.mp4"", ""selected_frame_positions"": [1, 3, 4, 6], ""source_file_bytes"": 541112, ""source_fps_used"": 4.0, ""source_frame_count"": 8, ""video_path"": ""/DATA/DATA1/lixinyue/xyli/data/LGVQ/videos/Hotshot-XL/Vendors at the market display fresh fruits and vegetables.mp4""}"
183,Hotshot-XL/Visitors get information at the park's visitor center.mp4,58.25,54.31898498535156,183,1,"[1, 3, 4, 6]","{""center_crop_fraction_of_short_side"": 0.65, ""container_reported_size_wh"": [672, 384], ""decoded_frames"": [{""center_crop_xywh"": [211, 67, 250, 250], ""decoded_size_wh"": [672, 384], ""frame_position"": 1, ""resize_output_size_wh"": [448, 448]}, {""center_crop_xywh"": [211, 67, 250, 250], ""decoded_size_wh"": [672, 384], ""frame_position"": 3, ""resize_output_size_wh"": [448, 448]}, {""center_crop_xywh"": [211, 67, 250, 250], ""decoded_size_wh"": [672, 384], ""frame_position"": 4, ""resize_output_size_wh"": [448, 448]}, {""center_crop_xywh"": [211, 67, 250, 250], ""decoded_size_wh"": [672, 384], ""frame_position"": 6, ""resize_output_size_wh"": [448, 448]}], ""processor_pixel_constraint"": {""max_pixels"": 200704, ""min_pixels"": 200704}, ""requested_frame_fractions"": [0.1, 0.37, 0.63, 0.9], ""resize_interpolation"": ""OpenCV INTER_AREA"", ""sample_id"": ""Hotshot-XL/Visitors get information at the park's visitor center.mp4"", ""selected_frame_positions"": [1, 3, 4, 6], ""source_file_bytes"": 227674, ""source_fps_used"": 4.0, ""source_frame_count"": 8, ""video_path"": ""/DATA/DATA1/lixinyue/xyli/data/LGVQ/videos/Hotshot-XL/Visitors get information at the park's visitor center.mp4""}"
184,"Hotshot-XL/Wandering through a forest path, surrounded by emerald greenery.mp4",55.54,57.05763244628906,184,1,"[1, 3, 4, 6]","{""center_crop_fraction_of_short_side"": 0.65, ""container_reported_size_wh"": [672, 384], ""decoded_frames"": [{""center_crop_xywh"": [211, 67, 250, 250], ""decoded_size_wh"": [672, 384], ""frame_position"": 1, ""resize_output_size_wh"": [448, 448]}, {""center_crop_xywh"": [211, 67, 250, 250], ""decoded_size_wh"": [672, 384], ""frame_position"": 3, ""resize_output_size_wh"": [448, 448]}, {""center_crop_xywh"": [211, 67, 250, 250], ""decoded_size_wh"": [672, 384], ""frame_position"": 4, ""resize_output_size_wh"": [448, 448]}, {""center_crop_xywh"": [211, 67, 250, 250], ""decoded_size_wh"": [672, 384], ""frame_position"": 6, ""resize_output_size_wh"": [448, 448]}], ""processor_pixel_constraint"": {""max_pixels"": 200704, ""min_pixels"": 200704}, ""requested_frame_fractions"": [0.1, 0.37, 0.63, 0.9], ""resize_interpolation"": ""OpenCV INTER_AREA"", ""sample_id"": ""Hotshot-XL/Wandering through a forest path, surrounded by emerald greenery.mp4"", ""selected_frame_positions"": [1, 3, 4, 6], ""source_file_bytes"": 799266, ""source_fps_used"": 4.0, ""source_frame_count"": 8, ""video_path"": ""/DATA/DATA1/lixinyue/xyli/data/LGVQ/videos/Hotshot-XL/Wandering through a forest path, surrounded by emerald greenery.mp4""}"
185,"Hotshot-XL/Willow trees by the river, swaying gently in the calming breeze.mp4",55.77,61.31330108642578,185,1,"[1, 3, 4, 6]","{""center_crop_fraction_of_short_side"": 0.65, ""container_reported_size_wh"": [672, 384], ""decoded_frames"": [{""center_crop_xywh"": [211, 67, 250, 250], ""decoded_size_wh"": [672, 384], ""frame_position"": 1, ""resize_output_size_wh"": [448, 448]}, {""center_crop_xywh"": [211, 67, 250, 250], ""decoded_size_wh"": [672, 384], ""frame_position"": 3, ""resize_output_size_wh"": [448, 448]}, {""center_crop_xywh"": [211, 67, 250, 250], ""decoded_size_wh"": [672, 384], ""frame_position"": 4, ""resize_output_size_wh"": [448, 448]}, {""center_crop_xywh"": [211, 67, 250, 250], ""decoded_size_wh"": [672, 384], ""frame_position"": 6, ""resize_output_size_wh"": [448, 448]}], ""processor_pixel_constraint"": {""max_pixels"": 200704, ""min_pixels"": 200704}, ""requested_frame_fractions"": [0.1, 0.37, 0.63, 0.9], ""resize_interpolation"": ""OpenCV INTER_AREA"", ""sample_id"": ""Hotshot-XL/Willow trees by the river, swaying gently in the calming breeze.mp4"", ""selected_frame_positions"": [1, 3, 4, 6], ""source_file_bytes"": 635081, ""source_fps_used"": 4.0, ""source_frame_count"": 8, ""video_path"": ""/DATA/DATA1/lixinyue/xyli/data/LGVQ/videos/Hotshot-XL/Willow trees by the river, swaying gently in the calming breeze.mp4""}"
186,"Text2Video-Zero/A baseball player swung the bat, preparing for a home run.mp4",31.34,45.45438003540039,186,1,"[4, 13, 22, 32]","{""center_crop_fraction_of_short_side"": 0.65, ""container_reported_size_wh"": [512, 512], ""decoded_frames"": [{""center_crop_xywh"": [89, 89, 333, 333], ""decoded_size_wh"": [512, 512], ""frame_position"": 4, ""resize_output_size_wh"": [448, 448]}, {""center_crop_xywh"": [89, 89, 333, 333], ""decoded_size_wh"": [512, 512], ""frame_position"": 13, ""resize_output_size_wh"": [448, 448]}, {""center_crop_xywh"": [89, 89, 333, 333], ""decoded_size_wh"": [512, 512], ""frame_position"": 22, ""resize_output_size_wh"": [448, 448]}, {""center_crop_xywh"": [89, 89, 333, 333], ""decoded_size_wh"": [512, 512], ""frame_position"": 32, ""resize_output_size_wh"": [448, 448]}], ""processor_pixel_constraint"": {""max_pixels"": 200704, ""min_pixels"": 200704}, ""requested_frame_fractions"": [0.1, 0.37, 0.63, 0.9], ""resize_interpolation"": ""OpenCV INTER_AREA"", ""sample_id"": ""Text2Video-Zero/A baseball player swung the bat, preparing for a home run.mp4"", ""selected_frame_positions"": [4, 13, 22, 32], ""source_file_bytes"": 527702, ""source_fps_used"": 12.0, ""source_frame_count"": 36, ""video_path"": ""/DATA/DATA1/lixinyue/xyli/data/LGVQ/videos/Text2Video-Zero/A baseball player swung the bat, preparing for a home run.mp4""}"
187,Text2Video-Zero/A bowl of hot soup is especially delicious on a cold winter day.mp4,33.96,34.75560760498047,187,1,"[4, 13, 22, 32]","{""center_crop_fraction_of_short_side"": 0.65, ""container_reported_size_wh"": [512, 512], ""decoded_frames"": [{""center_crop_xywh"": [89, 89, 333, 333], ""decoded_size_wh"": [512, 512], ""frame_position"": 4, ""resize_output_size_wh"": [448, 448]}, {""center_crop_xywh"": [89, 89, 333, 333], ""decoded_size_wh"": [512, 512], ""frame_position"": 13, ""resize_output_size_wh"": [448, 448]}, {""center_crop_xywh"": [89, 89, 333, 333], ""decoded_size_wh"": [512, 512], ""frame_position"": 22, ""resize_output_size_wh"": [448, 448]}, {""center_crop_xywh"": [89, 89, 333, 333], ""decoded_size_wh"": [512, 512], ""frame_position"": 32, ""resize_output_size_wh"": [448, 448]}], ""processor_pixel_constraint"": {""max_pixels"": 200704, ""min_pixels"": 200704}, ""requested_frame_fractions"": [0.1, 0.37, 0.63, 0.9], ""resize_interpolation"": ""OpenCV INTER_AREA"", ""sample_id"": ""Text2Video-Zero/A bowl of hot soup is especially delicious on a cold winter day.mp4"", ""selected_frame_positions"": [4, 13, 22, 32], ""source_file_bytes"": 411107, ""source_fps_used"": 12.0, ""source_frame_count"": 36, ""video_path"": ""/DATA/DATA1/lixinyue/xyli/data/LGVQ/videos/Text2Video-Zero/A bowl of hot soup is especially delicious on a cold winter day.mp4""}"
188,Text2Video-Zero/A bowl of ramen has delicious pork and seaweed.mp4,46.16,34.409912109375,188,1,"[4, 13, 22, 32]","{""center_crop_fraction_of_short_side"": 0.65, ""container_reported_size_wh"": [512, 512], ""decoded_frames"": [{""center_crop_xywh"": [89, 89, 333, 333], ""decoded_size_wh"": [512, 512], ""frame_position"": 4, ""resize_output_size_wh"": [448, 448]}, {""center_crop_xywh"": [89, 89, 333, 333], ""decoded_size_wh"": [512, 512], ""frame_position"": 13, ""resize_output_size_wh"": [448, 448]}, {""center_crop_xywh"": [89, 89, 333, 333], ""decoded_size_wh"": [512, 512], ""frame_position"": 22, ""resize_output_size_wh"": [448, 448]}, {""center_crop_xywh"": [89, 89, 333, 333], ""decoded_size_wh"": [512, 512], ""frame_position"": 32, ""resize_output_size_wh"": [448, 448]}], ""processor_pixel_constraint"": {""max_pixels"": 200704, ""min_pixels"": 200704}, ""requested_frame_fractions"": [0.1, 0.37, 0.63, 0.9], ""resize_interpolation"": ""OpenCV INTER_AREA"", ""sample_id"": ""Text2Video-Zero/A bowl of ramen has delicious pork and seaweed.mp4"", ""selected_frame_positions"": [4, 13, 22, 32], ""source_file_bytes"": 663217, ""source_fps_used"": 12.0, ""source_frame_count"": 36, ""video_path"": ""/DATA/DATA1/lixinyue/xyli/data/LGVQ/videos/Text2Video-Zero/A bowl of ramen has delicious pork and seaweed.mp4""}"
189,Text2Video-Zero/A bowl of rich French onion soup emanates an enticing aroma.mp4,35.41,35.94036865234375,189,1,"[4, 13, 22, 32]","{""center_crop_fraction_of_short_side"": 0.65, ""container_reported_size_wh"": [512, 512], ""decoded_frames"": [{""center_crop_xywh"": [89, 89, 333, 333], ""decoded_size_wh"": [512, 512], ""frame_position"": 4, ""resize_output_size_wh"": [448, 448]}, {""center_crop_xywh"": [89, 89, 333, 333], ""decoded_size_wh"": [512, 512], ""frame_position"": 13, ""resize_output_size_wh"": [448, 448]}, {""center_crop_xywh"": [89, 89, 333, 333], ""decoded_size_wh"": [512, 512], ""frame_position"": 22, ""resize_output_size_wh"": [448, 448]}, {""center_crop_xywh"": [89, 89, 333, 333], ""decoded_size_wh"": [512, 512], ""frame_position"": 32, ""resize_output_size_wh"": [448, 448]}], ""processor_pixel_constraint"": {""max_pixels"": 200704, ""min_pixels"": 200704}, ""requested_frame_fractions"": [0.1, 0.37, 0.63, 0.9], ""resize_interpolation"": ""OpenCV INTER_AREA"", ""sample_id"": ""Text2Video-Zero/A bowl of rich French onion soup emanates an enticing aroma.mp4"", ""selected_frame_positions"": [4, 13, 22, 32], ""source_file_bytes"": 337389, ""source_fps_used"": 12.0, ""source_frame_count"": 36, ""video_path"": ""/DATA/DATA1/lixinyue/xyli/data/LGVQ/videos/Text2Video-Zero/A bowl of rich French onion soup emanates an enticing aroma.mp4""}"
190,Text2Video-Zero/A bowl of spicy Mexican chili is very delicious.mp4,29.95,35.30000686645508,190,1,"[4, 13, 22, 32]","{""center_crop_fraction_of_short_side"": 0.65, ""container_reported_size_wh"": [512, 512], ""decoded_frames"": [{""center_crop_xywh"": [89, 89, 333, 333], ""decoded_size_wh"": [512, 512], ""frame_position"": 4, ""resize_output_size_wh"": [448, 448]}, {""center_crop_xywh"": [89, 89, 333, 333], ""decoded_size_wh"": [512, 512], ""frame_position"": 13, ""resize_output_size_wh"": [448, 448]}, {""center_crop_xywh"": [89, 89, 333, 333], ""decoded_size_wh"": [512, 512], ""frame_position"": 22, ""resize_output_size_wh"": [448, 448]}, {""center_crop_xywh"": [89, 89, 333, 333], ""decoded_size_wh"": [512, 512], ""frame_position"": 32, ""resize_output_size_wh"": [448, 448]}], ""processor_pixel_constraint"": {""max_pixels"": 200704, ""min_pixels"": 200704}, ""requested_frame_fractions"": [0.1, 0.37, 0.63, 0.9], ""resize_interpolation"": ""OpenCV INTER_AREA"", ""sample_id"": ""Text2Video-Zero/A bowl of spicy Mexican chili is very delicious.mp4"", ""selected_frame_positions"": [4, 13, 22, 32], ""source_file_bytes"": 651689, ""source_fps_used"": 12.0, ""source_frame_count"": 36, ""video_path"": ""/DATA/DATA1/lixinyue/xyli/data/LGVQ/videos/Text2Video-Zero/A bowl of spicy Mexican chili is very delicious.mp4""}"
191,Text2Video-Zero/A butterfly gracefully dances among the flowers.mp4,38.18,34.96826934814453,191,1,"[4, 13, 22, 32]","{""center_crop_fraction_of_short_side"": 0.65, ""container_reported_size_wh"": [512, 512], ""decoded_frames"": [{""center_crop_xywh"": [89, 89, 333, 333], ""decoded_size_wh"": [512, 512], ""frame_position"": 4, ""resize_output_size_wh"": [448, 448]}, {""center_crop_xywh"": [89, 89, 333, 333], ""decoded_size_wh"": [512, 512], ""frame_position"": 13, ""resize_output_size_wh"": [448, 448]}, {""center_crop_xywh"": [89, 89, 333, 333], ""decoded_size_wh"": [512, 512], ""frame_position"": 22, ""resize_output_size_wh"": [448, 448]}, {""center_crop_xywh"": [89, 89, 333, 333], ""decoded_size_wh"": [512, 512], ""frame_position"": 32, ""resize_output_size_wh"": [448, 448]}], ""processor_pixel_constraint"": {""max_pixels"": 200704, ""min_pixels"": 200704}, ""requested_frame_fractions"": [0.1, 0.37, 0.63, 0.9], ""resize_interpolation"": ""OpenCV INTER_AREA"", ""sample_id"": ""Text2Video-Zero/A butterfly gracefully dances among the flowers.mp4"", ""selected_frame_positions"": [4, 13, 22, 32], ""source_file_bytes"": 691511, ""source_fps_used"": 12.0, ""source_frame_count"": 36, ""video_path"": ""/DATA/DATA1/lixinyue/xyli/data/LGVQ/videos/Text2Video-Zero/A butterfly gracefully dances among the flowers.mp4""}"
192,Text2Video-Zero/A cactus thrives in the harsh desert.mp4,38.15,44.28507995605469,192,1,"[4, 13, 22, 32]","{""center_crop_fraction_of_short_side"": 0.65, ""container_reported_size_wh"": [512, 512], ""decoded_frames"": [{""center_crop_xywh"": [89, 89, 333, 333], ""decoded_size_wh"": [512, 512], ""frame_position"": 4, ""resize_output_size_wh"": [448, 448]}, {""center_crop_xywh"": [89, 89, 333, 333], ""decoded_size_wh"": [512, 512], ""frame_position"": 13, ""resize_output_size_wh"": [448, 448]}, {""center_crop_xywh"": [89, 89, 333, 333], ""decoded_size_wh"": [512, 512], ""frame_position"": 22, ""resize_output_size_wh"": [448, 448]}, {""center_crop_xywh"": [89, 89, 333, 333], ""decoded_size_wh"": [512, 512], ""frame_position"": 32, ""resize_output_size_wh"": [448, 448]}], ""processor_pixel_constraint"": {""max_pixels"": 200704, ""min_pixels"": 200704}, ""requested_frame_fractions"": [0.1, 0.37, 0.63, 0.9], ""resize_interpolation"": ""OpenCV INTER_AREA"", ""sample_id"": ""Text2Video-Zero/A cactus thrives in the harsh desert.mp4"", ""selected_frame_positions"": [4, 13, 22, 32], ""source_file_bytes"": 925510, ""source_fps_used"": 12.0, ""source_frame_count"": 36, ""video_path"": ""/DATA/DATA1/lixinyue/xyli/data/LGVQ/videos/Text2Video-Zero/A cactus thrives in the harsh desert.mp4""}"
193,"Text2Video-Zero/A couple walks hand in hand on the beach, listening to the sound of the waves.mp4",34.79,42.072486877441406,193,1,"[4, 13, 22, 32]","{""center_crop_fraction_of_short_side"": 0.65, ""container_reported_size_wh"": [512, 512], ""decoded_frames"": [{""center_crop_xywh"": [89, 89, 333, 333], ""decoded_size_wh"": [512, 512], ""frame_position"": 4, ""resize_output_size_wh"": [448, 448]}, {""center_crop_xywh"": [89, 89, 333, 333], ""decoded_size_wh"": [512, 512], ""frame_position"": 13, ""resize_output_size_wh"": [448, 448]}, {""center_crop_xywh"": [89, 89, 333, 333], ""decoded_size_wh"": [512, 512], ""frame_position"": 22, ""resize_output_size_wh"": [448, 448]}, {""center_crop_xywh"": [89, 89, 333, 333], ""decoded_size_wh"": [512, 512], ""frame_position"": 32, ""resize_output_size_wh"": [448, 448]}], ""processor_pixel_constraint"": {""max_pixels"": 200704, ""min_pixels"": 200704}, ""requested_frame_fractions"": [0.1, 0.37, 0.63, 0.9], ""resize_interpolation"": ""OpenCV INTER_AREA"", ""sample_id"": ""Text2Video-Zero/A couple walks hand in hand on the beach, listening to the sound of the waves.mp4"", ""selected_frame_positions"": [4, 13, 22, 32], ""source_file_bytes"": 757631, ""source_fps_used"": 12.0, ""source_frame_count"": 36, ""video_path"": ""/DATA/DATA1/lixinyue/xyli/data/LGVQ/videos/Text2Video-Zero/A couple walks hand in hand on the beach, listening to the sound of the waves.mp4""}"
194,Text2Video-Zero/A cup of hot chocolate is fragrant.mp4,36.8,44.7049446105957,194,1,"[4, 13, 22, 32]","{""center_crop_fraction_of_short_side"": 0.65, ""container_reported_size_wh"": [512, 512], ""decoded_frames"": [{""center_crop_xywh"": [89, 89, 333, 333], ""decoded_size_wh"": [512, 512], ""frame_position"": 4, ""resize_output_size_wh"": [448, 448]}, {""center_crop_xywh"": [89, 89, 333, 333], ""decoded_size_wh"": [512, 512], ""frame_position"": 13, ""resize_output_size_wh"": [448, 448]}, {""center_crop_xywh"": [89, 89, 333, 333], ""decoded_size_wh"": [512, 512], ""frame_position"": 22, ""resize_output_size_wh"": [448, 448]}, {""center_crop_xywh"": [89, 89, 333, 333], ""decoded_size_wh"": [512, 512], ""frame_position"": 32, ""resize_output_size_wh"": [448, 448]}], ""processor_pixel_constraint"": {""max_pixels"": 200704, ""min_pixels"": 200704}, ""requested_frame_fractions"": [0.1, 0.37, 0.63, 0.9], ""resize_interpolation"": ""OpenCV INTER_AREA"", ""sample_id"": ""Text2Video-Zero/A cup of hot chocolate is fragrant.mp4"", ""selected_frame_positions"": [4, 13, 22, 32], ""source_file_bytes"": 263477, ""source_fps_used"": 12.0, ""source_frame_count"": 36, ""video_path"": ""/DATA/DATA1/lixinyue/xyli/data/LGVQ/videos/Text2Video-Zero/A cup of hot chocolate is fragrant.mp4""}"
195,Text2Video-Zero/A daffodil sways in the spring breeze.mp4,35.41,32.703250885009766,195,1,"[4, 13, 22, 32]","{""center_crop_fraction_of_short_side"": 0.65, ""container_reported_size_wh"": [512, 512], ""decoded_frames"": [{""center_crop_xywh"": [89, 89, 333, 333], ""decoded_size_wh"": [512, 512], ""frame_position"": 4, ""resize_output_size_wh"": [448, 448]}, {""center_crop_xywh"": [89, 89, 333, 333], ""decoded_size_wh"": [512, 512], ""frame_position"": 13, ""resize_output_size_wh"": [448, 448]}, {""center_crop_xywh"": [89, 89, 333, 333], ""decoded_size_wh"": [512, 512], ""frame_position"": 22, ""resize_output_size_wh"": [448, 448]}, {""center_crop_xywh"": [89, 89, 333, 333], ""decoded_size_wh"": [512, 512], ""frame_position"": 32, ""resize_output_size_wh"": [448, 448]}], ""processor_pixel_constraint"": {""max_pixels"": 200704, ""min_pixels"": 200704}, ""requested_frame_fractions"": [0.1, 0.37, 0.63, 0.9], ""resize_interpolation"": ""OpenCV INTER_AREA"", ""sample_id"": ""Text2Video-Zero/A daffodil sways in the spring breeze.mp4"", ""selected_frame_positions"": [4, 13, 22, 32], ""source_file_bytes"": 259270, ""source_fps_used"": 12.0, ""source_frame_count"": 36, ""video_path"": ""/DATA/DATA1/lixinyue/xyli/data/LGVQ/videos/Text2Video-Zero/A daffodil sways in the spring breeze.mp4""}"
196,Text2Video-Zero/A designer creates fashionable clothing designs.mp4,32.66,38.34572982788086,196,1,"[4, 13, 22, 32]","{""center_crop_fraction_of_short_side"": 0.65, ""container_reported_size_wh"": [512, 512], ""decoded_frames"": [{""center_crop_xywh"": [89, 89, 333, 333], ""decoded_size_wh"": [512, 512], ""frame_position"": 4, ""resize_output_size_wh"": [448, 448]}, {""center_crop_xywh"": [89, 89, 333, 333], ""decoded_size_wh"": [512, 512], ""frame_position"": 13, ""resize_output_size_wh"": [448, 448]}, {""center_crop_xywh"": [89, 89, 333, 333], ""decoded_size_wh"": [512, 512], ""frame_position"": 22, ""resize_output_size_wh"": [448, 448]}, {""center_crop_xywh"": [89, 89, 333, 333], ""decoded_size_wh"": [512, 512], ""frame_position"": 32, ""resize_output_size_wh"": [448, 448]}], ""processor_pixel_constraint"": {""max_pixels"": 200704, ""min_pixels"": 200704}, ""requested_frame_fractions"": [0.1, 0.37, 0.63, 0.9], ""resize_interpolation"": ""OpenCV INTER_AREA"", ""sample_id"": ""Text2Video-Zero/A designer creates fashionable clothing designs.mp4"", ""selected_frame_positions"": [4, 13, 22, 32], ""source_file_bytes"": 530702, ""source_fps_used"": 12.0, ""source_frame_count"": 36, ""video_path"": ""/DATA/DATA1/lixinyue/xyli/data/LGVQ/videos/Text2Video-Zero/A designer creates fashionable clothing designs.mp4""}"
197,Text2Video-Zero/A diver is exploring the underwater world under the coral reef.mp4,32.69,39.02421569824219,197,1,"[4, 13, 22, 32]","{""center_crop_fraction_of_short_side"": 0.65, ""container_reported_size_wh"": [512, 512], ""decoded_frames"": [{""center_crop_xywh"": [89, 89, 333, 333], ""decoded_size_wh"": [512, 512], ""frame_position"": 4, ""resize_output_size_wh"": [448, 448]}, {""center_crop_xywh"": [89, 89, 333, 333], ""decoded_size_wh"": [512, 512], ""frame_position"": 13, ""resize_output_size_wh"": [448, 448]}, {""center_crop_xywh"": [89, 89, 333, 333], ""decoded_size_wh"": [512, 512], ""frame_position"": 22, ""resize_output_size_wh"": [448, 448]}, {""center_crop_xywh"": [89, 89, 333, 333], ""decoded_size_wh"": [512, 512], ""frame_position"": 32, ""resize_output_size_wh"": [448, 448]}], ""processor_pixel_constraint"": {""max_pixels"": 200704, ""min_pixels"": 200704}, ""requested_frame_fractions"": [0.1, 0.37, 0.63, 0.9], ""resize_interpolation"": ""OpenCV INTER_AREA"", ""sample_id"": ""Text2Video-Zero/A diver is exploring the underwater world under the coral reef.mp4"", ""selected_frame_positions"": [4, 13, 22, 32], ""source_file_bytes"": 1581565, ""source_fps_used"": 12.0, ""source_frame_count"": 36, ""video_path"": ""/DATA/DATA1/lixinyue/xyli/data/LGVQ/videos/Text2Video-Zero/A diver is exploring the underwater world under the coral reef.mp4""}"
198,Text2Video-Zero/A doctor cares for patients in the hospital.mp4,31.35,56.88945007324219,198,1,"[4, 13, 22, 32]","{""center_crop_fraction_of_short_side"": 0.65, ""container_reported_size_wh"": [512, 512], ""decoded_frames"": [{""center_crop_xywh"": [89, 89, 333, 333], ""decoded_size_wh"": [512, 512], ""frame_position"": 4, ""resize_output_size_wh"": [448, 448]}, {""center_crop_xywh"": [89, 89, 333, 333], ""decoded_size_wh"": [512, 512], ""frame_position"": 13, ""resize_output_size_wh"": [448, 448]}, {""center_crop_xywh"": [89, 89, 333, 333], ""decoded_size_wh"": [512, 512], ""frame_position"": 22, ""resize_output_size_wh"": [448, 448]}, {""center_crop_xywh"": [89, 89, 333, 333], ""decoded_size_wh"": [512, 512], ""frame_position"": 32, ""resize_output_size_wh"": [448, 448]}], ""processor_pixel_constraint"": {""max_pixels"": 200704, ""min_pixels"": 200704}, ""requested_frame_fractions"": [0.1, 0.37, 0.63, 0.9], ""resize_interpolation"": ""OpenCV INTER_AREA"", ""sample_id"": ""Text2Video-Zero/A doctor cares for patients in the hospital.mp4"", ""selected_frame_positions"": [4, 13, 22, 32], ""source_file_bytes"": 502848, ""source_fps_used"": 12.0, ""source_frame_count"": 36, ""video_path"": ""/DATA/DATA1/lixinyue/xyli/data/LGVQ/videos/Text2Video-Zero/A doctor cares for patients in the hospital.mp4""}"
199,Text2Video-Zero/A doctor is carefully examining a patient's body.mp4,42.23,47.651580810546875,199,1,"[4, 13, 22, 32]","{""center_crop_fraction_of_short_side"": 0.65, ""container_reported_size_wh"": [512, 512], ""decoded_frames"": [{""center_crop_xywh"": [89, 89, 333, 333], ""decoded_size_wh"": [512, 512], ""frame_position"": 4, ""resize_output_size_wh"": [448, 448]}, {""center_crop_xywh"": [89, 89, 333, 333], ""decoded_size_wh"": [512, 512], ""frame_position"": 13, ""resize_output_size_wh"": [448, 448]}, {""center_crop_xywh"": [89, 89, 333, 333], ""decoded_size_wh"": [512, 512], ""frame_position"": 22, ""resize_output_size_wh"": [448, 448]}, {""center_crop_xywh"": [89, 89, 333, 333], ""decoded_size_wh"": [512, 512], ""frame_position"": 32, ""resize_output_size_wh"": [448, 448]}], ""processor_pixel_constraint"": {""max_pixels"": 200704, ""min_pixels"": 200704}, ""requested_frame_fractions"": [0.1, 0.37, 0.63, 0.9], ""resize_interpolation"": ""OpenCV INTER_AREA"", ""sample_id"": ""Text2Video-Zero/A doctor is carefully examining a patient's body.mp4"", ""selected_frame_positions"": [4, 13, 22, 32], ""source_file_bytes"": 408075, ""source_fps_used"": 12.0, ""source_frame_count"": 36, ""video_path"": ""/DATA/DATA1/lixinyue/xyli/data/LGVQ/videos/Text2Video-Zero/A doctor is carefully examining a patient's body.mp4""}"
200,Text2Video-Zero/A family goes to the movies on the weekend.mp4,34.18,38.157745361328125,200,1,"[4, 13, 22, 32]","{""center_crop_fraction_of_short_side"": 0.65, ""container_reported_size_wh"": [512, 512], ""decoded_frames"": [{""center_crop_xywh"": [89, 89, 333, 333], ""decoded_size_wh"": [512, 512], ""frame_position"": 4, ""resize_output_size_wh"": [448, 448]}, {""center_crop_xywh"": [89, 89, 333, 333], ""decoded_size_wh"": [512, 512], ""frame_position"": 13, ""resize_output_size_wh"": [448, 448]}, {""center_crop_xywh"": [89, 89, 333, 333], ""decoded_size_wh"": [512, 512], ""frame_position"": 22, ""resize_output_size_wh"": [448, 448]}, {""center_crop_xywh"": [89, 89, 333, 333], ""decoded_size_wh"": [512, 512], ""frame_position"": 32, ""resize_output_size_wh"": [448, 448]}], ""processor_pixel_constraint"": {""max_pixels"": 200704, ""min_pixels"": 200704}, ""requested_frame_fractions"": [0.1, 0.37, 0.63, 0.9], ""resize_interpolation"": ""OpenCV INTER_AREA"", ""sample_id"": ""Text2Video-Zero/A family goes to the movies on the weekend.mp4"", ""selected_frame_positions"": [4, 13, 22, 32], ""source_file_bytes"": 469628, ""source_fps_used"": 12.0, ""source_frame_count"": 36, ""video_path"": ""/DATA/DATA1/lixinyue/xyli/data/LGVQ/videos/Text2Video-Zero/A family goes to the movies on the weekend.mp4""}"
201,Text2Video-Zero/A field of dandelions lines the side of a rural road.mp4,39.39,51.17625427246094,201,1,"[4, 13, 22, 32]","{""center_crop_fraction_of_short_side"": 0.65, ""container_reported_size_wh"": [512, 512], ""decoded_frames"": [{""center_crop_xywh"": [89, 89, 333, 333], ""decoded_size_wh"": [512, 512], ""frame_position"": 4, ""resize_output_size_wh"": [448, 448]}, {""center_crop_xywh"": [89, 89, 333, 333], ""decoded_size_wh"": [512, 512], ""frame_position"": 13, ""resize_output_size_wh"": [448, 448]}, {""center_crop_xywh"": [89, 89, 333, 333], ""decoded_size_wh"": [512, 512], ""frame_position"": 22, ""resize_output_size_wh"": [448, 448]}, {""center_crop_xywh"": [89, 89, 333, 333], ""decoded_size_wh"": [512, 512], ""frame_position"": 32, ""resize_output_size_wh"": [448, 448]}], ""processor_pixel_constraint"": {""max_pixels"": 200704, ""min_pixels"": 200704}, ""requested_frame_fractions"": [0.1, 0.37, 0.63, 0.9], ""resize_interpolation"": ""OpenCV INTER_AREA"", ""sample_id"": ""Text2Video-Zero/A field of dandelions lines the side of a rural road.mp4"", ""selected_frame_positions"": [4, 13, 22, 32], ""source_file_bytes"": 1619759, ""source_fps_used"": 12.0, ""source_frame_count"": 36, ""video_path"": ""/DATA/DATA1/lixinyue/xyli/data/LGVQ/videos/Text2Video-Zero/A field of dandelions lines the side of a rural road.mp4""}"
202,Text2Video-Zero/A golden field of wheat sways gently in the breeze.mp4,39.5,65.0586166381836,202,1,"[4, 13, 22, 32]","{""center_crop_fraction_of_short_side"": 0.65, ""container_reported_size_wh"": [512, 512], ""decoded_frames"": [{""center_crop_xywh"": [89, 89, 333, 333], ""decoded_size_wh"": [512, 512], ""frame_position"": 4, ""resize_output_size_wh"": [448, 448]}, {""center_crop_xywh"": [89, 89, 333, 333], ""decoded_size_wh"": [512, 512], ""frame_position"": 13, ""resize_output_size_wh"": [448, 448]}, {""center_crop_xywh"": [89, 89, 333, 333], ""decoded_size_wh"": [512, 512], ""frame_position"": 22, ""resize_output_size_wh"": [448, 448]}, {""center_crop_xywh"": [89, 89, 333, 333], ""decoded_size_wh"": [512, 512], ""frame_position"": 32, ""resize_output_size_wh"": [448, 448]}], ""processor_pixel_constraint"": {""max_pixels"": 200704, ""min_pixels"": 200704}, ""requested_frame_fractions"": [0.1, 0.37, 0.63, 0.9], ""resize_interpolation"": ""OpenCV INTER_AREA"", ""sample_id"": ""Text2Video-Zero/A golden field of wheat sways gently in the breeze.mp4"", ""selected_frame_positions"": [4, 13, 22, 32], ""source_file_bytes"": 771355, ""source_fps_used"": 12.0, ""source_frame_count"": 36, ""video_path"": ""/DATA/DATA1/lixinyue/xyli/data/LGVQ/videos/Text2Video-Zero/A golden field of wheat sways gently in the breeze.mp4""}"
203,Text2Video-Zero/A group of villagers wash clothes by the stream.mp4,31.24,35.19397735595703,203,1,"[4, 13, 22, 32]","{""center_crop_fraction_of_short_side"": 0.65, ""container_reported_size_wh"": [512, 512], ""decoded_frames"": [{""center_crop_xywh"": [89, 89, 333, 333], ""decoded_size_wh"": [512, 512], ""frame_position"": 4, ""resize_output_size_wh"": [448, 448]}, {""center_crop_xywh"": [89, 89, 333, 333], ""decoded_size_wh"": [512, 512], ""frame_position"": 13, ""resize_output_size_wh"": [448, 448]}, {""center_crop_xywh"": [89, 89, 333, 333], ""decoded_size_wh"": [512, 512], ""frame_position"": 22, ""resize_output_size_wh"": [448, 448]}, {""center_crop_xywh"": [89, 89, 333, 333], ""decoded_size_wh"": [512, 512], ""frame_position"": 32, ""resize_output_size_wh"": [448, 448]}], ""processor_pixel_constraint"": {""max_pixels"": 200704, ""min_pixels"": 200704}, ""requested_frame_fractions"": [0.1, 0.37, 0.63, 0.9], ""resize_interpolation"": ""OpenCV INTER_AREA"", ""sample_id"": ""Text2Video-Zero/A group of villagers wash clothes by the stream.mp4"", ""selected_frame_positions"": [4, 13, 22, 32], ""source_file_bytes"": 1072955, ""source_fps_used"": 12.0, ""source_frame_count"": 36, ""video_path"": ""/DATA/DATA1/lixinyue/xyli/data/LGVQ/videos/Text2Video-Zero/A group of villagers wash clothes by the stream.mp4""}"
204,Text2Video-Zero/A hippo leisurely floats in the water.mp4,37.97,44.750953674316406,204,1,"[4, 13, 22, 32]","{""center_crop_fraction_of_short_side"": 0.65, ""container_reported_size_wh"": [512, 512], ""decoded_frames"": [{""center_crop_xywh"": [89, 89, 333, 333], ""decoded_size_wh"": [512, 512], ""frame_position"": 4, ""resize_output_size_wh"": [448, 448]}, {""center_crop_xywh"": [89, 89, 333, 333], ""decoded_size_wh"": [512, 512], ""frame_position"": 13, ""resize_output_size_wh"": [448, 448]}, {""center_crop_xywh"": [89, 89, 333, 333], ""decoded_size_wh"": [512, 512], ""frame_position"": 22, ""resize_output_size_wh"": [448, 448]}, {""center_crop_xywh"": [89, 89, 333, 333], ""decoded_size_wh"": [512, 512], ""frame_position"": 32, ""resize_output_size_wh"": [448, 448]}], ""processor_pixel_constraint"": {""max_pixels"": 200704, ""min_pixels"": 200704}, ""requested_frame_fractions"": [0.1, 0.37, 0.63, 0.9], ""resize_interpolation"": ""OpenCV INTER_AREA"", ""sample_id"": ""Text2Video-Zero/A hippo leisurely floats in the water.mp4"", ""selected_frame_positions"": [4, 13, 22, 32], ""source_file_bytes"": 685258, ""source_fps_used"": 12.0, ""source_frame_count"": 36, ""video_path"": ""/DATA/DATA1/lixinyue/xyli/data/LGVQ/videos/Text2Video-Zero/A hippo leisurely floats in the water.mp4""}"
205,Text2Video-Zero/A kangaroo jumps across the Australian desert.mp4,39.08,55.23988342285156,205,1,"[4, 13, 22, 32]","{""center_crop_fraction_of_short_side"": 0.65, ""container_reported_size_wh"": [512, 512], ""decoded_frames"": [{""center_crop_xywh"": [89, 89, 333, 333], ""decoded_size_wh"": [512, 512], ""frame_position"": 4, ""resize_output_size_wh"": [448, 448]}, {""center_crop_xywh"": [89, 89, 333, 333], ""decoded_size_wh"": [512, 512], ""frame_position"": 13, ""resize_output_size_wh"": [448, 448]}, {""center_crop_xywh"": [89, 89, 333, 333], ""decoded_size_wh"": [512, 512], ""frame_position"": 22, ""resize_output_size_wh"": [448, 448]}, {""center_crop_xywh"": [89, 89, 333, 333], ""decoded_size_wh"": [512, 512], ""frame_position"": 32, ""resize_output_size_wh"": [448, 448]}], ""processor_pixel_constraint"": {""max_pixels"": 200704, ""min_pixels"": 200704}, ""requested_frame_fractions"": [0.1, 0.37, 0.63, 0.9], ""resize_interpolation"": ""OpenCV INTER_AREA"", ""sample_id"": ""Text2Video-Zero/A kangaroo jumps across the Australian desert.mp4"", ""selected_frame_positions"": [4, 13, 22, 32], ""source_file_bytes"": 1504993, ""source_fps_used"": 12.0, ""source_frame_count"": 36, ""video_path"": ""/DATA/DATA1/lixinyue/xyli/data/LGVQ/videos/Text2Video-Zero/A kangaroo jumps across the Australian desert.mp4""}"
206,Text2Video-Zero/A lotus leaf floats on a serene pond.mp4,39.46,49.18700408935547,206,1,"[4, 13, 22, 32]","{""center_crop_fraction_of_short_side"": 0.65, ""container_reported_size_wh"": [512, 512], ""decoded_frames"": [{""center_crop_xywh"": [89, 89, 333, 333], ""decoded_size_wh"": [512, 512], ""frame_position"": 4, ""resize_output_size_wh"": [448, 448]}, {""center_crop_xywh"": [89, 89, 333, 333], ""decoded_size_wh"": [512, 512], ""frame_position"": 13, ""resize_output_size_wh"": [448, 448]}, {""center_crop_xywh"": [89, 89, 333, 333], ""decoded_size_wh"": [512, 512], ""frame_position"": 22, ""resize_output_size_wh"": [448, 448]}, {""center_crop_xywh"": [89, 89, 333, 333], ""decoded_size_wh"": [512, 512], ""frame_position"": 32, ""resize_output_size_wh"": [448, 448]}], ""processor_pixel_constraint"": {""max_pixels"": 200704, ""min_pixels"": 200704}, ""requested_frame_fractions"": [0.1, 0.37, 0.63, 0.9], ""resize_interpolation"": ""OpenCV INTER_AREA"", ""sample_id"": ""Text2Video-Zero/A lotus leaf floats on a serene pond.mp4"", ""selected_frame_positions"": [4, 13, 22, 32], ""source_file_bytes"": 534230, ""source_fps_used"": 12.0, ""source_frame_count"": 36, ""video_path"": ""/DATA/DATA1/lixinyue/xyli/data/LGVQ/videos/Text2Video-Zero/A lotus leaf floats on a serene pond.mp4""}"
207,Text2Video-Zero/A milkshake is garnished with fresh strawberries and cream.mp4,36.82,37.66965866088867,207,1,"[4, 13, 22, 32]","{""center_crop_fraction_of_short_side"": 0.65, ""container_reported_size_wh"": [512, 512], ""decoded_frames"": [{""center_crop_xywh"": [89, 89, 333, 333], ""decoded_size_wh"": [512, 512], ""frame_position"": 4, ""resize_output_size_wh"": [448, 448]}, {""center_crop_xywh"": [89, 89, 333, 333], ""decoded_size_wh"": [512, 512], ""frame_position"": 13, ""resize_output_size_wh"": [448, 448]}, {""center_crop_xywh"": [89, 89, 333, 333], ""decoded_size_wh"": [512, 512], ""frame_position"": 22, ""resize_output_size_wh"": [448, 448]}, {""center_crop_xywh"": [89, 89, 333, 333], ""decoded_size_wh"": [512, 512], ""frame_position"": 32, ""resize_output_size_wh"": [448, 448]}], ""processor_pixel_constraint"": {""max_pixels"": 200704, ""min_pixels"": 200704}, ""requested_frame_fractions"": [0.1, 0.37, 0.63, 0.9], ""resize_interpolation"": ""OpenCV INTER_AREA"", ""sample_id"": ""Text2Video-Zero/A milkshake is garnished with fresh strawberries and cream.mp4"", ""selected_frame_positions"": [4, 13, 22, 32], ""source_file_bytes"": 338899, ""source_fps_used"": 12.0, ""source_frame_count"": 36, ""video_path"": ""/DATA/DATA1/lixinyue/xyli/data/LGVQ/videos/Text2Video-Zero/A milkshake is garnished with fresh strawberries and cream.mp4""}"
208,Text2Video-Zero/A painter showcases their art on an outdoor gallery.mp4,39.5,32.759033203125,208,1,"[4, 13, 22, 32]","{""center_crop_fraction_of_short_side"": 0.65, ""container_reported_size_wh"": [512, 512], ""decoded_frames"": [{""center_crop_xywh"": [89, 89, 333, 333], ""decoded_size_wh"": [512, 512], ""frame_position"": 4, ""resize_output_size_wh"": [448, 448]}, {""center_crop_xywh"": [89, 89, 333, 333], ""decoded_size_wh"": [512, 512], ""frame_position"": 13, ""resize_output_size_wh"": [448, 448]}, {""center_crop_xywh"": [89, 89, 333, 333], ""decoded_size_wh"": [512, 512], ""frame_position"": 22, ""resize_output_size_wh"": [448, 448]}, {""center_crop_xywh"": [89, 89, 333, 333], ""decoded_size_wh"": [512, 512], ""frame_position"": 32, ""resize_output_size_wh"": [448, 448]}], ""processor_pixel_constraint"": {""max_pixels"": 200704, ""min_pixels"": 200704}, ""requested_frame_fractions"": [0.1, 0.37, 0.63, 0.9], ""resize_interpolation"": ""OpenCV INTER_AREA"", ""sample_id"": ""Text2Video-Zero/A painter showcases their art on an outdoor gallery.mp4"", ""selected_frame_positions"": [4, 13, 22, 32], ""source_file_bytes"": 1109881, ""source_fps_used"": 12.0, ""source_frame_count"": 36, ""video_path"": ""/DATA/DATA1/lixinyue/xyli/data/LGVQ/videos/Text2Video-Zero/A painter showcases their art on an outdoor gallery.mp4""}"
209,Text2Video-Zero/A peony blooms with snow-white petals.mp4,40.94,39.73960876464844,209,1,"[4, 13, 22, 32]","{""center_crop_fraction_of_short_side"": 0.65, ""container_reported_size_wh"": [512, 512], ""decoded_frames"": [{""center_crop_xywh"": [89, 89, 333, 333], ""decoded_size_wh"": [512, 512], ""frame_position"": 4, ""resize_output_size_wh"": [448, 448]}, {""center_crop_xywh"": [89, 89, 333, 333], ""decoded_size_wh"": [512, 512], ""frame_position"": 13, ""resize_output_size_wh"": [448, 448]}, {""center_crop_xywh"": [89, 89, 333, 333], ""decoded_size_wh"": [512, 512], ""frame_position"": 22, ""resize_output_size_wh"": [448, 448]}, {""center_crop_xywh"": [89, 89, 333, 333], ""decoded_size_wh"": [512, 512], ""frame_position"": 32, ""resize_output_size_wh"": [448, 448]}], ""processor_pixel_constraint"": {""max_pixels"": 200704, ""min_pixels"": 200704}, ""requested_frame_fractions"": [0.1, 0.37, 0.63, 0.9], ""resize_interpolation"": ""OpenCV INTER_AREA"", ""sample_id"": ""Text2Video-Zero/A peony blooms with snow-white petals.mp4"", ""selected_frame_positions"": [4, 13, 22, 32], ""source_file_bytes"": 475814, ""source_fps_used"": 12.0, ""source_frame_count"": 36, ""video_path"": ""/DATA/DATA1/lixinyue/xyli/data/LGVQ/videos/Text2Video-Zero/A peony blooms with snow-white petals.mp4""}"
210,Text2Video-Zero/A pet owner walks their dog in the park.mp4,39.47,35.47832489013672,210,1,"[4, 13, 22, 32]","{""center_crop_fraction_of_short_side"": 0.65, ""container_reported_size_wh"": [512, 512], ""decoded_frames"": [{""center_crop_xywh"": [89, 89, 333, 333], ""decoded_size_wh"": [512, 512], ""frame_position"": 4, ""resize_output_size_wh"": [448, 448]}, {""center_crop_xywh"": [89, 89, 333, 333], ""decoded_size_wh"": [512, 512], ""frame_position"": 13, ""resize_output_size_wh"": [448, 448]}, {""center_crop_xywh"": [89, 89, 333, 333], ""decoded_size_wh"": [512, 512], ""frame_position"": 22, ""resize_output_size_wh"": [448, 448]}, {""center_crop_xywh"": [89, 89, 333, 333], ""decoded_size_wh"": [512, 512], ""frame_position"": 32, ""resize_output_size_wh"": [448, 448]}], ""processor_pixel_constraint"": {""max_pixels"": 200704, ""min_pixels"": 200704}, ""requested_frame_fractions"": [0.1, 0.37, 0.63, 0.9], ""resize_interpolation"": ""OpenCV INTER_AREA"", ""sample_id"": ""Text2Video-Zero/A pet owner walks their dog in the park.mp4"", ""selected_frame_positions"": [4, 13, 22, 32], ""source_file_bytes"": 551925, ""source_fps_used"": 12.0, ""source_frame_count"": 36, ""video_path"": ""/DATA/DATA1/lixinyue/xyli/data/LGVQ/videos/Text2Video-Zero/A pet owner walks their dog in the park.mp4""}"
211,Text2Video-Zero/A photographer captures the neon lights of the city.mp4,36.86,43.408538818359375,211,1,"[4, 13, 22, 32]","{""center_crop_fraction_of_short_side"": 0.65, ""container_reported_size_wh"": [512, 512], ""decoded_frames"": [{""center_crop_xywh"": [89, 89, 333, 333], ""decoded_size_wh"": [512, 512], ""frame_position"": 4, ""resize_output_size_wh"": [448, 448]}, {""center_crop_xywh"": [89, 89, 333, 333], ""decoded_size_wh"": [512, 512], ""frame_position"": 13, ""resize_output_size_wh"": [448, 448]}, {""center_crop_xywh"": [89, 89, 333, 333], ""decoded_size_wh"": [512, 512], ""frame_position"": 22, ""resize_output_size_wh"": [448, 448]}, {""center_crop_xywh"": [89, 89, 333, 333], ""decoded_size_wh"": [512, 512], ""frame_position"": 32, ""resize_output_size_wh"": [448, 448]}], ""processor_pixel_constraint"": {""max_pixels"": 200704, ""min_pixels"": 200704}, ""requested_frame_fractions"": [0.1, 0.37, 0.63, 0.9], ""resize_interpolation"": ""OpenCV INTER_AREA"", ""sample_id"": ""Text2Video-Zero/A photographer captures the neon lights of the city.mp4"", ""selected_frame_positions"": [4, 13, 22, 32], ""source_file_bytes"": 860903, ""source_fps_used"": 12.0, ""source_frame_count"": 36, ""video_path"": ""/DATA/DATA1/lixinyue/xyli/data/LGVQ/videos/Text2Video-Zero/A photographer captures the neon lights of the city.mp4""}"
212,Text2Video-Zero/A piece of French bread is spread with butter.mp4,36.74,41.906646728515625,212,1,"[4, 13, 22, 32]","{""center_crop_fraction_of_short_side"": 0.65, ""container_reported_size_wh"": [512, 512], ""decoded_frames"": [{""center_crop_xywh"": [89, 89, 333, 333], ""decoded_size_wh"": [512, 512], ""frame_position"": 4, ""resize_output_size_wh"": [448, 448]}, {""center_crop_xywh"": [89, 89, 333, 333], ""decoded_size_wh"": [512, 512], ""frame_position"": 13, ""resize_output_size_wh"": [448, 448]}, {""center_crop_xywh"": [89, 89, 333, 333], ""decoded_size_wh"": [512, 512], ""frame_position"": 22, ""resize_output_size_wh"": [448, 448]}, {""center_crop_xywh"": [89, 89, 333, 333], ""decoded_size_wh"": [512, 512], ""frame_position"": 32, ""resize_output_size_wh"": [448, 448]}], ""processor_pixel_constraint"": {""max_pixels"": 200704, ""min_pixels"": 200704}, ""requested_frame_fractions"": [0.1, 0.37, 0.63, 0.9], ""resize_interpolation"": ""OpenCV INTER_AREA"", ""sample_id"": ""Text2Video-Zero/A piece of French bread is spread with butter.mp4"", ""selected_frame_positions"": [4, 13, 22, 32], ""source_file_bytes"": 1109604, ""source_fps_used"": 12.0, ""source_frame_count"": 36, ""video_path"": ""/DATA/DATA1/lixinyue/xyli/data/LGVQ/videos/Text2Video-Zero/A piece of French bread is spread with butter.mp4""}"
213,Text2Video-Zero/A piece of cheesecake is covered with blueberry sauce.mp4,40.75,33.34037399291992,213,1,"[4, 13, 22, 32]","{""center_crop_fraction_of_short_side"": 0.65, ""container_reported_size_wh"": [512, 512], ""decoded_frames"": [{""center_crop_xywh"": [89, 89, 333, 333], ""decoded_size_wh"": [512, 512], ""frame_position"": 4, ""resize_output_size_wh"": [448, 448]}, {""center_crop_xywh"": [89, 89, 333, 333], ""decoded_size_wh"": [512, 512], ""frame_position"": 13, ""resize_output_size_wh"": [448, 448]}, {""center_crop_xywh"": [89, 89, 333, 333], ""decoded_size_wh"": [512, 512], ""frame_position"": 22, ""resize_output_size_wh"": [448, 448]}, {""center_crop_xywh"": [89, 89, 333, 333], ""decoded_size_wh"": [512, 512], ""frame_position"": 32, ""resize_output_size_wh"": [448, 448]}], ""processor_pixel_constraint"": {""max_pixels"": 200704, ""min_pixels"": 200704}, ""requested_frame_fractions"": [0.1, 0.37, 0.63, 0.9], ""resize_interpolation"": ""OpenCV INTER_AREA"", ""sample_id"": ""Text2Video-Zero/A piece of cheesecake is covered with blueberry sauce.mp4"", ""selected_frame_positions"": [4, 13, 22, 32], ""source_file_bytes"": 587659, ""source_fps_used"": 12.0, ""source_frame_count"": 36, ""video_path"": ""/DATA/DATA1/lixinyue/xyli/data/LGVQ/videos/Text2Video-Zero/A piece of cheesecake is covered with blueberry sauce.mp4""}"
214,Text2Video-Zero/A pizza is topped with Italian sausage and mushrooms.mp4,35.33,40.82050704956055,214,1,"[4, 13, 22, 32]","{""center_crop_fraction_of_short_side"": 0.65, ""container_reported_size_wh"": [512, 512], ""decoded_frames"": [{""center_crop_xywh"": [89, 89, 333, 333], ""decoded_size_wh"": [512, 512], ""frame_position"": 4, ""resize_output_size_wh"": [448, 448]}, {""center_crop_xywh"": [89, 89, 333, 333], ""decoded_size_wh"": [512, 512], ""frame_position"": 13, ""resize_output_size_wh"": [448, 448]}, {""center_crop_xywh"": [89, 89, 333, 333], ""decoded_size_wh"": [512, 512], ""frame_position"": 22, ""resize_output_size_wh"": [448, 448]}, {""center_crop_xywh"": [89, 89, 333, 333], ""decoded_size_wh"": [512, 512], ""frame_position"": 32, ""resize_output_size_wh"": [448, 448]}], ""processor_pixel_constraint"": {""max_pixels"": 200704, ""min_pixels"": 200704}, ""requested_frame_fractions"": [0.1, 0.37, 0.63, 0.9], ""resize_interpolation"": ""OpenCV INTER_AREA"", ""sample_id"": ""Text2Video-Zero/A pizza is topped with Italian sausage and mushrooms.mp4"", ""selected_frame_positions"": [4, 13, 22, 32], ""source_file_bytes"": 1107293, ""source_fps_used"": 12.0, ""source_frame_count"": 36, ""video_path"": ""/DATA/DATA1/lixinyue/xyli/data/LGVQ/videos/Text2Video-Zero/A pizza is topped with Italian sausage and mushrooms.mp4""}"
215,Text2Video-Zero/A purple bellflower opens in the sunlight.mp4,36.74,34.57048034667969,215,1,"[4, 13, 22, 32]","{""center_crop_fraction_of_short_side"": 0.65, ""container_reported_size_wh"": [512, 512], ""decoded_frames"": [{""center_crop_xywh"": [89, 89, 333, 333], ""decoded_size_wh"": [512, 512], ""frame_position"": 4, ""resize_output_size_wh"": [448, 448]}, {""center_crop_xywh"": [89, 89, 333, 333], ""decoded_size_wh"": [512, 512], ""frame_position"": 13, ""resize_output_size_wh"": [448, 448]}, {""center_crop_xywh"": [89, 89, 333, 333], ""decoded_size_wh"": [512, 512], ""frame_position"": 22, ""resize_output_size_wh"": [448, 448]}, {""center_crop_xywh"": [89, 89, 333, 333], ""decoded_size_wh"": [512, 512], ""frame_position"": 32, ""resize_output_size_wh"": [448, 448]}], ""processor_pixel_constraint"": {""max_pixels"": 200704, ""min_pixels"": 200704}, ""requested_frame_fractions"": [0.1, 0.37, 0.63, 0.9], ""resize_interpolation"": ""OpenCV INTER_AREA"", ""sample_id"": ""Text2Video-Zero/A purple bellflower opens in the sunlight.mp4"", ""selected_frame_positions"": [4, 13, 22, 32], ""source_file_bytes"": 576484, ""source_fps_used"": 12.0, ""source_frame_count"": 36, ""video_path"": ""/DATA/DATA1/lixinyue/xyli/data/LGVQ/videos/Text2Video-Zero/A purple bellflower opens in the sunlight.mp4""}"
216,Text2Video-Zero/A roasted cod fish is garnished with fresh herbs.mp4,36.81,35.13652038574219,216,1,"[4, 13, 22, 32]","{""center_crop_fraction_of_short_side"": 0.65, ""container_reported_size_wh"": [512, 512], ""decoded_frames"": [{""center_crop_xywh"": [89, 89, 333, 333], ""decoded_size_wh"": [512, 512], ""frame_position"": 4, ""resize_output_size_wh"": [448, 448]}, {""center_crop_xywh"": [89, 89, 333, 333], ""decoded_size_wh"": [512, 512], ""frame_position"": 13, ""resize_output_size_wh"": [448, 448]}, {""center_crop_xywh"": [89, 89, 333, 333], ""decoded_size_wh"": [512, 512], ""frame_position"": 22, ""resize_output_size_wh"": [448, 448]}, {""center_crop_xywh"": [89, 89, 333, 333], ""decoded_size_wh"": [512, 512], ""frame_position"": 32, ""resize_output_size_wh"": [448, 448]}], ""processor_pixel_constraint"": {""max_pixels"": 200704, ""min_pixels"": 200704}, ""requested_frame_fractions"": [0.1, 0.37, 0.63, 0.9], ""resize_interpolation"": ""OpenCV INTER_AREA"", ""sample_id"": ""Text2Video-Zero/A roasted cod fish is garnished with fresh herbs.mp4"", ""selected_frame_positions"": [4, 13, 22, 32], ""source_file_bytes"": 834700, ""source_fps_used"": 12.0, ""source_frame_count"": 36, ""video_path"": ""/DATA/DATA1/lixinyue/xyli/data/LGVQ/videos/Text2Video-Zero/A roasted cod fish is garnished with fresh herbs.mp4""}"
217,Text2Video-Zero/A roasted salmon is presented on a plate.mp4,37.98,37.911991119384766,217,1,"[4, 13, 22, 32]","{""center_crop_fraction_of_short_side"": 0.65, ""container_reported_size_wh"": [512, 512], ""decoded_frames"": [{""center_crop_xywh"": [89, 89, 333, 333], ""decoded_size_wh"": [512, 512], ""frame_position"": 4, ""resize_output_size_wh"": [448, 448]}, {""center_crop_xywh"": [89, 89, 333, 333], ""decoded_size_wh"": [512, 512], ""frame_position"": 13, ""resize_output_size_wh"": [448, 448]}, {""center_crop_xywh"": [89, 89, 333, 333], ""decoded_size_wh"": [512, 512], ""frame_position"": 22, ""resize_output_size_wh"": [448, 448]}, {""center_crop_xywh"": [89, 89, 333, 333], ""decoded_size_wh"": [512, 512], ""frame_position"": 32, ""resize_output_size_wh"": [448, 448]}], ""processor_pixel_constraint"": {""max_pixels"": 200704, ""min_pixels"": 200704}, ""requested_frame_fractions"": [0.1, 0.37, 0.63, 0.9], ""resize_interpolation"": ""OpenCV INTER_AREA"", ""sample_id"": ""Text2Video-Zero/A roasted salmon is presented on a plate.mp4"", ""selected_frame_positions"": [4, 13, 22, 32], ""source_file_bytes"": 1130952, ""source_fps_used"": 12.0, ""source_frame_count"": 36, ""video_path"": ""/DATA/DATA1/lixinyue/xyli/data/LGVQ/videos/Text2Video-Zero/A roasted salmon is presented on a plate.mp4""}"
218,Text2Video-Zero/A salad is sprinkled with nuts and fruits.mp4,43.04,35.23173904418945,218,1,"[4, 13, 22, 32]","{""center_crop_fraction_of_short_side"": 0.65, ""container_reported_size_wh"": [512, 512], ""decoded_frames"": [{""center_crop_xywh"": [89, 89, 333, 333], ""decoded_size_wh"": [512, 512], ""frame_position"": 4, ""resize_output_size_wh"": [448, 448]}, {""center_crop_xywh"": [89, 89, 333, 333], ""decoded_size_wh"": [512, 512], ""frame_position"": 13, ""resize_output_size_wh"": [448, 448]}, {""center_crop_xywh"": [89, 89, 333, 333], ""decoded_size_wh"": [512, 512], ""frame_position"": 22, ""resize_output_size_wh"": [448, 448]}, {""center_crop_xywh"": [89, 89, 333, 333], ""decoded_size_wh"": [512, 512], ""frame_position"": 32, ""resize_output_size_wh"": [448, 448]}], ""processor_pixel_constraint"": {""max_pixels"": 200704, ""min_pixels"": 200704}, ""requested_frame_fractions"": [0.1, 0.37, 0.63, 0.9], ""resize_interpolation"": ""OpenCV INTER_AREA"", ""sample_id"": ""Text2Video-Zero/A salad is sprinkled with nuts and fruits.mp4"", ""selected_frame_positions"": [4, 13, 22, 32], ""source_file_bytes"": 508892, ""source_fps_used"": 12.0, ""source_frame_count"": 36, ""video_path"": ""/DATA/DATA1/lixinyue/xyli/data/LGVQ/videos/Text2Video-Zero/A salad is sprinkled with nuts and fruits.mp4""}"
219,Text2Video-Zero/A sausage is grilled slightly crispy on the barbecue.mp4,40.83,37.567047119140625,219,1,"[4, 13, 22, 32]","{""center_crop_fraction_of_short_side"": 0.65, ""container_reported_size_wh"": [512, 512], ""decoded_frames"": [{""center_crop_xywh"": [89, 89, 333, 333], ""decoded_size_wh"": [512, 512], ""frame_position"": 4, ""resize_output_size_wh"": [448, 448]}, {""center_crop_xywh"": [89, 89, 333, 333], ""decoded_size_wh"": [512, 512], ""frame_position"": 13, ""resize_output_size_wh"": [448, 448]}, {""center_crop_xywh"": [89, 89, 333, 333], ""decoded_size_wh"": [512, 512], ""frame_position"": 22, ""resize_output_size_wh"": [448, 448]}, {""center_crop_xywh"": [89, 89, 333, 333], ""decoded_size_wh"": [512, 512], ""frame_position"": 32, ""resize_output_size_wh"": [448, 448]}], ""processor_pixel_constraint"": {""max_pixels"": 200704, ""min_pixels"": 200704}, ""requested_frame_fractions"": [0.1, 0.37, 0.63, 0.9], ""resize_interpolation"": ""OpenCV INTER_AREA"", ""sample_id"": ""Text2Video-Zero/A sausage is grilled slightly crispy on the barbecue.mp4"", ""selected_frame_positions"": [4, 13, 22, 32], ""source_file_bytes"": 748807, ""source_fps_used"": 12.0, ""source_frame_count"": 36, ""video_path"": ""/DATA/DATA1/lixinyue/xyli/data/LGVQ/videos/Text2Video-Zero/A sausage is grilled slightly crispy on the barbecue.mp4""}"
220,Text2Video-Zero/A skier enjoys the thrill of skiing on a snowy mountain.mp4,32.56,34.13032531738281,220,1,"[4, 13, 22, 32]","{""center_crop_fraction_of_short_side"": 0.65, ""container_reported_size_wh"": [512, 512], ""decoded_frames"": [{""center_crop_xywh"": [89, 89, 333, 333], ""decoded_size_wh"": [512, 512], ""frame_position"": 4, ""resize_output_size_wh"": [448, 448]}, {""center_crop_xywh"": [89, 89, 333, 333], ""decoded_size_wh"": [512, 512], ""frame_position"": 13, ""resize_output_size_wh"": [448, 448]}, {""center_crop_xywh"": [89, 89, 333, 333], ""decoded_size_wh"": [512, 512], ""frame_position"": 22, ""resize_output_size_wh"": [448, 448]}, {""center_crop_xywh"": [89, 89, 333, 333], ""decoded_size_wh"": [512, 512], ""frame_position"": 32, ""resize_output_size_wh"": [448, 448]}], ""processor_pixel_constraint"": {""max_pixels"": 200704, ""min_pixels"": 200704}, ""requested_frame_fractions"": [0.1, 0.37, 0.63, 0.9], ""resize_interpolation"": ""OpenCV INTER_AREA"", ""sample_id"": ""Text2Video-Zero/A skier enjoys the thrill of skiing on a snowy mountain.mp4"", ""selected_frame_positions"": [4, 13, 22, 32], ""source_file_bytes"": 863436, ""source_fps_used"": 12.0, ""source_frame_count"": 36, ""video_path"": ""/DATA/DATA1/lixinyue/xyli/data/LGVQ/videos/Text2Video-Zero/A skier enjoys the thrill of skiing on a snowy mountain.mp4""}"
221,Text2Video-Zero/A slice of French chocolate mousse cake brings sweet delight.mp4,39.27,32.29292678833008,221,1,"[4, 13, 22, 32]","{""center_crop_fraction_of_short_side"": 0.65, ""container_reported_size_wh"": [512, 512], ""decoded_frames"": [{""center_crop_xywh"": [89, 89, 333, 333], ""decoded_size_wh"": [512, 512], ""frame_position"": 4, ""resize_output_size_wh"": [448, 448]}, {""center_crop_xywh"": [89, 89, 333, 333], ""decoded_size_wh"": [512, 512], ""frame_position"": 13, ""resize_output_size_wh"": [448, 448]}, {""center_crop_xywh"": [89, 89, 333, 333], ""decoded_size_wh"": [512, 512], ""frame_position"": 22, ""resize_output_size_wh"": [448, 448]}, {""center_crop_xywh"": [89, 89, 333, 333], ""decoded_size_wh"": [512, 512], ""frame_position"": 32, ""resize_output_size_wh"": [448, 448]}], ""processor_pixel_constraint"": {""max_pixels"": 200704, ""min_pixels"": 200704}, ""requested_frame_fractions"": [0.1, 0.37, 0.63, 0.9], ""resize_interpolation"": ""OpenCV INTER_AREA"", ""sample_id"": ""Text2Video-Zero/A slice of French chocolate mousse cake brings sweet delight.mp4"", ""selected_frame_positions"": [4, 13, 22, 32], ""source_file_bytes"": 582960, ""source_fps_used"": 12.0, ""source_frame_count"": 36, ""video_path"": ""/DATA/DATA1/lixinyue/xyli/data/LGVQ/videos/Text2Video-Zero/A slice of French chocolate mousse cake brings sweet delight.mp4""}"
222,Text2Video-Zero/A tennis player elegantly slid on the grass court.mp4,32.69,52.19163513183594,222,1,"[4, 13, 22, 32]","{""center_crop_fraction_of_short_side"": 0.65, ""container_reported_size_wh"": [512, 512], ""decoded_frames"": [{""center_crop_xywh"": [89, 89, 333, 333], ""decoded_size_wh"": [512, 512], ""frame_position"": 4, ""resize_output_size_wh"": [448, 448]}, {""center_crop_xywh"": [89, 89, 333, 333], ""decoded_size_wh"": [512, 512], ""frame_position"": 13, ""resize_output_size_wh"": [448, 448]}, {""center_crop_xywh"": [89, 89, 333, 333], ""decoded_size_wh"": [512, 512], ""frame_position"": 22, ""resize_output_size_wh"": [448, 448]}, {""center_crop_xywh"": [89, 89, 333, 333], ""decoded_size_wh"": [512, 512], ""frame_position"": 32, ""resize_output_size_wh"": [448, 448]}], ""processor_pixel_constraint"": {""max_pixels"": 200704, ""min_pixels"": 200704}, ""requested_frame_fractions"": [0.1, 0.37, 0.63, 0.9], ""resize_interpolation"": ""OpenCV INTER_AREA"", ""sample_id"": ""Text2Video-Zero/A tennis player elegantly slid on the grass court.mp4"", ""selected_frame_positions"": [4, 13, 22, 32], ""source_file_bytes"": 2049866, ""source_fps_used"": 12.0, ""source_frame_count"": 36, ""video_path"": ""/DATA/DATA1/lixinyue/xyli/data/LGVQ/videos/Text2Video-Zero/A tennis player elegantly slid on the grass court.mp4""}"
223,Text2Video-Zero/A tennis player made spectacular plays at the net.mp4,32.64,36.372581481933594,223,1,"[4, 13, 22, 32]","{""center_crop_fraction_of_short_side"": 0.65, ""container_reported_size_wh"": [512, 512], ""decoded_frames"": [{""center_crop_xywh"": [89, 89, 333, 333], ""decoded_size_wh"": [512, 512], ""frame_position"": 4, ""resize_output_size_wh"": [448, 448]}, {""center_crop_xywh"": [89, 89, 333, 333], ""decoded_size_wh"": [512, 512], ""frame_position"": 13, ""resize_output_size_wh"": [448, 448]}, {""center_crop_xywh"": [89, 89, 333, 333], ""decoded_size_wh"": [512, 512], ""frame_position"": 22, ""resize_output_size_wh"": [448, 448]}, {""center_crop_xywh"": [89, 89, 333, 333], ""decoded_size_wh"": [512, 512], ""frame_position"": 32, ""resize_output_size_wh"": [448, 448]}], ""processor_pixel_constraint"": {""max_pixels"": 200704, ""min_pixels"": 200704}, ""requested_frame_fractions"": [0.1, 0.37, 0.63, 0.9], ""resize_interpolation"": ""OpenCV INTER_AREA"", ""sample_id"": ""Text2Video-Zero/A tennis player made spectacular plays at the net.mp4"", ""selected_frame_positions"": [4, 13, 22, 32], ""source_file_bytes"": 543066, ""source_fps_used"": 12.0, ""source_frame_count"": 36, ""video_path"": ""/DATA/DATA1/lixinyue/xyli/data/LGVQ/videos/Text2Video-Zero/A tennis player made spectacular plays at the net.mp4""}"
224,Text2Video-Zero/A thin pancake is spread with butter and maple syrup.mp4,40.75,35.0736198425293,224,1,"[4, 13, 22, 32]","{""center_crop_fraction_of_short_side"": 0.65, ""container_reported_size_wh"": [512, 512], ""decoded_frames"": [{""center_crop_xywh"": [89, 89, 333, 333], ""decoded_size_wh"": [512, 512], ""frame_position"": 4, ""resize_output_size_wh"": [448, 448]}, {""center_crop_xywh"": [89, 89, 333, 333], ""decoded_size_wh"": [512, 512], ""frame_position"": 13, ""resize_output_size_wh"": [448, 448]}, {""center_crop_xywh"": [89, 89, 333, 333], ""decoded_size_wh"": [512, 512], ""frame_position"": 22, ""resize_output_size_wh"": [448, 448]}, {""center_crop_xywh"": [89, 89, 333, 333], ""decoded_size_wh"": [512, 512], ""frame_position"": 32, ""resize_output_size_wh"": [448, 448]}], ""processor_pixel_constraint"": {""max_pixels"": 200704, ""min_pixels"": 200704}, ""requested_frame_fractions"": [0.1, 0.37, 0.63, 0.9], ""resize_interpolation"": ""OpenCV INTER_AREA"", ""sample_id"": ""Text2Video-Zero/A thin pancake is spread with butter and maple syrup.mp4"", ""selected_frame_positions"": [4, 13, 22, 32], ""source_file_bytes"": 691518, ""source_fps_used"": 12.0, ""source_frame_count"": 36, ""video_path"": ""/DATA/DATA1/lixinyue/xyli/data/LGVQ/videos/Text2Video-Zero/A thin pancake is spread with butter and maple syrup.mp4""}"
225,Text2Video-Zero/A water skier created splashes on the lake.mp4,32.8,46.32987976074219,225,1,"[4, 13, 22, 32]","{""center_crop_fraction_of_short_side"": 0.65, ""container_reported_size_wh"": [512, 512], ""decoded_frames"": [{""center_crop_xywh"": [89, 89, 333, 333], ""decoded_size_wh"": [512, 512], ""frame_position"": 4, ""resize_output_size_wh"": [448, 448]}, {""center_crop_xywh"": [89, 89, 333, 333], ""decoded_size_wh"": [512, 512], ""frame_position"": 13, ""resize_output_size_wh"": [448, 448]}, {""center_crop_xywh"": [89, 89, 333, 333], ""decoded_size_wh"": [512, 512], ""frame_position"": 22, ""resize_output_size_wh"": [448, 448]}, {""center_crop_xywh"": [89, 89, 333, 333], ""decoded_size_wh"": [512, 512], ""frame_position"": 32, ""resize_output_size_wh"": [448, 448]}], ""processor_pixel_constraint"": {""max_pixels"": 200704, ""min_pixels"": 200704}, ""requested_frame_fractions"": [0.1, 0.37, 0.63, 0.9], ""resize_interpolation"": ""OpenCV INTER_AREA"", ""sample_id"": ""Text2Video-Zero/A water skier created splashes on the lake.mp4"", ""selected_frame_positions"": [4, 13, 22, 32], ""source_file_bytes"": 1358696, ""source_fps_used"": 12.0, ""source_frame_count"": 36, ""video_path"": ""/DATA/DATA1/lixinyue/xyli/data/LGVQ/videos/Text2Video-Zero/A water skier created splashes on the lake.mp4""}"
226,"Text2Video-Zero/A waterfall cascades gracefully, resembling a silver thread.mp4",35.44,47.266746520996094,226,1,"[4, 13, 22, 32]","{""center_crop_fraction_of_short_side"": 0.65, ""container_reported_size_wh"": [512, 512], ""decoded_frames"": [{""center_crop_xywh"": [89, 89, 333, 333], ""decoded_size_wh"": [512, 512], ""frame_position"": 4, ""resize_output_size_wh"": [448, 448]}, {""center_crop_xywh"": [89, 89, 333, 333], ""decoded_size_wh"": [512, 512], ""frame_position"": 13, ""resize_output_size_wh"": [448, 448]}, {""center_crop_xywh"": [89, 89, 333, 333], ""decoded_size_wh"": [512, 512], ""frame_position"": 22, ""resize_output_size_wh"": [448, 448]}, {""center_crop_xywh"": [89, 89, 333, 333], ""decoded_size_wh"": [512, 512], ""frame_position"": 32, ""resize_output_size_wh"": [448, 448]}], ""processor_pixel_constraint"": {""max_pixels"": 200704, ""min_pixels"": 200704}, ""requested_frame_fractions"": [0.1, 0.37, 0.63, 0.9], ""resize_interpolation"": ""OpenCV INTER_AREA"", ""sample_id"": ""Text2Video-Zero/A waterfall cascades gracefully, resembling a silver thread.mp4"", ""selected_frame_positions"": [4, 13, 22, 32], ""source_file_bytes"": 608912, ""source_fps_used"": 12.0, ""source_frame_count"": 36, ""video_path"": ""/DATA/DATA1/lixinyue/xyli/data/LGVQ/videos/Text2Video-Zero/A waterfall cascades gracefully, resembling a silver thread.mp4""}"
227,Text2Video-Zero/A wheat field sways gracefully in the gentle breeze.mp4,35.3,64.68069458007812,227,1,"[4, 13, 22, 32]","{""center_crop_fraction_of_short_side"": 0.65, ""container_reported_size_wh"": [512, 512], ""decoded_frames"": [{""center_crop_xywh"": [89, 89, 333, 333], ""decoded_size_wh"": [512, 512], ""frame_position"": 4, ""resize_output_size_wh"": [448, 448]}, {""center_crop_xywh"": [89, 89, 333, 333], ""decoded_size_wh"": [512, 512], ""frame_position"": 13, ""resize_output_size_wh"": [448, 448]}, {""center_crop_xywh"": [89, 89, 333, 333], ""decoded_size_wh"": [512, 512], ""frame_position"": 22, ""resize_output_size_wh"": [448, 448]}, {""center_crop_xywh"": [89, 89, 333, 333], ""decoded_size_wh"": [512, 512], ""frame_position"": 32, ""resize_output_size_wh"": [448, 448]}], ""processor_pixel_constraint"": {""max_pixels"": 200704, ""min_pixels"": 200704}, ""requested_frame_fractions"": [0.1, 0.37, 0.63, 0.9], ""resize_interpolation"": ""OpenCV INTER_AREA"", ""sample_id"": ""Text2Video-Zero/A wheat field sways gracefully in the gentle breeze.mp4"", ""selected_frame_positions"": [4, 13, 22, 32], ""source_file_bytes"": 752331, ""source_fps_used"": 12.0, ""source_frame_count"": 36, ""video_path"": ""/DATA/DATA1/lixinyue/xyli/data/LGVQ/videos/Text2Video-Zero/A wheat field sways gracefully in the gentle breeze.mp4""}"
228,Text2Video-Zero/A white orchid grows in a potted plant.mp4,32.06,37.105018615722656,228,1,"[4, 13, 22, 32]","{""center_crop_fraction_of_short_side"": 0.65, ""container_reported_size_wh"": [512, 512], ""decoded_frames"": [{""center_crop_xywh"": [89, 89, 333, 333], ""decoded_size_wh"": [512, 512], ""frame_position"": 4, ""resize_output_size_wh"": [448, 448]}, {""center_crop_xywh"": [89, 89, 333, 333], ""decoded_size_wh"": [512, 512], ""frame_position"": 13, ""resize_output_size_wh"": [448, 448]}, {""center_crop_xywh"": [89, 89, 333, 333], ""decoded_size_wh"": [512, 512], ""frame_position"": 22, ""resize_output_size_wh"": [448, 448]}, {""center_crop_xywh"": [89, 89, 333, 333], ""decoded_size_wh"": [512, 512], ""frame_position"": 32, ""resize_output_size_wh"": [448, 448]}], ""processor_pixel_constraint"": {""max_pixels"": 200704, ""min_pixels"": 200704}, ""requested_frame_fractions"": [0.1, 0.37, 0.63, 0.9], ""resize_interpolation"": ""OpenCV INTER_AREA"", ""sample_id"": ""Text2Video-Zero/A white orchid grows in a potted plant.mp4"", ""selected_frame_positions"": [4, 13, 22, 32], ""source_file_bytes"": 321908, ""source_fps_used"": 12.0, ""source_frame_count"": 36, ""video_path"": ""/DATA/DATA1/lixinyue/xyli/data/LGVQ/videos/Text2Video-Zero/A white orchid grows in a potted plant.mp4""}"
229,"Text2Video-Zero/A writer sits at a desk, crafting a new novel.mp4",29.97,39.250022888183594,229,1,"[4, 13, 22, 32]","{""center_crop_fraction_of_short_side"": 0.65, ""container_reported_size_wh"": [512, 512], ""decoded_frames"": [{""center_crop_xywh"": [89, 89, 333, 333], ""decoded_size_wh"": [512, 512], ""frame_position"": 4, ""resize_output_size_wh"": [448, 448]}, {""center_crop_xywh"": [89, 89, 333, 333], ""decoded_size_wh"": [512, 512], ""frame_position"": 13, ""resize_output_size_wh"": [448, 448]}, {""center_crop_xywh"": [89, 89, 333, 333], ""decoded_size_wh"": [512, 512], ""frame_position"": 22, ""resize_output_size_wh"": [448, 448]}, {""center_crop_xywh"": [89, 89, 333, 333], ""decoded_size_wh"": [512, 512], ""frame_position"": 32, ""resize_output_size_wh"": [448, 448]}], ""processor_pixel_constraint"": {""max_pixels"": 200704, ""min_pixels"": 200704}, ""requested_frame_fractions"": [0.1, 0.37, 0.63, 0.9], ""resize_interpolation"": ""OpenCV INTER_AREA"", ""sample_id"": ""Text2Video-Zero/A writer sits at a desk, crafting a new novel.mp4"", ""selected_frame_positions"": [4, 13, 22, 32], ""source_file_bytes"": 332268, ""source_fps_used"": 12.0, ""source_frame_count"": 36, ""video_path"": ""/DATA/DATA1/lixinyue/xyli/data/LGVQ/videos/Text2Video-Zero/A writer sits at a desk, crafting a new novel.mp4""}"
230,Text2Video-Zero/An adorable little cat is napping on the windowsill.mp4,36.86,50.32046890258789,230,1,"[4, 13, 22, 32]","{""center_crop_fraction_of_short_side"": 0.65, ""container_reported_size_wh"": [512, 512], ""decoded_frames"": [{""center_crop_xywh"": [89, 89, 333, 333], ""decoded_size_wh"": [512, 512], ""frame_position"": 4, ""resize_output_size_wh"": [448, 448]}, {""center_crop_xywh"": [89, 89, 333, 333], ""decoded_size_wh"": [512, 512], ""frame_position"": 13, ""resize_output_size_wh"": [448, 448]}, {""center_crop_xywh"": [89, 89, 333, 333], ""decoded_size_wh"": [512, 512], ""frame_position"": 22, ""resize_output_size_wh"": [448, 448]}, {""center_crop_xywh"": [89, 89, 333, 333], ""decoded_size_wh"": [512, 512], ""frame_position"": 32, ""resize_output_size_wh"": [448, 448]}], ""processor_pixel_constraint"": {""max_pixels"": 200704, ""min_pixels"": 200704}, ""requested_frame_fractions"": [0.1, 0.37, 0.63, 0.9], ""resize_interpolation"": ""OpenCV INTER_AREA"", ""sample_id"": ""Text2Video-Zero/An adorable little cat is napping on the windowsill.mp4"", ""selected_frame_positions"": [4, 13, 22, 32], ""source_file_bytes"": 316358, ""source_fps_used"": 12.0, ""source_frame_count"": 36, ""video_path"": ""/DATA/DATA1/lixinyue/xyli/data/LGVQ/videos/Text2Video-Zero/An adorable little cat is napping on the windowsill.mp4""}"
231,Text2Video-Zero/An ancient church is a landmark in the village.mp4,29.95,37.142948150634766,231,1,"[4, 13, 22, 32]","{""center_crop_fraction_of_short_side"": 0.65, ""container_reported_size_wh"": [512, 512], ""decoded_frames"": [{""center_crop_xywh"": [89, 89, 333, 333], ""decoded_size_wh"": [512, 512], ""frame_position"": 4, ""resize_output_size_wh"": [448, 448]}, {""center_crop_xywh"": [89, 89, 333, 333], ""decoded_size_wh"": [512, 512], ""frame_position"": 13, ""resize_output_size_wh"": [448, 448]}, {""center_crop_xywh"": [89, 89, 333, 333], ""decoded_size_wh"": [512, 512], ""frame_position"": 22, ""resize_output_size_wh"": [448, 448]}, {""center_crop_xywh"": [89, 89, 333, 333], ""decoded_size_wh"": [512, 512], ""frame_position"": 32, ""resize_output_size_wh"": [448, 448]}], ""processor_pixel_constraint"": {""max_pixels"": 200704, ""min_pixels"": 200704}, ""requested_frame_fractions"": [0.1, 0.37, 0.63, 0.9], ""resize_interpolation"": ""OpenCV INTER_AREA"", ""sample_id"": ""Text2Video-Zero/An ancient church is a landmark in the village.mp4"", ""selected_frame_positions"": [4, 13, 22, 32], ""source_file_bytes"": 1651529, ""source_fps_used"": 12.0, ""source_frame_count"": 36, ""video_path"": ""/DATA/DATA1/lixinyue/xyli/data/LGVQ/videos/Text2Video-Zero/An ancient church is a landmark in the village.mp4""}"
232,Text2Video-Zero/An explorer searches for adventure in the forest.mp4,31.4,58.15253448486328,232,1,"[4, 13, 22, 32]","{""center_crop_fraction_of_short_side"": 0.65, ""container_reported_size_wh"": [512, 512], ""decoded_frames"": [{""center_crop_xywh"": [89, 89, 333, 333], ""decoded_size_wh"": [512, 512], ""frame_position"": 4, ""resize_output_size_wh"": [448, 448]}, {""center_crop_xywh"": [89, 89, 333, 333], ""decoded_size_wh"": [512, 512], ""frame_position"": 13, ""resize_output_size_wh"": [448, 448]}, {""center_crop_xywh"": [89, 89, 333, 333], ""decoded_size_wh"": [512, 512], ""frame_position"": 22, ""resize_output_size_wh"": [448, 448]}, {""center_crop_xywh"": [89, 89, 333, 333], ""decoded_size_wh"": [512, 512], ""frame_position"": 32, ""resize_output_size_wh"": [448, 448]}], ""processor_pixel_constraint"": {""max_pixels"": 200704, ""min_pixels"": 200704}, ""requested_frame_fractions"": [0.1, 0.37, 0.63, 0.9], ""resize_interpolation"": ""OpenCV INTER_AREA"", ""sample_id"": ""Text2Video-Zero/An explorer searches for adventure in the forest.mp4"", ""selected_frame_positions"": [4, 13, 22, 32], ""source_file_bytes"": 952563, ""source_fps_used"": 12.0, ""source_frame_count"": 36, ""video_path"": ""/DATA/DATA1/lixinyue/xyli/data/LGVQ/videos/Text2Video-Zero/An explorer searches for adventure in the forest.mp4""}"
233,Text2Video-Zero/An orchid blooms with deep purple flowers.mp4,31.4,38.38862609863281,233,1,"[4, 13, 22, 32]","{""center_crop_fraction_of_short_side"": 0.65, ""container_reported_size_wh"": [512, 512], ""decoded_frames"": [{""center_crop_xywh"": [89, 89, 333, 333], ""decoded_size_wh"": [512, 512], ""frame_position"": 4, ""resize_output_size_wh"": [448, 448]}, {""center_crop_xywh"": [89, 89, 333, 333], ""decoded_size_wh"": [512, 512], ""frame_position"": 13, ""resize_output_size_wh"": [448, 448]}, {""center_crop_xywh"": [89, 89, 333, 333], ""decoded_size_wh"": [512, 512], ""frame_position"": 22, ""resize_output_size_wh"": [448, 448]}, {""center_crop_xywh"": [89, 89, 333, 333], ""decoded_size_wh"": [512, 512], ""frame_position"": 32, ""resize_output_size_wh"": [448, 448]}], ""processor_pixel_constraint"": {""max_pixels"": 200704, ""min_pixels"": 200704}, ""requested_frame_fractions"": [0.1, 0.37, 0.63, 0.9], ""resize_interpolation"": ""OpenCV INTER_AREA"", ""sample_id"": ""Text2Video-Zero/An orchid blooms with deep purple flowers.mp4"", ""selected_frame_positions"": [4, 13, 22, 32], ""source_file_bytes"": 663240, ""source_fps_used"": 12.0, ""source_frame_count"": 36, ""video_path"": ""/DATA/DATA1/lixinyue/xyli/data/LGVQ/videos/Text2Video-Zero/An orchid blooms with deep purple flowers.mp4""}"
234,"Text2Video-Zero/Blue skies and fluffy clouds, ever-changing shapes like poetry.mp4",38.15,34.664710998535156,234,1,"[4, 13, 22, 32]","{""center_crop_fraction_of_short_side"": 0.65, ""container_reported_size_wh"": [512, 512], ""decoded_frames"": [{""center_crop_xywh"": [89, 89, 333, 333], ""decoded_size_wh"": [512, 512], ""frame_position"": 4, ""resize_output_size_wh"": [448, 448]}, {""center_crop_xywh"": [89, 89, 333, 333], ""decoded_size_wh"": [512, 512], ""frame_position"": 13, ""resize_output_size_wh"": [448, 448]}, {""center_crop_xywh"": [89, 89, 333, 333], ""decoded_size_wh"": [512, 512], ""frame_position"": 22, ""resize_output_size_wh"": [448, 448]}, {""center_crop_xywh"": [89, 89, 333, 333], ""decoded_size_wh"": [512, 512], ""frame_position"": 32, ""resize_output_size_wh"": [448, 448]}], ""processor_pixel_constraint"": {""max_pixels"": 200704, ""min_pixels"": 200704}, ""requested_frame_fractions"": [0.1, 0.37, 0.63, 0.9], ""resize_interpolation"": ""OpenCV INTER_AREA"", ""sample_id"": ""Text2Video-Zero/Blue skies and fluffy clouds, ever-changing shapes like poetry.mp4"", ""selected_frame_positions"": [4, 13, 22, 32], ""source_file_bytes"": 488570, ""source_fps_used"": 12.0, ""source_frame_count"": 36, ""video_path"": ""/DATA/DATA1/lixinyue/xyli/data/LGVQ/videos/Text2Video-Zero/Blue skies and fluffy clouds, ever-changing shapes like poetry.mp4""}"
235,Text2Video-Zero/Cherry trees in the orchard are filled with red fruit.mp4,31.87,45.979835510253906,235,1,"[4, 13, 22, 32]","{""center_crop_fraction_of_short_side"": 0.65, ""container_reported_size_wh"": [512, 512], ""decoded_frames"": [{""center_crop_xywh"": [89, 89, 333, 333], ""decoded_size_wh"": [512, 512], ""frame_position"": 4, ""resize_output_size_wh"": [448, 448]}, {""center_crop_xywh"": [89, 89, 333, 333], ""decoded_size_wh"": [512, 512], ""frame_position"": 13, ""resize_output_size_wh"": [448, 448]}, {""center_crop_xywh"": [89, 89, 333, 333], ""decoded_size_wh"": [512, 512], ""frame_position"": 22, ""resize_output_size_wh"": [448, 448]}, {""center_crop_xywh"": [89, 89, 333, 333], ""decoded_size_wh"": [512, 512], ""frame_position"": 32, ""resize_output_size_wh"": [448, 448]}], ""processor_pixel_constraint"": {""max_pixels"": 200704, ""min_pixels"": 200704}, ""requested_frame_fractions"": [0.1, 0.37, 0.63, 0.9], ""resize_interpolation"": ""OpenCV INTER_AREA"", ""sample_id"": ""Text2Video-Zero/Cherry trees in the orchard are filled with red fruit.mp4"", ""selected_frame_positions"": [4, 13, 22, 32], ""source_file_bytes"": 1535007, ""source_fps_used"": 12.0, ""source_frame_count"": 36, ""video_path"": ""/DATA/DATA1/lixinyue/xyli/data/LGVQ/videos/Text2Video-Zero/Cherry trees in the orchard are filled with red fruit.mp4""}"
236,Text2Video-Zero/Children dig sandcastles on the beach.mp4,41.8,38.30127716064453,236,1,"[4, 13, 22, 32]","{""center_crop_fraction_of_short_side"": 0.65, ""container_reported_size_wh"": [512, 512], ""decoded_frames"": [{""center_crop_xywh"": [89, 89, 333, 333], ""decoded_size_wh"": [512, 512], ""frame_position"": 4, ""resize_output_size_wh"": [448, 448]}, {""center_crop_xywh"": [89, 89, 333, 333], ""decoded_size_wh"": [512, 512], ""frame_position"": 13, ""resize_output_size_wh"": [448, 448]}, {""center_crop_xywh"": [89, 89, 333, 333], ""decoded_size_wh"": [512, 512], ""frame_position"": 22, ""resize_output_size_wh"": [448, 448]}, {""center_crop_xywh"": [89, 89, 333, 333], ""decoded_size_wh"": [512, 512], ""frame_position"": 32, ""resize_output_size_wh"": [448, 448]}], ""processor_pixel_constraint"": {""max_pixels"": 200704, ""min_pixels"": 200704}, ""requested_frame_fractions"": [0.1, 0.37, 0.63, 0.9], ""resize_interpolation"": ""OpenCV INTER_AREA"", ""sample_id"": ""Text2Video-Zero/Children dig sandcastles on the beach.mp4"", ""selected_frame_positions"": [4, 13, 22, 32], ""source_file_bytes"": 705729, ""source_fps_used"": 12.0, ""source_frame_count"": 36, ""video_path"": ""/DATA/DATA1/lixinyue/xyli/data/LGVQ/videos/Text2Video-Zero/Children dig sandcastles on the beach.mp4""}"
237,Text2Video-Zero/Crocodiles swim leisurely in the lake.mp4,31.34,40.93201446533203,237,1,"[4, 13, 22, 32]","{""center_crop_fraction_of_short_side"": 0.65, ""container_reported_size_wh"": [512, 512], ""decoded_frames"": [{""center_crop_xywh"": [89, 89, 333, 333], ""decoded_size_wh"": [512, 512], ""frame_position"": 4, ""resize_output_size_wh"": [448, 448]}, {""center_crop_xywh"": [89, 89, 333, 333], ""decoded_size_wh"": [512, 512], ""frame_position"": 13, ""resize_output_size_wh"": [448, 448]}, {""center_crop_xywh"": [89, 89, 333, 333], ""decoded_size_wh"": [512, 512], ""frame_position"": 22, ""resize_output_size_wh"": [448, 448]}, {""center_crop_xywh"": [89, 89, 333, 333], ""decoded_size_wh"": [512, 512], ""frame_position"": 32, ""resize_output_size_wh"": [448, 448]}], ""processor_pixel_constraint"": {""max_pixels"": 200704, ""min_pixels"": 200704}, ""requested_frame_fractions"": [0.1, 0.37, 0.63, 0.9], ""resize_interpolation"": ""OpenCV INTER_AREA"", ""sample_id"": ""Text2Video-Zero/Crocodiles swim leisurely in the lake.mp4"", ""selected_frame_positions"": [4, 13, 22, 32], ""source_file_bytes"": 920379, ""source_fps_used"": 12.0, ""source_frame_count"": 36, ""video_path"": ""/DATA/DATA1/lixinyue/xyli/data/LGVQ/videos/Text2Video-Zero/Crocodiles swim leisurely in the lake.mp4""}"
238,Text2Video-Zero/Great white sharks swim majestically in the depths of the ocean.mp4,34.18,47.03264617919922,238,1,"[4, 13, 22, 32]","{""center_crop_fraction_of_short_side"": 0.65, ""container_reported_size_wh"": [512, 512], ""decoded_frames"": [{""center_crop_xywh"": [89, 89, 333, 333], ""decoded_size_wh"": [512, 512], ""frame_position"": 4, ""resize_output_size_wh"": [448, 448]}, {""center_crop_xywh"": [89, 89, 333, 333], ""decoded_size_wh"": [512, 512], ""frame_position"": 13, ""resize_output_size_wh"": [448, 448]}, {""center_crop_xywh"": [89, 89, 333, 333], ""decoded_size_wh"": [512, 512], ""frame_position"": 22, ""resize_output_size_wh"": [448, 448]}, {""center_crop_xywh"": [89, 89, 333, 333], ""decoded_size_wh"": [512, 512], ""frame_position"": 32, ""resize_output_size_wh"": [448, 448]}], ""processor_pixel_constraint"": {""max_pixels"": 200704, ""min_pixels"": 200704}, ""requested_frame_fractions"": [0.1, 0.37, 0.63, 0.9], ""resize_interpolation"": ""OpenCV INTER_AREA"", ""sample_id"": ""Text2Video-Zero/Great white sharks swim majestically in the depths of the ocean.mp4"", ""selected_frame_positions"": [4, 13, 22, 32], ""source_file_bytes"": 973597, ""source_fps_used"": 12.0, ""source_frame_count"": 36, ""video_path"": ""/DATA/DATA1/lixinyue/xyli/data/LGVQ/videos/Text2Video-Zero/Great white sharks swim majestically in the depths of the ocean.mp4""}"
239,"Text2Video-Zero/In a rugby match, players vied for possession of the rugby ball.mp4",32.64,40.33504867553711,239,1,"[4, 13, 22, 32]","{""center_crop_fraction_of_short_side"": 0.65, ""container_reported_size_wh"": [512, 512], ""decoded_frames"": [{""center_crop_xywh"": [89, 89, 333, 333], ""decoded_size_wh"": [512, 512], ""frame_position"": 4, ""resize_output_size_wh"": [448, 448]}, {""center_crop_xywh"": [89, 89, 333, 333], ""decoded_size_wh"": [512, 512], ""frame_position"": 13, ""resize_output_size_wh"": [448, 448]}, {""center_crop_xywh"": [89, 89, 333, 333], ""decoded_size_wh"": [512, 512], ""frame_position"": 22, ""resize_output_size_wh"": [448, 448]}, {""center_crop_xywh"": [89, 89, 333, 333], ""decoded_size_wh"": [512, 512], ""frame_position"": 32, ""resize_output_size_wh"": [448, 448]}], ""processor_pixel_constraint"": {""max_pixels"": 200704, ""min_pixels"": 200704}, ""requested_frame_fractions"": [0.1, 0.37, 0.63, 0.9], ""resize_interpolation"": ""OpenCV INTER_AREA"", ""sample_id"": ""Text2Video-Zero/In a rugby match, players vied for possession of the rugby ball.mp4"", ""selected_frame_positions"": [4, 13, 22, 32], ""source_file_bytes"": 694945, ""source_fps_used"": 12.0, ""source_frame_count"": 36, ""video_path"": ""/DATA/DATA1/lixinyue/xyli/data/LGVQ/videos/Text2Video-Zero/In a rugby match, players vied for possession of the rugby ball.mp4""}"
240,"Text2Video-Zero/In front of a farmhouse, there is a swing.mp4",34.09,36.00428009033203,240,1,"[4, 13, 22, 32]","{""center_crop_fraction_of_short_side"": 0.65, ""container_reported_size_wh"": [512, 512], ""decoded_frames"": [{""center_crop_xywh"": [89, 89, 333, 333], ""decoded_size_wh"": [512, 512], ""frame_position"": 4, ""resize_output_size_wh"": [448, 448]}, {""center_crop_xywh"": [89, 89, 333, 333], ""decoded_size_wh"": [512, 512], ""frame_position"": 13, ""resize_output_size_wh"": [448, 448]}, {""center_crop_xywh"": [89, 89, 333, 333], ""decoded_size_wh"": [512, 512], ""frame_position"": 22, ""resize_output_size_wh"": [448, 448]}, {""center_crop_xywh"": [89, 89, 333, 333], ""decoded_size_wh"": [512, 512], ""frame_position"": 32, ""resize_output_size_wh"": [448, 448]}], ""processor_pixel_constraint"": {""max_pixels"": 200704, ""min_pixels"": 200704}, ""requested_frame_fractions"": [0.1, 0.37, 0.63, 0.9], ""resize_interpolation"": ""OpenCV INTER_AREA"", ""sample_id"": ""Text2Video-Zero/In front of a farmhouse, there is a swing.mp4"", ""selected_frame_positions"": [4, 13, 22, 32], ""source_file_bytes"": 1121833, ""source_fps_used"": 12.0, ""source_frame_count"": 36, ""video_path"": ""/DATA/DATA1/lixinyue/xyli/data/LGVQ/videos/Text2Video-Zero/In front of a farmhouse, there is a swing.mp4""}"
241,Text2Video-Zero/Military aircraft are neatly lined up on the military base.mp4,32.81,36.17252731323242,241,1,"[4, 13, 22, 32]","{""center_crop_fraction_of_short_side"": 0.65, ""container_reported_size_wh"": [512, 512], ""decoded_frames"": [{""center_crop_xywh"": [89, 89, 333, 333], ""decoded_size_wh"": [512, 512], ""frame_position"": 4, ""resize_output_size_wh"": [448, 448]}, {""center_crop_xywh"": [89, 89, 333, 333], ""decoded_size_wh"": [512, 512], ""frame_position"": 13, ""resize_output_size_wh"": [448, 448]}, {""center_crop_xywh"": [89, 89, 333, 333], ""decoded_size_wh"": [512, 512], ""frame_position"": 22, ""resize_output_size_wh"": [448, 448]}, {""center_crop_xywh"": [89, 89, 333, 333], ""decoded_size_wh"": [512, 512], ""frame_position"": 32, ""resize_output_size_wh"": [448, 448]}], ""processor_pixel_constraint"": {""max_pixels"": 200704, ""min_pixels"": 200704}, ""requested_frame_fractions"": [0.1, 0.37, 0.63, 0.9], ""resize_interpolation"": ""OpenCV INTER_AREA"", ""sample_id"": ""Text2Video-Zero/Military aircraft are neatly lined up on the military base.mp4"", ""selected_frame_positions"": [4, 13, 22, 32], ""source_file_bytes"": 486255, ""source_fps_used"": 12.0, ""source_frame_count"": 36, ""video_path"": ""/DATA/DATA1/lixinyue/xyli/data/LGVQ/videos/Text2Video-Zero/Military aircraft are neatly lined up on the military base.mp4""}"
242,Text2Video-Zero/Parents pick up students at the bus stop.mp4,32.69,34.161495208740234,242,1,"[4, 13, 22, 32]","{""center_crop_fraction_of_short_side"": 0.65, ""container_reported_size_wh"": [512, 512], ""decoded_frames"": [{""center_crop_xywh"": [89, 89, 333, 333], ""decoded_size_wh"": [512, 512], ""frame_position"": 4, ""resize_output_size_wh"": [448, 448]}, {""center_crop_xywh"": [89, 89, 333, 333], ""decoded_size_wh"": [512, 512], ""frame_position"": 13, ""resize_output_size_wh"": [448, 448]}, {""center_crop_xywh"": [89, 89, 333, 333], ""decoded_size_wh"": [512, 512], ""frame_position"": 22, ""resize_output_size_wh"": [448, 448]}, {""center_crop_xywh"": [89, 89, 333, 333], ""decoded_size_wh"": [512, 512], ""frame_position"": 32, ""resize_output_size_wh"": [448, 448]}], ""processor_pixel_constraint"": {""max_pixels"": 200704, ""min_pixels"": 200704}, ""requested_frame_fractions"": [0.1, 0.37, 0.63, 0.9], ""resize_interpolation"": ""OpenCV INTER_AREA"", ""sample_id"": ""Text2Video-Zero/Parents pick up students at the bus stop.mp4"", ""selected_frame_positions"": [4, 13, 22, 32], ""source_file_bytes"": 408749, ""source_fps_used"": 12.0, ""source_frame_count"": 36, ""video_path"": ""/DATA/DATA1/lixinyue/xyli/data/LGVQ/videos/Text2Video-Zero/Parents pick up students at the bus stop.mp4""}"
243,Text2Video-Zero/People sunbathe on the lawn.mp4,38.2,39.89534378051758,243,1,"[4, 13, 22, 32]","{""center_crop_fraction_of_short_side"": 0.65, ""container_reported_size_wh"": [512, 512], ""decoded_frames"": [{""center_crop_xywh"": [89, 89, 333, 333], ""decoded_size_wh"": [512, 512], ""frame_position"": 4, ""resize_output_size_wh"": [448, 448]}, {""center_crop_xywh"": [89, 89, 333, 333], ""decoded_size_wh"": [512, 512], ""frame_position"": 13, ""resize_output_size_wh"": [448, 448]}, {""center_crop_xywh"": [89, 89, 333, 333], ""decoded_size_wh"": [512, 512], ""frame_position"": 22, ""resize_output_size_wh"": [448, 448]}, {""center_crop_xywh"": [89, 89, 333, 333], ""decoded_size_wh"": [512, 512], ""frame_position"": 32, ""resize_output_size_wh"": [448, 448]}], ""processor_pixel_constraint"": {""max_pixels"": 200704, ""min_pixels"": 200704}, ""requested_frame_fractions"": [0.1, 0.37, 0.63, 0.9], ""resize_interpolation"": ""OpenCV INTER_AREA"", ""sample_id"": ""Text2Video-Zero/People sunbathe on the lawn.mp4"", ""selected_frame_positions"": [4, 13, 22, 32], ""source_file_bytes"": 957668, ""source_fps_used"": 12.0, ""source_frame_count"": 36, ""video_path"": ""/DATA/DATA1/lixinyue/xyli/data/LGVQ/videos/Text2Video-Zero/People sunbathe on the lawn.mp4""}"
244,Text2Video-Zero/People taking a leisurely walk admire the lake view.mp4,32.75,33.55409622192383,244,1,"[4, 13, 22, 32]","{""center_crop_fraction_of_short_side"": 0.65, ""container_reported_size_wh"": [512, 512], ""decoded_frames"": [{""center_crop_xywh"": [89, 89, 333, 333], ""decoded_size_wh"": [512, 512], ""frame_position"": 4, ""resize_output_size_wh"": [448, 448]}, {""center_crop_xywh"": [89, 89, 333, 333], ""decoded_size_wh"": [512, 512], ""frame_position"": 13, ""resize_output_size_wh"": [448, 448]}, {""center_crop_xywh"": [89, 89, 333, 333], ""decoded_size_wh"": [512, 512], ""frame_position"": 22, ""resize_output_size_wh"": [448, 448]}, {""center_crop_xywh"": [89, 89, 333, 333], ""decoded_size_wh"": [512, 512], ""frame_position"": 32, ""resize_output_size_wh"": [448, 448]}], ""processor_pixel_constraint"": {""max_pixels"": 200704, ""min_pixels"": 200704}, ""requested_frame_fractions"": [0.1, 0.37, 0.63, 0.9], ""resize_interpolation"": ""OpenCV INTER_AREA"", ""sample_id"": ""Text2Video-Zero/People taking a leisurely walk admire the lake view.mp4"", ""selected_frame_positions"": [4, 13, 22, 32], ""source_file_bytes"": 1418918, ""source_fps_used"": 12.0, ""source_frame_count"": 36, ""video_path"": ""/DATA/DATA1/lixinyue/xyli/data/LGVQ/videos/Text2Video-Zero/People taking a leisurely walk admire the lake view.mp4""}"
245,"Text2Video-Zero/Plateaus surrounding lakes, embraced by peaceful and harmonious mountains.mp4",38.26,35.85639572143555,245,1,"[4, 13, 22, 32]","{""center_crop_fraction_of_short_side"": 0.65, ""container_reported_size_wh"": [512, 512], ""decoded_frames"": [{""center_crop_xywh"": [89, 89, 333, 333], ""decoded_size_wh"": [512, 512], ""frame_position"": 4, ""resize_output_size_wh"": [448, 448]}, {""center_crop_xywh"": [89, 89, 333, 333], ""decoded_size_wh"": [512, 512], ""frame_position"": 13, ""resize_output_size_wh"": [448, 448]}, {""center_crop_xywh"": [89, 89, 333, 333], ""decoded_size_wh"": [512, 512], ""frame_position"": 22, ""resize_output_size_wh"": [448, 448]}, {""center_crop_xywh"": [89, 89, 333, 333], ""decoded_size_wh"": [512, 512], ""frame_position"": 32, ""resize_output_size_wh"": [448, 448]}], ""processor_pixel_constraint"": {""max_pixels"": 200704, ""min_pixels"": 200704}, ""requested_frame_fractions"": [0.1, 0.37, 0.63, 0.9], ""resize_interpolation"": ""OpenCV INTER_AREA"", ""sample_id"": ""Text2Video-Zero/Plateaus surrounding lakes, embraced by peaceful and harmonious mountains.mp4"", ""selected_frame_positions"": [4, 13, 22, 32], ""source_file_bytes"": 1094279, ""source_fps_used"": 12.0, ""source_frame_count"": 36, ""video_path"": ""/DATA/DATA1/lixinyue/xyli/data/LGVQ/videos/Text2Video-Zero/Plateaus surrounding lakes, embraced by peaceful and harmonious mountains.mp4""}"
246,Text2Video-Zero/Purple lavender grows in the field.mp4,40.6,56.18115997314453,246,1,"[4, 13, 22, 32]","{""center_crop_fraction_of_short_side"": 0.65, ""container_reported_size_wh"": [512, 512], ""decoded_frames"": [{""center_crop_xywh"": [89, 89, 333, 333], ""decoded_size_wh"": [512, 512], ""frame_position"": 4, ""resize_output_size_wh"": [448, 448]}, {""center_crop_xywh"": [89, 89, 333, 333], ""decoded_size_wh"": [512, 512], ""frame_position"": 13, ""resize_output_size_wh"": [448, 448]}, {""center_crop_xywh"": [89, 89, 333, 333], ""decoded_size_wh"": [512, 512], ""frame_position"": 22, ""resize_output_size_wh"": [448, 448]}, {""center_crop_xywh"": [89, 89, 333, 333], ""decoded_size_wh"": [512, 512], ""frame_position"": 32, ""resize_output_size_wh"": [448, 448]}], ""processor_pixel_constraint"": {""max_pixels"": 200704, ""min_pixels"": 200704}, ""requested_frame_fractions"": [0.1, 0.37, 0.63, 0.9], ""resize_interpolation"": ""OpenCV INTER_AREA"", ""sample_id"": ""Text2Video-Zero/Purple lavender grows in the field.mp4"", ""selected_frame_positions"": [4, 13, 22, 32], ""source_file_bytes"": 1829797, ""source_fps_used"": 12.0, ""source_frame_count"": 36, ""video_path"": ""/DATA/DATA1/lixinyue/xyli/data/LGVQ/videos/Text2Video-Zero/Purple lavender grows in the field.mp4""}"
247,Text2Video-Zero/Sharks dart through the water.mp4,29.95,37.02525329589844,247,1,"[4, 13, 22, 32]","{""center_crop_fraction_of_short_side"": 0.65, ""container_reported_size_wh"": [512, 512], ""decoded_frames"": [{""center_crop_xywh"": [89, 89, 333, 333], ""decoded_size_wh"": [512, 512], ""frame_position"": 4, ""resize_output_size_wh"": [448, 448]}, {""center_crop_xywh"": [89, 89, 333, 333], ""decoded_size_wh"": [512, 512], ""frame_position"": 13, ""resize_output_size_wh"": [448, 448]}, {""center_crop_xywh"": [89, 89, 333, 333], ""decoded_size_wh"": [512, 512], ""frame_position"": 22, ""resize_output_size_wh"": [448, 448]}, {""center_crop_xywh"": [89, 89, 333, 333], ""decoded_size_wh"": [512, 512], ""frame_position"": 32, ""resize_output_size_wh"": [448, 448]}], ""processor_pixel_constraint"": {""max_pixels"": 200704, ""min_pixels"": 200704}, ""requested_frame_fractions"": [0.1, 0.37, 0.63, 0.9], ""resize_interpolation"": ""OpenCV INTER_AREA"", ""sample_id"": ""Text2Video-Zero/Sharks dart through the water.mp4"", ""selected_frame_positions"": [4, 13, 22, 32], ""source_file_bytes"": 863613, ""source_fps_used"": 12.0, ""source_frame_count"": 36, ""video_path"": ""/DATA/DATA1/lixinyue/xyli/data/LGVQ/videos/Text2Video-Zero/Sharks dart through the water.mp4""}"
248,Text2Video-Zero/Soldiers are setting up tents in the camp.mp4,38.15,39.93919372558594,248,1,"[4, 13, 22, 32]","{""center_crop_fraction_of_short_side"": 0.65, ""container_reported_size_wh"": [512, 512], ""decoded_frames"": [{""center_crop_xywh"": [89, 89, 333, 333], ""decoded_size_wh"": [512, 512], ""frame_position"": 4, ""resize_output_size_wh"": [448, 448]}, {""center_crop_xywh"": [89, 89, 333, 333], ""decoded_size_wh"": [512, 512], ""frame_position"": 13, ""resize_output_size_wh"": [448, 448]}, {""center_crop_xywh"": [89, 89, 333, 333], ""decoded_size_wh"": [512, 512], ""frame_position"": 22, ""resize_output_size_wh"": [448, 448]}, {""center_crop_xywh"": [89, 89, 333, 333], ""decoded_size_wh"": [512, 512], ""frame_position"": 32, ""resize_output_size_wh"": [448, 448]}], ""processor_pixel_constraint"": {""max_pixels"": 200704, ""min_pixels"": 200704}, ""requested_frame_fractions"": [0.1, 0.37, 0.63, 0.9], ""resize_interpolation"": ""OpenCV INTER_AREA"", ""sample_id"": ""Text2Video-Zero/Soldiers are setting up tents in the camp.mp4"", ""selected_frame_positions"": [4, 13, 22, 32], ""source_file_bytes"": 729485, ""source_fps_used"": 12.0, ""source_frame_count"": 36, ""video_path"": ""/DATA/DATA1/lixinyue/xyli/data/LGVQ/videos/Text2Video-Zero/Soldiers are setting up tents in the camp.mp4""}"
249,Text2Video-Zero/Students and teachers discuss topics in the classroom.mp4,34.03,35.83800506591797,249,1,"[4, 13, 22, 32]","{""center_crop_fraction_of_short_side"": 0.65, ""container_reported_size_wh"": [512, 512], ""decoded_frames"": [{""center_crop_xywh"": [89, 89, 333, 333], ""decoded_size_wh"": [512, 512], ""frame_position"": 4, ""resize_output_size_wh"": [448, 448]}, {""center_crop_xywh"": [89, 89, 333, 333], ""decoded_size_wh"": [512, 512], ""frame_position"": 13, ""resize_output_size_wh"": [448, 448]}, {""center_crop_xywh"": [89, 89, 333, 333], ""decoded_size_wh"": [512, 512], ""frame_position"": 22, ""resize_output_size_wh"": [448, 448]}, {""center_crop_xywh"": [89, 89, 333, 333], ""decoded_size_wh"": [512, 512], ""frame_position"": 32, ""resize_output_size_wh"": [448, 448]}], ""processor_pixel_constraint"": {""max_pixels"": 200704, ""min_pixels"": 200704}, ""requested_frame_fractions"": [0.1, 0.37, 0.63, 0.9], ""resize_interpolation"": ""OpenCV INTER_AREA"", ""sample_id"": ""Text2Video-Zero/Students and teachers discuss topics in the classroom.mp4"", ""selected_frame_positions"": [4, 13, 22, 32], ""source_file_bytes"": 554767, ""source_fps_used"": 12.0, ""source_frame_count"": 36, ""video_path"": ""/DATA/DATA1/lixinyue/xyli/data/LGVQ/videos/Text2Video-Zero/Students and teachers discuss topics in the classroom.mp4""}"
250,Text2Video-Zero/Students create exquisite artwork in art class.mp4,35.47,32.165260314941406,250,1,"[4, 13, 22, 32]","{""center_crop_fraction_of_short_side"": 0.65, ""container_reported_size_wh"": [512, 512], ""decoded_frames"": [{""center_crop_xywh"": [89, 89, 333, 333], ""decoded_size_wh"": [512, 512], ""frame_position"": 4, ""resize_output_size_wh"": [448, 448]}, {""center_crop_xywh"": [89, 89, 333, 333], ""decoded_size_wh"": [512, 512], ""frame_position"": 13, ""resize_output_size_wh"": [448, 448]}, {""center_crop_xywh"": [89, 89, 333, 333], ""decoded_size_wh"": [512, 512], ""frame_position"": 22, ""resize_output_size_wh"": [448, 448]}, {""center_crop_xywh"": [89, 89, 333, 333], ""decoded_size_wh"": [512, 512], ""frame_position"": 32, ""resize_output_size_wh"": [448, 448]}], ""processor_pixel_constraint"": {""max_pixels"": 200704, ""min_pixels"": 200704}, ""requested_frame_fractions"": [0.1, 0.37, 0.63, 0.9], ""resize_interpolation"": ""OpenCV INTER_AREA"", ""sample_id"": ""Text2Video-Zero/Students create exquisite artwork in art class.mp4"", ""selected_frame_positions"": [4, 13, 22, 32], ""source_file_bytes"": 734880, ""source_fps_used"": 12.0, ""source_frame_count"": 36, ""video_path"": ""/DATA/DATA1/lixinyue/xyli/data/LGVQ/videos/Text2Video-Zero/Students create exquisite artwork in art class.mp4""}"
251,Text2Video-Zero/Students enjoy tasty sandwiches in the cafeteria.mp4,34.27,32.427955627441406,251,1,"[4, 13, 22, 32]","{""center_crop_fraction_of_short_side"": 0.65, ""container_reported_size_wh"": [512, 512], ""decoded_frames"": [{""center_crop_xywh"": [89, 89, 333, 333], ""decoded_size_wh"": [512, 512], ""frame_position"": 4, ""resize_output_size_wh"": [448, 448]}, {""center_crop_xywh"": [89, 89, 333, 333], ""decoded_size_wh"": [512, 512], ""frame_position"": 13, ""resize_output_size_wh"": [448, 448]}, {""center_crop_xywh"": [89, 89, 333, 333], ""decoded_size_wh"": [512, 512], ""frame_position"": 22, ""resize_output_size_wh"": [448, 448]}, {""center_crop_xywh"": [89, 89, 333, 333], ""decoded_size_wh"": [512, 512], ""frame_position"": 32, ""resize_output_size_wh"": [448, 448]}], ""processor_pixel_constraint"": {""max_pixels"": 200704, ""min_pixels"": 200704}, ""requested_frame_fractions"": [0.1, 0.37, 0.63, 0.9], ""resize_interpolation"": ""OpenCV INTER_AREA"", ""sample_id"": ""Text2Video-Zero/Students enjoy tasty sandwiches in the cafeteria.mp4"", ""selected_frame_positions"": [4, 13, 22, 32], ""source_file_bytes"": 596522, ""source_fps_used"": 12.0, ""source_frame_count"": 36, ""video_path"": ""/DATA/DATA1/lixinyue/xyli/data/LGVQ/videos/Text2Video-Zero/Students enjoy tasty sandwiches in the cafeteria.mp4""}"
252,"Text2Video-Zero/Students enjoy their time on campus, full of youthful energy.mp4",35.41,38.599693298339844,252,1,"[4, 13, 22, 32]","{""center_crop_fraction_of_short_side"": 0.65, ""container_reported_size_wh"": [512, 512], ""decoded_frames"": [{""center_crop_xywh"": [89, 89, 333, 333], ""decoded_size_wh"": [512, 512], ""frame_position"": 4, ""resize_output_size_wh"": [448, 448]}, {""center_crop_xywh"": [89, 89, 333, 333], ""decoded_size_wh"": [512, 512], ""frame_position"": 13, ""resize_output_size_wh"": [448, 448]}, {""center_crop_xywh"": [89, 89, 333, 333], ""decoded_size_wh"": [512, 512], ""frame_position"": 22, ""resize_output_size_wh"": [448, 448]}, {""center_crop_xywh"": [89, 89, 333, 333], ""decoded_size_wh"": [512, 512], ""frame_position"": 32, ""resize_output_size_wh"": [448, 448]}], ""processor_pixel_constraint"": {""max_pixels"": 200704, ""min_pixels"": 200704}, ""requested_frame_fractions"": [0.1, 0.37, 0.63, 0.9], ""resize_interpolation"": ""OpenCV INTER_AREA"", ""sample_id"": ""Text2Video-Zero/Students enjoy their time on campus, full of youthful energy.mp4"", ""selected_frame_positions"": [4, 13, 22, 32], ""source_file_bytes"": 925705, ""source_fps_used"": 12.0, ""source_frame_count"": 36, ""video_path"": ""/DATA/DATA1/lixinyue/xyli/data/LGVQ/videos/Text2Video-Zero/Students enjoy their time on campus, full of youthful energy.mp4""}"
253,"Text2Video-Zero/Students line up in the cafeteria, waiting for lunch.mp4",32.68,35.654808044433594,253,1,"[4, 13, 22, 32]","{""center_crop_fraction_of_short_side"": 0.65, ""container_reported_size_wh"": [512, 512], ""decoded_frames"": [{""center_crop_xywh"": [89, 89, 333, 333], ""decoded_size_wh"": [512, 512], ""frame_position"": 4, ""resize_output_size_wh"": [448, 448]}, {""center_crop_xywh"": [89, 89, 333, 333], ""decoded_size_wh"": [512, 512], ""frame_position"": 13, ""resize_output_size_wh"": [448, 448]}, {""center_crop_xywh"": [89, 89, 333, 333], ""decoded_size_wh"": [512, 512], ""frame_position"": 22, ""resize_output_size_wh"": [448, 448]}, {""center_crop_xywh"": [89, 89, 333, 333], ""decoded_size_wh"": [512, 512], ""frame_position"": 32, ""resize_output_size_wh"": [448, 448]}], ""processor_pixel_constraint"": {""max_pixels"": 200704, ""min_pixels"": 200704}, ""requested_frame_fractions"": [0.1, 0.37, 0.63, 0.9], ""resize_interpolation"": ""OpenCV INTER_AREA"", ""sample_id"": ""Text2Video-Zero/Students line up in the cafeteria, waiting for lunch.mp4"", ""selected_frame_positions"": [4, 13, 22, 32], ""source_file_bytes"": 599592, ""source_fps_used"": 12.0, ""source_frame_count"": 36, ""video_path"": ""/DATA/DATA1/lixinyue/xyli/data/LGVQ/videos/Text2Video-Zero/Students line up in the cafeteria, waiting for lunch.mp4""}"
254,Text2Video-Zero/Students participate in celebration ceremonies in the school courtyard.mp4,42.24,31.88080406188965,254,1,"[4, 13, 22, 32]","{""center_crop_fraction_of_short_side"": 0.65, ""container_reported_size_wh"": [512, 512], ""decoded_frames"": [{""center_crop_xywh"": [89, 89, 333, 333], ""decoded_size_wh"": [512, 512], ""frame_position"": 4, ""resize_output_size_wh"": [448, 448]}, {""center_crop_xywh"": [89, 89, 333, 333], ""decoded_size_wh"": [512, 512], ""frame_position"": 13, ""resize_output_size_wh"": [448, 448]}, {""center_crop_xywh"": [89, 89, 333, 333], ""decoded_size_wh"": [512, 512], ""frame_position"": 22, ""resize_output_size_wh"": [448, 448]}, {""center_crop_xywh"": [89, 89, 333, 333], ""decoded_size_wh"": [512, 512], ""frame_position"": 32, ""resize_output_size_wh"": [448, 448]}], ""processor_pixel_constraint"": {""max_pixels"": 200704, ""min_pixels"": 200704}, ""requested_frame_fractions"": [0.1, 0.37, 0.63, 0.9], ""resize_interpolation"": ""OpenCV INTER_AREA"", ""sample_id"": ""Text2Video-Zero/Students participate in celebration ceremonies in the school courtyard.mp4"", ""selected_frame_positions"": [4, 13, 22, 32], ""source_file_bytes"": 559939, ""source_fps_used"": 12.0, ""source_frame_count"": 36, ""video_path"": ""/DATA/DATA1/lixinyue/xyli/data/LGVQ/videos/Text2Video-Zero/Students participate in celebration ceremonies in the school courtyard.mp4""}"
255,Text2Video-Zero/Students program in the computer lab.mp4,35.21,41.14739990234375,255,1,"[4, 13, 22, 32]","{""center_crop_fraction_of_short_side"": 0.65, ""container_reported_size_wh"": [512, 512], ""decoded_frames"": [{""center_crop_xywh"": [89, 89, 333, 333], ""decoded_size_wh"": [512, 512], ""frame_position"": 4, ""resize_output_size_wh"": [448, 448]}, {""center_crop_xywh"": [89, 89, 333, 333], ""decoded_size_wh"": [512, 512], ""frame_position"": 13, ""resize_output_size_wh"": [448, 448]}, {""center_crop_xywh"": [89, 89, 333, 333], ""decoded_size_wh"": [512, 512], ""frame_position"": 22, ""resize_output_size_wh"": [448, 448]}, {""center_crop_xywh"": [89, 89, 333, 333], ""decoded_size_wh"": [512, 512], ""frame_position"": 32, ""resize_output_size_wh"": [448, 448]}], ""processor_pixel_constraint"": {""max_pixels"": 200704, ""min_pixels"": 200704}, ""requested_frame_fractions"": [0.1, 0.37, 0.63, 0.9], ""resize_interpolation"": ""OpenCV INTER_AREA"", ""sample_id"": ""Text2Video-Zero/Students program in the computer lab.mp4"", ""selected_frame_positions"": [4, 13, 22, 32], ""source_file_bytes"": 506599, ""source_fps_used"": 12.0, ""source_frame_count"": 36, ""video_path"": ""/DATA/DATA1/lixinyue/xyli/data/LGVQ/videos/Text2Video-Zero/Students program in the computer lab.mp4""}"
256,Text2Video-Zero/Students savor delicious soups in the cafeteria.mp4,32.17,33.49052810668945,256,1,"[4, 13, 22, 32]","{""center_crop_fraction_of_short_side"": 0.65, ""container_reported_size_wh"": [512, 512], ""decoded_frames"": [{""center_crop_xywh"": [89, 89, 333, 333], ""decoded_size_wh"": [512, 512], ""frame_position"": 4, ""resize_output_size_wh"": [448, 448]}, {""center_crop_xywh"": [89, 89, 333, 333], ""decoded_size_wh"": [512, 512], ""frame_position"": 13, ""resize_output_size_wh"": [448, 448]}, {""center_crop_xywh"": [89, 89, 333, 333], ""decoded_size_wh"": [512, 512], ""frame_position"": 22, ""resize_output_size_wh"": [448, 448]}, {""center_crop_xywh"": [89, 89, 333, 333], ""decoded_size_wh"": [512, 512], ""frame_position"": 32, ""resize_output_size_wh"": [448, 448]}], ""processor_pixel_constraint"": {""max_pixels"": 200704, ""min_pixels"": 200704}, ""requested_frame_fractions"": [0.1, 0.37, 0.63, 0.9], ""resize_interpolation"": ""OpenCV INTER_AREA"", ""sample_id"": ""Text2Video-Zero/Students savor delicious soups in the cafeteria.mp4"", ""selected_frame_positions"": [4, 13, 22, 32], ""source_file_bytes"": 663338, ""source_fps_used"": 12.0, ""source_frame_count"": 36, ""video_path"": ""/DATA/DATA1/lixinyue/xyli/data/LGVQ/videos/Text2Video-Zero/Students savor delicious soups in the cafeteria.mp4""}"
257,Text2Video-Zero/Sunflowers stand tall in a field.mp4,35.42,40.0909423828125,257,1,"[4, 13, 22, 32]","{""center_crop_fraction_of_short_side"": 0.65, ""container_reported_size_wh"": [512, 512], ""decoded_frames"": [{""center_crop_xywh"": [89, 89, 333, 333], ""decoded_size_wh"": [512, 512], ""frame_position"": 4, ""resize_output_size_wh"": [448, 448]}, {""center_crop_xywh"": [89, 89, 333, 333], ""decoded_size_wh"": [512, 512], ""frame_position"": 13, ""resize_output_size_wh"": [448, 448]}, {""center_crop_xywh"": [89, 89, 333, 333], ""decoded_size_wh"": [512, 512], ""frame_position"": 22, ""resize_output_size_wh"": [448, 448]}, {""center_crop_xywh"": [89, 89, 333, 333], ""decoded_size_wh"": [512, 512], ""frame_position"": 32, ""resize_output_size_wh"": [448, 448]}], ""processor_pixel_constraint"": {""max_pixels"": 200704, ""min_pixels"": 200704}, ""requested_frame_fractions"": [0.1, 0.37, 0.63, 0.9], ""resize_interpolation"": ""OpenCV INTER_AREA"", ""sample_id"": ""Text2Video-Zero/Sunflowers stand tall in a field.mp4"", ""selected_frame_positions"": [4, 13, 22, 32], ""source_file_bytes"": 1031364, ""source_fps_used"": 12.0, ""source_frame_count"": 36, ""video_path"": ""/DATA/DATA1/lixinyue/xyli/data/LGVQ/videos/Text2Video-Zero/Sunflowers stand tall in a field.mp4""}"
258,Text2Video-Zero/Sunlight is streaming through the leaves onto the grass.mp4,36.7,57.70806884765625,258,1,"[4, 13, 22, 32]","{""center_crop_fraction_of_short_side"": 0.65, ""container_reported_size_wh"": [512, 512], ""decoded_frames"": [{""center_crop_xywh"": [89, 89, 333, 333], ""decoded_size_wh"": [512, 512], ""frame_position"": 4, ""resize_output_size_wh"": [448, 448]}, {""center_crop_xywh"": [89, 89, 333, 333], ""decoded_size_wh"": [512, 512], ""frame_position"": 13, ""resize_output_size_wh"": [448, 448]}, {""center_crop_xywh"": [89, 89, 333, 333], ""decoded_size_wh"": [512, 512], ""frame_position"": 22, ""resize_output_size_wh"": [448, 448]}, {""center_crop_xywh"": [89, 89, 333, 333], ""decoded_size_wh"": [512, 512], ""frame_position"": 32, ""resize_output_size_wh"": [448, 448]}], ""processor_pixel_constraint"": {""max_pixels"": 200704, ""min_pixels"": 200704}, ""requested_frame_fractions"": [0.1, 0.37, 0.63, 0.9], ""resize_interpolation"": ""OpenCV INTER_AREA"", ""sample_id"": ""Text2Video-Zero/Sunlight is streaming through the leaves onto the grass.mp4"", ""selected_frame_positions"": [4, 13, 22, 32], ""source_file_bytes"": 1481627, ""source_fps_used"": 12.0, ""source_frame_count"": 36, ""video_path"": ""/DATA/DATA1/lixinyue/xyli/data/LGVQ/videos/Text2Video-Zero/Sunlight is streaming through the leaves onto the grass.mp4""}"
259,Text2Video-Zero/Swallows soar in the air.mp4,37.93,41.37932586669922,259,1,"[4, 13, 22, 32]","{""center_crop_fraction_of_short_side"": 0.65, ""container_reported_size_wh"": [512, 512], ""decoded_frames"": [{""center_crop_xywh"": [89, 89, 333, 333], ""decoded_size_wh"": [512, 512], ""frame_position"": 4, ""resize_output_size_wh"": [448, 448]}, {""center_crop_xywh"": [89, 89, 333, 333], ""decoded_size_wh"": [512, 512], ""frame_position"": 13, ""resize_output_size_wh"": [448, 448]}, {""center_crop_xywh"": [89, 89, 333, 333], ""decoded_size_wh"": [512, 512], ""frame_position"": 22, ""resize_output_size_wh"": [448, 448]}, {""center_crop_xywh"": [89, 89, 333, 333], ""decoded_size_wh"": [512, 512], ""frame_position"": 32, ""resize_output_size_wh"": [448, 448]}], ""processor_pixel_constraint"": {""max_pixels"": 200704, ""min_pixels"": 200704}, ""requested_frame_fractions"": [0.1, 0.37, 0.63, 0.9], ""resize_interpolation"": ""OpenCV INTER_AREA"", ""sample_id"": ""Text2Video-Zero/Swallows soar in the air.mp4"", ""selected_frame_positions"": [4, 13, 22, 32], ""source_file_bytes"": 241730, ""source_fps_used"": 12.0, ""source_frame_count"": 36, ""video_path"": ""/DATA/DATA1/lixinyue/xyli/data/LGVQ/videos/Text2Video-Zero/Swallows soar in the air.mp4""}"
260,Text2Video-Zero/Teenage skateboarders perform tricks by the pond.mp4,38.02,36.444236755371094,260,1,"[4, 13, 22, 32]","{""center_crop_fraction_of_short_side"": 0.65, ""container_reported_size_wh"": [512, 512], ""decoded_frames"": [{""center_crop_xywh"": [89, 89, 333, 333], ""decoded_size_wh"": [512, 512], ""frame_position"": 4, ""resize_output_size_wh"": [448, 448]}, {""center_crop_xywh"": [89, 89, 333, 333], ""decoded_size_wh"": [512, 512], ""frame_position"": 13, ""resize_output_size_wh"": [448, 448]}, {""center_crop_xywh"": [89, 89, 333, 333], ""decoded_size_wh"": [512, 512], ""frame_position"": 22, ""resize_output_size_wh"": [448, 448]}, {""center_crop_xywh"": [89, 89, 333, 333], ""decoded_size_wh"": [512, 512], ""frame_position"": 32, ""resize_output_size_wh"": [448, 448]}], ""processor_pixel_constraint"": {""max_pixels"": 200704, ""min_pixels"": 200704}, ""requested_frame_fractions"": [0.1, 0.37, 0.63, 0.9], ""resize_interpolation"": ""OpenCV INTER_AREA"", ""sample_id"": ""Text2Video-Zero/Teenage skateboarders perform tricks by the pond.mp4"", ""selected_frame_positions"": [4, 13, 22, 32], ""source_file_bytes"": 938651, ""source_fps_used"": 12.0, ""source_frame_count"": 36, ""video_path"": ""/DATA/DATA1/lixinyue/xyli/data/LGVQ/videos/Text2Video-Zero/Teenage skateboarders perform tricks by the pond.mp4""}"
261,"Text2Video-Zero/The campus has colorful gardens, full of vitality.mp4",34.33,44.38624954223633,261,1,"[4, 13, 22, 32]","{""center_crop_fraction_of_short_side"": 0.65, ""container_reported_size_wh"": [512, 512], ""decoded_frames"": [{""center_crop_xywh"": [89, 89, 333, 333], ""decoded_size_wh"": [512, 512], ""frame_position"": 4, ""resize_output_size_wh"": [448, 448]}, {""center_crop_xywh"": [89, 89, 333, 333], ""decoded_size_wh"": [512, 512], ""frame_position"": 13, ""resize_output_size_wh"": [448, 448]}, {""center_crop_xywh"": [89, 89, 333, 333], ""decoded_size_wh"": [512, 512], ""frame_position"": 22, ""resize_output_size_wh"": [448, 448]}, {""center_crop_xywh"": [89, 89, 333, 333], ""decoded_size_wh"": [512, 512], ""frame_position"": 32, ""resize_output_size_wh"": [448, 448]}], ""processor_pixel_constraint"": {""max_pixels"": 200704, ""min_pixels"": 200704}, ""requested_frame_fractions"": [0.1, 0.37, 0.63, 0.9], ""resize_interpolation"": ""OpenCV INTER_AREA"", ""sample_id"": ""Text2Video-Zero/The campus has colorful gardens, full of vitality.mp4"", ""selected_frame_positions"": [4, 13, 22, 32], ""source_file_bytes"": 1410631, ""source_fps_used"": 12.0, ""source_frame_count"": 36, ""video_path"": ""/DATA/DATA1/lixinyue/xyli/data/LGVQ/videos/Text2Video-Zero/The campus has colorful gardens, full of vitality.mp4""}"
262,Text2Video-Zero/The commander is strategizing in front of a map.mp4,31.43,36.3009033203125,262,1,"[4, 13, 22, 32]","{""center_crop_fraction_of_short_side"": 0.65, ""container_reported_size_wh"": [512, 512], ""decoded_frames"": [{""center_crop_xywh"": [89, 89, 333, 333], ""decoded_size_wh"": [512, 512], ""frame_position"": 4, ""resize_output_size_wh"": [448, 448]}, {""center_crop_xywh"": [89, 89, 333, 333], ""decoded_size_wh"": [512, 512], ""frame_position"": 13, ""resize_output_size_wh"": [448, 448]}, {""center_crop_xywh"": [89, 89, 333, 333], ""decoded_size_wh"": [512, 512], ""frame_position"": 22, ""resize_output_size_wh"": [448, 448]}, {""center_crop_xywh"": [89, 89, 333, 333], ""decoded_size_wh"": [512, 512], ""frame_position"": 32, ""resize_output_size_wh"": [448, 448]}], ""processor_pixel_constraint"": {""max_pixels"": 200704, ""min_pixels"": 200704}, ""requested_frame_fractions"": [0.1, 0.37, 0.63, 0.9], ""resize_interpolation"": ""OpenCV INTER_AREA"", ""sample_id"": ""Text2Video-Zero/The commander is strategizing in front of a map.mp4"", ""selected_frame_positions"": [4, 13, 22, 32], ""source_file_bytes"": 768949, ""source_fps_used"": 12.0, ""source_frame_count"": 36, ""video_path"": ""/DATA/DATA1/lixinyue/xyli/data/LGVQ/videos/Text2Video-Zero/The commander is strategizing in front of a map.mp4""}"
263,Text2Video-Zero/The crickets chirped merrily in the summer night.mp4,36.79,42.97224807739258,263,1,"[4, 13, 22, 32]","{""center_crop_fraction_of_short_side"": 0.65, ""container_reported_size_wh"": [512, 512], ""decoded_frames"": [{""center_crop_xywh"": [89, 89, 333, 333], ""decoded_size_wh"": [512, 512], ""frame_position"": 4, ""resize_output_size_wh"": [448, 448]}, {""center_crop_xywh"": [89, 89, 333, 333], ""decoded_size_wh"": [512, 512], ""frame_position"": 13, ""resize_output_size_wh"": [448, 448]}, {""center_crop_xywh"": [89, 89, 333, 333], ""decoded_size_wh"": [512, 512], ""frame_position"": 22, ""resize_output_size_wh"": [448, 448]}, {""center_crop_xywh"": [89, 89, 333, 333], ""decoded_size_wh"": [512, 512], ""frame_position"": 32, ""resize_output_size_wh"": [448, 448]}], ""processor_pixel_constraint"": {""max_pixels"": 200704, ""min_pixels"": 200704}, ""requested_frame_fractions"": [0.1, 0.37, 0.63, 0.9], ""resize_interpolation"": ""OpenCV INTER_AREA"", ""sample_id"": ""Text2Video-Zero/The crickets chirped merrily in the summer night.mp4"", ""selected_frame_positions"": [4, 13, 22, 32], ""source_file_bytes"": 324760, ""source_fps_used"": 12.0, ""source_frame_count"": 36, ""video_path"": ""/DATA/DATA1/lixinyue/xyli/data/LGVQ/videos/Text2Video-Zero/The crickets chirped merrily in the summer night.mp4""}"
264,Text2Video-Zero/The leaves of a purple-leaf plum tree turn deep purple.mp4,42.01,40.39958953857422,264,1,"[4, 13, 22, 32]","{""center_crop_fraction_of_short_side"": 0.65, ""container_reported_size_wh"": [512, 512], ""decoded_frames"": [{""center_crop_xywh"": [89, 89, 333, 333], ""decoded_size_wh"": [512, 512], ""frame_position"": 4, ""resize_output_size_wh"": [448, 448]}, {""center_crop_xywh"": [89, 89, 333, 333], ""decoded_size_wh"": [512, 512], ""frame_position"": 13, ""resize_output_size_wh"": [448, 448]}, {""center_crop_xywh"": [89, 89, 333, 333], ""decoded_size_wh"": [512, 512], ""frame_position"": 22, ""resize_output_size_wh"": [448, 448]}, {""center_crop_xywh"": [89, 89, 333, 333], ""decoded_size_wh"": [512, 512], ""frame_position"": 32, ""resize_output_size_wh"": [448, 448]}], ""processor_pixel_constraint"": {""max_pixels"": 200704, ""min_pixels"": 200704}, ""requested_frame_fractions"": [0.1, 0.37, 0.63, 0.9], ""resize_interpolation"": ""OpenCV INTER_AREA"", ""sample_id"": ""Text2Video-Zero/The leaves of a purple-leaf plum tree turn deep purple.mp4"", ""selected_frame_positions"": [4, 13, 22, 32], ""source_file_bytes"": 1641068, ""source_fps_used"": 12.0, ""source_frame_count"": 36, ""video_path"": ""/DATA/DATA1/lixinyue/xyli/data/LGVQ/videos/Text2Video-Zero/The leaves of a purple-leaf plum tree turn deep purple.mp4""}"
265,Text2Video-Zero/The lion roars majestically on the grassland.mp4,44.92,50.293609619140625,265,1,"[4, 13, 22, 32]","{""center_crop_fraction_of_short_side"": 0.65, ""container_reported_size_wh"": [512, 512], ""decoded_frames"": [{""center_crop_xywh"": [89, 89, 333, 333], ""decoded_size_wh"": [512, 512], ""frame_position"": 4, ""resize_output_size_wh"": [448, 448]}, {""center_crop_xywh"": [89, 89, 333, 333], ""decoded_size_wh"": [512, 512], ""frame_position"": 13, ""resize_output_size_wh"": [448, 448]}, {""center_crop_xywh"": [89, 89, 333, 333], ""decoded_size_wh"": [512, 512], ""frame_position"": 22, ""resize_output_size_wh"": [448, 448]}, {""center_crop_xywh"": [89, 89, 333, 333], ""decoded_size_wh"": [512, 512], ""frame_position"": 32, ""resize_output_size_wh"": [448, 448]}], ""processor_pixel_constraint"": {""max_pixels"": 200704, ""min_pixels"": 200704}, ""requested_frame_fractions"": [0.1, 0.37, 0.63, 0.9], ""resize_interpolation"": ""OpenCV INTER_AREA"", ""sample_id"": ""Text2Video-Zero/The lion roars majestically on the grassland.mp4"", ""selected_frame_positions"": [4, 13, 22, 32], ""source_file_bytes"": 679049, ""source_fps_used"": 12.0, ""source_frame_count"": 36, ""video_path"": ""/DATA/DATA1/lixinyue/xyli/data/LGVQ/videos/Text2Video-Zero/The lion roars majestically on the grassland.mp4""}"
266,Text2Video-Zero/The parrot chirped in the treetops.mp4,29.95,35.20536804199219,266,1,"[4, 13, 22, 32]","{""center_crop_fraction_of_short_side"": 0.65, ""container_reported_size_wh"": [512, 512], ""decoded_frames"": [{""center_crop_xywh"": [89, 89, 333, 333], ""decoded_size_wh"": [512, 512], ""frame_position"": 4, ""resize_output_size_wh"": [448, 448]}, {""center_crop_xywh"": [89, 89, 333, 333], ""decoded_size_wh"": [512, 512], ""frame_position"": 13, ""resize_output_size_wh"": [448, 448]}, {""center_crop_xywh"": [89, 89, 333, 333], ""decoded_size_wh"": [512, 512], ""frame_position"": 22, ""resize_output_size_wh"": [448, 448]}, {""center_crop_xywh"": [89, 89, 333, 333], ""decoded_size_wh"": [512, 512], ""frame_position"": 32, ""resize_output_size_wh"": [448, 448]}], ""processor_pixel_constraint"": {""max_pixels"": 200704, ""min_pixels"": 200704}, ""requested_frame_fractions"": [0.1, 0.37, 0.63, 0.9], ""resize_interpolation"": ""OpenCV INTER_AREA"", ""sample_id"": ""Text2Video-Zero/The parrot chirped in the treetops.mp4"", ""selected_frame_positions"": [4, 13, 22, 32], ""source_file_bytes"": 438423, ""source_fps_used"": 12.0, ""source_frame_count"": 36, ""video_path"": ""/DATA/DATA1/lixinyue/xyli/data/LGVQ/videos/Text2Video-Zero/The parrot chirped in the treetops.mp4""}"
267,Text2Video-Zero/The roof of a farmhouse is covered in moss.mp4,35.41,38.30764389038086,267,1,"[4, 13, 22, 32]","{""center_crop_fraction_of_short_side"": 0.65, ""container_reported_size_wh"": [512, 512], ""decoded_frames"": [{""center_crop_xywh"": [89, 89, 333, 333], ""decoded_size_wh"": [512, 512], ""frame_position"": 4, ""resize_output_size_wh"": [448, 448]}, {""center_crop_xywh"": [89, 89, 333, 333], ""decoded_size_wh"": [512, 512], ""frame_position"": 13, ""resize_output_size_wh"": [448, 448]}, {""center_crop_xywh"": [89, 89, 333, 333], ""decoded_size_wh"": [512, 512], ""frame_position"": 22, ""resize_output_size_wh"": [448, 448]}, {""center_crop_xywh"": [89, 89, 333, 333], ""decoded_size_wh"": [512, 512], ""frame_position"": 32, ""resize_output_size_wh"": [448, 448]}], ""processor_pixel_constraint"": {""max_pixels"": 200704, ""min_pixels"": 200704}, ""requested_frame_fractions"": [0.1, 0.37, 0.63, 0.9], ""resize_interpolation"": ""OpenCV INTER_AREA"", ""sample_id"": ""Text2Video-Zero/The roof of a farmhouse is covered in moss.mp4"", ""selected_frame_positions"": [4, 13, 22, 32], ""source_file_bytes"": 1571620, ""source_fps_used"": 12.0, ""source_frame_count"": 36, ""video_path"": ""/DATA/DATA1/lixinyue/xyli/data/LGVQ/videos/Text2Video-Zero/The roof of a farmhouse is covered in moss.mp4""}"
268,Text2Video-Zero/The rural stream serves as the water source for villagers.mp4,36.68,44.577056884765625,268,1,"[4, 13, 22, 32]","{""center_crop_fraction_of_short_side"": 0.65, ""container_reported_size_wh"": [512, 512], ""decoded_frames"": [{""center_crop_xywh"": [89, 89, 333, 333], ""decoded_size_wh"": [512, 512], ""frame_position"": 4, ""resize_output_size_wh"": [448, 448]}, {""center_crop_xywh"": [89, 89, 333, 333], ""decoded_size_wh"": [512, 512], ""frame_position"": 13, ""resize_output_size_wh"": [448, 448]}, {""center_crop_xywh"": [89, 89, 333, 333], ""decoded_size_wh"": [512, 512], ""frame_position"": 22, ""resize_output_size_wh"": [448, 448]}, {""center_crop_xywh"": [89, 89, 333, 333], ""decoded_size_wh"": [512, 512], ""frame_position"": 32, ""resize_output_size_wh"": [448, 448]}], ""processor_pixel_constraint"": {""max_pixels"": 200704, ""min_pixels"": 200704}, ""requested_frame_fractions"": [0.1, 0.37, 0.63, 0.9], ""resize_interpolation"": ""OpenCV INTER_AREA"", ""sample_id"": ""Text2Video-Zero/The rural stream serves as the water source for villagers.mp4"", ""selected_frame_positions"": [4, 13, 22, 32], ""source_file_bytes"": 1289342, ""source_fps_used"": 12.0, ""source_frame_count"": 36, ""video_path"": ""/DATA/DATA1/lixinyue/xyli/data/LGVQ/videos/Text2Video-Zero/The rural stream serves as the water source for villagers.mp4""}"
269,Text2Video-Zero/The school auditorium is decorated with festive decorations.mp4,31.87,41.66289520263672,269,1,"[4, 13, 22, 32]","{""center_crop_fraction_of_short_side"": 0.65, ""container_reported_size_wh"": [512, 512], ""decoded_frames"": [{""center_crop_xywh"": [89, 89, 333, 333], ""decoded_size_wh"": [512, 512], ""frame_position"": 4, ""resize_output_size_wh"": [448, 448]}, {""center_crop_xywh"": [89, 89, 333, 333], ""decoded_size_wh"": [512, 512], ""frame_position"": 13, ""resize_output_size_wh"": [448, 448]}, {""center_crop_xywh"": [89, 89, 333, 333], ""decoded_size_wh"": [512, 512], ""frame_position"": 22, ""resize_output_size_wh"": [448, 448]}, {""center_crop_xywh"": [89, 89, 333, 333], ""decoded_size_wh"": [512, 512], ""frame_position"": 32, ""resize_output_size_wh"": [448, 448]}], ""processor_pixel_constraint"": {""max_pixels"": 200704, ""min_pixels"": 200704}, ""requested_frame_fractions"": [0.1, 0.37, 0.63, 0.9], ""resize_interpolation"": ""OpenCV INTER_AREA"", ""sample_id"": ""Text2Video-Zero/The school auditorium is decorated with festive decorations.mp4"", ""selected_frame_positions"": [4, 13, 22, 32], ""source_file_bytes"": 589998, ""source_fps_used"": 12.0, ""source_frame_count"": 36, ""video_path"": ""/DATA/DATA1/lixinyue/xyli/data/LGVQ/videos/Text2Video-Zero/The school auditorium is decorated with festive decorations.mp4""}"
270,Text2Video-Zero/The seahorse swayed slowly on the sea floor.mp4,36.77,38.299949645996094,270,1,"[4, 13, 22, 32]","{""center_crop_fraction_of_short_side"": 0.65, ""container_reported_size_wh"": [512, 512], ""decoded_frames"": [{""center_crop_xywh"": [89, 89, 333, 333], ""decoded_size_wh"": [512, 512], ""frame_position"": 4, ""resize_output_size_wh"": [448, 448]}, {""center_crop_xywh"": [89, 89, 333, 333], ""decoded_size_wh"": [512, 512], ""frame_position"": 13, ""resize_output_size_wh"": [448, 448]}, {""center_crop_xywh"": [89, 89, 333, 333], ""decoded_size_wh"": [512, 512], ""frame_position"": 22, ""resize_output_size_wh"": [448, 448]}, {""center_crop_xywh"": [89, 89, 333, 333], ""decoded_size_wh"": [512, 512], ""frame_position"": 32, ""resize_output_size_wh"": [448, 448]}], ""processor_pixel_constraint"": {""max_pixels"": 200704, ""min_pixels"": 200704}, ""requested_frame_fractions"": [0.1, 0.37, 0.63, 0.9], ""resize_interpolation"": ""OpenCV INTER_AREA"", ""sample_id"": ""Text2Video-Zero/The seahorse swayed slowly on the sea floor.mp4"", ""selected_frame_positions"": [4, 13, 22, 32], ""source_file_bytes"": 1205511, ""source_fps_used"": 12.0, ""source_frame_count"": 36, ""video_path"": ""/DATA/DATA1/lixinyue/xyli/data/LGVQ/videos/Text2Video-Zero/The seahorse swayed slowly on the sea floor.mp4""}"
271,Text2Video-Zero/There are boats on the park lake.mp4,31.34,37.62544250488281,271,1,"[4, 13, 22, 32]","{""center_crop_fraction_of_short_side"": 0.65, ""container_reported_size_wh"": [512, 512], ""decoded_frames"": [{""center_crop_xywh"": [89, 89, 333, 333], ""decoded_size_wh"": [512, 512], ""frame_position"": 4, ""resize_output_size_wh"": [448, 448]}, {""center_crop_xywh"": [89, 89, 333, 333], ""decoded_size_wh"": [512, 512], ""frame_position"": 13, ""resize_output_size_wh"": [448, 448]}, {""center_crop_xywh"": [89, 89, 333, 333], ""decoded_size_wh"": [512, 512], ""frame_position"": 22, ""resize_output_size_wh"": [448, 448]}, {""center_crop_xywh"": [89, 89, 333, 333], ""decoded_size_wh"": [512, 512], ""frame_position"": 32, ""resize_output_size_wh"": [448, 448]}], ""processor_pixel_constraint"": {""max_pixels"": 200704, ""min_pixels"": 200704}, ""requested_frame_fractions"": [0.1, 0.37, 0.63, 0.9], ""resize_interpolation"": ""OpenCV INTER_AREA"", ""sample_id"": ""Text2Video-Zero/There are boats on the park lake.mp4"", ""selected_frame_positions"": [4, 13, 22, 32], ""source_file_bytes"": 1659565, ""source_fps_used"": 12.0, ""source_frame_count"": 36, ""video_path"": ""/DATA/DATA1/lixinyue/xyli/data/LGVQ/videos/Text2Video-Zero/There are boats on the park lake.mp4""}"
272,Text2Video-Zero/There's a drum and guitar in the music classroom.mp4,31.83,39.89621353149414,272,1,"[4, 13, 22, 32]","{""center_crop_fraction_of_short_side"": 0.65, ""container_reported_size_wh"": [512, 512], ""decoded_frames"": [{""center_crop_xywh"": [89, 89, 333, 333], ""decoded_size_wh"": [512, 512], ""frame_position"": 4, ""resize_output_size_wh"": [448, 448]}, {""center_crop_xywh"": [89, 89, 333, 333], ""decoded_size_wh"": [512, 512], ""frame_position"": 13, ""resize_output_size_wh"": [448, 448]}, {""center_crop_xywh"": [89, 89, 333, 333], ""decoded_size_wh"": [512, 512], ""frame_position"": 22, ""resize_output_size_wh"": [448, 448]}, {""center_crop_xywh"": [89, 89, 333, 333], ""decoded_size_wh"": [512, 512], ""frame_position"": 32, ""resize_output_size_wh"": [448, 448]}], ""processor_pixel_constraint"": {""max_pixels"": 200704, ""min_pixels"": 200704}, ""requested_frame_fractions"": [0.1, 0.37, 0.63, 0.9], ""resize_interpolation"": ""OpenCV INTER_AREA"", ""sample_id"": ""Text2Video-Zero/There's a drum and guitar in the music classroom.mp4"", ""selected_frame_positions"": [4, 13, 22, 32], ""source_file_bytes"": 407070, ""source_fps_used"": 12.0, ""source_frame_count"": 36, ""video_path"": ""/DATA/DATA1/lixinyue/xyli/data/LGVQ/videos/Text2Video-Zero/There's a drum and guitar in the music classroom.mp4""}"
273,"Text2Video-Zero/Unique desert landscapes, with dunes sculpted by the wind.mp4",35.31,32.851890563964844,273,1,"[4, 13, 22, 32]","{""center_crop_fraction_of_short_side"": 0.65, ""container_reported_size_wh"": [512, 512], ""decoded_frames"": [{""center_crop_xywh"": [89, 89, 333, 333], ""decoded_size_wh"": [512, 512], ""frame_position"": 4, ""resize_output_size_wh"": [448, 448]}, {""center_crop_xywh"": [89, 89, 333, 333], ""decoded_size_wh"": [512, 512], ""frame_position"": 13, ""resize_output_size_wh"": [448, 448]}, {""center_crop_xywh"": [89, 89, 333, 333], ""decoded_size_wh"": [512, 512], ""frame_position"": 22, ""resize_output_size_wh"": [448, 448]}, {""center_crop_xywh"": [89, 89, 333, 333], ""decoded_size_wh"": [512, 512], ""frame_position"": 32, ""resize_output_size_wh"": [448, 448]}], ""processor_pixel_constraint"": {""max_pixels"": 200704, ""min_pixels"": 200704}, ""requested_frame_fractions"": [0.1, 0.37, 0.63, 0.9], ""resize_interpolation"": ""OpenCV INTER_AREA"", ""sample_id"": ""Text2Video-Zero/Unique desert landscapes, with dunes sculpted by the wind.mp4"", ""selected_frame_positions"": [4, 13, 22, 32], ""source_file_bytes"": 335902, ""source_fps_used"": 12.0, ""source_frame_count"": 36, ""video_path"": ""/DATA/DATA1/lixinyue/xyli/data/LGVQ/videos/Text2Video-Zero/Unique desert landscapes, with dunes sculpted by the wind.mp4""}"
274,Text2Video-Zero/Various fruit trees grow in the countryside.mp4,40.77,36.7898063659668,274,1,"[4, 13, 22, 32]","{""center_crop_fraction_of_short_side"": 0.65, ""container_reported_size_wh"": [512, 512], ""decoded_frames"": [{""center_crop_xywh"": [89, 89, 333, 333], ""decoded_size_wh"": [512, 512], ""frame_position"": 4, ""resize_output_size_wh"": [448, 448]}, {""center_crop_xywh"": [89, 89, 333, 333], ""decoded_size_wh"": [512, 512], ""frame_position"": 13, ""resize_output_size_wh"": [448, 448]}, {""center_crop_xywh"": [89, 89, 333, 333], ""decoded_size_wh"": [512, 512], ""frame_position"": 22, ""resize_output_size_wh"": [448, 448]}, {""center_crop_xywh"": [89, 89, 333, 333], ""decoded_size_wh"": [512, 512], ""frame_position"": 32, ""resize_output_size_wh"": [448, 448]}], ""processor_pixel_constraint"": {""max_pixels"": 200704, ""min_pixels"": 200704}, ""requested_frame_fractions"": [0.1, 0.37, 0.63, 0.9], ""resize_interpolation"": ""OpenCV INTER_AREA"", ""sample_id"": ""Text2Video-Zero/Various fruit trees grow in the countryside.mp4"", ""selected_frame_positions"": [4, 13, 22, 32], ""source_file_bytes"": 1496567, ""source_fps_used"": 12.0, ""source_frame_count"": 36, ""video_path"": ""/DATA/DATA1/lixinyue/xyli/data/LGVQ/videos/Text2Video-Zero/Various fruit trees grow in the countryside.mp4""}"
275,Text2Video-Zero/Vendors at the market display fresh fruits and vegetables.mp4,33.67,39.3416862487793,275,1,"[4, 13, 22, 32]","{""center_crop_fraction_of_short_side"": 0.65, ""container_reported_size_wh"": [512, 512], ""decoded_frames"": [{""center_crop_xywh"": [89, 89, 333, 333], ""decoded_size_wh"": [512, 512], ""frame_position"": 4, ""resize_output_size_wh"": [448, 448]}, {""center_crop_xywh"": [89, 89, 333, 333], ""decoded_size_wh"": [512, 512], ""frame_position"": 13, ""resize_output_size_wh"": [448, 448]}, {""center_crop_xywh"": [89, 89, 333, 333], ""decoded_size_wh"": [512, 512], ""frame_position"": 22, ""resize_output_size_wh"": [448, 448]}, {""center_crop_xywh"": [89, 89, 333, 333], ""decoded_size_wh"": [512, 512], ""frame_position"": 32, ""resize_output_size_wh"": [448, 448]}], ""processor_pixel_constraint"": {""max_pixels"": 200704, ""min_pixels"": 200704}, ""requested_frame_fractions"": [0.1, 0.37, 0.63, 0.9], ""resize_interpolation"": ""OpenCV INTER_AREA"", ""sample_id"": ""Text2Video-Zero/Vendors at the market display fresh fruits and vegetables.mp4"", ""selected_frame_positions"": [4, 13, 22, 32], ""source_file_bytes"": 1259357, ""source_fps_used"": 12.0, ""source_frame_count"": 36, ""video_path"": ""/DATA/DATA1/lixinyue/xyli/data/LGVQ/videos/Text2Video-Zero/Vendors at the market display fresh fruits and vegetables.mp4""}"
276,Text2Video-Zero/Visitors get information at the park's visitor center.mp4,37.86,35.605716705322266,276,1,"[4, 13, 22, 32]","{""center_crop_fraction_of_short_side"": 0.65, ""container_reported_size_wh"": [512, 512], ""decoded_frames"": [{""center_crop_xywh"": [89, 89, 333, 333], ""decoded_size_wh"": [512, 512], ""frame_position"": 4, ""resize_output_size_wh"": [448, 448]}, {""center_crop_xywh"": [89, 89, 333, 333], ""decoded_size_wh"": [512, 512], ""frame_position"": 13, ""resize_output_size_wh"": [448, 448]}, {""center_crop_xywh"": [89, 89, 333, 333], ""decoded_size_wh"": [512, 512], ""frame_position"": 22, ""resize_output_size_wh"": [448, 448]}, {""center_crop_xywh"": [89, 89, 333, 333], ""decoded_size_wh"": [512, 512], ""frame_position"": 32, ""resize_output_size_wh"": [448, 448]}], ""processor_pixel_constraint"": {""max_pixels"": 200704, ""min_pixels"": 200704}, ""requested_frame_fractions"": [0.1, 0.37, 0.63, 0.9], ""resize_interpolation"": ""OpenCV INTER_AREA"", ""sample_id"": ""Text2Video-Zero/Visitors get information at the park's visitor center.mp4"", ""selected_frame_positions"": [4, 13, 22, 32], ""source_file_bytes"": 1308751, ""source_fps_used"": 12.0, ""source_frame_count"": 36, ""video_path"": ""/DATA/DATA1/lixinyue/xyli/data/LGVQ/videos/Text2Video-Zero/Visitors get information at the park's visitor center.mp4""}"
277,"Text2Video-Zero/Wandering through a forest path, surrounded by emerald greenery.mp4",38.19,62.11064910888672,277,1,"[4, 13, 22, 32]","{""center_crop_fraction_of_short_side"": 0.65, ""container_reported_size_wh"": [512, 512], ""decoded_frames"": [{""center_crop_xywh"": [89, 89, 333, 333], ""decoded_size_wh"": [512, 512], ""frame_position"": 4, ""resize_output_size_wh"": [448, 448]}, {""center_crop_xywh"": [89, 89, 333, 333], ""decoded_size_wh"": [512, 512], ""frame_position"": 13, ""resize_output_size_wh"": [448, 448]}, {""center_crop_xywh"": [89, 89, 333, 333], ""decoded_size_wh"": [512, 512], ""frame_position"": 22, ""resize_output_size_wh"": [448, 448]}, {""center_crop_xywh"": [89, 89, 333, 333], ""decoded_size_wh"": [512, 512], ""frame_position"": 32, ""resize_output_size_wh"": [448, 448]}], ""processor_pixel_constraint"": {""max_pixels"": 200704, ""min_pixels"": 200704}, ""requested_frame_fractions"": [0.1, 0.37, 0.63, 0.9], ""resize_interpolation"": ""OpenCV INTER_AREA"", ""sample_id"": ""Text2Video-Zero/Wandering through a forest path, surrounded by emerald greenery.mp4"", ""selected_frame_positions"": [4, 13, 22, 32], ""source_file_bytes"": 1344255, ""source_fps_used"": 12.0, ""source_frame_count"": 36, ""video_path"": ""/DATA/DATA1/lixinyue/xyli/data/LGVQ/videos/Text2Video-Zero/Wandering through a forest path, surrounded by emerald greenery.mp4""}"
278,"Text2Video-Zero/Willow trees by the river, swaying gently in the calming breeze.mp4",39.53,49.072654724121094,278,1,"[4, 13, 22, 32]","{""center_crop_fraction_of_short_side"": 0.65, ""container_reported_size_wh"": [512, 512], ""decoded_frames"": [{""center_crop_xywh"": [89, 89, 333, 333], ""decoded_size_wh"": [512, 512], ""frame_position"": 4, ""resize_output_size_wh"": [448, 448]}, {""center_crop_xywh"": [89, 89, 333, 333], ""decoded_size_wh"": [512, 512], ""frame_position"": 13, ""resize_output_size_wh"": [448, 448]}, {""center_crop_xywh"": [89, 89, 333, 333], ""decoded_size_wh"": [512, 512], ""frame_position"": 22, ""resize_output_size_wh"": [448, 448]}, {""center_crop_xywh"": [89, 89, 333, 333], ""decoded_size_wh"": [512, 512], ""frame_position"": 32, ""resize_output_size_wh"": [448, 448]}], ""processor_pixel_constraint"": {""max_pixels"": 200704, ""min_pixels"": 200704}, ""requested_frame_fractions"": [0.1, 0.37, 0.63, 0.9], ""resize_interpolation"": ""OpenCV INTER_AREA"", ""sample_id"": ""Text2Video-Zero/Willow trees by the river, swaying gently in the calming breeze.mp4"", ""selected_frame_positions"": [4, 13, 22, 32], ""source_file_bytes"": 1199752, ""source_fps_used"": 12.0, ""source_frame_count"": 36, ""video_path"": ""/DATA/DATA1/lixinyue/xyli/data/LGVQ/videos/Text2Video-Zero/Willow trees by the river, swaying gently in the calming breeze.mp4""}"
279,"Tune-A-Video/A baseball player swung the bat, preparing for a home run.mp4",35.53,33.99486541748047,279,1,"[2, 9, 14, 21]","{""center_crop_fraction_of_short_side"": 0.65, ""container_reported_size_wh"": [512, 512], ""decoded_frames"": [{""center_crop_xywh"": [89, 89, 333, 333], ""decoded_size_wh"": [512, 512], ""frame_position"": 2, ""resize_output_size_wh"": [448, 448]}, {""center_crop_xywh"": [89, 89, 333, 333], ""decoded_size_wh"": [512, 512], ""frame_position"": 9, ""resize_output_size_wh"": [448, 448]}, {""center_crop_xywh"": [89, 89, 333, 333], ""decoded_size_wh"": [512, 512], ""frame_position"": 14, ""resize_output_size_wh"": [448, 448]}, {""center_crop_xywh"": [89, 89, 333, 333], ""decoded_size_wh"": [512, 512], ""frame_position"": 21, ""resize_output_size_wh"": [448, 448]}], ""processor_pixel_constraint"": {""max_pixels"": 200704, ""min_pixels"": 200704}, ""requested_frame_fractions"": [0.1, 0.37, 0.63, 0.9], ""resize_interpolation"": ""OpenCV INTER_AREA"", ""sample_id"": ""Tune-A-Video/A baseball player swung the bat, preparing for a home run.mp4"", ""selected_frame_positions"": [2, 9, 14, 21], ""source_file_bytes"": 144428, ""source_fps_used"": 10.0, ""source_frame_count"": 24, ""video_path"": ""/DATA/DATA1/lixinyue/xyli/data/LGVQ/videos/Tune-A-Video/A baseball player swung the bat, preparing for a home run.mp4""}"
280,Tune-A-Video/A bowl of hot soup is especially delicious on a cold winter day.mp4,36.74,33.77982711791992,280,1,"[2, 9, 14, 21]","{""center_crop_fraction_of_short_side"": 0.65, ""container_reported_size_wh"": [512, 512], ""decoded_frames"": [{""center_crop_xywh"": [89, 89, 333, 333], ""decoded_size_wh"": [512, 512], ""frame_position"": 2, ""resize_output_size_wh"": [448, 448]}, {""center_crop_xywh"": [89, 89, 333, 333], ""decoded_size_wh"": [512, 512], ""frame_position"": 9, ""resize_output_size_wh"": [448, 448]}, {""center_crop_xywh"": [89, 89, 333, 333], ""decoded_size_wh"": [512, 512], ""frame_position"": 14, ""resize_output_size_wh"": [448, 448]}, {""center_crop_xywh"": [89, 89, 333, 333], ""decoded_size_wh"": [512, 512], ""frame_position"": 21, ""resize_output_size_wh"": [448, 448]}], ""processor_pixel_constraint"": {""max_pixels"": 200704, ""min_pixels"": 200704}, ""requested_frame_fractions"": [0.1, 0.37, 0.63, 0.9], ""resize_interpolation"": ""OpenCV INTER_AREA"", ""sample_id"": ""Tune-A-Video/A bowl of hot soup is especially delicious on a cold winter day.mp4"", ""selected_frame_positions"": [2, 9, 14, 21], ""source_file_bytes"": 254441, ""source_fps_used"": 10.0, ""source_frame_count"": 24, ""video_path"": ""/DATA/DATA1/lixinyue/xyli/data/LGVQ/videos/Tune-A-Video/A bowl of hot soup is especially delicious on a cold winter day.mp4""}"
281,Tune-A-Video/A bowl of ramen has delicious pork and seaweed.mp4,33.94,33.045570373535156,281,1,"[2, 9, 14, 21]","{""center_crop_fraction_of_short_side"": 0.65, ""container_reported_size_wh"": [512, 512], ""decoded_frames"": [{""center_crop_xywh"": [89, 89, 333, 333], ""decoded_size_wh"": [512, 512], ""frame_position"": 2, ""resize_output_size_wh"": [448, 448]}, {""center_crop_xywh"": [89, 89, 333, 333], ""decoded_size_wh"": [512, 512], ""frame_position"": 9, ""resize_output_size_wh"": [448, 448]}, {""center_crop_xywh"": [89, 89, 333, 333], ""decoded_size_wh"": [512, 512], ""frame_position"": 14, ""resize_output_size_wh"": [448, 448]}, {""center_crop_xywh"": [89, 89, 333, 333], ""decoded_size_wh"": [512, 512], ""frame_position"": 21, ""resize_output_size_wh"": [448, 448]}], ""processor_pixel_constraint"": {""max_pixels"": 200704, ""min_pixels"": 200704}, ""requested_frame_fractions"": [0.1, 0.37, 0.63, 0.9], ""resize_interpolation"": ""OpenCV INTER_AREA"", ""sample_id"": ""Tune-A-Video/A bowl of ramen has delicious pork and seaweed.mp4"", ""selected_frame_positions"": [2, 9, 14, 21], ""source_file_bytes"": 441647, ""source_fps_used"": 10.0, ""source_frame_count"": 24, ""video_path"": ""/DATA/DATA1/lixinyue/xyli/data/LGVQ/videos/Tune-A-Video/A bowl of ramen has delicious pork and seaweed.mp4""}"
282,Tune-A-Video/A bowl of rich French onion soup emanates an enticing aroma.mp4,43.35,36.38582992553711,282,1,"[2, 9, 14, 21]","{""center_crop_fraction_of_short_side"": 0.65, ""container_reported_size_wh"": [512, 512], ""decoded_frames"": [{""center_crop_xywh"": [89, 89, 333, 333], ""decoded_size_wh"": [512, 512], ""frame_position"": 2, ""resize_output_size_wh"": [448, 448]}, {""center_crop_xywh"": [89, 89, 333, 333], ""decoded_size_wh"": [512, 512], ""frame_position"": 9, ""resize_output_size_wh"": [448, 448]}, {""center_crop_xywh"": [89, 89, 333, 333], ""decoded_size_wh"": [512, 512], ""frame_position"": 14, ""resize_output_size_wh"": [448, 448]}, {""center_crop_xywh"": [89, 89, 333, 333], ""decoded_size_wh"": [512, 512], ""frame_position"": 21, ""resize_output_size_wh"": [448, 448]}], ""processor_pixel_constraint"": {""max_pixels"": 200704, ""min_pixels"": 200704}, ""requested_frame_fractions"": [0.1, 0.37, 0.63, 0.9], ""resize_interpolation"": ""OpenCV INTER_AREA"", ""sample_id"": ""Tune-A-Video/A bowl of rich French onion soup emanates an enticing aroma.mp4"", ""selected_frame_positions"": [2, 9, 14, 21], ""source_file_bytes"": 251150, ""source_fps_used"": 10.0, ""source_frame_count"": 24, ""video_path"": ""/DATA/DATA1/lixinyue/xyli/data/LGVQ/videos/Tune-A-Video/A bowl of rich French onion soup emanates an enticing aroma.mp4""}"
283,Tune-A-Video/A bowl of spicy Mexican chili is very delicious.mp4,35.41,32.08674621582031,283,1,"[2, 9, 14, 21]","{""center_crop_fraction_of_short_side"": 0.65, ""container_reported_size_wh"": [512, 512], ""decoded_frames"": [{""center_crop_xywh"": [89, 89, 333, 333], ""decoded_size_wh"": [512, 512], ""frame_position"": 2, ""resize_output_size_wh"": [448, 448]}, {""center_crop_xywh"": [89, 89, 333, 333], ""decoded_size_wh"": [512, 512], ""frame_position"": 9, ""resize_output_size_wh"": [448, 448]}, {""center_crop_xywh"": [89, 89, 333, 333], ""decoded_size_wh"": [512, 512], ""frame_position"": 14, ""resize_output_size_wh"": [448, 448]}, {""center_crop_xywh"": [89, 89, 333, 333], ""decoded_size_wh"": [512, 512], ""frame_position"": 21, ""resize_output_size_wh"": [448, 448]}], ""processor_pixel_constraint"": {""max_pixels"": 200704, ""min_pixels"": 200704}, ""requested_frame_fractions"": [0.1, 0.37, 0.63, 0.9], ""resize_interpolation"": ""OpenCV INTER_AREA"", ""sample_id"": ""Tune-A-Video/A bowl of spicy Mexican chili is very delicious.mp4"", ""selected_frame_positions"": [2, 9, 14, 21], ""source_file_bytes"": 365028, ""source_fps_used"": 10.0, ""source_frame_count"": 24, ""video_path"": ""/DATA/DATA1/lixinyue/xyli/data/LGVQ/videos/Tune-A-Video/A bowl of spicy Mexican chili is very delicious.mp4""}"
284,Tune-A-Video/A butterfly gracefully dances among the flowers.mp4,39.48,33.4456787109375,284,1,"[2, 9, 14, 21]","{""center_crop_fraction_of_short_side"": 0.65, ""container_reported_size_wh"": [512, 512], ""decoded_frames"": [{""center_crop_xywh"": [89, 89, 333, 333], ""decoded_size_wh"": [512, 512], ""frame_position"": 2, ""resize_output_size_wh"": [448, 448]}, {""center_crop_xywh"": [89, 89, 333, 333], ""decoded_size_wh"": [512, 512], ""frame_position"": 9, ""resize_output_size_wh"": [448, 448]}, {""center_crop_xywh"": [89, 89, 333, 333], ""decoded_size_wh"": [512, 512], ""frame_position"": 14, ""resize_output_size_wh"": [448, 448]}, {""center_crop_xywh"": [89, 89, 333, 333], ""decoded_size_wh"": [512, 512], ""frame_position"": 21, ""resize_output_size_wh"": [448, 448]}], ""processor_pixel_constraint"": {""max_pixels"": 200704, ""min_pixels"": 200704}, ""requested_frame_fractions"": [0.1, 0.37, 0.63, 0.9], ""resize_interpolation"": ""OpenCV INTER_AREA"", ""sample_id"": ""Tune-A-Video/A butterfly gracefully dances among the flowers.mp4"", ""selected_frame_positions"": [2, 9, 14, 21], ""source_file_bytes"": 355975, ""source_fps_used"": 10.0, ""source_frame_count"": 24, ""video_path"": ""/DATA/DATA1/lixinyue/xyli/data/LGVQ/videos/Tune-A-Video/A butterfly gracefully dances among the flowers.mp4""}"
285,Tune-A-Video/A cactus thrives in the harsh desert.mp4,38.2,32.674354553222656,285,1,"[2, 9, 14, 21]","{""center_crop_fraction_of_short_side"": 0.65, ""container_reported_size_wh"": [512, 512], ""decoded_frames"": [{""center_crop_xywh"": [89, 89, 333, 333], ""decoded_size_wh"": [512, 512], ""frame_position"": 2, ""resize_output_size_wh"": [448, 448]}, {""center_crop_xywh"": [89, 89, 333, 333], ""decoded_size_wh"": [512, 512], ""frame_position"": 9, ""resize_output_size_wh"": [448, 448]}, {""center_crop_xywh"": [89, 89, 333, 333], ""decoded_size_wh"": [512, 512], ""frame_position"": 14, ""resize_output_size_wh"": [448, 448]}, {""center_crop_xywh"": [89, 89, 333, 333], ""decoded_size_wh"": [512, 512], ""frame_position"": 21, ""resize_output_size_wh"": [448, 448]}], ""processor_pixel_constraint"": {""max_pixels"": 200704, ""min_pixels"": 200704}, ""requested_frame_fractions"": [0.1, 0.37, 0.63, 0.9], ""resize_interpolation"": ""OpenCV INTER_AREA"", ""sample_id"": ""Tune-A-Video/A cactus thrives in the harsh desert.mp4"", ""selected_frame_positions"": [2, 9, 14, 21], ""source_file_bytes"": 487657, ""source_fps_used"": 10.0, ""source_frame_count"": 24, ""video_path"": ""/DATA/DATA1/lixinyue/xyli/data/LGVQ/videos/Tune-A-Video/A cactus thrives in the harsh desert.mp4""}"
286,"Tune-A-Video/A couple walks hand in hand on the beach, listening to the sound of the waves.mp4",31.24,33.78534698486328,286,1,"[2, 9, 14, 21]","{""center_crop_fraction_of_short_side"": 0.65, ""container_reported_size_wh"": [512, 512], ""decoded_frames"": [{""center_crop_xywh"": [89, 89, 333, 333], ""decoded_size_wh"": [512, 512], ""frame_position"": 2, ""resize_output_size_wh"": [448, 448]}, {""center_crop_xywh"": [89, 89, 333, 333], ""decoded_size_wh"": [512, 512], ""frame_position"": 9, ""resize_output_size_wh"": [448, 448]}, {""center_crop_xywh"": [89, 89, 333, 333], ""decoded_size_wh"": [512, 512], ""frame_position"": 14, ""resize_output_size_wh"": [448, 448]}, {""center_crop_xywh"": [89, 89, 333, 333], ""decoded_size_wh"": [512, 512], ""frame_position"": 21, ""resize_output_size_wh"": [448, 448]}], ""processor_pixel_constraint"": {""max_pixels"": 200704, ""min_pixels"": 200704}, ""requested_frame_fractions"": [0.1, 0.37, 0.63, 0.9], ""resize_interpolation"": ""OpenCV INTER_AREA"", ""sample_id"": ""Tune-A-Video/A couple walks hand in hand on the beach, listening to the sound of the waves.mp4"", ""selected_frame_positions"": [2, 9, 14, 21], ""source_file_bytes"": 309721, ""source_fps_used"": 10.0, ""source_frame_count"": 24, ""video_path"": ""/DATA/DATA1/lixinyue/xyli/data/LGVQ/videos/Tune-A-Video/A couple walks hand in hand on the beach, listening to the sound of the waves.mp4""}"
287,Tune-A-Video/A cup of hot chocolate is fragrant.mp4,35.37,44.7057991027832,287,1,"[2, 9, 14, 21]","{""center_crop_fraction_of_short_side"": 0.65, ""container_reported_size_wh"": [512, 512], ""decoded_frames"": [{""center_crop_xywh"": [89, 89, 333, 333], ""decoded_size_wh"": [512, 512], ""frame_position"": 2, ""resize_output_size_wh"": [448, 448]}, {""center_crop_xywh"": [89, 89, 333, 333], ""decoded_size_wh"": [512, 512], ""frame_position"": 9, ""resize_output_size_wh"": [448, 448]}, {""center_crop_xywh"": [89, 89, 333, 333], ""decoded_size_wh"": [512, 512], ""frame_position"": 14, ""resize_output_size_wh"": [448, 448]}, {""center_crop_xywh"": [89, 89, 333, 333], ""decoded_size_wh"": [512, 512], ""frame_position"": 21, ""resize_output_size_wh"": [448, 448]}], ""processor_pixel_constraint"": {""max_pixels"": 200704, ""min_pixels"": 200704}, ""requested_frame_fractions"": [0.1, 0.37, 0.63, 0.9], ""resize_interpolation"": ""OpenCV INTER_AREA"", ""sample_id"": ""Tune-A-Video/A cup of hot chocolate is fragrant.mp4"", ""selected_frame_positions"": [2, 9, 14, 21], ""source_file_bytes"": 163245, ""source_fps_used"": 10.0, ""source_frame_count"": 24, ""video_path"": ""/DATA/DATA1/lixinyue/xyli/data/LGVQ/videos/Tune-A-Video/A cup of hot chocolate is fragrant.mp4""}"
288,Tune-A-Video/A daffodil sways in the spring breeze.mp4,38.11,33.79816436767578,288,1,"[2, 9, 14, 21]","{""center_crop_fraction_of_short_side"": 0.65, ""container_reported_size_wh"": [512, 512], ""decoded_frames"": [{""center_crop_xywh"": [89, 89, 333, 333], ""decoded_size_wh"": [512, 512], ""frame_position"": 2, ""resize_output_size_wh"": [448, 448]}, {""center_crop_xywh"": [89, 89, 333, 333], ""decoded_size_wh"": [512, 512], ""frame_position"": 9, ""resize_output_size_wh"": [448, 448]}, {""center_crop_xywh"": [89, 89, 333, 333], ""decoded_size_wh"": [512, 512], ""frame_position"": 14, ""resize_output_size_wh"": [448, 448]}, {""center_crop_xywh"": [89, 89, 333, 333], ""decoded_size_wh"": [512, 512], ""frame_position"": 21, ""resize_output_size_wh"": [448, 448]}], ""processor_pixel_constraint"": {""max_pixels"": 200704, ""min_pixels"": 200704}, ""requested_frame_fractions"": [0.1, 0.37, 0.63, 0.9], ""resize_interpolation"": ""OpenCV INTER_AREA"", ""sample_id"": ""Tune-A-Video/A daffodil sways in the spring breeze.mp4"", ""selected_frame_positions"": [2, 9, 14, 21], ""source_file_bytes"": 199328, ""source_fps_used"": 10.0, ""source_frame_count"": 24, ""video_path"": ""/DATA/DATA1/lixinyue/xyli/data/LGVQ/videos/Tune-A-Video/A daffodil sways in the spring breeze.mp4""}"
289,Tune-A-Video/A designer creates fashionable clothing designs.mp4,31.34,33.84764862060547,289,1,"[2, 9, 14, 21]","{""center_crop_fraction_of_short_side"": 0.65, ""container_reported_size_wh"": [512, 512], ""decoded_frames"": [{""center_crop_xywh"": [89, 89, 333, 333], ""decoded_size_wh"": [512, 512], ""frame_position"": 2, ""resize_output_size_wh"": [448, 448]}, {""center_crop_xywh"": [89, 89, 333, 333], ""decoded_size_wh"": [512, 512], ""frame_position"": 9, ""resize_output_size_wh"": [448, 448]}, {""center_crop_xywh"": [89, 89, 333, 333], ""decoded_size_wh"": [512, 512], ""frame_position"": 14, ""resize_output_size_wh"": [448, 448]}, {""center_crop_xywh"": [89, 89, 333, 333], ""decoded_size_wh"": [512, 512], ""frame_position"": 21, ""resize_output_size_wh"": [448, 448]}], ""processor_pixel_constraint"": {""max_pixels"": 200704, ""min_pixels"": 200704}, ""requested_frame_fractions"": [0.1, 0.37, 0.63, 0.9], ""resize_interpolation"": ""OpenCV INTER_AREA"", ""sample_id"": ""Tune-A-Video/A designer creates fashionable clothing designs.mp4"", ""selected_frame_positions"": [2, 9, 14, 21], ""source_file_bytes"": 134569, ""source_fps_used"": 10.0, ""source_frame_count"": 24, ""video_path"": ""/DATA/DATA1/lixinyue/xyli/data/LGVQ/videos/Tune-A-Video/A designer creates fashionable clothing designs.mp4""}"
290,Tune-A-Video/A diver is exploring the underwater world under the coral reef.mp4,36.59,36.976043701171875,290,1,"[2, 9, 14, 21]","{""center_crop_fraction_of_short_side"": 0.65, ""container_reported_size_wh"": [512, 512], ""decoded_frames"": [{""center_crop_xywh"": [89, 89, 333, 333], ""decoded_size_wh"": [512, 512], ""frame_position"": 2, ""resize_output_size_wh"": [448, 448]}, {""center_crop_xywh"": [89, 89, 333, 333], ""decoded_size_wh"": [512, 512], ""frame_position"": 9, ""resize_output_size_wh"": [448, 448]}, {""center_crop_xywh"": [89, 89, 333, 333], ""decoded_size_wh"": [512, 512], ""frame_position"": 14, ""resize_output_size_wh"": [448, 448]}, {""center_crop_xywh"": [89, 89, 333, 333], ""decoded_size_wh"": [512, 512], ""frame_position"": 21, ""resize_output_size_wh"": [448, 448]}], ""processor_pixel_constraint"": {""max_pixels"": 200704, ""min_pixels"": 200704}, ""requested_frame_fractions"": [0.1, 0.37, 0.63, 0.9], ""resize_interpolation"": ""OpenCV INTER_AREA"", ""sample_id"": ""Tune-A-Video/A diver is exploring the underwater world under the coral reef.mp4"", ""selected_frame_positions"": [2, 9, 14, 21], ""source_file_bytes"": 429455, ""source_fps_used"": 10.0, ""source_frame_count"": 24, ""video_path"": ""/DATA/DATA1/lixinyue/xyli/data/LGVQ/videos/Tune-A-Video/A diver is exploring the underwater world under the coral reef.mp4""}"
291,Tune-A-Video/A doctor cares for patients in the hospital.mp4,32.78,44.469871520996094,291,1,"[2, 9, 14, 21]","{""center_crop_fraction_of_short_side"": 0.65, ""container_reported_size_wh"": [512, 512], ""decoded_frames"": [{""center_crop_xywh"": [89, 89, 333, 333], ""decoded_size_wh"": [512, 512], ""frame_position"": 2, ""resize_output_size_wh"": [448, 448]}, {""center_crop_xywh"": [89, 89, 333, 333], ""decoded_size_wh"": [512, 512], ""frame_position"": 9, ""resize_output_size_wh"": [448, 448]}, {""center_crop_xywh"": [89, 89, 333, 333], ""decoded_size_wh"": [512, 512], ""frame_position"": 14, ""resize_output_size_wh"": [448, 448]}, {""center_crop_xywh"": [89, 89, 333, 333], ""decoded_size_wh"": [512, 512], ""frame_position"": 21, ""resize_output_size_wh"": [448, 448]}], ""processor_pixel_constraint"": {""max_pixels"": 200704, ""min_pixels"": 200704}, ""requested_frame_fractions"": [0.1, 0.37, 0.63, 0.9], ""resize_interpolation"": ""OpenCV INTER_AREA"", ""sample_id"": ""Tune-A-Video/A doctor cares for patients in the hospital.mp4"", ""selected_frame_positions"": [2, 9, 14, 21], ""source_file_bytes"": 363015, ""source_fps_used"": 10.0, ""source_frame_count"": 24, ""video_path"": ""/DATA/DATA1/lixinyue/xyli/data/LGVQ/videos/Tune-A-Video/A doctor cares for patients in the hospital.mp4""}"
292,Tune-A-Video/A doctor is carefully examining a patient's body.mp4,32.27,43.25611877441406,292,1,"[2, 9, 14, 21]","{""center_crop_fraction_of_short_side"": 0.65, ""container_reported_size_wh"": [512, 512], ""decoded_frames"": [{""center_crop_xywh"": [89, 89, 333, 333], ""decoded_size_wh"": [512, 512], ""frame_position"": 2, ""resize_output_size_wh"": [448, 448]}, {""center_crop_xywh"": [89, 89, 333, 333], ""decoded_size_wh"": [512, 512], ""frame_position"": 9, ""resize_output_size_wh"": [448, 448]}, {""center_crop_xywh"": [89, 89, 333, 333], ""decoded_size_wh"": [512, 512], ""frame_position"": 14, ""resize_output_size_wh"": [448, 448]}, {""center_crop_xywh"": [89, 89, 333, 333], ""decoded_size_wh"": [512, 512], ""frame_position"": 21, ""resize_output_size_wh"": [448, 448]}], ""processor_pixel_constraint"": {""max_pixels"": 200704, ""min_pixels"": 200704}, ""requested_frame_fractions"": [0.1, 0.37, 0.63, 0.9], ""resize_interpolation"": ""OpenCV INTER_AREA"", ""sample_id"": ""Tune-A-Video/A doctor is carefully examining a patient's body.mp4"", ""selected_frame_positions"": [2, 9, 14, 21], ""source_file_bytes"": 212232, ""source_fps_used"": 10.0, ""source_frame_count"": 24, ""video_path"": ""/DATA/DATA1/lixinyue/xyli/data/LGVQ/videos/Tune-A-Video/A doctor is carefully examining a patient's body.mp4""}"
293,Tune-A-Video/A family goes to the movies on the weekend.mp4,32.67,34.08769607543945,293,1,"[2, 9, 14, 21]","{""center_crop_fraction_of_short_side"": 0.65, ""container_reported_size_wh"": [512, 512], ""decoded_frames"": [{""center_crop_xywh"": [89, 89, 333, 333], ""decoded_size_wh"": [512, 512], ""frame_position"": 2, ""resize_output_size_wh"": [448, 448]}, {""center_crop_xywh"": [89, 89, 333, 333], ""decoded_size_wh"": [512, 512], ""frame_position"": 9, ""resize_output_size_wh"": [448, 448]}, {""center_crop_xywh"": [89, 89, 333, 333], ""decoded_size_wh"": [512, 512], ""frame_position"": 14, ""resize_output_size_wh"": [448, 448]}, {""center_crop_xywh"": [89, 89, 333, 333], ""decoded_size_wh"": [512, 512], ""frame_position"": 21, ""resize_output_size_wh"": [448, 448]}], ""processor_pixel_constraint"": {""max_pixels"": 200704, ""min_pixels"": 200704}, ""requested_frame_fractions"": [0.1, 0.37, 0.63, 0.9], ""resize_interpolation"": ""OpenCV INTER_AREA"", ""sample_id"": ""Tune-A-Video/A family goes to the movies on the weekend.mp4"", ""selected_frame_positions"": [2, 9, 14, 21], ""source_file_bytes"": 244967, ""source_fps_used"": 10.0, ""source_frame_count"": 24, ""video_path"": ""/DATA/DATA1/lixinyue/xyli/data/LGVQ/videos/Tune-A-Video/A family goes to the movies on the weekend.mp4""}"
294,Tune-A-Video/A field of dandelions lines the side of a rural road.mp4,34.2,35.44242477416992,294,1,"[2, 9, 14, 21]","{""center_crop_fraction_of_short_side"": 0.65, ""container_reported_size_wh"": [512, 512], ""decoded_frames"": [{""center_crop_xywh"": [89, 89, 333, 333], ""decoded_size_wh"": [512, 512], ""frame_position"": 2, ""resize_output_size_wh"": [448, 448]}, {""center_crop_xywh"": [89, 89, 333, 333], ""decoded_size_wh"": [512, 512], ""frame_position"": 9, ""resize_output_size_wh"": [448, 448]}, {""center_crop_xywh"": [89, 89, 333, 333], ""decoded_size_wh"": [512, 512], ""frame_position"": 14, ""resize_output_size_wh"": [448, 448]}, {""center_crop_xywh"": [89, 89, 333, 333], ""decoded_size_wh"": [512, 512], ""frame_position"": 21, ""resize_output_size_wh"": [448, 448]}], ""processor_pixel_constraint"": {""max_pixels"": 200704, ""min_pixels"": 200704}, ""requested_frame_fractions"": [0.1, 0.37, 0.63, 0.9], ""resize_interpolation"": ""OpenCV INTER_AREA"", ""sample_id"": ""Tune-A-Video/A field of dandelions lines the side of a rural road.mp4"", ""selected_frame_positions"": [2, 9, 14, 21], ""source_file_bytes"": 292408, ""source_fps_used"": 10.0, ""source_frame_count"": 24, ""video_path"": ""/DATA/DATA1/lixinyue/xyli/data/LGVQ/videos/Tune-A-Video/A field of dandelions lines the side of a rural road.mp4""}"
295,Tune-A-Video/A golden field of wheat sways gently in the breeze.mp4,31.3,38.56816101074219,295,1,"[2, 9, 14, 21]","{""center_crop_fraction_of_short_side"": 0.65, ""container_reported_size_wh"": [512, 512], ""decoded_frames"": [{""center_crop_xywh"": [89, 89, 333, 333], ""decoded_size_wh"": [512, 512], ""frame_position"": 2, ""resize_output_size_wh"": [448, 448]}, {""center_crop_xywh"": [89, 89, 333, 333], ""decoded_size_wh"": [512, 512], ""frame_position"": 9, ""resize_output_size_wh"": [448, 448]}, {""center_crop_xywh"": [89, 89, 333, 333], ""decoded_size_wh"": [512, 512], ""frame_position"": 14, ""resize_output_size_wh"": [448, 448]}, {""center_crop_xywh"": [89, 89, 333, 333], ""decoded_size_wh"": [512, 512], ""frame_position"": 21, ""resize_output_size_wh"": [448, 448]}], ""processor_pixel_constraint"": {""max_pixels"": 200704, ""min_pixels"": 200704}, ""requested_frame_fractions"": [0.1, 0.37, 0.63, 0.9], ""resize_interpolation"": ""OpenCV INTER_AREA"", ""sample_id"": ""Tune-A-Video/A golden field of wheat sways gently in the breeze.mp4"", ""selected_frame_positions"": [2, 9, 14, 21], ""source_file_bytes"": 243096, ""source_fps_used"": 10.0, ""source_frame_count"": 24, ""video_path"": ""/DATA/DATA1/lixinyue/xyli/data/LGVQ/videos/Tune-A-Video/A golden field of wheat sways gently in the breeze.mp4""}"
296,Tune-A-Video/A group of villagers wash clothes by the stream.mp4,36.76,34.46184158325195,296,1,"[2, 9, 14, 21]","{""center_crop_fraction_of_short_side"": 0.65, ""container_reported_size_wh"": [512, 512], ""decoded_frames"": [{""center_crop_xywh"": [89, 89, 333, 333], ""decoded_size_wh"": [512, 512], ""frame_position"": 2, ""resize_output_size_wh"": [448, 448]}, {""center_crop_xywh"": [89, 89, 333, 333], ""decoded_size_wh"": [512, 512], ""frame_position"": 9, ""resize_output_size_wh"": [448, 448]}, {""center_crop_xywh"": [89, 89, 333, 333], ""decoded_size_wh"": [512, 512], ""frame_position"": 14, ""resize_output_size_wh"": [448, 448]}, {""center_crop_xywh"": [89, 89, 333, 333], ""decoded_size_wh"": [512, 512], ""frame_position"": 21, ""resize_output_size_wh"": [448, 448]}], ""processor_pixel_constraint"": {""max_pixels"": 200704, ""min_pixels"": 200704}, ""requested_frame_fractions"": [0.1, 0.37, 0.63, 0.9], ""resize_interpolation"": ""OpenCV INTER_AREA"", ""sample_id"": ""Tune-A-Video/A group of villagers wash clothes by the stream.mp4"", ""selected_frame_positions"": [2, 9, 14, 21], ""source_file_bytes"": 214178, ""source_fps_used"": 10.0, ""source_frame_count"": 24, ""video_path"": ""/DATA/DATA1/lixinyue/xyli/data/LGVQ/videos/Tune-A-Video/A group of villagers wash clothes by the stream.mp4""}"
297,Tune-A-Video/A hippo leisurely floats in the water.mp4,36.56,41.96488571166992,297,1,"[2, 9, 14, 21]","{""center_crop_fraction_of_short_side"": 0.65, ""container_reported_size_wh"": [512, 512], ""decoded_frames"": [{""center_crop_xywh"": [89, 89, 333, 333], ""decoded_size_wh"": [512, 512], ""frame_position"": 2, ""resize_output_size_wh"": [448, 448]}, {""center_crop_xywh"": [89, 89, 333, 333], ""decoded_size_wh"": [512, 512], ""frame_position"": 9, ""resize_output_size_wh"": [448, 448]}, {""center_crop_xywh"": [89, 89, 333, 333], ""decoded_size_wh"": [512, 512], ""frame_position"": 14, ""resize_output_size_wh"": [448, 448]}, {""center_crop_xywh"": [89, 89, 333, 333], ""decoded_size_wh"": [512, 512], ""frame_position"": 21, ""resize_output_size_wh"": [448, 448]}], ""processor_pixel_constraint"": {""max_pixels"": 200704, ""min_pixels"": 200704}, ""requested_frame_fractions"": [0.1, 0.37, 0.63, 0.9], ""resize_interpolation"": ""OpenCV INTER_AREA"", ""sample_id"": ""Tune-A-Video/A hippo leisurely floats in the water.mp4"", ""selected_frame_positions"": [2, 9, 14, 21], ""source_file_bytes"": 286990, ""source_fps_used"": 10.0, ""source_frame_count"": 24, ""video_path"": ""/DATA/DATA1/lixinyue/xyli/data/LGVQ/videos/Tune-A-Video/A hippo leisurely floats in the water.mp4""}"
298,Tune-A-Video/A kangaroo jumps across the Australian desert.mp4,38.24,32.719879150390625,298,1,"[2, 9, 14, 21]","{""center_crop_fraction_of_short_side"": 0.65, ""container_reported_size_wh"": [512, 512], ""decoded_frames"": [{""center_crop_xywh"": [89, 89, 333, 333], ""decoded_size_wh"": [512, 512], ""frame_position"": 2, ""resize_output_size_wh"": [448, 448]}, {""center_crop_xywh"": [89, 89, 333, 333], ""decoded_size_wh"": [512, 512], ""frame_position"": 9, ""resize_output_size_wh"": [448, 448]}, {""center_crop_xywh"": [89, 89, 333, 333], ""decoded_size_wh"": [512, 512], ""frame_position"": 14, ""resize_output_size_wh"": [448, 448]}, {""center_crop_xywh"": [89, 89, 333, 333], ""decoded_size_wh"": [512, 512], ""frame_position"": 21, ""resize_output_size_wh"": [448, 448]}], ""processor_pixel_constraint"": {""max_pixels"": 200704, ""min_pixels"": 200704}, ""requested_frame_fractions"": [0.1, 0.37, 0.63, 0.9], ""resize_interpolation"": ""OpenCV INTER_AREA"", ""sample_id"": ""Tune-A-Video/A kangaroo jumps across the Australian desert.mp4"", ""selected_frame_positions"": [2, 9, 14, 21], ""source_file_bytes"": 308689, ""source_fps_used"": 10.0, ""source_frame_count"": 24, ""video_path"": ""/DATA/DATA1/lixinyue/xyli/data/LGVQ/videos/Tune-A-Video/A kangaroo jumps across the Australian desert.mp4""}"
299,Tune-A-Video/A lotus leaf floats on a serene pond.mp4,32.64,37.71718978881836,299,1,"[2, 9, 14, 21]","{""center_crop_fraction_of_short_side"": 0.65, ""container_reported_size_wh"": [512, 512], ""decoded_frames"": [{""center_crop_xywh"": [89, 89, 333, 333], ""decoded_size_wh"": [512, 512], ""frame_position"": 2, ""resize_output_size_wh"": [448, 448]}, {""center_crop_xywh"": [89, 89, 333, 333], ""decoded_size_wh"": [512, 512], ""frame_position"": 9, ""resize_output_size_wh"": [448, 448]}, {""center_crop_xywh"": [89, 89, 333, 333], ""decoded_size_wh"": [512, 512], ""frame_position"": 14, ""resize_output_size_wh"": [448, 448]}, {""center_crop_xywh"": [89, 89, 333, 333], ""decoded_size_wh"": [512, 512], ""frame_position"": 21, ""resize_output_size_wh"": [448, 448]}], ""processor_pixel_constraint"": {""max_pixels"": 200704, ""min_pixels"": 200704}, ""requested_frame_fractions"": [0.1, 0.37, 0.63, 0.9], ""resize_interpolation"": ""OpenCV INTER_AREA"", ""sample_id"": ""Tune-A-Video/A lotus leaf floats on a serene pond.mp4"", ""selected_frame_positions"": [2, 9, 14, 21], ""source_file_bytes"": 159771, ""source_fps_used"": 10.0, ""source_frame_count"": 24, ""video_path"": ""/DATA/DATA1/lixinyue/xyli/data/LGVQ/videos/Tune-A-Video/A lotus leaf floats on a serene pond.mp4""}"
300,Tune-A-Video/A milkshake is garnished with fresh strawberries and cream.mp4,37.99,33.20718765258789,300,1,"[2, 9, 14, 21]","{""center_crop_fraction_of_short_side"": 0.65, ""container_reported_size_wh"": [512, 512], ""decoded_frames"": [{""center_crop_xywh"": [89, 89, 333, 333], ""decoded_size_wh"": [512, 512], ""frame_position"": 2, ""resize_output_size_wh"": [448, 448]}, {""center_crop_xywh"": [89, 89, 333, 333], ""decoded_size_wh"": [512, 512], ""frame_position"": 9, ""resize_output_size_wh"": [448, 448]}, {""center_crop_xywh"": [89, 89, 333, 333], ""decoded_size_wh"": [512, 512], ""frame_position"": 14, ""resize_output_size_wh"": [448, 448]}, {""center_crop_xywh"": [89, 89, 333, 333], ""decoded_size_wh"": [512, 512], ""frame_position"": 21, ""resize_output_size_wh"": [448, 448]}], ""processor_pixel_constraint"": {""max_pixels"": 200704, ""min_pixels"": 200704}, ""requested_frame_fractions"": [0.1, 0.37, 0.63, 0.9], ""resize_interpolation"": ""OpenCV INTER_AREA"", ""sample_id"": ""Tune-A-Video/A milkshake is garnished with fresh strawberries and cream.mp4"", ""selected_frame_positions"": [2, 9, 14, 21], ""source_file_bytes"": 263659, ""source_fps_used"": 10.0, ""source_frame_count"": 24, ""video_path"": ""/DATA/DATA1/lixinyue/xyli/data/LGVQ/videos/Tune-A-Video/A milkshake is garnished with fresh strawberries and cream.mp4""}"
301,Tune-A-Video/A painter showcases their art on an outdoor gallery.mp4,35.45,31.288463592529297,301,1,"[2, 9, 14, 21]","{""center_crop_fraction_of_short_side"": 0.65, ""container_reported_size_wh"": [512, 512], ""decoded_frames"": [{""center_crop_xywh"": [89, 89, 333, 333], ""decoded_size_wh"": [512, 512], ""frame_position"": 2, ""resize_output_size_wh"": [448, 448]}, {""center_crop_xywh"": [89, 89, 333, 333], ""decoded_size_wh"": [512, 512], ""frame_position"": 9, ""resize_output_size_wh"": [448, 448]}, {""center_crop_xywh"": [89, 89, 333, 333], ""decoded_size_wh"": [512, 512], ""frame_position"": 14, ""resize_output_size_wh"": [448, 448]}, {""center_crop_xywh"": [89, 89, 333, 333], ""decoded_size_wh"": [512, 512], ""frame_position"": 21, ""resize_output_size_wh"": [448, 448]}], ""processor_pixel_constraint"": {""max_pixels"": 200704, ""min_pixels"": 200704}, ""requested_frame_fractions"": [0.1, 0.37, 0.63, 0.9], ""resize_interpolation"": ""OpenCV INTER_AREA"", ""sample_id"": ""Tune-A-Video/A painter showcases their art on an outdoor gallery.mp4"", ""selected_frame_positions"": [2, 9, 14, 21], ""source_file_bytes"": 421107, ""source_fps_used"": 10.0, ""source_frame_count"": 24, ""video_path"": ""/DATA/DATA1/lixinyue/xyli/data/LGVQ/videos/Tune-A-Video/A painter showcases their art on an outdoor gallery.mp4""}"
302,Tune-A-Video/A peony blooms with snow-white petals.mp4,36.71,40.60466766357422,302,1,"[2, 9, 14, 21]","{""center_crop_fraction_of_short_side"": 0.65, ""container_reported_size_wh"": [512, 512], ""decoded_frames"": [{""center_crop_xywh"": [89, 89, 333, 333], ""decoded_size_wh"": [512, 512], ""frame_position"": 2, ""resize_output_size_wh"": [448, 448]}, {""center_crop_xywh"": [89, 89, 333, 333], ""decoded_size_wh"": [512, 512], ""frame_position"": 9, ""resize_output_size_wh"": [448, 448]}, {""center_crop_xywh"": [89, 89, 333, 333], ""decoded_size_wh"": [512, 512], ""frame_position"": 14, ""resize_output_size_wh"": [448, 448]}, {""center_crop_xywh"": [89, 89, 333, 333], ""decoded_size_wh"": [512, 512], ""frame_position"": 21, ""resize_output_size_wh"": [448, 448]}], ""processor_pixel_constraint"": {""max_pixels"": 200704, ""min_pixels"": 200704}, ""requested_frame_fractions"": [0.1, 0.37, 0.63, 0.9], ""resize_interpolation"": ""OpenCV INTER_AREA"", ""sample_id"": ""Tune-A-Video/A peony blooms with snow-white petals.mp4"", ""selected_frame_positions"": [2, 9, 14, 21], ""source_file_bytes"": 270553, ""source_fps_used"": 10.0, ""source_frame_count"": 24, ""video_path"": ""/DATA/DATA1/lixinyue/xyli/data/LGVQ/videos/Tune-A-Video/A peony blooms with snow-white petals.mp4""}"
303,Tune-A-Video/A pet owner walks their dog in the park.mp4,32.22,38.26813507080078,303,1,"[2, 9, 14, 21]","{""center_crop_fraction_of_short_side"": 0.65, ""container_reported_size_wh"": [512, 512], ""decoded_frames"": [{""center_crop_xywh"": [89, 89, 333, 333], ""decoded_size_wh"": [512, 512], ""frame_position"": 2, ""resize_output_size_wh"": [448, 448]}, {""center_crop_xywh"": [89, 89, 333, 333], ""decoded_size_wh"": [512, 512], ""frame_position"": 9, ""resize_output_size_wh"": [448, 448]}, {""center_crop_xywh"": [89, 89, 333, 333], ""decoded_size_wh"": [512, 512], ""frame_position"": 14, ""resize_output_size_wh"": [448, 448]}, {""center_crop_xywh"": [89, 89, 333, 333], ""decoded_size_wh"": [512, 512], ""frame_position"": 21, ""resize_output_size_wh"": [448, 448]}], ""processor_pixel_constraint"": {""max_pixels"": 200704, ""min_pixels"": 200704}, ""requested_frame_fractions"": [0.1, 0.37, 0.63, 0.9], ""resize_interpolation"": ""OpenCV INTER_AREA"", ""sample_id"": ""Tune-A-Video/A pet owner walks their dog in the park.mp4"", ""selected_frame_positions"": [2, 9, 14, 21], ""source_file_bytes"": 280311, ""source_fps_used"": 10.0, ""source_frame_count"": 24, ""video_path"": ""/DATA/DATA1/lixinyue/xyli/data/LGVQ/videos/Tune-A-Video/A pet owner walks their dog in the park.mp4""}"
304,Tune-A-Video/A photographer captures the neon lights of the city.mp4,34.15,44.17091369628906,304,1,"[2, 9, 14, 21]","{""center_crop_fraction_of_short_side"": 0.65, ""container_reported_size_wh"": [512, 512], ""decoded_frames"": [{""center_crop_xywh"": [89, 89, 333, 333], ""decoded_size_wh"": [512, 512], ""frame_position"": 2, ""resize_output_size_wh"": [448, 448]}, {""center_crop_xywh"": [89, 89, 333, 333], ""decoded_size_wh"": [512, 512], ""frame_position"": 9, ""resize_output_size_wh"": [448, 448]}, {""center_crop_xywh"": [89, 89, 333, 333], ""decoded_size_wh"": [512, 512], ""frame_position"": 14, ""resize_output_size_wh"": [448, 448]}, {""center_crop_xywh"": [89, 89, 333, 333], ""decoded_size_wh"": [512, 512], ""frame_position"": 21, ""resize_output_size_wh"": [448, 448]}], ""processor_pixel_constraint"": {""max_pixels"": 200704, ""min_pixels"": 200704}, ""requested_frame_fractions"": [0.1, 0.37, 0.63, 0.9], ""resize_interpolation"": ""OpenCV INTER_AREA"", ""sample_id"": ""Tune-A-Video/A photographer captures the neon lights of the city.mp4"", ""selected_frame_positions"": [2, 9, 14, 21], ""source_file_bytes"": 157848, ""source_fps_used"": 10.0, ""source_frame_count"": 24, ""video_path"": ""/DATA/DATA1/lixinyue/xyli/data/LGVQ/videos/Tune-A-Video/A photographer captures the neon lights of the city.mp4""}"
305,Tune-A-Video/A piece of French bread is spread with butter.mp4,38.07,33.90208053588867,305,1,"[2, 9, 14, 21]","{""center_crop_fraction_of_short_side"": 0.65, ""container_reported_size_wh"": [512, 512], ""decoded_frames"": [{""center_crop_xywh"": [89, 89, 333, 333], ""decoded_size_wh"": [512, 512], ""frame_position"": 2, ""resize_output_size_wh"": [448, 448]}, {""center_crop_xywh"": [89, 89, 333, 333], ""decoded_size_wh"": [512, 512], ""frame_position"": 9, ""resize_output_size_wh"": [448, 448]}, {""center_crop_xywh"": [89, 89, 333, 333], ""decoded_size_wh"": [512, 512], ""frame_position"": 14, ""resize_output_size_wh"": [448, 448]}, {""center_crop_xywh"": [89, 89, 333, 333], ""decoded_size_wh"": [512, 512], ""frame_position"": 21, ""resize_output_size_wh"": [448, 448]}], ""processor_pixel_constraint"": {""max_pixels"": 200704, ""min_pixels"": 200704}, ""requested_frame_fractions"": [0.1, 0.37, 0.63, 0.9], ""resize_interpolation"": ""OpenCV INTER_AREA"", ""sample_id"": ""Tune-A-Video/A piece of French bread is spread with butter.mp4"", ""selected_frame_positions"": [2, 9, 14, 21], ""source_file_bytes"": 272835, ""source_fps_used"": 10.0, ""source_frame_count"": 24, ""video_path"": ""/DATA/DATA1/lixinyue/xyli/data/LGVQ/videos/Tune-A-Video/A piece of French bread is spread with butter.mp4""}"
306,Tune-A-Video/A piece of cheesecake is covered with blueberry sauce.mp4,34.01,30.929834365844727,306,1,"[2, 9, 14, 21]","{""center_crop_fraction_of_short_side"": 0.65, ""container_reported_size_wh"": [512, 512], ""decoded_frames"": [{""center_crop_xywh"": [89, 89, 333, 333], ""decoded_size_wh"": [512, 512], ""frame_position"": 2, ""resize_output_size_wh"": [448, 448]}, {""center_crop_xywh"": [89, 89, 333, 333], ""decoded_size_wh"": [512, 512], ""frame_position"": 9, ""resize_output_size_wh"": [448, 448]}, {""center_crop_xywh"": [89, 89, 333, 333], ""decoded_size_wh"": [512, 512], ""frame_position"": 14, ""resize_output_size_wh"": [448, 448]}, {""center_crop_xywh"": [89, 89, 333, 333], ""decoded_size_wh"": [512, 512], ""frame_position"": 21, ""resize_output_size_wh"": [448, 448]}], ""processor_pixel_constraint"": {""max_pixels"": 200704, ""min_pixels"": 200704}, ""requested_frame_fractions"": [0.1, 0.37, 0.63, 0.9], ""resize_interpolation"": ""OpenCV INTER_AREA"", ""sample_id"": ""Tune-A-Video/A piece of cheesecake is covered with blueberry sauce.mp4"", ""selected_frame_positions"": [2, 9, 14, 21], ""source_file_bytes"": 314660, ""source_fps_used"": 10.0, ""source_frame_count"": 24, ""video_path"": ""/DATA/DATA1/lixinyue/xyli/data/LGVQ/videos/Tune-A-Video/A piece of cheesecake is covered with blueberry sauce.mp4""}"
307,Tune-A-Video/A pizza is topped with Italian sausage and mushrooms.mp4,38.16,36.3548698425293,307,1,"[2, 9, 14, 21]","{""center_crop_fraction_of_short_side"": 0.65, ""container_reported_size_wh"": [512, 512], ""decoded_frames"": [{""center_crop_xywh"": [89, 89, 333, 333], ""decoded_size_wh"": [512, 512], ""frame_position"": 2, ""resize_output_size_wh"": [448, 448]}, {""center_crop_xywh"": [89, 89, 333, 333], ""decoded_size_wh"": [512, 512], ""frame_position"": 9, ""resize_output_size_wh"": [448, 448]}, {""center_crop_xywh"": [89, 89, 333, 333], ""decoded_size_wh"": [512, 512], ""frame_position"": 14, ""resize_output_size_wh"": [448, 448]}, {""center_crop_xywh"": [89, 89, 333, 333], ""decoded_size_wh"": [512, 512], ""frame_position"": 21, ""resize_output_size_wh"": [448, 448]}], ""processor_pixel_constraint"": {""max_pixels"": 200704, ""min_pixels"": 200704}, ""requested_frame_fractions"": [0.1, 0.37, 0.63, 0.9], ""resize_interpolation"": ""OpenCV INTER_AREA"", ""sample_id"": ""Tune-A-Video/A pizza is topped with Italian sausage and mushrooms.mp4"", ""selected_frame_positions"": [2, 9, 14, 21], ""source_file_bytes"": 408835, ""source_fps_used"": 10.0, ""source_frame_count"": 24, ""video_path"": ""/DATA/DATA1/lixinyue/xyli/data/LGVQ/videos/Tune-A-Video/A pizza is topped with Italian sausage and mushrooms.mp4""}"
308,Tune-A-Video/A purple bellflower opens in the sunlight.mp4,35.83,38.51395797729492,308,1,"[2, 9, 14, 21]","{""center_crop_fraction_of_short_side"": 0.65, ""container_reported_size_wh"": [512, 512], ""decoded_frames"": [{""center_crop_xywh"": [89, 89, 333, 333], ""decoded_size_wh"": [512, 512], ""frame_position"": 2, ""resize_output_size_wh"": [448, 448]}, {""center_crop_xywh"": [89, 89, 333, 333], ""decoded_size_wh"": [512, 512], ""frame_position"": 9, ""resize_output_size_wh"": [448, 448]}, {""center_crop_xywh"": [89, 89, 333, 333], ""decoded_size_wh"": [512, 512], ""frame_position"": 14, ""resize_output_size_wh"": [448, 448]}, {""center_crop_xywh"": [89, 89, 333, 333], ""decoded_size_wh"": [512, 512], ""frame_position"": 21, ""resize_output_size_wh"": [448, 448]}], ""processor_pixel_constraint"": {""max_pixels"": 200704, ""min_pixels"": 200704}, ""requested_frame_fractions"": [0.1, 0.37, 0.63, 0.9], ""resize_interpolation"": ""OpenCV INTER_AREA"", ""sample_id"": ""Tune-A-Video/A purple bellflower opens in the sunlight.mp4"", ""selected_frame_positions"": [2, 9, 14, 21], ""source_file_bytes"": 223342, ""source_fps_used"": 10.0, ""source_frame_count"": 24, ""video_path"": ""/DATA/DATA1/lixinyue/xyli/data/LGVQ/videos/Tune-A-Video/A purple bellflower opens in the sunlight.mp4""}"
309,Tune-A-Video/A roasted cod fish is garnished with fresh herbs.mp4,35.42,37.493865966796875,309,1,"[2, 9, 14, 21]","{""center_crop_fraction_of_short_side"": 0.65, ""container_reported_size_wh"": [512, 512], ""decoded_frames"": [{""center_crop_xywh"": [89, 89, 333, 333], ""decoded_size_wh"": [512, 512], ""frame_position"": 2, ""resize_output_size_wh"": [448, 448]}, {""center_crop_xywh"": [89, 89, 333, 333], ""decoded_size_wh"": [512, 512], ""frame_position"": 9, ""resize_output_size_wh"": [448, 448]}, {""center_crop_xywh"": [89, 89, 333, 333], ""decoded_size_wh"": [512, 512], ""frame_position"": 14, ""resize_output_size_wh"": [448, 448]}, {""center_crop_xywh"": [89, 89, 333, 333], ""decoded_size_wh"": [512, 512], ""frame_position"": 21, ""resize_output_size_wh"": [448, 448]}], ""processor_pixel_constraint"": {""max_pixels"": 200704, ""min_pixels"": 200704}, ""requested_frame_fractions"": [0.1, 0.37, 0.63, 0.9], ""resize_interpolation"": ""OpenCV INTER_AREA"", ""sample_id"": ""Tune-A-Video/A roasted cod fish is garnished with fresh herbs.mp4"", ""selected_frame_positions"": [2, 9, 14, 21], ""source_file_bytes"": 489172, ""source_fps_used"": 10.0, ""source_frame_count"": 24, ""video_path"": ""/DATA/DATA1/lixinyue/xyli/data/LGVQ/videos/Tune-A-Video/A roasted cod fish is garnished with fresh herbs.mp4""}"
310,Tune-A-Video/A roasted salmon is presented on a plate.mp4,31.88,38.26787567138672,310,1,"[2, 9, 14, 21]","{""center_crop_fraction_of_short_side"": 0.65, ""container_reported_size_wh"": [512, 512], ""decoded_frames"": [{""center_crop_xywh"": [89, 89, 333, 333], ""decoded_size_wh"": [512, 512], ""frame_position"": 2, ""resize_output_size_wh"": [448, 448]}, {""center_crop_xywh"": [89, 89, 333, 333], ""decoded_size_wh"": [512, 512], ""frame_position"": 9, ""resize_output_size_wh"": [448, 448]}, {""center_crop_xywh"": [89, 89, 333, 333], ""decoded_size_wh"": [512, 512], ""frame_position"": 14, ""resize_output_size_wh"": [448, 448]}, {""center_crop_xywh"": [89, 89, 333, 333], ""decoded_size_wh"": [512, 512], ""frame_position"": 21, ""resize_output_size_wh"": [448, 448]}], ""processor_pixel_constraint"": {""max_pixels"": 200704, ""min_pixels"": 200704}, ""requested_frame_fractions"": [0.1, 0.37, 0.63, 0.9], ""resize_interpolation"": ""OpenCV INTER_AREA"", ""sample_id"": ""Tune-A-Video/A roasted salmon is presented on a plate.mp4"", ""selected_frame_positions"": [2, 9, 14, 21], ""source_file_bytes"": 457459, ""source_fps_used"": 10.0, ""source_frame_count"": 24, ""video_path"": ""/DATA/DATA1/lixinyue/xyli/data/LGVQ/videos/Tune-A-Video/A roasted salmon is presented on a plate.mp4""}"
311,Tune-A-Video/A salad is sprinkled with nuts and fruits.mp4,31.43,34.27226638793945,311,1,"[2, 9, 14, 21]","{""center_crop_fraction_of_short_side"": 0.65, ""container_reported_size_wh"": [512, 512], ""decoded_frames"": [{""center_crop_xywh"": [89, 89, 333, 333], ""decoded_size_wh"": [512, 512], ""frame_position"": 2, ""resize_output_size_wh"": [448, 448]}, {""center_crop_xywh"": [89, 89, 333, 333], ""decoded_size_wh"": [512, 512], ""frame_position"": 9, ""resize_output_size_wh"": [448, 448]}, {""center_crop_xywh"": [89, 89, 333, 333], ""decoded_size_wh"": [512, 512], ""frame_position"": 14, ""resize_output_size_wh"": [448, 448]}, {""center_crop_xywh"": [89, 89, 333, 333], ""decoded_size_wh"": [512, 512], ""frame_position"": 21, ""resize_output_size_wh"": [448, 448]}], ""processor_pixel_constraint"": {""max_pixels"": 200704, ""min_pixels"": 200704}, ""requested_frame_fractions"": [0.1, 0.37, 0.63, 0.9], ""resize_interpolation"": ""OpenCV INTER_AREA"", ""sample_id"": ""Tune-A-Video/A salad is sprinkled with nuts and fruits.mp4"", ""selected_frame_positions"": [2, 9, 14, 21], ""source_file_bytes"": 390433, ""source_fps_used"": 10.0, ""source_frame_count"": 24, ""video_path"": ""/DATA/DATA1/lixinyue/xyli/data/LGVQ/videos/Tune-A-Video/A salad is sprinkled with nuts and fruits.mp4""}"
312,Tune-A-Video/A sausage is grilled slightly crispy on the barbecue.mp4,31.64,36.70750427246094,312,1,"[2, 9, 14, 21]","{""center_crop_fraction_of_short_side"": 0.65, ""container_reported_size_wh"": [512, 512], ""decoded_frames"": [{""center_crop_xywh"": [89, 89, 333, 333], ""decoded_size_wh"": [512, 512], ""frame_position"": 2, ""resize_output_size_wh"": [448, 448]}, {""center_crop_xywh"": [89, 89, 333, 333], ""decoded_size_wh"": [512, 512], ""frame_position"": 9, ""resize_output_size_wh"": [448, 448]}, {""center_crop_xywh"": [89, 89, 333, 333], ""decoded_size_wh"": [512, 512], ""frame_position"": 14, ""resize_output_size_wh"": [448, 448]}, {""center_crop_xywh"": [89, 89, 333, 333], ""decoded_size_wh"": [512, 512], ""frame_position"": 21, ""resize_output_size_wh"": [448, 448]}], ""processor_pixel_constraint"": {""max_pixels"": 200704, ""min_pixels"": 200704}, ""requested_frame_fractions"": [0.1, 0.37, 0.63, 0.9], ""resize_interpolation"": ""OpenCV INTER_AREA"", ""sample_id"": ""Tune-A-Video/A sausage is grilled slightly crispy on the barbecue.mp4"", ""selected_frame_positions"": [2, 9, 14, 21], ""source_file_bytes"": 369568, ""source_fps_used"": 10.0, ""source_frame_count"": 24, ""video_path"": ""/DATA/DATA1/lixinyue/xyli/data/LGVQ/videos/Tune-A-Video/A sausage is grilled slightly crispy on the barbecue.mp4""}"
313,Tune-A-Video/A skier enjoys the thrill of skiing on a snowy mountain.mp4,57.1,31.900161743164062,313,1,"[2, 9, 14, 21]","{""center_crop_fraction_of_short_side"": 0.65, ""container_reported_size_wh"": [512, 512], ""decoded_frames"": [{""center_crop_xywh"": [89, 89, 333, 333], ""decoded_size_wh"": [512, 512], ""frame_position"": 2, ""resize_output_size_wh"": [448, 448]}, {""center_crop_xywh"": [89, 89, 333, 333], ""decoded_size_wh"": [512, 512], ""frame_position"": 9, ""resize_output_size_wh"": [448, 448]}, {""center_crop_xywh"": [89, 89, 333, 333], ""decoded_size_wh"": [512, 512], ""frame_position"": 14, ""resize_output_size_wh"": [448, 448]}, {""center_crop_xywh"": [89, 89, 333, 333], ""decoded_size_wh"": [512, 512], ""frame_position"": 21, ""resize_output_size_wh"": [448, 448]}], ""processor_pixel_constraint"": {""max_pixels"": 200704, ""min_pixels"": 200704}, ""requested_frame_fractions"": [0.1, 0.37, 0.63, 0.9], ""resize_interpolation"": ""OpenCV INTER_AREA"", ""sample_id"": ""Tune-A-Video/A skier enjoys the thrill of skiing on a snowy mountain.mp4"", ""selected_frame_positions"": [2, 9, 14, 21], ""source_file_bytes"": 345906, ""source_fps_used"": 10.0, ""source_frame_count"": 24, ""video_path"": ""/DATA/DATA1/lixinyue/xyli/data/LGVQ/videos/Tune-A-Video/A skier enjoys the thrill of skiing on a snowy mountain.mp4""}"
314,Tune-A-Video/A slice of French chocolate mousse cake brings sweet delight.mp4,31.58,31.31015396118164,314,1,"[2, 9, 14, 21]","{""center_crop_fraction_of_short_side"": 0.65, ""container_reported_size_wh"": [512, 512], ""decoded_frames"": [{""center_crop_xywh"": [89, 89, 333, 333], ""decoded_size_wh"": [512, 512], ""frame_position"": 2, ""resize_output_size_wh"": [448, 448]}, {""center_crop_xywh"": [89, 89, 333, 333], ""decoded_size_wh"": [512, 512], ""frame_position"": 9, ""resize_output_size_wh"": [448, 448]}, {""center_crop_xywh"": [89, 89, 333, 333], ""decoded_size_wh"": [512, 512], ""frame_position"": 14, ""resize_output_size_wh"": [448, 448]}, {""center_crop_xywh"": [89, 89, 333, 333], ""decoded_size_wh"": [512, 512], ""frame_position"": 21, ""resize_output_size_wh"": [448, 448]}], ""processor_pixel_constraint"": {""max_pixels"": 200704, ""min_pixels"": 200704}, ""requested_frame_fractions"": [0.1, 0.37, 0.63, 0.9], ""resize_interpolation"": ""OpenCV INTER_AREA"", ""sample_id"": ""Tune-A-Video/A slice of French chocolate mousse cake brings sweet delight.mp4"", ""selected_frame_positions"": [2, 9, 14, 21], ""source_file_bytes"": 296726, ""source_fps_used"": 10.0, ""source_frame_count"": 24, ""video_path"": ""/DATA/DATA1/lixinyue/xyli/data/LGVQ/videos/Tune-A-Video/A slice of French chocolate mousse cake brings sweet delight.mp4""}"
315,Tune-A-Video/A tennis player elegantly slid on the grass court.mp4,29.95,33.12409591674805,315,1,"[2, 9, 14, 21]","{""center_crop_fraction_of_short_side"": 0.65, ""container_reported_size_wh"": [512, 512], ""decoded_frames"": [{""center_crop_xywh"": [89, 89, 333, 333], ""decoded_size_wh"": [512, 512], ""frame_position"": 2, ""resize_output_size_wh"": [448, 448]}, {""center_crop_xywh"": [89, 89, 333, 333], ""decoded_size_wh"": [512, 512], ""frame_position"": 9, ""resize_output_size_wh"": [448, 448]}, {""center_crop_xywh"": [89, 89, 333, 333], ""decoded_size_wh"": [512, 512], ""frame_position"": 14, ""resize_output_size_wh"": [448, 448]}, {""center_crop_xywh"": [89, 89, 333, 333], ""decoded_size_wh"": [512, 512], ""frame_position"": 21, ""resize_output_size_wh"": [448, 448]}], ""processor_pixel_constraint"": {""max_pixels"": 200704, ""min_pixels"": 200704}, ""requested_frame_fractions"": [0.1, 0.37, 0.63, 0.9], ""resize_interpolation"": ""OpenCV INTER_AREA"", ""sample_id"": ""Tune-A-Video/A tennis player elegantly slid on the grass court.mp4"", ""selected_frame_positions"": [2, 9, 14, 21], ""source_file_bytes"": 326935, ""source_fps_used"": 10.0, ""source_frame_count"": 24, ""video_path"": ""/DATA/DATA1/lixinyue/xyli/data/LGVQ/videos/Tune-A-Video/A tennis player elegantly slid on the grass court.mp4""}"
316,Tune-A-Video/A tennis player made spectacular plays at the net.mp4,28.62,34.90406036376953,316,1,"[2, 9, 14, 21]","{""center_crop_fraction_of_short_side"": 0.65, ""container_reported_size_wh"": [512, 512], ""decoded_frames"": [{""center_crop_xywh"": [89, 89, 333, 333], ""decoded_size_wh"": [512, 512], ""frame_position"": 2, ""resize_output_size_wh"": [448, 448]}, {""center_crop_xywh"": [89, 89, 333, 333], ""decoded_size_wh"": [512, 512], ""frame_position"": 9, ""resize_output_size_wh"": [448, 448]}, {""center_crop_xywh"": [89, 89, 333, 333], ""decoded_size_wh"": [512, 512], ""frame_position"": 14, ""resize_output_size_wh"": [448, 448]}, {""center_crop_xywh"": [89, 89, 333, 333], ""decoded_size_wh"": [512, 512], ""frame_position"": 21, ""resize_output_size_wh"": [448, 448]}], ""processor_pixel_constraint"": {""max_pixels"": 200704, ""min_pixels"": 200704}, ""requested_frame_fractions"": [0.1, 0.37, 0.63, 0.9], ""resize_interpolation"": ""OpenCV INTER_AREA"", ""sample_id"": ""Tune-A-Video/A tennis player made spectacular plays at the net.mp4"", ""selected_frame_positions"": [2, 9, 14, 21], ""source_file_bytes"": 346668, ""source_fps_used"": 10.0, ""source_frame_count"": 24, ""video_path"": ""/DATA/DATA1/lixinyue/xyli/data/LGVQ/videos/Tune-A-Video/A tennis player made spectacular plays at the net.mp4""}"
317,Tune-A-Video/A thin pancake is spread with butter and maple syrup.mp4,42.18,37.02788543701172,317,1,"[2, 9, 14, 21]","{""center_crop_fraction_of_short_side"": 0.65, ""container_reported_size_wh"": [512, 512], ""decoded_frames"": [{""center_crop_xywh"": [89, 89, 333, 333], ""decoded_size_wh"": [512, 512], ""frame_position"": 2, ""resize_output_size_wh"": [448, 448]}, {""center_crop_xywh"": [89, 89, 333, 333], ""decoded_size_wh"": [512, 512], ""frame_position"": 9, ""resize_output_size_wh"": [448, 448]}, {""center_crop_xywh"": [89, 89, 333, 333], ""decoded_size_wh"": [512, 512], ""frame_position"": 14, ""resize_output_size_wh"": [448, 448]}, {""center_crop_xywh"": [89, 89, 333, 333], ""decoded_size_wh"": [512, 512], ""frame_position"": 21, ""resize_output_size_wh"": [448, 448]}], ""processor_pixel_constraint"": {""max_pixels"": 200704, ""min_pixels"": 200704}, ""requested_frame_fractions"": [0.1, 0.37, 0.63, 0.9], ""resize_interpolation"": ""OpenCV INTER_AREA"", ""sample_id"": ""Tune-A-Video/A thin pancake is spread with butter and maple syrup.mp4"", ""selected_frame_positions"": [2, 9, 14, 21], ""source_file_bytes"": 243646, ""source_fps_used"": 10.0, ""source_frame_count"": 24, ""video_path"": ""/DATA/DATA1/lixinyue/xyli/data/LGVQ/videos/Tune-A-Video/A thin pancake is spread with butter and maple syrup.mp4""}"
318,Tune-A-Video/A water skier created splashes on the lake.mp4,46.1,35.42082214355469,318,1,"[2, 9, 14, 21]","{""center_crop_fraction_of_short_side"": 0.65, ""container_reported_size_wh"": [512, 512], ""decoded_frames"": [{""center_crop_xywh"": [89, 89, 333, 333], ""decoded_size_wh"": [512, 512], ""frame_position"": 2, ""resize_output_size_wh"": [448, 448]}, {""center_crop_xywh"": [89, 89, 333, 333], ""decoded_size_wh"": [512, 512], ""frame_position"": 9, ""resize_output_size_wh"": [448, 448]}, {""center_crop_xywh"": [89, 89, 333, 333], ""decoded_size_wh"": [512, 512], ""frame_position"": 14, ""resize_output_size_wh"": [448, 448]}, {""center_crop_xywh"": [89, 89, 333, 333], ""decoded_size_wh"": [512, 512], ""frame_position"": 21, ""resize_output_size_wh"": [448, 448]}], ""processor_pixel_constraint"": {""max_pixels"": 200704, ""min_pixels"": 200704}, ""requested_frame_fractions"": [0.1, 0.37, 0.63, 0.9], ""resize_interpolation"": ""OpenCV INTER_AREA"", ""sample_id"": ""Tune-A-Video/A water skier created splashes on the lake.mp4"", ""selected_frame_positions"": [2, 9, 14, 21], ""source_file_bytes"": 404760, ""source_fps_used"": 10.0, ""source_frame_count"": 24, ""video_path"": ""/DATA/DATA1/lixinyue/xyli/data/LGVQ/videos/Tune-A-Video/A water skier created splashes on the lake.mp4""}"
319,"Tune-A-Video/A waterfall cascades gracefully, resembling a silver thread.mp4",36.78,58.772125244140625,319,1,"[2, 9, 14, 21]","{""center_crop_fraction_of_short_side"": 0.65, ""container_reported_size_wh"": [512, 512], ""decoded_frames"": [{""center_crop_xywh"": [89, 89, 333, 333], ""decoded_size_wh"": [512, 512], ""frame_position"": 2, ""resize_output_size_wh"": [448, 448]}, {""center_crop_xywh"": [89, 89, 333, 333], ""decoded_size_wh"": [512, 512], ""frame_position"": 9, ""resize_output_size_wh"": [448, 448]}, {""center_crop_xywh"": [89, 89, 333, 333], ""decoded_size_wh"": [512, 512], ""frame_position"": 14, ""resize_output_size_wh"": [448, 448]}, {""center_crop_xywh"": [89, 89, 333, 333], ""decoded_size_wh"": [512, 512], ""frame_position"": 21, ""resize_output_size_wh"": [448, 448]}], ""processor_pixel_constraint"": {""max_pixels"": 200704, ""min_pixels"": 200704}, ""requested_frame_fractions"": [0.1, 0.37, 0.63, 0.9], ""resize_interpolation"": ""OpenCV INTER_AREA"", ""sample_id"": ""Tune-A-Video/A waterfall cascades gracefully, resembling a silver thread.mp4"", ""selected_frame_positions"": [2, 9, 14, 21], ""source_file_bytes"": 102679, ""source_fps_used"": 10.0, ""source_frame_count"": 24, ""video_path"": ""/DATA/DATA1/lixinyue/xyli/data/LGVQ/videos/Tune-A-Video/A waterfall cascades gracefully, resembling a silver thread.mp4""}"
320,Tune-A-Video/A wheat field sways gracefully in the gentle breeze.mp4,44.79,51.90584182739258,320,1,"[2, 9, 14, 21]","{""center_crop_fraction_of_short_side"": 0.65, ""container_reported_size_wh"": [512, 512], ""decoded_frames"": [{""center_crop_xywh"": [89, 89, 333, 333], ""decoded_size_wh"": [512, 512], ""frame_position"": 2, ""resize_output_size_wh"": [448, 448]}, {""center_crop_xywh"": [89, 89, 333, 333], ""decoded_size_wh"": [512, 512], ""frame_position"": 9, ""resize_output_size_wh"": [448, 448]}, {""center_crop_xywh"": [89, 89, 333, 333], ""decoded_size_wh"": [512, 512], ""frame_position"": 14, ""resize_output_size_wh"": [448, 448]}, {""center_crop_xywh"": [89, 89, 333, 333], ""decoded_size_wh"": [512, 512], ""frame_position"": 21, ""resize_output_size_wh"": [448, 448]}], ""processor_pixel_constraint"": {""max_pixels"": 200704, ""min_pixels"": 200704}, ""requested_frame_fractions"": [0.1, 0.37, 0.63, 0.9], ""resize_interpolation"": ""OpenCV INTER_AREA"", ""sample_id"": ""Tune-A-Video/A wheat field sways gracefully in the gentle breeze.mp4"", ""selected_frame_positions"": [2, 9, 14, 21], ""source_file_bytes"": 284912, ""source_fps_used"": 10.0, ""source_frame_count"": 24, ""video_path"": ""/DATA/DATA1/lixinyue/xyli/data/LGVQ/videos/Tune-A-Video/A wheat field sways gracefully in the gentle breeze.mp4""}"
321,Tune-A-Video/A white orchid grows in a potted plant.mp4,40.83,35.49018478393555,321,1,"[2, 9, 14, 21]","{""center_crop_fraction_of_short_side"": 0.65, ""container_reported_size_wh"": [512, 512], ""decoded_frames"": [{""center_crop_xywh"": [89, 89, 333, 333], ""decoded_size_wh"": [512, 512], ""frame_position"": 2, ""resize_output_size_wh"": [448, 448]}, {""center_crop_xywh"": [89, 89, 333, 333], ""decoded_size_wh"": [512, 512], ""frame_position"": 9, ""resize_output_size_wh"": [448, 448]}, {""center_crop_xywh"": [89, 89, 333, 333], ""decoded_size_wh"": [512, 512], ""frame_position"": 14, ""resize_output_size_wh"": [448, 448]}, {""center_crop_xywh"": [89, 89, 333, 333], ""decoded_size_wh"": [512, 512], ""frame_position"": 21, ""resize_output_size_wh"": [448, 448]}], ""processor_pixel_constraint"": {""max_pixels"": 200704, ""min_pixels"": 200704}, ""requested_frame_fractions"": [0.1, 0.37, 0.63, 0.9], ""resize_interpolation"": ""OpenCV INTER_AREA"", ""sample_id"": ""Tune-A-Video/A white orchid grows in a potted plant.mp4"", ""selected_frame_positions"": [2, 9, 14, 21], ""source_file_bytes"": 261053, ""source_fps_used"": 10.0, ""source_frame_count"": 24, ""video_path"": ""/DATA/DATA1/lixinyue/xyli/data/LGVQ/videos/Tune-A-Video/A white orchid grows in a potted plant.mp4""}"
322,"Tune-A-Video/A writer sits at a desk, crafting a new novel.mp4",36.81,34.34581756591797,322,1,"[2, 9, 14, 21]","{""center_crop_fraction_of_short_side"": 0.65, ""container_reported_size_wh"": [512, 512], ""decoded_frames"": [{""center_crop_xywh"": [89, 89, 333, 333], ""decoded_size_wh"": [512, 512], ""frame_position"": 2, ""resize_output_size_wh"": [448, 448]}, {""center_crop_xywh"": [89, 89, 333, 333], ""decoded_size_wh"": [512, 512], ""frame_position"": 9, ""resize_output_size_wh"": [448, 448]}, {""center_crop_xywh"": [89, 89, 333, 333], ""decoded_size_wh"": [512, 512], ""frame_position"": 14, ""resize_output_size_wh"": [448, 448]}, {""center_crop_xywh"": [89, 89, 333, 333], ""decoded_size_wh"": [512, 512], ""frame_position"": 21, ""resize_output_size_wh"": [448, 448]}], ""processor_pixel_constraint"": {""max_pixels"": 200704, ""min_pixels"": 200704}, ""requested_frame_fractions"": [0.1, 0.37, 0.63, 0.9], ""resize_interpolation"": ""OpenCV INTER_AREA"", ""sample_id"": ""Tune-A-Video/A writer sits at a desk, crafting a new novel.mp4"", ""selected_frame_positions"": [2, 9, 14, 21], ""source_file_bytes"": 162777, ""source_fps_used"": 10.0, ""source_frame_count"": 24, ""video_path"": ""/DATA/DATA1/lixinyue/xyli/data/LGVQ/videos/Tune-A-Video/A writer sits at a desk, crafting a new novel.mp4""}"
323,Tune-A-Video/An adorable little cat is napping on the windowsill.mp4,35.43,37.15114212036133,323,1,"[2, 9, 14, 21]","{""center_crop_fraction_of_short_side"": 0.65, ""container_reported_size_wh"": [512, 512], ""decoded_frames"": [{""center_crop_xywh"": [89, 89, 333, 333], ""decoded_size_wh"": [512, 512], ""frame_position"": 2, ""resize_output_size_wh"": [448, 448]}, {""center_crop_xywh"": [89, 89, 333, 333], ""decoded_size_wh"": [512, 512], ""frame_position"": 9, ""resize_output_size_wh"": [448, 448]}, {""center_crop_xywh"": [89, 89, 333, 333], ""decoded_size_wh"": [512, 512], ""frame_position"": 14, ""resize_output_size_wh"": [448, 448]}, {""center_crop_xywh"": [89, 89, 333, 333], ""decoded_size_wh"": [512, 512], ""frame_position"": 21, ""resize_output_size_wh"": [448, 448]}], ""processor_pixel_constraint"": {""max_pixels"": 200704, ""min_pixels"": 200704}, ""requested_frame_fractions"": [0.1, 0.37, 0.63, 0.9], ""resize_interpolation"": ""OpenCV INTER_AREA"", ""sample_id"": ""Tune-A-Video/An adorable little cat is napping on the windowsill.mp4"", ""selected_frame_positions"": [2, 9, 14, 21], ""source_file_bytes"": 225951, ""source_fps_used"": 10.0, ""source_frame_count"": 24, ""video_path"": ""/DATA/DATA1/lixinyue/xyli/data/LGVQ/videos/Tune-A-Video/An adorable little cat is napping on the windowsill.mp4""}"
324,Tune-A-Video/An ancient church is a landmark in the village.mp4,32.66,38.52617645263672,324,1,"[2, 9, 14, 21]","{""center_crop_fraction_of_short_side"": 0.65, ""container_reported_size_wh"": [512, 512], ""decoded_frames"": [{""center_crop_xywh"": [89, 89, 333, 333], ""decoded_size_wh"": [512, 512], ""frame_position"": 2, ""resize_output_size_wh"": [448, 448]}, {""center_crop_xywh"": [89, 89, 333, 333], ""decoded_size_wh"": [512, 512], ""frame_position"": 9, ""resize_output_size_wh"": [448, 448]}, {""center_crop_xywh"": [89, 89, 333, 333], ""decoded_size_wh"": [512, 512], ""frame_position"": 14, ""resize_output_size_wh"": [448, 448]}, {""center_crop_xywh"": [89, 89, 333, 333], ""decoded_size_wh"": [512, 512], ""frame_position"": 21, ""resize_output_size_wh"": [448, 448]}], ""processor_pixel_constraint"": {""max_pixels"": 200704, ""min_pixels"": 200704}, ""requested_frame_fractions"": [0.1, 0.37, 0.63, 0.9], ""resize_interpolation"": ""OpenCV INTER_AREA"", ""sample_id"": ""Tune-A-Video/An ancient church is a landmark in the village.mp4"", ""selected_frame_positions"": [2, 9, 14, 21], ""source_file_bytes"": 147543, ""source_fps_used"": 10.0, ""source_frame_count"": 24, ""video_path"": ""/DATA/DATA1/lixinyue/xyli/data/LGVQ/videos/Tune-A-Video/An ancient church is a landmark in the village.mp4""}"
325,Tune-A-Video/An explorer searches for adventure in the forest.mp4,34.06,36.77433776855469,325,1,"[2, 9, 14, 21]","{""center_crop_fraction_of_short_side"": 0.65, ""container_reported_size_wh"": [512, 512], ""decoded_frames"": [{""center_crop_xywh"": [89, 89, 333, 333], ""decoded_size_wh"": [512, 512], ""frame_position"": 2, ""resize_output_size_wh"": [448, 448]}, {""center_crop_xywh"": [89, 89, 333, 333], ""decoded_size_wh"": [512, 512], ""frame_position"": 9, ""resize_output_size_wh"": [448, 448]}, {""center_crop_xywh"": [89, 89, 333, 333], ""decoded_size_wh"": [512, 512], ""frame_position"": 14, ""resize_output_size_wh"": [448, 448]}, {""center_crop_xywh"": [89, 89, 333, 333], ""decoded_size_wh"": [512, 512], ""frame_position"": 21, ""resize_output_size_wh"": [448, 448]}], ""processor_pixel_constraint"": {""max_pixels"": 200704, ""min_pixels"": 200704}, ""requested_frame_fractions"": [0.1, 0.37, 0.63, 0.9], ""resize_interpolation"": ""OpenCV INTER_AREA"", ""sample_id"": ""Tune-A-Video/An explorer searches for adventure in the forest.mp4"", ""selected_frame_positions"": [2, 9, 14, 21], ""source_file_bytes"": 99594, ""source_fps_used"": 10.0, ""source_frame_count"": 24, ""video_path"": ""/DATA/DATA1/lixinyue/xyli/data/LGVQ/videos/Tune-A-Video/An explorer searches for adventure in the forest.mp4""}"
326,Tune-A-Video/An orchid blooms with deep purple flowers.mp4,36.72,34.6248664855957,326,1,"[2, 9, 14, 21]","{""center_crop_fraction_of_short_side"": 0.65, ""container_reported_size_wh"": [512, 512], ""decoded_frames"": [{""center_crop_xywh"": [89, 89, 333, 333], ""decoded_size_wh"": [512, 512], ""frame_position"": 2, ""resize_output_size_wh"": [448, 448]}, {""center_crop_xywh"": [89, 89, 333, 333], ""decoded_size_wh"": [512, 512], ""frame_position"": 9, ""resize_output_size_wh"": [448, 448]}, {""center_crop_xywh"": [89, 89, 333, 333], ""decoded_size_wh"": [512, 512], ""frame_position"": 14, ""resize_output_size_wh"": [448, 448]}, {""center_crop_xywh"": [89, 89, 333, 333], ""decoded_size_wh"": [512, 512], ""frame_position"": 21, ""resize_output_size_wh"": [448, 448]}], ""processor_pixel_constraint"": {""max_pixels"": 200704, ""min_pixels"": 200704}, ""requested_frame_fractions"": [0.1, 0.37, 0.63, 0.9], ""resize_interpolation"": ""OpenCV INTER_AREA"", ""sample_id"": ""Tune-A-Video/An orchid blooms with deep purple flowers.mp4"", ""selected_frame_positions"": [2, 9, 14, 21], ""source_file_bytes"": 405700, ""source_fps_used"": 10.0, ""source_frame_count"": 24, ""video_path"": ""/DATA/DATA1/lixinyue/xyli/data/LGVQ/videos/Tune-A-Video/An orchid blooms with deep purple flowers.mp4""}"
327,"Tune-A-Video/Blue skies and fluffy clouds, ever-changing shapes like poetry.mp4",34.12,33.43828582763672,327,1,"[2, 9, 14, 21]","{""center_crop_fraction_of_short_side"": 0.65, ""container_reported_size_wh"": [512, 512], ""decoded_frames"": [{""center_crop_xywh"": [89, 89, 333, 333], ""decoded_size_wh"": [512, 512], ""frame_position"": 2, ""resize_output_size_wh"": [448, 448]}, {""center_crop_xywh"": [89, 89, 333, 333], ""decoded_size_wh"": [512, 512], ""frame_position"": 9, ""resize_output_size_wh"": [448, 448]}, {""center_crop_xywh"": [89, 89, 333, 333], ""decoded_size_wh"": [512, 512], ""frame_position"": 14, ""resize_output_size_wh"": [448, 448]}, {""center_crop_xywh"": [89, 89, 333, 333], ""decoded_size_wh"": [512, 512], ""frame_position"": 21, ""resize_output_size_wh"": [448, 448]}], ""processor_pixel_constraint"": {""max_pixels"": 200704, ""min_pixels"": 200704}, ""requested_frame_fractions"": [0.1, 0.37, 0.63, 0.9], ""resize_interpolation"": ""OpenCV INTER_AREA"", ""sample_id"": ""Tune-A-Video/Blue skies and fluffy clouds, ever-changing shapes like poetry.mp4"", ""selected_frame_positions"": [2, 9, 14, 21], ""source_file_bytes"": 112344, ""source_fps_used"": 10.0, ""source_frame_count"": 24, ""video_path"": ""/DATA/DATA1/lixinyue/xyli/data/LGVQ/videos/Tune-A-Video/Blue skies and fluffy clouds, ever-changing shapes like poetry.mp4""}"
328,Tune-A-Video/Cherry trees in the orchard are filled with red fruit.mp4,31.3,36.63261032104492,328,1,"[2, 9, 14, 21]","{""center_crop_fraction_of_short_side"": 0.65, ""container_reported_size_wh"": [512, 512], ""decoded_frames"": [{""center_crop_xywh"": [89, 89, 333, 333], ""decoded_size_wh"": [512, 512], ""frame_position"": 2, ""resize_output_size_wh"": [448, 448]}, {""center_crop_xywh"": [89, 89, 333, 333], ""decoded_size_wh"": [512, 512], ""frame_position"": 9, ""resize_output_size_wh"": [448, 448]}, {""center_crop_xywh"": [89, 89, 333, 333], ""decoded_size_wh"": [512, 512], ""frame_position"": 14, ""resize_output_size_wh"": [448, 448]}, {""center_crop_xywh"": [89, 89, 333, 333], ""decoded_size_wh"": [512, 512], ""frame_position"": 21, ""resize_output_size_wh"": [448, 448]}], ""processor_pixel_constraint"": {""max_pixels"": 200704, ""min_pixels"": 200704}, ""requested_frame_fractions"": [0.1, 0.37, 0.63, 0.9], ""resize_interpolation"": ""OpenCV INTER_AREA"", ""sample_id"": ""Tune-A-Video/Cherry trees in the orchard are filled with red fruit.mp4"", ""selected_frame_positions"": [2, 9, 14, 21], ""source_file_bytes"": 268953, ""source_fps_used"": 10.0, ""source_frame_count"": 24, ""video_path"": ""/DATA/DATA1/lixinyue/xyli/data/LGVQ/videos/Tune-A-Video/Cherry trees in the orchard are filled with red fruit.mp4""}"
329,Tune-A-Video/Children dig sandcastles on the beach.mp4,28.62,34.88780212402344,329,1,"[2, 9, 14, 21]","{""center_crop_fraction_of_short_side"": 0.65, ""container_reported_size_wh"": [512, 512], ""decoded_frames"": [{""center_crop_xywh"": [89, 89, 333, 333], ""decoded_size_wh"": [512, 512], ""frame_position"": 2, ""resize_output_size_wh"": [448, 448]}, {""center_crop_xywh"": [89, 89, 333, 333], ""decoded_size_wh"": [512, 512], ""frame_position"": 9, ""resize_output_size_wh"": [448, 448]}, {""center_crop_xywh"": [89, 89, 333, 333], ""decoded_size_wh"": [512, 512], ""frame_position"": 14, ""resize_output_size_wh"": [448, 448]}, {""center_crop_xywh"": [89, 89, 333, 333], ""decoded_size_wh"": [512, 512], ""frame_position"": 21, ""resize_output_size_wh"": [448, 448]}], ""processor_pixel_constraint"": {""max_pixels"": 200704, ""min_pixels"": 200704}, ""requested_frame_fractions"": [0.1, 0.37, 0.63, 0.9], ""resize_interpolation"": ""OpenCV INTER_AREA"", ""sample_id"": ""Tune-A-Video/Children dig sandcastles on the beach.mp4"", ""selected_frame_positions"": [2, 9, 14, 21], ""source_file_bytes"": 411149, ""source_fps_used"": 10.0, ""source_frame_count"": 24, ""video_path"": ""/DATA/DATA1/lixinyue/xyli/data/LGVQ/videos/Tune-A-Video/Children dig sandcastles on the beach.mp4""}"
330,Tune-A-Video/Crocodiles swim leisurely in the lake.mp4,35.29,38.15223693847656,330,1,"[2, 9, 14, 21]","{""center_crop_fraction_of_short_side"": 0.65, ""container_reported_size_wh"": [512, 512], ""decoded_frames"": [{""center_crop_xywh"": [89, 89, 333, 333], ""decoded_size_wh"": [512, 512], ""frame_position"": 2, ""resize_output_size_wh"": [448, 448]}, {""center_crop_xywh"": [89, 89, 333, 333], ""decoded_size_wh"": [512, 512], ""frame_position"": 9, ""resize_output_size_wh"": [448, 448]}, {""center_crop_xywh"": [89, 89, 333, 333], ""decoded_size_wh"": [512, 512], ""frame_position"": 14, ""resize_output_size_wh"": [448, 448]}, {""center_crop_xywh"": [89, 89, 333, 333], ""decoded_size_wh"": [512, 512], ""frame_position"": 21, ""resize_output_size_wh"": [448, 448]}], ""processor_pixel_constraint"": {""max_pixels"": 200704, ""min_pixels"": 200704}, ""requested_frame_fractions"": [0.1, 0.37, 0.63, 0.9], ""resize_interpolation"": ""OpenCV INTER_AREA"", ""sample_id"": ""Tune-A-Video/Crocodiles swim leisurely in the lake.mp4"", ""selected_frame_positions"": [2, 9, 14, 21], ""source_file_bytes"": 248341, ""source_fps_used"": 10.0, ""source_frame_count"": 24, ""video_path"": ""/DATA/DATA1/lixinyue/xyli/data/LGVQ/videos/Tune-A-Video/Crocodiles swim leisurely in the lake.mp4""}"
331,Tune-A-Video/Great white sharks swim majestically in the depths of the ocean.mp4,36.78,38.09459686279297,331,1,"[2, 9, 14, 21]","{""center_crop_fraction_of_short_side"": 0.65, ""container_reported_size_wh"": [512, 512], ""decoded_frames"": [{""center_crop_xywh"": [89, 89, 333, 333], ""decoded_size_wh"": [512, 512], ""frame_position"": 2, ""resize_output_size_wh"": [448, 448]}, {""center_crop_xywh"": [89, 89, 333, 333], ""decoded_size_wh"": [512, 512], ""frame_position"": 9, ""resize_output_size_wh"": [448, 448]}, {""center_crop_xywh"": [89, 89, 333, 333], ""decoded_size_wh"": [512, 512], ""frame_position"": 14, ""resize_output_size_wh"": [448, 448]}, {""center_crop_xywh"": [89, 89, 333, 333], ""decoded_size_wh"": [512, 512], ""frame_position"": 21, ""resize_output_size_wh"": [448, 448]}], ""processor_pixel_constraint"": {""max_pixels"": 200704, ""min_pixels"": 200704}, ""requested_frame_fractions"": [0.1, 0.37, 0.63, 0.9], ""resize_interpolation"": ""OpenCV INTER_AREA"", ""sample_id"": ""Tune-A-Video/Great white sharks swim majestically in the depths of the ocean.mp4"", ""selected_frame_positions"": [2, 9, 14, 21], ""source_file_bytes"": 235409, ""source_fps_used"": 10.0, ""source_frame_count"": 24, ""video_path"": ""/DATA/DATA1/lixinyue/xyli/data/LGVQ/videos/Tune-A-Video/Great white sharks swim majestically in the depths of the ocean.mp4""}"
332,"Tune-A-Video/In a rugby match, players vied for possession of the rugby ball.mp4",36.65,33.80828094482422,332,1,"[2, 9, 14, 21]","{""center_crop_fraction_of_short_side"": 0.65, ""container_reported_size_wh"": [512, 512], ""decoded_frames"": [{""center_crop_xywh"": [89, 89, 333, 333], ""decoded_size_wh"": [512, 512], ""frame_position"": 2, ""resize_output_size_wh"": [448, 448]}, {""center_crop_xywh"": [89, 89, 333, 333], ""decoded_size_wh"": [512, 512], ""frame_position"": 9, ""resize_output_size_wh"": [448, 448]}, {""center_crop_xywh"": [89, 89, 333, 333], ""decoded_size_wh"": [512, 512], ""frame_position"": 14, ""resize_output_size_wh"": [448, 448]}, {""center_crop_xywh"": [89, 89, 333, 333], ""decoded_size_wh"": [512, 512], ""frame_position"": 21, ""resize_output_size_wh"": [448, 448]}], ""processor_pixel_constraint"": {""max_pixels"": 200704, ""min_pixels"": 200704}, ""requested_frame_fractions"": [0.1, 0.37, 0.63, 0.9], ""resize_interpolation"": ""OpenCV INTER_AREA"", ""sample_id"": ""Tune-A-Video/In a rugby match, players vied for possession of the rugby ball.mp4"", ""selected_frame_positions"": [2, 9, 14, 21], ""source_file_bytes"": 340231, ""source_fps_used"": 10.0, ""source_frame_count"": 24, ""video_path"": ""/DATA/DATA1/lixinyue/xyli/data/LGVQ/videos/Tune-A-Video/In a rugby match, players vied for possession of the rugby ball.mp4""}"
333,"Tune-A-Video/In front of a farmhouse, there is a swing.mp4",32.79,35.44623565673828,333,1,"[2, 9, 14, 21]","{""center_crop_fraction_of_short_side"": 0.65, ""container_reported_size_wh"": [512, 512], ""decoded_frames"": [{""center_crop_xywh"": [89, 89, 333, 333], ""decoded_size_wh"": [512, 512], ""frame_position"": 2, ""resize_output_size_wh"": [448, 448]}, {""center_crop_xywh"": [89, 89, 333, 333], ""decoded_size_wh"": [512, 512], ""frame_position"": 9, ""resize_output_size_wh"": [448, 448]}, {""center_crop_xywh"": [89, 89, 333, 333], ""decoded_size_wh"": [512, 512], ""frame_position"": 14, ""resize_output_size_wh"": [448, 448]}, {""center_crop_xywh"": [89, 89, 333, 333], ""decoded_size_wh"": [512, 512], ""frame_position"": 21, ""resize_output_size_wh"": [448, 448]}], ""processor_pixel_constraint"": {""max_pixels"": 200704, ""min_pixels"": 200704}, ""requested_frame_fractions"": [0.1, 0.37, 0.63, 0.9], ""resize_interpolation"": ""OpenCV INTER_AREA"", ""sample_id"": ""Tune-A-Video/In front of a farmhouse, there is a swing.mp4"", ""selected_frame_positions"": [2, 9, 14, 21], ""source_file_bytes"": 105217, ""source_fps_used"": 10.0, ""source_frame_count"": 24, ""video_path"": ""/DATA/DATA1/lixinyue/xyli/data/LGVQ/videos/Tune-A-Video/In front of a farmhouse, there is a swing.mp4""}"
334,Tune-A-Video/Military aircraft are neatly lined up on the military base.mp4,35.47,39.02404022216797,334,1,"[2, 9, 14, 21]","{""center_crop_fraction_of_short_side"": 0.65, ""container_reported_size_wh"": [512, 512], ""decoded_frames"": [{""center_crop_xywh"": [89, 89, 333, 333], ""decoded_size_wh"": [512, 512], ""frame_position"": 2, ""resize_output_size_wh"": [448, 448]}, {""center_crop_xywh"": [89, 89, 333, 333], ""decoded_size_wh"": [512, 512], ""frame_position"": 9, ""resize_output_size_wh"": [448, 448]}, {""center_crop_xywh"": [89, 89, 333, 333], ""decoded_size_wh"": [512, 512], ""frame_position"": 14, ""resize_output_size_wh"": [448, 448]}, {""center_crop_xywh"": [89, 89, 333, 333], ""decoded_size_wh"": [512, 512], ""frame_position"": 21, ""resize_output_size_wh"": [448, 448]}], ""processor_pixel_constraint"": {""max_pixels"": 200704, ""min_pixels"": 200704}, ""requested_frame_fractions"": [0.1, 0.37, 0.63, 0.9], ""resize_interpolation"": ""OpenCV INTER_AREA"", ""sample_id"": ""Tune-A-Video/Military aircraft are neatly lined up on the military base.mp4"", ""selected_frame_positions"": [2, 9, 14, 21], ""source_file_bytes"": 152843, ""source_fps_used"": 10.0, ""source_frame_count"": 24, ""video_path"": ""/DATA/DATA1/lixinyue/xyli/data/LGVQ/videos/Tune-A-Video/Military aircraft are neatly lined up on the military base.mp4""}"
335,Tune-A-Video/Parents pick up students at the bus stop.mp4,32.65,32.61337661743164,335,1,"[2, 9, 14, 21]","{""center_crop_fraction_of_short_side"": 0.65, ""container_reported_size_wh"": [512, 512], ""decoded_frames"": [{""center_crop_xywh"": [89, 89, 333, 333], ""decoded_size_wh"": [512, 512], ""frame_position"": 2, ""resize_output_size_wh"": [448, 448]}, {""center_crop_xywh"": [89, 89, 333, 333], ""decoded_size_wh"": [512, 512], ""frame_position"": 9, ""resize_output_size_wh"": [448, 448]}, {""center_crop_xywh"": [89, 89, 333, 333], ""decoded_size_wh"": [512, 512], ""frame_position"": 14, ""resize_output_size_wh"": [448, 448]}, {""center_crop_xywh"": [89, 89, 333, 333], ""decoded_size_wh"": [512, 512], ""frame_position"": 21, ""resize_output_size_wh"": [448, 448]}], ""processor_pixel_constraint"": {""max_pixels"": 200704, ""min_pixels"": 200704}, ""requested_frame_fractions"": [0.1, 0.37, 0.63, 0.9], ""resize_interpolation"": ""OpenCV INTER_AREA"", ""sample_id"": ""Tune-A-Video/Parents pick up students at the bus stop.mp4"", ""selected_frame_positions"": [2, 9, 14, 21], ""source_file_bytes"": 212905, ""source_fps_used"": 10.0, ""source_frame_count"": 24, ""video_path"": ""/DATA/DATA1/lixinyue/xyli/data/LGVQ/videos/Tune-A-Video/Parents pick up students at the bus stop.mp4""}"
336,Tune-A-Video/People sunbathe on the lawn.mp4,32.79,33.24516677856445,336,1,"[2, 9, 14, 21]","{""center_crop_fraction_of_short_side"": 0.65, ""container_reported_size_wh"": [512, 512], ""decoded_frames"": [{""center_crop_xywh"": [89, 89, 333, 333], ""decoded_size_wh"": [512, 512], ""frame_position"": 2, ""resize_output_size_wh"": [448, 448]}, {""center_crop_xywh"": [89, 89, 333, 333], ""decoded_size_wh"": [512, 512], ""frame_position"": 9, ""resize_output_size_wh"": [448, 448]}, {""center_crop_xywh"": [89, 89, 333, 333], ""decoded_size_wh"": [512, 512], ""frame_position"": 14, ""resize_output_size_wh"": [448, 448]}, {""center_crop_xywh"": [89, 89, 333, 333], ""decoded_size_wh"": [512, 512], ""frame_position"": 21, ""resize_output_size_wh"": [448, 448]}], ""processor_pixel_constraint"": {""max_pixels"": 200704, ""min_pixels"": 200704}, ""requested_frame_fractions"": [0.1, 0.37, 0.63, 0.9], ""resize_interpolation"": ""OpenCV INTER_AREA"", ""sample_id"": ""Tune-A-Video/People sunbathe on the lawn.mp4"", ""selected_frame_positions"": [2, 9, 14, 21], ""source_file_bytes"": 373057, ""source_fps_used"": 10.0, ""source_frame_count"": 24, ""video_path"": ""/DATA/DATA1/lixinyue/xyli/data/LGVQ/videos/Tune-A-Video/People sunbathe on the lawn.mp4""}"
337,Tune-A-Video/People taking a leisurely walk admire the lake view.mp4,36.77,31.273256301879883,337,1,"[2, 9, 14, 21]","{""center_crop_fraction_of_short_side"": 0.65, ""container_reported_size_wh"": [512, 512], ""decoded_frames"": [{""center_crop_xywh"": [89, 89, 333, 333], ""decoded_size_wh"": [512, 512], ""frame_position"": 2, ""resize_output_size_wh"": [448, 448]}, {""center_crop_xywh"": [89, 89, 333, 333], ""decoded_size_wh"": [512, 512], ""frame_position"": 9, ""resize_output_size_wh"": [448, 448]}, {""center_crop_xywh"": [89, 89, 333, 333], ""decoded_size_wh"": [512, 512], ""frame_position"": 14, ""resize_output_size_wh"": [448, 448]}, {""center_crop_xywh"": [89, 89, 333, 333], ""decoded_size_wh"": [512, 512], ""frame_position"": 21, ""resize_output_size_wh"": [448, 448]}], ""processor_pixel_constraint"": {""max_pixels"": 200704, ""min_pixels"": 200704}, ""requested_frame_fractions"": [0.1, 0.37, 0.63, 0.9], ""resize_interpolation"": ""OpenCV INTER_AREA"", ""sample_id"": ""Tune-A-Video/People taking a leisurely walk admire the lake view.mp4"", ""selected_frame_positions"": [2, 9, 14, 21], ""source_file_bytes"": 218422, ""source_fps_used"": 10.0, ""source_frame_count"": 24, ""video_path"": ""/DATA/DATA1/lixinyue/xyli/data/LGVQ/videos/Tune-A-Video/People taking a leisurely walk admire the lake view.mp4""}"
338,"Tune-A-Video/Plateaus surrounding lakes, embraced by peaceful and harmonious mountains.mp4",31.24,35.13528823852539,338,1,"[2, 9, 14, 21]","{""center_crop_fraction_of_short_side"": 0.65, ""container_reported_size_wh"": [512, 512], ""decoded_frames"": [{""center_crop_xywh"": [89, 89, 333, 333], ""decoded_size_wh"": [512, 512], ""frame_position"": 2, ""resize_output_size_wh"": [448, 448]}, {""center_crop_xywh"": [89, 89, 333, 333], ""decoded_size_wh"": [512, 512], ""frame_position"": 9, ""resize_output_size_wh"": [448, 448]}, {""center_crop_xywh"": [89, 89, 333, 333], ""decoded_size_wh"": [512, 512], ""frame_position"": 14, ""resize_output_size_wh"": [448, 448]}, {""center_crop_xywh"": [89, 89, 333, 333], ""decoded_size_wh"": [512, 512], ""frame_position"": 21, ""resize_output_size_wh"": [448, 448]}], ""processor_pixel_constraint"": {""max_pixels"": 200704, ""min_pixels"": 200704}, ""requested_frame_fractions"": [0.1, 0.37, 0.63, 0.9], ""resize_interpolation"": ""OpenCV INTER_AREA"", ""sample_id"": ""Tune-A-Video/Plateaus surrounding lakes, embraced by peaceful and harmonious mountains.mp4"", ""selected_frame_positions"": [2, 9, 14, 21], ""source_file_bytes"": 180540, ""source_fps_used"": 10.0, ""source_frame_count"": 24, ""video_path"": ""/DATA/DATA1/lixinyue/xyli/data/LGVQ/videos/Tune-A-Video/Plateaus surrounding lakes, embraced by peaceful and harmonious mountains.mp4""}"
339,Tune-A-Video/Purple lavender grows in the field.mp4,31.34,36.200172424316406,339,1,"[2, 9, 14, 21]","{""center_crop_fraction_of_short_side"": 0.65, ""container_reported_size_wh"": [512, 512], ""decoded_frames"": [{""center_crop_xywh"": [89, 89, 333, 333], ""decoded_size_wh"": [512, 512], ""frame_position"": 2, ""resize_output_size_wh"": [448, 448]}, {""center_crop_xywh"": [89, 89, 333, 333], ""decoded_size_wh"": [512, 512], ""frame_position"": 9, ""resize_output_size_wh"": [448, 448]}, {""center_crop_xywh"": [89, 89, 333, 333], ""decoded_size_wh"": [512, 512], ""frame_position"": 14, ""resize_output_size_wh"": [448, 448]}, {""center_crop_xywh"": [89, 89, 333, 333], ""decoded_size_wh"": [512, 512], ""frame_position"": 21, ""resize_output_size_wh"": [448, 448]}], ""processor_pixel_constraint"": {""max_pixels"": 200704, ""min_pixels"": 200704}, ""requested_frame_fractions"": [0.1, 0.37, 0.63, 0.9], ""resize_interpolation"": ""OpenCV INTER_AREA"", ""sample_id"": ""Tune-A-Video/Purple lavender grows in the field.mp4"", ""selected_frame_positions"": [2, 9, 14, 21], ""source_file_bytes"": 292277, ""source_fps_used"": 10.0, ""source_frame_count"": 24, ""video_path"": ""/DATA/DATA1/lixinyue/xyli/data/LGVQ/videos/Tune-A-Video/Purple lavender grows in the field.mp4""}"
340,Tune-A-Video/Sharks dart through the water.mp4,36.35,40.202484130859375,340,1,"[2, 9, 14, 21]","{""center_crop_fraction_of_short_side"": 0.65, ""container_reported_size_wh"": [512, 512], ""decoded_frames"": [{""center_crop_xywh"": [89, 89, 333, 333], ""decoded_size_wh"": [512, 512], ""frame_position"": 2, ""resize_output_size_wh"": [448, 448]}, {""center_crop_xywh"": [89, 89, 333, 333], ""decoded_size_wh"": [512, 512], ""frame_position"": 9, ""resize_output_size_wh"": [448, 448]}, {""center_crop_xywh"": [89, 89, 333, 333], ""decoded_size_wh"": [512, 512], ""frame_position"": 14, ""resize_output_size_wh"": [448, 448]}, {""center_crop_xywh"": [89, 89, 333, 333], ""decoded_size_wh"": [512, 512], ""frame_position"": 21, ""resize_output_size_wh"": [448, 448]}], ""processor_pixel_constraint"": {""max_pixels"": 200704, ""min_pixels"": 200704}, ""requested_frame_fractions"": [0.1, 0.37, 0.63, 0.9], ""resize_interpolation"": ""OpenCV INTER_AREA"", ""sample_id"": ""Tune-A-Video/Sharks dart through the water.mp4"", ""selected_frame_positions"": [2, 9, 14, 21], ""source_file_bytes"": 185201, ""source_fps_used"": 10.0, ""source_frame_count"": 24, ""video_path"": ""/DATA/DATA1/lixinyue/xyli/data/LGVQ/videos/Tune-A-Video/Sharks dart through the water.mp4""}"
341,Tune-A-Video/Soldiers are setting up tents in the camp.mp4,38.07,34.26702880859375,341,1,"[2, 9, 14, 21]","{""center_crop_fraction_of_short_side"": 0.65, ""container_reported_size_wh"": [512, 512], ""decoded_frames"": [{""center_crop_xywh"": [89, 89, 333, 333], ""decoded_size_wh"": [512, 512], ""frame_position"": 2, ""resize_output_size_wh"": [448, 448]}, {""center_crop_xywh"": [89, 89, 333, 333], ""decoded_size_wh"": [512, 512], ""frame_position"": 9, ""resize_output_size_wh"": [448, 448]}, {""center_crop_xywh"": [89, 89, 333, 333], ""decoded_size_wh"": [512, 512], ""frame_position"": 14, ""resize_output_size_wh"": [448, 448]}, {""center_crop_xywh"": [89, 89, 333, 333], ""decoded_size_wh"": [512, 512], ""frame_position"": 21, ""resize_output_size_wh"": [448, 448]}], ""processor_pixel_constraint"": {""max_pixels"": 200704, ""min_pixels"": 200704}, ""requested_frame_fractions"": [0.1, 0.37, 0.63, 0.9], ""resize_interpolation"": ""OpenCV INTER_AREA"", ""sample_id"": ""Tune-A-Video/Soldiers are setting up tents in the camp.mp4"", ""selected_frame_positions"": [2, 9, 14, 21], ""source_file_bytes"": 378221, ""source_fps_used"": 10.0, ""source_frame_count"": 24, ""video_path"": ""/DATA/DATA1/lixinyue/xyli/data/LGVQ/videos/Tune-A-Video/Soldiers are setting up tents in the camp.mp4""}"
342,Tune-A-Video/Students and teachers discuss topics in the classroom.mp4,40.79,36.310638427734375,342,1,"[2, 9, 14, 21]","{""center_crop_fraction_of_short_side"": 0.65, ""container_reported_size_wh"": [512, 512], ""decoded_frames"": [{""center_crop_xywh"": [89, 89, 333, 333], ""decoded_size_wh"": [512, 512], ""frame_position"": 2, ""resize_output_size_wh"": [448, 448]}, {""center_crop_xywh"": [89, 89, 333, 333], ""decoded_size_wh"": [512, 512], ""frame_position"": 9, ""resize_output_size_wh"": [448, 448]}, {""center_crop_xywh"": [89, 89, 333, 333], ""decoded_size_wh"": [512, 512], ""frame_position"": 14, ""resize_output_size_wh"": [448, 448]}, {""center_crop_xywh"": [89, 89, 333, 333], ""decoded_size_wh"": [512, 512], ""frame_position"": 21, ""resize_output_size_wh"": [448, 448]}], ""processor_pixel_constraint"": {""max_pixels"": 200704, ""min_pixels"": 200704}, ""requested_frame_fractions"": [0.1, 0.37, 0.63, 0.9], ""resize_interpolation"": ""OpenCV INTER_AREA"", ""sample_id"": ""Tune-A-Video/Students and teachers discuss topics in the classroom.mp4"", ""selected_frame_positions"": [2, 9, 14, 21], ""source_file_bytes"": 322417, ""source_fps_used"": 10.0, ""source_frame_count"": 24, ""video_path"": ""/DATA/DATA1/lixinyue/xyli/data/LGVQ/videos/Tune-A-Video/Students and teachers discuss topics in the classroom.mp4""}"
343,Tune-A-Video/Students create exquisite artwork in art class.mp4,32.17,35.26464080810547,343,1,"[2, 9, 14, 21]","{""center_crop_fraction_of_short_side"": 0.65, ""container_reported_size_wh"": [512, 512], ""decoded_frames"": [{""center_crop_xywh"": [89, 89, 333, 333], ""decoded_size_wh"": [512, 512], ""frame_position"": 2, ""resize_output_size_wh"": [448, 448]}, {""center_crop_xywh"": [89, 89, 333, 333], ""decoded_size_wh"": [512, 512], ""frame_position"": 9, ""resize_output_size_wh"": [448, 448]}, {""center_crop_xywh"": [89, 89, 333, 333], ""decoded_size_wh"": [512, 512], ""frame_position"": 14, ""resize_output_size_wh"": [448, 448]}, {""center_crop_xywh"": [89, 89, 333, 333], ""decoded_size_wh"": [512, 512], ""frame_position"": 21, ""resize_output_size_wh"": [448, 448]}], ""processor_pixel_constraint"": {""max_pixels"": 200704, ""min_pixels"": 200704}, ""requested_frame_fractions"": [0.1, 0.37, 0.63, 0.9], ""resize_interpolation"": ""OpenCV INTER_AREA"", ""sample_id"": ""Tune-A-Video/Students create exquisite artwork in art class.mp4"", ""selected_frame_positions"": [2, 9, 14, 21], ""source_file_bytes"": 421780, ""source_fps_used"": 10.0, ""source_frame_count"": 24, ""video_path"": ""/DATA/DATA1/lixinyue/xyli/data/LGVQ/videos/Tune-A-Video/Students create exquisite artwork in art class.mp4""}"
344,Tune-A-Video/Students enjoy tasty sandwiches in the cafeteria.mp4,38.16,38.19718933105469,344,1,"[2, 9, 14, 21]","{""center_crop_fraction_of_short_side"": 0.65, ""container_reported_size_wh"": [512, 512], ""decoded_frames"": [{""center_crop_xywh"": [89, 89, 333, 333], ""decoded_size_wh"": [512, 512], ""frame_position"": 2, ""resize_output_size_wh"": [448, 448]}, {""center_crop_xywh"": [89, 89, 333, 333], ""decoded_size_wh"": [512, 512], ""frame_position"": 9, ""resize_output_size_wh"": [448, 448]}, {""center_crop_xywh"": [89, 89, 333, 333], ""decoded_size_wh"": [512, 512], ""frame_position"": 14, ""resize_output_size_wh"": [448, 448]}, {""center_crop_xywh"": [89, 89, 333, 333], ""decoded_size_wh"": [512, 512], ""frame_position"": 21, ""resize_output_size_wh"": [448, 448]}], ""processor_pixel_constraint"": {""max_pixels"": 200704, ""min_pixels"": 200704}, ""requested_frame_fractions"": [0.1, 0.37, 0.63, 0.9], ""resize_interpolation"": ""OpenCV INTER_AREA"", ""sample_id"": ""Tune-A-Video/Students enjoy tasty sandwiches in the cafeteria.mp4"", ""selected_frame_positions"": [2, 9, 14, 21], ""source_file_bytes"": 448745, ""source_fps_used"": 10.0, ""source_frame_count"": 24, ""video_path"": ""/DATA/DATA1/lixinyue/xyli/data/LGVQ/videos/Tune-A-Video/Students enjoy tasty sandwiches in the cafeteria.mp4""}"
345,"Tune-A-Video/Students enjoy their time on campus, full of youthful energy.mp4",32.66,30.727516174316406,345,1,"[2, 9, 14, 21]","{""center_crop_fraction_of_short_side"": 0.65, ""container_reported_size_wh"": [512, 512], ""decoded_frames"": [{""center_crop_xywh"": [89, 89, 333, 333], ""decoded_size_wh"": [512, 512], ""frame_position"": 2, ""resize_output_size_wh"": [448, 448]}, {""center_crop_xywh"": [89, 89, 333, 333], ""decoded_size_wh"": [512, 512], ""frame_position"": 9, ""resize_output_size_wh"": [448, 448]}, {""center_crop_xywh"": [89, 89, 333, 333], ""decoded_size_wh"": [512, 512], ""frame_position"": 14, ""resize_output_size_wh"": [448, 448]}, {""center_crop_xywh"": [89, 89, 333, 333], ""decoded_size_wh"": [512, 512], ""frame_position"": 21, ""resize_output_size_wh"": [448, 448]}], ""processor_pixel_constraint"": {""max_pixels"": 200704, ""min_pixels"": 200704}, ""requested_frame_fractions"": [0.1, 0.37, 0.63, 0.9], ""resize_interpolation"": ""OpenCV INTER_AREA"", ""sample_id"": ""Tune-A-Video/Students enjoy their time on campus, full of youthful energy.mp4"", ""selected_frame_positions"": [2, 9, 14, 21], ""source_file_bytes"": 327333, ""source_fps_used"": 10.0, ""source_frame_count"": 24, ""video_path"": ""/DATA/DATA1/lixinyue/xyli/data/LGVQ/videos/Tune-A-Video/Students enjoy their time on campus, full of youthful energy.mp4""}"
346,"Tune-A-Video/Students line up in the cafeteria, waiting for lunch.mp4",32.36,39.960731506347656,346,1,"[2, 9, 14, 21]","{""center_crop_fraction_of_short_side"": 0.65, ""container_reported_size_wh"": [512, 512], ""decoded_frames"": [{""center_crop_xywh"": [89, 89, 333, 333], ""decoded_size_wh"": [512, 512], ""frame_position"": 2, ""resize_output_size_wh"": [448, 448]}, {""center_crop_xywh"": [89, 89, 333, 333], ""decoded_size_wh"": [512, 512], ""frame_position"": 9, ""resize_output_size_wh"": [448, 448]}, {""center_crop_xywh"": [89, 89, 333, 333], ""decoded_size_wh"": [512, 512], ""frame_position"": 14, ""resize_output_size_wh"": [448, 448]}, {""center_crop_xywh"": [89, 89, 333, 333], ""decoded_size_wh"": [512, 512], ""frame_position"": 21, ""resize_output_size_wh"": [448, 448]}], ""processor_pixel_constraint"": {""max_pixels"": 200704, ""min_pixels"": 200704}, ""requested_frame_fractions"": [0.1, 0.37, 0.63, 0.9], ""resize_interpolation"": ""OpenCV INTER_AREA"", ""sample_id"": ""Tune-A-Video/Students line up in the cafeteria, waiting for lunch.mp4"", ""selected_frame_positions"": [2, 9, 14, 21], ""source_file_bytes"": 263176, ""source_fps_used"": 10.0, ""source_frame_count"": 24, ""video_path"": ""/DATA/DATA1/lixinyue/xyli/data/LGVQ/videos/Tune-A-Video/Students line up in the cafeteria, waiting for lunch.mp4""}"
347,Tune-A-Video/Students participate in celebration ceremonies in the school courtyard.mp4,32.66,34.09515380859375,347,1,"[2, 9, 14, 21]","{""center_crop_fraction_of_short_side"": 0.65, ""container_reported_size_wh"": [512, 512], ""decoded_frames"": [{""center_crop_xywh"": [89, 89, 333, 333], ""decoded_size_wh"": [512, 512], ""frame_position"": 2, ""resize_output_size_wh"": [448, 448]}, {""center_crop_xywh"": [89, 89, 333, 333], ""decoded_size_wh"": [512, 512], ""frame_position"": 9, ""resize_output_size_wh"": [448, 448]}, {""center_crop_xywh"": [89, 89, 333, 333], ""decoded_size_wh"": [512, 512], ""frame_position"": 14, ""resize_output_size_wh"": [448, 448]}, {""center_crop_xywh"": [89, 89, 333, 333], ""decoded_size_wh"": [512, 512], ""frame_position"": 21, ""resize_output_size_wh"": [448, 448]}], ""processor_pixel_constraint"": {""max_pixels"": 200704, ""min_pixels"": 200704}, ""requested_frame_fractions"": [0.1, 0.37, 0.63, 0.9], ""resize_interpolation"": ""OpenCV INTER_AREA"", ""sample_id"": ""Tune-A-Video/Students participate in celebration ceremonies in the school courtyard.mp4"", ""selected_frame_positions"": [2, 9, 14, 21], ""source_file_bytes"": 324551, ""source_fps_used"": 10.0, ""source_frame_count"": 24, ""video_path"": ""/DATA/DATA1/lixinyue/xyli/data/LGVQ/videos/Tune-A-Video/Students participate in celebration ceremonies in the school courtyard.mp4""}"
348,Tune-A-Video/Students program in the computer lab.mp4,29.91,34.245155334472656,348,1,"[2, 9, 14, 21]","{""center_crop_fraction_of_short_side"": 0.65, ""container_reported_size_wh"": [512, 512], ""decoded_frames"": [{""center_crop_xywh"": [89, 89, 333, 333], ""decoded_size_wh"": [512, 512], ""frame_position"": 2, ""resize_output_size_wh"": [448, 448]}, {""center_crop_xywh"": [89, 89, 333, 333], ""decoded_size_wh"": [512, 512], ""frame_position"": 9, ""resize_output_size_wh"": [448, 448]}, {""center_crop_xywh"": [89, 89, 333, 333], ""decoded_size_wh"": [512, 512], ""frame_position"": 14, ""resize_output_size_wh"": [448, 448]}, {""center_crop_xywh"": [89, 89, 333, 333], ""decoded_size_wh"": [512, 512], ""frame_position"": 21, ""resize_output_size_wh"": [448, 448]}], ""processor_pixel_constraint"": {""max_pixels"": 200704, ""min_pixels"": 200704}, ""requested_frame_fractions"": [0.1, 0.37, 0.63, 0.9], ""resize_interpolation"": ""OpenCV INTER_AREA"", ""sample_id"": ""Tune-A-Video/Students program in the computer lab.mp4"", ""selected_frame_positions"": [2, 9, 14, 21], ""source_file_bytes"": 212436, ""source_fps_used"": 10.0, ""source_frame_count"": 24, ""video_path"": ""/DATA/DATA1/lixinyue/xyli/data/LGVQ/videos/Tune-A-Video/Students program in the computer lab.mp4""}"
349,Tune-A-Video/Students savor delicious soups in the cafeteria.mp4,37.99,32.57477951049805,349,1,"[2, 9, 14, 21]","{""center_crop_fraction_of_short_side"": 0.65, ""container_reported_size_wh"": [512, 512], ""decoded_frames"": [{""center_crop_xywh"": [89, 89, 333, 333], ""decoded_size_wh"": [512, 512], ""frame_position"": 2, ""resize_output_size_wh"": [448, 448]}, {""center_crop_xywh"": [89, 89, 333, 333], ""decoded_size_wh"": [512, 512], ""frame_position"": 9, ""resize_output_size_wh"": [448, 448]}, {""center_crop_xywh"": [89, 89, 333, 333], ""decoded_size_wh"": [512, 512], ""frame_position"": 14, ""resize_output_size_wh"": [448, 448]}, {""center_crop_xywh"": [89, 89, 333, 333], ""decoded_size_wh"": [512, 512], ""frame_position"": 21, ""resize_output_size_wh"": [448, 448]}], ""processor_pixel_constraint"": {""max_pixels"": 200704, ""min_pixels"": 200704}, ""requested_frame_fractions"": [0.1, 0.37, 0.63, 0.9], ""resize_interpolation"": ""OpenCV INTER_AREA"", ""sample_id"": ""Tune-A-Video/Students savor delicious soups in the cafeteria.mp4"", ""selected_frame_positions"": [2, 9, 14, 21], ""source_file_bytes"": 309551, ""source_fps_used"": 10.0, ""source_frame_count"": 24, ""video_path"": ""/DATA/DATA1/lixinyue/xyli/data/LGVQ/videos/Tune-A-Video/Students savor delicious soups in the cafeteria.mp4""}"
350,Tune-A-Video/Sunflowers stand tall in a field.mp4,34.85,37.382965087890625,350,1,"[2, 9, 14, 21]","{""center_crop_fraction_of_short_side"": 0.65, ""container_reported_size_wh"": [512, 512], ""decoded_frames"": [{""center_crop_xywh"": [89, 89, 333, 333], ""decoded_size_wh"": [512, 512], ""frame_position"": 2, ""resize_output_size_wh"": [448, 448]}, {""center_crop_xywh"": [89, 89, 333, 333], ""decoded_size_wh"": [512, 512], ""frame_position"": 9, ""resize_output_size_wh"": [448, 448]}, {""center_crop_xywh"": [89, 89, 333, 333], ""decoded_size_wh"": [512, 512], ""frame_position"": 14, ""resize_output_size_wh"": [448, 448]}, {""center_crop_xywh"": [89, 89, 333, 333], ""decoded_size_wh"": [512, 512], ""frame_position"": 21, ""resize_output_size_wh"": [448, 448]}], ""processor_pixel_constraint"": {""max_pixels"": 200704, ""min_pixels"": 200704}, ""requested_frame_fractions"": [0.1, 0.37, 0.63, 0.9], ""resize_interpolation"": ""OpenCV INTER_AREA"", ""sample_id"": ""Tune-A-Video/Sunflowers stand tall in a field.mp4"", ""selected_frame_positions"": [2, 9, 14, 21], ""source_file_bytes"": 380625, ""source_fps_used"": 10.0, ""source_frame_count"": 24, ""video_path"": ""/DATA/DATA1/lixinyue/xyli/data/LGVQ/videos/Tune-A-Video/Sunflowers stand tall in a field.mp4""}"
351,Tune-A-Video/Sunlight is streaming through the leaves onto the grass.mp4,35.43,52.40481948852539,351,1,"[2, 9, 14, 21]","{""center_crop_fraction_of_short_side"": 0.65, ""container_reported_size_wh"": [512, 512], ""decoded_frames"": [{""center_crop_xywh"": [89, 89, 333, 333], ""decoded_size_wh"": [512, 512], ""frame_position"": 2, ""resize_output_size_wh"": [448, 448]}, {""center_crop_xywh"": [89, 89, 333, 333], ""decoded_size_wh"": [512, 512], ""frame_position"": 9, ""resize_output_size_wh"": [448, 448]}, {""center_crop_xywh"": [89, 89, 333, 333], ""decoded_size_wh"": [512, 512], ""frame_position"": 14, ""resize_output_size_wh"": [448, 448]}, {""center_crop_xywh"": [89, 89, 333, 333], ""decoded_size_wh"": [512, 512], ""frame_position"": 21, ""resize_output_size_wh"": [448, 448]}], ""processor_pixel_constraint"": {""max_pixels"": 200704, ""min_pixels"": 200704}, ""requested_frame_fractions"": [0.1, 0.37, 0.63, 0.9], ""resize_interpolation"": ""OpenCV INTER_AREA"", ""sample_id"": ""Tune-A-Video/Sunlight is streaming through the leaves onto the grass.mp4"", ""selected_frame_positions"": [2, 9, 14, 21], ""source_file_bytes"": 442374, ""source_fps_used"": 10.0, ""source_frame_count"": 24, ""video_path"": ""/DATA/DATA1/lixinyue/xyli/data/LGVQ/videos/Tune-A-Video/Sunlight is streaming through the leaves onto the grass.mp4""}"
352,Tune-A-Video/Swallows soar in the air.mp4,35.42,36.87632369995117,352,1,"[2, 9, 14, 21]","{""center_crop_fraction_of_short_side"": 0.65, ""container_reported_size_wh"": [512, 512], ""decoded_frames"": [{""center_crop_xywh"": [89, 89, 333, 333], ""decoded_size_wh"": [512, 512], ""frame_position"": 2, ""resize_output_size_wh"": [448, 448]}, {""center_crop_xywh"": [89, 89, 333, 333], ""decoded_size_wh"": [512, 512], ""frame_position"": 9, ""resize_output_size_wh"": [448, 448]}, {""center_crop_xywh"": [89, 89, 333, 333], ""decoded_size_wh"": [512, 512], ""frame_position"": 14, ""resize_output_size_wh"": [448, 448]}, {""center_crop_xywh"": [89, 89, 333, 333], ""decoded_size_wh"": [512, 512], ""frame_position"": 21, ""resize_output_size_wh"": [448, 448]}], ""processor_pixel_constraint"": {""max_pixels"": 200704, ""min_pixels"": 200704}, ""requested_frame_fractions"": [0.1, 0.37, 0.63, 0.9], ""resize_interpolation"": ""OpenCV INTER_AREA"", ""sample_id"": ""Tune-A-Video/Swallows soar in the air.mp4"", ""selected_frame_positions"": [2, 9, 14, 21], ""source_file_bytes"": 130079, ""source_fps_used"": 10.0, ""source_frame_count"": 24, ""video_path"": ""/DATA/DATA1/lixinyue/xyli/data/LGVQ/videos/Tune-A-Video/Swallows soar in the air.mp4""}"
353,Tune-A-Video/Teenage skateboarders perform tricks by the pond.mp4,32.73,39.16386795043945,353,1,"[2, 9, 14, 21]","{""center_crop_fraction_of_short_side"": 0.65, ""container_reported_size_wh"": [512, 512], ""decoded_frames"": [{""center_crop_xywh"": [89, 89, 333, 333], ""decoded_size_wh"": [512, 512], ""frame_position"": 2, ""resize_output_size_wh"": [448, 448]}, {""center_crop_xywh"": [89, 89, 333, 333], ""decoded_size_wh"": [512, 512], ""frame_position"": 9, ""resize_output_size_wh"": [448, 448]}, {""center_crop_xywh"": [89, 89, 333, 333], ""decoded_size_wh"": [512, 512], ""frame_position"": 14, ""resize_output_size_wh"": [448, 448]}, {""center_crop_xywh"": [89, 89, 333, 333], ""decoded_size_wh"": [512, 512], ""frame_position"": 21, ""resize_output_size_wh"": [448, 448]}], ""processor_pixel_constraint"": {""max_pixels"": 200704, ""min_pixels"": 200704}, ""requested_frame_fractions"": [0.1, 0.37, 0.63, 0.9], ""resize_interpolation"": ""OpenCV INTER_AREA"", ""sample_id"": ""Tune-A-Video/Teenage skateboarders perform tricks by the pond.mp4"", ""selected_frame_positions"": [2, 9, 14, 21], ""source_file_bytes"": 270617, ""source_fps_used"": 10.0, ""source_frame_count"": 24, ""video_path"": ""/DATA/DATA1/lixinyue/xyli/data/LGVQ/videos/Tune-A-Video/Teenage skateboarders perform tricks by the pond.mp4""}"
354,"Tune-A-Video/The campus has colorful gardens, full of vitality.mp4",35.26,31.157527923583984,354,1,"[2, 9, 14, 21]","{""center_crop_fraction_of_short_side"": 0.65, ""container_reported_size_wh"": [512, 512], ""decoded_frames"": [{""center_crop_xywh"": [89, 89, 333, 333], ""decoded_size_wh"": [512, 512], ""frame_position"": 2, ""resize_output_size_wh"": [448, 448]}, {""center_crop_xywh"": [89, 89, 333, 333], ""decoded_size_wh"": [512, 512], ""frame_position"": 9, ""resize_output_size_wh"": [448, 448]}, {""center_crop_xywh"": [89, 89, 333, 333], ""decoded_size_wh"": [512, 512], ""frame_position"": 14, ""resize_output_size_wh"": [448, 448]}, {""center_crop_xywh"": [89, 89, 333, 333], ""decoded_size_wh"": [512, 512], ""frame_position"": 21, ""resize_output_size_wh"": [448, 448]}], ""processor_pixel_constraint"": {""max_pixels"": 200704, ""min_pixels"": 200704}, ""requested_frame_fractions"": [0.1, 0.37, 0.63, 0.9], ""resize_interpolation"": ""OpenCV INTER_AREA"", ""sample_id"": ""Tune-A-Video/The campus has colorful gardens, full of vitality.mp4"", ""selected_frame_positions"": [2, 9, 14, 21], ""source_file_bytes"": 671751, ""source_fps_used"": 10.0, ""source_frame_count"": 24, ""video_path"": ""/DATA/DATA1/lixinyue/xyli/data/LGVQ/videos/Tune-A-Video/The campus has colorful gardens, full of vitality.mp4""}"
355,Tune-A-Video/The commander is strategizing in front of a map.mp4,36.86,37.14990997314453,355,1,"[2, 9, 14, 21]","{""center_crop_fraction_of_short_side"": 0.65, ""container_reported_size_wh"": [512, 512], ""decoded_frames"": [{""center_crop_xywh"": [89, 89, 333, 333], ""decoded_size_wh"": [512, 512], ""frame_position"": 2, ""resize_output_size_wh"": [448, 448]}, {""center_crop_xywh"": [89, 89, 333, 333], ""decoded_size_wh"": [512, 512], ""frame_position"": 9, ""resize_output_size_wh"": [448, 448]}, {""center_crop_xywh"": [89, 89, 333, 333], ""decoded_size_wh"": [512, 512], ""frame_position"": 14, ""resize_output_size_wh"": [448, 448]}, {""center_crop_xywh"": [89, 89, 333, 333], ""decoded_size_wh"": [512, 512], ""frame_position"": 21, ""resize_output_size_wh"": [448, 448]}], ""processor_pixel_constraint"": {""max_pixels"": 200704, ""min_pixels"": 200704}, ""requested_frame_fractions"": [0.1, 0.37, 0.63, 0.9], ""resize_interpolation"": ""OpenCV INTER_AREA"", ""sample_id"": ""Tune-A-Video/The commander is strategizing in front of a map.mp4"", ""selected_frame_positions"": [2, 9, 14, 21], ""source_file_bytes"": 367758, ""source_fps_used"": 10.0, ""source_frame_count"": 24, ""video_path"": ""/DATA/DATA1/lixinyue/xyli/data/LGVQ/videos/Tune-A-Video/The commander is strategizing in front of a map.mp4""}"
356,Tune-A-Video/The crickets chirped merrily in the summer night.mp4,31.34,36.245452880859375,356,1,"[2, 9, 14, 21]","{""center_crop_fraction_of_short_side"": 0.65, ""container_reported_size_wh"": [512, 512], ""decoded_frames"": [{""center_crop_xywh"": [89, 89, 333, 333], ""decoded_size_wh"": [512, 512], ""frame_position"": 2, ""resize_output_size_wh"": [448, 448]}, {""center_crop_xywh"": [89, 89, 333, 333], ""decoded_size_wh"": [512, 512], ""frame_position"": 9, ""resize_output_size_wh"": [448, 448]}, {""center_crop_xywh"": [89, 89, 333, 333], ""decoded_size_wh"": [512, 512], ""frame_position"": 14, ""resize_output_size_wh"": [448, 448]}, {""center_crop_xywh"": [89, 89, 333, 333], ""decoded_size_wh"": [512, 512], ""frame_position"": 21, ""resize_output_size_wh"": [448, 448]}], ""processor_pixel_constraint"": {""max_pixels"": 200704, ""min_pixels"": 200704}, ""requested_frame_fractions"": [0.1, 0.37, 0.63, 0.9], ""resize_interpolation"": ""OpenCV INTER_AREA"", ""sample_id"": ""Tune-A-Video/The crickets chirped merrily in the summer night.mp4"", ""selected_frame_positions"": [2, 9, 14, 21], ""source_file_bytes"": 186537, ""source_fps_used"": 10.0, ""source_frame_count"": 24, ""video_path"": ""/DATA/DATA1/lixinyue/xyli/data/LGVQ/videos/Tune-A-Video/The crickets chirped merrily in the summer night.mp4""}"
357,Tune-A-Video/The leaves of a purple-leaf plum tree turn deep purple.mp4,38.26,34.69264221191406,357,1,"[2, 9, 14, 21]","{""center_crop_fraction_of_short_side"": 0.65, ""container_reported_size_wh"": [512, 512], ""decoded_frames"": [{""center_crop_xywh"": [89, 89, 333, 333], ""decoded_size_wh"": [512, 512], ""frame_position"": 2, ""resize_output_size_wh"": [448, 448]}, {""center_crop_xywh"": [89, 89, 333, 333], ""decoded_size_wh"": [512, 512], ""frame_position"": 9, ""resize_output_size_wh"": [448, 448]}, {""center_crop_xywh"": [89, 89, 333, 333], ""decoded_size_wh"": [512, 512], ""frame_position"": 14, ""resize_output_size_wh"": [448, 448]}, {""center_crop_xywh"": [89, 89, 333, 333], ""decoded_size_wh"": [512, 512], ""frame_position"": 21, ""resize_output_size_wh"": [448, 448]}], ""processor_pixel_constraint"": {""max_pixels"": 200704, ""min_pixels"": 200704}, ""requested_frame_fractions"": [0.1, 0.37, 0.63, 0.9], ""resize_interpolation"": ""OpenCV INTER_AREA"", ""sample_id"": ""Tune-A-Video/The leaves of a purple-leaf plum tree turn deep purple.mp4"", ""selected_frame_positions"": [2, 9, 14, 21], ""source_file_bytes"": 243271, ""source_fps_used"": 10.0, ""source_frame_count"": 24, ""video_path"": ""/DATA/DATA1/lixinyue/xyli/data/LGVQ/videos/Tune-A-Video/The leaves of a purple-leaf plum tree turn deep purple.mp4""}"
358,Tune-A-Video/The lion roars majestically on the grassland.mp4,39.36,34.737239837646484,358,1,"[2, 9, 14, 21]","{""center_crop_fraction_of_short_side"": 0.65, ""container_reported_size_wh"": [512, 512], ""decoded_frames"": [{""center_crop_xywh"": [89, 89, 333, 333], ""decoded_size_wh"": [512, 512], ""frame_position"": 2, ""resize_output_size_wh"": [448, 448]}, {""center_crop_xywh"": [89, 89, 333, 333], ""decoded_size_wh"": [512, 512], ""frame_position"": 9, ""resize_output_size_wh"": [448, 448]}, {""center_crop_xywh"": [89, 89, 333, 333], ""decoded_size_wh"": [512, 512], ""frame_position"": 14, ""resize_output_size_wh"": [448, 448]}, {""center_crop_xywh"": [89, 89, 333, 333], ""decoded_size_wh"": [512, 512], ""frame_position"": 21, ""resize_output_size_wh"": [448, 448]}], ""processor_pixel_constraint"": {""max_pixels"": 200704, ""min_pixels"": 200704}, ""requested_frame_fractions"": [0.1, 0.37, 0.63, 0.9], ""resize_interpolation"": ""OpenCV INTER_AREA"", ""sample_id"": ""Tune-A-Video/The lion roars majestically on the grassland.mp4"", ""selected_frame_positions"": [2, 9, 14, 21], ""source_file_bytes"": 471560, ""source_fps_used"": 10.0, ""source_frame_count"": 24, ""video_path"": ""/DATA/DATA1/lixinyue/xyli/data/LGVQ/videos/Tune-A-Video/The lion roars majestically on the grassland.mp4""}"
359,Tune-A-Video/The parrot chirped in the treetops.mp4,31.42,35.632225036621094,359,1,"[2, 9, 14, 21]","{""center_crop_fraction_of_short_side"": 0.65, ""container_reported_size_wh"": [512, 512], ""decoded_frames"": [{""center_crop_xywh"": [89, 89, 333, 333], ""decoded_size_wh"": [512, 512], ""frame_position"": 2, ""resize_output_size_wh"": [448, 448]}, {""center_crop_xywh"": [89, 89, 333, 333], ""decoded_size_wh"": [512, 512], ""frame_position"": 9, ""resize_output_size_wh"": [448, 448]}, {""center_crop_xywh"": [89, 89, 333, 333], ""decoded_size_wh"": [512, 512], ""frame_position"": 14, ""resize_output_size_wh"": [448, 448]}, {""center_crop_xywh"": [89, 89, 333, 333], ""decoded_size_wh"": [512, 512], ""frame_position"": 21, ""resize_output_size_wh"": [448, 448]}], ""processor_pixel_constraint"": {""max_pixels"": 200704, ""min_pixels"": 200704}, ""requested_frame_fractions"": [0.1, 0.37, 0.63, 0.9], ""resize_interpolation"": ""OpenCV INTER_AREA"", ""sample_id"": ""Tune-A-Video/The parrot chirped in the treetops.mp4"", ""selected_frame_positions"": [2, 9, 14, 21], ""source_file_bytes"": 314628, ""source_fps_used"": 10.0, ""source_frame_count"": 24, ""video_path"": ""/DATA/DATA1/lixinyue/xyli/data/LGVQ/videos/Tune-A-Video/The parrot chirped in the treetops.mp4""}"
360,Tune-A-Video/The roof of a farmhouse is covered in moss.mp4,35.41,43.01244354248047,360,1,"[2, 9, 14, 21]","{""center_crop_fraction_of_short_side"": 0.65, ""container_reported_size_wh"": [512, 512], ""decoded_frames"": [{""center_crop_xywh"": [89, 89, 333, 333], ""decoded_size_wh"": [512, 512], ""frame_position"": 2, ""resize_output_size_wh"": [448, 448]}, {""center_crop_xywh"": [89, 89, 333, 333], ""decoded_size_wh"": [512, 512], ""frame_position"": 9, ""resize_output_size_wh"": [448, 448]}, {""center_crop_xywh"": [89, 89, 333, 333], ""decoded_size_wh"": [512, 512], ""frame_position"": 14, ""resize_output_size_wh"": [448, 448]}, {""center_crop_xywh"": [89, 89, 333, 333], ""decoded_size_wh"": [512, 512], ""frame_position"": 21, ""resize_output_size_wh"": [448, 448]}], ""processor_pixel_constraint"": {""max_pixels"": 200704, ""min_pixels"": 200704}, ""requested_frame_fractions"": [0.1, 0.37, 0.63, 0.9], ""resize_interpolation"": ""OpenCV INTER_AREA"", ""sample_id"": ""Tune-A-Video/The roof of a farmhouse is covered in moss.mp4"", ""selected_frame_positions"": [2, 9, 14, 21], ""source_file_bytes"": 469622, ""source_fps_used"": 10.0, ""source_frame_count"": 24, ""video_path"": ""/DATA/DATA1/lixinyue/xyli/data/LGVQ/videos/Tune-A-Video/The roof of a farmhouse is covered in moss.mp4""}"
361,Tune-A-Video/The rural stream serves as the water source for villagers.mp4,32.68,33.06304931640625,361,1,"[2, 9, 14, 21]","{""center_crop_fraction_of_short_side"": 0.65, ""container_reported_size_wh"": [512, 512], ""decoded_frames"": [{""center_crop_xywh"": [89, 89, 333, 333], ""decoded_size_wh"": [512, 512], ""frame_position"": 2, ""resize_output_size_wh"": [448, 448]}, {""center_crop_xywh"": [89, 89, 333, 333], ""decoded_size_wh"": [512, 512], ""frame_position"": 9, ""resize_output_size_wh"": [448, 448]}, {""center_crop_xywh"": [89, 89, 333, 333], ""decoded_size_wh"": [512, 512], ""frame_position"": 14, ""resize_output_size_wh"": [448, 448]}, {""center_crop_xywh"": [89, 89, 333, 333], ""decoded_size_wh"": [512, 512], ""frame_position"": 21, ""resize_output_size_wh"": [448, 448]}], ""processor_pixel_constraint"": {""max_pixels"": 200704, ""min_pixels"": 200704}, ""requested_frame_fractions"": [0.1, 0.37, 0.63, 0.9], ""resize_interpolation"": ""OpenCV INTER_AREA"", ""sample_id"": ""Tune-A-Video/The rural stream serves as the water source for villagers.mp4"", ""selected_frame_positions"": [2, 9, 14, 21], ""source_file_bytes"": 388248, ""source_fps_used"": 10.0, ""source_frame_count"": 24, ""video_path"": ""/DATA/DATA1/lixinyue/xyli/data/LGVQ/videos/Tune-A-Video/The rural stream serves as the water source for villagers.mp4""}"
362,Tune-A-Video/The school auditorium is decorated with festive decorations.mp4,32.28,30.795085906982422,362,1,"[2, 9, 14, 21]","{""center_crop_fraction_of_short_side"": 0.65, ""container_reported_size_wh"": [512, 512], ""decoded_frames"": [{""center_crop_xywh"": [89, 89, 333, 333], ""decoded_size_wh"": [512, 512], ""frame_position"": 2, ""resize_output_size_wh"": [448, 448]}, {""center_crop_xywh"": [89, 89, 333, 333], ""decoded_size_wh"": [512, 512], ""frame_position"": 9, ""resize_output_size_wh"": [448, 448]}, {""center_crop_xywh"": [89, 89, 333, 333], ""decoded_size_wh"": [512, 512], ""frame_position"": 14, ""resize_output_size_wh"": [448, 448]}, {""center_crop_xywh"": [89, 89, 333, 333], ""decoded_size_wh"": [512, 512], ""frame_position"": 21, ""resize_output_size_wh"": [448, 448]}], ""processor_pixel_constraint"": {""max_pixels"": 200704, ""min_pixels"": 200704}, ""requested_frame_fractions"": [0.1, 0.37, 0.63, 0.9], ""resize_interpolation"": ""OpenCV INTER_AREA"", ""sample_id"": ""Tune-A-Video/The school auditorium is decorated with festive decorations.mp4"", ""selected_frame_positions"": [2, 9, 14, 21], ""source_file_bytes"": 311735, ""source_fps_used"": 10.0, ""source_frame_count"": 24, ""video_path"": ""/DATA/DATA1/lixinyue/xyli/data/LGVQ/videos/Tune-A-Video/The school auditorium is decorated with festive decorations.mp4""}"
363,Tune-A-Video/The seahorse swayed slowly on the sea floor.mp4,40.62,35.69342041015625,363,1,"[2, 9, 14, 21]","{""center_crop_fraction_of_short_side"": 0.65, ""container_reported_size_wh"": [512, 512], ""decoded_frames"": [{""center_crop_xywh"": [89, 89, 333, 333], ""decoded_size_wh"": [512, 512], ""frame_position"": 2, ""resize_output_size_wh"": [448, 448]}, {""center_crop_xywh"": [89, 89, 333, 333], ""decoded_size_wh"": [512, 512], ""frame_position"": 9, ""resize_output_size_wh"": [448, 448]}, {""center_crop_xywh"": [89, 89, 333, 333], ""decoded_size_wh"": [512, 512], ""frame_position"": 14, ""resize_output_size_wh"": [448, 448]}, {""center_crop_xywh"": [89, 89, 333, 333], ""decoded_size_wh"": [512, 512], ""frame_position"": 21, ""resize_output_size_wh"": [448, 448]}], ""processor_pixel_constraint"": {""max_pixels"": 200704, ""min_pixels"": 200704}, ""requested_frame_fractions"": [0.1, 0.37, 0.63, 0.9], ""resize_interpolation"": ""OpenCV INTER_AREA"", ""sample_id"": ""Tune-A-Video/The seahorse swayed slowly on the sea floor.mp4"", ""selected_frame_positions"": [2, 9, 14, 21], ""source_file_bytes"": 268041, ""source_fps_used"": 10.0, ""source_frame_count"": 24, ""video_path"": ""/DATA/DATA1/lixinyue/xyli/data/LGVQ/videos/Tune-A-Video/The seahorse swayed slowly on the sea floor.mp4""}"
364,Tune-A-Video/There are boats on the park lake.mp4,32.66,52.18745422363281,364,1,"[2, 9, 14, 21]","{""center_crop_fraction_of_short_side"": 0.65, ""container_reported_size_wh"": [512, 512], ""decoded_frames"": [{""center_crop_xywh"": [89, 89, 333, 333], ""decoded_size_wh"": [512, 512], ""frame_position"": 2, ""resize_output_size_wh"": [448, 448]}, {""center_crop_xywh"": [89, 89, 333, 333], ""decoded_size_wh"": [512, 512], ""frame_position"": 9, ""resize_output_size_wh"": [448, 448]}, {""center_crop_xywh"": [89, 89, 333, 333], ""decoded_size_wh"": [512, 512], ""frame_position"": 14, ""resize_output_size_wh"": [448, 448]}, {""center_crop_xywh"": [89, 89, 333, 333], ""decoded_size_wh"": [512, 512], ""frame_position"": 21, ""resize_output_size_wh"": [448, 448]}], ""processor_pixel_constraint"": {""max_pixels"": 200704, ""min_pixels"": 200704}, ""requested_frame_fractions"": [0.1, 0.37, 0.63, 0.9], ""resize_interpolation"": ""OpenCV INTER_AREA"", ""sample_id"": ""Tune-A-Video/There are boats on the park lake.mp4"", ""selected_frame_positions"": [2, 9, 14, 21], ""source_file_bytes"": 191565, ""source_fps_used"": 10.0, ""source_frame_count"": 24, ""video_path"": ""/DATA/DATA1/lixinyue/xyli/data/LGVQ/videos/Tune-A-Video/There are boats on the park lake.mp4""}"
365,Tune-A-Video/There's a drum and guitar in the music classroom.mp4,29.95,35.723365783691406,365,1,"[2, 9, 14, 21]","{""center_crop_fraction_of_short_side"": 0.65, ""container_reported_size_wh"": [512, 512], ""decoded_frames"": [{""center_crop_xywh"": [89, 89, 333, 333], ""decoded_size_wh"": [512, 512], ""frame_position"": 2, ""resize_output_size_wh"": [448, 448]}, {""center_crop_xywh"": [89, 89, 333, 333], ""decoded_size_wh"": [512, 512], ""frame_position"": 9, ""resize_output_size_wh"": [448, 448]}, {""center_crop_xywh"": [89, 89, 333, 333], ""decoded_size_wh"": [512, 512], ""frame_position"": 14, ""resize_output_size_wh"": [448, 448]}, {""center_crop_xywh"": [89, 89, 333, 333], ""decoded_size_wh"": [512, 512], ""frame_position"": 21, ""resize_output_size_wh"": [448, 448]}], ""processor_pixel_constraint"": {""max_pixels"": 200704, ""min_pixels"": 200704}, ""requested_frame_fractions"": [0.1, 0.37, 0.63, 0.9], ""resize_interpolation"": ""OpenCV INTER_AREA"", ""sample_id"": ""Tune-A-Video/There's a drum and guitar in the music classroom.mp4"", ""selected_frame_positions"": [2, 9, 14, 21], ""source_file_bytes"": 92854, ""source_fps_used"": 10.0, ""source_frame_count"": 24, ""video_path"": ""/DATA/DATA1/lixinyue/xyli/data/LGVQ/videos/Tune-A-Video/There's a drum and guitar in the music classroom.mp4""}"
366,"Tune-A-Video/Unique desert landscapes, with dunes sculpted by the wind.mp4",36.89,33.38771057128906,366,1,"[2, 9, 14, 21]","{""center_crop_fraction_of_short_side"": 0.65, ""container_reported_size_wh"": [512, 512], ""decoded_frames"": [{""center_crop_xywh"": [89, 89, 333, 333], ""decoded_size_wh"": [512, 512], ""frame_position"": 2, ""resize_output_size_wh"": [448, 448]}, {""center_crop_xywh"": [89, 89, 333, 333], ""decoded_size_wh"": [512, 512], ""frame_position"": 9, ""resize_output_size_wh"": [448, 448]}, {""center_crop_xywh"": [89, 89, 333, 333], ""decoded_size_wh"": [512, 512], ""frame_position"": 14, ""resize_output_size_wh"": [448, 448]}, {""center_crop_xywh"": [89, 89, 333, 333], ""decoded_size_wh"": [512, 512], ""frame_position"": 21, ""resize_output_size_wh"": [448, 448]}], ""processor_pixel_constraint"": {""max_pixels"": 200704, ""min_pixels"": 200704}, ""requested_frame_fractions"": [0.1, 0.37, 0.63, 0.9], ""resize_interpolation"": ""OpenCV INTER_AREA"", ""sample_id"": ""Tune-A-Video/Unique desert landscapes, with dunes sculpted by the wind.mp4"", ""selected_frame_positions"": [2, 9, 14, 21], ""source_file_bytes"": 268495, ""source_fps_used"": 10.0, ""source_frame_count"": 24, ""video_path"": ""/DATA/DATA1/lixinyue/xyli/data/LGVQ/videos/Tune-A-Video/Unique desert landscapes, with dunes sculpted by the wind.mp4""}"
367,Tune-A-Video/Various fruit trees grow in the countryside.mp4,31.74,36.890995025634766,367,1,"[2, 9, 14, 21]","{""center_crop_fraction_of_short_side"": 0.65, ""container_reported_size_wh"": [512, 512], ""decoded_frames"": [{""center_crop_xywh"": [89, 89, 333, 333], ""decoded_size_wh"": [512, 512], ""frame_position"": 2, ""resize_output_size_wh"": [448, 448]}, {""center_crop_xywh"": [89, 89, 333, 333], ""decoded_size_wh"": [512, 512], ""frame_position"": 9, ""resize_output_size_wh"": [448, 448]}, {""center_crop_xywh"": [89, 89, 333, 333], ""decoded_size_wh"": [512, 512], ""frame_position"": 14, ""resize_output_size_wh"": [448, 448]}, {""center_crop_xywh"": [89, 89, 333, 333], ""decoded_size_wh"": [512, 512], ""frame_position"": 21, ""resize_output_size_wh"": [448, 448]}], ""processor_pixel_constraint"": {""max_pixels"": 200704, ""min_pixels"": 200704}, ""requested_frame_fractions"": [0.1, 0.37, 0.63, 0.9], ""resize_interpolation"": ""OpenCV INTER_AREA"", ""sample_id"": ""Tune-A-Video/Various fruit trees grow in the countryside.mp4"", ""selected_frame_positions"": [2, 9, 14, 21], ""source_file_bytes"": 475134, ""source_fps_used"": 10.0, ""source_frame_count"": 24, ""video_path"": ""/DATA/DATA1/lixinyue/xyli/data/LGVQ/videos/Tune-A-Video/Various fruit trees grow in the countryside.mp4""}"
368,Tune-A-Video/Vendors at the market display fresh fruits and vegetables.mp4,35.15,44.52428436279297,368,1,"[2, 9, 14, 21]","{""center_crop_fraction_of_short_side"": 0.65, ""container_reported_size_wh"": [512, 512], ""decoded_frames"": [{""center_crop_xywh"": [89, 89, 333, 333], ""decoded_size_wh"": [512, 512], ""frame_position"": 2, ""resize_output_size_wh"": [448, 448]}, {""center_crop_xywh"": [89, 89, 333, 333], ""decoded_size_wh"": [512, 512], ""frame_position"": 9, ""resize_output_size_wh"": [448, 448]}, {""center_crop_xywh"": [89, 89, 333, 333], ""decoded_size_wh"": [512, 512], ""frame_position"": 14, ""resize_output_size_wh"": [448, 448]}, {""center_crop_xywh"": [89, 89, 333, 333], ""decoded_size_wh"": [512, 512], ""frame_position"": 21, ""resize_output_size_wh"": [448, 448]}], ""processor_pixel_constraint"": {""max_pixels"": 200704, ""min_pixels"": 200704}, ""requested_frame_fractions"": [0.1, 0.37, 0.63, 0.9], ""resize_interpolation"": ""OpenCV INTER_AREA"", ""sample_id"": ""Tune-A-Video/Vendors at the market display fresh fruits and vegetables.mp4"", ""selected_frame_positions"": [2, 9, 14, 21], ""source_file_bytes"": 754055, ""source_fps_used"": 10.0, ""source_frame_count"": 24, ""video_path"": ""/DATA/DATA1/lixinyue/xyli/data/LGVQ/videos/Tune-A-Video/Vendors at the market display fresh fruits and vegetables.mp4""}"
369,Tune-A-Video/Visitors get information at the park's visitor center.mp4,35.46,39.85179138183594,369,1,"[2, 9, 14, 21]","{""center_crop_fraction_of_short_side"": 0.65, ""container_reported_size_wh"": [512, 512], ""decoded_frames"": [{""center_crop_xywh"": [89, 89, 333, 333], ""decoded_size_wh"": [512, 512], ""frame_position"": 2, ""resize_output_size_wh"": [448, 448]}, {""center_crop_xywh"": [89, 89, 333, 333], ""decoded_size_wh"": [512, 512], ""frame_position"": 9, ""resize_output_size_wh"": [448, 448]}, {""center_crop_xywh"": [89, 89, 333, 333], ""decoded_size_wh"": [512, 512], ""frame_position"": 14, ""resize_output_size_wh"": [448, 448]}, {""center_crop_xywh"": [89, 89, 333, 333], ""decoded_size_wh"": [512, 512], ""frame_position"": 21, ""resize_output_size_wh"": [448, 448]}], ""processor_pixel_constraint"": {""max_pixels"": 200704, ""min_pixels"": 200704}, ""requested_frame_fractions"": [0.1, 0.37, 0.63, 0.9], ""resize_interpolation"": ""OpenCV INTER_AREA"", ""sample_id"": ""Tune-A-Video/Visitors get information at the park's visitor center.mp4"", ""selected_frame_positions"": [2, 9, 14, 21], ""source_file_bytes"": 268840, ""source_fps_used"": 10.0, ""source_frame_count"": 24, ""video_path"": ""/DATA/DATA1/lixinyue/xyli/data/LGVQ/videos/Tune-A-Video/Visitors get information at the park's visitor center.mp4""}"
370,"Tune-A-Video/Wandering through a forest path, surrounded by emerald greenery.mp4",37.99,36.6298942565918,370,1,"[2, 9, 14, 21]","{""center_crop_fraction_of_short_side"": 0.65, ""container_reported_size_wh"": [512, 512], ""decoded_frames"": [{""center_crop_xywh"": [89, 89, 333, 333], ""decoded_size_wh"": [512, 512], ""frame_position"": 2, ""resize_output_size_wh"": [448, 448]}, {""center_crop_xywh"": [89, 89, 333, 333], ""decoded_size_wh"": [512, 512], ""frame_position"": 9, ""resize_output_size_wh"": [448, 448]}, {""center_crop_xywh"": [89, 89, 333, 333], ""decoded_size_wh"": [512, 512], ""frame_position"": 14, ""resize_output_size_wh"": [448, 448]}, {""center_crop_xywh"": [89, 89, 333, 333], ""decoded_size_wh"": [512, 512], ""frame_position"": 21, ""resize_output_size_wh"": [448, 448]}], ""processor_pixel_constraint"": {""max_pixels"": 200704, ""min_pixels"": 200704}, ""requested_frame_fractions"": [0.1, 0.37, 0.63, 0.9], ""resize_interpolation"": ""OpenCV INTER_AREA"", ""sample_id"": ""Tune-A-Video/Wandering through a forest path, surrounded by emerald greenery.mp4"", ""selected_frame_positions"": [2, 9, 14, 21], ""source_file_bytes"": 383339, ""source_fps_used"": 10.0, ""source_frame_count"": 24, ""video_path"": ""/DATA/DATA1/lixinyue/xyli/data/LGVQ/videos/Tune-A-Video/Wandering through a forest path, surrounded by emerald greenery.mp4""}"
371,"Tune-A-Video/Willow trees by the river, swaying gently in the calming breeze.mp4",31.3,42.039581298828125,371,1,"[2, 9, 14, 21]","{""center_crop_fraction_of_short_side"": 0.65, ""container_reported_size_wh"": [512, 512], ""decoded_frames"": [{""center_crop_xywh"": [89, 89, 333, 333], ""decoded_size_wh"": [512, 512], ""frame_position"": 2, ""resize_output_size_wh"": [448, 448]}, {""center_crop_xywh"": [89, 89, 333, 333], ""decoded_size_wh"": [512, 512], ""frame_position"": 9, ""resize_output_size_wh"": [448, 448]}, {""center_crop_xywh"": [89, 89, 333, 333], ""decoded_size_wh"": [512, 512], ""frame_position"": 14, ""resize_output_size_wh"": [448, 448]}, {""center_crop_xywh"": [89, 89, 333, 333], ""decoded_size_wh"": [512, 512], ""frame_position"": 21, ""resize_output_size_wh"": [448, 448]}], ""processor_pixel_constraint"": {""max_pixels"": 200704, ""min_pixels"": 200704}, ""requested_frame_fractions"": [0.1, 0.37, 0.63, 0.9], ""resize_interpolation"": ""OpenCV INTER_AREA"", ""sample_id"": ""Tune-A-Video/Willow trees by the river, swaying gently in the calming breeze.mp4"", ""selected_frame_positions"": [2, 9, 14, 21], ""source_file_bytes"": 369971, ""source_fps_used"": 10.0, ""source_frame_count"": 24, ""video_path"": ""/DATA/DATA1/lixinyue/xyli/data/LGVQ/videos/Tune-A-Video/Willow trees by the river, swaying gently in the calming breeze.mp4""}"
372,"VideoCrafter/A baseball player swung the bat, preparing for a home run.mp4",40.78,44.61769104003906,372,1,"[2, 6, 9, 14]","{""center_crop_fraction_of_short_side"": 0.65, ""container_reported_size_wh"": [256, 256], ""decoded_frames"": [{""center_crop_xywh"": [45, 45, 166, 166], ""decoded_size_wh"": [256, 256], ""frame_position"": 2, ""resize_output_size_wh"": [448, 448]}, {""center_crop_xywh"": [45, 45, 166, 166], ""decoded_size_wh"": [256, 256], ""frame_position"": 6, ""resize_output_size_wh"": [448, 448]}, {""center_crop_xywh"": [45, 45, 166, 166], ""decoded_size_wh"": [256, 256], ""frame_position"": 9, ""resize_output_size_wh"": [448, 448]}, {""center_crop_xywh"": [45, 45, 166, 166], ""decoded_size_wh"": [256, 256], ""frame_position"": 14, ""resize_output_size_wh"": [448, 448]}], ""processor_pixel_constraint"": {""max_pixels"": 200704, ""min_pixels"": 200704}, ""requested_frame_fractions"": [0.1, 0.37, 0.63, 0.9], ""resize_interpolation"": ""OpenCV INTER_AREA"", ""sample_id"": ""VideoCrafter/A baseball player swung the bat, preparing for a home run.mp4"", ""selected_frame_positions"": [2, 6, 9, 14], ""source_file_bytes"": 404783, ""source_fps_used"": 8.0, ""source_frame_count"": 16, ""video_path"": ""/DATA/DATA1/lixinyue/xyli/data/LGVQ/videos/VideoCrafter/A baseball player swung the bat, preparing for a home run.mp4""}"
373,VideoCrafter/A bowl of hot soup is especially delicious on a cold winter day.mp4,46.22,56.23377990722656,373,1,"[2, 6, 9, 14]","{""center_crop_fraction_of_short_side"": 0.65, ""container_reported_size_wh"": [256, 256], ""decoded_frames"": [{""center_crop_xywh"": [45, 45, 166, 166], ""decoded_size_wh"": [256, 256], ""frame_position"": 2, ""resize_output_size_wh"": [448, 448]}, {""center_crop_xywh"": [45, 45, 166, 166], ""decoded_size_wh"": [256, 256], ""frame_position"": 6, ""resize_output_size_wh"": [448, 448]}, {""center_crop_xywh"": [45, 45, 166, 166], ""decoded_size_wh"": [256, 256], ""frame_position"": 9, ""resize_output_size_wh"": [448, 448]}, {""center_crop_xywh"": [45, 45, 166, 166], ""decoded_size_wh"": [256, 256], ""frame_position"": 14, ""resize_output_size_wh"": [448, 448]}], ""processor_pixel_constraint"": {""max_pixels"": 200704, ""min_pixels"": 200704}, ""requested_frame_fractions"": [0.1, 0.37, 0.63, 0.9], ""resize_interpolation"": ""OpenCV INTER_AREA"", ""sample_id"": ""VideoCrafter/A bowl of hot soup is especially delicious on a cold winter day.mp4"", ""selected_frame_positions"": [2, 6, 9, 14], ""source_file_bytes"": 306300, ""source_fps_used"": 8.0, ""source_frame_count"": 16, ""video_path"": ""/DATA/DATA1/lixinyue/xyli/data/LGVQ/videos/VideoCrafter/A bowl of hot soup is especially delicious on a cold winter day.mp4""}"
374,VideoCrafter/A bowl of ramen has delicious pork and seaweed.mp4,47.51,41.010047912597656,374,1,"[2, 6, 9, 14]","{""center_crop_fraction_of_short_side"": 0.65, ""container_reported_size_wh"": [256, 256], ""decoded_frames"": [{""center_crop_xywh"": [45, 45, 166, 166], ""decoded_size_wh"": [256, 256], ""frame_position"": 2, ""resize_output_size_wh"": [448, 448]}, {""center_crop_xywh"": [45, 45, 166, 166], ""decoded_size_wh"": [256, 256], ""frame_position"": 6, ""resize_output_size_wh"": [448, 448]}, {""center_crop_xywh"": [45, 45, 166, 166], ""decoded_size_wh"": [256, 256], ""frame_position"": 9, ""resize_output_size_wh"": [448, 448]}, {""center_crop_xywh"": [45, 45, 166, 166], ""decoded_size_wh"": [256, 256], ""frame_position"": 14, ""resize_output_size_wh"": [448, 448]}], ""processor_pixel_constraint"": {""max_pixels"": 200704, ""min_pixels"": 200704}, ""requested_frame_fractions"": [0.1, 0.37, 0.63, 0.9], ""resize_interpolation"": ""OpenCV INTER_AREA"", ""sample_id"": ""VideoCrafter/A bowl of ramen has delicious pork and seaweed.mp4"", ""selected_frame_positions"": [2, 6, 9, 14], ""source_file_bytes"": 450264, ""source_fps_used"": 8.0, ""source_frame_count"": 16, ""video_path"": ""/DATA/DATA1/lixinyue/xyli/data/LGVQ/videos/VideoCrafter/A bowl of ramen has delicious pork and seaweed.mp4""}"
375,VideoCrafter/A bowl of rich French onion soup emanates an enticing aroma.mp4,51.7,44.298126220703125,375,1,"[2, 6, 9, 14]","{""center_crop_fraction_of_short_side"": 0.65, ""container_reported_size_wh"": [256, 256], ""decoded_frames"": [{""center_crop_xywh"": [45, 45, 166, 166], ""decoded_size_wh"": [256, 256], ""frame_position"": 2, ""resize_output_size_wh"": [448, 448]}, {""center_crop_xywh"": [45, 45, 166, 166], ""decoded_size_wh"": [256, 256], ""frame_position"": 6, ""resize_output_size_wh"": [448, 448]}, {""center_crop_xywh"": [45, 45, 166, 166], ""decoded_size_wh"": [256, 256], ""frame_position"": 9, ""resize_output_size_wh"": [448, 448]}, {""center_crop_xywh"": [45, 45, 166, 166], ""decoded_size_wh"": [256, 256], ""frame_position"": 14, ""resize_output_size_wh"": [448, 448]}], ""processor_pixel_constraint"": {""max_pixels"": 200704, ""min_pixels"": 200704}, ""requested_frame_fractions"": [0.1, 0.37, 0.63, 0.9], ""resize_interpolation"": ""OpenCV INTER_AREA"", ""sample_id"": ""VideoCrafter/A bowl of rich French onion soup emanates an enticing aroma.mp4"", ""selected_frame_positions"": [2, 6, 9, 14], ""source_file_bytes"": 322936, ""source_fps_used"": 8.0, ""source_frame_count"": 16, ""video_path"": ""/DATA/DATA1/lixinyue/xyli/data/LGVQ/videos/VideoCrafter/A bowl of rich French onion soup emanates an enticing aroma.mp4""}"
376,VideoCrafter/A bowl of spicy Mexican chili is very delicious.mp4,59.64,42.45542907714844,376,1,"[2, 6, 9, 14]","{""center_crop_fraction_of_short_side"": 0.65, ""container_reported_size_wh"": [256, 256], ""decoded_frames"": [{""center_crop_xywh"": [45, 45, 166, 166], ""decoded_size_wh"": [256, 256], ""frame_position"": 2, ""resize_output_size_wh"": [448, 448]}, {""center_crop_xywh"": [45, 45, 166, 166], ""decoded_size_wh"": [256, 256], ""frame_position"": 6, ""resize_output_size_wh"": [448, 448]}, {""center_crop_xywh"": [45, 45, 166, 166], ""decoded_size_wh"": [256, 256], ""frame_position"": 9, ""resize_output_size_wh"": [448, 448]}, {""center_crop_xywh"": [45, 45, 166, 166], ""decoded_size_wh"": [256, 256], ""frame_position"": 14, ""resize_output_size_wh"": [448, 448]}], ""processor_pixel_constraint"": {""max_pixels"": 200704, ""min_pixels"": 200704}, ""requested_frame_fractions"": [0.1, 0.37, 0.63, 0.9], ""resize_interpolation"": ""OpenCV INTER_AREA"", ""sample_id"": ""VideoCrafter/A bowl of spicy Mexican chili is very delicious.mp4"", ""selected_frame_positions"": [2, 6, 9, 14], ""source_file_bytes"": 449924, ""source_fps_used"": 8.0, ""source_frame_count"": 16, ""video_path"": ""/DATA/DATA1/lixinyue/xyli/data/LGVQ/videos/VideoCrafter/A bowl of spicy Mexican chili is very delicious.mp4""}"
377,VideoCrafter/A butterfly gracefully dances among the flowers.mp4,46.12,40.56407165527344,377,1,"[2, 6, 9, 14]","{""center_crop_fraction_of_short_side"": 0.65, ""container_reported_size_wh"": [256, 256], ""decoded_frames"": [{""center_crop_xywh"": [45, 45, 166, 166], ""decoded_size_wh"": [256, 256], ""frame_position"": 2, ""resize_output_size_wh"": [448, 448]}, {""center_crop_xywh"": [45, 45, 166, 166], ""decoded_size_wh"": [256, 256], ""frame_position"": 6, ""resize_output_size_wh"": [448, 448]}, {""center_crop_xywh"": [45, 45, 166, 166], ""decoded_size_wh"": [256, 256], ""frame_position"": 9, ""resize_output_size_wh"": [448, 448]}, {""center_crop_xywh"": [45, 45, 166, 166], ""decoded_size_wh"": [256, 256], ""frame_position"": 14, ""resize_output_size_wh"": [448, 448]}], ""processor_pixel_constraint"": {""max_pixels"": 200704, ""min_pixels"": 200704}, ""requested_frame_fractions"": [0.1, 0.37, 0.63, 0.9], ""resize_interpolation"": ""OpenCV INTER_AREA"", ""sample_id"": ""VideoCrafter/A butterfly gracefully dances among the flowers.mp4"", ""selected_frame_positions"": [2, 6, 9, 14], ""source_file_bytes"": 426334, ""source_fps_used"": 8.0, ""source_frame_count"": 16, ""video_path"": ""/DATA/DATA1/lixinyue/xyli/data/LGVQ/videos/VideoCrafter/A butterfly gracefully dances among the flowers.mp4""}"
378,VideoCrafter/A cactus thrives in the harsh desert.mp4,49.18,48.92497634887695,378,1,"[2, 6, 9, 14]","{""center_crop_fraction_of_short_side"": 0.65, ""container_reported_size_wh"": [256, 256], ""decoded_frames"": [{""center_crop_xywh"": [45, 45, 166, 166], ""decoded_size_wh"": [256, 256], ""frame_position"": 2, ""resize_output_size_wh"": [448, 448]}, {""center_crop_xywh"": [45, 45, 166, 166], ""decoded_size_wh"": [256, 256], ""frame_position"": 6, ""resize_output_size_wh"": [448, 448]}, {""center_crop_xywh"": [45, 45, 166, 166], ""decoded_size_wh"": [256, 256], ""frame_position"": 9, ""resize_output_size_wh"": [448, 448]}, {""center_crop_xywh"": [45, 45, 166, 166], ""decoded_size_wh"": [256, 256], ""frame_position"": 14, ""resize_output_size_wh"": [448, 448]}], ""processor_pixel_constraint"": {""max_pixels"": 200704, ""min_pixels"": 200704}, ""requested_frame_fractions"": [0.1, 0.37, 0.63, 0.9], ""resize_interpolation"": ""OpenCV INTER_AREA"", ""sample_id"": ""VideoCrafter/A cactus thrives in the harsh desert.mp4"", ""selected_frame_positions"": [2, 6, 9, 14], ""source_file_bytes"": 384115, ""source_fps_used"": 8.0, ""source_frame_count"": 16, ""video_path"": ""/DATA/DATA1/lixinyue/xyli/data/LGVQ/videos/VideoCrafter/A cactus thrives in the harsh desert.mp4""}"
379,"VideoCrafter/A couple walks hand in hand on the beach, listening to the sound of the waves.mp4",43.36,44.19440460205078,379,1,"[2, 6, 9, 14]","{""center_crop_fraction_of_short_side"": 0.65, ""container_reported_size_wh"": [256, 256], ""decoded_frames"": [{""center_crop_xywh"": [45, 45, 166, 166], ""decoded_size_wh"": [256, 256], ""frame_position"": 2, ""resize_output_size_wh"": [448, 448]}, {""center_crop_xywh"": [45, 45, 166, 166], ""decoded_size_wh"": [256, 256], ""frame_position"": 6, ""resize_output_size_wh"": [448, 448]}, {""center_crop_xywh"": [45, 45, 166, 166], ""decoded_size_wh"": [256, 256], ""frame_position"": 9, ""resize_output_size_wh"": [448, 448]}, {""center_crop_xywh"": [45, 45, 166, 166], ""decoded_size_wh"": [256, 256], ""frame_position"": 14, ""resize_output_size_wh"": [448, 448]}], ""processor_pixel_constraint"": {""max_pixels"": 200704, ""min_pixels"": 200704}, ""requested_frame_fractions"": [0.1, 0.37, 0.63, 0.9], ""resize_interpolation"": ""OpenCV INTER_AREA"", ""sample_id"": ""VideoCrafter/A couple walks hand in hand on the beach, listening to the sound of the waves.mp4"", ""selected_frame_positions"": [2, 6, 9, 14], ""source_file_bytes"": 396720, ""source_fps_used"": 8.0, ""source_frame_count"": 16, ""video_path"": ""/DATA/DATA1/lixinyue/xyli/data/LGVQ/videos/VideoCrafter/A couple walks hand in hand on the beach, listening to the sound of the waves.mp4""}"
380,VideoCrafter/A cup of hot chocolate is fragrant.mp4,54.04,53.601593017578125,380,1,"[2, 6, 9, 14]","{""center_crop_fraction_of_short_side"": 0.65, ""container_reported_size_wh"": [256, 256], ""decoded_frames"": [{""center_crop_xywh"": [45, 45, 166, 166], ""decoded_size_wh"": [256, 256], ""frame_position"": 2, ""resize_output_size_wh"": [448, 448]}, {""center_crop_xywh"": [45, 45, 166, 166], ""decoded_size_wh"": [256, 256], ""frame_position"": 6, ""resize_output_size_wh"": [448, 448]}, {""center_crop_xywh"": [45, 45, 166, 166], ""decoded_size_wh"": [256, 256], ""frame_position"": 9, ""resize_output_size_wh"": [448, 448]}, {""center_crop_xywh"": [45, 45, 166, 166], ""decoded_size_wh"": [256, 256], ""frame_position"": 14, ""resize_output_size_wh"": [448, 448]}], ""processor_pixel_constraint"": {""max_pixels"": 200704, ""min_pixels"": 200704}, ""requested_frame_fractions"": [0.1, 0.37, 0.63, 0.9], ""resize_interpolation"": ""OpenCV INTER_AREA"", ""sample_id"": ""VideoCrafter/A cup of hot chocolate is fragrant.mp4"", ""selected_frame_positions"": [2, 6, 9, 14], ""source_file_bytes"": 240421, ""source_fps_used"": 8.0, ""source_frame_count"": 16, ""video_path"": ""/DATA/DATA1/lixinyue/xyli/data/LGVQ/videos/VideoCrafter/A cup of hot chocolate is fragrant.mp4""}"
381,VideoCrafter/A daffodil sways in the spring breeze.mp4,42.81,45.59416961669922,381,1,"[2, 6, 9, 14]","{""center_crop_fraction_of_short_side"": 0.65, ""container_reported_size_wh"": [256, 256], ""decoded_frames"": [{""center_crop_xywh"": [45, 45, 166, 166], ""decoded_size_wh"": [256, 256], ""frame_position"": 2, ""resize_output_size_wh"": [448, 448]}, {""center_crop_xywh"": [45, 45, 166, 166], ""decoded_size_wh"": [256, 256], ""frame_position"": 6, ""resize_output_size_wh"": [448, 448]}, {""center_crop_xywh"": [45, 45, 166, 166], ""decoded_size_wh"": [256, 256], ""frame_position"": 9, ""resize_output_size_wh"": [448, 448]}, {""center_crop_xywh"": [45, 45, 166, 166], ""decoded_size_wh"": [256, 256], ""frame_position"": 14, ""resize_output_size_wh"": [448, 448]}], ""processor_pixel_constraint"": {""max_pixels"": 200704, ""min_pixels"": 200704}, ""requested_frame_fractions"": [0.1, 0.37, 0.63, 0.9], ""resize_interpolation"": ""OpenCV INTER_AREA"", ""sample_id"": ""VideoCrafter/A daffodil sways in the spring breeze.mp4"", ""selected_frame_positions"": [2, 6, 9, 14], ""source_file_bytes"": 387640, ""source_fps_used"": 8.0, ""source_frame_count"": 16, ""video_path"": ""/DATA/DATA1/lixinyue/xyli/data/LGVQ/videos/VideoCrafter/A daffodil sways in the spring breeze.mp4""}"
382,VideoCrafter/A designer creates fashionable clothing designs.mp4,44.73,47.34375,382,1,"[2, 6, 9, 14]","{""center_crop_fraction_of_short_side"": 0.65, ""container_reported_size_wh"": [256, 256], ""decoded_frames"": [{""center_crop_xywh"": [45, 45, 166, 166], ""decoded_size_wh"": [256, 256], ""frame_position"": 2, ""resize_output_size_wh"": [448, 448]}, {""center_crop_xywh"": [45, 45, 166, 166], ""decoded_size_wh"": [256, 256], ""frame_position"": 6, ""resize_output_size_wh"": [448, 448]}, {""center_crop_xywh"": [45, 45, 166, 166], ""decoded_size_wh"": [256, 256], ""frame_position"": 9, ""resize_output_size_wh"": [448, 448]}, {""center_crop_xywh"": [45, 45, 166, 166], ""decoded_size_wh"": [256, 256], ""frame_position"": 14, ""resize_output_size_wh"": [448, 448]}], ""processor_pixel_constraint"": {""max_pixels"": 200704, ""min_pixels"": 200704}, ""requested_frame_fractions"": [0.1, 0.37, 0.63, 0.9], ""resize_interpolation"": ""OpenCV INTER_AREA"", ""sample_id"": ""VideoCrafter/A designer creates fashionable clothing designs.mp4"", ""selected_frame_positions"": [2, 6, 9, 14], ""source_file_bytes"": 456290, ""source_fps_used"": 8.0, ""source_frame_count"": 16, ""video_path"": ""/DATA/DATA1/lixinyue/xyli/data/LGVQ/videos/VideoCrafter/A designer creates fashionable clothing designs.mp4""}"
383,VideoCrafter/A diver is exploring the underwater world under the coral reef.mp4,32.67,45.7303581237793,383,1,"[2, 6, 9, 14]","{""center_crop_fraction_of_short_side"": 0.65, ""container_reported_size_wh"": [256, 256], ""decoded_frames"": [{""center_crop_xywh"": [45, 45, 166, 166], ""decoded_size_wh"": [256, 256], ""frame_position"": 2, ""resize_output_size_wh"": [448, 448]}, {""center_crop_xywh"": [45, 45, 166, 166], ""decoded_size_wh"": [256, 256], ""frame_position"": 6, ""resize_output_size_wh"": [448, 448]}, {""center_crop_xywh"": [45, 45, 166, 166], ""decoded_size_wh"": [256, 256], ""frame_position"": 9, ""resize_output_size_wh"": [448, 448]}, {""center_crop_xywh"": [45, 45, 166, 166], ""decoded_size_wh"": [256, 256], ""frame_position"": 14, ""resize_output_size_wh"": [448, 448]}], ""processor_pixel_constraint"": {""max_pixels"": 200704, ""min_pixels"": 200704}, ""requested_frame_fractions"": [0.1, 0.37, 0.63, 0.9], ""resize_interpolation"": ""OpenCV INTER_AREA"", ""sample_id"": ""VideoCrafter/A diver is exploring the underwater world under the coral reef.mp4"", ""selected_frame_positions"": [2, 6, 9, 14], ""source_file_bytes"": 676641, ""source_fps_used"": 8.0, ""source_frame_count"": 16, ""video_path"": ""/DATA/DATA1/lixinyue/xyli/data/LGVQ/videos/VideoCrafter/A diver is exploring the underwater world under the coral reef.mp4""}"
384,VideoCrafter/A doctor cares for patients in the hospital.mp4,45.81,53.12263107299805,384,1,"[2, 6, 9, 14]","{""center_crop_fraction_of_short_side"": 0.65, ""container_reported_size_wh"": [256, 256], ""decoded_frames"": [{""center_crop_xywh"": [45, 45, 166, 166], ""decoded_size_wh"": [256, 256], ""frame_position"": 2, ""resize_output_size_wh"": [448, 448]}, {""center_crop_xywh"": [45, 45, 166, 166], ""decoded_size_wh"": [256, 256], ""frame_position"": 6, ""resize_output_size_wh"": [448, 448]}, {""center_crop_xywh"": [45, 45, 166, 166], ""decoded_size_wh"": [256, 256], ""frame_position"": 9, ""resize_output_size_wh"": [448, 448]}, {""center_crop_xywh"": [45, 45, 166, 166], ""decoded_size_wh"": [256, 256], ""frame_position"": 14, ""resize_output_size_wh"": [448, 448]}], ""processor_pixel_constraint"": {""max_pixels"": 200704, ""min_pixels"": 200704}, ""requested_frame_fractions"": [0.1, 0.37, 0.63, 0.9], ""resize_interpolation"": ""OpenCV INTER_AREA"", ""sample_id"": ""VideoCrafter/A doctor cares for patients in the hospital.mp4"", ""selected_frame_positions"": [2, 6, 9, 14], ""source_file_bytes"": 320944, ""source_fps_used"": 8.0, ""source_frame_count"": 16, ""video_path"": ""/DATA/DATA1/lixinyue/xyli/data/LGVQ/videos/VideoCrafter/A doctor cares for patients in the hospital.mp4""}"
385,VideoCrafter/A doctor is carefully examining a patient's body.mp4,43.35,43.2602424621582,385,1,"[2, 6, 9, 14]","{""center_crop_fraction_of_short_side"": 0.65, ""container_reported_size_wh"": [256, 256], ""decoded_frames"": [{""center_crop_xywh"": [45, 45, 166, 166], ""decoded_size_wh"": [256, 256], ""frame_position"": 2, ""resize_output_size_wh"": [448, 448]}, {""center_crop_xywh"": [45, 45, 166, 166], ""decoded_size_wh"": [256, 256], ""frame_position"": 6, ""resize_output_size_wh"": [448, 448]}, {""center_crop_xywh"": [45, 45, 166, 166], ""decoded_size_wh"": [256, 256], ""frame_position"": 9, ""resize_output_size_wh"": [448, 448]}, {""center_crop_xywh"": [45, 45, 166, 166], ""decoded_size_wh"": [256, 256], ""frame_position"": 14, ""resize_output_size_wh"": [448, 448]}], ""processor_pixel_constraint"": {""max_pixels"": 200704, ""min_pixels"": 200704}, ""requested_frame_fractions"": [0.1, 0.37, 0.63, 0.9], ""resize_interpolation"": ""OpenCV INTER_AREA"", ""sample_id"": ""VideoCrafter/A doctor is carefully examining a patient's body.mp4"", ""selected_frame_positions"": [2, 6, 9, 14], ""source_file_bytes"": 490670, ""source_fps_used"": 8.0, ""source_frame_count"": 16, ""video_path"": ""/DATA/DATA1/lixinyue/xyli/data/LGVQ/videos/VideoCrafter/A doctor is carefully examining a patient's body.mp4""}"
386,VideoCrafter/A family goes to the movies on the weekend.mp4,47.7,50.97956848144531,386,1,"[2, 6, 9, 14]","{""center_crop_fraction_of_short_side"": 0.65, ""container_reported_size_wh"": [256, 256], ""decoded_frames"": [{""center_crop_xywh"": [45, 45, 166, 166], ""decoded_size_wh"": [256, 256], ""frame_position"": 2, ""resize_output_size_wh"": [448, 448]}, {""center_crop_xywh"": [45, 45, 166, 166], ""decoded_size_wh"": [256, 256], ""frame_position"": 6, ""resize_output_size_wh"": [448, 448]}, {""center_crop_xywh"": [45, 45, 166, 166], ""decoded_size_wh"": [256, 256], ""frame_position"": 9, ""resize_output_size_wh"": [448, 448]}, {""center_crop_xywh"": [45, 45, 166, 166], ""decoded_size_wh"": [256, 256], ""frame_position"": 14, ""resize_output_size_wh"": [448, 448]}], ""processor_pixel_constraint"": {""max_pixels"": 200704, ""min_pixels"": 200704}, ""requested_frame_fractions"": [0.1, 0.37, 0.63, 0.9], ""resize_interpolation"": ""OpenCV INTER_AREA"", ""sample_id"": ""VideoCrafter/A family goes to the movies on the weekend.mp4"", ""selected_frame_positions"": [2, 6, 9, 14], ""source_file_bytes"": 328797, ""source_fps_used"": 8.0, ""source_frame_count"": 16, ""video_path"": ""/DATA/DATA1/lixinyue/xyli/data/LGVQ/videos/VideoCrafter/A family goes to the movies on the weekend.mp4""}"
387,VideoCrafter/A field of dandelions lines the side of a rural road.mp4,66.25,48.450904846191406,387,1,"[2, 6, 9, 14]","{""center_crop_fraction_of_short_side"": 0.65, ""container_reported_size_wh"": [256, 256], ""decoded_frames"": [{""center_crop_xywh"": [45, 45, 166, 166], ""decoded_size_wh"": [256, 256], ""frame_position"": 2, ""resize_output_size_wh"": [448, 448]}, {""center_crop_xywh"": [45, 45, 166, 166], ""decoded_size_wh"": [256, 256], ""frame_position"": 6, ""resize_output_size_wh"": [448, 448]}, {""center_crop_xywh"": [45, 45, 166, 166], ""decoded_size_wh"": [256, 256], ""frame_position"": 9, ""resize_output_size_wh"": [448, 448]}, {""center_crop_xywh"": [45, 45, 166, 166], ""decoded_size_wh"": [256, 256], ""frame_position"": 14, ""resize_output_size_wh"": [448, 448]}], ""processor_pixel_constraint"": {""max_pixels"": 200704, ""min_pixels"": 200704}, ""requested_frame_fractions"": [0.1, 0.37, 0.63, 0.9], ""resize_interpolation"": ""OpenCV INTER_AREA"", ""sample_id"": ""VideoCrafter/A field of dandelions lines the side of a rural road.mp4"", ""selected_frame_positions"": [2, 6, 9, 14], ""source_file_bytes"": 572179, ""source_fps_used"": 8.0, ""source_frame_count"": 16, ""video_path"": ""/DATA/DATA1/lixinyue/xyli/data/LGVQ/videos/VideoCrafter/A field of dandelions lines the side of a rural road.mp4""}"
388,VideoCrafter/A golden field of wheat sways gently in the breeze.mp4,48.29,49.25331115722656,388,1,"[2, 6, 9, 14]","{""center_crop_fraction_of_short_side"": 0.65, ""container_reported_size_wh"": [256, 256], ""decoded_frames"": [{""center_crop_xywh"": [45, 45, 166, 166], ""decoded_size_wh"": [256, 256], ""frame_position"": 2, ""resize_output_size_wh"": [448, 448]}, {""center_crop_xywh"": [45, 45, 166, 166], ""decoded_size_wh"": [256, 256], ""frame_position"": 6, ""resize_output_size_wh"": [448, 448]}, {""center_crop_xywh"": [45, 45, 166, 166], ""decoded_size_wh"": [256, 256], ""frame_position"": 9, ""resize_output_size_wh"": [448, 448]}, {""center_crop_xywh"": [45, 45, 166, 166], ""decoded_size_wh"": [256, 256], ""frame_position"": 14, ""resize_output_size_wh"": [448, 448]}], ""processor_pixel_constraint"": {""max_pixels"": 200704, ""min_pixels"": 200704}, ""requested_frame_fractions"": [0.1, 0.37, 0.63, 0.9], ""resize_interpolation"": ""OpenCV INTER_AREA"", ""sample_id"": ""VideoCrafter/A golden field of wheat sways gently in the breeze.mp4"", ""selected_frame_positions"": [2, 6, 9, 14], ""source_file_bytes"": 497121, ""source_fps_used"": 8.0, ""source_frame_count"": 16, ""video_path"": ""/DATA/DATA1/lixinyue/xyli/data/LGVQ/videos/VideoCrafter/A golden field of wheat sways gently in the breeze.mp4""}"
389,VideoCrafter/A group of villagers wash clothes by the stream.mp4,50.43,47.454551696777344,389,1,"[2, 6, 9, 14]","{""center_crop_fraction_of_short_side"": 0.65, ""container_reported_size_wh"": [256, 256], ""decoded_frames"": [{""center_crop_xywh"": [45, 45, 166, 166], ""decoded_size_wh"": [256, 256], ""frame_position"": 2, ""resize_output_size_wh"": [448, 448]}, {""center_crop_xywh"": [45, 45, 166, 166], ""decoded_size_wh"": [256, 256], ""frame_position"": 6, ""resize_output_size_wh"": [448, 448]}, {""center_crop_xywh"": [45, 45, 166, 166], ""decoded_size_wh"": [256, 256], ""frame_position"": 9, ""resize_output_size_wh"": [448, 448]}, {""center_crop_xywh"": [45, 45, 166, 166], ""decoded_size_wh"": [256, 256], ""frame_position"": 14, ""resize_output_size_wh"": [448, 448]}], ""processor_pixel_constraint"": {""max_pixels"": 200704, ""min_pixels"": 200704}, ""requested_frame_fractions"": [0.1, 0.37, 0.63, 0.9], ""resize_interpolation"": ""OpenCV INTER_AREA"", ""sample_id"": ""VideoCrafter/A group of villagers wash clothes by the stream.mp4"", ""selected_frame_positions"": [2, 6, 9, 14], ""source_file_bytes"": 500360, ""source_fps_used"": 8.0, ""source_frame_count"": 16, ""video_path"": ""/DATA/DATA1/lixinyue/xyli/data/LGVQ/videos/VideoCrafter/A group of villagers wash clothes by the stream.mp4""}"
390,VideoCrafter/A hippo leisurely floats in the water.mp4,40.51,43.442840576171875,390,1,"[2, 6, 9, 14]","{""center_crop_fraction_of_short_side"": 0.65, ""container_reported_size_wh"": [256, 256], ""decoded_frames"": [{""center_crop_xywh"": [45, 45, 166, 166], ""decoded_size_wh"": [256, 256], ""frame_position"": 2, ""resize_output_size_wh"": [448, 448]}, {""center_crop_xywh"": [45, 45, 166, 166], ""decoded_size_wh"": [256, 256], ""frame_position"": 6, ""resize_output_size_wh"": [448, 448]}, {""center_crop_xywh"": [45, 45, 166, 166], ""decoded_size_wh"": [256, 256], ""frame_position"": 9, ""resize_output_size_wh"": [448, 448]}, {""center_crop_xywh"": [45, 45, 166, 166], ""decoded_size_wh"": [256, 256], ""frame_position"": 14, ""resize_output_size_wh"": [448, 448]}], ""processor_pixel_constraint"": {""max_pixels"": 200704, ""min_pixels"": 200704}, ""requested_frame_fractions"": [0.1, 0.37, 0.63, 0.9], ""resize_interpolation"": ""OpenCV INTER_AREA"", ""sample_id"": ""VideoCrafter/A hippo leisurely floats in the water.mp4"", ""selected_frame_positions"": [2, 6, 9, 14], ""source_file_bytes"": 399866, ""source_fps_used"": 8.0, ""source_frame_count"": 16, ""video_path"": ""/DATA/DATA1/lixinyue/xyli/data/LGVQ/videos/VideoCrafter/A hippo leisurely floats in the water.mp4""}"
391,VideoCrafter/A kangaroo jumps across the Australian desert.mp4,40.84,49.48517608642578,391,1,"[2, 6, 9, 14]","{""center_crop_fraction_of_short_side"": 0.65, ""container_reported_size_wh"": [256, 256], ""decoded_frames"": [{""center_crop_xywh"": [45, 45, 166, 166], ""decoded_size_wh"": [256, 256], ""frame_position"": 2, ""resize_output_size_wh"": [448, 448]}, {""center_crop_xywh"": [45, 45, 166, 166], ""decoded_size_wh"": [256, 256], ""frame_position"": 6, ""resize_output_size_wh"": [448, 448]}, {""center_crop_xywh"": [45, 45, 166, 166], ""decoded_size_wh"": [256, 256], ""frame_position"": 9, ""resize_output_size_wh"": [448, 448]}, {""center_crop_xywh"": [45, 45, 166, 166], ""decoded_size_wh"": [256, 256], ""frame_position"": 14, ""resize_output_size_wh"": [448, 448]}], ""processor_pixel_constraint"": {""max_pixels"": 200704, ""min_pixels"": 200704}, ""requested_frame_fractions"": [0.1, 0.37, 0.63, 0.9], ""resize_interpolation"": ""OpenCV INTER_AREA"", ""sample_id"": ""VideoCrafter/A kangaroo jumps across the Australian desert.mp4"", ""selected_frame_positions"": [2, 6, 9, 14], ""source_file_bytes"": 403762, ""source_fps_used"": 8.0, ""source_frame_count"": 16, ""video_path"": ""/DATA/DATA1/lixinyue/xyli/data/LGVQ/videos/VideoCrafter/A kangaroo jumps across the Australian desert.mp4""}"
392,VideoCrafter/A lotus leaf floats on a serene pond.mp4,54.09,43.79237365722656,392,1,"[2, 6, 9, 14]","{""center_crop_fraction_of_short_side"": 0.65, ""container_reported_size_wh"": [256, 256], ""decoded_frames"": [{""center_crop_xywh"": [45, 45, 166, 166], ""decoded_size_wh"": [256, 256], ""frame_position"": 2, ""resize_output_size_wh"": [448, 448]}, {""center_crop_xywh"": [45, 45, 166, 166], ""decoded_size_wh"": [256, 256], ""frame_position"": 6, ""resize_output_size_wh"": [448, 448]}, {""center_crop_xywh"": [45, 45, 166, 166], ""decoded_size_wh"": [256, 256], ""frame_position"": 9, ""resize_output_size_wh"": [448, 448]}, {""center_crop_xywh"": [45, 45, 166, 166], ""decoded_size_wh"": [256, 256], ""frame_position"": 14, ""resize_output_size_wh"": [448, 448]}], ""processor_pixel_constraint"": {""max_pixels"": 200704, ""min_pixels"": 200704}, ""requested_frame_fractions"": [0.1, 0.37, 0.63, 0.9], ""resize_interpolation"": ""OpenCV INTER_AREA"", ""sample_id"": ""VideoCrafter/A lotus leaf floats on a serene pond.mp4"", ""selected_frame_positions"": [2, 6, 9, 14], ""source_file_bytes"": 375121, ""source_fps_used"": 8.0, ""source_frame_count"": 16, ""video_path"": ""/DATA/DATA1/lixinyue/xyli/data/LGVQ/videos/VideoCrafter/A lotus leaf floats on a serene pond.mp4""}"
393,VideoCrafter/A milkshake is garnished with fresh strawberries and cream.mp4,54.47,40.12007141113281,393,1,"[2, 6, 9, 14]","{""center_crop_fraction_of_short_side"": 0.65, ""container_reported_size_wh"": [256, 256], ""decoded_frames"": [{""center_crop_xywh"": [45, 45, 166, 166], ""decoded_size_wh"": [256, 256], ""frame_position"": 2, ""resize_output_size_wh"": [448, 448]}, {""center_crop_xywh"": [45, 45, 166, 166], ""decoded_size_wh"": [256, 256], ""frame_position"": 6, ""resize_output_size_wh"": [448, 448]}, {""center_crop_xywh"": [45, 45, 166, 166], ""decoded_size_wh"": [256, 256], ""frame_position"": 9, ""resize_output_size_wh"": [448, 448]}, {""center_crop_xywh"": [45, 45, 166, 166], ""decoded_size_wh"": [256, 256], ""frame_position"": 14, ""resize_output_size_wh"": [448, 448]}], ""processor_pixel_constraint"": {""max_pixels"": 200704, ""min_pixels"": 200704}, ""requested_frame_fractions"": [0.1, 0.37, 0.63, 0.9], ""resize_interpolation"": ""OpenCV INTER_AREA"", ""sample_id"": ""VideoCrafter/A milkshake is garnished with fresh strawberries and cream.mp4"", ""selected_frame_positions"": [2, 6, 9, 14], ""source_file_bytes"": 344702, ""source_fps_used"": 8.0, ""source_frame_count"": 16, ""video_path"": ""/DATA/DATA1/lixinyue/xyli/data/LGVQ/videos/VideoCrafter/A milkshake is garnished with fresh strawberries and cream.mp4""}"
394,VideoCrafter/A painter showcases their art on an outdoor gallery.mp4,48.8,42.29290008544922,394,1,"[2, 6, 9, 14]","{""center_crop_fraction_of_short_side"": 0.65, ""container_reported_size_wh"": [256, 256], ""decoded_frames"": [{""center_crop_xywh"": [45, 45, 166, 166], ""decoded_size_wh"": [256, 256], ""frame_position"": 2, ""resize_output_size_wh"": [448, 448]}, {""center_crop_xywh"": [45, 45, 166, 166], ""decoded_size_wh"": [256, 256], ""frame_position"": 6, ""resize_output_size_wh"": [448, 448]}, {""center_crop_xywh"": [45, 45, 166, 166], ""decoded_size_wh"": [256, 256], ""frame_position"": 9, ""resize_output_size_wh"": [448, 448]}, {""center_crop_xywh"": [45, 45, 166, 166], ""decoded_size_wh"": [256, 256], ""frame_position"": 14, ""resize_output_size_wh"": [448, 448]}], ""processor_pixel_constraint"": {""max_pixels"": 200704, ""min_pixels"": 200704}, ""requested_frame_fractions"": [0.1, 0.37, 0.63, 0.9], ""resize_interpolation"": ""OpenCV INTER_AREA"", ""sample_id"": ""VideoCrafter/A painter showcases their art on an outdoor gallery.mp4"", ""selected_frame_positions"": [2, 6, 9, 14], ""source_file_bytes"": 476797, ""source_fps_used"": 8.0, ""source_frame_count"": 16, ""video_path"": ""/DATA/DATA1/lixinyue/xyli/data/LGVQ/videos/VideoCrafter/A painter showcases their art on an outdoor gallery.mp4""}"
395,VideoCrafter/A peony blooms with snow-white petals.mp4,52.88,56.90455627441406,395,1,"[2, 6, 9, 14]","{""center_crop_fraction_of_short_side"": 0.65, ""container_reported_size_wh"": [256, 256], ""decoded_frames"": [{""center_crop_xywh"": [45, 45, 166, 166], ""decoded_size_wh"": [256, 256], ""frame_position"": 2, ""resize_output_size_wh"": [448, 448]}, {""center_crop_xywh"": [45, 45, 166, 166], ""decoded_size_wh"": [256, 256], ""frame_position"": 6, ""resize_output_size_wh"": [448, 448]}, {""center_crop_xywh"": [45, 45, 166, 166], ""decoded_size_wh"": [256, 256], ""frame_position"": 9, ""resize_output_size_wh"": [448, 448]}, {""center_crop_xywh"": [45, 45, 166, 166], ""decoded_size_wh"": [256, 256], ""frame_position"": 14, ""resize_output_size_wh"": [448, 448]}], ""processor_pixel_constraint"": {""max_pixels"": 200704, ""min_pixels"": 200704}, ""requested_frame_fractions"": [0.1, 0.37, 0.63, 0.9], ""resize_interpolation"": ""OpenCV INTER_AREA"", ""sample_id"": ""VideoCrafter/A peony blooms with snow-white petals.mp4"", ""selected_frame_positions"": [2, 6, 9, 14], ""source_file_bytes"": 340735, ""source_fps_used"": 8.0, ""source_frame_count"": 16, ""video_path"": ""/DATA/DATA1/lixinyue/xyli/data/LGVQ/videos/VideoCrafter/A peony blooms with snow-white petals.mp4""}"
396,VideoCrafter/A pet owner walks their dog in the park.mp4,40.78,48.389183044433594,396,1,"[2, 6, 9, 14]","{""center_crop_fraction_of_short_side"": 0.65, ""container_reported_size_wh"": [256, 256], ""decoded_frames"": [{""center_crop_xywh"": [45, 45, 166, 166], ""decoded_size_wh"": [256, 256], ""frame_position"": 2, ""resize_output_size_wh"": [448, 448]}, {""center_crop_xywh"": [45, 45, 166, 166], ""decoded_size_wh"": [256, 256], ""frame_position"": 6, ""resize_output_size_wh"": [448, 448]}, {""center_crop_xywh"": [45, 45, 166, 166], ""decoded_size_wh"": [256, 256], ""frame_position"": 9, ""resize_output_size_wh"": [448, 448]}, {""center_crop_xywh"": [45, 45, 166, 166], ""decoded_size_wh"": [256, 256], ""frame_position"": 14, ""resize_output_size_wh"": [448, 448]}], ""processor_pixel_constraint"": {""max_pixels"": 200704, ""min_pixels"": 200704}, ""requested_frame_fractions"": [0.1, 0.37, 0.63, 0.9], ""resize_interpolation"": ""OpenCV INTER_AREA"", ""sample_id"": ""VideoCrafter/A pet owner walks their dog in the park.mp4"", ""selected_frame_positions"": [2, 6, 9, 14], ""source_file_bytes"": 464604, ""source_fps_used"": 8.0, ""source_frame_count"": 16, ""video_path"": ""/DATA/DATA1/lixinyue/xyli/data/LGVQ/videos/VideoCrafter/A pet owner walks their dog in the park.mp4""}"
397,VideoCrafter/A photographer captures the neon lights of the city.mp4,47.63,42.75478744506836,397,1,"[2, 6, 9, 14]","{""center_crop_fraction_of_short_side"": 0.65, ""container_reported_size_wh"": [256, 256], ""decoded_frames"": [{""center_crop_xywh"": [45, 45, 166, 166], ""decoded_size_wh"": [256, 256], ""frame_position"": 2, ""resize_output_size_wh"": [448, 448]}, {""center_crop_xywh"": [45, 45, 166, 166], ""decoded_size_wh"": [256, 256], ""frame_position"": 6, ""resize_output_size_wh"": [448, 448]}, {""center_crop_xywh"": [45, 45, 166, 166], ""decoded_size_wh"": [256, 256], ""frame_position"": 9, ""resize_output_size_wh"": [448, 448]}, {""center_crop_xywh"": [45, 45, 166, 166], ""decoded_size_wh"": [256, 256], ""frame_position"": 14, ""resize_output_size_wh"": [448, 448]}], ""processor_pixel_constraint"": {""max_pixels"": 200704, ""min_pixels"": 200704}, ""requested_frame_fractions"": [0.1, 0.37, 0.63, 0.9], ""resize_interpolation"": ""OpenCV INTER_AREA"", ""sample_id"": ""VideoCrafter/A photographer captures the neon lights of the city.mp4"", ""selected_frame_positions"": [2, 6, 9, 14], ""source_file_bytes"": 337864, ""source_fps_used"": 8.0, ""source_frame_count"": 16, ""video_path"": ""/DATA/DATA1/lixinyue/xyli/data/LGVQ/videos/VideoCrafter/A photographer captures the neon lights of the city.mp4""}"
398,VideoCrafter/A piece of French bread is spread with butter.mp4,39.44,45.07685089111328,398,1,"[2, 6, 9, 14]","{""center_crop_fraction_of_short_side"": 0.65, ""container_reported_size_wh"": [256, 256], ""decoded_frames"": [{""center_crop_xywh"": [45, 45, 166, 166], ""decoded_size_wh"": [256, 256], ""frame_position"": 2, ""resize_output_size_wh"": [448, 448]}, {""center_crop_xywh"": [45, 45, 166, 166], ""decoded_size_wh"": [256, 256], ""frame_position"": 6, ""resize_output_size_wh"": [448, 448]}, {""center_crop_xywh"": [45, 45, 166, 166], ""decoded_size_wh"": [256, 256], ""frame_position"": 9, ""resize_output_size_wh"": [448, 448]}, {""center_crop_xywh"": [45, 45, 166, 166], ""decoded_size_wh"": [256, 256], ""frame_position"": 14, ""resize_output_size_wh"": [448, 448]}], ""processor_pixel_constraint"": {""max_pixels"": 200704, ""min_pixels"": 200704}, ""requested_frame_fractions"": [0.1, 0.37, 0.63, 0.9], ""resize_interpolation"": ""OpenCV INTER_AREA"", ""sample_id"": ""VideoCrafter/A piece of French bread is spread with butter.mp4"", ""selected_frame_positions"": [2, 6, 9, 14], ""source_file_bytes"": 333608, ""source_fps_used"": 8.0, ""source_frame_count"": 16, ""video_path"": ""/DATA/DATA1/lixinyue/xyli/data/LGVQ/videos/VideoCrafter/A piece of French bread is spread with butter.mp4""}"
399,VideoCrafter/A piece of cheesecake is covered with blueberry sauce.mp4,61.11,46.952980041503906,399,1,"[2, 6, 9, 14]","{""center_crop_fraction_of_short_side"": 0.65, ""container_reported_size_wh"": [256, 256], ""decoded_frames"": [{""center_crop_xywh"": [45, 45, 166, 166], ""decoded_size_wh"": [256, 256], ""frame_position"": 2, ""resize_output_size_wh"": [448, 448]}, {""center_crop_xywh"": [45, 45, 166, 166], ""decoded_size_wh"": [256, 256], ""frame_position"": 6, ""resize_output_size_wh"": [448, 448]}, {""center_crop_xywh"": [45, 45, 166, 166], ""decoded_size_wh"": [256, 256], ""frame_position"": 9, ""resize_output_size_wh"": [448, 448]}, {""center_crop_xywh"": [45, 45, 166, 166], ""decoded_size_wh"": [256, 256], ""frame_position"": 14, ""resize_output_size_wh"": [448, 448]}], ""processor_pixel_constraint"": {""max_pixels"": 200704, ""min_pixels"": 200704}, ""requested_frame_fractions"": [0.1, 0.37, 0.63, 0.9], ""resize_interpolation"": ""OpenCV INTER_AREA"", ""sample_id"": ""VideoCrafter/A piece of cheesecake is covered with blueberry sauce.mp4"", ""selected_frame_positions"": [2, 6, 9, 14], ""source_file_bytes"": 336265, ""source_fps_used"": 8.0, ""source_frame_count"": 16, ""video_path"": ""/DATA/DATA1/lixinyue/xyli/data/LGVQ/videos/VideoCrafter/A piece of cheesecake is covered with blueberry sauce.mp4""}"
400,VideoCrafter/A pizza is topped with Italian sausage and mushrooms.mp4,54.51,47.36324691772461,400,1,"[2, 6, 9, 14]","{""center_crop_fraction_of_short_side"": 0.65, ""container_reported_size_wh"": [256, 256], ""decoded_frames"": [{""center_crop_xywh"": [45, 45, 166, 166], ""decoded_size_wh"": [256, 256], ""frame_position"": 2, ""resize_output_size_wh"": [448, 448]}, {""center_crop_xywh"": [45, 45, 166, 166], ""decoded_size_wh"": [256, 256], ""frame_position"": 6, ""resize_output_size_wh"": [448, 448]}, {""center_crop_xywh"": [45, 45, 166, 166], ""decoded_size_wh"": [256, 256], ""frame_position"": 9, ""resize_output_size_wh"": [448, 448]}, {""center_crop_xywh"": [45, 45, 166, 166], ""decoded_size_wh"": [256, 256], ""frame_position"": 14, ""resize_output_size_wh"": [448, 448]}], ""processor_pixel_constraint"": {""max_pixels"": 200704, ""min_pixels"": 200704}, ""requested_frame_fractions"": [0.1, 0.37, 0.63, 0.9], ""resize_interpolation"": ""OpenCV INTER_AREA"", ""sample_id"": ""VideoCrafter/A pizza is topped with Italian sausage and mushrooms.mp4"", ""selected_frame_positions"": [2, 6, 9, 14], ""source_file_bytes"": 483015, ""source_fps_used"": 8.0, ""source_frame_count"": 16, ""video_path"": ""/DATA/DATA1/lixinyue/xyli/data/LGVQ/videos/VideoCrafter/A pizza is topped with Italian sausage and mushrooms.mp4""}"
401,VideoCrafter/A purple bellflower opens in the sunlight.mp4,58.29,51.742393493652344,401,1,"[2, 6, 9, 14]","{""center_crop_fraction_of_short_side"": 0.65, ""container_reported_size_wh"": [256, 256], ""decoded_frames"": [{""center_crop_xywh"": [45, 45, 166, 166], ""decoded_size_wh"": [256, 256], ""frame_position"": 2, ""resize_output_size_wh"": [448, 448]}, {""center_crop_xywh"": [45, 45, 166, 166], ""decoded_size_wh"": [256, 256], ""frame_position"": 6, ""resize_output_size_wh"": [448, 448]}, {""center_crop_xywh"": [45, 45, 166, 166], ""decoded_size_wh"": [256, 256], ""frame_position"": 9, ""resize_output_size_wh"": [448, 448]}, {""center_crop_xywh"": [45, 45, 166, 166], ""decoded_size_wh"": [256, 256], ""frame_position"": 14, ""resize_output_size_wh"": [448, 448]}], ""processor_pixel_constraint"": {""max_pixels"": 200704, ""min_pixels"": 200704}, ""requested_frame_fractions"": [0.1, 0.37, 0.63, 0.9], ""resize_interpolation"": ""OpenCV INTER_AREA"", ""sample_id"": ""VideoCrafter/A purple bellflower opens in the sunlight.mp4"", ""selected_frame_positions"": [2, 6, 9, 14], ""source_file_bytes"": 342353, ""source_fps_used"": 8.0, ""source_frame_count"": 16, ""video_path"": ""/DATA/DATA1/lixinyue/xyli/data/LGVQ/videos/VideoCrafter/A purple bellflower opens in the sunlight.mp4""}"
402,VideoCrafter/A roasted cod fish is garnished with fresh herbs.mp4,66.38,40.259422302246094,402,1,"[2, 6, 9, 14]","{""center_crop_fraction_of_short_side"": 0.65, ""container_reported_size_wh"": [256, 256], ""decoded_frames"": [{""center_crop_xywh"": [45, 45, 166, 166], ""decoded_size_wh"": [256, 256], ""frame_position"": 2, ""resize_output_size_wh"": [448, 448]}, {""center_crop_xywh"": [45, 45, 166, 166], ""decoded_size_wh"": [256, 256], ""frame_position"": 6, ""resize_output_size_wh"": [448, 448]}, {""center_crop_xywh"": [45, 45, 166, 166], ""decoded_size_wh"": [256, 256], ""frame_position"": 9, ""resize_output_size_wh"": [448, 448]}, {""center_crop_xywh"": [45, 45, 166, 166], ""decoded_size_wh"": [256, 256], ""frame_position"": 14, ""resize_output_size_wh"": [448, 448]}], ""processor_pixel_constraint"": {""max_pixels"": 200704, ""min_pixels"": 200704}, ""requested_frame_fractions"": [0.1, 0.37, 0.63, 0.9], ""resize_interpolation"": ""OpenCV INTER_AREA"", ""sample_id"": ""VideoCrafter/A roasted cod fish is garnished with fresh herbs.mp4"", ""selected_frame_positions"": [2, 6, 9, 14], ""source_file_bytes"": 559165, ""source_fps_used"": 8.0, ""source_frame_count"": 16, ""video_path"": ""/DATA/DATA1/lixinyue/xyli/data/LGVQ/videos/VideoCrafter/A roasted cod fish is garnished with fresh herbs.mp4""}"
403,VideoCrafter/A roasted salmon is presented on a plate.mp4,51.59,37.63853454589844,403,1,"[2, 6, 9, 14]","{""center_crop_fraction_of_short_side"": 0.65, ""container_reported_size_wh"": [256, 256], ""decoded_frames"": [{""center_crop_xywh"": [45, 45, 166, 166], ""decoded_size_wh"": [256, 256], ""frame_position"": 2, ""resize_output_size_wh"": [448, 448]}, {""center_crop_xywh"": [45, 45, 166, 166], ""decoded_size_wh"": [256, 256], ""frame_position"": 6, ""resize_output_size_wh"": [448, 448]}, {""center_crop_xywh"": [45, 45, 166, 166], ""decoded_size_wh"": [256, 256], ""frame_position"": 9, ""resize_output_size_wh"": [448, 448]}, {""center_crop_xywh"": [45, 45, 166, 166], ""decoded_size_wh"": [256, 256], ""frame_position"": 14, ""resize_output_size_wh"": [448, 448]}], ""processor_pixel_constraint"": {""max_pixels"": 200704, ""min_pixels"": 200704}, ""requested_frame_fractions"": [0.1, 0.37, 0.63, 0.9], ""resize_interpolation"": ""OpenCV INTER_AREA"", ""sample_id"": ""VideoCrafter/A roasted salmon is presented on a plate.mp4"", ""selected_frame_positions"": [2, 6, 9, 14], ""source_file_bytes"": 422232, ""source_fps_used"": 8.0, ""source_frame_count"": 16, ""video_path"": ""/DATA/DATA1/lixinyue/xyli/data/LGVQ/videos/VideoCrafter/A roasted salmon is presented on a plate.mp4""}"
404,VideoCrafter/A salad is sprinkled with nuts and fruits.mp4,39.45,41.297088623046875,404,1,"[2, 6, 9, 14]","{""center_crop_fraction_of_short_side"": 0.65, ""container_reported_size_wh"": [256, 256], ""decoded_frames"": [{""center_crop_xywh"": [45, 45, 166, 166], ""decoded_size_wh"": [256, 256], ""frame_position"": 2, ""resize_output_size_wh"": [448, 448]}, {""center_crop_xywh"": [45, 45, 166, 166], ""decoded_size_wh"": [256, 256], ""frame_position"": 6, ""resize_output_size_wh"": [448, 448]}, {""center_crop_xywh"": [45, 45, 166, 166], ""decoded_size_wh"": [256, 256], ""frame_position"": 9, ""resize_output_size_wh"": [448, 448]}, {""center_crop_xywh"": [45, 45, 166, 166], ""decoded_size_wh"": [256, 256], ""frame_position"": 14, ""resize_output_size_wh"": [448, 448]}], ""processor_pixel_constraint"": {""max_pixels"": 200704, ""min_pixels"": 200704}, ""requested_frame_fractions"": [0.1, 0.37, 0.63, 0.9], ""resize_interpolation"": ""OpenCV INTER_AREA"", ""sample_id"": ""VideoCrafter/A salad is sprinkled with nuts and fruits.mp4"", ""selected_frame_positions"": [2, 6, 9, 14], ""source_file_bytes"": 463354, ""source_fps_used"": 8.0, ""source_frame_count"": 16, ""video_path"": ""/DATA/DATA1/lixinyue/xyli/data/LGVQ/videos/VideoCrafter/A salad is sprinkled with nuts and fruits.mp4""}"
405,VideoCrafter/A sausage is grilled slightly crispy on the barbecue.mp4,54.16,46.496368408203125,405,1,"[2, 6, 9, 14]","{""center_crop_fraction_of_short_side"": 0.65, ""container_reported_size_wh"": [256, 256], ""decoded_frames"": [{""center_crop_xywh"": [45, 45, 166, 166], ""decoded_size_wh"": [256, 256], ""frame_position"": 2, ""resize_output_size_wh"": [448, 448]}, {""center_crop_xywh"": [45, 45, 166, 166], ""decoded_size_wh"": [256, 256], ""frame_position"": 6, ""resize_output_size_wh"": [448, 448]}, {""center_crop_xywh"": [45, 45, 166, 166], ""decoded_size_wh"": [256, 256], ""frame_position"": 9, ""resize_output_size_wh"": [448, 448]}, {""center_crop_xywh"": [45, 45, 166, 166], ""decoded_size_wh"": [256, 256], ""frame_position"": 14, ""resize_output_size_wh"": [448, 448]}], ""processor_pixel_constraint"": {""max_pixels"": 200704, ""min_pixels"": 200704}, ""requested_frame_fractions"": [0.1, 0.37, 0.63, 0.9], ""resize_interpolation"": ""OpenCV INTER_AREA"", ""sample_id"": ""VideoCrafter/A sausage is grilled slightly crispy on the barbecue.mp4"", ""selected_frame_positions"": [2, 6, 9, 14], ""source_file_bytes"": 456819, ""source_fps_used"": 8.0, ""source_frame_count"": 16, ""video_path"": ""/DATA/DATA1/lixinyue/xyli/data/LGVQ/videos/VideoCrafter/A sausage is grilled slightly crispy on the barbecue.mp4""}"
406,VideoCrafter/A skier enjoys the thrill of skiing on a snowy mountain.mp4,62.04,41.13384246826172,406,1,"[2, 6, 9, 14]","{""center_crop_fraction_of_short_side"": 0.65, ""container_reported_size_wh"": [256, 256], ""decoded_frames"": [{""center_crop_xywh"": [45, 45, 166, 166], ""decoded_size_wh"": [256, 256], ""frame_position"": 2, ""resize_output_size_wh"": [448, 448]}, {""center_crop_xywh"": [45, 45, 166, 166], ""decoded_size_wh"": [256, 256], ""frame_position"": 6, ""resize_output_size_wh"": [448, 448]}, {""center_crop_xywh"": [45, 45, 166, 166], ""decoded_size_wh"": [256, 256], ""frame_position"": 9, ""resize_output_size_wh"": [448, 448]}, {""center_crop_xywh"": [45, 45, 166, 166], ""decoded_size_wh"": [256, 256], ""frame_position"": 14, ""resize_output_size_wh"": [448, 448]}], ""processor_pixel_constraint"": {""max_pixels"": 200704, ""min_pixels"": 200704}, ""requested_frame_fractions"": [0.1, 0.37, 0.63, 0.9], ""resize_interpolation"": ""OpenCV INTER_AREA"", ""sample_id"": ""VideoCrafter/A skier enjoys the thrill of skiing on a snowy mountain.mp4"", ""selected_frame_positions"": [2, 6, 9, 14], ""source_file_bytes"": 367945, ""source_fps_used"": 8.0, ""source_frame_count"": 16, ""video_path"": ""/DATA/DATA1/lixinyue/xyli/data/LGVQ/videos/VideoCrafter/A skier enjoys the thrill of skiing on a snowy mountain.mp4""}"
407,VideoCrafter/A slice of French chocolate mousse cake brings sweet delight.mp4,58.55,44.91002655029297,407,1,"[2, 6, 9, 14]","{""center_crop_fraction_of_short_side"": 0.65, ""container_reported_size_wh"": [256, 256], ""decoded_frames"": [{""center_crop_xywh"": [45, 45, 166, 166], ""decoded_size_wh"": [256, 256], ""frame_position"": 2, ""resize_output_size_wh"": [448, 448]}, {""center_crop_xywh"": [45, 45, 166, 166], ""decoded_size_wh"": [256, 256], ""frame_position"": 6, ""resize_output_size_wh"": [448, 448]}, {""center_crop_xywh"": [45, 45, 166, 166], ""decoded_size_wh"": [256, 256], ""frame_position"": 9, ""resize_output_size_wh"": [448, 448]}, {""center_crop_xywh"": [45, 45, 166, 166], ""decoded_size_wh"": [256, 256], ""frame_position"": 14, ""resize_output_size_wh"": [448, 448]}], ""processor_pixel_constraint"": {""max_pixels"": 200704, ""min_pixels"": 200704}, ""requested_frame_fractions"": [0.1, 0.37, 0.63, 0.9], ""resize_interpolation"": ""OpenCV INTER_AREA"", ""sample_id"": ""VideoCrafter/A slice of French chocolate mousse cake brings sweet delight.mp4"", ""selected_frame_positions"": [2, 6, 9, 14], ""source_file_bytes"": 338588, ""source_fps_used"": 8.0, ""source_frame_count"": 16, ""video_path"": ""/DATA/DATA1/lixinyue/xyli/data/LGVQ/videos/VideoCrafter/A slice of French chocolate mousse cake brings sweet delight.mp4""}"
408,VideoCrafter/A tennis player elegantly slid on the grass court.mp4,42.24,44.26691436767578,408,1,"[2, 6, 9, 14]","{""center_crop_fraction_of_short_side"": 0.65, ""container_reported_size_wh"": [256, 256], ""decoded_frames"": [{""center_crop_xywh"": [45, 45, 166, 166], ""decoded_size_wh"": [256, 256], ""frame_position"": 2, ""resize_output_size_wh"": [448, 448]}, {""center_crop_xywh"": [45, 45, 166, 166], ""decoded_size_wh"": [256, 256], ""frame_position"": 6, ""resize_output_size_wh"": [448, 448]}, {""center_crop_xywh"": [45, 45, 166, 166], ""decoded_size_wh"": [256, 256], ""frame_position"": 9, ""resize_output_size_wh"": [448, 448]}, {""center_crop_xywh"": [45, 45, 166, 166], ""decoded_size_wh"": [256, 256], ""frame_position"": 14, ""resize_output_size_wh"": [448, 448]}], ""processor_pixel_constraint"": {""max_pixels"": 200704, ""min_pixels"": 200704}, ""requested_frame_fractions"": [0.1, 0.37, 0.63, 0.9], ""resize_interpolation"": ""OpenCV INTER_AREA"", ""sample_id"": ""VideoCrafter/A tennis player elegantly slid on the grass court.mp4"", ""selected_frame_positions"": [2, 6, 9, 14], ""source_file_bytes"": 411238, ""source_fps_used"": 8.0, ""source_frame_count"": 16, ""video_path"": ""/DATA/DATA1/lixinyue/xyli/data/LGVQ/videos/VideoCrafter/A tennis player elegantly slid on the grass court.mp4""}"
409,VideoCrafter/A tennis player made spectacular plays at the net.mp4,32.68,45.54560470581055,409,1,"[2, 6, 9, 14]","{""center_crop_fraction_of_short_side"": 0.65, ""container_reported_size_wh"": [256, 256], ""decoded_frames"": [{""center_crop_xywh"": [45, 45, 166, 166], ""decoded_size_wh"": [256, 256], ""frame_position"": 2, ""resize_output_size_wh"": [448, 448]}, {""center_crop_xywh"": [45, 45, 166, 166], ""decoded_size_wh"": [256, 256], ""frame_position"": 6, ""resize_output_size_wh"": [448, 448]}, {""center_crop_xywh"": [45, 45, 166, 166], ""decoded_size_wh"": [256, 256], ""frame_position"": 9, ""resize_output_size_wh"": [448, 448]}, {""center_crop_xywh"": [45, 45, 166, 166], ""decoded_size_wh"": [256, 256], ""frame_position"": 14, ""resize_output_size_wh"": [448, 448]}], ""processor_pixel_constraint"": {""max_pixels"": 200704, ""min_pixels"": 200704}, ""requested_frame_fractions"": [0.1, 0.37, 0.63, 0.9], ""resize_interpolation"": ""OpenCV INTER_AREA"", ""sample_id"": ""VideoCrafter/A tennis player made spectacular plays at the net.mp4"", ""selected_frame_positions"": [2, 6, 9, 14], ""source_file_bytes"": 359254, ""source_fps_used"": 8.0, ""source_frame_count"": 16, ""video_path"": ""/DATA/DATA1/lixinyue/xyli/data/LGVQ/videos/VideoCrafter/A tennis player made spectacular plays at the net.mp4""}"
410,VideoCrafter/A thin pancake is spread with butter and maple syrup.mp4,54.27,42.599361419677734,410,1,"[2, 6, 9, 14]","{""center_crop_fraction_of_short_side"": 0.65, ""container_reported_size_wh"": [256, 256], ""decoded_frames"": [{""center_crop_xywh"": [45, 45, 166, 166], ""decoded_size_wh"": [256, 256], ""frame_position"": 2, ""resize_output_size_wh"": [448, 448]}, {""center_crop_xywh"": [45, 45, 166, 166], ""decoded_size_wh"": [256, 256], ""frame_position"": 6, ""resize_output_size_wh"": [448, 448]}, {""center_crop_xywh"": [45, 45, 166, 166], ""decoded_size_wh"": [256, 256], ""frame_position"": 9, ""resize_output_size_wh"": [448, 448]}, {""center_crop_xywh"": [45, 45, 166, 166], ""decoded_size_wh"": [256, 256], ""frame_position"": 14, ""resize_output_size_wh"": [448, 448]}], ""processor_pixel_constraint"": {""max_pixels"": 200704, ""min_pixels"": 200704}, ""requested_frame_fractions"": [0.1, 0.37, 0.63, 0.9], ""resize_interpolation"": ""OpenCV INTER_AREA"", ""sample_id"": ""VideoCrafter/A thin pancake is spread with butter and maple syrup.mp4"", ""selected_frame_positions"": [2, 6, 9, 14], ""source_file_bytes"": 617575, ""source_fps_used"": 8.0, ""source_frame_count"": 16, ""video_path"": ""/DATA/DATA1/lixinyue/xyli/data/LGVQ/videos/VideoCrafter/A thin pancake is spread with butter and maple syrup.mp4""}"
411,VideoCrafter/A water skier created splashes on the lake.mp4,48.78,42.898048400878906,411,1,"[2, 6, 9, 14]","{""center_crop_fraction_of_short_side"": 0.65, ""container_reported_size_wh"": [256, 256], ""decoded_frames"": [{""center_crop_xywh"": [45, 45, 166, 166], ""decoded_size_wh"": [256, 256], ""frame_position"": 2, ""resize_output_size_wh"": [448, 448]}, {""center_crop_xywh"": [45, 45, 166, 166], ""decoded_size_wh"": [256, 256], ""frame_position"": 6, ""resize_output_size_wh"": [448, 448]}, {""center_crop_xywh"": [45, 45, 166, 166], ""decoded_size_wh"": [256, 256], ""frame_position"": 9, ""resize_output_size_wh"": [448, 448]}, {""center_crop_xywh"": [45, 45, 166, 166], ""decoded_size_wh"": [256, 256], ""frame_position"": 14, ""resize_output_size_wh"": [448, 448]}], ""processor_pixel_constraint"": {""max_pixels"": 200704, ""min_pixels"": 200704}, ""requested_frame_fractions"": [0.1, 0.37, 0.63, 0.9], ""resize_interpolation"": ""OpenCV INTER_AREA"", ""sample_id"": ""VideoCrafter/A water skier created splashes on the lake.mp4"", ""selected_frame_positions"": [2, 6, 9, 14], ""source_file_bytes"": 478886, ""source_fps_used"": 8.0, ""source_frame_count"": 16, ""video_path"": ""/DATA/DATA1/lixinyue/xyli/data/LGVQ/videos/VideoCrafter/A water skier created splashes on the lake.mp4""}"
412,"VideoCrafter/A waterfall cascades gracefully, resembling a silver thread.mp4",58.05,42.996150970458984,412,1,"[2, 6, 9, 14]","{""center_crop_fraction_of_short_side"": 0.65, ""container_reported_size_wh"": [256, 256], ""decoded_frames"": [{""center_crop_xywh"": [45, 45, 166, 166], ""decoded_size_wh"": [256, 256], ""frame_position"": 2, ""resize_output_size_wh"": [448, 448]}, {""center_crop_xywh"": [45, 45, 166, 166], ""decoded_size_wh"": [256, 256], ""frame_position"": 6, ""resize_output_size_wh"": [448, 448]}, {""center_crop_xywh"": [45, 45, 166, 166], ""decoded_size_wh"": [256, 256], ""frame_position"": 9, ""resize_output_size_wh"": [448, 448]}, {""center_crop_xywh"": [45, 45, 166, 166], ""decoded_size_wh"": [256, 256], ""frame_position"": 14, ""resize_output_size_wh"": [448, 448]}], ""processor_pixel_constraint"": {""max_pixels"": 200704, ""min_pixels"": 200704}, ""requested_frame_fractions"": [0.1, 0.37, 0.63, 0.9], ""resize_interpolation"": ""OpenCV INTER_AREA"", ""sample_id"": ""VideoCrafter/A waterfall cascades gracefully, resembling a silver thread.mp4"", ""selected_frame_positions"": [2, 6, 9, 14], ""source_file_bytes"": 515984, ""source_fps_used"": 8.0, ""source_frame_count"": 16, ""video_path"": ""/DATA/DATA1/lixinyue/xyli/data/LGVQ/videos/VideoCrafter/A waterfall cascades gracefully, resembling a silver thread.mp4""}"
413,VideoCrafter/A wheat field sways gracefully in the gentle breeze.mp4,54.33,55.48536682128906,413,1,"[2, 6, 9, 14]","{""center_crop_fraction_of_short_side"": 0.65, ""container_reported_size_wh"": [256, 256], ""decoded_frames"": [{""center_crop_xywh"": [45, 45, 166, 166], ""decoded_size_wh"": [256, 256], ""frame_position"": 2, ""resize_output_size_wh"": [448, 448]}, {""center_crop_xywh"": [45, 45, 166, 166], ""decoded_size_wh"": [256, 256], ""frame_position"": 6, ""resize_output_size_wh"": [448, 448]}, {""center_crop_xywh"": [45, 45, 166, 166], ""decoded_size_wh"": [256, 256], ""frame_position"": 9, ""resize_output_size_wh"": [448, 448]}, {""center_crop_xywh"": [45, 45, 166, 166], ""decoded_size_wh"": [256, 256], ""frame_position"": 14, ""resize_output_size_wh"": [448, 448]}], ""processor_pixel_constraint"": {""max_pixels"": 200704, ""min_pixels"": 200704}, ""requested_frame_fractions"": [0.1, 0.37, 0.63, 0.9], ""resize_interpolation"": ""OpenCV INTER_AREA"", ""sample_id"": ""VideoCrafter/A wheat field sways gracefully in the gentle breeze.mp4"", ""selected_frame_positions"": [2, 6, 9, 14], ""source_file_bytes"": 352881, ""source_fps_used"": 8.0, ""source_frame_count"": 16, ""video_path"": ""/DATA/DATA1/lixinyue/xyli/data/LGVQ/videos/VideoCrafter/A wheat field sways gracefully in the gentle breeze.mp4""}"
414,VideoCrafter/A white orchid grows in a potted plant.mp4,52.81,59.74237823486328,414,1,"[2, 6, 9, 14]","{""center_crop_fraction_of_short_side"": 0.65, ""container_reported_size_wh"": [256, 256], ""decoded_frames"": [{""center_crop_xywh"": [45, 45, 166, 166], ""decoded_size_wh"": [256, 256], ""frame_position"": 2, ""resize_output_size_wh"": [448, 448]}, {""center_crop_xywh"": [45, 45, 166, 166], ""decoded_size_wh"": [256, 256], ""frame_position"": 6, ""resize_output_size_wh"": [448, 448]}, {""center_crop_xywh"": [45, 45, 166, 166], ""decoded_size_wh"": [256, 256], ""frame_position"": 9, ""resize_output_size_wh"": [448, 448]}, {""center_crop_xywh"": [45, 45, 166, 166], ""decoded_size_wh"": [256, 256], ""frame_position"": 14, ""resize_output_size_wh"": [448, 448]}], ""processor_pixel_constraint"": {""max_pixels"": 200704, ""min_pixels"": 200704}, ""requested_frame_fractions"": [0.1, 0.37, 0.63, 0.9], ""resize_interpolation"": ""OpenCV INTER_AREA"", ""sample_id"": ""VideoCrafter/A white orchid grows in a potted plant.mp4"", ""selected_frame_positions"": [2, 6, 9, 14], ""source_file_bytes"": 297089, ""source_fps_used"": 8.0, ""source_frame_count"": 16, ""video_path"": ""/DATA/DATA1/lixinyue/xyli/data/LGVQ/videos/VideoCrafter/A white orchid grows in a potted plant.mp4""}"
415,"VideoCrafter/A writer sits at a desk, crafting a new novel.mp4",47.35,47.85314178466797,415,1,"[2, 6, 9, 14]","{""center_crop_fraction_of_short_side"": 0.65, ""container_reported_size_wh"": [256, 256], ""decoded_frames"": [{""center_crop_xywh"": [45, 45, 166, 166], ""decoded_size_wh"": [256, 256], ""frame_position"": 2, ""resize_output_size_wh"": [448, 448]}, {""center_crop_xywh"": [45, 45, 166, 166], ""decoded_size_wh"": [256, 256], ""frame_position"": 6, ""resize_output_size_wh"": [448, 448]}, {""center_crop_xywh"": [45, 45, 166, 166], ""decoded_size_wh"": [256, 256], ""frame_position"": 9, ""resize_output_size_wh"": [448, 448]}, {""center_crop_xywh"": [45, 45, 166, 166], ""decoded_size_wh"": [256, 256], ""frame_position"": 14, ""resize_output_size_wh"": [448, 448]}], ""processor_pixel_constraint"": {""max_pixels"": 200704, ""min_pixels"": 200704}, ""requested_frame_fractions"": [0.1, 0.37, 0.63, 0.9], ""resize_interpolation"": ""OpenCV INTER_AREA"", ""sample_id"": ""VideoCrafter/A writer sits at a desk, crafting a new novel.mp4"", ""selected_frame_positions"": [2, 6, 9, 14], ""source_file_bytes"": 291524, ""source_fps_used"": 8.0, ""source_frame_count"": 16, ""video_path"": ""/DATA/DATA1/lixinyue/xyli/data/LGVQ/videos/VideoCrafter/A writer sits at a desk, crafting a new novel.mp4""}"
416,VideoCrafter/An adorable little cat is napping on the windowsill.mp4,36.65,44.625343322753906,416,1,"[2, 6, 9, 14]","{""center_crop_fraction_of_short_side"": 0.65, ""container_reported_size_wh"": [256, 256], ""decoded_frames"": [{""center_crop_xywh"": [45, 45, 166, 166], ""decoded_size_wh"": [256, 256], ""frame_position"": 2, ""resize_output_size_wh"": [448, 448]}, {""center_crop_xywh"": [45, 45, 166, 166], ""decoded_size_wh"": [256, 256], ""frame_position"": 6, ""resize_output_size_wh"": [448, 448]}, {""center_crop_xywh"": [45, 45, 166, 166], ""decoded_size_wh"": [256, 256], ""frame_position"": 9, ""resize_output_size_wh"": [448, 448]}, {""center_crop_xywh"": [45, 45, 166, 166], ""decoded_size_wh"": [256, 256], ""frame_position"": 14, ""resize_output_size_wh"": [448, 448]}], ""processor_pixel_constraint"": {""max_pixels"": 200704, ""min_pixels"": 200704}, ""requested_frame_fractions"": [0.1, 0.37, 0.63, 0.9], ""resize_interpolation"": ""OpenCV INTER_AREA"", ""sample_id"": ""VideoCrafter/An adorable little cat is napping on the windowsill.mp4"", ""selected_frame_positions"": [2, 6, 9, 14], ""source_file_bytes"": 291803, ""source_fps_used"": 8.0, ""source_frame_count"": 16, ""video_path"": ""/DATA/DATA1/lixinyue/xyli/data/LGVQ/videos/VideoCrafter/An adorable little cat is napping on the windowsill.mp4""}"
417,VideoCrafter/An ancient church is a landmark in the village.mp4,42.64,45.336448669433594,417,1,"[2, 6, 9, 14]","{""center_crop_fraction_of_short_side"": 0.65, ""container_reported_size_wh"": [256, 256], ""decoded_frames"": [{""center_crop_xywh"": [45, 45, 166, 166], ""decoded_size_wh"": [256, 256], ""frame_position"": 2, ""resize_output_size_wh"": [448, 448]}, {""center_crop_xywh"": [45, 45, 166, 166], ""decoded_size_wh"": [256, 256], ""frame_position"": 6, ""resize_output_size_wh"": [448, 448]}, {""center_crop_xywh"": [45, 45, 166, 166], ""decoded_size_wh"": [256, 256], ""frame_position"": 9, ""resize_output_size_wh"": [448, 448]}, {""center_crop_xywh"": [45, 45, 166, 166], ""decoded_size_wh"": [256, 256], ""frame_position"": 14, ""resize_output_size_wh"": [448, 448]}], ""processor_pixel_constraint"": {""max_pixels"": 200704, ""min_pixels"": 200704}, ""requested_frame_fractions"": [0.1, 0.37, 0.63, 0.9], ""resize_interpolation"": ""OpenCV INTER_AREA"", ""sample_id"": ""VideoCrafter/An ancient church is a landmark in the village.mp4"", ""selected_frame_positions"": [2, 6, 9, 14], ""source_file_bytes"": 506773, ""source_fps_used"": 8.0, ""source_frame_count"": 16, ""video_path"": ""/DATA/DATA1/lixinyue/xyli/data/LGVQ/videos/VideoCrafter/An ancient church is a landmark in the village.mp4""}"
418,VideoCrafter/An explorer searches for adventure in the forest.mp4,40.9,46.697723388671875,418,1,"[2, 6, 9, 14]","{""center_crop_fraction_of_short_side"": 0.65, ""container_reported_size_wh"": [256, 256], ""decoded_frames"": [{""center_crop_xywh"": [45, 45, 166, 166], ""decoded_size_wh"": [256, 256], ""frame_position"": 2, ""resize_output_size_wh"": [448, 448]}, {""center_crop_xywh"": [45, 45, 166, 166], ""decoded_size_wh"": [256, 256], ""frame_position"": 6, ""resize_output_size_wh"": [448, 448]}, {""center_crop_xywh"": [45, 45, 166, 166], ""decoded_size_wh"": [256, 256], ""frame_position"": 9, ""resize_output_size_wh"": [448, 448]}, {""center_crop_xywh"": [45, 45, 166, 166], ""decoded_size_wh"": [256, 256], ""frame_position"": 14, ""resize_output_size_wh"": [448, 448]}], ""processor_pixel_constraint"": {""max_pixels"": 200704, ""min_pixels"": 200704}, ""requested_frame_fractions"": [0.1, 0.37, 0.63, 0.9], ""resize_interpolation"": ""OpenCV INTER_AREA"", ""sample_id"": ""VideoCrafter/An explorer searches for adventure in the forest.mp4"", ""selected_frame_positions"": [2, 6, 9, 14], ""source_file_bytes"": 570271, ""source_fps_used"": 8.0, ""source_frame_count"": 16, ""video_path"": ""/DATA/DATA1/lixinyue/xyli/data/LGVQ/videos/VideoCrafter/An explorer searches for adventure in the forest.mp4""}"
419,VideoCrafter/An orchid blooms with deep purple flowers.mp4,53.02,60.96358108520508,419,1,"[2, 6, 9, 14]","{""center_crop_fraction_of_short_side"": 0.65, ""container_reported_size_wh"": [256, 256], ""decoded_frames"": [{""center_crop_xywh"": [45, 45, 166, 166], ""decoded_size_wh"": [256, 256], ""frame_position"": 2, ""resize_output_size_wh"": [448, 448]}, {""center_crop_xywh"": [45, 45, 166, 166], ""decoded_size_wh"": [256, 256], ""frame_position"": 6, ""resize_output_size_wh"": [448, 448]}, {""center_crop_xywh"": [45, 45, 166, 166], ""decoded_size_wh"": [256, 256], ""frame_position"": 9, ""resize_output_size_wh"": [448, 448]}, {""center_crop_xywh"": [45, 45, 166, 166], ""decoded_size_wh"": [256, 256], ""frame_position"": 14, ""resize_output_size_wh"": [448, 448]}], ""processor_pixel_constraint"": {""max_pixels"": 200704, ""min_pixels"": 200704}, ""requested_frame_fractions"": [0.1, 0.37, 0.63, 0.9], ""resize_interpolation"": ""OpenCV INTER_AREA"", ""sample_id"": ""VideoCrafter/An orchid blooms with deep purple flowers.mp4"", ""selected_frame_positions"": [2, 6, 9, 14], ""source_file_bytes"": 422285, ""source_fps_used"": 8.0, ""source_frame_count"": 16, ""video_path"": ""/DATA/DATA1/lixinyue/xyli/data/LGVQ/videos/VideoCrafter/An orchid blooms with deep purple flowers.mp4""}"
420,"VideoCrafter/Blue skies and fluffy clouds, ever-changing shapes like poetry.mp4",64.84,42.27570724487305,420,1,"[2, 6, 9, 14]","{""center_crop_fraction_of_short_side"": 0.65, ""container_reported_size_wh"": [256, 256], ""decoded_frames"": [{""center_crop_xywh"": [45, 45, 166, 166], ""decoded_size_wh"": [256, 256], ""frame_position"": 2, ""resize_output_size_wh"": [448, 448]}, {""center_crop_xywh"": [45, 45, 166, 166], ""decoded_size_wh"": [256, 256], ""frame_position"": 6, ""resize_output_size_wh"": [448, 448]}, {""center_crop_xywh"": [45, 45, 166, 166], ""decoded_size_wh"": [256, 256], ""frame_position"": 9, ""resize_output_size_wh"": [448, 448]}, {""center_crop_xywh"": [45, 45, 166, 166], ""decoded_size_wh"": [256, 256], ""frame_position"": 14, ""resize_output_size_wh"": [448, 448]}], ""processor_pixel_constraint"": {""max_pixels"": 200704, ""min_pixels"": 200704}, ""requested_frame_fractions"": [0.1, 0.37, 0.63, 0.9], ""resize_interpolation"": ""OpenCV INTER_AREA"", ""sample_id"": ""VideoCrafter/Blue skies and fluffy clouds, ever-changing shapes like poetry.mp4"", ""selected_frame_positions"": [2, 6, 9, 14], ""source_file_bytes"": 414174, ""source_fps_used"": 8.0, ""source_frame_count"": 16, ""video_path"": ""/DATA/DATA1/lixinyue/xyli/data/LGVQ/videos/VideoCrafter/Blue skies and fluffy clouds, ever-changing shapes like poetry.mp4""}"
421,VideoCrafter/Cherry trees in the orchard are filled with red fruit.mp4,63.64,45.84616470336914,421,1,"[2, 6, 9, 14]","{""center_crop_fraction_of_short_side"": 0.65, ""container_reported_size_wh"": [256, 256], ""decoded_frames"": [{""center_crop_xywh"": [45, 45, 166, 166], ""decoded_size_wh"": [256, 256], ""frame_position"": 2, ""resize_output_size_wh"": [448, 448]}, {""center_crop_xywh"": [45, 45, 166, 166], ""decoded_size_wh"": [256, 256], ""frame_position"": 6, ""resize_output_size_wh"": [448, 448]}, {""center_crop_xywh"": [45, 45, 166, 166], ""decoded_size_wh"": [256, 256], ""frame_position"": 9, ""resize_output_size_wh"": [448, 448]}, {""center_crop_xywh"": [45, 45, 166, 166], ""decoded_size_wh"": [256, 256], ""frame_position"": 14, ""resize_output_size_wh"": [448, 448]}], ""processor_pixel_constraint"": {""max_pixels"": 200704, ""min_pixels"": 200704}, ""requested_frame_fractions"": [0.1, 0.37, 0.63, 0.9], ""resize_interpolation"": ""OpenCV INTER_AREA"", ""sample_id"": ""VideoCrafter/Cherry trees in the orchard are filled with red fruit.mp4"", ""selected_frame_positions"": [2, 6, 9, 14], ""source_file_bytes"": 408096, ""source_fps_used"": 8.0, ""source_frame_count"": 16, ""video_path"": ""/DATA/DATA1/lixinyue/xyli/data/LGVQ/videos/VideoCrafter/Cherry trees in the orchard are filled with red fruit.mp4""}"
422,VideoCrafter/Children dig sandcastles on the beach.mp4,45.41,44.74127197265625,422,1,"[2, 6, 9, 14]","{""center_crop_fraction_of_short_side"": 0.65, ""container_reported_size_wh"": [256, 256], ""decoded_frames"": [{""center_crop_xywh"": [45, 45, 166, 166], ""decoded_size_wh"": [256, 256], ""frame_position"": 2, ""resize_output_size_wh"": [448, 448]}, {""center_crop_xywh"": [45, 45, 166, 166], ""decoded_size_wh"": [256, 256], ""frame_position"": 6, ""resize_output_size_wh"": [448, 448]}, {""center_crop_xywh"": [45, 45, 166, 166], ""decoded_size_wh"": [256, 256], ""frame_position"": 9, ""resize_output_size_wh"": [448, 448]}, {""center_crop_xywh"": [45, 45, 166, 166], ""decoded_size_wh"": [256, 256], ""frame_position"": 14, ""resize_output_size_wh"": [448, 448]}], ""processor_pixel_constraint"": {""max_pixels"": 200704, ""min_pixels"": 200704}, ""requested_frame_fractions"": [0.1, 0.37, 0.63, 0.9], ""resize_interpolation"": ""OpenCV INTER_AREA"", ""sample_id"": ""VideoCrafter/Children dig sandcastles on the beach.mp4"", ""selected_frame_positions"": [2, 6, 9, 14], ""source_file_bytes"": 502611, ""source_fps_used"": 8.0, ""source_frame_count"": 16, ""video_path"": ""/DATA/DATA1/lixinyue/xyli/data/LGVQ/videos/VideoCrafter/Children dig sandcastles on the beach.mp4""}"
423,VideoCrafter/Crocodiles swim leisurely in the lake.mp4,36.89,39.80368423461914,423,1,"[2, 6, 9, 14]","{""center_crop_fraction_of_short_side"": 0.65, ""container_reported_size_wh"": [256, 256], ""decoded_frames"": [{""center_crop_xywh"": [45, 45, 166, 166], ""decoded_size_wh"": [256, 256], ""frame_position"": 2, ""resize_output_size_wh"": [448, 448]}, {""center_crop_xywh"": [45, 45, 166, 166], ""decoded_size_wh"": [256, 256], ""frame_position"": 6, ""resize_output_size_wh"": [448, 448]}, {""center_crop_xywh"": [45, 45, 166, 166], ""decoded_size_wh"": [256, 256], ""frame_position"": 9, ""resize_output_size_wh"": [448, 448]}, {""center_crop_xywh"": [45, 45, 166, 166], ""decoded_size_wh"": [256, 256], ""frame_position"": 14, ""resize_output_size_wh"": [448, 448]}], ""processor_pixel_constraint"": {""max_pixels"": 200704, ""min_pixels"": 200704}, ""requested_frame_fractions"": [0.1, 0.37, 0.63, 0.9], ""resize_interpolation"": ""OpenCV INTER_AREA"", ""sample_id"": ""VideoCrafter/Crocodiles swim leisurely in the lake.mp4"", ""selected_frame_positions"": [2, 6, 9, 14], ""source_file_bytes"": 420413, ""source_fps_used"": 8.0, ""source_frame_count"": 16, ""video_path"": ""/DATA/DATA1/lixinyue/xyli/data/LGVQ/videos/VideoCrafter/Crocodiles swim leisurely in the lake.mp4""}"
424,VideoCrafter/Great white sharks swim majestically in the depths of the ocean.mp4,42.31,37.642051696777344,424,1,"[2, 6, 9, 14]","{""center_crop_fraction_of_short_side"": 0.65, ""container_reported_size_wh"": [256, 256], ""decoded_frames"": [{""center_crop_xywh"": [45, 45, 166, 166], ""decoded_size_wh"": [256, 256], ""frame_position"": 2, ""resize_output_size_wh"": [448, 448]}, {""center_crop_xywh"": [45, 45, 166, 166], ""decoded_size_wh"": [256, 256], ""frame_position"": 6, ""resize_output_size_wh"": [448, 448]}, {""center_crop_xywh"": [45, 45, 166, 166], ""decoded_size_wh"": [256, 256], ""frame_position"": 9, ""resize_output_size_wh"": [448, 448]}, {""center_crop_xywh"": [45, 45, 166, 166], ""decoded_size_wh"": [256, 256], ""frame_position"": 14, ""resize_output_size_wh"": [448, 448]}], ""processor_pixel_constraint"": {""max_pixels"": 200704, ""min_pixels"": 200704}, ""requested_frame_fractions"": [0.1, 0.37, 0.63, 0.9], ""resize_interpolation"": ""OpenCV INTER_AREA"", ""sample_id"": ""VideoCrafter/Great white sharks swim majestically in the depths of the ocean.mp4"", ""selected_frame_positions"": [2, 6, 9, 14], ""source_file_bytes"": 406711, ""source_fps_used"": 8.0, ""source_frame_count"": 16, ""video_path"": ""/DATA/DATA1/lixinyue/xyli/data/LGVQ/videos/VideoCrafter/Great white sharks swim majestically in the depths of the ocean.mp4""}"
425,"VideoCrafter/In a rugby match, players vied for possession of the rugby ball.mp4",35.41,42.060821533203125,425,1,"[2, 6, 9, 14]","{""center_crop_fraction_of_short_side"": 0.65, ""container_reported_size_wh"": [256, 256], ""decoded_frames"": [{""center_crop_xywh"": [45, 45, 166, 166], ""decoded_size_wh"": [256, 256], ""frame_position"": 2, ""resize_output_size_wh"": [448, 448]}, {""center_crop_xywh"": [45, 45, 166, 166], ""decoded_size_wh"": [256, 256], ""frame_position"": 6, ""resize_output_size_wh"": [448, 448]}, {""center_crop_xywh"": [45, 45, 166, 166], ""decoded_size_wh"": [256, 256], ""frame_position"": 9, ""resize_output_size_wh"": [448, 448]}, {""center_crop_xywh"": [45, 45, 166, 166], ""decoded_size_wh"": [256, 256], ""frame_position"": 14, ""resize_output_size_wh"": [448, 448]}], ""processor_pixel_constraint"": {""max_pixels"": 200704, ""min_pixels"": 200704}, ""requested_frame_fractions"": [0.1, 0.37, 0.63, 0.9], ""resize_interpolation"": ""OpenCV INTER_AREA"", ""sample_id"": ""VideoCrafter/In a rugby match, players vied for possession of the rugby ball.mp4"", ""selected_frame_positions"": [2, 6, 9, 14], ""source_file_bytes"": 434698, ""source_fps_used"": 8.0, ""source_frame_count"": 16, ""video_path"": ""/DATA/DATA1/lixinyue/xyli/data/LGVQ/videos/VideoCrafter/In a rugby match, players vied for possession of the rugby ball.mp4""}"
426,"VideoCrafter/In front of a farmhouse, there is a swing.mp4",51.76,44.62413024902344,426,1,"[2, 6, 9, 14]","{""center_crop_fraction_of_short_side"": 0.65, ""container_reported_size_wh"": [256, 256], ""decoded_frames"": [{""center_crop_xywh"": [45, 45, 166, 166], ""decoded_size_wh"": [256, 256], ""frame_position"": 2, ""resize_output_size_wh"": [448, 448]}, {""center_crop_xywh"": [45, 45, 166, 166], ""decoded_size_wh"": [256, 256], ""frame_position"": 6, ""resize_output_size_wh"": [448, 448]}, {""center_crop_xywh"": [45, 45, 166, 166], ""decoded_size_wh"": [256, 256], ""frame_position"": 9, ""resize_output_size_wh"": [448, 448]}, {""center_crop_xywh"": [45, 45, 166, 166], ""decoded_size_wh"": [256, 256], ""frame_position"": 14, ""resize_output_size_wh"": [448, 448]}], ""processor_pixel_constraint"": {""max_pixels"": 200704, ""min_pixels"": 200704}, ""requested_frame_fractions"": [0.1, 0.37, 0.63, 0.9], ""resize_interpolation"": ""OpenCV INTER_AREA"", ""sample_id"": ""VideoCrafter/In front of a farmhouse, there is a swing.mp4"", ""selected_frame_positions"": [2, 6, 9, 14], ""source_file_bytes"": 541651, ""source_fps_used"": 8.0, ""source_frame_count"": 16, ""video_path"": ""/DATA/DATA1/lixinyue/xyli/data/LGVQ/videos/VideoCrafter/In front of a farmhouse, there is a swing.mp4""}"
427,VideoCrafter/Military aircraft are neatly lined up on the military base.mp4,43.58,45.677391052246094,427,1,"[2, 6, 9, 14]","{""center_crop_fraction_of_short_side"": 0.65, ""container_reported_size_wh"": [256, 256], ""decoded_frames"": [{""center_crop_xywh"": [45, 45, 166, 166], ""decoded_size_wh"": [256, 256], ""frame_position"": 2, ""resize_output_size_wh"": [448, 448]}, {""center_crop_xywh"": [45, 45, 166, 166], ""decoded_size_wh"": [256, 256], ""frame_position"": 6, ""resize_output_size_wh"": [448, 448]}, {""center_crop_xywh"": [45, 45, 166, 166], ""decoded_size_wh"": [256, 256], ""frame_position"": 9, ""resize_output_size_wh"": [448, 448]}, {""center_crop_xywh"": [45, 45, 166, 166], ""decoded_size_wh"": [256, 256], ""frame_position"": 14, ""resize_output_size_wh"": [448, 448]}], ""processor_pixel_constraint"": {""max_pixels"": 200704, ""min_pixels"": 200704}, ""requested_frame_fractions"": [0.1, 0.37, 0.63, 0.9], ""resize_interpolation"": ""OpenCV INTER_AREA"", ""sample_id"": ""VideoCrafter/Military aircraft are neatly lined up on the military base.mp4"", ""selected_frame_positions"": [2, 6, 9, 14], ""source_file_bytes"": 393484, ""source_fps_used"": 8.0, ""source_frame_count"": 16, ""video_path"": ""/DATA/DATA1/lixinyue/xyli/data/LGVQ/videos/VideoCrafter/Military aircraft are neatly lined up on the military base.mp4""}"
428,VideoCrafter/Parents pick up students at the bus stop.mp4,36.92,46.702232360839844,428,1,"[2, 6, 9, 14]","{""center_crop_fraction_of_short_side"": 0.65, ""container_reported_size_wh"": [256, 256], ""decoded_frames"": [{""center_crop_xywh"": [45, 45, 166, 166], ""decoded_size_wh"": [256, 256], ""frame_position"": 2, ""resize_output_size_wh"": [448, 448]}, {""center_crop_xywh"": [45, 45, 166, 166], ""decoded_size_wh"": [256, 256], ""frame_position"": 6, ""resize_output_size_wh"": [448, 448]}, {""center_crop_xywh"": [45, 45, 166, 166], ""decoded_size_wh"": [256, 256], ""frame_position"": 9, ""resize_output_size_wh"": [448, 448]}, {""center_crop_xywh"": [45, 45, 166, 166], ""decoded_size_wh"": [256, 256], ""frame_position"": 14, ""resize_output_size_wh"": [448, 448]}], ""processor_pixel_constraint"": {""max_pixels"": 200704, ""min_pixels"": 200704}, ""requested_frame_fractions"": [0.1, 0.37, 0.63, 0.9], ""resize_interpolation"": ""OpenCV INTER_AREA"", ""sample_id"": ""VideoCrafter/Parents pick up students at the bus stop.mp4"", ""selected_frame_positions"": [2, 6, 9, 14], ""source_file_bytes"": 478722, ""source_fps_used"": 8.0, ""source_frame_count"": 16, ""video_path"": ""/DATA/DATA1/lixinyue/xyli/data/LGVQ/videos/VideoCrafter/Parents pick up students at the bus stop.mp4""}"
429,VideoCrafter/People sunbathe on the lawn.mp4,50.05,50.00893783569336,429,1,"[2, 6, 9, 14]","{""center_crop_fraction_of_short_side"": 0.65, ""container_reported_size_wh"": [256, 256], ""decoded_frames"": [{""center_crop_xywh"": [45, 45, 166, 166], ""decoded_size_wh"": [256, 256], ""frame_position"": 2, ""resize_output_size_wh"": [448, 448]}, {""center_crop_xywh"": [45, 45, 166, 166], ""decoded_size_wh"": [256, 256], ""frame_position"": 6, ""resize_output_size_wh"": [448, 448]}, {""center_crop_xywh"": [45, 45, 166, 166], ""decoded_size_wh"": [256, 256], ""frame_position"": 9, ""resize_output_size_wh"": [448, 448]}, {""center_crop_xywh"": [45, 45, 166, 166], ""decoded_size_wh"": [256, 256], ""frame_position"": 14, ""resize_output_size_wh"": [448, 448]}], ""processor_pixel_constraint"": {""max_pixels"": 200704, ""min_pixels"": 200704}, ""requested_frame_fractions"": [0.1, 0.37, 0.63, 0.9], ""resize_interpolation"": ""OpenCV INTER_AREA"", ""sample_id"": ""VideoCrafter/People sunbathe on the lawn.mp4"", ""selected_frame_positions"": [2, 6, 9, 14], ""source_file_bytes"": 379449, ""source_fps_used"": 8.0, ""source_frame_count"": 16, ""video_path"": ""/DATA/DATA1/lixinyue/xyli/data/LGVQ/videos/VideoCrafter/People sunbathe on the lawn.mp4""}"
430,VideoCrafter/People taking a leisurely walk admire the lake view.mp4,51.53,48.66930389404297,430,1,"[2, 6, 9, 14]","{""center_crop_fraction_of_short_side"": 0.65, ""container_reported_size_wh"": [256, 256], ""decoded_frames"": [{""center_crop_xywh"": [45, 45, 166, 166], ""decoded_size_wh"": [256, 256], ""frame_position"": 2, ""resize_output_size_wh"": [448, 448]}, {""center_crop_xywh"": [45, 45, 166, 166], ""decoded_size_wh"": [256, 256], ""frame_position"": 6, ""resize_output_size_wh"": [448, 448]}, {""center_crop_xywh"": [45, 45, 166, 166], ""decoded_size_wh"": [256, 256], ""frame_position"": 9, ""resize_output_size_wh"": [448, 448]}, {""center_crop_xywh"": [45, 45, 166, 166], ""decoded_size_wh"": [256, 256], ""frame_position"": 14, ""resize_output_size_wh"": [448, 448]}], ""processor_pixel_constraint"": {""max_pixels"": 200704, ""min_pixels"": 200704}, ""requested_frame_fractions"": [0.1, 0.37, 0.63, 0.9], ""resize_interpolation"": ""OpenCV INTER_AREA"", ""sample_id"": ""VideoCrafter/People taking a leisurely walk admire the lake view.mp4"", ""selected_frame_positions"": [2, 6, 9, 14], ""source_file_bytes"": 521732, ""source_fps_used"": 8.0, ""source_frame_count"": 16, ""video_path"": ""/DATA/DATA1/lixinyue/xyli/data/LGVQ/videos/VideoCrafter/People taking a leisurely walk admire the lake view.mp4""}"
431,"VideoCrafter/Plateaus surrounding lakes, embraced by peaceful and harmonious mountains.mp4",63.68,40.32965087890625,431,1,"[2, 6, 9, 14]","{""center_crop_fraction_of_short_side"": 0.65, ""container_reported_size_wh"": [256, 256], ""decoded_frames"": [{""center_crop_xywh"": [45, 45, 166, 166], ""decoded_size_wh"": [256, 256], ""frame_position"": 2, ""resize_output_size_wh"": [448, 448]}, {""center_crop_xywh"": [45, 45, 166, 166], ""decoded_size_wh"": [256, 256], ""frame_position"": 6, ""resize_output_size_wh"": [448, 448]}, {""center_crop_xywh"": [45, 45, 166, 166], ""decoded_size_wh"": [256, 256], ""frame_position"": 9, ""resize_output_size_wh"": [448, 448]}, {""center_crop_xywh"": [45, 45, 166, 166], ""decoded_size_wh"": [256, 256], ""frame_position"": 14, ""resize_output_size_wh"": [448, 448]}], ""processor_pixel_constraint"": {""max_pixels"": 200704, ""min_pixels"": 200704}, ""requested_frame_fractions"": [0.1, 0.37, 0.63, 0.9], ""resize_interpolation"": ""OpenCV INTER_AREA"", ""sample_id"": ""VideoCrafter/Plateaus surrounding lakes, embraced by peaceful and harmonious mountains.mp4"", ""selected_frame_positions"": [2, 6, 9, 14], ""source_file_bytes"": 585030, ""source_fps_used"": 8.0, ""source_frame_count"": 16, ""video_path"": ""/DATA/DATA1/lixinyue/xyli/data/LGVQ/videos/VideoCrafter/Plateaus surrounding lakes, embraced by peaceful and harmonious mountains.mp4""}"
432,VideoCrafter/Purple lavender grows in the field.mp4,59.7,50.72991943359375,432,1,"[2, 6, 9, 14]","{""center_crop_fraction_of_short_side"": 0.65, ""container_reported_size_wh"": [256, 256], ""decoded_frames"": [{""center_crop_xywh"": [45, 45, 166, 166], ""decoded_size_wh"": [256, 256], ""frame_position"": 2, ""resize_output_size_wh"": [448, 448]}, {""center_crop_xywh"": [45, 45, 166, 166], ""decoded_size_wh"": [256, 256], ""frame_position"": 6, ""resize_output_size_wh"": [448, 448]}, {""center_crop_xywh"": [45, 45, 166, 166], ""decoded_size_wh"": [256, 256], ""frame_position"": 9, ""resize_output_size_wh"": [448, 448]}, {""center_crop_xywh"": [45, 45, 166, 166], ""decoded_size_wh"": [256, 256], ""frame_position"": 14, ""resize_output_size_wh"": [448, 448]}], ""processor_pixel_constraint"": {""max_pixels"": 200704, ""min_pixels"": 200704}, ""requested_frame_fractions"": [0.1, 0.37, 0.63, 0.9], ""resize_interpolation"": ""OpenCV INTER_AREA"", ""sample_id"": ""VideoCrafter/Purple lavender grows in the field.mp4"", ""selected_frame_positions"": [2, 6, 9, 14], ""source_file_bytes"": 344308, ""source_fps_used"": 8.0, ""source_frame_count"": 16, ""video_path"": ""/DATA/DATA1/lixinyue/xyli/data/LGVQ/videos/VideoCrafter/Purple lavender grows in the field.mp4""}"
433,VideoCrafter/Sharks dart through the water.mp4,39.57,42.946372985839844,433,1,"[2, 6, 9, 14]","{""center_crop_fraction_of_short_side"": 0.65, ""container_reported_size_wh"": [256, 256], ""decoded_frames"": [{""center_crop_xywh"": [45, 45, 166, 166], ""decoded_size_wh"": [256, 256], ""frame_position"": 2, ""resize_output_size_wh"": [448, 448]}, {""center_crop_xywh"": [45, 45, 166, 166], ""decoded_size_wh"": [256, 256], ""frame_position"": 6, ""resize_output_size_wh"": [448, 448]}, {""center_crop_xywh"": [45, 45, 166, 166], ""decoded_size_wh"": [256, 256], ""frame_position"": 9, ""resize_output_size_wh"": [448, 448]}, {""center_crop_xywh"": [45, 45, 166, 166], ""decoded_size_wh"": [256, 256], ""frame_position"": 14, ""resize_output_size_wh"": [448, 448]}], ""processor_pixel_constraint"": {""max_pixels"": 200704, ""min_pixels"": 200704}, ""requested_frame_fractions"": [0.1, 0.37, 0.63, 0.9], ""resize_interpolation"": ""OpenCV INTER_AREA"", ""sample_id"": ""VideoCrafter/Sharks dart through the water.mp4"", ""selected_frame_positions"": [2, 6, 9, 14], ""source_file_bytes"": 472509, ""source_fps_used"": 8.0, ""source_frame_count"": 16, ""video_path"": ""/DATA/DATA1/lixinyue/xyli/data/LGVQ/videos/VideoCrafter/Sharks dart through the water.mp4""}"
434,VideoCrafter/Soldiers are setting up tents in the camp.mp4,44.79,48.80977249145508,434,1,"[2, 6, 9, 14]","{""center_crop_fraction_of_short_side"": 0.65, ""container_reported_size_wh"": [256, 256], ""decoded_frames"": [{""center_crop_xywh"": [45, 45, 166, 166], ""decoded_size_wh"": [256, 256], ""frame_position"": 2, ""resize_output_size_wh"": [448, 448]}, {""center_crop_xywh"": [45, 45, 166, 166], ""decoded_size_wh"": [256, 256], ""frame_position"": 6, ""resize_output_size_wh"": [448, 448]}, {""center_crop_xywh"": [45, 45, 166, 166], ""decoded_size_wh"": [256, 256], ""frame_position"": 9, ""resize_output_size_wh"": [448, 448]}, {""center_crop_xywh"": [45, 45, 166, 166], ""decoded_size_wh"": [256, 256], ""frame_position"": 14, ""resize_output_size_wh"": [448, 448]}], ""processor_pixel_constraint"": {""max_pixels"": 200704, ""min_pixels"": 200704}, ""requested_frame_fractions"": [0.1, 0.37, 0.63, 0.9], ""resize_interpolation"": ""OpenCV INTER_AREA"", ""sample_id"": ""VideoCrafter/Soldiers are setting up tents in the camp.mp4"", ""selected_frame_positions"": [2, 6, 9, 14], ""source_file_bytes"": 459535, ""source_fps_used"": 8.0, ""source_frame_count"": 16, ""video_path"": ""/DATA/DATA1/lixinyue/xyli/data/LGVQ/videos/VideoCrafter/Soldiers are setting up tents in the camp.mp4""}"
435,VideoCrafter/Students and teachers discuss topics in the classroom.mp4,39.47,47.35639953613281,435,1,"[2, 6, 9, 14]","{""center_crop_fraction_of_short_side"": 0.65, ""container_reported_size_wh"": [256, 256], ""decoded_frames"": [{""center_crop_xywh"": [45, 45, 166, 166], ""decoded_size_wh"": [256, 256], ""frame_position"": 2, ""resize_output_size_wh"": [448, 448]}, {""center_crop_xywh"": [45, 45, 166, 166], ""decoded_size_wh"": [256, 256], ""frame_position"": 6, ""resize_output_size_wh"": [448, 448]}, {""center_crop_xywh"": [45, 45, 166, 166], ""decoded_size_wh"": [256, 256], ""frame_position"": 9, ""resize_output_size_wh"": [448, 448]}, {""center_crop_xywh"": [45, 45, 166, 166], ""decoded_size_wh"": [256, 256], ""frame_position"": 14, ""resize_output_size_wh"": [448, 448]}], ""processor_pixel_constraint"": {""max_pixels"": 200704, ""min_pixels"": 200704}, ""requested_frame_fractions"": [0.1, 0.37, 0.63, 0.9], ""resize_interpolation"": ""OpenCV INTER_AREA"", ""sample_id"": ""VideoCrafter/Students and teachers discuss topics in the classroom.mp4"", ""selected_frame_positions"": [2, 6, 9, 14], ""source_file_bytes"": 344469, ""source_fps_used"": 8.0, ""source_frame_count"": 16, ""video_path"": ""/DATA/DATA1/lixinyue/xyli/data/LGVQ/videos/VideoCrafter/Students and teachers discuss topics in the classroom.mp4""}"
436,VideoCrafter/Students create exquisite artwork in art class.mp4,51.49,38.43351745605469,436,1,"[2, 6, 9, 14]","{""center_crop_fraction_of_short_side"": 0.65, ""container_reported_size_wh"": [256, 256], ""decoded_frames"": [{""center_crop_xywh"": [45, 45, 166, 166], ""decoded_size_wh"": [256, 256], ""frame_position"": 2, ""resize_output_size_wh"": [448, 448]}, {""center_crop_xywh"": [45, 45, 166, 166], ""decoded_size_wh"": [256, 256], ""frame_position"": 6, ""resize_output_size_wh"": [448, 448]}, {""center_crop_xywh"": [45, 45, 166, 166], ""decoded_size_wh"": [256, 256], ""frame_position"": 9, ""resize_output_size_wh"": [448, 448]}, {""center_crop_xywh"": [45, 45, 166, 166], ""decoded_size_wh"": [256, 256], ""frame_position"": 14, ""resize_output_size_wh"": [448, 448]}], ""processor_pixel_constraint"": {""max_pixels"": 200704, ""min_pixels"": 200704}, ""requested_frame_fractions"": [0.1, 0.37, 0.63, 0.9], ""resize_interpolation"": ""OpenCV INTER_AREA"", ""sample_id"": ""VideoCrafter/Students create exquisite artwork in art class.mp4"", ""selected_frame_positions"": [2, 6, 9, 14], ""source_file_bytes"": 334200, ""source_fps_used"": 8.0, ""source_frame_count"": 16, ""video_path"": ""/DATA/DATA1/lixinyue/xyli/data/LGVQ/videos/VideoCrafter/Students create exquisite artwork in art class.mp4""}"
437,VideoCrafter/Students enjoy tasty sandwiches in the cafeteria.mp4,51.55,46.95286560058594,437,1,"[2, 6, 9, 14]","{""center_crop_fraction_of_short_side"": 0.65, ""container_reported_size_wh"": [256, 256], ""decoded_frames"": [{""center_crop_xywh"": [45, 45, 166, 166], ""decoded_size_wh"": [256, 256], ""frame_position"": 2, ""resize_output_size_wh"": [448, 448]}, {""center_crop_xywh"": [45, 45, 166, 166], ""decoded_size_wh"": [256, 256], ""frame_position"": 6, ""resize_output_size_wh"": [448, 448]}, {""center_crop_xywh"": [45, 45, 166, 166], ""decoded_size_wh"": [256, 256], ""frame_position"": 9, ""resize_output_size_wh"": [448, 448]}, {""center_crop_xywh"": [45, 45, 166, 166], ""decoded_size_wh"": [256, 256], ""frame_position"": 14, ""resize_output_size_wh"": [448, 448]}], ""processor_pixel_constraint"": {""max_pixels"": 200704, ""min_pixels"": 200704}, ""requested_frame_fractions"": [0.1, 0.37, 0.63, 0.9], ""resize_interpolation"": ""OpenCV INTER_AREA"", ""sample_id"": ""VideoCrafter/Students enjoy tasty sandwiches in the cafeteria.mp4"", ""selected_frame_positions"": [2, 6, 9, 14], ""source_file_bytes"": 399983, ""source_fps_used"": 8.0, ""source_frame_count"": 16, ""video_path"": ""/DATA/DATA1/lixinyue/xyli/data/LGVQ/videos/VideoCrafter/Students enjoy tasty sandwiches in the cafeteria.mp4""}"
438,"VideoCrafter/Students enjoy their time on campus, full of youthful energy.mp4",36.39,40.86975860595703,438,1,"[2, 6, 9, 14]","{""center_crop_fraction_of_short_side"": 0.65, ""container_reported_size_wh"": [256, 256], ""decoded_frames"": [{""center_crop_xywh"": [45, 45, 166, 166], ""decoded_size_wh"": [256, 256], ""frame_position"": 2, ""resize_output_size_wh"": [448, 448]}, {""center_crop_xywh"": [45, 45, 166, 166], ""decoded_size_wh"": [256, 256], ""frame_position"": 6, ""resize_output_size_wh"": [448, 448]}, {""center_crop_xywh"": [45, 45, 166, 166], ""decoded_size_wh"": [256, 256], ""frame_position"": 9, ""resize_output_size_wh"": [448, 448]}, {""center_crop_xywh"": [45, 45, 166, 166], ""decoded_size_wh"": [256, 256], ""frame_position"": 14, ""resize_output_size_wh"": [448, 448]}], ""processor_pixel_constraint"": {""max_pixels"": 200704, ""min_pixels"": 200704}, ""requested_frame_fractions"": [0.1, 0.37, 0.63, 0.9], ""resize_interpolation"": ""OpenCV INTER_AREA"", ""sample_id"": ""VideoCrafter/Students enjoy their time on campus, full of youthful energy.mp4"", ""selected_frame_positions"": [2, 6, 9, 14], ""source_file_bytes"": 533702, ""source_fps_used"": 8.0, ""source_frame_count"": 16, ""video_path"": ""/DATA/DATA1/lixinyue/xyli/data/LGVQ/videos/VideoCrafter/Students enjoy their time on campus, full of youthful energy.mp4""}"
439,"VideoCrafter/Students line up in the cafeteria, waiting for lunch.mp4",36.81,50.160404205322266,439,1,"[2, 6, 9, 14]","{""center_crop_fraction_of_short_side"": 0.65, ""container_reported_size_wh"": [256, 256], ""decoded_frames"": [{""center_crop_xywh"": [45, 45, 166, 166], ""decoded_size_wh"": [256, 256], ""frame_position"": 2, ""resize_output_size_wh"": [448, 448]}, {""center_crop_xywh"": [45, 45, 166, 166], ""decoded_size_wh"": [256, 256], ""frame_position"": 6, ""resize_output_size_wh"": [448, 448]}, {""center_crop_xywh"": [45, 45, 166, 166], ""decoded_size_wh"": [256, 256], ""frame_position"": 9, ""resize_output_size_wh"": [448, 448]}, {""center_crop_xywh"": [45, 45, 166, 166], ""decoded_size_wh"": [256, 256], ""frame_position"": 14, ""resize_output_size_wh"": [448, 448]}], ""processor_pixel_constraint"": {""max_pixels"": 200704, ""min_pixels"": 200704}, ""requested_frame_fractions"": [0.1, 0.37, 0.63, 0.9], ""resize_interpolation"": ""OpenCV INTER_AREA"", ""sample_id"": ""VideoCrafter/Students line up in the cafeteria, waiting for lunch.mp4"", ""selected_frame_positions"": [2, 6, 9, 14], ""source_file_bytes"": 379967, ""source_fps_used"": 8.0, ""source_frame_count"": 16, ""video_path"": ""/DATA/DATA1/lixinyue/xyli/data/LGVQ/videos/VideoCrafter/Students line up in the cafeteria, waiting for lunch.mp4""}"
440,VideoCrafter/Students participate in celebration ceremonies in the school courtyard.mp4,39.42,41.282344818115234,440,1,"[2, 6, 9, 14]","{""center_crop_fraction_of_short_side"": 0.65, ""container_reported_size_wh"": [256, 256], ""decoded_frames"": [{""center_crop_xywh"": [45, 45, 166, 166], ""decoded_size_wh"": [256, 256], ""frame_position"": 2, ""resize_output_size_wh"": [448, 448]}, {""center_crop_xywh"": [45, 45, 166, 166], ""decoded_size_wh"": [256, 256], ""frame_position"": 6, ""resize_output_size_wh"": [448, 448]}, {""center_crop_xywh"": [45, 45, 166, 166], ""decoded_size_wh"": [256, 256], ""frame_position"": 9, ""resize_output_size_wh"": [448, 448]}, {""center_crop_xywh"": [45, 45, 166, 166], ""decoded_size_wh"": [256, 256], ""frame_position"": 14, ""resize_output_size_wh"": [448, 448]}], ""processor_pixel_constraint"": {""max_pixels"": 200704, ""min_pixels"": 200704}, ""requested_frame_fractions"": [0.1, 0.37, 0.63, 0.9], ""resize_interpolation"": ""OpenCV INTER_AREA"", ""sample_id"": ""VideoCrafter/Students participate in celebration ceremonies in the school courtyard.mp4"", ""selected_frame_positions"": [2, 6, 9, 14], ""source_file_bytes"": 528996, ""source_fps_used"": 8.0, ""source_frame_count"": 16, ""video_path"": ""/DATA/DATA1/lixinyue/xyli/data/LGVQ/videos/VideoCrafter/Students participate in celebration ceremonies in the school courtyard.mp4""}"
441,VideoCrafter/Students program in the computer lab.mp4,42.33,43.36894226074219,441,1,"[2, 6, 9, 14]","{""center_crop_fraction_of_short_side"": 0.65, ""container_reported_size_wh"": [256, 256], ""decoded_frames"": [{""center_crop_xywh"": [45, 45, 166, 166], ""decoded_size_wh"": [256, 256], ""frame_position"": 2, ""resize_output_size_wh"": [448, 448]}, {""center_crop_xywh"": [45, 45, 166, 166], ""decoded_size_wh"": [256, 256], ""frame_position"": 6, ""resize_output_size_wh"": [448, 448]}, {""center_crop_xywh"": [45, 45, 166, 166], ""decoded_size_wh"": [256, 256], ""frame_position"": 9, ""resize_output_size_wh"": [448, 448]}, {""center_crop_xywh"": [45, 45, 166, 166], ""decoded_size_wh"": [256, 256], ""frame_position"": 14, ""resize_output_size_wh"": [448, 448]}], ""processor_pixel_constraint"": {""max_pixels"": 200704, ""min_pixels"": 200704}, ""requested_frame_fractions"": [0.1, 0.37, 0.63, 0.9], ""resize_interpolation"": ""OpenCV INTER_AREA"", ""sample_id"": ""VideoCrafter/Students program in the computer lab.mp4"", ""selected_frame_positions"": [2, 6, 9, 14], ""source_file_bytes"": 311254, ""source_fps_used"": 8.0, ""source_frame_count"": 16, ""video_path"": ""/DATA/DATA1/lixinyue/xyli/data/LGVQ/videos/VideoCrafter/Students program in the computer lab.mp4""}"
442,VideoCrafter/Students savor delicious soups in the cafeteria.mp4,48.24,43.51531219482422,442,1,"[2, 6, 9, 14]","{""center_crop_fraction_of_short_side"": 0.65, ""container_reported_size_wh"": [256, 256], ""decoded_frames"": [{""center_crop_xywh"": [45, 45, 166, 166], ""decoded_size_wh"": [256, 256], ""frame_position"": 2, ""resize_output_size_wh"": [448, 448]}, {""center_crop_xywh"": [45, 45, 166, 166], ""decoded_size_wh"": [256, 256], ""frame_position"": 6, ""resize_output_size_wh"": [448, 448]}, {""center_crop_xywh"": [45, 45, 166, 166], ""decoded_size_wh"": [256, 256], ""frame_position"": 9, ""resize_output_size_wh"": [448, 448]}, {""center_crop_xywh"": [45, 45, 166, 166], ""decoded_size_wh"": [256, 256], ""frame_position"": 14, ""resize_output_size_wh"": [448, 448]}], ""processor_pixel_constraint"": {""max_pixels"": 200704, ""min_pixels"": 200704}, ""requested_frame_fractions"": [0.1, 0.37, 0.63, 0.9], ""resize_interpolation"": ""OpenCV INTER_AREA"", ""sample_id"": ""VideoCrafter/Students savor delicious soups in the cafeteria.mp4"", ""selected_frame_positions"": [2, 6, 9, 14], ""source_file_bytes"": 413005, ""source_fps_used"": 8.0, ""source_frame_count"": 16, ""video_path"": ""/DATA/DATA1/lixinyue/xyli/data/LGVQ/videos/VideoCrafter/Students savor delicious soups in the cafeteria.mp4""}"
443,VideoCrafter/Sunflowers stand tall in a field.mp4,61.3,57.491947174072266,443,1,"[2, 6, 9, 14]","{""center_crop_fraction_of_short_side"": 0.65, ""container_reported_size_wh"": [256, 256], ""decoded_frames"": [{""center_crop_xywh"": [45, 45, 166, 166], ""decoded_size_wh"": [256, 256], ""frame_position"": 2, ""resize_output_size_wh"": [448, 448]}, {""center_crop_xywh"": [45, 45, 166, 166], ""decoded_size_wh"": [256, 256], ""frame_position"": 6, ""resize_output_size_wh"": [448, 448]}, {""center_crop_xywh"": [45, 45, 166, 166], ""decoded_size_wh"": [256, 256], ""frame_position"": 9, ""resize_output_size_wh"": [448, 448]}, {""center_crop_xywh"": [45, 45, 166, 166], ""decoded_size_wh"": [256, 256], ""frame_position"": 14, ""resize_output_size_wh"": [448, 448]}], ""processor_pixel_constraint"": {""max_pixels"": 200704, ""min_pixels"": 200704}, ""requested_frame_fractions"": [0.1, 0.37, 0.63, 0.9], ""resize_interpolation"": ""OpenCV INTER_AREA"", ""sample_id"": ""VideoCrafter/Sunflowers stand tall in a field.mp4"", ""selected_frame_positions"": [2, 6, 9, 14], ""source_file_bytes"": 343986, ""source_fps_used"": 8.0, ""source_frame_count"": 16, ""video_path"": ""/DATA/DATA1/lixinyue/xyli/data/LGVQ/videos/VideoCrafter/Sunflowers stand tall in a field.mp4""}"
444,VideoCrafter/Sunlight is streaming through the leaves onto the grass.mp4,62.05,48.36914825439453,444,1,"[2, 6, 9, 14]","{""center_crop_fraction_of_short_side"": 0.65, ""container_reported_size_wh"": [256, 256], ""decoded_frames"": [{""center_crop_xywh"": [45, 45, 166, 166], ""decoded_size_wh"": [256, 256], ""frame_position"": 2, ""resize_output_size_wh"": [448, 448]}, {""center_crop_xywh"": [45, 45, 166, 166], ""decoded_size_wh"": [256, 256], ""frame_position"": 6, ""resize_output_size_wh"": [448, 448]}, {""center_crop_xywh"": [45, 45, 166, 166], ""decoded_size_wh"": [256, 256], ""frame_position"": 9, ""resize_output_size_wh"": [448, 448]}, {""center_crop_xywh"": [45, 45, 166, 166], ""decoded_size_wh"": [256, 256], ""frame_position"": 14, ""resize_output_size_wh"": [448, 448]}], ""processor_pixel_constraint"": {""max_pixels"": 200704, ""min_pixels"": 200704}, ""requested_frame_fractions"": [0.1, 0.37, 0.63, 0.9], ""resize_interpolation"": ""OpenCV INTER_AREA"", ""sample_id"": ""VideoCrafter/Sunlight is streaming through the leaves onto the grass.mp4"", ""selected_frame_positions"": [2, 6, 9, 14], ""source_file_bytes"": 556668, ""source_fps_used"": 8.0, ""source_frame_count"": 16, ""video_path"": ""/DATA/DATA1/lixinyue/xyli/data/LGVQ/videos/VideoCrafter/Sunlight is streaming through the leaves onto the grass.mp4""}"
445,VideoCrafter/Swallows soar in the air.mp4,40.95,43.806129455566406,445,1,"[2, 6, 9, 14]","{""center_crop_fraction_of_short_side"": 0.65, ""container_reported_size_wh"": [256, 256], ""decoded_frames"": [{""center_crop_xywh"": [45, 45, 166, 166], ""decoded_size_wh"": [256, 256], ""frame_position"": 2, ""resize_output_size_wh"": [448, 448]}, {""center_crop_xywh"": [45, 45, 166, 166], ""decoded_size_wh"": [256, 256], ""frame_position"": 6, ""resize_output_size_wh"": [448, 448]}, {""center_crop_xywh"": [45, 45, 166, 166], ""decoded_size_wh"": [256, 256], ""frame_position"": 9, ""resize_output_size_wh"": [448, 448]}, {""center_crop_xywh"": [45, 45, 166, 166], ""decoded_size_wh"": [256, 256], ""frame_position"": 14, ""resize_output_size_wh"": [448, 448]}], ""processor_pixel_constraint"": {""max_pixels"": 200704, ""min_pixels"": 200704}, ""requested_frame_fractions"": [0.1, 0.37, 0.63, 0.9], ""resize_interpolation"": ""OpenCV INTER_AREA"", ""sample_id"": ""VideoCrafter/Swallows soar in the air.mp4"", ""selected_frame_positions"": [2, 6, 9, 14], ""source_file_bytes"": 378289, ""source_fps_used"": 8.0, ""source_frame_count"": 16, ""video_path"": ""/DATA/DATA1/lixinyue/xyli/data/LGVQ/videos/VideoCrafter/Swallows soar in the air.mp4""}"
446,VideoCrafter/Teenage skateboarders perform tricks by the pond.mp4,40.69,46.7381591796875,446,1,"[2, 6, 9, 14]","{""center_crop_fraction_of_short_side"": 0.65, ""container_reported_size_wh"": [256, 256], ""decoded_frames"": [{""center_crop_xywh"": [45, 45, 166, 166], ""decoded_size_wh"": [256, 256], ""frame_position"": 2, ""resize_output_size_wh"": [448, 448]}, {""center_crop_xywh"": [45, 45, 166, 166], ""decoded_size_wh"": [256, 256], ""frame_position"": 6, ""resize_output_size_wh"": [448, 448]}, {""center_crop_xywh"": [45, 45, 166, 166], ""decoded_size_wh"": [256, 256], ""frame_position"": 9, ""resize_output_size_wh"": [448, 448]}, {""center_crop_xywh"": [45, 45, 166, 166], ""decoded_size_wh"": [256, 256], ""frame_position"": 14, ""resize_output_size_wh"": [448, 448]}], ""processor_pixel_constraint"": {""max_pixels"": 200704, ""min_pixels"": 200704}, ""requested_frame_fractions"": [0.1, 0.37, 0.63, 0.9], ""resize_interpolation"": ""OpenCV INTER_AREA"", ""sample_id"": ""VideoCrafter/Teenage skateboarders perform tricks by the pond.mp4"", ""selected_frame_positions"": [2, 6, 9, 14], ""source_file_bytes"": 449496, ""source_fps_used"": 8.0, ""source_frame_count"": 16, ""video_path"": ""/DATA/DATA1/lixinyue/xyli/data/LGVQ/videos/VideoCrafter/Teenage skateboarders perform tricks by the pond.mp4""}"
447,"VideoCrafter/The campus has colorful gardens, full of vitality.mp4",48.27,41.65757751464844,447,1,"[2, 6, 9, 14]","{""center_crop_fraction_of_short_side"": 0.65, ""container_reported_size_wh"": [256, 256], ""decoded_frames"": [{""center_crop_xywh"": [45, 45, 166, 166], ""decoded_size_wh"": [256, 256], ""frame_position"": 2, ""resize_output_size_wh"": [448, 448]}, {""center_crop_xywh"": [45, 45, 166, 166], ""decoded_size_wh"": [256, 256], ""frame_position"": 6, ""resize_output_size_wh"": [448, 448]}, {""center_crop_xywh"": [45, 45, 166, 166], ""decoded_size_wh"": [256, 256], ""frame_position"": 9, ""resize_output_size_wh"": [448, 448]}, {""center_crop_xywh"": [45, 45, 166, 166], ""decoded_size_wh"": [256, 256], ""frame_position"": 14, ""resize_output_size_wh"": [448, 448]}], ""processor_pixel_constraint"": {""max_pixels"": 200704, ""min_pixels"": 200704}, ""requested_frame_fractions"": [0.1, 0.37, 0.63, 0.9], ""resize_interpolation"": ""OpenCV INTER_AREA"", ""sample_id"": ""VideoCrafter/The campus has colorful gardens, full of vitality.mp4"", ""selected_frame_positions"": [2, 6, 9, 14], ""source_file_bytes"": 686260, ""source_fps_used"": 8.0, ""source_frame_count"": 16, ""video_path"": ""/DATA/DATA1/lixinyue/xyli/data/LGVQ/videos/VideoCrafter/The campus has colorful gardens, full of vitality.mp4""}"
448,VideoCrafter/The commander is strategizing in front of a map.mp4,48.72,45.07196807861328,448,1,"[2, 6, 9, 14]","{""center_crop_fraction_of_short_side"": 0.65, ""container_reported_size_wh"": [256, 256], ""decoded_frames"": [{""center_crop_xywh"": [45, 45, 166, 166], ""decoded_size_wh"": [256, 256], ""frame_position"": 2, ""resize_output_size_wh"": [448, 448]}, {""center_crop_xywh"": [45, 45, 166, 166], ""decoded_size_wh"": [256, 256], ""frame_position"": 6, ""resize_output_size_wh"": [448, 448]}, {""center_crop_xywh"": [45, 45, 166, 166], ""decoded_size_wh"": [256, 256], ""frame_position"": 9, ""resize_output_size_wh"": [448, 448]}, {""center_crop_xywh"": [45, 45, 166, 166], ""decoded_size_wh"": [256, 256], ""frame_position"": 14, ""resize_output_size_wh"": [448, 448]}], ""processor_pixel_constraint"": {""max_pixels"": 200704, ""min_pixels"": 200704}, ""requested_frame_fractions"": [0.1, 0.37, 0.63, 0.9], ""resize_interpolation"": ""OpenCV INTER_AREA"", ""sample_id"": ""VideoCrafter/The commander is strategizing in front of a map.mp4"", ""selected_frame_positions"": [2, 6, 9, 14], ""source_file_bytes"": 363066, ""source_fps_used"": 8.0, ""source_frame_count"": 16, ""video_path"": ""/DATA/DATA1/lixinyue/xyli/data/LGVQ/videos/VideoCrafter/The commander is strategizing in front of a map.mp4""}"
449,VideoCrafter/The crickets chirped merrily in the summer night.mp4,57.33,49.52182388305664,449,1,"[2, 6, 9, 14]","{""center_crop_fraction_of_short_side"": 0.65, ""container_reported_size_wh"": [256, 256], ""decoded_frames"": [{""center_crop_xywh"": [45, 45, 166, 166], ""decoded_size_wh"": [256, 256], ""frame_position"": 2, ""resize_output_size_wh"": [448, 448]}, {""center_crop_xywh"": [45, 45, 166, 166], ""decoded_size_wh"": [256, 256], ""frame_position"": 6, ""resize_output_size_wh"": [448, 448]}, {""center_crop_xywh"": [45, 45, 166, 166], ""decoded_size_wh"": [256, 256], ""frame_position"": 9, ""resize_output_size_wh"": [448, 448]}, {""center_crop_xywh"": [45, 45, 166, 166], ""decoded_size_wh"": [256, 256], ""frame_position"": 14, ""resize_output_size_wh"": [448, 448]}], ""processor_pixel_constraint"": {""max_pixels"": 200704, ""min_pixels"": 200704}, ""requested_frame_fractions"": [0.1, 0.37, 0.63, 0.9], ""resize_interpolation"": ""OpenCV INTER_AREA"", ""sample_id"": ""VideoCrafter/The crickets chirped merrily in the summer night.mp4"", ""selected_frame_positions"": [2, 6, 9, 14], ""source_file_bytes"": 435677, ""source_fps_used"": 8.0, ""source_frame_count"": 16, ""video_path"": ""/DATA/DATA1/lixinyue/xyli/data/LGVQ/videos/VideoCrafter/The crickets chirped merrily in the summer night.mp4""}"
450,VideoCrafter/The leaves of a purple-leaf plum tree turn deep purple.mp4,58.43,50.52788162231445,450,1,"[2, 6, 9, 14]","{""center_crop_fraction_of_short_side"": 0.65, ""container_reported_size_wh"": [256, 256], ""decoded_frames"": [{""center_crop_xywh"": [45, 45, 166, 166], ""decoded_size_wh"": [256, 256], ""frame_position"": 2, ""resize_output_size_wh"": [448, 448]}, {""center_crop_xywh"": [45, 45, 166, 166], ""decoded_size_wh"": [256, 256], ""frame_position"": 6, ""resize_output_size_wh"": [448, 448]}, {""center_crop_xywh"": [45, 45, 166, 166], ""decoded_size_wh"": [256, 256], ""frame_position"": 9, ""resize_output_size_wh"": [448, 448]}, {""center_crop_xywh"": [45, 45, 166, 166], ""decoded_size_wh"": [256, 256], ""frame_position"": 14, ""resize_output_size_wh"": [448, 448]}], ""processor_pixel_constraint"": {""max_pixels"": 200704, ""min_pixels"": 200704}, ""requested_frame_fractions"": [0.1, 0.37, 0.63, 0.9], ""resize_interpolation"": ""OpenCV INTER_AREA"", ""sample_id"": ""VideoCrafter/The leaves of a purple-leaf plum tree turn deep purple.mp4"", ""selected_frame_positions"": [2, 6, 9, 14], ""source_file_bytes"": 346124, ""source_fps_used"": 8.0, ""source_frame_count"": 16, ""video_path"": ""/DATA/DATA1/lixinyue/xyli/data/LGVQ/videos/VideoCrafter/The leaves of a purple-leaf plum tree turn deep purple.mp4""}"
451,VideoCrafter/The lion roars majestically on the grassland.mp4,49.01,47.06694030761719,451,1,"[2, 6, 9, 14]","{""center_crop_fraction_of_short_side"": 0.65, ""container_reported_size_wh"": [256, 256], ""decoded_frames"": [{""center_crop_xywh"": [45, 45, 166, 166], ""decoded_size_wh"": [256, 256], ""frame_position"": 2, ""resize_output_size_wh"": [448, 448]}, {""center_crop_xywh"": [45, 45, 166, 166], ""decoded_size_wh"": [256, 256], ""frame_position"": 6, ""resize_output_size_wh"": [448, 448]}, {""center_crop_xywh"": [45, 45, 166, 166], ""decoded_size_wh"": [256, 256], ""frame_position"": 9, ""resize_output_size_wh"": [448, 448]}, {""center_crop_xywh"": [45, 45, 166, 166], ""decoded_size_wh"": [256, 256], ""frame_position"": 14, ""resize_output_size_wh"": [448, 448]}], ""processor_pixel_constraint"": {""max_pixels"": 200704, ""min_pixels"": 200704}, ""requested_frame_fractions"": [0.1, 0.37, 0.63, 0.9], ""resize_interpolation"": ""OpenCV INTER_AREA"", ""sample_id"": ""VideoCrafter/The lion roars majestically on the grassland.mp4"", ""selected_frame_positions"": [2, 6, 9, 14], ""source_file_bytes"": 485279, ""source_fps_used"": 8.0, ""source_frame_count"": 16, ""video_path"": ""/DATA/DATA1/lixinyue/xyli/data/LGVQ/videos/VideoCrafter/The lion roars majestically on the grassland.mp4""}"
452,VideoCrafter/The parrot chirped in the treetops.mp4,48.7,51.06056213378906,452,1,"[2, 6, 9, 14]","{""center_crop_fraction_of_short_side"": 0.65, ""container_reported_size_wh"": [256, 256], ""decoded_frames"": [{""center_crop_xywh"": [45, 45, 166, 166], ""decoded_size_wh"": [256, 256], ""frame_position"": 2, ""resize_output_size_wh"": [448, 448]}, {""center_crop_xywh"": [45, 45, 166, 166], ""decoded_size_wh"": [256, 256], ""frame_position"": 6, ""resize_output_size_wh"": [448, 448]}, {""center_crop_xywh"": [45, 45, 166, 166], ""decoded_size_wh"": [256, 256], ""frame_position"": 9, ""resize_output_size_wh"": [448, 448]}, {""center_crop_xywh"": [45, 45, 166, 166], ""decoded_size_wh"": [256, 256], ""frame_position"": 14, ""resize_output_size_wh"": [448, 448]}], ""processor_pixel_constraint"": {""max_pixels"": 200704, ""min_pixels"": 200704}, ""requested_frame_fractions"": [0.1, 0.37, 0.63, 0.9], ""resize_interpolation"": ""OpenCV INTER_AREA"", ""sample_id"": ""VideoCrafter/The parrot chirped in the treetops.mp4"", ""selected_frame_positions"": [2, 6, 9, 14], ""source_file_bytes"": 385234, ""source_fps_used"": 8.0, ""source_frame_count"": 16, ""video_path"": ""/DATA/DATA1/lixinyue/xyli/data/LGVQ/videos/VideoCrafter/The parrot chirped in the treetops.mp4""}"
453,VideoCrafter/The roof of a farmhouse is covered in moss.mp4,58.75,50.044097900390625,453,1,"[2, 6, 9, 14]","{""center_crop_fraction_of_short_side"": 0.65, ""container_reported_size_wh"": [256, 256], ""decoded_frames"": [{""center_crop_xywh"": [45, 45, 166, 166], ""decoded_size_wh"": [256, 256], ""frame_position"": 2, ""resize_output_size_wh"": [448, 448]}, {""center_crop_xywh"": [45, 45, 166, 166], ""decoded_size_wh"": [256, 256], ""frame_position"": 6, ""resize_output_size_wh"": [448, 448]}, {""center_crop_xywh"": [45, 45, 166, 166], ""decoded_size_wh"": [256, 256], ""frame_position"": 9, ""resize_output_size_wh"": [448, 448]}, {""center_crop_xywh"": [45, 45, 166, 166], ""decoded_size_wh"": [256, 256], ""frame_position"": 14, ""resize_output_size_wh"": [448, 448]}], ""processor_pixel_constraint"": {""max_pixels"": 200704, ""min_pixels"": 200704}, ""requested_frame_fractions"": [0.1, 0.37, 0.63, 0.9], ""resize_interpolation"": ""OpenCV INTER_AREA"", ""sample_id"": ""VideoCrafter/The roof of a farmhouse is covered in moss.mp4"", ""selected_frame_positions"": [2, 6, 9, 14], ""source_file_bytes"": 563849, ""source_fps_used"": 8.0, ""source_frame_count"": 16, ""video_path"": ""/DATA/DATA1/lixinyue/xyli/data/LGVQ/videos/VideoCrafter/The roof of a farmhouse is covered in moss.mp4""}"
454,VideoCrafter/The rural stream serves as the water source for villagers.mp4,54.42,50.326210021972656,454,1,"[2, 6, 9, 14]","{""center_crop_fraction_of_short_side"": 0.65, ""container_reported_size_wh"": [256, 256], ""decoded_frames"": [{""center_crop_xywh"": [45, 45, 166, 166], ""decoded_size_wh"": [256, 256], ""frame_position"": 2, ""resize_output_size_wh"": [448, 448]}, {""center_crop_xywh"": [45, 45, 166, 166], ""decoded_size_wh"": [256, 256], ""frame_position"": 6, ""resize_output_size_wh"": [448, 448]}, {""center_crop_xywh"": [45, 45, 166, 166], ""decoded_size_wh"": [256, 256], ""frame_position"": 9, ""resize_output_size_wh"": [448, 448]}, {""center_crop_xywh"": [45, 45, 166, 166], ""decoded_size_wh"": [256, 256], ""frame_position"": 14, ""resize_output_size_wh"": [448, 448]}], ""processor_pixel_constraint"": {""max_pixels"": 200704, ""min_pixels"": 200704}, ""requested_frame_fractions"": [0.1, 0.37, 0.63, 0.9], ""resize_interpolation"": ""OpenCV INTER_AREA"", ""sample_id"": ""VideoCrafter/The rural stream serves as the water source for villagers.mp4"", ""selected_frame_positions"": [2, 6, 9, 14], ""source_file_bytes"": 477357, ""source_fps_used"": 8.0, ""source_frame_count"": 16, ""video_path"": ""/DATA/DATA1/lixinyue/xyli/data/LGVQ/videos/VideoCrafter/The rural stream serves as the water source for villagers.mp4""}"
455,VideoCrafter/The school auditorium is decorated with festive decorations.mp4,51.66,45.59709167480469,455,1,"[2, 6, 9, 14]","{""center_crop_fraction_of_short_side"": 0.65, ""container_reported_size_wh"": [256, 256], ""decoded_frames"": [{""center_crop_xywh"": [45, 45, 166, 166], ""decoded_size_wh"": [256, 256], ""frame_position"": 2, ""resize_output_size_wh"": [448, 448]}, {""center_crop_xywh"": [45, 45, 166, 166], ""decoded_size_wh"": [256, 256], ""frame_position"": 6, ""resize_output_size_wh"": [448, 448]}, {""center_crop_xywh"": [45, 45, 166, 166], ""decoded_size_wh"": [256, 256], ""frame_position"": 9, ""resize_output_size_wh"": [448, 448]}, {""center_crop_xywh"": [45, 45, 166, 166], ""decoded_size_wh"": [256, 256], ""frame_position"": 14, ""resize_output_size_wh"": [448, 448]}], ""processor_pixel_constraint"": {""max_pixels"": 200704, ""min_pixels"": 200704}, ""requested_frame_fractions"": [0.1, 0.37, 0.63, 0.9], ""resize_interpolation"": ""OpenCV INTER_AREA"", ""sample_id"": ""VideoCrafter/The school auditorium is decorated with festive decorations.mp4"", ""selected_frame_positions"": [2, 6, 9, 14], ""source_file_bytes"": 496933, ""source_fps_used"": 8.0, ""source_frame_count"": 16, ""video_path"": ""/DATA/DATA1/lixinyue/xyli/data/LGVQ/videos/VideoCrafter/The school auditorium is decorated with festive decorations.mp4""}"
456,VideoCrafter/The seahorse swayed slowly on the sea floor.mp4,47.64,41.823219299316406,456,1,"[2, 6, 9, 14]","{""center_crop_fraction_of_short_side"": 0.65, ""container_reported_size_wh"": [256, 256], ""decoded_frames"": [{""center_crop_xywh"": [45, 45, 166, 166], ""decoded_size_wh"": [256, 256], ""frame_position"": 2, ""resize_output_size_wh"": [448, 448]}, {""center_crop_xywh"": [45, 45, 166, 166], ""decoded_size_wh"": [256, 256], ""frame_position"": 6, ""resize_output_size_wh"": [448, 448]}, {""center_crop_xywh"": [45, 45, 166, 166], ""decoded_size_wh"": [256, 256], ""frame_position"": 9, ""resize_output_size_wh"": [448, 448]}, {""center_crop_xywh"": [45, 45, 166, 166], ""decoded_size_wh"": [256, 256], ""frame_position"": 14, ""resize_output_size_wh"": [448, 448]}], ""processor_pixel_constraint"": {""max_pixels"": 200704, ""min_pixels"": 200704}, ""requested_frame_fractions"": [0.1, 0.37, 0.63, 0.9], ""resize_interpolation"": ""OpenCV INTER_AREA"", ""sample_id"": ""VideoCrafter/The seahorse swayed slowly on the sea floor.mp4"", ""selected_frame_positions"": [2, 6, 9, 14], ""source_file_bytes"": 565397, ""source_fps_used"": 8.0, ""source_frame_count"": 16, ""video_path"": ""/DATA/DATA1/lixinyue/xyli/data/LGVQ/videos/VideoCrafter/The seahorse swayed slowly on the sea floor.mp4""}"
457,VideoCrafter/There are boats on the park lake.mp4,51.3,47.885643005371094,457,1,"[2, 6, 9, 14]","{""center_crop_fraction_of_short_side"": 0.65, ""container_reported_size_wh"": [256, 256], ""decoded_frames"": [{""center_crop_xywh"": [45, 45, 166, 166], ""decoded_size_wh"": [256, 256], ""frame_position"": 2, ""resize_output_size_wh"": [448, 448]}, {""center_crop_xywh"": [45, 45, 166, 166], ""decoded_size_wh"": [256, 256], ""frame_position"": 6, ""resize_output_size_wh"": [448, 448]}, {""center_crop_xywh"": [45, 45, 166, 166], ""decoded_size_wh"": [256, 256], ""frame_position"": 9, ""resize_output_size_wh"": [448, 448]}, {""center_crop_xywh"": [45, 45, 166, 166], ""decoded_size_wh"": [256, 256], ""frame_position"": 14, ""resize_output_size_wh"": [448, 448]}], ""processor_pixel_constraint"": {""max_pixels"": 200704, ""min_pixels"": 200704}, ""requested_frame_fractions"": [0.1, 0.37, 0.63, 0.9], ""resize_interpolation"": ""OpenCV INTER_AREA"", ""sample_id"": ""VideoCrafter/There are boats on the park lake.mp4"", ""selected_frame_positions"": [2, 6, 9, 14], ""source_file_bytes"": 341452, ""source_fps_used"": 8.0, ""source_frame_count"": 16, ""video_path"": ""/DATA/DATA1/lixinyue/xyli/data/LGVQ/videos/VideoCrafter/There are boats on the park lake.mp4""}"
458,VideoCrafter/There's a drum and guitar in the music classroom.mp4,55.47,53.97279357910156,458,1,"[2, 6, 9, 14]","{""center_crop_fraction_of_short_side"": 0.65, ""container_reported_size_wh"": [256, 256], ""decoded_frames"": [{""center_crop_xywh"": [45, 45, 166, 166], ""decoded_size_wh"": [256, 256], ""frame_position"": 2, ""resize_output_size_wh"": [448, 448]}, {""center_crop_xywh"": [45, 45, 166, 166], ""decoded_size_wh"": [256, 256], ""frame_position"": 6, ""resize_output_size_wh"": [448, 448]}, {""center_crop_xywh"": [45, 45, 166, 166], ""decoded_size_wh"": [256, 256], ""frame_position"": 9, ""resize_output_size_wh"": [448, 448]}, {""center_crop_xywh"": [45, 45, 166, 166], ""decoded_size_wh"": [256, 256], ""frame_position"": 14, ""resize_output_size_wh"": [448, 448]}], ""processor_pixel_constraint"": {""max_pixels"": 200704, ""min_pixels"": 200704}, ""requested_frame_fractions"": [0.1, 0.37, 0.63, 0.9], ""resize_interpolation"": ""OpenCV INTER_AREA"", ""sample_id"": ""VideoCrafter/There's a drum and guitar in the music classroom.mp4"", ""selected_frame_positions"": [2, 6, 9, 14], ""source_file_bytes"": 381078, ""source_fps_used"": 8.0, ""source_frame_count"": 16, ""video_path"": ""/DATA/DATA1/lixinyue/xyli/data/LGVQ/videos/VideoCrafter/There's a drum and guitar in the music classroom.mp4""}"
459,"VideoCrafter/Unique desert landscapes, with dunes sculpted by the wind.mp4",52.7,50.27558898925781,459,1,"[2, 6, 9, 14]","{""center_crop_fraction_of_short_side"": 0.65, ""container_reported_size_wh"": [256, 256], ""decoded_frames"": [{""center_crop_xywh"": [45, 45, 166, 166], ""decoded_size_wh"": [256, 256], ""frame_position"": 2, ""resize_output_size_wh"": [448, 448]}, {""center_crop_xywh"": [45, 45, 166, 166], ""decoded_size_wh"": [256, 256], ""frame_position"": 6, ""resize_output_size_wh"": [448, 448]}, {""center_crop_xywh"": [45, 45, 166, 166], ""decoded_size_wh"": [256, 256], ""frame_position"": 9, ""resize_output_size_wh"": [448, 448]}, {""center_crop_xywh"": [45, 45, 166, 166], ""decoded_size_wh"": [256, 256], ""frame_position"": 14, ""resize_output_size_wh"": [448, 448]}], ""processor_pixel_constraint"": {""max_pixels"": 200704, ""min_pixels"": 200704}, ""requested_frame_fractions"": [0.1, 0.37, 0.63, 0.9], ""resize_interpolation"": ""OpenCV INTER_AREA"", ""sample_id"": ""VideoCrafter/Unique desert landscapes, with dunes sculpted by the wind.mp4"", ""selected_frame_positions"": [2, 6, 9, 14], ""source_file_bytes"": 533145, ""source_fps_used"": 8.0, ""source_frame_count"": 16, ""video_path"": ""/DATA/DATA1/lixinyue/xyli/data/LGVQ/videos/VideoCrafter/Unique desert landscapes, with dunes sculpted by the wind.mp4""}"
460,VideoCrafter/Various fruit trees grow in the countryside.mp4,52.72,48.66006851196289,460,1,"[2, 6, 9, 14]","{""center_crop_fraction_of_short_side"": 0.65, ""container_reported_size_wh"": [256, 256], ""decoded_frames"": [{""center_crop_xywh"": [45, 45, 166, 166], ""decoded_size_wh"": [256, 256], ""frame_position"": 2, ""resize_output_size_wh"": [448, 448]}, {""center_crop_xywh"": [45, 45, 166, 166], ""decoded_size_wh"": [256, 256], ""frame_position"": 6, ""resize_output_size_wh"": [448, 448]}, {""center_crop_xywh"": [45, 45, 166, 166], ""decoded_size_wh"": [256, 256], ""frame_position"": 9, ""resize_output_size_wh"": [448, 448]}, {""center_crop_xywh"": [45, 45, 166, 166], ""decoded_size_wh"": [256, 256], ""frame_position"": 14, ""resize_output_size_wh"": [448, 448]}], ""processor_pixel_constraint"": {""max_pixels"": 200704, ""min_pixels"": 200704}, ""requested_frame_fractions"": [0.1, 0.37, 0.63, 0.9], ""resize_interpolation"": ""OpenCV INTER_AREA"", ""sample_id"": ""VideoCrafter/Various fruit trees grow in the countryside.mp4"", ""selected_frame_positions"": [2, 6, 9, 14], ""source_file_bytes"": 646946, ""source_fps_used"": 8.0, ""source_frame_count"": 16, ""video_path"": ""/DATA/DATA1/lixinyue/xyli/data/LGVQ/videos/VideoCrafter/Various fruit trees grow in the countryside.mp4""}"
461,VideoCrafter/Vendors at the market display fresh fruits and vegetables.mp4,55.33,45.0391845703125,461,1,"[2, 6, 9, 14]","{""center_crop_fraction_of_short_side"": 0.65, ""container_reported_size_wh"": [256, 256], ""decoded_frames"": [{""center_crop_xywh"": [45, 45, 166, 166], ""decoded_size_wh"": [256, 256], ""frame_position"": 2, ""resize_output_size_wh"": [448, 448]}, {""center_crop_xywh"": [45, 45, 166, 166], ""decoded_size_wh"": [256, 256], ""frame_position"": 6, ""resize_output_size_wh"": [448, 448]}, {""center_crop_xywh"": [45, 45, 166, 166], ""decoded_size_wh"": [256, 256], ""frame_position"": 9, ""resize_output_size_wh"": [448, 448]}, {""center_crop_xywh"": [45, 45, 166, 166], ""decoded_size_wh"": [256, 256], ""frame_position"": 14, ""resize_output_size_wh"": [448, 448]}], ""processor_pixel_constraint"": {""max_pixels"": 200704, ""min_pixels"": 200704}, ""requested_frame_fractions"": [0.1, 0.37, 0.63, 0.9], ""resize_interpolation"": ""OpenCV INTER_AREA"", ""sample_id"": ""VideoCrafter/Vendors at the market display fresh fruits and vegetables.mp4"", ""selected_frame_positions"": [2, 6, 9, 14], ""source_file_bytes"": 464018, ""source_fps_used"": 8.0, ""source_frame_count"": 16, ""video_path"": ""/DATA/DATA1/lixinyue/xyli/data/LGVQ/videos/VideoCrafter/Vendors at the market display fresh fruits and vegetables.mp4""}"
462,VideoCrafter/Visitors get information at the park's visitor center.mp4,54.27,47.67089080810547,462,1,"[2, 6, 9, 14]","{""center_crop_fraction_of_short_side"": 0.65, ""container_reported_size_wh"": [256, 256], ""decoded_frames"": [{""center_crop_xywh"": [45, 45, 166, 166], ""decoded_size_wh"": [256, 256], ""frame_position"": 2, ""resize_output_size_wh"": [448, 448]}, {""center_crop_xywh"": [45, 45, 166, 166], ""decoded_size_wh"": [256, 256], ""frame_position"": 6, ""resize_output_size_wh"": [448, 448]}, {""center_crop_xywh"": [45, 45, 166, 166], ""decoded_size_wh"": [256, 256], ""frame_position"": 9, ""resize_output_size_wh"": [448, 448]}, {""center_crop_xywh"": [45, 45, 166, 166], ""decoded_size_wh"": [256, 256], ""frame_position"": 14, ""resize_output_size_wh"": [448, 448]}], ""processor_pixel_constraint"": {""max_pixels"": 200704, ""min_pixels"": 200704}, ""requested_frame_fractions"": [0.1, 0.37, 0.63, 0.9], ""resize_interpolation"": ""OpenCV INTER_AREA"", ""sample_id"": ""VideoCrafter/Visitors get information at the park's visitor center.mp4"", ""selected_frame_positions"": [2, 6, 9, 14], ""source_file_bytes"": 525141, ""source_fps_used"": 8.0, ""source_frame_count"": 16, ""video_path"": ""/DATA/DATA1/lixinyue/xyli/data/LGVQ/videos/VideoCrafter/Visitors get information at the park's visitor center.mp4""}"
463,"VideoCrafter/Wandering through a forest path, surrounded by emerald greenery.mp4",55.82,47.84375762939453,463,1,"[2, 6, 9, 14]","{""center_crop_fraction_of_short_side"": 0.65, ""container_reported_size_wh"": [256, 256], ""decoded_frames"": [{""center_crop_xywh"": [45, 45, 166, 166], ""decoded_size_wh"": [256, 256], ""frame_position"": 2, ""resize_output_size_wh"": [448, 448]}, {""center_crop_xywh"": [45, 45, 166, 166], ""decoded_size_wh"": [256, 256], ""frame_position"": 6, ""resize_output_size_wh"": [448, 448]}, {""center_crop_xywh"": [45, 45, 166, 166], ""decoded_size_wh"": [256, 256], ""frame_position"": 9, ""resize_output_size_wh"": [448, 448]}, {""center_crop_xywh"": [45, 45, 166, 166], ""decoded_size_wh"": [256, 256], ""frame_position"": 14, ""resize_output_size_wh"": [448, 448]}], ""processor_pixel_constraint"": {""max_pixels"": 200704, ""min_pixels"": 200704}, ""requested_frame_fractions"": [0.1, 0.37, 0.63, 0.9], ""resize_interpolation"": ""OpenCV INTER_AREA"", ""sample_id"": ""VideoCrafter/Wandering through a forest path, surrounded by emerald greenery.mp4"", ""selected_frame_positions"": [2, 6, 9, 14], ""source_file_bytes"": 646878, ""source_fps_used"": 8.0, ""source_frame_count"": 16, ""video_path"": ""/DATA/DATA1/lixinyue/xyli/data/LGVQ/videos/VideoCrafter/Wandering through a forest path, surrounded by emerald greenery.mp4""}"
464,"VideoCrafter/Willow trees by the river, swaying gently in the calming breeze.mp4",67.88,51.29731369018555,464,1,"[2, 6, 9, 14]","{""center_crop_fraction_of_short_side"": 0.65, ""container_reported_size_wh"": [256, 256], ""decoded_frames"": [{""center_crop_xywh"": [45, 45, 166, 166], ""decoded_size_wh"": [256, 256], ""frame_position"": 2, ""resize_output_size_wh"": [448, 448]}, {""center_crop_xywh"": [45, 45, 166, 166], ""decoded_size_wh"": [256, 256], ""frame_position"": 6, ""resize_output_size_wh"": [448, 448]}, {""center_crop_xywh"": [45, 45, 166, 166], ""decoded_size_wh"": [256, 256], ""frame_position"": 9, ""resize_output_size_wh"": [448, 448]}, {""center_crop_xywh"": [45, 45, 166, 166], ""decoded_size_wh"": [256, 256], ""frame_position"": 14, ""resize_output_size_wh"": [448, 448]}], ""processor_pixel_constraint"": {""max_pixels"": 200704, ""min_pixels"": 200704}, ""requested_frame_fractions"": [0.1, 0.37, 0.63, 0.9], ""resize_interpolation"": ""OpenCV INTER_AREA"", ""sample_id"": ""VideoCrafter/Willow trees by the river, swaying gently in the calming breeze.mp4"", ""selected_frame_positions"": [2, 6, 9, 14], ""source_file_bytes"": 499144, ""source_fps_used"": 8.0, ""source_frame_count"": 16, ""video_path"": ""/DATA/DATA1/lixinyue/xyli/data/LGVQ/videos/VideoCrafter/Willow trees by the river, swaying gently in the calming breeze.mp4""}"
465,"video_fusion/A baseball player swung the bat, preparing for a home run.mp4",50.19,51.648250579833984,465,1,"[2, 6, 9, 14]","{""center_crop_fraction_of_short_side"": 0.65, ""container_reported_size_wh"": [256, 256], ""decoded_frames"": [{""center_crop_xywh"": [45, 45, 166, 166], ""decoded_size_wh"": [256, 256], ""frame_position"": 2, ""resize_output_size_wh"": [448, 448]}, {""center_crop_xywh"": [45, 45, 166, 166], ""decoded_size_wh"": [256, 256], ""frame_position"": 6, ""resize_output_size_wh"": [448, 448]}, {""center_crop_xywh"": [45, 45, 166, 166], ""decoded_size_wh"": [256, 256], ""frame_position"": 9, ""resize_output_size_wh"": [448, 448]}, {""center_crop_xywh"": [45, 45, 166, 166], ""decoded_size_wh"": [256, 256], ""frame_position"": 14, ""resize_output_size_wh"": [448, 448]}], ""processor_pixel_constraint"": {""max_pixels"": 200704, ""min_pixels"": 200704}, ""requested_frame_fractions"": [0.1, 0.37, 0.63, 0.9], ""resize_interpolation"": ""OpenCV INTER_AREA"", ""sample_id"": ""video_fusion/A baseball player swung the bat, preparing for a home run.mp4"", ""selected_frame_positions"": [2, 6, 9, 14], ""source_file_bytes"": 263633, ""source_fps_used"": 8.0, ""source_frame_count"": 16, ""video_path"": ""/DATA/DATA1/lixinyue/xyli/data/LGVQ/videos/video_fusion/A baseball player swung the bat, preparing for a home run.mp4""}"
466,video_fusion/A bowl of hot soup is especially delicious on a cold winter day.mp4,44.82,46.401512145996094,466,1,"[2, 6, 9, 14]","{""center_crop_fraction_of_short_side"": 0.65, ""container_reported_size_wh"": [256, 256], ""decoded_frames"": [{""center_crop_xywh"": [45, 45, 166, 166], ""decoded_size_wh"": [256, 256], ""frame_position"": 2, ""resize_output_size_wh"": [448, 448]}, {""center_crop_xywh"": [45, 45, 166, 166], ""decoded_size_wh"": [256, 256], ""frame_position"": 6, ""resize_output_size_wh"": [448, 448]}, {""center_crop_xywh"": [45, 45, 166, 166], ""decoded_size_wh"": [256, 256], ""frame_position"": 9, ""resize_output_size_wh"": [448, 448]}, {""center_crop_xywh"": [45, 45, 166, 166], ""decoded_size_wh"": [256, 256], ""frame_position"": 14, ""resize_output_size_wh"": [448, 448]}], ""processor_pixel_constraint"": {""max_pixels"": 200704, ""min_pixels"": 200704}, ""requested_frame_fractions"": [0.1, 0.37, 0.63, 0.9], ""resize_interpolation"": ""OpenCV INTER_AREA"", ""sample_id"": ""video_fusion/A bowl of hot soup is especially delicious on a cold winter day.mp4"", ""selected_frame_positions"": [2, 6, 9, 14], ""source_file_bytes"": 141816, ""source_fps_used"": 8.0, ""source_frame_count"": 16, ""video_path"": ""/DATA/DATA1/lixinyue/xyli/data/LGVQ/videos/video_fusion/A bowl of hot soup is especially delicious on a cold winter day.mp4""}"
467,video_fusion/A bowl of ramen has delicious pork and seaweed.mp4,62.42,55.381874084472656,467,1,"[2, 6, 9, 14]","{""center_crop_fraction_of_short_side"": 0.65, ""container_reported_size_wh"": [256, 256], ""decoded_frames"": [{""center_crop_xywh"": [45, 45, 166, 166], ""decoded_size_wh"": [256, 256], ""frame_position"": 2, ""resize_output_size_wh"": [448, 448]}, {""center_crop_xywh"": [45, 45, 166, 166], ""decoded_size_wh"": [256, 256], ""frame_position"": 6, ""resize_output_size_wh"": [448, 448]}, {""center_crop_xywh"": [45, 45, 166, 166], ""decoded_size_wh"": [256, 256], ""frame_position"": 9, ""resize_output_size_wh"": [448, 448]}, {""center_crop_xywh"": [45, 45, 166, 166], ""decoded_size_wh"": [256, 256], ""frame_position"": 14, ""resize_output_size_wh"": [448, 448]}], ""processor_pixel_constraint"": {""max_pixels"": 200704, ""min_pixels"": 200704}, ""requested_frame_fractions"": [0.1, 0.37, 0.63, 0.9], ""resize_interpolation"": ""OpenCV INTER_AREA"", ""sample_id"": ""video_fusion/A bowl of ramen has delicious pork and seaweed.mp4"", ""selected_frame_positions"": [2, 6, 9, 14], ""source_file_bytes"": 159339, ""source_fps_used"": 8.0, ""source_frame_count"": 16, ""video_path"": ""/DATA/DATA1/lixinyue/xyli/data/LGVQ/videos/video_fusion/A bowl of ramen has delicious pork and seaweed.mp4""}"
468,video_fusion/A bowl of rich French onion soup emanates an enticing aroma.mp4,61.56,62.31214904785156,468,1,"[2, 6, 9, 14]","{""center_crop_fraction_of_short_side"": 0.65, ""container_reported_size_wh"": [256, 256], ""decoded_frames"": [{""center_crop_xywh"": [45, 45, 166, 166], ""decoded_size_wh"": [256, 256], ""frame_position"": 2, ""resize_output_size_wh"": [448, 448]}, {""center_crop_xywh"": [45, 45, 166, 166], ""decoded_size_wh"": [256, 256], ""frame_position"": 6, ""resize_output_size_wh"": [448, 448]}, {""center_crop_xywh"": [45, 45, 166, 166], ""decoded_size_wh"": [256, 256], ""frame_position"": 9, ""resize_output_size_wh"": [448, 448]}, {""center_crop_xywh"": [45, 45, 166, 166], ""decoded_size_wh"": [256, 256], ""frame_position"": 14, ""resize_output_size_wh"": [448, 448]}], ""processor_pixel_constraint"": {""max_pixels"": 200704, ""min_pixels"": 200704}, ""requested_frame_fractions"": [0.1, 0.37, 0.63, 0.9], ""resize_interpolation"": ""OpenCV INTER_AREA"", ""sample_id"": ""video_fusion/A bowl of rich French onion soup emanates an enticing aroma.mp4"", ""selected_frame_positions"": [2, 6, 9, 14], ""source_file_bytes"": 66835, ""source_fps_used"": 8.0, ""source_frame_count"": 16, ""video_path"": ""/DATA/DATA1/lixinyue/xyli/data/LGVQ/videos/video_fusion/A bowl of rich French onion soup emanates an enticing aroma.mp4""}"
469,video_fusion/A bowl of spicy Mexican chili is very delicious.mp4,63.59,58.49565505981445,469,1,"[2, 6, 9, 14]","{""center_crop_fraction_of_short_side"": 0.65, ""container_reported_size_wh"": [256, 256], ""decoded_frames"": [{""center_crop_xywh"": [45, 45, 166, 166], ""decoded_size_wh"": [256, 256], ""frame_position"": 2, ""resize_output_size_wh"": [448, 448]}, {""center_crop_xywh"": [45, 45, 166, 166], ""decoded_size_wh"": [256, 256], ""frame_position"": 6, ""resize_output_size_wh"": [448, 448]}, {""center_crop_xywh"": [45, 45, 166, 166], ""decoded_size_wh"": [256, 256], ""frame_position"": 9, ""resize_output_size_wh"": [448, 448]}, {""center_crop_xywh"": [45, 45, 166, 166], ""decoded_size_wh"": [256, 256], ""frame_position"": 14, ""resize_output_size_wh"": [448, 448]}], ""processor_pixel_constraint"": {""max_pixels"": 200704, ""min_pixels"": 200704}, ""requested_frame_fractions"": [0.1, 0.37, 0.63, 0.9], ""resize_interpolation"": ""OpenCV INTER_AREA"", ""sample_id"": ""video_fusion/A bowl of spicy Mexican chili is very delicious.mp4"", ""selected_frame_positions"": [2, 6, 9, 14], ""source_file_bytes"": 168747, ""source_fps_used"": 8.0, ""source_frame_count"": 16, ""video_path"": ""/DATA/DATA1/lixinyue/xyli/data/LGVQ/videos/video_fusion/A bowl of spicy Mexican chili is very delicious.mp4""}"
470,video_fusion/A butterfly gracefully dances among the flowers.mp4,55.32,49.10878372192383,470,1,"[2, 6, 9, 14]","{""center_crop_fraction_of_short_side"": 0.65, ""container_reported_size_wh"": [256, 256], ""decoded_frames"": [{""center_crop_xywh"": [45, 45, 166, 166], ""decoded_size_wh"": [256, 256], ""frame_position"": 2, ""resize_output_size_wh"": [448, 448]}, {""center_crop_xywh"": [45, 45, 166, 166], ""decoded_size_wh"": [256, 256], ""frame_position"": 6, ""resize_output_size_wh"": [448, 448]}, {""center_crop_xywh"": [45, 45, 166, 166], ""decoded_size_wh"": [256, 256], ""frame_position"": 9, ""resize_output_size_wh"": [448, 448]}, {""center_crop_xywh"": [45, 45, 166, 166], ""decoded_size_wh"": [256, 256], ""frame_position"": 14, ""resize_output_size_wh"": [448, 448]}], ""processor_pixel_constraint"": {""max_pixels"": 200704, ""min_pixels"": 200704}, ""requested_frame_fractions"": [0.1, 0.37, 0.63, 0.9], ""resize_interpolation"": ""OpenCV INTER_AREA"", ""sample_id"": ""video_fusion/A butterfly gracefully dances among the flowers.mp4"", ""selected_frame_positions"": [2, 6, 9, 14], ""source_file_bytes"": 233333, ""source_fps_used"": 8.0, ""source_frame_count"": 16, ""video_path"": ""/DATA/DATA1/lixinyue/xyli/data/LGVQ/videos/video_fusion/A butterfly gracefully dances among the flowers.mp4""}"
471,video_fusion/A cactus thrives in the harsh desert.mp4,58.16,64.02902221679688,471,1,"[2, 6, 9, 14]","{""center_crop_fraction_of_short_side"": 0.65, ""container_reported_size_wh"": [256, 256], ""decoded_frames"": [{""center_crop_xywh"": [45, 45, 166, 166], ""decoded_size_wh"": [256, 256], ""frame_position"": 2, ""resize_output_size_wh"": [448, 448]}, {""center_crop_xywh"": [45, 45, 166, 166], ""decoded_size_wh"": [256, 256], ""frame_position"": 6, ""resize_output_size_wh"": [448, 448]}, {""center_crop_xywh"": [45, 45, 166, 166], ""decoded_size_wh"": [256, 256], ""frame_position"": 9, ""resize_output_size_wh"": [448, 448]}, {""center_crop_xywh"": [45, 45, 166, 166], ""decoded_size_wh"": [256, 256], ""frame_position"": 14, ""resize_output_size_wh"": [448, 448]}], ""processor_pixel_constraint"": {""max_pixels"": 200704, ""min_pixels"": 200704}, ""requested_frame_fractions"": [0.1, 0.37, 0.63, 0.9], ""resize_interpolation"": ""OpenCV INTER_AREA"", ""sample_id"": ""video_fusion/A cactus thrives in the harsh desert.mp4"", ""selected_frame_positions"": [2, 6, 9, 14], ""source_file_bytes"": 151642, ""source_fps_used"": 8.0, ""source_frame_count"": 16, ""video_path"": ""/DATA/DATA1/lixinyue/xyli/data/LGVQ/videos/video_fusion/A cactus thrives in the harsh desert.mp4""}"
472,"video_fusion/A couple walks hand in hand on the beach, listening to the sound of the waves.mp4",62.61,45.73195266723633,472,1,"[2, 6, 9, 14]","{""center_crop_fraction_of_short_side"": 0.65, ""container_reported_size_wh"": [256, 256], ""decoded_frames"": [{""center_crop_xywh"": [45, 45, 166, 166], ""decoded_size_wh"": [256, 256], ""frame_position"": 2, ""resize_output_size_wh"": [448, 448]}, {""center_crop_xywh"": [45, 45, 166, 166], ""decoded_size_wh"": [256, 256], ""frame_position"": 6, ""resize_output_size_wh"": [448, 448]}, {""center_crop_xywh"": [45, 45, 166, 166], ""decoded_size_wh"": [256, 256], ""frame_position"": 9, ""resize_output_size_wh"": [448, 448]}, {""center_crop_xywh"": [45, 45, 166, 166], ""decoded_size_wh"": [256, 256], ""frame_position"": 14, ""resize_output_size_wh"": [448, 448]}], ""processor_pixel_constraint"": {""max_pixels"": 200704, ""min_pixels"": 200704}, ""requested_frame_fractions"": [0.1, 0.37, 0.63, 0.9], ""resize_interpolation"": ""OpenCV INTER_AREA"", ""sample_id"": ""video_fusion/A couple walks hand in hand on the beach, listening to the sound of the waves.mp4"", ""selected_frame_positions"": [2, 6, 9, 14], ""source_file_bytes"": 158637, ""source_fps_used"": 8.0, ""source_frame_count"": 16, ""video_path"": ""/DATA/DATA1/lixinyue/xyli/data/LGVQ/videos/video_fusion/A couple walks hand in hand on the beach, listening to the sound of the waves.mp4""}"
473,video_fusion/A cup of hot chocolate is fragrant.mp4,60.9,44.693580627441406,473,1,"[2, 6, 9, 14]","{""center_crop_fraction_of_short_side"": 0.65, ""container_reported_size_wh"": [256, 256], ""decoded_frames"": [{""center_crop_xywh"": [45, 45, 166, 166], ""decoded_size_wh"": [256, 256], ""frame_position"": 2, ""resize_output_size_wh"": [448, 448]}, {""center_crop_xywh"": [45, 45, 166, 166], ""decoded_size_wh"": [256, 256], ""frame_position"": 6, ""resize_output_size_wh"": [448, 448]}, {""center_crop_xywh"": [45, 45, 166, 166], ""decoded_size_wh"": [256, 256], ""frame_position"": 9, ""resize_output_size_wh"": [448, 448]}, {""center_crop_xywh"": [45, 45, 166, 166], ""decoded_size_wh"": [256, 256], ""frame_position"": 14, ""resize_output_size_wh"": [448, 448]}], ""processor_pixel_constraint"": {""max_pixels"": 200704, ""min_pixels"": 200704}, ""requested_frame_fractions"": [0.1, 0.37, 0.63, 0.9], ""resize_interpolation"": ""OpenCV INTER_AREA"", ""sample_id"": ""video_fusion/A cup of hot chocolate is fragrant.mp4"", ""selected_frame_positions"": [2, 6, 9, 14], ""source_file_bytes"": 93357, ""source_fps_used"": 8.0, ""source_frame_count"": 16, ""video_path"": ""/DATA/DATA1/lixinyue/xyli/data/LGVQ/videos/video_fusion/A cup of hot chocolate is fragrant.mp4""}"
474,video_fusion/A daffodil sways in the spring breeze.mp4,67.65,48.288597106933594,474,1,"[2, 6, 9, 14]","{""center_crop_fraction_of_short_side"": 0.65, ""container_reported_size_wh"": [256, 256], ""decoded_frames"": [{""center_crop_xywh"": [45, 45, 166, 166], ""decoded_size_wh"": [256, 256], ""frame_position"": 2, ""resize_output_size_wh"": [448, 448]}, {""center_crop_xywh"": [45, 45, 166, 166], ""decoded_size_wh"": [256, 256], ""frame_position"": 6, ""resize_output_size_wh"": [448, 448]}, {""center_crop_xywh"": [45, 45, 166, 166], ""decoded_size_wh"": [256, 256], ""frame_position"": 9, ""resize_output_size_wh"": [448, 448]}, {""center_crop_xywh"": [45, 45, 166, 166], ""decoded_size_wh"": [256, 256], ""frame_position"": 14, ""resize_output_size_wh"": [448, 448]}], ""processor_pixel_constraint"": {""max_pixels"": 200704, ""min_pixels"": 200704}, ""requested_frame_fractions"": [0.1, 0.37, 0.63, 0.9], ""resize_interpolation"": ""OpenCV INTER_AREA"", ""sample_id"": ""video_fusion/A daffodil sways in the spring breeze.mp4"", ""selected_frame_positions"": [2, 6, 9, 14], ""source_file_bytes"": 334365, ""source_fps_used"": 8.0, ""source_frame_count"": 16, ""video_path"": ""/DATA/DATA1/lixinyue/xyli/data/LGVQ/videos/video_fusion/A daffodil sways in the spring breeze.mp4""}"
475,video_fusion/A designer creates fashionable clothing designs.mp4,48.78,50.67791748046875,475,1,"[2, 6, 9, 14]","{""center_crop_fraction_of_short_side"": 0.65, ""container_reported_size_wh"": [256, 256], ""decoded_frames"": [{""center_crop_xywh"": [45, 45, 166, 166], ""decoded_size_wh"": [256, 256], ""frame_position"": 2, ""resize_output_size_wh"": [448, 448]}, {""center_crop_xywh"": [45, 45, 166, 166], ""decoded_size_wh"": [256, 256], ""frame_position"": 6, ""resize_output_size_wh"": [448, 448]}, {""center_crop_xywh"": [45, 45, 166, 166], ""decoded_size_wh"": [256, 256], ""frame_position"": 9, ""resize_output_size_wh"": [448, 448]}, {""center_crop_xywh"": [45, 45, 166, 166], ""decoded_size_wh"": [256, 256], ""frame_position"": 14, ""resize_output_size_wh"": [448, 448]}], ""processor_pixel_constraint"": {""max_pixels"": 200704, ""min_pixels"": 200704}, ""requested_frame_fractions"": [0.1, 0.37, 0.63, 0.9], ""resize_interpolation"": ""OpenCV INTER_AREA"", ""sample_id"": ""video_fusion/A designer creates fashionable clothing designs.mp4"", ""selected_frame_positions"": [2, 6, 9, 14], ""source_file_bytes"": 282007, ""source_fps_used"": 8.0, ""source_frame_count"": 16, ""video_path"": ""/DATA/DATA1/lixinyue/xyli/data/LGVQ/videos/video_fusion/A designer creates fashionable clothing designs.mp4""}"
476,video_fusion/A diver is exploring the underwater world under the coral reef.mp4,66.25,52.14834976196289,476,1,"[2, 6, 9, 14]","{""center_crop_fraction_of_short_side"": 0.65, ""container_reported_size_wh"": [256, 256], ""decoded_frames"": [{""center_crop_xywh"": [45, 45, 166, 166], ""decoded_size_wh"": [256, 256], ""frame_position"": 2, ""resize_output_size_wh"": [448, 448]}, {""center_crop_xywh"": [45, 45, 166, 166], ""decoded_size_wh"": [256, 256], ""frame_position"": 6, ""resize_output_size_wh"": [448, 448]}, {""center_crop_xywh"": [45, 45, 166, 166], ""decoded_size_wh"": [256, 256], ""frame_position"": 9, ""resize_output_size_wh"": [448, 448]}, {""center_crop_xywh"": [45, 45, 166, 166], ""decoded_size_wh"": [256, 256], ""frame_position"": 14, ""resize_output_size_wh"": [448, 448]}], ""processor_pixel_constraint"": {""max_pixels"": 200704, ""min_pixels"": 200704}, ""requested_frame_fractions"": [0.1, 0.37, 0.63, 0.9], ""resize_interpolation"": ""OpenCV INTER_AREA"", ""sample_id"": ""video_fusion/A diver is exploring the underwater world under the coral reef.mp4"", ""selected_frame_positions"": [2, 6, 9, 14], ""source_file_bytes"": 300077, ""source_fps_used"": 8.0, ""source_frame_count"": 16, ""video_path"": ""/DATA/DATA1/lixinyue/xyli/data/LGVQ/videos/video_fusion/A diver is exploring the underwater world under the coral reef.mp4""}"
477,video_fusion/A doctor cares for patients in the hospital.mp4,69.19,55.320762634277344,477,1,"[2, 6, 9, 14]","{""center_crop_fraction_of_short_side"": 0.65, ""container_reported_size_wh"": [256, 256], ""decoded_frames"": [{""center_crop_xywh"": [45, 45, 166, 166], ""decoded_size_wh"": [256, 256], ""frame_position"": 2, ""resize_output_size_wh"": [448, 448]}, {""center_crop_xywh"": [45, 45, 166, 166], ""decoded_size_wh"": [256, 256], ""frame_position"": 6, ""resize_output_size_wh"": [448, 448]}, {""center_crop_xywh"": [45, 45, 166, 166], ""decoded_size_wh"": [256, 256], ""frame_position"": 9, ""resize_output_size_wh"": [448, 448]}, {""center_crop_xywh"": [45, 45, 166, 166], ""decoded_size_wh"": [256, 256], ""frame_position"": 14, ""resize_output_size_wh"": [448, 448]}], ""processor_pixel_constraint"": {""max_pixels"": 200704, ""min_pixels"": 200704}, ""requested_frame_fractions"": [0.1, 0.37, 0.63, 0.9], ""resize_interpolation"": ""OpenCV INTER_AREA"", ""sample_id"": ""video_fusion/A doctor cares for patients in the hospital.mp4"", ""selected_frame_positions"": [2, 6, 9, 14], ""source_file_bytes"": 155809, ""source_fps_used"": 8.0, ""source_frame_count"": 16, ""video_path"": ""/DATA/DATA1/lixinyue/xyli/data/LGVQ/videos/video_fusion/A doctor cares for patients in the hospital.mp4""}"
478,video_fusion/A doctor is carefully examining a patient's body.mp4,51.6,52.99921417236328,478,1,"[2, 6, 9, 14]","{""center_crop_fraction_of_short_side"": 0.65, ""container_reported_size_wh"": [256, 256], ""decoded_frames"": [{""center_crop_xywh"": [45, 45, 166, 166], ""decoded_size_wh"": [256, 256], ""frame_position"": 2, ""resize_output_size_wh"": [448, 448]}, {""center_crop_xywh"": [45, 45, 166, 166], ""decoded_size_wh"": [256, 256], ""frame_position"": 6, ""resize_output_size_wh"": [448, 448]}, {""center_crop_xywh"": [45, 45, 166, 166], ""decoded_size_wh"": [256, 256], ""frame_position"": 9, ""resize_output_size_wh"": [448, 448]}, {""center_crop_xywh"": [45, 45, 166, 166], ""decoded_size_wh"": [256, 256], ""frame_position"": 14, ""resize_output_size_wh"": [448, 448]}], ""processor_pixel_constraint"": {""max_pixels"": 200704, ""min_pixels"": 200704}, ""requested_frame_fractions"": [0.1, 0.37, 0.63, 0.9], ""resize_interpolation"": ""OpenCV INTER_AREA"", ""sample_id"": ""video_fusion/A doctor is carefully examining a patient's body.mp4"", ""selected_frame_positions"": [2, 6, 9, 14], ""source_file_bytes"": 123921, ""source_fps_used"": 8.0, ""source_frame_count"": 16, ""video_path"": ""/DATA/DATA1/lixinyue/xyli/data/LGVQ/videos/video_fusion/A doctor is carefully examining a patient's body.mp4""}"
479,video_fusion/A family goes to the movies on the weekend.mp4,44.73,54.53345489501953,479,1,"[2, 6, 9, 14]","{""center_crop_fraction_of_short_side"": 0.65, ""container_reported_size_wh"": [256, 256], ""decoded_frames"": [{""center_crop_xywh"": [45, 45, 166, 166], ""decoded_size_wh"": [256, 256], ""frame_position"": 2, ""resize_output_size_wh"": [448, 448]}, {""center_crop_xywh"": [45, 45, 166, 166], ""decoded_size_wh"": [256, 256], ""frame_position"": 6, ""resize_output_size_wh"": [448, 448]}, {""center_crop_xywh"": [45, 45, 166, 166], ""decoded_size_wh"": [256, 256], ""frame_position"": 9, ""resize_output_size_wh"": [448, 448]}, {""center_crop_xywh"": [45, 45, 166, 166], ""decoded_size_wh"": [256, 256], ""frame_position"": 14, ""resize_output_size_wh"": [448, 448]}], ""processor_pixel_constraint"": {""max_pixels"": 200704, ""min_pixels"": 200704}, ""requested_frame_fractions"": [0.1, 0.37, 0.63, 0.9], ""resize_interpolation"": ""OpenCV INTER_AREA"", ""sample_id"": ""video_fusion/A family goes to the movies on the weekend.mp4"", ""selected_frame_positions"": [2, 6, 9, 14], ""source_file_bytes"": 138024, ""source_fps_used"": 8.0, ""source_frame_count"": 16, ""video_path"": ""/DATA/DATA1/lixinyue/xyli/data/LGVQ/videos/video_fusion/A family goes to the movies on the weekend.mp4""}"
480,video_fusion/A field of dandelions lines the side of a rural road.mp4,60.82,58.96637725830078,480,1,"[2, 6, 9, 14]","{""center_crop_fraction_of_short_side"": 0.65, ""container_reported_size_wh"": [256, 256], ""decoded_frames"": [{""center_crop_xywh"": [45, 45, 166, 166], ""decoded_size_wh"": [256, 256], ""frame_position"": 2, ""resize_output_size_wh"": [448, 448]}, {""center_crop_xywh"": [45, 45, 166, 166], ""decoded_size_wh"": [256, 256], ""frame_position"": 6, ""resize_output_size_wh"": [448, 448]}, {""center_crop_xywh"": [45, 45, 166, 166], ""decoded_size_wh"": [256, 256], ""frame_position"": 9, ""resize_output_size_wh"": [448, 448]}, {""center_crop_xywh"": [45, 45, 166, 166], ""decoded_size_wh"": [256, 256], ""frame_position"": 14, ""resize_output_size_wh"": [448, 448]}], ""processor_pixel_constraint"": {""max_pixels"": 200704, ""min_pixels"": 200704}, ""requested_frame_fractions"": [0.1, 0.37, 0.63, 0.9], ""resize_interpolation"": ""OpenCV INTER_AREA"", ""sample_id"": ""video_fusion/A field of dandelions lines the side of a rural road.mp4"", ""selected_frame_positions"": [2, 6, 9, 14], ""source_file_bytes"": 165984, ""source_fps_used"": 8.0, ""source_frame_count"": 16, ""video_path"": ""/DATA/DATA1/lixinyue/xyli/data/LGVQ/videos/video_fusion/A field of dandelions lines the side of a rural road.mp4""}"
481,video_fusion/A golden field of wheat sways gently in the breeze.mp4,65.28,57.01018142700195,481,1,"[2, 6, 9, 14]","{""center_crop_fraction_of_short_side"": 0.65, ""container_reported_size_wh"": [256, 256], ""decoded_frames"": [{""center_crop_xywh"": [45, 45, 166, 166], ""decoded_size_wh"": [256, 256], ""frame_position"": 2, ""resize_output_size_wh"": [448, 448]}, {""center_crop_xywh"": [45, 45, 166, 166], ""decoded_size_wh"": [256, 256], ""frame_position"": 6, ""resize_output_size_wh"": [448, 448]}, {""center_crop_xywh"": [45, 45, 166, 166], ""decoded_size_wh"": [256, 256], ""frame_position"": 9, ""resize_output_size_wh"": [448, 448]}, {""center_crop_xywh"": [45, 45, 166, 166], ""decoded_size_wh"": [256, 256], ""frame_position"": 14, ""resize_output_size_wh"": [448, 448]}], ""processor_pixel_constraint"": {""max_pixels"": 200704, ""min_pixels"": 200704}, ""requested_frame_fractions"": [0.1, 0.37, 0.63, 0.9], ""resize_interpolation"": ""OpenCV INTER_AREA"", ""sample_id"": ""video_fusion/A golden field of wheat sways gently in the breeze.mp4"", ""selected_frame_positions"": [2, 6, 9, 14], ""source_file_bytes"": 194885, ""source_fps_used"": 8.0, ""source_frame_count"": 16, ""video_path"": ""/DATA/DATA1/lixinyue/xyli/data/LGVQ/videos/video_fusion/A golden field of wheat sways gently in the breeze.mp4""}"
482,video_fusion/A group of villagers wash clothes by the stream.mp4,63.58,47.68663787841797,482,1,"[2, 6, 9, 14]","{""center_crop_fraction_of_short_side"": 0.65, ""container_reported_size_wh"": [256, 256], ""decoded_frames"": [{""center_crop_xywh"": [45, 45, 166, 166], ""decoded_size_wh"": [256, 256], ""frame_position"": 2, ""resize_output_size_wh"": [448, 448]}, {""center_crop_xywh"": [45, 45, 166, 166], ""decoded_size_wh"": [256, 256], ""frame_position"": 6, ""resize_output_size_wh"": [448, 448]}, {""center_crop_xywh"": [45, 45, 166, 166], ""decoded_size_wh"": [256, 256], ""frame_position"": 9, ""resize_output_size_wh"": [448, 448]}, {""center_crop_xywh"": [45, 45, 166, 166], ""decoded_size_wh"": [256, 256], ""frame_position"": 14, ""resize_output_size_wh"": [448, 448]}], ""processor_pixel_constraint"": {""max_pixels"": 200704, ""min_pixels"": 200704}, ""requested_frame_fractions"": [0.1, 0.37, 0.63, 0.9], ""resize_interpolation"": ""OpenCV INTER_AREA"", ""sample_id"": ""video_fusion/A group of villagers wash clothes by the stream.mp4"", ""selected_frame_positions"": [2, 6, 9, 14], ""source_file_bytes"": 234686, ""source_fps_used"": 8.0, ""source_frame_count"": 16, ""video_path"": ""/DATA/DATA1/lixinyue/xyli/data/LGVQ/videos/video_fusion/A group of villagers wash clothes by the stream.mp4""}"
483,video_fusion/A hippo leisurely floats in the water.mp4,63.62,48.27375411987305,483,1,"[2, 6, 9, 14]","{""center_crop_fraction_of_short_side"": 0.65, ""container_reported_size_wh"": [256, 256], ""decoded_frames"": [{""center_crop_xywh"": [45, 45, 166, 166], ""decoded_size_wh"": [256, 256], ""frame_position"": 2, ""resize_output_size_wh"": [448, 448]}, {""center_crop_xywh"": [45, 45, 166, 166], ""decoded_size_wh"": [256, 256], ""frame_position"": 6, ""resize_output_size_wh"": [448, 448]}, {""center_crop_xywh"": [45, 45, 166, 166], ""decoded_size_wh"": [256, 256], ""frame_position"": 9, ""resize_output_size_wh"": [448, 448]}, {""center_crop_xywh"": [45, 45, 166, 166], ""decoded_size_wh"": [256, 256], ""frame_position"": 14, ""resize_output_size_wh"": [448, 448]}], ""processor_pixel_constraint"": {""max_pixels"": 200704, ""min_pixels"": 200704}, ""requested_frame_fractions"": [0.1, 0.37, 0.63, 0.9], ""resize_interpolation"": ""OpenCV INTER_AREA"", ""sample_id"": ""video_fusion/A hippo leisurely floats in the water.mp4"", ""selected_frame_positions"": [2, 6, 9, 14], ""source_file_bytes"": 255978, ""source_fps_used"": 8.0, ""source_frame_count"": 16, ""video_path"": ""/DATA/DATA1/lixinyue/xyli/data/LGVQ/videos/video_fusion/A hippo leisurely floats in the water.mp4""}"
484,video_fusion/A kangaroo jumps across the Australian desert.mp4,42.0,49.142822265625,484,1,"[2, 6, 9, 14]","{""center_crop_fraction_of_short_side"": 0.65, ""container_reported_size_wh"": [256, 256], ""decoded_frames"": [{""center_crop_xywh"": [45, 45, 166, 166], ""decoded_size_wh"": [256, 256], ""frame_position"": 2, ""resize_output_size_wh"": [448, 448]}, {""center_crop_xywh"": [45, 45, 166, 166], ""decoded_size_wh"": [256, 256], ""frame_position"": 6, ""resize_output_size_wh"": [448, 448]}, {""center_crop_xywh"": [45, 45, 166, 166], ""decoded_size_wh"": [256, 256], ""frame_position"": 9, ""resize_output_size_wh"": [448, 448]}, {""center_crop_xywh"": [45, 45, 166, 166], ""decoded_size_wh"": [256, 256], ""frame_position"": 14, ""resize_output_size_wh"": [448, 448]}], ""processor_pixel_constraint"": {""max_pixels"": 200704, ""min_pixels"": 200704}, ""requested_frame_fractions"": [0.1, 0.37, 0.63, 0.9], ""resize_interpolation"": ""OpenCV INTER_AREA"", ""sample_id"": ""video_fusion/A kangaroo jumps across the Australian desert.mp4"", ""selected_frame_positions"": [2, 6, 9, 14], ""source_file_bytes"": 139318, ""source_fps_used"": 8.0, ""source_frame_count"": 16, ""video_path"": ""/DATA/DATA1/lixinyue/xyli/data/LGVQ/videos/video_fusion/A kangaroo jumps across the Australian desert.mp4""}"
485,video_fusion/A lotus leaf floats on a serene pond.mp4,67.95,57.665897369384766,485,1,"[2, 6, 9, 14]","{""center_crop_fraction_of_short_side"": 0.65, ""container_reported_size_wh"": [256, 256], ""decoded_frames"": [{""center_crop_xywh"": [45, 45, 166, 166], ""decoded_size_wh"": [256, 256], ""frame_position"": 2, ""resize_output_size_wh"": [448, 448]}, {""center_crop_xywh"": [45, 45, 166, 166], ""decoded_size_wh"": [256, 256], ""frame_position"": 6, ""resize_output_size_wh"": [448, 448]}, {""center_crop_xywh"": [45, 45, 166, 166], ""decoded_size_wh"": [256, 256], ""frame_position"": 9, ""resize_output_size_wh"": [448, 448]}, {""center_crop_xywh"": [45, 45, 166, 166], ""decoded_size_wh"": [256, 256], ""frame_position"": 14, ""resize_output_size_wh"": [448, 448]}], ""processor_pixel_constraint"": {""max_pixels"": 200704, ""min_pixels"": 200704}, ""requested_frame_fractions"": [0.1, 0.37, 0.63, 0.9], ""resize_interpolation"": ""OpenCV INTER_AREA"", ""sample_id"": ""video_fusion/A lotus leaf floats on a serene pond.mp4"", ""selected_frame_positions"": [2, 6, 9, 14], ""source_file_bytes"": 123976, ""source_fps_used"": 8.0, ""source_frame_count"": 16, ""video_path"": ""/DATA/DATA1/lixinyue/xyli/data/LGVQ/videos/video_fusion/A lotus leaf floats on a serene pond.mp4""}"
486,video_fusion/A milkshake is garnished with fresh strawberries and cream.mp4,59.58,63.309120178222656,486,1,"[2, 6, 9, 14]","{""center_crop_fraction_of_short_side"": 0.65, ""container_reported_size_wh"": [256, 256], ""decoded_frames"": [{""center_crop_xywh"": [45, 45, 166, 166], ""decoded_size_wh"": [256, 256], ""frame_position"": 2, ""resize_output_size_wh"": [448, 448]}, {""center_crop_xywh"": [45, 45, 166, 166], ""decoded_size_wh"": [256, 256], ""frame_position"": 6, ""resize_output_size_wh"": [448, 448]}, {""center_crop_xywh"": [45, 45, 166, 166], ""decoded_size_wh"": [256, 256], ""frame_position"": 9, ""resize_output_size_wh"": [448, 448]}, {""center_crop_xywh"": [45, 45, 166, 166], ""decoded_size_wh"": [256, 256], ""frame_position"": 14, ""resize_output_size_wh"": [448, 448]}], ""processor_pixel_constraint"": {""max_pixels"": 200704, ""min_pixels"": 200704}, ""requested_frame_fractions"": [0.1, 0.37, 0.63, 0.9], ""resize_interpolation"": ""OpenCV INTER_AREA"", ""sample_id"": ""video_fusion/A milkshake is garnished with fresh strawberries and cream.mp4"", ""selected_frame_positions"": [2, 6, 9, 14], ""source_file_bytes"": 136000, ""source_fps_used"": 8.0, ""source_frame_count"": 16, ""video_path"": ""/DATA/DATA1/lixinyue/xyli/data/LGVQ/videos/video_fusion/A milkshake is garnished with fresh strawberries and cream.mp4""}"
487,video_fusion/A painter showcases their art on an outdoor gallery.mp4,48.77,56.734710693359375,487,1,"[2, 6, 9, 14]","{""center_crop_fraction_of_short_side"": 0.65, ""container_reported_size_wh"": [256, 256], ""decoded_frames"": [{""center_crop_xywh"": [45, 45, 166, 166], ""decoded_size_wh"": [256, 256], ""frame_position"": 2, ""resize_output_size_wh"": [448, 448]}, {""center_crop_xywh"": [45, 45, 166, 166], ""decoded_size_wh"": [256, 256], ""frame_position"": 6, ""resize_output_size_wh"": [448, 448]}, {""center_crop_xywh"": [45, 45, 166, 166], ""decoded_size_wh"": [256, 256], ""frame_position"": 9, ""resize_output_size_wh"": [448, 448]}, {""center_crop_xywh"": [45, 45, 166, 166], ""decoded_size_wh"": [256, 256], ""frame_position"": 14, ""resize_output_size_wh"": [448, 448]}], ""processor_pixel_constraint"": {""max_pixels"": 200704, ""min_pixels"": 200704}, ""requested_frame_fractions"": [0.1, 0.37, 0.63, 0.9], ""resize_interpolation"": ""OpenCV INTER_AREA"", ""sample_id"": ""video_fusion/A painter showcases their art on an outdoor gallery.mp4"", ""selected_frame_positions"": [2, 6, 9, 14], ""source_file_bytes"": 181382, ""source_fps_used"": 8.0, ""source_frame_count"": 16, ""video_path"": ""/DATA/DATA1/lixinyue/xyli/data/LGVQ/videos/video_fusion/A painter showcases their art on an outdoor gallery.mp4""}"
488,video_fusion/A peony blooms with snow-white petals.mp4,55.32,55.29280471801758,488,1,"[2, 6, 9, 14]","{""center_crop_fraction_of_short_side"": 0.65, ""container_reported_size_wh"": [256, 256], ""decoded_frames"": [{""center_crop_xywh"": [45, 45, 166, 166], ""decoded_size_wh"": [256, 256], ""frame_position"": 2, ""resize_output_size_wh"": [448, 448]}, {""center_crop_xywh"": [45, 45, 166, 166], ""decoded_size_wh"": [256, 256], ""frame_position"": 6, ""resize_output_size_wh"": [448, 448]}, {""center_crop_xywh"": [45, 45, 166, 166], ""decoded_size_wh"": [256, 256], ""frame_position"": 9, ""resize_output_size_wh"": [448, 448]}, {""center_crop_xywh"": [45, 45, 166, 166], ""decoded_size_wh"": [256, 256], ""frame_position"": 14, ""resize_output_size_wh"": [448, 448]}], ""processor_pixel_constraint"": {""max_pixels"": 200704, ""min_pixels"": 200704}, ""requested_frame_fractions"": [0.1, 0.37, 0.63, 0.9], ""resize_interpolation"": ""OpenCV INTER_AREA"", ""sample_id"": ""video_fusion/A peony blooms with snow-white petals.mp4"", ""selected_frame_positions"": [2, 6, 9, 14], ""source_file_bytes"": 190177, ""source_fps_used"": 8.0, ""source_frame_count"": 16, ""video_path"": ""/DATA/DATA1/lixinyue/xyli/data/LGVQ/videos/video_fusion/A peony blooms with snow-white petals.mp4""}"
489,video_fusion/A pet owner walks their dog in the park.mp4,58.2,47.42462921142578,489,1,"[2, 6, 9, 14]","{""center_crop_fraction_of_short_side"": 0.65, ""container_reported_size_wh"": [256, 256], ""decoded_frames"": [{""center_crop_xywh"": [45, 45, 166, 166], ""decoded_size_wh"": [256, 256], ""frame_position"": 2, ""resize_output_size_wh"": [448, 448]}, {""center_crop_xywh"": [45, 45, 166, 166], ""decoded_size_wh"": [256, 256], ""frame_position"": 6, ""resize_output_size_wh"": [448, 448]}, {""center_crop_xywh"": [45, 45, 166, 166], ""decoded_size_wh"": [256, 256], ""frame_position"": 9, ""resize_output_size_wh"": [448, 448]}, {""center_crop_xywh"": [45, 45, 166, 166], ""decoded_size_wh"": [256, 256], ""frame_position"": 14, ""resize_output_size_wh"": [448, 448]}], ""processor_pixel_constraint"": {""max_pixels"": 200704, ""min_pixels"": 200704}, ""requested_frame_fractions"": [0.1, 0.37, 0.63, 0.9], ""resize_interpolation"": ""OpenCV INTER_AREA"", ""sample_id"": ""video_fusion/A pet owner walks their dog in the park.mp4"", ""selected_frame_positions"": [2, 6, 9, 14], ""source_file_bytes"": 205127, ""source_fps_used"": 8.0, ""source_frame_count"": 16, ""video_path"": ""/DATA/DATA1/lixinyue/xyli/data/LGVQ/videos/video_fusion/A pet owner walks their dog in the park.mp4""}"
490,video_fusion/A photographer captures the neon lights of the city.mp4,44.67,55.09064865112305,490,1,"[2, 6, 9, 14]","{""center_crop_fraction_of_short_side"": 0.65, ""container_reported_size_wh"": [256, 256], ""decoded_frames"": [{""center_crop_xywh"": [45, 45, 166, 166], ""decoded_size_wh"": [256, 256], ""frame_position"": 2, ""resize_output_size_wh"": [448, 448]}, {""center_crop_xywh"": [45, 45, 166, 166], ""decoded_size_wh"": [256, 256], ""frame_position"": 6, ""resize_output_size_wh"": [448, 448]}, {""center_crop_xywh"": [45, 45, 166, 166], ""decoded_size_wh"": [256, 256], ""frame_position"": 9, ""resize_output_size_wh"": [448, 448]}, {""center_crop_xywh"": [45, 45, 166, 166], ""decoded_size_wh"": [256, 256], ""frame_position"": 14, ""resize_output_size_wh"": [448, 448]}], ""processor_pixel_constraint"": {""max_pixels"": 200704, ""min_pixels"": 200704}, ""requested_frame_fractions"": [0.1, 0.37, 0.63, 0.9], ""resize_interpolation"": ""OpenCV INTER_AREA"", ""sample_id"": ""video_fusion/A photographer captures the neon lights of the city.mp4"", ""selected_frame_positions"": [2, 6, 9, 14], ""source_file_bytes"": 308958, ""source_fps_used"": 8.0, ""source_frame_count"": 16, ""video_path"": ""/DATA/DATA1/lixinyue/xyli/data/LGVQ/videos/video_fusion/A photographer captures the neon lights of the city.mp4""}"
491,video_fusion/A piece of French bread is spread with butter.mp4,66.37,60.33648681640625,491,1,"[2, 6, 9, 14]","{""center_crop_fraction_of_short_side"": 0.65, ""container_reported_size_wh"": [256, 256], ""decoded_frames"": [{""center_crop_xywh"": [45, 45, 166, 166], ""decoded_size_wh"": [256, 256], ""frame_position"": 2, ""resize_output_size_wh"": [448, 448]}, {""center_crop_xywh"": [45, 45, 166, 166], ""decoded_size_wh"": [256, 256], ""frame_position"": 6, ""resize_output_size_wh"": [448, 448]}, {""center_crop_xywh"": [45, 45, 166, 166], ""decoded_size_wh"": [256, 256], ""frame_position"": 9, ""resize_output_size_wh"": [448, 448]}, {""center_crop_xywh"": [45, 45, 166, 166], ""decoded_size_wh"": [256, 256], ""frame_position"": 14, ""resize_output_size_wh"": [448, 448]}], ""processor_pixel_constraint"": {""max_pixels"": 200704, ""min_pixels"": 200704}, ""requested_frame_fractions"": [0.1, 0.37, 0.63, 0.9], ""resize_interpolation"": ""OpenCV INTER_AREA"", ""sample_id"": ""video_fusion/A piece of French bread is spread with butter.mp4"", ""selected_frame_positions"": [2, 6, 9, 14], ""source_file_bytes"": 81802, ""source_fps_used"": 8.0, ""source_frame_count"": 16, ""video_path"": ""/DATA/DATA1/lixinyue/xyli/data/LGVQ/videos/video_fusion/A piece of French bread is spread with butter.mp4""}"
492,video_fusion/A piece of cheesecake is covered with blueberry sauce.mp4,61.06,43.514312744140625,492,1,"[2, 6, 9, 14]","{""center_crop_fraction_of_short_side"": 0.65, ""container_reported_size_wh"": [256, 256], ""decoded_frames"": [{""center_crop_xywh"": [45, 45, 166, 166], ""decoded_size_wh"": [256, 256], ""frame_position"": 2, ""resize_output_size_wh"": [448, 448]}, {""center_crop_xywh"": [45, 45, 166, 166], ""decoded_size_wh"": [256, 256], ""frame_position"": 6, ""resize_output_size_wh"": [448, 448]}, {""center_crop_xywh"": [45, 45, 166, 166], ""decoded_size_wh"": [256, 256], ""frame_position"": 9, ""resize_output_size_wh"": [448, 448]}, {""center_crop_xywh"": [45, 45, 166, 166], ""decoded_size_wh"": [256, 256], ""frame_position"": 14, ""resize_output_size_wh"": [448, 448]}], ""processor_pixel_constraint"": {""max_pixels"": 200704, ""min_pixels"": 200704}, ""requested_frame_fractions"": [0.1, 0.37, 0.63, 0.9], ""resize_interpolation"": ""OpenCV INTER_AREA"", ""sample_id"": ""video_fusion/A piece of cheesecake is covered with blueberry sauce.mp4"", ""selected_frame_positions"": [2, 6, 9, 14], ""source_file_bytes"": 114543, ""source_fps_used"": 8.0, ""source_frame_count"": 16, ""video_path"": ""/DATA/DATA1/lixinyue/xyli/data/LGVQ/videos/video_fusion/A piece of cheesecake is covered with blueberry sauce.mp4""}"
493,video_fusion/A pizza is topped with Italian sausage and mushrooms.mp4,68.16,50.8901252746582,493,1,"[2, 6, 9, 14]","{""center_crop_fraction_of_short_side"": 0.65, ""container_reported_size_wh"": [256, 256], ""decoded_frames"": [{""center_crop_xywh"": [45, 45, 166, 166], ""decoded_size_wh"": [256, 256], ""frame_position"": 2, ""resize_output_size_wh"": [448, 448]}, {""center_crop_xywh"": [45, 45, 166, 166], ""decoded_size_wh"": [256, 256], ""frame_position"": 6, ""resize_output_size_wh"": [448, 448]}, {""center_crop_xywh"": [45, 45, 166, 166], ""decoded_size_wh"": [256, 256], ""frame_position"": 9, ""resize_output_size_wh"": [448, 448]}, {""center_crop_xywh"": [45, 45, 166, 166], ""decoded_size_wh"": [256, 256], ""frame_position"": 14, ""resize_output_size_wh"": [448, 448]}], ""processor_pixel_constraint"": {""max_pixels"": 200704, ""min_pixels"": 200704}, ""requested_frame_fractions"": [0.1, 0.37, 0.63, 0.9], ""resize_interpolation"": ""OpenCV INTER_AREA"", ""sample_id"": ""video_fusion/A pizza is topped with Italian sausage and mushrooms.mp4"", ""selected_frame_positions"": [2, 6, 9, 14], ""source_file_bytes"": 183667, ""source_fps_used"": 8.0, ""source_frame_count"": 16, ""video_path"": ""/DATA/DATA1/lixinyue/xyli/data/LGVQ/videos/video_fusion/A pizza is topped with Italian sausage and mushrooms.mp4""}"
494,video_fusion/A purple bellflower opens in the sunlight.mp4,59.76,56.426727294921875,494,1,"[2, 6, 9, 14]","{""center_crop_fraction_of_short_side"": 0.65, ""container_reported_size_wh"": [256, 256], ""decoded_frames"": [{""center_crop_xywh"": [45, 45, 166, 166], ""decoded_size_wh"": [256, 256], ""frame_position"": 2, ""resize_output_size_wh"": [448, 448]}, {""center_crop_xywh"": [45, 45, 166, 166], ""decoded_size_wh"": [256, 256], ""frame_position"": 6, ""resize_output_size_wh"": [448, 448]}, {""center_crop_xywh"": [45, 45, 166, 166], ""decoded_size_wh"": [256, 256], ""frame_position"": 9, ""resize_output_size_wh"": [448, 448]}, {""center_crop_xywh"": [45, 45, 166, 166], ""decoded_size_wh"": [256, 256], ""frame_position"": 14, ""resize_output_size_wh"": [448, 448]}], ""processor_pixel_constraint"": {""max_pixels"": 200704, ""min_pixels"": 200704}, ""requested_frame_fractions"": [0.1, 0.37, 0.63, 0.9], ""resize_interpolation"": ""OpenCV INTER_AREA"", ""sample_id"": ""video_fusion/A purple bellflower opens in the sunlight.mp4"", ""selected_frame_positions"": [2, 6, 9, 14], ""source_file_bytes"": 221444, ""source_fps_used"": 8.0, ""source_frame_count"": 16, ""video_path"": ""/DATA/DATA1/lixinyue/xyli/data/LGVQ/videos/video_fusion/A purple bellflower opens in the sunlight.mp4""}"
495,video_fusion/A roasted cod fish is garnished with fresh herbs.mp4,61.09,45.47621154785156,495,1,"[2, 6, 9, 14]","{""center_crop_fraction_of_short_side"": 0.65, ""container_reported_size_wh"": [256, 256], ""decoded_frames"": [{""center_crop_xywh"": [45, 45, 166, 166], ""decoded_size_wh"": [256, 256], ""frame_position"": 2, ""resize_output_size_wh"": [448, 448]}, {""center_crop_xywh"": [45, 45, 166, 166], ""decoded_size_wh"": [256, 256], ""frame_position"": 6, ""resize_output_size_wh"": [448, 448]}, {""center_crop_xywh"": [45, 45, 166, 166], ""decoded_size_wh"": [256, 256], ""frame_position"": 9, ""resize_output_size_wh"": [448, 448]}, {""center_crop_xywh"": [45, 45, 166, 166], ""decoded_size_wh"": [256, 256], ""frame_position"": 14, ""resize_output_size_wh"": [448, 448]}], ""processor_pixel_constraint"": {""max_pixels"": 200704, ""min_pixels"": 200704}, ""requested_frame_fractions"": [0.1, 0.37, 0.63, 0.9], ""resize_interpolation"": ""OpenCV INTER_AREA"", ""sample_id"": ""video_fusion/A roasted cod fish is garnished with fresh herbs.mp4"", ""selected_frame_positions"": [2, 6, 9, 14], ""source_file_bytes"": 281298, ""source_fps_used"": 8.0, ""source_frame_count"": 16, ""video_path"": ""/DATA/DATA1/lixinyue/xyli/data/LGVQ/videos/video_fusion/A roasted cod fish is garnished with fresh herbs.mp4""}"
496,video_fusion/A roasted salmon is presented on a plate.mp4,74.61,45.10493469238281,496,1,"[2, 6, 9, 14]","{""center_crop_fraction_of_short_side"": 0.65, ""container_reported_size_wh"": [256, 256], ""decoded_frames"": [{""center_crop_xywh"": [45, 45, 166, 166], ""decoded_size_wh"": [256, 256], ""frame_position"": 2, ""resize_output_size_wh"": [448, 448]}, {""center_crop_xywh"": [45, 45, 166, 166], ""decoded_size_wh"": [256, 256], ""frame_position"": 6, ""resize_output_size_wh"": [448, 448]}, {""center_crop_xywh"": [45, 45, 166, 166], ""decoded_size_wh"": [256, 256], ""frame_position"": 9, ""resize_output_size_wh"": [448, 448]}, {""center_crop_xywh"": [45, 45, 166, 166], ""decoded_size_wh"": [256, 256], ""frame_position"": 14, ""resize_output_size_wh"": [448, 448]}], ""processor_pixel_constraint"": {""max_pixels"": 200704, ""min_pixels"": 200704}, ""requested_frame_fractions"": [0.1, 0.37, 0.63, 0.9], ""resize_interpolation"": ""OpenCV INTER_AREA"", ""sample_id"": ""video_fusion/A roasted salmon is presented on a plate.mp4"", ""selected_frame_positions"": [2, 6, 9, 14], ""source_file_bytes"": 155726, ""source_fps_used"": 8.0, ""source_frame_count"": 16, ""video_path"": ""/DATA/DATA1/lixinyue/xyli/data/LGVQ/videos/video_fusion/A roasted salmon is presented on a plate.mp4""}"
497,video_fusion/A salad is sprinkled with nuts and fruits.mp4,70.34,53.740211486816406,497,1,"[2, 6, 9, 14]","{""center_crop_fraction_of_short_side"": 0.65, ""container_reported_size_wh"": [256, 256], ""decoded_frames"": [{""center_crop_xywh"": [45, 45, 166, 166], ""decoded_size_wh"": [256, 256], ""frame_position"": 2, ""resize_output_size_wh"": [448, 448]}, {""center_crop_xywh"": [45, 45, 166, 166], ""decoded_size_wh"": [256, 256], ""frame_position"": 6, ""resize_output_size_wh"": [448, 448]}, {""center_crop_xywh"": [45, 45, 166, 166], ""decoded_size_wh"": [256, 256], ""frame_position"": 9, ""resize_output_size_wh"": [448, 448]}, {""center_crop_xywh"": [45, 45, 166, 166], ""decoded_size_wh"": [256, 256], ""frame_position"": 14, ""resize_output_size_wh"": [448, 448]}], ""processor_pixel_constraint"": {""max_pixels"": 200704, ""min_pixels"": 200704}, ""requested_frame_fractions"": [0.1, 0.37, 0.63, 0.9], ""resize_interpolation"": ""OpenCV INTER_AREA"", ""sample_id"": ""video_fusion/A salad is sprinkled with nuts and fruits.mp4"", ""selected_frame_positions"": [2, 6, 9, 14], ""source_file_bytes"": 196918, ""source_fps_used"": 8.0, ""source_frame_count"": 16, ""video_path"": ""/DATA/DATA1/lixinyue/xyli/data/LGVQ/videos/video_fusion/A salad is sprinkled with nuts and fruits.mp4""}"
498,video_fusion/A sausage is grilled slightly crispy on the barbecue.mp4,62.19,48.91936492919922,498,1,"[2, 6, 9, 14]","{""center_crop_fraction_of_short_side"": 0.65, ""container_reported_size_wh"": [256, 256], ""decoded_frames"": [{""center_crop_xywh"": [45, 45, 166, 166], ""decoded_size_wh"": [256, 256], ""frame_position"": 2, ""resize_output_size_wh"": [448, 448]}, {""center_crop_xywh"": [45, 45, 166, 166], ""decoded_size_wh"": [256, 256], ""frame_position"": 6, ""resize_output_size_wh"": [448, 448]}, {""center_crop_xywh"": [45, 45, 166, 166], ""decoded_size_wh"": [256, 256], ""frame_position"": 9, ""resize_output_size_wh"": [448, 448]}, {""center_crop_xywh"": [45, 45, 166, 166], ""decoded_size_wh"": [256, 256], ""frame_position"": 14, ""resize_output_size_wh"": [448, 448]}], ""processor_pixel_constraint"": {""max_pixels"": 200704, ""min_pixels"": 200704}, ""requested_frame_fractions"": [0.1, 0.37, 0.63, 0.9], ""resize_interpolation"": ""OpenCV INTER_AREA"", ""sample_id"": ""video_fusion/A sausage is grilled slightly crispy on the barbecue.mp4"", ""selected_frame_positions"": [2, 6, 9, 14], ""source_file_bytes"": 155421, ""source_fps_used"": 8.0, ""source_frame_count"": 16, ""video_path"": ""/DATA/DATA1/lixinyue/xyli/data/LGVQ/videos/video_fusion/A sausage is grilled slightly crispy on the barbecue.mp4""}"
499,video_fusion/A skier enjoys the thrill of skiing on a snowy mountain.mp4,52.57,39.659637451171875,499,1,"[2, 6, 9, 14]","{""center_crop_fraction_of_short_side"": 0.65, ""container_reported_size_wh"": [256, 256], ""decoded_frames"": [{""center_crop_xywh"": [45, 45, 166, 166], ""decoded_size_wh"": [256, 256], ""frame_position"": 2, ""resize_output_size_wh"": [448, 448]}, {""center_crop_xywh"": [45, 45, 166, 166], ""decoded_size_wh"": [256, 256], ""frame_position"": 6, ""resize_output_size_wh"": [448, 448]}, {""center_crop_xywh"": [45, 45, 166, 166], ""decoded_size_wh"": [256, 256], ""frame_position"": 9, ""resize_output_size_wh"": [448, 448]}, {""center_crop_xywh"": [45, 45, 166, 166], ""decoded_size_wh"": [256, 256], ""frame_position"": 14, ""resize_output_size_wh"": [448, 448]}], ""processor_pixel_constraint"": {""max_pixels"": 200704, ""min_pixels"": 200704}, ""requested_frame_fractions"": [0.1, 0.37, 0.63, 0.9], ""resize_interpolation"": ""OpenCV INTER_AREA"", ""sample_id"": ""video_fusion/A skier enjoys the thrill of skiing on a snowy mountain.mp4"", ""selected_frame_positions"": [2, 6, 9, 14], ""source_file_bytes"": 226548, ""source_fps_used"": 8.0, ""source_frame_count"": 16, ""video_path"": ""/DATA/DATA1/lixinyue/xyli/data/LGVQ/videos/video_fusion/A skier enjoys the thrill of skiing on a snowy mountain.mp4""}"
500,video_fusion/A slice of French chocolate mousse cake brings sweet delight.mp4,66.38,47.805904388427734,500,1,"[2, 6, 9, 14]","{""center_crop_fraction_of_short_side"": 0.65, ""container_reported_size_wh"": [256, 256], ""decoded_frames"": [{""center_crop_xywh"": [45, 45, 166, 166], ""decoded_size_wh"": [256, 256], ""frame_position"": 2, ""resize_output_size_wh"": [448, 448]}, {""center_crop_xywh"": [45, 45, 166, 166], ""decoded_size_wh"": [256, 256], ""frame_position"": 6, ""resize_output_size_wh"": [448, 448]}, {""center_crop_xywh"": [45, 45, 166, 166], ""decoded_size_wh"": [256, 256], ""frame_position"": 9, ""resize_output_size_wh"": [448, 448]}, {""center_crop_xywh"": [45, 45, 166, 166], ""decoded_size_wh"": [256, 256], ""frame_position"": 14, ""resize_output_size_wh"": [448, 448]}], ""processor_pixel_constraint"": {""max_pixels"": 200704, ""min_pixels"": 200704}, ""requested_frame_fractions"": [0.1, 0.37, 0.63, 0.9], ""resize_interpolation"": ""OpenCV INTER_AREA"", ""sample_id"": ""video_fusion/A slice of French chocolate mousse cake brings sweet delight.mp4"", ""selected_frame_positions"": [2, 6, 9, 14], ""source_file_bytes"": 171935, ""source_fps_used"": 8.0, ""source_frame_count"": 16, ""video_path"": ""/DATA/DATA1/lixinyue/xyli/data/LGVQ/videos/video_fusion/A slice of French chocolate mousse cake brings sweet delight.mp4""}"
501,video_fusion/A tennis player elegantly slid on the grass court.mp4,47.3,47.22991180419922,501,1,"[2, 6, 9, 14]","{""center_crop_fraction_of_short_side"": 0.65, ""container_reported_size_wh"": [256, 256], ""decoded_frames"": [{""center_crop_xywh"": [45, 45, 166, 166], ""decoded_size_wh"": [256, 256], ""frame_position"": 2, ""resize_output_size_wh"": [448, 448]}, {""center_crop_xywh"": [45, 45, 166, 166], ""decoded_size_wh"": [256, 256], ""frame_position"": 6, ""resize_output_size_wh"": [448, 448]}, {""center_crop_xywh"": [45, 45, 166, 166], ""decoded_size_wh"": [256, 256], ""frame_position"": 9, ""resize_output_size_wh"": [448, 448]}, {""center_crop_xywh"": [45, 45, 166, 166], ""decoded_size_wh"": [256, 256], ""frame_position"": 14, ""resize_output_size_wh"": [448, 448]}], ""processor_pixel_constraint"": {""max_pixels"": 200704, ""min_pixels"": 200704}, ""requested_frame_fractions"": [0.1, 0.37, 0.63, 0.9], ""resize_interpolation"": ""OpenCV INTER_AREA"", ""sample_id"": ""video_fusion/A tennis player elegantly slid on the grass court.mp4"", ""selected_frame_positions"": [2, 6, 9, 14], ""source_file_bytes"": 206895, ""source_fps_used"": 8.0, ""source_frame_count"": 16, ""video_path"": ""/DATA/DATA1/lixinyue/xyli/data/LGVQ/videos/video_fusion/A tennis player elegantly slid on the grass court.mp4""}"
502,video_fusion/A tennis player made spectacular plays at the net.mp4,50.29,46.18268585205078,502,1,"[2, 6, 9, 14]","{""center_crop_fraction_of_short_side"": 0.65, ""container_reported_size_wh"": [256, 256], ""decoded_frames"": [{""center_crop_xywh"": [45, 45, 166, 166], ""decoded_size_wh"": [256, 256], ""frame_position"": 2, ""resize_output_size_wh"": [448, 448]}, {""center_crop_xywh"": [45, 45, 166, 166], ""decoded_size_wh"": [256, 256], ""frame_position"": 6, ""resize_output_size_wh"": [448, 448]}, {""center_crop_xywh"": [45, 45, 166, 166], ""decoded_size_wh"": [256, 256], ""frame_position"": 9, ""resize_output_size_wh"": [448, 448]}, {""center_crop_xywh"": [45, 45, 166, 166], ""decoded_size_wh"": [256, 256], ""frame_position"": 14, ""resize_output_size_wh"": [448, 448]}], ""processor_pixel_constraint"": {""max_pixels"": 200704, ""min_pixels"": 200704}, ""requested_frame_fractions"": [0.1, 0.37, 0.63, 0.9], ""resize_interpolation"": ""OpenCV INTER_AREA"", ""sample_id"": ""video_fusion/A tennis player made spectacular plays at the net.mp4"", ""selected_frame_positions"": [2, 6, 9, 14], ""source_file_bytes"": 252306, ""source_fps_used"": 8.0, ""source_frame_count"": 16, ""video_path"": ""/DATA/DATA1/lixinyue/xyli/data/LGVQ/videos/video_fusion/A tennis player made spectacular plays at the net.mp4""}"
503,video_fusion/A thin pancake is spread with butter and maple syrup.mp4,52.88,44.16834259033203,503,1,"[2, 6, 9, 14]","{""center_crop_fraction_of_short_side"": 0.65, ""container_reported_size_wh"": [256, 256], ""decoded_frames"": [{""center_crop_xywh"": [45, 45, 166, 166], ""decoded_size_wh"": [256, 256], ""frame_position"": 2, ""resize_output_size_wh"": [448, 448]}, {""center_crop_xywh"": [45, 45, 166, 166], ""decoded_size_wh"": [256, 256], ""frame_position"": 6, ""resize_output_size_wh"": [448, 448]}, {""center_crop_xywh"": [45, 45, 166, 166], ""decoded_size_wh"": [256, 256], ""frame_position"": 9, ""resize_output_size_wh"": [448, 448]}, {""center_crop_xywh"": [45, 45, 166, 166], ""decoded_size_wh"": [256, 256], ""frame_position"": 14, ""resize_output_size_wh"": [448, 448]}], ""processor_pixel_constraint"": {""max_pixels"": 200704, ""min_pixels"": 200704}, ""requested_frame_fractions"": [0.1, 0.37, 0.63, 0.9], ""resize_interpolation"": ""OpenCV INTER_AREA"", ""sample_id"": ""video_fusion/A thin pancake is spread with butter and maple syrup.mp4"", ""selected_frame_positions"": [2, 6, 9, 14], ""source_file_bytes"": 95351, ""source_fps_used"": 8.0, ""source_frame_count"": 16, ""video_path"": ""/DATA/DATA1/lixinyue/xyli/data/LGVQ/videos/video_fusion/A thin pancake is spread with butter and maple syrup.mp4""}"
504,video_fusion/A water skier created splashes on the lake.mp4,45.91,42.24700164794922,504,1,"[2, 6, 9, 14]","{""center_crop_fraction_of_short_side"": 0.65, ""container_reported_size_wh"": [256, 256], ""decoded_frames"": [{""center_crop_xywh"": [45, 45, 166, 166], ""decoded_size_wh"": [256, 256], ""frame_position"": 2, ""resize_output_size_wh"": [448, 448]}, {""center_crop_xywh"": [45, 45, 166, 166], ""decoded_size_wh"": [256, 256], ""frame_position"": 6, ""resize_output_size_wh"": [448, 448]}, {""center_crop_xywh"": [45, 45, 166, 166], ""decoded_size_wh"": [256, 256], ""frame_position"": 9, ""resize_output_size_wh"": [448, 448]}, {""center_crop_xywh"": [45, 45, 166, 166], ""decoded_size_wh"": [256, 256], ""frame_position"": 14, ""resize_output_size_wh"": [448, 448]}], ""processor_pixel_constraint"": {""max_pixels"": 200704, ""min_pixels"": 200704}, ""requested_frame_fractions"": [0.1, 0.37, 0.63, 0.9], ""resize_interpolation"": ""OpenCV INTER_AREA"", ""sample_id"": ""video_fusion/A water skier created splashes on the lake.mp4"", ""selected_frame_positions"": [2, 6, 9, 14], ""source_file_bytes"": 197370, ""source_fps_used"": 8.0, ""source_frame_count"": 16, ""video_path"": ""/DATA/DATA1/lixinyue/xyli/data/LGVQ/videos/video_fusion/A water skier created splashes on the lake.mp4""}"
505,"video_fusion/A waterfall cascades gracefully, resembling a silver thread.mp4",51.08,56.56199645996094,505,1,"[2, 6, 9, 14]","{""center_crop_fraction_of_short_side"": 0.65, ""container_reported_size_wh"": [256, 256], ""decoded_frames"": [{""center_crop_xywh"": [45, 45, 166, 166], ""decoded_size_wh"": [256, 256], ""frame_position"": 2, ""resize_output_size_wh"": [448, 448]}, {""center_crop_xywh"": [45, 45, 166, 166], ""decoded_size_wh"": [256, 256], ""frame_position"": 6, ""resize_output_size_wh"": [448, 448]}, {""center_crop_xywh"": [45, 45, 166, 166], ""decoded_size_wh"": [256, 256], ""frame_position"": 9, ""resize_output_size_wh"": [448, 448]}, {""center_crop_xywh"": [45, 45, 166, 166], ""decoded_size_wh"": [256, 256], ""frame_position"": 14, ""resize_output_size_wh"": [448, 448]}], ""processor_pixel_constraint"": {""max_pixels"": 200704, ""min_pixels"": 200704}, ""requested_frame_fractions"": [0.1, 0.37, 0.63, 0.9], ""resize_interpolation"": ""OpenCV INTER_AREA"", ""sample_id"": ""video_fusion/A waterfall cascades gracefully, resembling a silver thread.mp4"", ""selected_frame_positions"": [2, 6, 9, 14], ""source_file_bytes"": 195236, ""source_fps_used"": 8.0, ""source_frame_count"": 16, ""video_path"": ""/DATA/DATA1/lixinyue/xyli/data/LGVQ/videos/video_fusion/A waterfall cascades gracefully, resembling a silver thread.mp4""}"
506,video_fusion/A wheat field sways gracefully in the gentle breeze.mp4,54.25,56.316444396972656,506,1,"[2, 6, 9, 14]","{""center_crop_fraction_of_short_side"": 0.65, ""container_reported_size_wh"": [256, 256], ""decoded_frames"": [{""center_crop_xywh"": [45, 45, 166, 166], ""decoded_size_wh"": [256, 256], ""frame_position"": 2, ""resize_output_size_wh"": [448, 448]}, {""center_crop_xywh"": [45, 45, 166, 166], ""decoded_size_wh"": [256, 256], ""frame_position"": 6, ""resize_output_size_wh"": [448, 448]}, {""center_crop_xywh"": [45, 45, 166, 166], ""decoded_size_wh"": [256, 256], ""frame_position"": 9, ""resize_output_size_wh"": [448, 448]}, {""center_crop_xywh"": [45, 45, 166, 166], ""decoded_size_wh"": [256, 256], ""frame_position"": 14, ""resize_output_size_wh"": [448, 448]}], ""processor_pixel_constraint"": {""max_pixels"": 200704, ""min_pixels"": 200704}, ""requested_frame_fractions"": [0.1, 0.37, 0.63, 0.9], ""resize_interpolation"": ""OpenCV INTER_AREA"", ""sample_id"": ""video_fusion/A wheat field sways gracefully in the gentle breeze.mp4"", ""selected_frame_positions"": [2, 6, 9, 14], ""source_file_bytes"": 186033, ""source_fps_used"": 8.0, ""source_frame_count"": 16, ""video_path"": ""/DATA/DATA1/lixinyue/xyli/data/LGVQ/videos/video_fusion/A wheat field sways gracefully in the gentle breeze.mp4""}"
507,video_fusion/A white orchid grows in a potted plant.mp4,66.11,63.72663116455078,507,1,"[2, 6, 9, 14]","{""center_crop_fraction_of_short_side"": 0.65, ""container_reported_size_wh"": [256, 256], ""decoded_frames"": [{""center_crop_xywh"": [45, 45, 166, 166], ""decoded_size_wh"": [256, 256], ""frame_position"": 2, ""resize_output_size_wh"": [448, 448]}, {""center_crop_xywh"": [45, 45, 166, 166], ""decoded_size_wh"": [256, 256], ""frame_position"": 6, ""resize_output_size_wh"": [448, 448]}, {""center_crop_xywh"": [45, 45, 166, 166], ""decoded_size_wh"": [256, 256], ""frame_position"": 9, ""resize_output_size_wh"": [448, 448]}, {""center_crop_xywh"": [45, 45, 166, 166], ""decoded_size_wh"": [256, 256], ""frame_position"": 14, ""resize_output_size_wh"": [448, 448]}], ""processor_pixel_constraint"": {""max_pixels"": 200704, ""min_pixels"": 200704}, ""requested_frame_fractions"": [0.1, 0.37, 0.63, 0.9], ""resize_interpolation"": ""OpenCV INTER_AREA"", ""sample_id"": ""video_fusion/A white orchid grows in a potted plant.mp4"", ""selected_frame_positions"": [2, 6, 9, 14], ""source_file_bytes"": 101985, ""source_fps_used"": 8.0, ""source_frame_count"": 16, ""video_path"": ""/DATA/DATA1/lixinyue/xyli/data/LGVQ/videos/video_fusion/A white orchid grows in a potted plant.mp4""}"
508,"video_fusion/A writer sits at a desk, crafting a new novel.mp4",56.86,54.32732391357422,508,1,"[2, 6, 9, 14]","{""center_crop_fraction_of_short_side"": 0.65, ""container_reported_size_wh"": [256, 256], ""decoded_frames"": [{""center_crop_xywh"": [45, 45, 166, 166], ""decoded_size_wh"": [256, 256], ""frame_position"": 2, ""resize_output_size_wh"": [448, 448]}, {""center_crop_xywh"": [45, 45, 166, 166], ""decoded_size_wh"": [256, 256], ""frame_position"": 6, ""resize_output_size_wh"": [448, 448]}, {""center_crop_xywh"": [45, 45, 166, 166], ""decoded_size_wh"": [256, 256], ""frame_position"": 9, ""resize_output_size_wh"": [448, 448]}, {""center_crop_xywh"": [45, 45, 166, 166], ""decoded_size_wh"": [256, 256], ""frame_position"": 14, ""resize_output_size_wh"": [448, 448]}], ""processor_pixel_constraint"": {""max_pixels"": 200704, ""min_pixels"": 200704}, ""requested_frame_fractions"": [0.1, 0.37, 0.63, 0.9], ""resize_interpolation"": ""OpenCV INTER_AREA"", ""sample_id"": ""video_fusion/A writer sits at a desk, crafting a new novel.mp4"", ""selected_frame_positions"": [2, 6, 9, 14], ""source_file_bytes"": 105862, ""source_fps_used"": 8.0, ""source_frame_count"": 16, ""video_path"": ""/DATA/DATA1/lixinyue/xyli/data/LGVQ/videos/video_fusion/A writer sits at a desk, crafting a new novel.mp4""}"
509,video_fusion/An adorable little cat is napping on the windowsill.mp4,66.19,57.177146911621094,509,1,"[2, 6, 9, 14]","{""center_crop_fraction_of_short_side"": 0.65, ""container_reported_size_wh"": [256, 256], ""decoded_frames"": [{""center_crop_xywh"": [45, 45, 166, 166], ""decoded_size_wh"": [256, 256], ""frame_position"": 2, ""resize_output_size_wh"": [448, 448]}, {""center_crop_xywh"": [45, 45, 166, 166], ""decoded_size_wh"": [256, 256], ""frame_position"": 6, ""resize_output_size_wh"": [448, 448]}, {""center_crop_xywh"": [45, 45, 166, 166], ""decoded_size_wh"": [256, 256], ""frame_position"": 9, ""resize_output_size_wh"": [448, 448]}, {""center_crop_xywh"": [45, 45, 166, 166], ""decoded_size_wh"": [256, 256], ""frame_position"": 14, ""resize_output_size_wh"": [448, 448]}], ""processor_pixel_constraint"": {""max_pixels"": 200704, ""min_pixels"": 200704}, ""requested_frame_fractions"": [0.1, 0.37, 0.63, 0.9], ""resize_interpolation"": ""OpenCV INTER_AREA"", ""sample_id"": ""video_fusion/An adorable little cat is napping on the windowsill.mp4"", ""selected_frame_positions"": [2, 6, 9, 14], ""source_file_bytes"": 96882, ""source_fps_used"": 8.0, ""source_frame_count"": 16, ""video_path"": ""/DATA/DATA1/lixinyue/xyli/data/LGVQ/videos/video_fusion/An adorable little cat is napping on the windowsill.mp4""}"
510,video_fusion/An ancient church is a landmark in the village.mp4,70.48,50.11762619018555,510,1,"[2, 6, 9, 14]","{""center_crop_fraction_of_short_side"": 0.65, ""container_reported_size_wh"": [256, 256], ""decoded_frames"": [{""center_crop_xywh"": [45, 45, 166, 166], ""decoded_size_wh"": [256, 256], ""frame_position"": 2, ""resize_output_size_wh"": [448, 448]}, {""center_crop_xywh"": [45, 45, 166, 166], ""decoded_size_wh"": [256, 256], ""frame_position"": 6, ""resize_output_size_wh"": [448, 448]}, {""center_crop_xywh"": [45, 45, 166, 166], ""decoded_size_wh"": [256, 256], ""frame_position"": 9, ""resize_output_size_wh"": [448, 448]}, {""center_crop_xywh"": [45, 45, 166, 166], ""decoded_size_wh"": [256, 256], ""frame_position"": 14, ""resize_output_size_wh"": [448, 448]}], ""processor_pixel_constraint"": {""max_pixels"": 200704, ""min_pixels"": 200704}, ""requested_frame_fractions"": [0.1, 0.37, 0.63, 0.9], ""resize_interpolation"": ""OpenCV INTER_AREA"", ""sample_id"": ""video_fusion/An ancient church is a landmark in the village.mp4"", ""selected_frame_positions"": [2, 6, 9, 14], ""source_file_bytes"": 203776, ""source_fps_used"": 8.0, ""source_frame_count"": 16, ""video_path"": ""/DATA/DATA1/lixinyue/xyli/data/LGVQ/videos/video_fusion/An ancient church is a landmark in the village.mp4""}"
511,video_fusion/An explorer searches for adventure in the forest.mp4,54.26,47.193389892578125,511,1,"[2, 6, 9, 14]","{""center_crop_fraction_of_short_side"": 0.65, ""container_reported_size_wh"": [256, 256], ""decoded_frames"": [{""center_crop_xywh"": [45, 45, 166, 166], ""decoded_size_wh"": [256, 256], ""frame_position"": 2, ""resize_output_size_wh"": [448, 448]}, {""center_crop_xywh"": [45, 45, 166, 166], ""decoded_size_wh"": [256, 256], ""frame_position"": 6, ""resize_output_size_wh"": [448, 448]}, {""center_crop_xywh"": [45, 45, 166, 166], ""decoded_size_wh"": [256, 256], ""frame_position"": 9, ""resize_output_size_wh"": [448, 448]}, {""center_crop_xywh"": [45, 45, 166, 166], ""decoded_size_wh"": [256, 256], ""frame_position"": 14, ""resize_output_size_wh"": [448, 448]}], ""processor_pixel_constraint"": {""max_pixels"": 200704, ""min_pixels"": 200704}, ""requested_frame_fractions"": [0.1, 0.37, 0.63, 0.9], ""resize_interpolation"": ""OpenCV INTER_AREA"", ""sample_id"": ""video_fusion/An explorer searches for adventure in the forest.mp4"", ""selected_frame_positions"": [2, 6, 9, 14], ""source_file_bytes"": 293673, ""source_fps_used"": 8.0, ""source_frame_count"": 16, ""video_path"": ""/DATA/DATA1/lixinyue/xyli/data/LGVQ/videos/video_fusion/An explorer searches for adventure in the forest.mp4""}"
512,video_fusion/An orchid blooms with deep purple flowers.mp4,55.82,56.624725341796875,512,1,"[2, 6, 9, 14]","{""center_crop_fraction_of_short_side"": 0.65, ""container_reported_size_wh"": [256, 256], ""decoded_frames"": [{""center_crop_xywh"": [45, 45, 166, 166], ""decoded_size_wh"": [256, 256], ""frame_position"": 2, ""resize_output_size_wh"": [448, 448]}, {""center_crop_xywh"": [45, 45, 166, 166], ""decoded_size_wh"": [256, 256], ""frame_position"": 6, ""resize_output_size_wh"": [448, 448]}, {""center_crop_xywh"": [45, 45, 166, 166], ""decoded_size_wh"": [256, 256], ""frame_position"": 9, ""resize_output_size_wh"": [448, 448]}, {""center_crop_xywh"": [45, 45, 166, 166], ""decoded_size_wh"": [256, 256], ""frame_position"": 14, ""resize_output_size_wh"": [448, 448]}], ""processor_pixel_constraint"": {""max_pixels"": 200704, ""min_pixels"": 200704}, ""requested_frame_fractions"": [0.1, 0.37, 0.63, 0.9], ""resize_interpolation"": ""OpenCV INTER_AREA"", ""sample_id"": ""video_fusion/An orchid blooms with deep purple flowers.mp4"", ""selected_frame_positions"": [2, 6, 9, 14], ""source_file_bytes"": 164051, ""source_fps_used"": 8.0, ""source_frame_count"": 16, ""video_path"": ""/DATA/DATA1/lixinyue/xyli/data/LGVQ/videos/video_fusion/An orchid blooms with deep purple flowers.mp4""}"
513,"video_fusion/Blue skies and fluffy clouds, ever-changing shapes like poetry.mp4",62.43,45.800384521484375,513,1,"[2, 6, 9, 14]","{""center_crop_fraction_of_short_side"": 0.65, ""container_reported_size_wh"": [256, 256], ""decoded_frames"": [{""center_crop_xywh"": [45, 45, 166, 166], ""decoded_size_wh"": [256, 256], ""frame_position"": 2, ""resize_output_size_wh"": [448, 448]}, {""center_crop_xywh"": [45, 45, 166, 166], ""decoded_size_wh"": [256, 256], ""frame_position"": 6, ""resize_output_size_wh"": [448, 448]}, {""center_crop_xywh"": [45, 45, 166, 166], ""decoded_size_wh"": [256, 256], ""frame_position"": 9, ""resize_output_size_wh"": [448, 448]}, {""center_crop_xywh"": [45, 45, 166, 166], ""decoded_size_wh"": [256, 256], ""frame_position"": 14, ""resize_output_size_wh"": [448, 448]}], ""processor_pixel_constraint"": {""max_pixels"": 200704, ""min_pixels"": 200704}, ""requested_frame_fractions"": [0.1, 0.37, 0.63, 0.9], ""resize_interpolation"": ""OpenCV INTER_AREA"", ""sample_id"": ""video_fusion/Blue skies and fluffy clouds, ever-changing shapes like poetry.mp4"", ""selected_frame_positions"": [2, 6, 9, 14], ""source_file_bytes"": 322422, ""source_fps_used"": 8.0, ""source_frame_count"": 16, ""video_path"": ""/DATA/DATA1/lixinyue/xyli/data/LGVQ/videos/video_fusion/Blue skies and fluffy clouds, ever-changing shapes like poetry.mp4""}"
514,video_fusion/Cherry trees in the orchard are filled with red fruit.mp4,58.31,60.04022979736328,514,1,"[2, 6, 9, 14]","{""center_crop_fraction_of_short_side"": 0.65, ""container_reported_size_wh"": [256, 256], ""decoded_frames"": [{""center_crop_xywh"": [45, 45, 166, 166], ""decoded_size_wh"": [256, 256], ""frame_position"": 2, ""resize_output_size_wh"": [448, 448]}, {""center_crop_xywh"": [45, 45, 166, 166], ""decoded_size_wh"": [256, 256], ""frame_position"": 6, ""resize_output_size_wh"": [448, 448]}, {""center_crop_xywh"": [45, 45, 166, 166], ""decoded_size_wh"": [256, 256], ""frame_position"": 9, ""resize_output_size_wh"": [448, 448]}, {""center_crop_xywh"": [45, 45, 166, 166], ""decoded_size_wh"": [256, 256], ""frame_position"": 14, ""resize_output_size_wh"": [448, 448]}], ""processor_pixel_constraint"": {""max_pixels"": 200704, ""min_pixels"": 200704}, ""requested_frame_fractions"": [0.1, 0.37, 0.63, 0.9], ""resize_interpolation"": ""OpenCV INTER_AREA"", ""sample_id"": ""video_fusion/Cherry trees in the orchard are filled with red fruit.mp4"", ""selected_frame_positions"": [2, 6, 9, 14], ""source_file_bytes"": 133603, ""source_fps_used"": 8.0, ""source_frame_count"": 16, ""video_path"": ""/DATA/DATA1/lixinyue/xyli/data/LGVQ/videos/video_fusion/Cherry trees in the orchard are filled with red fruit.mp4""}"
515,video_fusion/Children dig sandcastles on the beach.mp4,62.59,51.87450408935547,515,1,"[2, 6, 9, 14]","{""center_crop_fraction_of_short_side"": 0.65, ""container_reported_size_wh"": [256, 256], ""decoded_frames"": [{""center_crop_xywh"": [45, 45, 166, 166], ""decoded_size_wh"": [256, 256], ""frame_position"": 2, ""resize_output_size_wh"": [448, 448]}, {""center_crop_xywh"": [45, 45, 166, 166], ""decoded_size_wh"": [256, 256], ""frame_position"": 6, ""resize_output_size_wh"": [448, 448]}, {""center_crop_xywh"": [45, 45, 166, 166], ""decoded_size_wh"": [256, 256], ""frame_position"": 9, ""resize_output_size_wh"": [448, 448]}, {""center_crop_xywh"": [45, 45, 166, 166], ""decoded_size_wh"": [256, 256], ""frame_position"": 14, ""resize_output_size_wh"": [448, 448]}], ""processor_pixel_constraint"": {""max_pixels"": 200704, ""min_pixels"": 200704}, ""requested_frame_fractions"": [0.1, 0.37, 0.63, 0.9], ""resize_interpolation"": ""OpenCV INTER_AREA"", ""sample_id"": ""video_fusion/Children dig sandcastles on the beach.mp4"", ""selected_frame_positions"": [2, 6, 9, 14], ""source_file_bytes"": 120923, ""source_fps_used"": 8.0, ""source_frame_count"": 16, ""video_path"": ""/DATA/DATA1/lixinyue/xyli/data/LGVQ/videos/video_fusion/Children dig sandcastles on the beach.mp4""}"
516,video_fusion/Crocodiles swim leisurely in the lake.mp4,67.76,47.29207229614258,516,1,"[2, 6, 9, 14]","{""center_crop_fraction_of_short_side"": 0.65, ""container_reported_size_wh"": [256, 256], ""decoded_frames"": [{""center_crop_xywh"": [45, 45, 166, 166], ""decoded_size_wh"": [256, 256], ""frame_position"": 2, ""resize_output_size_wh"": [448, 448]}, {""center_crop_xywh"": [45, 45, 166, 166], ""decoded_size_wh"": [256, 256], ""frame_position"": 6, ""resize_output_size_wh"": [448, 448]}, {""center_crop_xywh"": [45, 45, 166, 166], ""decoded_size_wh"": [256, 256], ""frame_position"": 9, ""resize_output_size_wh"": [448, 448]}, {""center_crop_xywh"": [45, 45, 166, 166], ""decoded_size_wh"": [256, 256], ""frame_position"": 14, ""resize_output_size_wh"": [448, 448]}], ""processor_pixel_constraint"": {""max_pixels"": 200704, ""min_pixels"": 200704}, ""requested_frame_fractions"": [0.1, 0.37, 0.63, 0.9], ""resize_interpolation"": ""OpenCV INTER_AREA"", ""sample_id"": ""video_fusion/Crocodiles swim leisurely in the lake.mp4"", ""selected_frame_positions"": [2, 6, 9, 14], ""source_file_bytes"": 164325, ""source_fps_used"": 8.0, ""source_frame_count"": 16, ""video_path"": ""/DATA/DATA1/lixinyue/xyli/data/LGVQ/videos/video_fusion/Crocodiles swim leisurely in the lake.mp4""}"
517,video_fusion/Great white sharks swim majestically in the depths of the ocean.mp4,54.26,42.191734313964844,517,1,"[2, 6, 9, 14]","{""center_crop_fraction_of_short_side"": 0.65, ""container_reported_size_wh"": [256, 256], ""decoded_frames"": [{""center_crop_xywh"": [45, 45, 166, 166], ""decoded_size_wh"": [256, 256], ""frame_position"": 2, ""resize_output_size_wh"": [448, 448]}, {""center_crop_xywh"": [45, 45, 166, 166], ""decoded_size_wh"": [256, 256], ""frame_position"": 6, ""resize_output_size_wh"": [448, 448]}, {""center_crop_xywh"": [45, 45, 166, 166], ""decoded_size_wh"": [256, 256], ""frame_position"": 9, ""resize_output_size_wh"": [448, 448]}, {""center_crop_xywh"": [45, 45, 166, 166], ""decoded_size_wh"": [256, 256], ""frame_position"": 14, ""resize_output_size_wh"": [448, 448]}], ""processor_pixel_constraint"": {""max_pixels"": 200704, ""min_pixels"": 200704}, ""requested_frame_fractions"": [0.1, 0.37, 0.63, 0.9], ""resize_interpolation"": ""OpenCV INTER_AREA"", ""sample_id"": ""video_fusion/Great white sharks swim majestically in the depths of the ocean.mp4"", ""selected_frame_positions"": [2, 6, 9, 14], ""source_file_bytes"": 209520, ""source_fps_used"": 8.0, ""source_frame_count"": 16, ""video_path"": ""/DATA/DATA1/lixinyue/xyli/data/LGVQ/videos/video_fusion/Great white sharks swim majestically in the depths of the ocean.mp4""}"
518,"video_fusion/In a rugby match, players vied for possession of the rugby ball.mp4",58.36,43.36241912841797,518,1,"[2, 6, 9, 14]","{""center_crop_fraction_of_short_side"": 0.65, ""container_reported_size_wh"": [256, 256], ""decoded_frames"": [{""center_crop_xywh"": [45, 45, 166, 166], ""decoded_size_wh"": [256, 256], ""frame_position"": 2, ""resize_output_size_wh"": [448, 448]}, {""center_crop_xywh"": [45, 45, 166, 166], ""decoded_size_wh"": [256, 256], ""frame_position"": 6, ""resize_output_size_wh"": [448, 448]}, {""center_crop_xywh"": [45, 45, 166, 166], ""decoded_size_wh"": [256, 256], ""frame_position"": 9, ""resize_output_size_wh"": [448, 448]}, {""center_crop_xywh"": [45, 45, 166, 166], ""decoded_size_wh"": [256, 256], ""frame_position"": 14, ""resize_output_size_wh"": [448, 448]}], ""processor_pixel_constraint"": {""max_pixels"": 200704, ""min_pixels"": 200704}, ""requested_frame_fractions"": [0.1, 0.37, 0.63, 0.9], ""resize_interpolation"": ""OpenCV INTER_AREA"", ""sample_id"": ""video_fusion/In a rugby match, players vied for possession of the rugby ball.mp4"", ""selected_frame_positions"": [2, 6, 9, 14], ""source_file_bytes"": 149570, ""source_fps_used"": 8.0, ""source_frame_count"": 16, ""video_path"": ""/DATA/DATA1/lixinyue/xyli/data/LGVQ/videos/video_fusion/In a rugby match, players vied for possession of the rugby ball.mp4""}"
519,"video_fusion/In front of a farmhouse, there is a swing.mp4",66.15,57.63612747192383,519,1,"[2, 6, 9, 14]","{""center_crop_fraction_of_short_side"": 0.65, ""container_reported_size_wh"": [256, 256], ""decoded_frames"": [{""center_crop_xywh"": [45, 45, 166, 166], ""decoded_size_wh"": [256, 256], ""frame_position"": 2, ""resize_output_size_wh"": [448, 448]}, {""center_crop_xywh"": [45, 45, 166, 166], ""decoded_size_wh"": [256, 256], ""frame_position"": 6, ""resize_output_size_wh"": [448, 448]}, {""center_crop_xywh"": [45, 45, 166, 166], ""decoded_size_wh"": [256, 256], ""frame_position"": 9, ""resize_output_size_wh"": [448, 448]}, {""center_crop_xywh"": [45, 45, 166, 166], ""decoded_size_wh"": [256, 256], ""frame_position"": 14, ""resize_output_size_wh"": [448, 448]}], ""processor_pixel_constraint"": {""max_pixels"": 200704, ""min_pixels"": 200704}, ""requested_frame_fractions"": [0.1, 0.37, 0.63, 0.9], ""resize_interpolation"": ""OpenCV INTER_AREA"", ""sample_id"": ""video_fusion/In front of a farmhouse, there is a swing.mp4"", ""selected_frame_positions"": [2, 6, 9, 14], ""source_file_bytes"": 147280, ""source_fps_used"": 8.0, ""source_frame_count"": 16, ""video_path"": ""/DATA/DATA1/lixinyue/xyli/data/LGVQ/videos/video_fusion/In front of a farmhouse, there is a swing.mp4""}"
520,video_fusion/Military aircraft are neatly lined up on the military base.mp4,59.27,50.6110954284668,520,1,"[2, 6, 9, 14]","{""center_crop_fraction_of_short_side"": 0.65, ""container_reported_size_wh"": [256, 256], ""decoded_frames"": [{""center_crop_xywh"": [45, 45, 166, 166], ""decoded_size_wh"": [256, 256], ""frame_position"": 2, ""resize_output_size_wh"": [448, 448]}, {""center_crop_xywh"": [45, 45, 166, 166], ""decoded_size_wh"": [256, 256], ""frame_position"": 6, ""resize_output_size_wh"": [448, 448]}, {""center_crop_xywh"": [45, 45, 166, 166], ""decoded_size_wh"": [256, 256], ""frame_position"": 9, ""resize_output_size_wh"": [448, 448]}, {""center_crop_xywh"": [45, 45, 166, 166], ""decoded_size_wh"": [256, 256], ""frame_position"": 14, ""resize_output_size_wh"": [448, 448]}], ""processor_pixel_constraint"": {""max_pixels"": 200704, ""min_pixels"": 200704}, ""requested_frame_fractions"": [0.1, 0.37, 0.63, 0.9], ""resize_interpolation"": ""OpenCV INTER_AREA"", ""sample_id"": ""video_fusion/Military aircraft are neatly lined up on the military base.mp4"", ""selected_frame_positions"": [2, 6, 9, 14], ""source_file_bytes"": 257207, ""source_fps_used"": 8.0, ""source_frame_count"": 16, ""video_path"": ""/DATA/DATA1/lixinyue/xyli/data/LGVQ/videos/video_fusion/Military aircraft are neatly lined up on the military base.mp4""}"
521,video_fusion/Parents pick up students at the bus stop.mp4,58.34,45.81300354003906,521,1,"[2, 6, 9, 14]","{""center_crop_fraction_of_short_side"": 0.65, ""container_reported_size_wh"": [256, 256], ""decoded_frames"": [{""center_crop_xywh"": [45, 45, 166, 166], ""decoded_size_wh"": [256, 256], ""frame_position"": 2, ""resize_output_size_wh"": [448, 448]}, {""center_crop_xywh"": [45, 45, 166, 166], ""decoded_size_wh"": [256, 256], ""frame_position"": 6, ""resize_output_size_wh"": [448, 448]}, {""center_crop_xywh"": [45, 45, 166, 166], ""decoded_size_wh"": [256, 256], ""frame_position"": 9, ""resize_output_size_wh"": [448, 448]}, {""center_crop_xywh"": [45, 45, 166, 166], ""decoded_size_wh"": [256, 256], ""frame_position"": 14, ""resize_output_size_wh"": [448, 448]}], ""processor_pixel_constraint"": {""max_pixels"": 200704, ""min_pixels"": 200704}, ""requested_frame_fractions"": [0.1, 0.37, 0.63, 0.9], ""resize_interpolation"": ""OpenCV INTER_AREA"", ""sample_id"": ""video_fusion/Parents pick up students at the bus stop.mp4"", ""selected_frame_positions"": [2, 6, 9, 14], ""source_file_bytes"": 153816, ""source_fps_used"": 8.0, ""source_frame_count"": 16, ""video_path"": ""/DATA/DATA1/lixinyue/xyli/data/LGVQ/videos/video_fusion/Parents pick up students at the bus stop.mp4""}"
522,video_fusion/People sunbathe on the lawn.mp4,48.82,53.26646423339844,522,1,"[2, 6, 9, 14]","{""center_crop_fraction_of_short_side"": 0.65, ""container_reported_size_wh"": [256, 256], ""decoded_frames"": [{""center_crop_xywh"": [45, 45, 166, 166], ""decoded_size_wh"": [256, 256], ""frame_position"": 2, ""resize_output_size_wh"": [448, 448]}, {""center_crop_xywh"": [45, 45, 166, 166], ""decoded_size_wh"": [256, 256], ""frame_position"": 6, ""resize_output_size_wh"": [448, 448]}, {""center_crop_xywh"": [45, 45, 166, 166], ""decoded_size_wh"": [256, 256], ""frame_position"": 9, ""resize_output_size_wh"": [448, 448]}, {""center_crop_xywh"": [45, 45, 166, 166], ""decoded_size_wh"": [256, 256], ""frame_position"": 14, ""resize_output_size_wh"": [448, 448]}], ""processor_pixel_constraint"": {""max_pixels"": 200704, ""min_pixels"": 200704}, ""requested_frame_fractions"": [0.1, 0.37, 0.63, 0.9], ""resize_interpolation"": ""OpenCV INTER_AREA"", ""sample_id"": ""video_fusion/People sunbathe on the lawn.mp4"", ""selected_frame_positions"": [2, 6, 9, 14], ""source_file_bytes"": 178376, ""source_fps_used"": 8.0, ""source_frame_count"": 16, ""video_path"": ""/DATA/DATA1/lixinyue/xyli/data/LGVQ/videos/video_fusion/People sunbathe on the lawn.mp4""}"
523,video_fusion/People taking a leisurely walk admire the lake view.mp4,59.45,59.75117111206055,523,1,"[2, 6, 9, 14]","{""center_crop_fraction_of_short_side"": 0.65, ""container_reported_size_wh"": [256, 256], ""decoded_frames"": [{""center_crop_xywh"": [45, 45, 166, 166], ""decoded_size_wh"": [256, 256], ""frame_position"": 2, ""resize_output_size_wh"": [448, 448]}, {""center_crop_xywh"": [45, 45, 166, 166], ""decoded_size_wh"": [256, 256], ""frame_position"": 6, ""resize_output_size_wh"": [448, 448]}, {""center_crop_xywh"": [45, 45, 166, 166], ""decoded_size_wh"": [256, 256], ""frame_position"": 9, ""resize_output_size_wh"": [448, 448]}, {""center_crop_xywh"": [45, 45, 166, 166], ""decoded_size_wh"": [256, 256], ""frame_position"": 14, ""resize_output_size_wh"": [448, 448]}], ""processor_pixel_constraint"": {""max_pixels"": 200704, ""min_pixels"": 200704}, ""requested_frame_fractions"": [0.1, 0.37, 0.63, 0.9], ""resize_interpolation"": ""OpenCV INTER_AREA"", ""sample_id"": ""video_fusion/People taking a leisurely walk admire the lake view.mp4"", ""selected_frame_positions"": [2, 6, 9, 14], ""source_file_bytes"": 81699, ""source_fps_used"": 8.0, ""source_frame_count"": 16, ""video_path"": ""/DATA/DATA1/lixinyue/xyli/data/LGVQ/videos/video_fusion/People taking a leisurely walk admire the lake view.mp4""}"
524,"video_fusion/Plateaus surrounding lakes, embraced by peaceful and harmonious mountains.mp4",52.55,49.44620895385742,524,1,"[2, 6, 9, 14]","{""center_crop_fraction_of_short_side"": 0.65, ""container_reported_size_wh"": [256, 256], ""decoded_frames"": [{""center_crop_xywh"": [45, 45, 166, 166], ""decoded_size_wh"": [256, 256], ""frame_position"": 2, ""resize_output_size_wh"": [448, 448]}, {""center_crop_xywh"": [45, 45, 166, 166], ""decoded_size_wh"": [256, 256], ""frame_position"": 6, ""resize_output_size_wh"": [448, 448]}, {""center_crop_xywh"": [45, 45, 166, 166], ""decoded_size_wh"": [256, 256], ""frame_position"": 9, ""resize_output_size_wh"": [448, 448]}, {""center_crop_xywh"": [45, 45, 166, 166], ""decoded_size_wh"": [256, 256], ""frame_position"": 14, ""resize_output_size_wh"": [448, 448]}], ""processor_pixel_constraint"": {""max_pixels"": 200704, ""min_pixels"": 200704}, ""requested_frame_fractions"": [0.1, 0.37, 0.63, 0.9], ""resize_interpolation"": ""OpenCV INTER_AREA"", ""sample_id"": ""video_fusion/Plateaus surrounding lakes, embraced by peaceful and harmonious mountains.mp4"", ""selected_frame_positions"": [2, 6, 9, 14], ""source_file_bytes"": 220175, ""source_fps_used"": 8.0, ""source_frame_count"": 16, ""video_path"": ""/DATA/DATA1/lixinyue/xyli/data/LGVQ/videos/video_fusion/Plateaus surrounding lakes, embraced by peaceful and harmonious mountains.mp4""}"
525,video_fusion/Purple lavender grows in the field.mp4,56.98,55.9434700012207,525,1,"[2, 6, 9, 14]","{""center_crop_fraction_of_short_side"": 0.65, ""container_reported_size_wh"": [256, 256], ""decoded_frames"": [{""center_crop_xywh"": [45, 45, 166, 166], ""decoded_size_wh"": [256, 256], ""frame_position"": 2, ""resize_output_size_wh"": [448, 448]}, {""center_crop_xywh"": [45, 45, 166, 166], ""decoded_size_wh"": [256, 256], ""frame_position"": 6, ""resize_output_size_wh"": [448, 448]}, {""center_crop_xywh"": [45, 45, 166, 166], ""decoded_size_wh"": [256, 256], ""frame_position"": 9, ""resize_output_size_wh"": [448, 448]}, {""center_crop_xywh"": [45, 45, 166, 166], ""decoded_size_wh"": [256, 256], ""frame_position"": 14, ""resize_output_size_wh"": [448, 448]}], ""processor_pixel_constraint"": {""max_pixels"": 200704, ""min_pixels"": 200704}, ""requested_frame_fractions"": [0.1, 0.37, 0.63, 0.9], ""resize_interpolation"": ""OpenCV INTER_AREA"", ""sample_id"": ""video_fusion/Purple lavender grows in the field.mp4"", ""selected_frame_positions"": [2, 6, 9, 14], ""source_file_bytes"": 282553, ""source_fps_used"": 8.0, ""source_frame_count"": 16, ""video_path"": ""/DATA/DATA1/lixinyue/xyli/data/LGVQ/videos/video_fusion/Purple lavender grows in the field.mp4""}"
526,video_fusion/Sharks dart through the water.mp4,47.62,50.65932083129883,526,1,"[2, 6, 9, 14]","{""center_crop_fraction_of_short_side"": 0.65, ""container_reported_size_wh"": [256, 256], ""decoded_frames"": [{""center_crop_xywh"": [45, 45, 166, 166], ""decoded_size_wh"": [256, 256], ""frame_position"": 2, ""resize_output_size_wh"": [448, 448]}, {""center_crop_xywh"": [45, 45, 166, 166], ""decoded_size_wh"": [256, 256], ""frame_position"": 6, ""resize_output_size_wh"": [448, 448]}, {""center_crop_xywh"": [45, 45, 166, 166], ""decoded_size_wh"": [256, 256], ""frame_position"": 9, ""resize_output_size_wh"": [448, 448]}, {""center_crop_xywh"": [45, 45, 166, 166], ""decoded_size_wh"": [256, 256], ""frame_position"": 14, ""resize_output_size_wh"": [448, 448]}], ""processor_pixel_constraint"": {""max_pixels"": 200704, ""min_pixels"": 200704}, ""requested_frame_fractions"": [0.1, 0.37, 0.63, 0.9], ""resize_interpolation"": ""OpenCV INTER_AREA"", ""sample_id"": ""video_fusion/Sharks dart through the water.mp4"", ""selected_frame_positions"": [2, 6, 9, 14], ""source_file_bytes"": 102313, ""source_fps_used"": 8.0, ""source_frame_count"": 16, ""video_path"": ""/DATA/DATA1/lixinyue/xyli/data/LGVQ/videos/video_fusion/Sharks dart through the water.mp4""}"
527,video_fusion/Soldiers are setting up tents in the camp.mp4,55.48,49.57793426513672,527,1,"[2, 6, 9, 14]","{""center_crop_fraction_of_short_side"": 0.65, ""container_reported_size_wh"": [256, 256], ""decoded_frames"": [{""center_crop_xywh"": [45, 45, 166, 166], ""decoded_size_wh"": [256, 256], ""frame_position"": 2, ""resize_output_size_wh"": [448, 448]}, {""center_crop_xywh"": [45, 45, 166, 166], ""decoded_size_wh"": [256, 256], ""frame_position"": 6, ""resize_output_size_wh"": [448, 448]}, {""center_crop_xywh"": [45, 45, 166, 166], ""decoded_size_wh"": [256, 256], ""frame_position"": 9, ""resize_output_size_wh"": [448, 448]}, {""center_crop_xywh"": [45, 45, 166, 166], ""decoded_size_wh"": [256, 256], ""frame_position"": 14, ""resize_output_size_wh"": [448, 448]}], ""processor_pixel_constraint"": {""max_pixels"": 200704, ""min_pixels"": 200704}, ""requested_frame_fractions"": [0.1, 0.37, 0.63, 0.9], ""resize_interpolation"": ""OpenCV INTER_AREA"", ""sample_id"": ""video_fusion/Soldiers are setting up tents in the camp.mp4"", ""selected_frame_positions"": [2, 6, 9, 14], ""source_file_bytes"": 164575, ""source_fps_used"": 8.0, ""source_frame_count"": 16, ""video_path"": ""/DATA/DATA1/lixinyue/xyli/data/LGVQ/videos/video_fusion/Soldiers are setting up tents in the camp.mp4""}"
528,video_fusion/Students and teachers discuss topics in the classroom.mp4,56.82,47.81359100341797,528,1,"[2, 6, 9, 14]","{""center_crop_fraction_of_short_side"": 0.65, ""container_reported_size_wh"": [256, 256], ""decoded_frames"": [{""center_crop_xywh"": [45, 45, 166, 166], ""decoded_size_wh"": [256, 256], ""frame_position"": 2, ""resize_output_size_wh"": [448, 448]}, {""center_crop_xywh"": [45, 45, 166, 166], ""decoded_size_wh"": [256, 256], ""frame_position"": 6, ""resize_output_size_wh"": [448, 448]}, {""center_crop_xywh"": [45, 45, 166, 166], ""decoded_size_wh"": [256, 256], ""frame_position"": 9, ""resize_output_size_wh"": [448, 448]}, {""center_crop_xywh"": [45, 45, 166, 166], ""decoded_size_wh"": [256, 256], ""frame_position"": 14, ""resize_output_size_wh"": [448, 448]}], ""processor_pixel_constraint"": {""max_pixels"": 200704, ""min_pixels"": 200704}, ""requested_frame_fractions"": [0.1, 0.37, 0.63, 0.9], ""resize_interpolation"": ""OpenCV INTER_AREA"", ""sample_id"": ""video_fusion/Students and teachers discuss topics in the classroom.mp4"", ""selected_frame_positions"": [2, 6, 9, 14], ""source_file_bytes"": 119229, ""source_fps_used"": 8.0, ""source_frame_count"": 16, ""video_path"": ""/DATA/DATA1/lixinyue/xyli/data/LGVQ/videos/video_fusion/Students and teachers discuss topics in the classroom.mp4""}"
529,video_fusion/Students create exquisite artwork in art class.mp4,60.97,52.07904052734375,529,1,"[2, 6, 9, 14]","{""center_crop_fraction_of_short_side"": 0.65, ""container_reported_size_wh"": [256, 256], ""decoded_frames"": [{""center_crop_xywh"": [45, 45, 166, 166], ""decoded_size_wh"": [256, 256], ""frame_position"": 2, ""resize_output_size_wh"": [448, 448]}, {""center_crop_xywh"": [45, 45, 166, 166], ""decoded_size_wh"": [256, 256], ""frame_position"": 6, ""resize_output_size_wh"": [448, 448]}, {""center_crop_xywh"": [45, 45, 166, 166], ""decoded_size_wh"": [256, 256], ""frame_position"": 9, ""resize_output_size_wh"": [448, 448]}, {""center_crop_xywh"": [45, 45, 166, 166], ""decoded_size_wh"": [256, 256], ""frame_position"": 14, ""resize_output_size_wh"": [448, 448]}], ""processor_pixel_constraint"": {""max_pixels"": 200704, ""min_pixels"": 200704}, ""requested_frame_fractions"": [0.1, 0.37, 0.63, 0.9], ""resize_interpolation"": ""OpenCV INTER_AREA"", ""sample_id"": ""video_fusion/Students create exquisite artwork in art class.mp4"", ""selected_frame_positions"": [2, 6, 9, 14], ""source_file_bytes"": 137912, ""source_fps_used"": 8.0, ""source_frame_count"": 16, ""video_path"": ""/DATA/DATA1/lixinyue/xyli/data/LGVQ/videos/video_fusion/Students create exquisite artwork in art class.mp4""}"
530,video_fusion/Students enjoy tasty sandwiches in the cafeteria.mp4,42.2,47.18858337402344,530,1,"[2, 6, 9, 14]","{""center_crop_fraction_of_short_side"": 0.65, ""container_reported_size_wh"": [256, 256], ""decoded_frames"": [{""center_crop_xywh"": [45, 45, 166, 166], ""decoded_size_wh"": [256, 256], ""frame_position"": 2, ""resize_output_size_wh"": [448, 448]}, {""center_crop_xywh"": [45, 45, 166, 166], ""decoded_size_wh"": [256, 256], ""frame_position"": 6, ""resize_output_size_wh"": [448, 448]}, {""center_crop_xywh"": [45, 45, 166, 166], ""decoded_size_wh"": [256, 256], ""frame_position"": 9, ""resize_output_size_wh"": [448, 448]}, {""center_crop_xywh"": [45, 45, 166, 166], ""decoded_size_wh"": [256, 256], ""frame_position"": 14, ""resize_output_size_wh"": [448, 448]}], ""processor_pixel_constraint"": {""max_pixels"": 200704, ""min_pixels"": 200704}, ""requested_frame_fractions"": [0.1, 0.37, 0.63, 0.9], ""resize_interpolation"": ""OpenCV INTER_AREA"", ""sample_id"": ""video_fusion/Students enjoy tasty sandwiches in the cafeteria.mp4"", ""selected_frame_positions"": [2, 6, 9, 14], ""source_file_bytes"": 176154, ""source_fps_used"": 8.0, ""source_frame_count"": 16, ""video_path"": ""/DATA/DATA1/lixinyue/xyli/data/LGVQ/videos/video_fusion/Students enjoy tasty sandwiches in the cafeteria.mp4""}"
531,"video_fusion/Students enjoy their time on campus, full of youthful energy.mp4",44.74,51.692928314208984,531,1,"[2, 6, 9, 14]","{""center_crop_fraction_of_short_side"": 0.65, ""container_reported_size_wh"": [256, 256], ""decoded_frames"": [{""center_crop_xywh"": [45, 45, 166, 166], ""decoded_size_wh"": [256, 256], ""frame_position"": 2, ""resize_output_size_wh"": [448, 448]}, {""center_crop_xywh"": [45, 45, 166, 166], ""decoded_size_wh"": [256, 256], ""frame_position"": 6, ""resize_output_size_wh"": [448, 448]}, {""center_crop_xywh"": [45, 45, 166, 166], ""decoded_size_wh"": [256, 256], ""frame_position"": 9, ""resize_output_size_wh"": [448, 448]}, {""center_crop_xywh"": [45, 45, 166, 166], ""decoded_size_wh"": [256, 256], ""frame_position"": 14, ""resize_output_size_wh"": [448, 448]}], ""processor_pixel_constraint"": {""max_pixels"": 200704, ""min_pixels"": 200704}, ""requested_frame_fractions"": [0.1, 0.37, 0.63, 0.9], ""resize_interpolation"": ""OpenCV INTER_AREA"", ""sample_id"": ""video_fusion/Students enjoy their time on campus, full of youthful energy.mp4"", ""selected_frame_positions"": [2, 6, 9, 14], ""source_file_bytes"": 201335, ""source_fps_used"": 8.0, ""source_frame_count"": 16, ""video_path"": ""/DATA/DATA1/lixinyue/xyli/data/LGVQ/videos/video_fusion/Students enjoy their time on campus, full of youthful energy.mp4""}"
532,"video_fusion/Students line up in the cafeteria, waiting for lunch.mp4",62.17,52.356021881103516,532,1,"[2, 6, 9, 14]","{""center_crop_fraction_of_short_side"": 0.65, ""container_reported_size_wh"": [256, 256], ""decoded_frames"": [{""center_crop_xywh"": [45, 45, 166, 166], ""decoded_size_wh"": [256, 256], ""frame_position"": 2, ""resize_output_size_wh"": [448, 448]}, {""center_crop_xywh"": [45, 45, 166, 166], ""decoded_size_wh"": [256, 256], ""frame_position"": 6, ""resize_output_size_wh"": [448, 448]}, {""center_crop_xywh"": [45, 45, 166, 166], ""decoded_size_wh"": [256, 256], ""frame_position"": 9, ""resize_output_size_wh"": [448, 448]}, {""center_crop_xywh"": [45, 45, 166, 166], ""decoded_size_wh"": [256, 256], ""frame_position"": 14, ""resize_output_size_wh"": [448, 448]}], ""processor_pixel_constraint"": {""max_pixels"": 200704, ""min_pixels"": 200704}, ""requested_frame_fractions"": [0.1, 0.37, 0.63, 0.9], ""resize_interpolation"": ""OpenCV INTER_AREA"", ""sample_id"": ""video_fusion/Students line up in the cafeteria, waiting for lunch.mp4"", ""selected_frame_positions"": [2, 6, 9, 14], ""source_file_bytes"": 167519, ""source_fps_used"": 8.0, ""source_frame_count"": 16, ""video_path"": ""/DATA/DATA1/lixinyue/xyli/data/LGVQ/videos/video_fusion/Students line up in the cafeteria, waiting for lunch.mp4""}"
533,video_fusion/Students participate in celebration ceremonies in the school courtyard.mp4,69.25,45.55356979370117,533,1,"[2, 6, 9, 14]","{""center_crop_fraction_of_short_side"": 0.65, ""container_reported_size_wh"": [256, 256], ""decoded_frames"": [{""center_crop_xywh"": [45, 45, 166, 166], ""decoded_size_wh"": [256, 256], ""frame_position"": 2, ""resize_output_size_wh"": [448, 448]}, {""center_crop_xywh"": [45, 45, 166, 166], ""decoded_size_wh"": [256, 256], ""frame_position"": 6, ""resize_output_size_wh"": [448, 448]}, {""center_crop_xywh"": [45, 45, 166, 166], ""decoded_size_wh"": [256, 256], ""frame_position"": 9, ""resize_output_size_wh"": [448, 448]}, {""center_crop_xywh"": [45, 45, 166, 166], ""decoded_size_wh"": [256, 256], ""frame_position"": 14, ""resize_output_size_wh"": [448, 448]}], ""processor_pixel_constraint"": {""max_pixels"": 200704, ""min_pixels"": 200704}, ""requested_frame_fractions"": [0.1, 0.37, 0.63, 0.9], ""resize_interpolation"": ""OpenCV INTER_AREA"", ""sample_id"": ""video_fusion/Students participate in celebration ceremonies in the school courtyard.mp4"", ""selected_frame_positions"": [2, 6, 9, 14], ""source_file_bytes"": 254613, ""source_fps_used"": 8.0, ""source_frame_count"": 16, ""video_path"": ""/DATA/DATA1/lixinyue/xyli/data/LGVQ/videos/video_fusion/Students participate in celebration ceremonies in the school courtyard.mp4""}"
534,video_fusion/Students program in the computer lab.mp4,56.78,55.01418685913086,534,1,"[2, 6, 9, 14]","{""center_crop_fraction_of_short_side"": 0.65, ""container_reported_size_wh"": [256, 256], ""decoded_frames"": [{""center_crop_xywh"": [45, 45, 166, 166], ""decoded_size_wh"": [256, 256], ""frame_position"": 2, ""resize_output_size_wh"": [448, 448]}, {""center_crop_xywh"": [45, 45, 166, 166], ""decoded_size_wh"": [256, 256], ""frame_position"": 6, ""resize_output_size_wh"": [448, 448]}, {""center_crop_xywh"": [45, 45, 166, 166], ""decoded_size_wh"": [256, 256], ""frame_position"": 9, ""resize_output_size_wh"": [448, 448]}, {""center_crop_xywh"": [45, 45, 166, 166], ""decoded_size_wh"": [256, 256], ""frame_position"": 14, ""resize_output_size_wh"": [448, 448]}], ""processor_pixel_constraint"": {""max_pixels"": 200704, ""min_pixels"": 200704}, ""requested_frame_fractions"": [0.1, 0.37, 0.63, 0.9], ""resize_interpolation"": ""OpenCV INTER_AREA"", ""sample_id"": ""video_fusion/Students program in the computer lab.mp4"", ""selected_frame_positions"": [2, 6, 9, 14], ""source_file_bytes"": 139001, ""source_fps_used"": 8.0, ""source_frame_count"": 16, ""video_path"": ""/DATA/DATA1/lixinyue/xyli/data/LGVQ/videos/video_fusion/Students program in the computer lab.mp4""}"
535,video_fusion/Students savor delicious soups in the cafeteria.mp4,47.6,45.7100830078125,535,1,"[2, 6, 9, 14]","{""center_crop_fraction_of_short_side"": 0.65, ""container_reported_size_wh"": [256, 256], ""decoded_frames"": [{""center_crop_xywh"": [45, 45, 166, 166], ""decoded_size_wh"": [256, 256], ""frame_position"": 2, ""resize_output_size_wh"": [448, 448]}, {""center_crop_xywh"": [45, 45, 166, 166], ""decoded_size_wh"": [256, 256], ""frame_position"": 6, ""resize_output_size_wh"": [448, 448]}, {""center_crop_xywh"": [45, 45, 166, 166], ""decoded_size_wh"": [256, 256], ""frame_position"": 9, ""resize_output_size_wh"": [448, 448]}, {""center_crop_xywh"": [45, 45, 166, 166], ""decoded_size_wh"": [256, 256], ""frame_position"": 14, ""resize_output_size_wh"": [448, 448]}], ""processor_pixel_constraint"": {""max_pixels"": 200704, ""min_pixels"": 200704}, ""requested_frame_fractions"": [0.1, 0.37, 0.63, 0.9], ""resize_interpolation"": ""OpenCV INTER_AREA"", ""sample_id"": ""video_fusion/Students savor delicious soups in the cafeteria.mp4"", ""selected_frame_positions"": [2, 6, 9, 14], ""source_file_bytes"": 186713, ""source_fps_used"": 8.0, ""source_frame_count"": 16, ""video_path"": ""/DATA/DATA1/lixinyue/xyli/data/LGVQ/videos/video_fusion/Students savor delicious soups in the cafeteria.mp4""}"
536,video_fusion/Sunflowers stand tall in a field.mp4,56.69,61.532020568847656,536,1,"[2, 6, 9, 14]","{""center_crop_fraction_of_short_side"": 0.65, ""container_reported_size_wh"": [256, 256], ""decoded_frames"": [{""center_crop_xywh"": [45, 45, 166, 166], ""decoded_size_wh"": [256, 256], ""frame_position"": 2, ""resize_output_size_wh"": [448, 448]}, {""center_crop_xywh"": [45, 45, 166, 166], ""decoded_size_wh"": [256, 256], ""frame_position"": 6, ""resize_output_size_wh"": [448, 448]}, {""center_crop_xywh"": [45, 45, 166, 166], ""decoded_size_wh"": [256, 256], ""frame_position"": 9, ""resize_output_size_wh"": [448, 448]}, {""center_crop_xywh"": [45, 45, 166, 166], ""decoded_size_wh"": [256, 256], ""frame_position"": 14, ""resize_output_size_wh"": [448, 448]}], ""processor_pixel_constraint"": {""max_pixels"": 200704, ""min_pixels"": 200704}, ""requested_frame_fractions"": [0.1, 0.37, 0.63, 0.9], ""resize_interpolation"": ""OpenCV INTER_AREA"", ""sample_id"": ""video_fusion/Sunflowers stand tall in a field.mp4"", ""selected_frame_positions"": [2, 6, 9, 14], ""source_file_bytes"": 182605, ""source_fps_used"": 8.0, ""source_frame_count"": 16, ""video_path"": ""/DATA/DATA1/lixinyue/xyli/data/LGVQ/videos/video_fusion/Sunflowers stand tall in a field.mp4""}"
537,video_fusion/Sunlight is streaming through the leaves onto the grass.mp4,55.63,59.326446533203125,537,1,"[2, 6, 9, 14]","{""center_crop_fraction_of_short_side"": 0.65, ""container_reported_size_wh"": [256, 256], ""decoded_frames"": [{""center_crop_xywh"": [45, 45, 166, 166], ""decoded_size_wh"": [256, 256], ""frame_position"": 2, ""resize_output_size_wh"": [448, 448]}, {""center_crop_xywh"": [45, 45, 166, 166], ""decoded_size_wh"": [256, 256], ""frame_position"": 6, ""resize_output_size_wh"": [448, 448]}, {""center_crop_xywh"": [45, 45, 166, 166], ""decoded_size_wh"": [256, 256], ""frame_position"": 9, ""resize_output_size_wh"": [448, 448]}, {""center_crop_xywh"": [45, 45, 166, 166], ""decoded_size_wh"": [256, 256], ""frame_position"": 14, ""resize_output_size_wh"": [448, 448]}], ""processor_pixel_constraint"": {""max_pixels"": 200704, ""min_pixels"": 200704}, ""requested_frame_fractions"": [0.1, 0.37, 0.63, 0.9], ""resize_interpolation"": ""OpenCV INTER_AREA"", ""sample_id"": ""video_fusion/Sunlight is streaming through the leaves onto the grass.mp4"", ""selected_frame_positions"": [2, 6, 9, 14], ""source_file_bytes"": 314408, ""source_fps_used"": 8.0, ""source_frame_count"": 16, ""video_path"": ""/DATA/DATA1/lixinyue/xyli/data/LGVQ/videos/video_fusion/Sunlight is streaming through the leaves onto the grass.mp4""}"
538,video_fusion/Swallows soar in the air.mp4,60.76,54.735572814941406,538,1,"[2, 6, 9, 14]","{""center_crop_fraction_of_short_side"": 0.65, ""container_reported_size_wh"": [256, 256], ""decoded_frames"": [{""center_crop_xywh"": [45, 45, 166, 166], ""decoded_size_wh"": [256, 256], ""frame_position"": 2, ""resize_output_size_wh"": [448, 448]}, {""center_crop_xywh"": [45, 45, 166, 166], ""decoded_size_wh"": [256, 256], ""frame_position"": 6, ""resize_output_size_wh"": [448, 448]}, {""center_crop_xywh"": [45, 45, 166, 166], ""decoded_size_wh"": [256, 256], ""frame_position"": 9, ""resize_output_size_wh"": [448, 448]}, {""center_crop_xywh"": [45, 45, 166, 166], ""decoded_size_wh"": [256, 256], ""frame_position"": 14, ""resize_output_size_wh"": [448, 448]}], ""processor_pixel_constraint"": {""max_pixels"": 200704, ""min_pixels"": 200704}, ""requested_frame_fractions"": [0.1, 0.37, 0.63, 0.9], ""resize_interpolation"": ""OpenCV INTER_AREA"", ""sample_id"": ""video_fusion/Swallows soar in the air.mp4"", ""selected_frame_positions"": [2, 6, 9, 14], ""source_file_bytes"": 137822, ""source_fps_used"": 8.0, ""source_frame_count"": 16, ""video_path"": ""/DATA/DATA1/lixinyue/xyli/data/LGVQ/videos/video_fusion/Swallows soar in the air.mp4""}"
539,video_fusion/Teenage skateboarders perform tricks by the pond.mp4,42.21,43.632259368896484,539,1,"[2, 6, 9, 14]","{""center_crop_fraction_of_short_side"": 0.65, ""container_reported_size_wh"": [256, 256], ""decoded_frames"": [{""center_crop_xywh"": [45, 45, 166, 166], ""decoded_size_wh"": [256, 256], ""frame_position"": 2, ""resize_output_size_wh"": [448, 448]}, {""center_crop_xywh"": [45, 45, 166, 166], ""decoded_size_wh"": [256, 256], ""frame_position"": 6, ""resize_output_size_wh"": [448, 448]}, {""center_crop_xywh"": [45, 45, 166, 166], ""decoded_size_wh"": [256, 256], ""frame_position"": 9, ""resize_output_size_wh"": [448, 448]}, {""center_crop_xywh"": [45, 45, 166, 166], ""decoded_size_wh"": [256, 256], ""frame_position"": 14, ""resize_output_size_wh"": [448, 448]}], ""processor_pixel_constraint"": {""max_pixels"": 200704, ""min_pixels"": 200704}, ""requested_frame_fractions"": [0.1, 0.37, 0.63, 0.9], ""resize_interpolation"": ""OpenCV INTER_AREA"", ""sample_id"": ""video_fusion/Teenage skateboarders perform tricks by the pond.mp4"", ""selected_frame_positions"": [2, 6, 9, 14], ""source_file_bytes"": 157459, ""source_fps_used"": 8.0, ""source_frame_count"": 16, ""video_path"": ""/DATA/DATA1/lixinyue/xyli/data/LGVQ/videos/video_fusion/Teenage skateboarders perform tricks by the pond.mp4""}"
540,"video_fusion/The campus has colorful gardens, full of vitality.mp4",61.21,45.39885711669922,540,1,"[2, 6, 9, 14]","{""center_crop_fraction_of_short_side"": 0.65, ""container_reported_size_wh"": [256, 256], ""decoded_frames"": [{""center_crop_xywh"": [45, 45, 166, 166], ""decoded_size_wh"": [256, 256], ""frame_position"": 2, ""resize_output_size_wh"": [448, 448]}, {""center_crop_xywh"": [45, 45, 166, 166], ""decoded_size_wh"": [256, 256], ""frame_position"": 6, ""resize_output_size_wh"": [448, 448]}, {""center_crop_xywh"": [45, 45, 166, 166], ""decoded_size_wh"": [256, 256], ""frame_position"": 9, ""resize_output_size_wh"": [448, 448]}, {""center_crop_xywh"": [45, 45, 166, 166], ""decoded_size_wh"": [256, 256], ""frame_position"": 14, ""resize_output_size_wh"": [448, 448]}], ""processor_pixel_constraint"": {""max_pixels"": 200704, ""min_pixels"": 200704}, ""requested_frame_fractions"": [0.1, 0.37, 0.63, 0.9], ""resize_interpolation"": ""OpenCV INTER_AREA"", ""sample_id"": ""video_fusion/The campus has colorful gardens, full of vitality.mp4"", ""selected_frame_positions"": [2, 6, 9, 14], ""source_file_bytes"": 335725, ""source_fps_used"": 8.0, ""source_frame_count"": 16, ""video_path"": ""/DATA/DATA1/lixinyue/xyli/data/LGVQ/videos/video_fusion/The campus has colorful gardens, full of vitality.mp4""}"
541,video_fusion/The commander is strategizing in front of a map.mp4,45.95,44.372474670410156,541,1,"[2, 6, 9, 14]","{""center_crop_fraction_of_short_side"": 0.65, ""container_reported_size_wh"": [256, 256], ""decoded_frames"": [{""center_crop_xywh"": [45, 45, 166, 166], ""decoded_size_wh"": [256, 256], ""frame_position"": 2, ""resize_output_size_wh"": [448, 448]}, {""center_crop_xywh"": [45, 45, 166, 166], ""decoded_size_wh"": [256, 256], ""frame_position"": 6, ""resize_output_size_wh"": [448, 448]}, {""center_crop_xywh"": [45, 45, 166, 166], ""decoded_size_wh"": [256, 256], ""frame_position"": 9, ""resize_output_size_wh"": [448, 448]}, {""center_crop_xywh"": [45, 45, 166, 166], ""decoded_size_wh"": [256, 256], ""frame_position"": 14, ""resize_output_size_wh"": [448, 448]}], ""processor_pixel_constraint"": {""max_pixels"": 200704, ""min_pixels"": 200704}, ""requested_frame_fractions"": [0.1, 0.37, 0.63, 0.9], ""resize_interpolation"": ""OpenCV INTER_AREA"", ""sample_id"": ""video_fusion/The commander is strategizing in front of a map.mp4"", ""selected_frame_positions"": [2, 6, 9, 14], ""source_file_bytes"": 176016, ""source_fps_used"": 8.0, ""source_frame_count"": 16, ""video_path"": ""/DATA/DATA1/lixinyue/xyli/data/LGVQ/videos/video_fusion/The commander is strategizing in front of a map.mp4""}"
542,video_fusion/The crickets chirped merrily in the summer night.mp4,52.78,53.98617935180664,542,1,"[2, 6, 9, 14]","{""center_crop_fraction_of_short_side"": 0.65, ""container_reported_size_wh"": [256, 256], ""decoded_frames"": [{""center_crop_xywh"": [45, 45, 166, 166], ""decoded_size_wh"": [256, 256], ""frame_position"": 2, ""resize_output_size_wh"": [448, 448]}, {""center_crop_xywh"": [45, 45, 166, 166], ""decoded_size_wh"": [256, 256], ""frame_position"": 6, ""resize_output_size_wh"": [448, 448]}, {""center_crop_xywh"": [45, 45, 166, 166], ""decoded_size_wh"": [256, 256], ""frame_position"": 9, ""resize_output_size_wh"": [448, 448]}, {""center_crop_xywh"": [45, 45, 166, 166], ""decoded_size_wh"": [256, 256], ""frame_position"": 14, ""resize_output_size_wh"": [448, 448]}], ""processor_pixel_constraint"": {""max_pixels"": 200704, ""min_pixels"": 200704}, ""requested_frame_fractions"": [0.1, 0.37, 0.63, 0.9], ""resize_interpolation"": ""OpenCV INTER_AREA"", ""sample_id"": ""video_fusion/The crickets chirped merrily in the summer night.mp4"", ""selected_frame_positions"": [2, 6, 9, 14], ""source_file_bytes"": 255818, ""source_fps_used"": 8.0, ""source_frame_count"": 16, ""video_path"": ""/DATA/DATA1/lixinyue/xyli/data/LGVQ/videos/video_fusion/The crickets chirped merrily in the summer night.mp4""}"
543,video_fusion/The leaves of a purple-leaf plum tree turn deep purple.mp4,57.54,53.27102279663086,543,1,"[2, 6, 9, 14]","{""center_crop_fraction_of_short_side"": 0.65, ""container_reported_size_wh"": [256, 256], ""decoded_frames"": [{""center_crop_xywh"": [45, 45, 166, 166], ""decoded_size_wh"": [256, 256], ""frame_position"": 2, ""resize_output_size_wh"": [448, 448]}, {""center_crop_xywh"": [45, 45, 166, 166], ""decoded_size_wh"": [256, 256], ""frame_position"": 6, ""resize_output_size_wh"": [448, 448]}, {""center_crop_xywh"": [45, 45, 166, 166], ""decoded_size_wh"": [256, 256], ""frame_position"": 9, ""resize_output_size_wh"": [448, 448]}, {""center_crop_xywh"": [45, 45, 166, 166], ""decoded_size_wh"": [256, 256], ""frame_position"": 14, ""resize_output_size_wh"": [448, 448]}], ""processor_pixel_constraint"": {""max_pixels"": 200704, ""min_pixels"": 200704}, ""requested_frame_fractions"": [0.1, 0.37, 0.63, 0.9], ""resize_interpolation"": ""OpenCV INTER_AREA"", ""sample_id"": ""video_fusion/The leaves of a purple-leaf plum tree turn deep purple.mp4"", ""selected_frame_positions"": [2, 6, 9, 14], ""source_file_bytes"": 317695, ""source_fps_used"": 8.0, ""source_frame_count"": 16, ""video_path"": ""/DATA/DATA1/lixinyue/xyli/data/LGVQ/videos/video_fusion/The leaves of a purple-leaf plum tree turn deep purple.mp4""}"
544,video_fusion/The lion roars majestically on the grassland.mp4,57.25,46.553688049316406,544,1,"[2, 6, 9, 14]","{""center_crop_fraction_of_short_side"": 0.65, ""container_reported_size_wh"": [256, 256], ""decoded_frames"": [{""center_crop_xywh"": [45, 45, 166, 166], ""decoded_size_wh"": [256, 256], ""frame_position"": 2, ""resize_output_size_wh"": [448, 448]}, {""center_crop_xywh"": [45, 45, 166, 166], ""decoded_size_wh"": [256, 256], ""frame_position"": 6, ""resize_output_size_wh"": [448, 448]}, {""center_crop_xywh"": [45, 45, 166, 166], ""decoded_size_wh"": [256, 256], ""frame_position"": 9, ""resize_output_size_wh"": [448, 448]}, {""center_crop_xywh"": [45, 45, 166, 166], ""decoded_size_wh"": [256, 256], ""frame_position"": 14, ""resize_output_size_wh"": [448, 448]}], ""processor_pixel_constraint"": {""max_pixels"": 200704, ""min_pixels"": 200704}, ""requested_frame_fractions"": [0.1, 0.37, 0.63, 0.9], ""resize_interpolation"": ""OpenCV INTER_AREA"", ""sample_id"": ""video_fusion/The lion roars majestically on the grassland.mp4"", ""selected_frame_positions"": [2, 6, 9, 14], ""source_file_bytes"": 109276, ""source_fps_used"": 8.0, ""source_frame_count"": 16, ""video_path"": ""/DATA/DATA1/lixinyue/xyli/data/LGVQ/videos/video_fusion/The lion roars majestically on the grassland.mp4""}"
545,video_fusion/The parrot chirped in the treetops.mp4,61.13,55.490509033203125,545,1,"[2, 6, 9, 14]","{""center_crop_fraction_of_short_side"": 0.65, ""container_reported_size_wh"": [256, 256], ""decoded_frames"": [{""center_crop_xywh"": [45, 45, 166, 166], ""decoded_size_wh"": [256, 256], ""frame_position"": 2, ""resize_output_size_wh"": [448, 448]}, {""center_crop_xywh"": [45, 45, 166, 166], ""decoded_size_wh"": [256, 256], ""frame_position"": 6, ""resize_output_size_wh"": [448, 448]}, {""center_crop_xywh"": [45, 45, 166, 166], ""decoded_size_wh"": [256, 256], ""frame_position"": 9, ""resize_output_size_wh"": [448, 448]}, {""center_crop_xywh"": [45, 45, 166, 166], ""decoded_size_wh"": [256, 256], ""frame_position"": 14, ""resize_output_size_wh"": [448, 448]}], ""processor_pixel_constraint"": {""max_pixels"": 200704, ""min_pixels"": 200704}, ""requested_frame_fractions"": [0.1, 0.37, 0.63, 0.9], ""resize_interpolation"": ""OpenCV INTER_AREA"", ""sample_id"": ""video_fusion/The parrot chirped in the treetops.mp4"", ""selected_frame_positions"": [2, 6, 9, 14], ""source_file_bytes"": 290823, ""source_fps_used"": 8.0, ""source_frame_count"": 16, ""video_path"": ""/DATA/DATA1/lixinyue/xyli/data/LGVQ/videos/video_fusion/The parrot chirped in the treetops.mp4""}"
546,video_fusion/The roof of a farmhouse is covered in moss.mp4,65.0,60.03438186645508,546,1,"[2, 6, 9, 14]","{""center_crop_fraction_of_short_side"": 0.65, ""container_reported_size_wh"": [256, 256], ""decoded_frames"": [{""center_crop_xywh"": [45, 45, 166, 166], ""decoded_size_wh"": [256, 256], ""frame_position"": 2, ""resize_output_size_wh"": [448, 448]}, {""center_crop_xywh"": [45, 45, 166, 166], ""decoded_size_wh"": [256, 256], ""frame_position"": 6, ""resize_output_size_wh"": [448, 448]}, {""center_crop_xywh"": [45, 45, 166, 166], ""decoded_size_wh"": [256, 256], ""frame_position"": 9, ""resize_output_size_wh"": [448, 448]}, {""center_crop_xywh"": [45, 45, 166, 166], ""decoded_size_wh"": [256, 256], ""frame_position"": 14, ""resize_output_size_wh"": [448, 448]}], ""processor_pixel_constraint"": {""max_pixels"": 200704, ""min_pixels"": 200704}, ""requested_frame_fractions"": [0.1, 0.37, 0.63, 0.9], ""resize_interpolation"": ""OpenCV INTER_AREA"", ""sample_id"": ""video_fusion/The roof of a farmhouse is covered in moss.mp4"", ""selected_frame_positions"": [2, 6, 9, 14], ""source_file_bytes"": 211319, ""source_fps_used"": 8.0, ""source_frame_count"": 16, ""video_path"": ""/DATA/DATA1/lixinyue/xyli/data/LGVQ/videos/video_fusion/The roof of a farmhouse is covered in moss.mp4""}"
547,video_fusion/The rural stream serves as the water source for villagers.mp4,60.04,54.78636932373047,547,1,"[2, 6, 9, 14]","{""center_crop_fraction_of_short_side"": 0.65, ""container_reported_size_wh"": [256, 256], ""decoded_frames"": [{""center_crop_xywh"": [45, 45, 166, 166], ""decoded_size_wh"": [256, 256], ""frame_position"": 2, ""resize_output_size_wh"": [448, 448]}, {""center_crop_xywh"": [45, 45, 166, 166], ""decoded_size_wh"": [256, 256], ""frame_position"": 6, ""resize_output_size_wh"": [448, 448]}, {""center_crop_xywh"": [45, 45, 166, 166], ""decoded_size_wh"": [256, 256], ""frame_position"": 9, ""resize_output_size_wh"": [448, 448]}, {""center_crop_xywh"": [45, 45, 166, 166], ""decoded_size_wh"": [256, 256], ""frame_position"": 14, ""resize_output_size_wh"": [448, 448]}], ""processor_pixel_constraint"": {""max_pixels"": 200704, ""min_pixels"": 200704}, ""requested_frame_fractions"": [0.1, 0.37, 0.63, 0.9], ""resize_interpolation"": ""OpenCV INTER_AREA"", ""sample_id"": ""video_fusion/The rural stream serves as the water source for villagers.mp4"", ""selected_frame_positions"": [2, 6, 9, 14], ""source_file_bytes"": 246758, ""source_fps_used"": 8.0, ""source_frame_count"": 16, ""video_path"": ""/DATA/DATA1/lixinyue/xyli/data/LGVQ/videos/video_fusion/The rural stream serves as the water source for villagers.mp4""}"
548,video_fusion/The school auditorium is decorated with festive decorations.mp4,53.0,46.53395462036133,548,1,"[2, 6, 9, 14]","{""center_crop_fraction_of_short_side"": 0.65, ""container_reported_size_wh"": [256, 256], ""decoded_frames"": [{""center_crop_xywh"": [45, 45, 166, 166], ""decoded_size_wh"": [256, 256], ""frame_position"": 2, ""resize_output_size_wh"": [448, 448]}, {""center_crop_xywh"": [45, 45, 166, 166], ""decoded_size_wh"": [256, 256], ""frame_position"": 6, ""resize_output_size_wh"": [448, 448]}, {""center_crop_xywh"": [45, 45, 166, 166], ""decoded_size_wh"": [256, 256], ""frame_position"": 9, ""resize_output_size_wh"": [448, 448]}, {""center_crop_xywh"": [45, 45, 166, 166], ""decoded_size_wh"": [256, 256], ""frame_position"": 14, ""resize_output_size_wh"": [448, 448]}], ""processor_pixel_constraint"": {""max_pixels"": 200704, ""min_pixels"": 200704}, ""requested_frame_fractions"": [0.1, 0.37, 0.63, 0.9], ""resize_interpolation"": ""OpenCV INTER_AREA"", ""sample_id"": ""video_fusion/The school auditorium is decorated with festive decorations.mp4"", ""selected_frame_positions"": [2, 6, 9, 14], ""source_file_bytes"": 142910, ""source_fps_used"": 8.0, ""source_frame_count"": 16, ""video_path"": ""/DATA/DATA1/lixinyue/xyli/data/LGVQ/videos/video_fusion/The school auditorium is decorated with festive decorations.mp4""}"
549,video_fusion/The seahorse swayed slowly on the sea floor.mp4,51.42,46.150604248046875,549,1,"[2, 6, 9, 14]","{""center_crop_fraction_of_short_side"": 0.65, ""container_reported_size_wh"": [256, 256], ""decoded_frames"": [{""center_crop_xywh"": [45, 45, 166, 166], ""decoded_size_wh"": [256, 256], ""frame_position"": 2, ""resize_output_size_wh"": [448, 448]}, {""center_crop_xywh"": [45, 45, 166, 166], ""decoded_size_wh"": [256, 256], ""frame_position"": 6, ""resize_output_size_wh"": [448, 448]}, {""center_crop_xywh"": [45, 45, 166, 166], ""decoded_size_wh"": [256, 256], ""frame_position"": 9, ""resize_output_size_wh"": [448, 448]}, {""center_crop_xywh"": [45, 45, 166, 166], ""decoded_size_wh"": [256, 256], ""frame_position"": 14, ""resize_output_size_wh"": [448, 448]}], ""processor_pixel_constraint"": {""max_pixels"": 200704, ""min_pixels"": 200704}, ""requested_frame_fractions"": [0.1, 0.37, 0.63, 0.9], ""resize_interpolation"": ""OpenCV INTER_AREA"", ""sample_id"": ""video_fusion/The seahorse swayed slowly on the sea floor.mp4"", ""selected_frame_positions"": [2, 6, 9, 14], ""source_file_bytes"": 147096, ""source_fps_used"": 8.0, ""source_frame_count"": 16, ""video_path"": ""/DATA/DATA1/lixinyue/xyli/data/LGVQ/videos/video_fusion/The seahorse swayed slowly on the sea floor.mp4""}"
550,video_fusion/There are boats on the park lake.mp4,54.2,48.44354248046875,550,1,"[2, 6, 9, 14]","{""center_crop_fraction_of_short_side"": 0.65, ""container_reported_size_wh"": [256, 256], ""decoded_frames"": [{""center_crop_xywh"": [45, 45, 166, 166], ""decoded_size_wh"": [256, 256], ""frame_position"": 2, ""resize_output_size_wh"": [448, 448]}, {""center_crop_xywh"": [45, 45, 166, 166], ""decoded_size_wh"": [256, 256], ""frame_position"": 6, ""resize_output_size_wh"": [448, 448]}, {""center_crop_xywh"": [45, 45, 166, 166], ""decoded_size_wh"": [256, 256], ""frame_position"": 9, ""resize_output_size_wh"": [448, 448]}, {""center_crop_xywh"": [45, 45, 166, 166], ""decoded_size_wh"": [256, 256], ""frame_position"": 14, ""resize_output_size_wh"": [448, 448]}], ""processor_pixel_constraint"": {""max_pixels"": 200704, ""min_pixels"": 200704}, ""requested_frame_fractions"": [0.1, 0.37, 0.63, 0.9], ""resize_interpolation"": ""OpenCV INTER_AREA"", ""sample_id"": ""video_fusion/There are boats on the park lake.mp4"", ""selected_frame_positions"": [2, 6, 9, 14], ""source_file_bytes"": 107574, ""source_fps_used"": 8.0, ""source_frame_count"": 16, ""video_path"": ""/DATA/DATA1/lixinyue/xyli/data/LGVQ/videos/video_fusion/There are boats on the park lake.mp4""}"
551,video_fusion/There's a drum and guitar in the music classroom.mp4,56.4,61.222938537597656,551,1,"[2, 6, 9, 14]","{""center_crop_fraction_of_short_side"": 0.65, ""container_reported_size_wh"": [256, 256], ""decoded_frames"": [{""center_crop_xywh"": [45, 45, 166, 166], ""decoded_size_wh"": [256, 256], ""frame_position"": 2, ""resize_output_size_wh"": [448, 448]}, {""center_crop_xywh"": [45, 45, 166, 166], ""decoded_size_wh"": [256, 256], ""frame_position"": 6, ""resize_output_size_wh"": [448, 448]}, {""center_crop_xywh"": [45, 45, 166, 166], ""decoded_size_wh"": [256, 256], ""frame_position"": 9, ""resize_output_size_wh"": [448, 448]}, {""center_crop_xywh"": [45, 45, 166, 166], ""decoded_size_wh"": [256, 256], ""frame_position"": 14, ""resize_output_size_wh"": [448, 448]}], ""processor_pixel_constraint"": {""max_pixels"": 200704, ""min_pixels"": 200704}, ""requested_frame_fractions"": [0.1, 0.37, 0.63, 0.9], ""resize_interpolation"": ""OpenCV INTER_AREA"", ""sample_id"": ""video_fusion/There's a drum and guitar in the music classroom.mp4"", ""selected_frame_positions"": [2, 6, 9, 14], ""source_file_bytes"": 90832, ""source_fps_used"": 8.0, ""source_frame_count"": 16, ""video_path"": ""/DATA/DATA1/lixinyue/xyli/data/LGVQ/videos/video_fusion/There's a drum and guitar in the music classroom.mp4""}"
552,"video_fusion/Unique desert landscapes, with dunes sculpted by the wind.mp4",70.58,60.11994552612305,552,1,"[2, 6, 9, 14]","{""center_crop_fraction_of_short_side"": 0.65, ""container_reported_size_wh"": [256, 256], ""decoded_frames"": [{""center_crop_xywh"": [45, 45, 166, 166], ""decoded_size_wh"": [256, 256], ""frame_position"": 2, ""resize_output_size_wh"": [448, 448]}, {""center_crop_xywh"": [45, 45, 166, 166], ""decoded_size_wh"": [256, 256], ""frame_position"": 6, ""resize_output_size_wh"": [448, 448]}, {""center_crop_xywh"": [45, 45, 166, 166], ""decoded_size_wh"": [256, 256], ""frame_position"": 9, ""resize_output_size_wh"": [448, 448]}, {""center_crop_xywh"": [45, 45, 166, 166], ""decoded_size_wh"": [256, 256], ""frame_position"": 14, ""resize_output_size_wh"": [448, 448]}], ""processor_pixel_constraint"": {""max_pixels"": 200704, ""min_pixels"": 200704}, ""requested_frame_fractions"": [0.1, 0.37, 0.63, 0.9], ""resize_interpolation"": ""OpenCV INTER_AREA"", ""sample_id"": ""video_fusion/Unique desert landscapes, with dunes sculpted by the wind.mp4"", ""selected_frame_positions"": [2, 6, 9, 14], ""source_file_bytes"": 94037, ""source_fps_used"": 8.0, ""source_frame_count"": 16, ""video_path"": ""/DATA/DATA1/lixinyue/xyli/data/LGVQ/videos/video_fusion/Unique desert landscapes, with dunes sculpted by the wind.mp4""}"
553,video_fusion/Various fruit trees grow in the countryside.mp4,59.38,58.34157180786133,553,1,"[2, 6, 9, 14]","{""center_crop_fraction_of_short_side"": 0.65, ""container_reported_size_wh"": [256, 256], ""decoded_frames"": [{""center_crop_xywh"": [45, 45, 166, 166], ""decoded_size_wh"": [256, 256], ""frame_position"": 2, ""resize_output_size_wh"": [448, 448]}, {""center_crop_xywh"": [45, 45, 166, 166], ""decoded_size_wh"": [256, 256], ""frame_position"": 6, ""resize_output_size_wh"": [448, 448]}, {""center_crop_xywh"": [45, 45, 166, 166], ""decoded_size_wh"": [256, 256], ""frame_position"": 9, ""resize_output_size_wh"": [448, 448]}, {""center_crop_xywh"": [45, 45, 166, 166], ""decoded_size_wh"": [256, 256], ""frame_position"": 14, ""resize_output_size_wh"": [448, 448]}], ""processor_pixel_constraint"": {""max_pixels"": 200704, ""min_pixels"": 200704}, ""requested_frame_fractions"": [0.1, 0.37, 0.63, 0.9], ""resize_interpolation"": ""OpenCV INTER_AREA"", ""sample_id"": ""video_fusion/Various fruit trees grow in the countryside.mp4"", ""selected_frame_positions"": [2, 6, 9, 14], ""source_file_bytes"": 152910, ""source_fps_used"": 8.0, ""source_frame_count"": 16, ""video_path"": ""/DATA/DATA1/lixinyue/xyli/data/LGVQ/videos/video_fusion/Various fruit trees grow in the countryside.mp4""}"
554,video_fusion/Vendors at the market display fresh fruits and vegetables.mp4,60.71,43.33918380737305,554,1,"[2, 6, 9, 14]","{""center_crop_fraction_of_short_side"": 0.65, ""container_reported_size_wh"": [256, 256], ""decoded_frames"": [{""center_crop_xywh"": [45, 45, 166, 166], ""decoded_size_wh"": [256, 256], ""frame_position"": 2, ""resize_output_size_wh"": [448, 448]}, {""center_crop_xywh"": [45, 45, 166, 166], ""decoded_size_wh"": [256, 256], ""frame_position"": 6, ""resize_output_size_wh"": [448, 448]}, {""center_crop_xywh"": [45, 45, 166, 166], ""decoded_size_wh"": [256, 256], ""frame_position"": 9, ""resize_output_size_wh"": [448, 448]}, {""center_crop_xywh"": [45, 45, 166, 166], ""decoded_size_wh"": [256, 256], ""frame_position"": 14, ""resize_output_size_wh"": [448, 448]}], ""processor_pixel_constraint"": {""max_pixels"": 200704, ""min_pixels"": 200704}, ""requested_frame_fractions"": [0.1, 0.37, 0.63, 0.9], ""resize_interpolation"": ""OpenCV INTER_AREA"", ""sample_id"": ""video_fusion/Vendors at the market display fresh fruits and vegetables.mp4"", ""selected_frame_positions"": [2, 6, 9, 14], ""source_file_bytes"": 297273, ""source_fps_used"": 8.0, ""source_frame_count"": 16, ""video_path"": ""/DATA/DATA1/lixinyue/xyli/data/LGVQ/videos/video_fusion/Vendors at the market display fresh fruits and vegetables.mp4""}"
555,video_fusion/Visitors get information at the park's visitor center.mp4,48.62,58.334285736083984,555,1,"[2, 6, 9, 14]","{""center_crop_fraction_of_short_side"": 0.65, ""container_reported_size_wh"": [256, 256], ""decoded_frames"": [{""center_crop_xywh"": [45, 45, 166, 166], ""decoded_size_wh"": [256, 256], ""frame_position"": 2, ""resize_output_size_wh"": [448, 448]}, {""center_crop_xywh"": [45, 45, 166, 166], ""decoded_size_wh"": [256, 256], ""frame_position"": 6, ""resize_output_size_wh"": [448, 448]}, {""center_crop_xywh"": [45, 45, 166, 166], ""decoded_size_wh"": [256, 256], ""frame_position"": 9, ""resize_output_size_wh"": [448, 448]}, {""center_crop_xywh"": [45, 45, 166, 166], ""decoded_size_wh"": [256, 256], ""frame_position"": 14, ""resize_output_size_wh"": [448, 448]}], ""processor_pixel_constraint"": {""max_pixels"": 200704, ""min_pixels"": 200704}, ""requested_frame_fractions"": [0.1, 0.37, 0.63, 0.9], ""resize_interpolation"": ""OpenCV INTER_AREA"", ""sample_id"": ""video_fusion/Visitors get information at the park's visitor center.mp4"", ""selected_frame_positions"": [2, 6, 9, 14], ""source_file_bytes"": 134187, ""source_fps_used"": 8.0, ""source_frame_count"": 16, ""video_path"": ""/DATA/DATA1/lixinyue/xyli/data/LGVQ/videos/video_fusion/Visitors get information at the park's visitor center.mp4""}"
556,"video_fusion/Wandering through a forest path, surrounded by emerald greenery.mp4",60.78,47.69337463378906,556,1,"[2, 6, 9, 14]","{""center_crop_fraction_of_short_side"": 0.65, ""container_reported_size_wh"": [256, 256], ""decoded_frames"": [{""center_crop_xywh"": [45, 45, 166, 166], ""decoded_size_wh"": [256, 256], ""frame_position"": 2, ""resize_output_size_wh"": [448, 448]}, {""center_crop_xywh"": [45, 45, 166, 166], ""decoded_size_wh"": [256, 256], ""frame_position"": 6, ""resize_output_size_wh"": [448, 448]}, {""center_crop_xywh"": [45, 45, 166, 166], ""decoded_size_wh"": [256, 256], ""frame_position"": 9, ""resize_output_size_wh"": [448, 448]}, {""center_crop_xywh"": [45, 45, 166, 166], ""decoded_size_wh"": [256, 256], ""frame_position"": 14, ""resize_output_size_wh"": [448, 448]}], ""processor_pixel_constraint"": {""max_pixels"": 200704, ""min_pixels"": 200704}, ""requested_frame_fractions"": [0.1, 0.37, 0.63, 0.9], ""resize_interpolation"": ""OpenCV INTER_AREA"", ""sample_id"": ""video_fusion/Wandering through a forest path, surrounded by emerald greenery.mp4"", ""selected_frame_positions"": [2, 6, 9, 14], ""source_file_bytes"": 243120, ""source_fps_used"": 8.0, ""source_frame_count"": 16, ""video_path"": ""/DATA/DATA1/lixinyue/xyli/data/LGVQ/videos/video_fusion/Wandering through a forest path, surrounded by emerald greenery.mp4""}"
557,"video_fusion/Willow trees by the river, swaying gently in the calming breeze.mp4",56.85,52.618831634521484,557,1,"[2, 6, 9, 14]","{""center_crop_fraction_of_short_side"": 0.65, ""container_reported_size_wh"": [256, 256], ""decoded_frames"": [{""center_crop_xywh"": [45, 45, 166, 166], ""decoded_size_wh"": [256, 256], ""frame_position"": 2, ""resize_output_size_wh"": [448, 448]}, {""center_crop_xywh"": [45, 45, 166, 166], ""decoded_size_wh"": [256, 256], ""frame_position"": 6, ""resize_output_size_wh"": [448, 448]}, {""center_crop_xywh"": [45, 45, 166, 166], ""decoded_size_wh"": [256, 256], ""frame_position"": 9, ""resize_output_size_wh"": [448, 448]}, {""center_crop_xywh"": [45, 45, 166, 166], ""decoded_size_wh"": [256, 256], ""frame_position"": 14, ""resize_output_size_wh"": [448, 448]}], ""processor_pixel_constraint"": {""max_pixels"": 200704, ""min_pixels"": 200704}, ""requested_frame_fractions"": [0.1, 0.37, 0.63, 0.9], ""resize_interpolation"": ""OpenCV INTER_AREA"", ""sample_id"": ""video_fusion/Willow trees by the river, swaying gently in the calming breeze.mp4"", ""selected_frame_positions"": [2, 6, 9, 14], ""source_file_bytes"": 223848, ""source_fps_used"": 8.0, ""source_frame_count"": 16, ""video_path"": ""/DATA/DATA1/lixinyue/xyli/data/LGVQ/videos/video_fusion/Willow trees by the river, swaying gently in the calming breeze.mp4""}"
