dataset,method,run_id,gpu_uuid,gpu_model,run_foreign_gpu_pids,epoch,stage,steps,setup_seconds,train_loop_seconds,evaluation_and_audit_seconds,checkpoint_and_logs_seconds,epoch_wall_seconds
caltech,direct,20260908_v4_formal_caltech_direct_s42,GPU-4d8bfdb9-8777-05a6-3811-ab18ff4eadfd,NVIDIA GeForce RTX 4090,[],1,experts,120,0.004177875816822052,51.331908494234085,2.3237157613039017,0.14587349444627762,53.805675625801086
caltech,direct,20260908_v4_formal_caltech_direct_s42,GPU-4d8bfdb9-8777-05a6-3811-ab18ff4eadfd,NVIDIA GeForce RTX 4090,[],2,experts,120,0.003710046410560608,48.42316546291113,2.392049014568329,0.31957510858774185,51.13849963247776
caltech,direct,20260908_v4_formal_caltech_direct_s42,GPU-4d8bfdb9-8777-05a6-3811-ab18ff4eadfd,NVIDIA GeForce RTX 4090,[],3,experts,120,0.004887111485004425,49.58289134502411,2.424072489142418,0.29942649602890015,52.31127744168043
caltech,direct,20260908_v4_formal_caltech_direct_s42,GPU-4d8bfdb9-8777-05a6-3811-ab18ff4eadfd,NVIDIA GeForce RTX 4090,[],4,experts,120,0.0037235990166664124,48.963435120880604,4.257509022951126,0.1771208569407463,53.40178859978914
caltech,direct,20260908_v4_formal_caltech_direct_s42,GPU-4d8bfdb9-8777-05a6-3811-ab18ff4eadfd,NVIDIA GeForce RTX 4090,[],5,optics,120,0.0035388171672821045,70.94202364981174,2.396731346845627,0.2555631622672081,73.59785697609186
caltech,direct,20260908_v4_formal_caltech_direct_s42,GPU-4d8bfdb9-8777-05a6-3811-ab18ff4eadfd,NVIDIA GeForce RTX 4090,[],6,optics,120,0.003319099545478821,73.89873629063368,2.5402385592460632,0.24779793620109558,76.69009188562632
caltech,direct,20260908_v4_formal_caltech_direct_s42,GPU-4d8bfdb9-8777-05a6-3811-ab18ff4eadfd,NVIDIA GeForce RTX 4090,[],7,optics,120,0.0033534690737724304,73.99235111474991,2.34005393832922,0.26968396455049515,76.6054424867034
caltech,direct,20260908_v4_formal_caltech_direct_s42,GPU-4d8bfdb9-8777-05a6-3811-ab18ff4eadfd,NVIDIA GeForce RTX 4090,[],8,optics,120,0.003637351095676422,69.39078367501497,2.0642207488417625,0.275345541536808,71.73398731648922
caltech,direct,20260908_v4_formal_caltech_direct_s42,GPU-4d8bfdb9-8777-05a6-3811-ab18ff4eadfd,NVIDIA GeForce RTX 4090,[],9,optics,120,0.00345669686794281,69.9439415410161,2.3186429664492607,0.21722016483545303,72.48326136916876
caltech,direct,20260908_v4_formal_caltech_direct_s42,GPU-4d8bfdb9-8777-05a6-3811-ab18ff4eadfd,NVIDIA GeForce RTX 4090,[],10,optics,120,0.0037289634346961975,70.22190224379301,2.164057418704033,0.46269261091947556,72.85238123685122
caltech,direct,20260908_v4_formal_caltech_direct_s42,GPU-4d8bfdb9-8777-05a6-3811-ab18ff4eadfd,NVIDIA GeForce RTX 4090,[],11,optics,120,0.003361843526363373,68.46529167890549,2.2271602749824524,0.5712963119149208,71.26711010932922
caltech,direct,20260908_v4_formal_caltech_direct_s42,GPU-4d8bfdb9-8777-05a6-3811-ab18ff4eadfd,NVIDIA GeForce RTX 4090,[],12,optics,120,0.0036590546369552612,70.0128111988306,5.207949869334698,0.27943216264247894,75.50385228544474
caltech,direct,20260908_v4_formal_caltech_direct_s42,GPU-4d8bfdb9-8777-05a6-3811-ab18ff4eadfd,NVIDIA GeForce RTX 4090,[],13,joint,120,0.0020537227392196655,74.23636455833912,2.617408201098442,0.4035356193780899,77.25936210155487
caltech,direct,20260908_v4_formal_caltech_direct_s42,GPU-4d8bfdb9-8777-05a6-3811-ab18ff4eadfd,NVIDIA GeForce RTX 4090,[],14,joint,120,0.0018774867057800293,76.2250666320324,2.5691767409443855,0.30808930844068527,79.10421016812325
caltech,direct,20260908_v4_formal_caltech_direct_s42,GPU-4d8bfdb9-8777-05a6-3811-ab18ff4eadfd,NVIDIA GeForce RTX 4090,[],15,joint,120,0.0018671080470085144,74.85498394817114,2.3332583233714104,0.29103390872478485,77.48114328831434
caltech,direct,20260908_v4_formal_caltech_direct_s42,GPU-4d8bfdb9-8777-05a6-3811-ab18ff4eadfd,NVIDIA GeForce RTX 4090,[],16,joint,120,0.0016165226697921753,76.0780572667718,2.5917738899588585,0.4713110849261284,79.14275876432657
caltech,direct,20260908_v4_formal_caltech_direct_s42,GPU-4d8bfdb9-8777-05a6-3811-ab18ff4eadfd,NVIDIA GeForce RTX 4090,[],17,joint,120,0.0015525221824645996,75.29201626777649,3.003969669342041,0.41112860292196274,78.70866706222296
caltech,direct,20260908_v4_formal_caltech_direct_s42,GPU-4d8bfdb9-8777-05a6-3811-ab18ff4eadfd,NVIDIA GeForce RTX 4090,[],18,joint,120,0.0018581971526145935,76.01201865077019,2.503425620496273,0.513322576880455,79.03062504529953
caltech,direct,20260908_v4_formal_caltech_direct_s42,GPU-4d8bfdb9-8777-05a6-3811-ab18ff4eadfd,NVIDIA GeForce RTX 4090,[],19,joint,120,0.0026678889989852905,79.15665175020695,2.431797184050083,0.5498081818223,82.14092500507832
caltech,direct,20260908_v4_formal_caltech_direct_s42,GPU-4d8bfdb9-8777-05a6-3811-ab18ff4eadfd,NVIDIA GeForce RTX 4090,[],20,joint,120,0.004018336534500122,78.80151623487473,2.9815458953380585,0.5788409262895584,82.36592139303684
caltech,direct,20260908_v4_formal_caltech_direct_s42,GPU-4d8bfdb9-8777-05a6-3811-ab18ff4eadfd,NVIDIA GeForce RTX 4090,[],21,joint,120,0.0018107891082763672,77.59597538411617,2.8200318068265915,0.5244937911629677,80.94231177121401
caltech,direct,20260908_v4_formal_caltech_direct_s42,GPU-4d8bfdb9-8777-05a6-3811-ab18ff4eadfd,NVIDIA GeForce RTX 4090,[],22,joint,120,0.0017661303281784058,78.38623354583979,2.565690591931343,0.35647548735141754,81.31016575545073
caltech,direct,20260908_v4_formal_caltech_direct_s42,GPU-4d8bfdb9-8777-05a6-3811-ab18ff4eadfd,NVIDIA GeForce RTX 4090,[],23,joint,120,0.0027577579021453857,77.58199052512646,2.446672961115837,0.5414097383618355,80.57283098250628
caltech,direct,20260908_v4_formal_caltech_direct_s42,GPU-4d8bfdb9-8777-05a6-3811-ab18ff4eadfd,NVIDIA GeForce RTX 4090,[],24,joint,120,0.001628585159778595,77.30468522012234,2.3425997868180275,0.4985766187310219,80.14749021083117
caltech,direct,20260908_v4_formal_caltech_direct_s42,GPU-4d8bfdb9-8777-05a6-3811-ab18ff4eadfd,NVIDIA GeForce RTX 4090,[],25,joint,120,0.0016282498836517334,75.47537323832512,2.382155120372772,0.4024626687169075,78.26161927729845
caltech,direct,20260908_v4_formal_caltech_direct_s42,GPU-4d8bfdb9-8777-05a6-3811-ab18ff4eadfd,NVIDIA GeForce RTX 4090,[],26,joint,120,0.0017618536949157715,75.38634156435728,2.402938984334469,0.4150627553462982,78.20610515773296
caltech,direct,20260908_v4_formal_caltech_direct_s42,GPU-4d8bfdb9-8777-05a6-3811-ab18ff4eadfd,NVIDIA GeForce RTX 4090,[],27,joint,120,0.0017687156796455383,76.63611022382975,2.671990543603897,0.7801940813660622,80.09006356447935
caltech,direct,20260908_v4_formal_caltech_direct_s42,GPU-4d8bfdb9-8777-05a6-3811-ab18ff4eadfd,NVIDIA GeForce RTX 4090,[],28,joint,120,0.001826174557209015,76.52512250095606,2.2982306480407715,1.053647741675377,79.87882706522942
caltech,direct,20260908_v4_formal_caltech_direct_s42,GPU-4d8bfdb9-8777-05a6-3811-ab18ff4eadfd,NVIDIA GeForce RTX 4090,[],29,joint,120,0.0016020610928535461,76.02712550759315,2.1965098530054092,0.45639288425445557,78.68163030594587
caltech,direct,20260908_v4_formal_caltech_direct_s42,GPU-4d8bfdb9-8777-05a6-3811-ab18ff4eadfd,NVIDIA GeForce RTX 4090,[],30,joint,120,0.0016301348805427551,76.65453313291073,5.088188014924526,0.5864585861563683,82.33080986887217
caltech,clip_vision_lora,20260908_v4_formal_caltech_clip_vision_lora_s42,GPU-4d8bfdb9-8777-05a6-3811-ab18ff4eadfd,NVIDIA GeForce RTX 4090,[],1,experts,120,0.004657484591007233,61.29598965495825,2.6315438002347946,0.3693309798836708,64.30152191966772
caltech,clip_vision_lora,20260908_v4_formal_caltech_clip_vision_lora_s42,GPU-4d8bfdb9-8777-05a6-3811-ab18ff4eadfd,NVIDIA GeForce RTX 4090,[],2,experts,120,0.004292711615562439,60.32609196007252,2.3683883026242256,0.9053699001669884,63.604142874479294
caltech,clip_vision_lora,20260908_v4_formal_caltech_clip_vision_lora_s42,GPU-4d8bfdb9-8777-05a6-3811-ab18ff4eadfd,NVIDIA GeForce RTX 4090,[],3,experts,120,0.004494480788707733,61.26260343194008,2.5558493584394455,0.9571753144264221,64.78012258559465
caltech,clip_vision_lora,20260908_v4_formal_caltech_clip_vision_lora_s42,GPU-4d8bfdb9-8777-05a6-3811-ab18ff4eadfd,NVIDIA GeForce RTX 4090,[],4,experts,120,0.005004182457923889,61.02767140418291,5.761282116174698,0.9544759020209312,67.74843360483646
caltech,clip_vision_lora,20260908_v4_formal_caltech_clip_vision_lora_s42,GPU-4d8bfdb9-8777-05a6-3811-ab18ff4eadfd,NVIDIA GeForce RTX 4090,[],5,optics,120,0.004562124609947205,81.05238547176123,2.4751594737172127,0.4247076064348221,83.95681467652321
caltech,clip_vision_lora,20260908_v4_formal_caltech_clip_vision_lora_s42,GPU-4d8bfdb9-8777-05a6-3811-ab18ff4eadfd,NVIDIA GeForce RTX 4090,[],6,optics,120,0.006486944854259491,81.78605330735445,2.400429427623749,0.4461447596549988,84.63911443948746
caltech,clip_vision_lora,20260908_v4_formal_caltech_clip_vision_lora_s42,GPU-4d8bfdb9-8777-05a6-3811-ab18ff4eadfd,NVIDIA GeForce RTX 4090,[],7,optics,120,0.005275718867778778,83.61047549545765,2.5993587151169777,1.0043977871537209,87.21950771659613
caltech,clip_vision_lora,20260908_v4_formal_caltech_clip_vision_lora_s42,GPU-4d8bfdb9-8777-05a6-3811-ab18ff4eadfd,NVIDIA GeForce RTX 4090,[],8,optics,120,0.006684698164463043,82.9681925997138,2.671130709350109,0.9806442931294441,86.62665230035782
caltech,clip_vision_lora,20260908_v4_formal_caltech_clip_vision_lora_s42,GPU-4d8bfdb9-8777-05a6-3811-ab18ff4eadfd,NVIDIA GeForce RTX 4090,[],9,optics,120,0.004622139036655426,82.20569591969252,2.7050786539912224,0.9562264457345009,85.8716231584549
caltech,clip_vision_lora,20260908_v4_formal_caltech_clip_vision_lora_s42,GPU-4d8bfdb9-8777-05a6-3811-ab18ff4eadfd,NVIDIA GeForce RTX 4090,[],10,optics,120,0.00467943400144577,81.93530708551407,2.3684268072247505,0.490160271525383,84.79857359826565
caltech,clip_vision_lora,20260908_v4_formal_caltech_clip_vision_lora_s42,GPU-4d8bfdb9-8777-05a6-3811-ab18ff4eadfd,NVIDIA GeForce RTX 4090,[],11,optics,120,0.005108214914798737,80.92330334335566,2.549221560359001,0.5640760064125061,84.04170912504196
caltech,clip_vision_lora,20260908_v4_formal_caltech_clip_vision_lora_s42,GPU-4d8bfdb9-8777-05a6-3811-ab18ff4eadfd,NVIDIA GeForce RTX 4090,[],12,optics,120,0.006752856075763702,82.81478198617697,5.414446905255318,0.5099627152085304,88.74594446271658
caltech,clip_vision_lora,20260908_v4_formal_caltech_clip_vision_lora_s42,GPU-4d8bfdb9-8777-05a6-3811-ab18ff4eadfd,NVIDIA GeForce RTX 4090,[],13,joint,120,0.0030632391571998596,87.04862561821938,2.491064928472042,0.514878049492836,90.05763183534145
caltech,clip_vision_lora,20260908_v4_formal_caltech_clip_vision_lora_s42,GPU-4d8bfdb9-8777-05a6-3811-ab18ff4eadfd,NVIDIA GeForce RTX 4090,[],14,joint,120,0.0026806145906448364,87.28755392879248,2.6183433160185814,0.6781018227338791,90.58667968213558
caltech,clip_vision_lora,20260908_v4_formal_caltech_clip_vision_lora_s42,GPU-4d8bfdb9-8777-05a6-3811-ab18ff4eadfd,NVIDIA GeForce RTX 4090,[],15,joint,120,0.002799607813358307,86.82775845378637,2.3930773884058,0.6982384994626045,89.92187394946814
caltech,clip_vision_lora,20260908_v4_formal_caltech_clip_vision_lora_s42,GPU-4d8bfdb9-8777-05a6-3811-ab18ff4eadfd,NVIDIA GeForce RTX 4090,[],16,joint,120,0.0027870163321495056,86.3604075089097,2.4743128418922424,0.5116549134254456,89.34916228055954
caltech,clip_vision_lora,20260908_v4_formal_caltech_clip_vision_lora_s42,GPU-4d8bfdb9-8777-05a6-3811-ab18ff4eadfd,NVIDIA GeForce RTX 4090,[],17,joint,120,0.002459876239299774,82.76236388087273,2.4125314578413963,0.688307486474514,85.86566270142794
caltech,clip_vision_lora,20260908_v4_formal_caltech_clip_vision_lora_s42,GPU-4d8bfdb9-8777-05a6-3811-ab18ff4eadfd,NVIDIA GeForce RTX 4090,[],18,joint,120,0.0028635188937187195,82.63089574873447,2.3777079358696938,1.2110660597682,86.22253326326609
caltech,clip_vision_lora,20260908_v4_formal_caltech_clip_vision_lora_s42,GPU-4d8bfdb9-8777-05a6-3811-ab18ff4eadfd,NVIDIA GeForce RTX 4090,[],19,joint,120,0.0025325044989585876,83.85354765504599,2.414057433605194,0.6824285015463829,86.95256609469652
caltech,clip_vision_lora,20260908_v4_formal_caltech_clip_vision_lora_s42,GPU-4d8bfdb9-8777-05a6-3811-ab18ff4eadfd,NVIDIA GeForce RTX 4090,[],20,joint,120,0.0027610957622528076,83.70581290125847,2.430793009698391,1.1467007249593735,87.28606773167849
caltech,clip_vision_lora,20260908_v4_formal_caltech_clip_vision_lora_s42,GPU-4d8bfdb9-8777-05a6-3811-ab18ff4eadfd,NVIDIA GeForce RTX 4090,[],21,joint,120,0.0025536268949508667,83.30630362033844,2.168781504034996,0.8140109181404114,86.2916496694088
caltech,clip_vision_lora,20260908_v4_formal_caltech_clip_vision_lora_s42,GPU-4d8bfdb9-8777-05a6-3811-ab18ff4eadfd,NVIDIA GeForce RTX 4090,[],22,joint,120,0.0027181431651115417,82.89762283116579,2.500719368457794,0.6774877384305,86.0785480812192
caltech,clip_vision_lora,20260908_v4_formal_caltech_clip_vision_lora_s42,GPU-4d8bfdb9-8777-05a6-3811-ab18ff4eadfd,NVIDIA GeForce RTX 4090,[],23,joint,120,0.002520546317100525,82.47316428273916,2.604525037109852,0.7083196565508842,85.788529522717
caltech,clip_vision_lora,20260908_v4_formal_caltech_clip_vision_lora_s42,GPU-4d8bfdb9-8777-05a6-3811-ab18ff4eadfd,NVIDIA GeForce RTX 4090,[],24,joint,120,0.0030844807624816895,82.72065395116806,2.5410422533750534,1.3764158487319946,86.64119653403759
caltech,clip_vision_lora,20260908_v4_formal_caltech_clip_vision_lora_s42,GPU-4d8bfdb9-8777-05a6-3811-ab18ff4eadfd,NVIDIA GeForce RTX 4090,[],25,joint,120,0.002745583653450012,82.93943721801043,2.4970253333449364,0.7205480560660362,86.15975619107485
caltech,clip_vision_lora,20260908_v4_formal_caltech_clip_vision_lora_s42,GPU-4d8bfdb9-8777-05a6-3811-ab18ff4eadfd,NVIDIA GeForce RTX 4090,[],26,joint,120,0.002745509147644043,82.45509903877974,2.452521748840809,0.6457157731056213,85.55608206987381
caltech,clip_vision_lora,20260908_v4_formal_caltech_clip_vision_lora_s42,GPU-4d8bfdb9-8777-05a6-3811-ab18ff4eadfd,NVIDIA GeForce RTX 4090,[],27,joint,120,0.0026558488607406616,82.62777492403984,2.398140028119087,1.4525954127311707,86.48116621375084
caltech,clip_vision_lora,20260908_v4_formal_caltech_clip_vision_lora_s42,GPU-4d8bfdb9-8777-05a6-3811-ab18ff4eadfd,NVIDIA GeForce RTX 4090,[],28,joint,120,0.0027197599411010742,81.22050900757313,2.4071672707796097,0.8173347264528275,84.44773076474667
caltech,clip_vision_lora,20260908_v4_formal_caltech_clip_vision_lora_s42,GPU-4d8bfdb9-8777-05a6-3811-ab18ff4eadfd,NVIDIA GeForce RTX 4090,[],29,joint,120,0.0035813897848129272,81.74821017682552,2.406405210494995,0.8175280541181564,84.97572483122349
caltech,clip_vision_lora,20260908_v4_formal_caltech_clip_vision_lora_s42,GPU-4d8bfdb9-8777-05a6-3811-ab18ff4eadfd,NVIDIA GeForce RTX 4090,[],30,joint,120,0.0035879239439964294,81.66788244247437,4.441804759204388,0.712217316031456,86.8254924416542
caltech,qwen_vision_pooled_lora,20260908_v4_formal_caltech_qwen_vision_pooled_lora_s42,GPU-4d8bfdb9-8777-05a6-3811-ab18ff4eadfd,NVIDIA GeForce RTX 4090,[],1,experts,120,0.004141718149185181,102.32961320877075,2.5919406563043594,0.6603078320622444,105.58600341528654
caltech,qwen_vision_pooled_lora,20260908_v4_formal_caltech_qwen_vision_pooled_lora_s42,GPU-4d8bfdb9-8777-05a6-3811-ab18ff4eadfd,NVIDIA GeForce RTX 4090,[],2,experts,120,0.00489991158246994,101.86231940984726,2.751238949596882,1.2642427757382393,105.88270104676485
caltech,qwen_vision_pooled_lora,20260908_v4_formal_caltech_qwen_vision_pooled_lora_s42,GPU-4d8bfdb9-8777-05a6-3811-ab18ff4eadfd,NVIDIA GeForce RTX 4090,[],3,experts,120,0.004670776426792145,101.72420896589756,2.6660175397992134,1.3681296184659004,105.76302690058947
caltech,qwen_vision_pooled_lora,20260908_v4_formal_caltech_qwen_vision_pooled_lora_s42,GPU-4d8bfdb9-8777-05a6-3811-ab18ff4eadfd,NVIDIA GeForce RTX 4090,[],4,experts,120,0.006366319954395294,103.42025112360716,5.103536702692509,1.3177330568432808,109.84788720309734
caltech,qwen_vision_pooled_lora,20260908_v4_formal_caltech_qwen_vision_pooled_lora_s42,GPU-4d8bfdb9-8777-05a6-3811-ab18ff4eadfd,NVIDIA GeForce RTX 4090,[],5,optics,120,0.004862949252128601,120.69941232353449,2.6159991547465324,0.6510685309767723,123.97134295850992
caltech,qwen_vision_pooled_lora,20260908_v4_formal_caltech_qwen_vision_pooled_lora_s42,GPU-4d8bfdb9-8777-05a6-3811-ab18ff4eadfd,NVIDIA GeForce RTX 4090,[],6,optics,120,0.004997804760932922,120.90045914053917,2.721961684525013,1.4246961995959282,125.05211482942104
caltech,qwen_vision_pooled_lora,20260908_v4_formal_caltech_qwen_vision_pooled_lora_s42,GPU-4d8bfdb9-8777-05a6-3811-ab18ff4eadfd,NVIDIA GeForce RTX 4090,[],7,optics,120,0.0045861899852752686,120.24791616201401,2.8414919450879097,0.79758620262146,123.89158049970865
caltech,qwen_vision_pooled_lora,20260908_v4_formal_caltech_qwen_vision_pooled_lora_s42,GPU-4d8bfdb9-8777-05a6-3811-ab18ff4eadfd,NVIDIA GeForce RTX 4090,[],8,optics,120,0.005604669451713562,120.07792124897242,2.659487947821617,1.3863735869526863,124.12938745319843
caltech,qwen_vision_pooled_lora,20260908_v4_formal_caltech_qwen_vision_pooled_lora_s42,GPU-4d8bfdb9-8777-05a6-3811-ab18ff4eadfd,NVIDIA GeForce RTX 4090,[],9,optics,120,0.00509362667798996,120.78451685607433,2.682628944516182,1.3757294416427612,124.84796886891127
caltech,qwen_vision_pooled_lora,20260908_v4_formal_caltech_qwen_vision_pooled_lora_s42,GPU-4d8bfdb9-8777-05a6-3811-ab18ff4eadfd,NVIDIA GeForce RTX 4090,[],10,optics,120,0.005323655903339386,120.91538649052382,2.719711773097515,1.5976107195019722,125.23803263902664
caltech,qwen_vision_pooled_lora,20260908_v4_formal_caltech_qwen_vision_pooled_lora_s42,GPU-4d8bfdb9-8777-05a6-3811-ab18ff4eadfd,NVIDIA GeForce RTX 4090,[],11,optics,120,0.00504661351442337,122.17455707490444,2.968477711081505,1.2489065825939178,126.39698798209429
caltech,qwen_vision_pooled_lora,20260908_v4_formal_caltech_qwen_vision_pooled_lora_s42,GPU-4d8bfdb9-8777-05a6-3811-ab18ff4eadfd,NVIDIA GeForce RTX 4090,[],12,optics,120,0.005062460899353027,123.96113765239716,4.99283130466938,1.6781603693962097,130.6371917873621
caltech,qwen_vision_pooled_lora,20260908_v4_formal_caltech_qwen_vision_pooled_lora_s42,GPU-4d8bfdb9-8777-05a6-3811-ab18ff4eadfd,NVIDIA GeForce RTX 4090,[],13,joint,120,0.00447005033493042,125.32434832304716,2.4847387596964836,0.5986782237887383,128.4122353568673
caltech,qwen_vision_pooled_lora,20260908_v4_formal_caltech_qwen_vision_pooled_lora_s42,GPU-4d8bfdb9-8777-05a6-3811-ab18ff4eadfd,NVIDIA GeForce RTX 4090,[],14,joint,120,0.002874404191970825,129.6931638866663,2.8408426642417908,1.1173179373145103,133.65419889241457
caltech,qwen_vision_pooled_lora,20260908_v4_formal_caltech_qwen_vision_pooled_lora_s42,GPU-4d8bfdb9-8777-05a6-3811-ab18ff4eadfd,NVIDIA GeForce RTX 4090,[],15,joint,120,0.0043471455574035645,127.80082938820124,2.8196940273046494,0.6769904270768166,131.3018609881401
caltech,qwen_vision_pooled_lora,20260908_v4_formal_caltech_qwen_vision_pooled_lora_s42,GPU-4d8bfdb9-8777-05a6-3811-ab18ff4eadfd,NVIDIA GeForce RTX 4090,[],16,joint,120,0.0028264224529266357,124.98479751497507,2.5652396604418755,1.916553907096386,129.46941750496626
caltech,qwen_vision_pooled_lora,20260908_v4_formal_caltech_qwen_vision_pooled_lora_s42,GPU-4d8bfdb9-8777-05a6-3811-ab18ff4eadfd,NVIDIA GeForce RTX 4090,[],17,joint,120,0.0027209818363189697,124.93123830109835,2.7259444817900658,0.8056245744228363,128.46552833914757
caltech,qwen_vision_pooled_lora,20260908_v4_formal_caltech_qwen_vision_pooled_lora_s42,GPU-4d8bfdb9-8777-05a6-3811-ab18ff4eadfd,NVIDIA GeForce RTX 4090,[],18,joint,120,0.002644076943397522,127.27923035621643,2.676263563334942,1.061406247317791,131.01954424381256
caltech,qwen_vision_pooled_lora,20260908_v4_formal_caltech_qwen_vision_pooled_lora_s42,GPU-4d8bfdb9-8777-05a6-3811-ab18ff4eadfd,NVIDIA GeForce RTX 4090,[],19,joint,120,0.0027526691555976868,125.78808189928532,2.5873168036341667,1.8976961746811867,130.27584754675627
caltech,qwen_vision_pooled_lora,20260908_v4_formal_caltech_qwen_vision_pooled_lora_s42,GPU-4d8bfdb9-8777-05a6-3811-ab18ff4eadfd,NVIDIA GeForce RTX 4090,[],20,joint,120,0.002676665782928467,125.99302589148283,2.6644599810242653,2.047571673989296,130.70773421227932
caltech,qwen_vision_pooled_lora,20260908_v4_formal_caltech_qwen_vision_pooled_lora_s42,GPU-4d8bfdb9-8777-05a6-3811-ab18ff4eadfd,NVIDIA GeForce RTX 4090,[],21,joint,120,0.004123762249946594,125.06612802296877,2.483409561216831,0.85941481590271,128.41307616233826
caltech,qwen_vision_pooled_lora,20260908_v4_formal_caltech_qwen_vision_pooled_lora_s42,GPU-4d8bfdb9-8777-05a6-3811-ab18ff4eadfd,NVIDIA GeForce RTX 4090,[],22,joint,120,0.0030429959297180176,126.10426969826221,2.65412288159132,0.6711517348885536,129.4325873106718
caltech,qwen_vision_pooled_lora,20260908_v4_formal_caltech_qwen_vision_pooled_lora_s42,GPU-4d8bfdb9-8777-05a6-3811-ab18ff4eadfd,NVIDIA GeForce RTX 4090,[],23,joint,120,0.0036293789744377136,125.59155071526766,2.723064564168453,1.291541501879692,129.60978616029024
caltech,qwen_vision_pooled_lora,20260908_v4_formal_caltech_qwen_vision_pooled_lora_s42,GPU-4d8bfdb9-8777-05a6-3811-ab18ff4eadfd,NVIDIA GeForce RTX 4090,[],24,joint,120,0.0027144700288772583,132.11062414944172,3.0473597422242165,1.776131235063076,136.9368295967579
caltech,qwen_vision_pooled_lora,20260908_v4_formal_caltech_qwen_vision_pooled_lora_s42,GPU-4d8bfdb9-8777-05a6-3811-ab18ff4eadfd,NVIDIA GeForce RTX 4090,[],25,joint,120,0.003056652843952179,137.01291200518608,3.0594653710722923,0.9427914544939995,141.01822548359632
caltech,qwen_vision_pooled_lora,20260908_v4_formal_caltech_qwen_vision_pooled_lora_s42,GPU-4d8bfdb9-8777-05a6-3811-ab18ff4eadfd,NVIDIA GeForce RTX 4090,[],26,joint,120,0.0028626248240470886,139.23544520884752,2.8891428783535957,0.8635286912322044,142.99097940325737
caltech,qwen_vision_pooled_lora,20260908_v4_formal_caltech_qwen_vision_pooled_lora_s42,GPU-4d8bfdb9-8777-05a6-3811-ab18ff4eadfd,NVIDIA GeForce RTX 4090,[],27,joint,120,0.0030620023608207703,139.07585459947586,3.1313986480236053,0.7084687054157257,142.918783955276
caltech,qwen_vision_pooled_lora,20260908_v4_formal_caltech_qwen_vision_pooled_lora_s42,GPU-4d8bfdb9-8777-05a6-3811-ab18ff4eadfd,NVIDIA GeForce RTX 4090,[],28,joint,120,0.0027936026453971863,139.92038422822952,3.0434212163090706,1.591015212237835,144.55761425942183
caltech,qwen_vision_pooled_lora,20260908_v4_formal_caltech_qwen_vision_pooled_lora_s42,GPU-4d8bfdb9-8777-05a6-3811-ab18ff4eadfd,NVIDIA GeForce RTX 4090,[],29,joint,120,0.0028785690665245056,139.15422594547272,2.865588001906872,0.8214851319789886,142.8441776484251
caltech,qwen_vision_pooled_lora,20260908_v4_formal_caltech_qwen_vision_pooled_lora_s42,GPU-4d8bfdb9-8777-05a6-3811-ab18ff4eadfd,NVIDIA GeForce RTX 4090,[],30,joint,120,0.002713598310947418,137.70916690677404,5.6740920171141624,0.906243123114109,144.29221564531326
caltech,qwen_vision_lora,20260908_v4_formal_caltech_qwen_vision_lora_s42,GPU-4d8bfdb9-8777-05a6-3811-ab18ff4eadfd,NVIDIA GeForce RTX 4090,"[3754332, 3878765, 3978128]",1,experts,120,0.004167795181274414,113.8784580975771,3.083160988986492,0.7586023434996605,117.72438922524452
caltech,qwen_vision_lora,20260908_v4_formal_caltech_qwen_vision_lora_s42,GPU-4d8bfdb9-8777-05a6-3811-ab18ff4eadfd,NVIDIA GeForce RTX 4090,"[3754332, 3878765, 3978128]",2,experts,120,0.005087561905384064,117.52185389399529,3.0024770125746727,1.596127338707447,122.12554580718279
caltech,qwen_vision_lora,20260908_v4_formal_caltech_qwen_vision_lora_s42,GPU-4d8bfdb9-8777-05a6-3811-ab18ff4eadfd,NVIDIA GeForce RTX 4090,"[3754332, 3878765, 3978128]",3,experts,120,0.007296726107597351,110.80576717108488,3.0812450274825096,1.1811187490820885,115.07542767375708
caltech,qwen_vision_lora,20260908_v4_formal_caltech_qwen_vision_lora_s42,GPU-4d8bfdb9-8777-05a6-3811-ab18ff4eadfd,NVIDIA GeForce RTX 4090,"[3754332, 3878765, 3978128]",4,experts,120,0.004634298384189606,109.9028018116951,5.266959898173809,1.244374044239521,116.41877005249262
caltech,qwen_vision_lora,20260908_v4_formal_caltech_qwen_vision_lora_s42,GPU-4d8bfdb9-8777-05a6-3811-ab18ff4eadfd,NVIDIA GeForce RTX 4090,"[3754332, 3878765, 3978128]",5,optics,120,0.005645520985126495,129.74749436229467,2.770455464720726,1.2052016407251358,133.72879698872566
caltech,qwen_vision_lora,20260908_v4_formal_caltech_qwen_vision_lora_s42,GPU-4d8bfdb9-8777-05a6-3811-ab18ff4eadfd,NVIDIA GeForce RTX 4090,"[3754332, 3878765, 3978128]",6,optics,120,0.005057811737060547,130.320811457932,2.802561193704605,0.5582666844129562,133.68669714778662
caltech,qwen_vision_lora,20260908_v4_formal_caltech_qwen_vision_lora_s42,GPU-4d8bfdb9-8777-05a6-3811-ab18ff4eadfd,NVIDIA GeForce RTX 4090,"[3754332, 3878765, 3978128]",7,optics,120,0.004893630743026733,131.50432056188583,2.9065933227539062,1.2762760072946548,135.69208352267742
caltech,qwen_vision_lora,20260908_v4_formal_caltech_qwen_vision_lora_s42,GPU-4d8bfdb9-8777-05a6-3811-ab18ff4eadfd,NVIDIA GeForce RTX 4090,"[3754332, 3878765, 3978128]",8,optics,120,0.005255460739135742,129.11809542775154,2.9567330926656723,1.3350393995642662,133.41512338072062
caltech,qwen_vision_lora,20260908_v4_formal_caltech_qwen_vision_lora_s42,GPU-4d8bfdb9-8777-05a6-3811-ab18ff4eadfd,NVIDIA GeForce RTX 4090,"[3754332, 3878765, 3978128]",9,optics,120,0.005717098712921143,127.54247102886438,2.7402452006936073,1.536034218966961,131.82446754723787
caltech,qwen_vision_lora,20260908_v4_formal_caltech_qwen_vision_lora_s42,GPU-4d8bfdb9-8777-05a6-3811-ab18ff4eadfd,NVIDIA GeForce RTX 4090,"[3754332, 3878765, 3978128]",10,optics,120,0.005027182400226593,129.3608194962144,2.726518787443638,1.1420763358473778,133.23444180190563
caltech,qwen_vision_lora,20260908_v4_formal_caltech_qwen_vision_lora_s42,GPU-4d8bfdb9-8777-05a6-3811-ab18ff4eadfd,NVIDIA GeForce RTX 4090,"[3754332, 3878765, 3978128]",11,optics,120,0.005714006721973419,128.81654854118824,2.6292513757944107,1.3947561606764793,132.8462700843811
caltech,qwen_vision_lora,20260908_v4_formal_caltech_qwen_vision_lora_s42,GPU-4d8bfdb9-8777-05a6-3811-ab18ff4eadfd,NVIDIA GeForce RTX 4090,"[3754332, 3878765, 3978128]",12,optics,120,0.005409404635429382,134.64297331124544,6.820034705102444,0.6689895838499069,142.13740700483322
caltech,qwen_vision_lora,20260908_v4_formal_caltech_qwen_vision_lora_s42,GPU-4d8bfdb9-8777-05a6-3811-ab18ff4eadfd,NVIDIA GeForce RTX 4090,"[3754332, 3878765, 3978128]",13,joint,120,0.0045874640345573425,176.33123160898685,7.661927990615368,0.734742134809494,184.73248919844627
caltech,qwen_vision_lora,20260908_v4_formal_caltech_qwen_vision_lora_s42,GPU-4d8bfdb9-8777-05a6-3811-ab18ff4eadfd,NVIDIA GeForce RTX 4090,"[3754332, 3878765, 3978128]",14,joint,120,0.003305956721305847,178.64990735054016,3.7920316457748413,0.6673405468463898,183.1125854998827
caltech,qwen_vision_lora,20260908_v4_formal_caltech_qwen_vision_lora_s42,GPU-4d8bfdb9-8777-05a6-3811-ab18ff4eadfd,NVIDIA GeForce RTX 4090,"[3754332, 3878765, 3978128]",15,joint,120,0.0029849261045455933,176.6432425007224,3.7077817395329475,0.8876176849007607,181.24162685126066
caltech,qwen_vision_lora,20260908_v4_formal_caltech_qwen_vision_lora_s42,GPU-4d8bfdb9-8777-05a6-3811-ab18ff4eadfd,NVIDIA GeForce RTX 4090,"[3754332, 3878765, 3978128]",16,joint,120,0.003358006477355957,176.8850937485695,5.995835401117802,0.8316518142819405,183.7159389704466
caltech,qwen_vision_lora,20260908_v4_formal_caltech_qwen_vision_lora_s42,GPU-4d8bfdb9-8777-05a6-3811-ab18ff4eadfd,NVIDIA GeForce RTX 4090,"[3754332, 3878765, 3978128]",17,joint,120,0.003242872655391693,174.1857230886817,3.018317148089409,1.9285454899072647,179.13582859933376
caltech,qwen_vision_lora,20260908_v4_formal_caltech_qwen_vision_lora_s42,GPU-4d8bfdb9-8777-05a6-3811-ab18ff4eadfd,NVIDIA GeForce RTX 4090,"[3754332, 3878765, 3978128]",18,joint,120,0.0038647130131721497,145.38312175124884,2.8932846263051033,0.8000233620405197,149.08029445260763
caltech,qwen_vision_lora,20260908_v4_formal_caltech_qwen_vision_lora_s42,GPU-4d8bfdb9-8777-05a6-3811-ab18ff4eadfd,NVIDIA GeForce RTX 4090,"[3754332, 3878765, 3978128]",19,joint,120,0.0029785484075546265,145.79727113246918,3.212248831987381,0.9329666569828987,149.945465169847
caltech,qwen_vision_lora,20260908_v4_formal_caltech_qwen_vision_lora_s42,GPU-4d8bfdb9-8777-05a6-3811-ab18ff4eadfd,NVIDIA GeForce RTX 4090,"[3754332, 3878765, 3978128]",20,joint,120,0.003422074019908905,150.0540281534195,3.877504028379917,1.013872928917408,154.94882718473673
caltech,qwen_vision_lora,20260908_v4_formal_caltech_qwen_vision_lora_s42,GPU-4d8bfdb9-8777-05a6-3811-ab18ff4eadfd,NVIDIA GeForce RTX 4090,"[3754332, 3878765, 3978128]",21,joint,120,0.0034232884645462036,186.00293380767107,3.587153770029545,1.1657992526888847,190.75931011885405
caltech,qwen_vision_lora,20260908_v4_formal_caltech_qwen_vision_lora_s42,GPU-4d8bfdb9-8777-05a6-3811-ab18ff4eadfd,NVIDIA GeForce RTX 4090,"[3754332, 3878765, 3978128]",22,joint,120,0.003227606415748596,187.31073557585478,5.729769133031368,1.011253111064434,194.05498542636633
caltech,qwen_vision_lora,20260908_v4_formal_caltech_qwen_vision_lora_s42,GPU-4d8bfdb9-8777-05a6-3811-ab18ff4eadfd,NVIDIA GeForce RTX 4090,"[3754332, 3878765, 3978128]",23,joint,120,0.0031265169382095337,177.99872332811356,3.665066733956337,2.0449694991111755,183.71188607811928
caltech,qwen_vision_lora,20260908_v4_formal_caltech_qwen_vision_lora_s42,GPU-4d8bfdb9-8777-05a6-3811-ab18ff4eadfd,NVIDIA GeForce RTX 4090,"[3754332, 3878765, 3978128]",24,joint,120,0.004577241837978363,180.0433693677187,6.3770125061273575,1.083775855600834,187.50873497128487
caltech,qwen_vision_lora,20260908_v4_formal_caltech_qwen_vision_lora_s42,GPU-4d8bfdb9-8777-05a6-3811-ab18ff4eadfd,NVIDIA GeForce RTX 4090,"[3754332, 3878765, 3978128]",25,joint,120,0.0029417499899864197,178.02477061003447,4.689840234816074,1.0869611874222755,183.8045137822628
caltech,qwen_vision_lora,20260908_v4_formal_caltech_qwen_vision_lora_s42,GPU-4d8bfdb9-8777-05a6-3811-ab18ff4eadfd,NVIDIA GeForce RTX 4090,"[3754332, 3878765, 3978128]",26,joint,120,0.0028431490063667297,157.13010600954294,2.6466684117913246,0.8452119007706642,160.6248294711113
caltech,qwen_vision_lora,20260908_v4_formal_caltech_qwen_vision_lora_s42,GPU-4d8bfdb9-8777-05a6-3811-ab18ff4eadfd,NVIDIA GeForce RTX 4090,"[3754332, 3878765, 3978128]",27,joint,120,0.004935555160045624,131.96526540070772,2.7116731256246567,1.9531363546848297,136.63501043617725
caltech,qwen_vision_lora,20260908_v4_formal_caltech_qwen_vision_lora_s42,GPU-4d8bfdb9-8777-05a6-3811-ab18ff4eadfd,NVIDIA GeForce RTX 4090,"[3754332, 3878765, 3978128]",28,joint,120,0.003026537597179413,129.8151310160756,2.7685725390911102,1.8086037933826447,134.39533388614655
caltech,qwen_vision_lora,20260908_v4_formal_caltech_qwen_vision_lora_s42,GPU-4d8bfdb9-8777-05a6-3811-ab18ff4eadfd,NVIDIA GeForce RTX 4090,"[3754332, 3878765, 3978128]",29,joint,120,0.0027409419417381287,169.2671505138278,3.7326236590743065,0.9384279176592827,173.94094303250313
caltech,qwen_vision_lora,20260908_v4_formal_caltech_qwen_vision_lora_s42,GPU-4d8bfdb9-8777-05a6-3811-ab18ff4eadfd,NVIDIA GeForce RTX 4090,"[3754332, 3878765, 3978128]",30,joint,120,0.004757292568683624,179.3711155578494,7.635525606572628,0.9839407280087471,187.99533918499947
caltech,qwen_vision_global_lora,20260908_v4_formal_caltech_qwen_vision_global_lora_s42,GPU-4d8bfdb9-8777-05a6-3811-ab18ff4eadfd,NVIDIA GeForce RTX 4090,[4011409],1,experts,120,0.00790618360042572,136.66809421777725,5.053863547742367,0.8145677298307419,142.5444316789508
caltech,qwen_vision_global_lora,20260908_v4_formal_caltech_qwen_vision_global_lora_s42,GPU-4d8bfdb9-8777-05a6-3811-ab18ff4eadfd,NVIDIA GeForce RTX 4090,[4011409],2,experts,120,0.0069138482213020325,150.14167423546314,5.8182650581002235,1.5855149924755096,157.55236813426018
caltech,qwen_vision_global_lora,20260908_v4_formal_caltech_qwen_vision_global_lora_s42,GPU-4d8bfdb9-8777-05a6-3811-ab18ff4eadfd,NVIDIA GeForce RTX 4090,[4011409],3,experts,120,0.011901572346687317,157.50309873372316,3.552260659635067,1.4653408452868462,162.53260181099176
caltech,qwen_vision_global_lora,20260908_v4_formal_caltech_qwen_vision_global_lora_s42,GPU-4d8bfdb9-8777-05a6-3811-ab18ff4eadfd,NVIDIA GeForce RTX 4090,[4011409],4,experts,120,0.007942751049995422,153.67109335958958,10.154452554881573,1.7136566638946533,165.5471453294158
caltech,qwen_vision_global_lora,20260908_v4_formal_caltech_qwen_vision_global_lora_s42,GPU-4d8bfdb9-8777-05a6-3811-ab18ff4eadfd,NVIDIA GeForce RTX 4090,[4011409],5,optics,120,0.29703983664512634,145.69428128004074,2.9077848717570305,0.8377944156527519,149.73690040409565
caltech,qwen_vision_global_lora,20260908_v4_formal_caltech_qwen_vision_global_lora_s42,GPU-4d8bfdb9-8777-05a6-3811-ab18ff4eadfd,NVIDIA GeForce RTX 4090,[4011409],6,optics,120,0.005575589835643768,130.36748303472996,2.932294487953186,0.7204632982611656,134.02581641077995
caltech,qwen_vision_global_lora,20260908_v4_formal_caltech_qwen_vision_global_lora_s42,GPU-4d8bfdb9-8777-05a6-3811-ab18ff4eadfd,NVIDIA GeForce RTX 4090,[4011409],7,optics,120,0.006105050444602966,132.55180033296347,2.8277923613786697,0.8317398950457573,136.2174376398325
caltech,qwen_vision_global_lora,20260908_v4_formal_caltech_qwen_vision_global_lora_s42,GPU-4d8bfdb9-8777-05a6-3811-ab18ff4eadfd,NVIDIA GeForce RTX 4090,[4011409],8,optics,120,0.008271604776382446,130.39772741496563,2.8118981048464775,1.7475357428193092,134.9654328674078
caltech,qwen_vision_global_lora,20260908_v4_formal_caltech_qwen_vision_global_lora_s42,GPU-4d8bfdb9-8777-05a6-3811-ab18ff4eadfd,NVIDIA GeForce RTX 4090,[4011409],9,optics,120,0.006762467324733734,122.79639815539122,2.552885204553604,1.6856533363461494,127.0416991636157
caltech,qwen_vision_global_lora,20260908_v4_formal_caltech_qwen_vision_global_lora_s42,GPU-4d8bfdb9-8777-05a6-3811-ab18ff4eadfd,NVIDIA GeForce RTX 4090,[4011409],10,optics,120,0.005702011287212372,125.44217359274626,2.7648103684186935,1.5517121255397797,129.76439809799194
caltech,qwen_vision_global_lora,20260908_v4_formal_caltech_qwen_vision_global_lora_s42,GPU-4d8bfdb9-8777-05a6-3811-ab18ff4eadfd,NVIDIA GeForce RTX 4090,[4011409],11,optics,120,0.007158301770687103,128.42501624673605,2.7325514405965805,1.0004743188619614,132.16520030796528
caltech,qwen_vision_global_lora,20260908_v4_formal_caltech_qwen_vision_global_lora_s42,GPU-4d8bfdb9-8777-05a6-3811-ab18ff4eadfd,NVIDIA GeForce RTX 4090,[4011409],12,optics,120,0.005964793264865875,127.37926895171404,5.234785854816437,1.3515143692493439,133.97153396904469
caltech,qwen_vision_global_lora,20260908_v4_formal_caltech_qwen_vision_global_lora_s42,GPU-4d8bfdb9-8777-05a6-3811-ab18ff4eadfd,NVIDIA GeForce RTX 4090,[4011409],13,joint,120,0.004752248525619507,126.49778419733047,2.5731270238757133,0.9686456322669983,130.0443091019988
caltech,qwen_vision_global_lora,20260908_v4_formal_caltech_qwen_vision_global_lora_s42,GPU-4d8bfdb9-8777-05a6-3811-ab18ff4eadfd,NVIDIA GeForce RTX 4090,[4011409],14,joint,120,0.0029991567134857178,127.90985983610153,2.5212765485048294,0.9327005296945572,131.3668360710144
caltech,qwen_vision_global_lora,20260908_v4_formal_caltech_qwen_vision_global_lora_s42,GPU-4d8bfdb9-8777-05a6-3811-ab18ff4eadfd,NVIDIA GeForce RTX 4090,[4011409],15,joint,120,0.003011055290699005,127.66473913937807,2.898617036640644,1.0924049243330956,131.6587721556425
caltech,qwen_vision_global_lora,20260908_v4_formal_caltech_qwen_vision_global_lora_s42,GPU-4d8bfdb9-8777-05a6-3811-ab18ff4eadfd,NVIDIA GeForce RTX 4090,[4011409],16,joint,120,0.003197222948074341,129.12683863937855,2.4303324446082115,0.8773441314697266,132.43771243840456
caltech,qwen_vision_global_lora,20260908_v4_formal_caltech_qwen_vision_global_lora_s42,GPU-4d8bfdb9-8777-05a6-3811-ab18ff4eadfd,NVIDIA GeForce RTX 4090,[4011409],17,joint,120,0.002975873649120331,127.15799113363028,2.5685144513845444,0.9550570920109749,130.68453855067492
caltech,qwen_vision_global_lora,20260908_v4_formal_caltech_qwen_vision_global_lora_s42,GPU-4d8bfdb9-8777-05a6-3811-ab18ff4eadfd,NVIDIA GeForce RTX 4090,[4011409],18,joint,120,0.0030074790120124817,126.36849518120289,2.632146365940571,0.987246498465538,129.990895524621
caltech,qwen_vision_global_lora,20260908_v4_formal_caltech_qwen_vision_global_lora_s42,GPU-4d8bfdb9-8777-05a6-3811-ab18ff4eadfd,NVIDIA GeForce RTX 4090,[4011409],19,joint,120,0.002901129424571991,129.20725418627262,2.523539774119854,1.9754228293895721,133.70911791920662
caltech,qwen_vision_global_lora,20260908_v4_formal_caltech_qwen_vision_global_lora_s42,GPU-4d8bfdb9-8777-05a6-3811-ab18ff4eadfd,NVIDIA GeForce RTX 4090,[4011409],20,joint,120,0.004547961056232452,124.92220458388329,2.6995411291718483,1.9906290471553802,129.61692272126675
caltech,qwen_vision_global_lora,20260908_v4_formal_caltech_qwen_vision_global_lora_s42,GPU-4d8bfdb9-8777-05a6-3811-ab18ff4eadfd,NVIDIA GeForce RTX 4090,[4011409],21,joint,120,0.005244225263595581,126.42876955121756,2.645155042409897,1.0021873861551285,130.08135620504618
caltech,qwen_vision_global_lora,20260908_v4_formal_caltech_qwen_vision_global_lora_s42,GPU-4d8bfdb9-8777-05a6-3811-ab18ff4eadfd,NVIDIA GeForce RTX 4090,[4011409],22,joint,120,0.0030624717473983765,126.80690228193998,2.5088787227869034,0.8392846807837486,130.15812815725803
caltech,qwen_vision_global_lora,20260908_v4_formal_caltech_qwen_vision_global_lora_s42,GPU-4d8bfdb9-8777-05a6-3811-ab18ff4eadfd,NVIDIA GeForce RTX 4090,[4011409],23,joint,120,0.0032349973917007446,123.81853480637074,2.300370514392853,1.7376671135425568,127.85980743169785
caltech,qwen_vision_global_lora,20260908_v4_formal_caltech_qwen_vision_global_lora_s42,GPU-4d8bfdb9-8777-05a6-3811-ab18ff4eadfd,NVIDIA GeForce RTX 4090,[4011409],24,joint,120,0.0031366050243377686,125.24990700930357,2.8194058686494827,1.0272889360785484,129.09973841905594
caltech,qwen_vision_global_lora,20260908_v4_formal_caltech_qwen_vision_global_lora_s42,GPU-4d8bfdb9-8777-05a6-3811-ab18ff4eadfd,NVIDIA GeForce RTX 4090,[4011409],25,joint,120,0.0032174810767173767,125.38939369469881,2.7633519992232323,0.9328491315245628,129.08881230652332
caltech,qwen_vision_global_lora,20260908_v4_formal_caltech_qwen_vision_global_lora_s42,GPU-4d8bfdb9-8777-05a6-3811-ab18ff4eadfd,NVIDIA GeForce RTX 4090,[4011409],26,joint,120,0.0031588301062583923,124.69724942743778,2.505974128842354,1.0692847892642021,128.2756671756506
caltech,qwen_vision_global_lora,20260908_v4_formal_caltech_qwen_vision_global_lora_s42,GPU-4d8bfdb9-8777-05a6-3811-ab18ff4eadfd,NVIDIA GeForce RTX 4090,[4011409],27,joint,120,0.0031176358461380005,127.37365096062422,2.7053687274456024,1.9749896228313446,132.0571269467473
caltech,qwen_vision_global_lora,20260908_v4_formal_caltech_qwen_vision_global_lora_s42,GPU-4d8bfdb9-8777-05a6-3811-ab18ff4eadfd,NVIDIA GeForce RTX 4090,[4011409],28,joint,120,0.0031789839267730713,124.0668656527996,2.3561478182673454,1.7729713916778564,128.19916384667158
caltech,qwen_vision_global_lora,20260908_v4_formal_caltech_qwen_vision_global_lora_s42,GPU-4d8bfdb9-8777-05a6-3811-ab18ff4eadfd,NVIDIA GeForce RTX 4090,[4011409],29,joint,120,0.00299033522605896,124.09967625141144,2.5353397578001022,1.0387825444340706,127.67678888887167
caltech,qwen_vision_global_lora,20260908_v4_formal_caltech_qwen_vision_global_lora_s42,GPU-4d8bfdb9-8777-05a6-3811-ab18ff4eadfd,NVIDIA GeForce RTX 4090,[4011409],30,joint,120,0.002959325909614563,127.62451253831387,5.987818673253059,2.130432441830635,135.74572297930717
cifar,direct,20260908_v4_formal_cifar_direct_s42,GPU-d53ce4c8-272d-c2fb-dc09-f182d586c4eb,NVIDIA GeForce RTX 3090,[],1,experts,120,0.0028493255376815796,48.969535514712334,4.242287129163742,0.12424265593290329,53.33891462534666
cifar,direct,20260908_v4_formal_cifar_direct_s42,GPU-d53ce4c8-272d-c2fb-dc09-f182d586c4eb,NVIDIA GeForce RTX 3090,[],2,experts,120,0.0033134371042251587,50.02292538434267,4.456027716398239,0.4549480229616165,54.93721456080675
cifar,direct,20260908_v4_formal_cifar_direct_s42,GPU-d53ce4c8-272d-c2fb-dc09-f182d586c4eb,NVIDIA GeForce RTX 3090,[],3,experts,120,0.0035730749368667603,49.4210629016161,4.498339623212814,0.498821459710598,54.421797059476376
cifar,direct,20260908_v4_formal_cifar_direct_s42,GPU-d53ce4c8-272d-c2fb-dc09-f182d586c4eb,NVIDIA GeForce RTX 3090,[],4,experts,120,0.005675025284290314,50.27958456426859,8.257939673960209,0.4630410522222519,59.00624031573534
cifar,direct,20260908_v4_formal_cifar_direct_s42,GPU-d53ce4c8-272d-c2fb-dc09-f182d586c4eb,NVIDIA GeForce RTX 3090,[],5,optics,120,0.0037482082843780518,67.56193500757217,3.9150699600577354,0.609261617064476,72.09001479297876
cifar,direct,20260908_v4_formal_cifar_direct_s42,GPU-d53ce4c8-272d-c2fb-dc09-f182d586c4eb,NVIDIA GeForce RTX 3090,[],6,optics,120,0.0053865909576416016,67.3799452483654,4.341238409280777,0.2950102537870407,72.02158050239086
cifar,direct,20260908_v4_formal_cifar_direct_s42,GPU-d53ce4c8-272d-c2fb-dc09-f182d586c4eb,NVIDIA GeForce RTX 3090,[],7,optics,120,0.0035036131739616394,69.00607557594776,4.068492367863655,0.28990688174963,73.36797843873501
cifar,direct,20260908_v4_formal_cifar_direct_s42,GPU-d53ce4c8-272d-c2fb-dc09-f182d586c4eb,NVIDIA GeForce RTX 3090,[],8,optics,120,0.003302469849586487,68.30992725491524,4.023787498474121,0.35264936089515686,72.6896665841341
cifar,direct,20260908_v4_formal_cifar_direct_s42,GPU-d53ce4c8-272d-c2fb-dc09-f182d586c4eb,NVIDIA GeForce RTX 3090,[],9,optics,120,0.0033555254340171814,69.83996285498142,4.173686511814594,0.6113705635070801,74.62837545573711
cifar,direct,20260908_v4_formal_cifar_direct_s42,GPU-d53ce4c8-272d-c2fb-dc09-f182d586c4eb,NVIDIA GeForce RTX 3090,[],10,optics,120,0.003881685435771942,69.56761364638805,4.3838328421115875,0.6687355041503906,74.6240636780858
cifar,direct,20260908_v4_formal_cifar_direct_s42,GPU-d53ce4c8-272d-c2fb-dc09-f182d586c4eb,NVIDIA GeForce RTX 3090,[],11,optics,120,0.003580063581466675,69.75819854438305,4.369546636939049,0.23674862831830978,74.36807387322187
cifar,direct,20260908_v4_formal_cifar_direct_s42,GPU-d53ce4c8-272d-c2fb-dc09-f182d586c4eb,NVIDIA GeForce RTX 3090,[],12,optics,120,0.004553362727165222,70.23761762678623,8.804201617836952,0.4939504638314247,79.54032307118177
cifar,direct,20260908_v4_formal_cifar_direct_s42,GPU-d53ce4c8-272d-c2fb-dc09-f182d586c4eb,NVIDIA GeForce RTX 3090,[],13,joint,120,0.0018588602542877197,75.34825635701418,4.611696287989616,0.4311981797218323,80.39300968497992
cifar,direct,20260908_v4_formal_cifar_direct_s42,GPU-d53ce4c8-272d-c2fb-dc09-f182d586c4eb,NVIDIA GeForce RTX 3090,[],14,joint,120,0.001796126365661621,74.62020010501146,4.474404163658619,0.6406136229634285,79.73701401799917
cifar,direct,20260908_v4_formal_cifar_direct_s42,GPU-d53ce4c8-272d-c2fb-dc09-f182d586c4eb,NVIDIA GeForce RTX 3090,[],15,joint,120,0.0015916600823402405,75.11127617955208,4.727150417864323,0.46321263164281845,80.30323088914156
cifar,direct,20260908_v4_formal_cifar_direct_s42,GPU-d53ce4c8-272d-c2fb-dc09-f182d586c4eb,NVIDIA GeForce RTX 3090,[],16,joint,120,0.0019288435578346252,75.14889124780893,4.085696950554848,0.5293298438191414,79.76584688574076
cifar,direct,20260908_v4_formal_cifar_direct_s42,GPU-d53ce4c8-272d-c2fb-dc09-f182d586c4eb,NVIDIA GeForce RTX 3090,[],17,joint,120,0.0016231313347816467,73.96919614821672,4.701038748025894,0.43246348947286606,79.10432151705027
cifar,direct,20260908_v4_formal_cifar_direct_s42,GPU-d53ce4c8-272d-c2fb-dc09-f182d586c4eb,NVIDIA GeForce RTX 3090,[],18,joint,120,0.0018151625990867615,74.80061418563128,4.8011500388383865,0.6343587189912796,80.23793810606003
cifar,direct,20260908_v4_formal_cifar_direct_s42,GPU-d53ce4c8-272d-c2fb-dc09-f182d586c4eb,NVIDIA GeForce RTX 3090,[],19,joint,120,0.002052091062068939,74.45761588215828,4.359625972807407,0.4630769416689873,79.28237088769674
cifar,direct,20260908_v4_formal_cifar_direct_s42,GPU-d53ce4c8-272d-c2fb-dc09-f182d586c4eb,NVIDIA GeForce RTX 3090,[],20,joint,120,0.001673482358455658,75.0040869563818,4.650421723723412,0.8027754202485085,80.45895758271217
cifar,direct,20260908_v4_formal_cifar_direct_s42,GPU-d53ce4c8-272d-c2fb-dc09-f182d586c4eb,NVIDIA GeForce RTX 3090,[],21,joint,120,0.0015994608402252197,75.08710670471191,4.571303941309452,0.7646803632378578,80.42469047009945
cifar,direct,20260908_v4_formal_cifar_direct_s42,GPU-d53ce4c8-272d-c2fb-dc09-f182d586c4eb,NVIDIA GeForce RTX 3090,[],22,joint,120,0.0015499889850616455,75.35915391892195,4.412252753973007,0.5270923152565956,80.30004897713661
cifar,direct,20260908_v4_formal_cifar_direct_s42,GPU-d53ce4c8-272d-c2fb-dc09-f182d586c4eb,NVIDIA GeForce RTX 3090,[],23,joint,120,0.0019963085651397705,74.81531074643135,4.3660514280200005,0.5236396044492722,79.70699808746576
cifar,direct,20260908_v4_formal_cifar_direct_s42,GPU-d53ce4c8-272d-c2fb-dc09-f182d586c4eb,NVIDIA GeForce RTX 3090,[],24,joint,120,0.0017330572009086609,75.00406941771507,4.757757902145386,0.8794574737548828,80.64301785081625
cifar,direct,20260908_v4_formal_cifar_direct_s42,GPU-d53ce4c8-272d-c2fb-dc09-f182d586c4eb,NVIDIA GeForce RTX 3090,[],25,joint,120,0.0018534064292907715,74.45512007921934,4.594266586005688,0.7066454589366913,79.75788553059101
cifar,direct,20260908_v4_formal_cifar_direct_s42,GPU-d53ce4c8-272d-c2fb-dc09-f182d586c4eb,NVIDIA GeForce RTX 3090,[],26,joint,120,0.00180092453956604,74.42592586576939,4.284021332859993,0.5554200485348701,79.26716817170382
cifar,direct,20260908_v4_formal_cifar_direct_s42,GPU-d53ce4c8-272d-c2fb-dc09-f182d586c4eb,NVIDIA GeForce RTX 3090,[],27,joint,120,0.0022485852241516113,76.20646982640028,4.641278386116028,0.4672103747725487,81.31720717251301
cifar,direct,20260908_v4_formal_cifar_direct_s42,GPU-d53ce4c8-272d-c2fb-dc09-f182d586c4eb,NVIDIA GeForce RTX 3090,[],28,joint,120,0.0016341879963874817,74.18581495434046,4.656944572925568,0.5203393548727036,79.36473307013512
cifar,direct,20260908_v4_formal_cifar_direct_s42,GPU-d53ce4c8-272d-c2fb-dc09-f182d586c4eb,NVIDIA GeForce RTX 3090,[],29,joint,120,0.0018072351813316345,76.39715460687876,4.384640082716942,0.6645250841975212,81.44812700897455
cifar,direct,20260908_v4_formal_cifar_direct_s42,GPU-d53ce4c8-272d-c2fb-dc09-f182d586c4eb,NVIDIA GeForce RTX 3090,[],30,joint,120,0.00263851135969162,77.35398960858583,9.619655020534992,0.9052385613322258,87.88152170181274
cifar,clip_vision_lora,20260908_v4_formal_cifar_clip_vision_lora_s42,GPU-d53ce4c8-272d-c2fb-dc09-f182d586c4eb,NVIDIA GeForce RTX 3090,[],1,experts,120,0.004331246018409729,60.74883807450533,4.573949500918388,0.29976677149534225,65.62688559293747
cifar,clip_vision_lora,20260908_v4_formal_cifar_clip_vision_lora_s42,GPU-d53ce4c8-272d-c2fb-dc09-f182d586c4eb,NVIDIA GeForce RTX 3090,[],2,experts,120,0.004192963242530823,60.04158093780279,4.4966383427381516,0.43246058374643326,64.97487282752991
cifar,clip_vision_lora,20260908_v4_formal_cifar_clip_vision_lora_s42,GPU-d53ce4c8-272d-c2fb-dc09-f182d586c4eb,NVIDIA GeForce RTX 3090,[],3,experts,120,0.00471796840429306,59.79045148193836,4.699164032936096,0.7678220272064209,65.26215551048517
cifar,clip_vision_lora,20260908_v4_formal_cifar_clip_vision_lora_s42,GPU-d53ce4c8-272d-c2fb-dc09-f182d586c4eb,NVIDIA GeForce RTX 3090,[],4,experts,120,0.004699885845184326,59.73581723123789,8.67721825093031,0.452103428542614,68.869838796556
cifar,clip_vision_lora,20260908_v4_formal_cifar_clip_vision_lora_s42,GPU-d53ce4c8-272d-c2fb-dc09-f182d586c4eb,NVIDIA GeForce RTX 3090,[],5,optics,120,0.004604652523994446,80.23583108186722,4.690397217869759,1.002277135848999,85.93311008810997
cifar,clip_vision_lora,20260908_v4_formal_cifar_clip_vision_lora_s42,GPU-d53ce4c8-272d-c2fb-dc09-f182d586c4eb,NVIDIA GeForce RTX 3090,[],6,optics,120,0.00473061203956604,80.24592933058739,4.899725705385208,0.43951259553432465,85.58989824354649
cifar,clip_vision_lora,20260908_v4_formal_cifar_clip_vision_lora_s42,GPU-d53ce4c8-272d-c2fb-dc09-f182d586c4eb,NVIDIA GeForce RTX 3090,[],7,optics,120,0.0050016045570373535,80.1394223049283,4.915991187095642,0.4048062860965729,85.46522138267756
cifar,clip_vision_lora,20260908_v4_formal_cifar_clip_vision_lora_s42,GPU-d53ce4c8-272d-c2fb-dc09-f182d586c4eb,NVIDIA GeForce RTX 3090,[],8,optics,120,0.004603691399097443,79.1316493973136,4.724042482674122,0.48375850170850754,84.34405407309532
cifar,clip_vision_lora,20260908_v4_formal_cifar_clip_vision_lora_s42,GPU-d53ce4c8-272d-c2fb-dc09-f182d586c4eb,NVIDIA GeForce RTX 3090,[],9,optics,120,0.00455145537853241,79.55297239124775,4.5459499433636665,0.9689590707421303,85.07243286073208
cifar,clip_vision_lora,20260908_v4_formal_cifar_clip_vision_lora_s42,GPU-d53ce4c8-272d-c2fb-dc09-f182d586c4eb,NVIDIA GeForce RTX 3090,[],10,optics,120,0.004841767251491547,78.9569890499115,4.5685292929410934,1.1420407369732857,84.67240084707737
cifar,clip_vision_lora,20260908_v4_formal_cifar_clip_vision_lora_s42,GPU-d53ce4c8-272d-c2fb-dc09-f182d586c4eb,NVIDIA GeForce RTX 3090,[],11,optics,120,0.0064637064933776855,79.14989787340164,4.59235280752182,1.1660766527056694,84.91479104012251
cifar,clip_vision_lora,20260908_v4_formal_cifar_clip_vision_lora_s42,GPU-d53ce4c8-272d-c2fb-dc09-f182d586c4eb,NVIDIA GeForce RTX 3090,[],12,optics,120,0.004447475075721741,79.57279998809099,9.127749666571617,0.5468991324305534,89.25189626216888
cifar,clip_vision_lora,20260908_v4_formal_cifar_clip_vision_lora_s42,GPU-d53ce4c8-272d-c2fb-dc09-f182d586c4eb,NVIDIA GeForce RTX 3090,[],13,joint,120,0.0030986443161964417,83.16464389115572,4.2242701426148415,0.6497624889016151,88.04177516698837
cifar,clip_vision_lora,20260908_v4_formal_cifar_clip_vision_lora_s42,GPU-d53ce4c8-272d-c2fb-dc09-f182d586c4eb,NVIDIA GeForce RTX 3090,[],14,joint,120,0.0031096041202545166,82.00761051476002,4.752478718757629,0.645526610314846,87.40872544795275
cifar,clip_vision_lora,20260908_v4_formal_cifar_clip_vision_lora_s42,GPU-d53ce4c8-272d-c2fb-dc09-f182d586c4eb,NVIDIA GeForce RTX 3090,[],15,joint,120,0.002503015100955963,82.80895647406578,4.337345026433468,0.6742686107754707,87.82307312637568
cifar,clip_vision_lora,20260908_v4_formal_cifar_clip_vision_lora_s42,GPU-d53ce4c8-272d-c2fb-dc09-f182d586c4eb,NVIDIA GeForce RTX 3090,[],16,joint,120,0.0024878382682800293,82.76872347295284,4.388741299510002,0.5625681579113007,87.72252076864243
cifar,clip_vision_lora,20260908_v4_formal_cifar_clip_vision_lora_s42,GPU-d53ce4c8-272d-c2fb-dc09-f182d586c4eb,NVIDIA GeForce RTX 3090,[],17,joint,120,0.0024020448327064514,82.05064386874437,4.227950260043144,1.5253254771232605,87.80632165074348
cifar,clip_vision_lora,20260908_v4_formal_cifar_clip_vision_lora_s42,GPU-d53ce4c8-272d-c2fb-dc09-f182d586c4eb,NVIDIA GeForce RTX 3090,[],18,joint,120,0.0025145113468170166,83.78327852487564,4.605830729007721,0.7183704376220703,89.10999420285225
cifar,clip_vision_lora,20260908_v4_formal_cifar_clip_vision_lora_s42,GPU-d53ce4c8-272d-c2fb-dc09-f182d586c4eb,NVIDIA GeForce RTX 3090,[],19,joint,120,0.002658441662788391,80.94496892392635,4.214042358100414,1.2230547443032265,86.38472446799278
cifar,clip_vision_lora,20260908_v4_formal_cifar_clip_vision_lora_s42,GPU-d53ce4c8-272d-c2fb-dc09-f182d586c4eb,NVIDIA GeForce RTX 3090,[],20,joint,120,0.0024113282561302185,82.30299431085587,4.439981922507286,1.3248389214277267,88.07022648304701
cifar,clip_vision_lora,20260908_v4_formal_cifar_clip_vision_lora_s42,GPU-d53ce4c8-272d-c2fb-dc09-f182d586c4eb,NVIDIA GeForce RTX 3090,[],21,joint,120,0.0035538077354431152,82.42447746545076,4.493656761944294,0.7796479240059853,87.70133595913649
cifar,clip_vision_lora,20260908_v4_formal_cifar_clip_vision_lora_s42,GPU-d53ce4c8-272d-c2fb-dc09-f182d586c4eb,NVIDIA GeForce RTX 3090,[],22,joint,120,0.0037511885166168213,82.37297060340643,4.279156722128391,0.785690501332283,87.44156901538372
cifar,clip_vision_lora,20260908_v4_formal_cifar_clip_vision_lora_s42,GPU-d53ce4c8-272d-c2fb-dc09-f182d586c4eb,NVIDIA GeForce RTX 3090,[],23,joint,120,0.0026701390743255615,82.9821552708745,4.447980582714081,0.7191134765744209,88.15191946923733
cifar,clip_vision_lora,20260908_v4_formal_cifar_clip_vision_lora_s42,GPU-d53ce4c8-272d-c2fb-dc09-f182d586c4eb,NVIDIA GeForce RTX 3090,[],24,joint,120,0.003687448799610138,83.56518829613924,4.251426599919796,0.6883290931582451,88.50863143801689
cifar,clip_vision_lora,20260908_v4_formal_cifar_clip_vision_lora_s42,GPU-d53ce4c8-272d-c2fb-dc09-f182d586c4eb,NVIDIA GeForce RTX 3090,[],25,joint,120,0.002715282142162323,83.45776553452015,4.310228586196899,0.7125697061419487,88.48327910900116
cifar,clip_vision_lora,20260908_v4_formal_cifar_clip_vision_lora_s42,GPU-d53ce4c8-272d-c2fb-dc09-f182d586c4eb,NVIDIA GeForce RTX 3090,[],26,joint,120,0.0030846521258354187,84.83826131373644,4.428607232868671,1.38921357691288,90.65916677564383
cifar,clip_vision_lora,20260908_v4_formal_cifar_clip_vision_lora_s42,GPU-d53ce4c8-272d-c2fb-dc09-f182d586c4eb,NVIDIA GeForce RTX 3090,[],27,joint,120,0.002743080258369446,84.227672919631,4.227858103811741,1.439888209104538,89.89816231280565
cifar,clip_vision_lora,20260908_v4_formal_cifar_clip_vision_lora_s42,GPU-d53ce4c8-272d-c2fb-dc09-f182d586c4eb,NVIDIA GeForce RTX 3090,[],28,joint,120,0.00373106449842453,83.59572386741638,4.141291789710522,0.7745111361145973,88.51525785773993
cifar,clip_vision_lora,20260908_v4_formal_cifar_clip_vision_lora_s42,GPU-d53ce4c8-272d-c2fb-dc09-f182d586c4eb,NVIDIA GeForce RTX 3090,[],29,joint,120,0.002566419541835785,83.5977498665452,4.3093143329024315,0.7372738569974899,88.64690447598696
cifar,clip_vision_lora,20260908_v4_formal_cifar_clip_vision_lora_s42,GPU-d53ce4c8-272d-c2fb-dc09-f182d586c4eb,NVIDIA GeForce RTX 3090,[],30,joint,120,0.0025390908122062683,82.79707220196724,8.795640528202057,1.05801160633564,92.65326342731714
cifar,qwen_vision_pooled_lora,20260908_v4_formal_cifar_qwen_vision_pooled_lora_s42,GPU-d53ce4c8-272d-c2fb-dc09-f182d586c4eb,NVIDIA GeForce RTX 3090,"[3332960, 3333065, 3366428, 3366481, 3375866, 3421406, 3421451]",1,experts,120,0.005029827356338501,103.39848505705595,4.505998693406582,0.6484455838799477,108.55795916169882
cifar,qwen_vision_pooled_lora,20260908_v4_formal_cifar_qwen_vision_pooled_lora_s42,GPU-d53ce4c8-272d-c2fb-dc09-f182d586c4eb,NVIDIA GeForce RTX 3090,"[3332960, 3333065, 3366428, 3366481, 3375866, 3421406, 3421451]",2,experts,120,0.004376702010631561,102.03671937435865,4.492615506052971,1.5229552015662193,108.05666678398848
cifar,qwen_vision_pooled_lora,20260908_v4_formal_cifar_qwen_vision_pooled_lora_s42,GPU-d53ce4c8-272d-c2fb-dc09-f182d586c4eb,NVIDIA GeForce RTX 3090,"[3332960, 3333065, 3366428, 3366481, 3375866, 3421406, 3421451]",3,experts,120,0.005476035177707672,102.29281407594681,4.437190972268581,1.328968271613121,108.06444935500622
cifar,qwen_vision_pooled_lora,20260908_v4_formal_cifar_qwen_vision_pooled_lora_s42,GPU-d53ce4c8-272d-c2fb-dc09-f182d586c4eb,NVIDIA GeForce RTX 3090,"[3332960, 3333065, 3366428, 3366481, 3375866, 3421406, 3421451]",4,experts,120,0.004773728549480438,104.02932108938694,9.28446938842535,0.5797604471445084,113.89832465350628
cifar,qwen_vision_pooled_lora,20260908_v4_formal_cifar_qwen_vision_pooled_lora_s42,GPU-d53ce4c8-272d-c2fb-dc09-f182d586c4eb,NVIDIA GeForce RTX 3090,"[3332960, 3333065, 3366428, 3366481, 3375866, 3421406, 3421451]",5,optics,120,0.0052306801080703735,123.01267859339714,4.54853443056345,1.6371342837810516,129.2035779878497
cifar,qwen_vision_pooled_lora,20260908_v4_formal_cifar_qwen_vision_pooled_lora_s42,GPU-d53ce4c8-272d-c2fb-dc09-f182d586c4eb,NVIDIA GeForce RTX 3090,"[3332960, 3333065, 3366428, 3366481, 3375866, 3421406, 3421451]",6,optics,120,0.004783861339092255,122.78600345551968,4.354083098471165,1.3805514723062515,128.52542188763618
cifar,qwen_vision_pooled_lora,20260908_v4_formal_cifar_qwen_vision_pooled_lora_s42,GPU-d53ce4c8-272d-c2fb-dc09-f182d586c4eb,NVIDIA GeForce RTX 3090,"[3332960, 3333065, 3366428, 3366481, 3375866, 3421406, 3421451]",7,optics,120,0.00475514680147171,121.47849831730127,4.26621001213789,1.4915332943201065,127.24099677056074
cifar,qwen_vision_pooled_lora,20260908_v4_formal_cifar_qwen_vision_pooled_lora_s42,GPU-d53ce4c8-272d-c2fb-dc09-f182d586c4eb,NVIDIA GeForce RTX 3090,"[3332960, 3333065, 3366428, 3366481, 3375866, 3421406, 3421451]",8,optics,120,0.007085733115673065,124.2199297323823,4.528411529958248,0.8709215372800827,129.6263485327363
cifar,qwen_vision_pooled_lora,20260908_v4_formal_cifar_qwen_vision_pooled_lora_s42,GPU-d53ce4c8-272d-c2fb-dc09-f182d586c4eb,NVIDIA GeForce RTX 3090,"[3332960, 3333065, 3366428, 3366481, 3375866, 3421406, 3421451]",9,optics,120,0.006812348961830139,121.1670243293047,4.93909952044487,1.523205503821373,127.63614170253277
cifar,qwen_vision_pooled_lora,20260908_v4_formal_cifar_qwen_vision_pooled_lora_s42,GPU-d53ce4c8-272d-c2fb-dc09-f182d586c4eb,NVIDIA GeForce RTX 3090,"[3332960, 3333065, 3366428, 3366481, 3375866, 3421406, 3421451]",10,optics,120,0.007618464529514313,132.4610150679946,6.2976265251636505,1.682320348918438,140.4485804066062
cifar,qwen_vision_pooled_lora,20260908_v4_formal_cifar_qwen_vision_pooled_lora_s42,GPU-d53ce4c8-272d-c2fb-dc09-f182d586c4eb,NVIDIA GeForce RTX 3090,"[3332960, 3333065, 3366428, 3366481, 3375866, 3421406, 3421451]",11,optics,120,0.005378231406211853,128.98484539985657,4.648835435509682,1.6891697496175766,135.32822881639004
cifar,qwen_vision_pooled_lora,20260908_v4_formal_cifar_qwen_vision_pooled_lora_s42,GPU-d53ce4c8-272d-c2fb-dc09-f182d586c4eb,NVIDIA GeForce RTX 3090,"[3332960, 3333065, 3366428, 3366481, 3375866, 3421406, 3421451]",12,optics,120,0.0049049705266952515,125.1755714789033,8.308907076716423,1.647533468902111,135.13691699504852
cifar,qwen_vision_pooled_lora,20260908_v4_formal_cifar_qwen_vision_pooled_lora_s42,GPU-d53ce4c8-272d-c2fb-dc09-f182d586c4eb,NVIDIA GeForce RTX 3090,"[3332960, 3333065, 3366428, 3366481, 3375866, 3421406, 3421451]",13,joint,120,0.004467770457267761,127.69017957895994,4.988231271505356,1.0160329639911652,133.69891158491373
cifar,qwen_vision_pooled_lora,20260908_v4_formal_cifar_qwen_vision_pooled_lora_s42,GPU-d53ce4c8-272d-c2fb-dc09-f182d586c4eb,NVIDIA GeForce RTX 3090,"[3332960, 3333065, 3366428, 3366481, 3375866, 3421406, 3421451]",14,joint,120,0.004936099052429199,132.3180121332407,4.577461130917072,0.9973035454750061,137.8977129086852
cifar,qwen_vision_pooled_lora,20260908_v4_formal_cifar_qwen_vision_pooled_lora_s42,GPU-d53ce4c8-272d-c2fb-dc09-f182d586c4eb,NVIDIA GeForce RTX 3090,"[3332960, 3333065, 3366428, 3366481, 3375866, 3421406, 3421451]",15,joint,120,0.002797916531562805,126.58692435920238,5.15072475373745,0.7819007188081741,132.52234774827957
cifar,qwen_vision_pooled_lora,20260908_v4_formal_cifar_qwen_vision_pooled_lora_s42,GPU-d53ce4c8-272d-c2fb-dc09-f182d586c4eb,NVIDIA GeForce RTX 3090,"[3332960, 3333065, 3366428, 3366481, 3375866, 3421406, 3421451]",16,joint,120,0.0031542256474494934,127.6182712316513,4.701836951076984,0.8036673367023468,133.1269297450781
cifar,qwen_vision_pooled_lora,20260908_v4_formal_cifar_qwen_vision_pooled_lora_s42,GPU-d53ce4c8-272d-c2fb-dc09-f182d586c4eb,NVIDIA GeForce RTX 3090,"[3332960, 3333065, 3366428, 3366481, 3375866, 3421406, 3421451]",17,joint,120,0.0027643442153930664,128.59434394538403,4.7181467935442924,1.6075849086046219,134.92283999174833
cifar,qwen_vision_pooled_lora,20260908_v4_formal_cifar_qwen_vision_pooled_lora_s42,GPU-d53ce4c8-272d-c2fb-dc09-f182d586c4eb,NVIDIA GeForce RTX 3090,"[3332960, 3333065, 3366428, 3366481, 3375866, 3421406, 3421451]",18,joint,120,0.0028234273195266724,126.65574292838573,4.564298070967197,1.0120913833379745,132.23495581001043
cifar,qwen_vision_pooled_lora,20260908_v4_formal_cifar_qwen_vision_pooled_lora_s42,GPU-d53ce4c8-272d-c2fb-dc09-f182d586c4eb,NVIDIA GeForce RTX 3090,"[3332960, 3333065, 3366428, 3366481, 3375866, 3421406, 3421451]",19,joint,120,0.003226764500141144,128.09755243360996,4.497535526752472,0.9119225665926933,133.51023729145527
cifar,qwen_vision_pooled_lora,20260908_v4_formal_cifar_qwen_vision_pooled_lora_s42,GPU-d53ce4c8-272d-c2fb-dc09-f182d586c4eb,NVIDIA GeForce RTX 3090,"[3332960, 3333065, 3366428, 3366481, 3375866, 3421406, 3421451]",20,joint,120,0.0043291449546813965,138.98108792304993,4.751286163926125,1.7340233623981476,145.47072659432888
cifar,qwen_vision_pooled_lora,20260908_v4_formal_cifar_qwen_vision_pooled_lora_s42,GPU-d53ce4c8-272d-c2fb-dc09-f182d586c4eb,NVIDIA GeForce RTX 3090,"[3332960, 3333065, 3366428, 3366481, 3375866, 3421406, 3421451]",21,joint,120,0.0030788108706474304,143.16943278163671,5.31370747089386,0.9676495343446732,149.4538685977459
cifar,qwen_vision_pooled_lora,20260908_v4_formal_cifar_qwen_vision_pooled_lora_s42,GPU-d53ce4c8-272d-c2fb-dc09-f182d586c4eb,NVIDIA GeForce RTX 3090,"[3332960, 3333065, 3366428, 3366481, 3375866, 3421406, 3421451]",22,joint,120,0.003529272973537445,144.21436590701342,5.204587884247303,1.7987621501088142,151.22124521434307
cifar,qwen_vision_pooled_lora,20260908_v4_formal_cifar_qwen_vision_pooled_lora_s42,GPU-d53ce4c8-272d-c2fb-dc09-f182d586c4eb,NVIDIA GeForce RTX 3090,"[3332960, 3333065, 3366428, 3366481, 3375866, 3421406, 3421451]",23,joint,120,0.0029746070504188538,144.1901697218418,4.61443155258894,1.286214418709278,150.09379030019045
cifar,qwen_vision_pooled_lora,20260908_v4_formal_cifar_qwen_vision_pooled_lora_s42,GPU-d53ce4c8-272d-c2fb-dc09-f182d586c4eb,NVIDIA GeForce RTX 3090,"[3332960, 3333065, 3366428, 3366481, 3375866, 3421406, 3421451]",24,joint,120,0.0033231377601623535,141.18523138016462,5.328394219279289,0.8440960049629211,147.361044742167
cifar,qwen_vision_pooled_lora,20260908_v4_formal_cifar_qwen_vision_pooled_lora_s42,GPU-d53ce4c8-272d-c2fb-dc09-f182d586c4eb,NVIDIA GeForce RTX 3090,"[3332960, 3333065, 3366428, 3366481, 3375866, 3421406, 3421451]",25,joint,120,0.0034854933619499207,136.45975785702467,5.270168326795101,0.9097723141312599,142.64318399131298
cifar,qwen_vision_pooled_lora,20260908_v4_formal_cifar_qwen_vision_pooled_lora_s42,GPU-d53ce4c8-272d-c2fb-dc09-f182d586c4eb,NVIDIA GeForce RTX 3090,"[3332960, 3333065, 3366428, 3366481, 3375866, 3421406, 3421451]",26,joint,120,0.0037444010376930237,135.45399207621813,4.739316813647747,0.8745985180139542,141.07165180891752
cifar,qwen_vision_pooled_lora,20260908_v4_formal_cifar_qwen_vision_pooled_lora_s42,GPU-d53ce4c8-272d-c2fb-dc09-f182d586c4eb,NVIDIA GeForce RTX 3090,"[3332960, 3333065, 3366428, 3366481, 3375866, 3421406, 3421451]",27,joint,120,0.003125131130218506,138.15872666239738,5.128308713436127,0.8736499398946762,144.1638104468584
cifar,qwen_vision_pooled_lora,20260908_v4_formal_cifar_qwen_vision_pooled_lora_s42,GPU-d53ce4c8-272d-c2fb-dc09-f182d586c4eb,NVIDIA GeForce RTX 3090,"[3332960, 3333065, 3366428, 3366481, 3375866, 3421406, 3421451]",28,joint,120,0.0028663650155067444,144.7487800270319,5.540348194539547,1.8055173233151436,152.0975119099021
cifar,qwen_vision_pooled_lora,20260908_v4_formal_cifar_qwen_vision_pooled_lora_s42,GPU-d53ce4c8-272d-c2fb-dc09-f182d586c4eb,NVIDIA GeForce RTX 3090,"[3332960, 3333065, 3366428, 3366481, 3375866, 3421406, 3421451]",29,joint,120,0.003734096884727478,142.0227134898305,5.54754301160574,2.00790386646986,149.58189446479082
cifar,qwen_vision_pooled_lora,20260908_v4_formal_cifar_qwen_vision_pooled_lora_s42,GPU-d53ce4c8-272d-c2fb-dc09-f182d586c4eb,NVIDIA GeForce RTX 3090,"[3332960, 3333065, 3366428, 3366481, 3375866, 3421406, 3421451]",30,joint,120,0.0032158344984054565,144.27554697543383,9.530799217522144,0.8846441134810448,154.69420614093542
cifar,qwen_vision_lora,20260908_v4_formal_cifar_qwen_vision_lora_s42,GPU-d53ce4c8-272d-c2fb-dc09-f182d586c4eb,NVIDIA GeForce RTX 3090,[],1,experts,120,0.0041921064257621765,112.2151121199131,5.281727038323879,1.1623551473021507,118.6633864119649
cifar,qwen_vision_lora,20260908_v4_formal_cifar_qwen_vision_lora_s42,GPU-d53ce4c8-272d-c2fb-dc09-f182d586c4eb,NVIDIA GeForce RTX 3090,[],2,experts,120,0.0043744295835494995,108.37184221297503,4.920520059764385,0.6322803571820259,113.92901705950499
cifar,qwen_vision_lora,20260908_v4_formal_cifar_qwen_vision_lora_s42,GPU-d53ce4c8-272d-c2fb-dc09-f182d586c4eb,NVIDIA GeForce RTX 3090,[],3,experts,120,0.004931233823299408,105.07637020945549,4.9724797159433365,0.5956899970769882,110.64947115629911
cifar,qwen_vision_lora,20260908_v4_formal_cifar_qwen_vision_lora_s42,GPU-d53ce4c8-272d-c2fb-dc09-f182d586c4eb,NVIDIA GeForce RTX 3090,[],4,experts,120,0.005085989832878113,107.3227753341198,9.50525525957346,1.3614631220698357,118.19457970559597
cifar,qwen_vision_lora,20260908_v4_formal_cifar_qwen_vision_lora_s42,GPU-d53ce4c8-272d-c2fb-dc09-f182d586c4eb,NVIDIA GeForce RTX 3090,[],5,optics,120,0.005258142948150635,127.31383351236582,5.025018654763699,0.7064077779650688,133.05051808804274
cifar,qwen_vision_lora,20260908_v4_formal_cifar_qwen_vision_lora_s42,GPU-d53ce4c8-272d-c2fb-dc09-f182d586c4eb,NVIDIA GeForce RTX 3090,[],6,optics,120,0.00620240718126297,132.0429298505187,5.975057043135166,0.6598280966281891,138.68401739746332
cifar,qwen_vision_lora,20260908_v4_formal_cifar_qwen_vision_lora_s42,GPU-d53ce4c8-272d-c2fb-dc09-f182d586c4eb,NVIDIA GeForce RTX 3090,[],7,optics,120,0.005206935107707977,134.19355589151382,4.900651261210442,1.3401927128434181,140.4396068006754
cifar,qwen_vision_lora,20260908_v4_formal_cifar_qwen_vision_lora_s42,GPU-d53ce4c8-272d-c2fb-dc09-f182d586c4eb,NVIDIA GeForce RTX 3090,[],8,optics,120,0.004871755838394165,141.86971993744373,5.740816757082939,0.744413711130619,148.35982216149569
cifar,qwen_vision_lora,20260908_v4_formal_cifar_qwen_vision_lora_s42,GPU-d53ce4c8-272d-c2fb-dc09-f182d586c4eb,NVIDIA GeForce RTX 3090,[],9,optics,120,0.008446753025054932,137.96325701475143,5.57000595331192,1.3778790980577469,144.91958881914616
cifar,qwen_vision_lora,20260908_v4_formal_cifar_qwen_vision_lora_s42,GPU-d53ce4c8-272d-c2fb-dc09-f182d586c4eb,NVIDIA GeForce RTX 3090,[],10,optics,120,0.005836792290210724,140.85347454994917,5.510467678308487,1.4541877582669258,147.8239667788148
cifar,qwen_vision_lora,20260908_v4_formal_cifar_qwen_vision_lora_s42,GPU-d53ce4c8-272d-c2fb-dc09-f182d586c4eb,NVIDIA GeForce RTX 3090,[],11,optics,120,0.005868487060070038,140.34643530100584,5.251349858939648,0.7370506599545479,146.3407043069601
cifar,qwen_vision_lora,20260908_v4_formal_cifar_qwen_vision_lora_s42,GPU-d53ce4c8-272d-c2fb-dc09-f182d586c4eb,NVIDIA GeForce RTX 3090,[],12,optics,120,0.0074465349316596985,139.20642725378275,11.300478920340538,0.7144396007061005,151.22879230976105
cifar,qwen_vision_lora,20260908_v4_formal_cifar_qwen_vision_lora_s42,GPU-d53ce4c8-272d-c2fb-dc09-f182d586c4eb,NVIDIA GeForce RTX 3090,[],13,joint,120,0.0036627650260925293,146.54522454738617,5.223498240113258,0.8138911202549934,152.5862766727805
cifar,qwen_vision_lora,20260908_v4_formal_cifar_qwen_vision_lora_s42,GPU-d53ce4c8-272d-c2fb-dc09-f182d586c4eb,NVIDIA GeForce RTX 3090,[],14,joint,120,0.0064325034618377686,144.32998160272837,5.4528229013085365,0.900628462433815,150.68986546993256
cifar,qwen_vision_lora,20260908_v4_formal_cifar_qwen_vision_lora_s42,GPU-d53ce4c8-272d-c2fb-dc09-f182d586c4eb,NVIDIA GeForce RTX 3090,[],15,joint,120,0.0031925588846206665,143.65495528280735,5.383634336292744,0.7881046384572983,149.829886816442
cifar,qwen_vision_lora,20260908_v4_formal_cifar_qwen_vision_lora_s42,GPU-d53ce4c8-272d-c2fb-dc09-f182d586c4eb,NVIDIA GeForce RTX 3090,[],16,joint,120,0.0032481998205184937,153.2039367929101,5.798745974898338,0.9168961718678474,159.9228271394968
cifar,qwen_vision_lora,20260908_v4_formal_cifar_qwen_vision_lora_s42,GPU-d53ce4c8-272d-c2fb-dc09-f182d586c4eb,NVIDIA GeForce RTX 3090,[],17,joint,120,0.005017444491386414,149.97857230901718,5.517377831041813,0.8784841820597649,156.37945176661015
cifar,qwen_vision_lora,20260908_v4_formal_cifar_qwen_vision_lora_s42,GPU-d53ce4c8-272d-c2fb-dc09-f182d586c4eb,NVIDIA GeForce RTX 3090,[],18,joint,120,0.003236338496208191,145.62260280549526,5.280156783759594,0.880009688436985,151.78600561618805
cifar,qwen_vision_lora,20260908_v4_formal_cifar_qwen_vision_lora_s42,GPU-d53ce4c8-272d-c2fb-dc09-f182d586c4eb,NVIDIA GeForce RTX 3090,[],19,joint,120,0.003366515040397644,142.0502163991332,5.515943244099617,1.9465883299708366,149.51611448824406
cifar,qwen_vision_lora,20260908_v4_formal_cifar_qwen_vision_lora_s42,GPU-d53ce4c8-272d-c2fb-dc09-f182d586c4eb,NVIDIA GeForce RTX 3090,[],20,joint,120,0.003590613603591919,141.6542940288782,5.59502550214529,1.06460452824831,148.3175146728754
cifar,qwen_vision_lora,20260908_v4_formal_cifar_qwen_vision_lora_s42,GPU-d53ce4c8-272d-c2fb-dc09-f182d586c4eb,NVIDIA GeForce RTX 3090,[],21,joint,120,0.006521455943584442,139.75919615477324,5.09220065176487,1.7391569837927818,146.59707524627447
cifar,qwen_vision_lora,20260908_v4_formal_cifar_qwen_vision_lora_s42,GPU-d53ce4c8-272d-c2fb-dc09-f182d586c4eb,NVIDIA GeForce RTX 3090,[],22,joint,120,0.003085702657699585,135.13106355071068,5.088632673025131,1.723952479660511,141.94673440605402
cifar,qwen_vision_lora,20260908_v4_formal_cifar_qwen_vision_lora_s42,GPU-d53ce4c8-272d-c2fb-dc09-f182d586c4eb,NVIDIA GeForce RTX 3090,[],23,joint,120,0.002824932336807251,130.2902810573578,4.7066922932863235,1.0490054339170456,136.04880371689796
cifar,qwen_vision_lora,20260908_v4_formal_cifar_qwen_vision_lora_s42,GPU-d53ce4c8-272d-c2fb-dc09-f182d586c4eb,NVIDIA GeForce RTX 3090,[],24,joint,120,0.0029764920473098755,131.64526699483395,4.5723985359072685,0.9975889623165131,137.21823098510504
cifar,qwen_vision_lora,20260908_v4_formal_cifar_qwen_vision_lora_s42,GPU-d53ce4c8-272d-c2fb-dc09-f182d586c4eb,NVIDIA GeForce RTX 3090,[],25,joint,120,0.003332570195198059,133.63467993587255,6.117808051407337,1.120118223130703,140.8759387806058
cifar,qwen_vision_lora,20260908_v4_formal_cifar_qwen_vision_lora_s42,GPU-d53ce4c8-272d-c2fb-dc09-f182d586c4eb,NVIDIA GeForce RTX 3090,[],26,joint,120,0.0057447925209999084,149.5122337937355,5.413484774529934,1.7664930075407028,156.69795636832714
cifar,qwen_vision_lora,20260908_v4_formal_cifar_qwen_vision_lora_s42,GPU-d53ce4c8-272d-c2fb-dc09-f182d586c4eb,NVIDIA GeForce RTX 3090,[],27,joint,120,0.0032238811254501343,138.04260151833296,5.017754450440407,1.073170155286789,144.1367500051856
cifar,qwen_vision_lora,20260908_v4_formal_cifar_qwen_vision_lora_s42,GPU-d53ce4c8-272d-c2fb-dc09-f182d586c4eb,NVIDIA GeForce RTX 3090,[],28,joint,120,0.0030941590666770935,132.26616726070642,5.221336007118225,1.0587823912501335,138.54937981814146
cifar,qwen_vision_lora,20260908_v4_formal_cifar_qwen_vision_lora_s42,GPU-d53ce4c8-272d-c2fb-dc09-f182d586c4eb,NVIDIA GeForce RTX 3090,[],29,joint,120,0.0032632797956466675,131.0219376012683,4.957713767886162,1.0652108639478683,137.04812551289797
cifar,qwen_vision_lora,20260908_v4_formal_cifar_qwen_vision_lora_s42,GPU-d53ce4c8-272d-c2fb-dc09-f182d586c4eb,NVIDIA GeForce RTX 3090,[],30,joint,120,0.0029509440064430237,131.70884482562542,9.407688945531845,1.8479041755199432,142.96738889068365
cifar,qwen_vision_global_lora,20260908_v4_formal_cifar_qwen_vision_global_lora_s42,GPU-d53ce4c8-272d-c2fb-dc09-f182d586c4eb,NVIDIA GeForce RTX 3090,[4021888],1,experts,120,0.0054122284054756165,110.6311697140336,5.0978943929076195,0.834583193063736,116.56905952841043
cifar,qwen_vision_global_lora,20260908_v4_formal_cifar_qwen_vision_global_lora_s42,GPU-d53ce4c8-272d-c2fb-dc09-f182d586c4eb,NVIDIA GeForce RTX 3090,[4021888],2,experts,120,0.007554680109024048,130.0694012492895,7.073652908205986,0.791966088116169,137.9425749257207
cifar,qwen_vision_global_lora,20260908_v4_formal_cifar_qwen_vision_global_lora_s42,GPU-d53ce4c8-272d-c2fb-dc09-f182d586c4eb,NVIDIA GeForce RTX 3090,[4021888],3,experts,120,0.009732410311698914,141.8497377038002,6.128463588654995,0.8324387520551682,148.82037245482206
cifar,qwen_vision_global_lora,20260908_v4_formal_cifar_qwen_vision_global_lora_s42,GPU-d53ce4c8-272d-c2fb-dc09-f182d586c4eb,NVIDIA GeForce RTX 3090,[4021888],4,experts,120,0.009885981678962708,138.18750549852848,12.720669895410538,1.615658976137638,152.53372035175562
cifar,qwen_vision_global_lora,20260908_v4_formal_cifar_qwen_vision_global_lora_s42,GPU-d53ce4c8-272d-c2fb-dc09-f182d586c4eb,NVIDIA GeForce RTX 3090,[4021888],5,optics,120,0.24733731895685196,154.3860335201025,6.583206810057163,1.5398233234882355,162.75640097260475
cifar,qwen_vision_global_lora,20260908_v4_formal_cifar_qwen_vision_global_lora_s42,GPU-d53ce4c8-272d-c2fb-dc09-f182d586c4eb,NVIDIA GeForce RTX 3090,[4021888],6,optics,120,0.004804268479347229,147.77771655470133,6.652976907789707,0.8946277871727943,155.33012551814318
cifar,qwen_vision_global_lora,20260908_v4_formal_cifar_qwen_vision_global_lora_s42,GPU-d53ce4c8-272d-c2fb-dc09-f182d586c4eb,NVIDIA GeForce RTX 3090,[4021888],7,optics,120,0.007021397352218628,146.76444239914417,6.878351978957653,0.7826298102736473,154.4324455857277
cifar,qwen_vision_global_lora,20260908_v4_formal_cifar_qwen_vision_global_lora_s42,GPU-d53ce4c8-272d-c2fb-dc09-f182d586c4eb,NVIDIA GeForce RTX 3090,[4021888],8,optics,120,0.005740627646446228,146.85769356042147,6.567149825394154,0.906701497733593,154.33728551119566
cifar,qwen_vision_global_lora,20260908_v4_formal_cifar_qwen_vision_global_lora_s42,GPU-d53ce4c8-272d-c2fb-dc09-f182d586c4eb,NVIDIA GeForce RTX 3090,[4021888],9,optics,120,0.004636898636817932,145.7248046323657,7.006036266684532,1.4654908552765846,154.20096865296364
cifar,qwen_vision_global_lora,20260908_v4_formal_cifar_qwen_vision_global_lora_s42,GPU-d53ce4c8-272d-c2fb-dc09-f182d586c4eb,NVIDIA GeForce RTX 3090,[4021888],10,optics,120,0.0048199668526649475,147.75061977654696,6.4965410232543945,0.8164628967642784,155.0684436634183
cifar,qwen_vision_global_lora,20260908_v4_formal_cifar_qwen_vision_global_lora_s42,GPU-d53ce4c8-272d-c2fb-dc09-f182d586c4eb,NVIDIA GeForce RTX 3090,[4021888],11,optics,120,0.004774890840053558,152.8946311995387,6.350374169647694,0.8729784339666367,160.1227586939931
cifar,qwen_vision_global_lora,20260908_v4_formal_cifar_qwen_vision_global_lora_s42,GPU-d53ce4c8-272d-c2fb-dc09-f182d586c4eb,NVIDIA GeForce RTX 3090,[4021888],12,optics,120,0.004890456795692444,146.41255290806293,12.924550049006939,0.8339579105377197,160.1759513244033
cifar,qwen_vision_global_lora,20260908_v4_formal_cifar_qwen_vision_global_lora_s42,GPU-d53ce4c8-272d-c2fb-dc09-f182d586c4eb,NVIDIA GeForce RTX 3090,[4021888],13,joint,120,0.0034243986010551453,151.8785474151373,5.803496412932873,1.008523389697075,158.6939916163683
cifar,qwen_vision_global_lora,20260908_v4_formal_cifar_qwen_vision_global_lora_s42,GPU-d53ce4c8-272d-c2fb-dc09-f182d586c4eb,NVIDIA GeForce RTX 3090,[4021888],14,joint,120,0.002995826303958893,154.4191220626235,6.506050817668438,2.0350524708628654,162.96322117745876
cifar,qwen_vision_global_lora,20260908_v4_formal_cifar_qwen_vision_global_lora_s42,GPU-d53ce4c8-272d-c2fb-dc09-f182d586c4eb,NVIDIA GeForce RTX 3090,[4021888],15,joint,120,0.0029696300625801086,151.45583605766296,6.367348022758961,1.9285520017147064,159.7547057121992
cifar,qwen_vision_global_lora,20260908_v4_formal_cifar_qwen_vision_global_lora_s42,GPU-d53ce4c8-272d-c2fb-dc09-f182d586c4eb,NVIDIA GeForce RTX 3090,[4021888],16,joint,120,0.0030339807271957397,152.29996725916862,6.203405566513538,2.0884960889816284,160.594902895391
cifar,qwen_vision_global_lora,20260908_v4_formal_cifar_qwen_vision_global_lora_s42,GPU-d53ce4c8-272d-c2fb-dc09-f182d586c4eb,NVIDIA GeForce RTX 3090,[4021888],17,joint,120,0.002935469150543213,152.12527982890606,7.125146999955177,2.0536037534475327,161.3069660514593
cifar,qwen_vision_global_lora,20260908_v4_formal_cifar_qwen_vision_global_lora_s42,GPU-d53ce4c8-272d-c2fb-dc09-f182d586c4eb,NVIDIA GeForce RTX 3090,[4021888],18,joint,120,0.002951584756374359,153.3021075129509,6.658237636089325,2.1543010771274567,162.11759781092405
cifar,qwen_vision_global_lora,20260908_v4_formal_cifar_qwen_vision_global_lora_s42,GPU-d53ce4c8-272d-c2fb-dc09-f182d586c4eb,NVIDIA GeForce RTX 3090,[4021888],19,joint,120,0.0030606836080551147,150.219600610435,6.325640723109245,1.985709398984909,158.53401141613722
cifar,qwen_vision_global_lora,20260908_v4_formal_cifar_qwen_vision_global_lora_s42,GPU-d53ce4c8-272d-c2fb-dc09-f182d586c4eb,NVIDIA GeForce RTX 3090,[4021888],20,joint,120,0.0029956698417663574,149.71059561520815,6.534314349293709,1.0655850321054459,157.31349066644907
cifar,qwen_vision_global_lora,20260908_v4_formal_cifar_qwen_vision_global_lora_s42,GPU-d53ce4c8-272d-c2fb-dc09-f182d586c4eb,NVIDIA GeForce RTX 3090,[4021888],21,joint,120,0.004833422601222992,152.4690853729844,6.684677265584469,2.0908391252160072,161.2494351863861
cifar,qwen_vision_global_lora,20260908_v4_formal_cifar_qwen_vision_global_lora_s42,GPU-d53ce4c8-272d-c2fb-dc09-f182d586c4eb,NVIDIA GeForce RTX 3090,[4021888],22,joint,120,0.003227703273296356,154.33671739697456,6.095740161836147,1.9086984992027283,162.34438376128674
cifar,qwen_vision_global_lora,20260908_v4_formal_cifar_qwen_vision_global_lora_s42,GPU-d53ce4c8-272d-c2fb-dc09-f182d586c4eb,NVIDIA GeForce RTX 3090,[4021888],23,joint,120,0.003275275230407715,155.46916921436787,6.328509956598282,1.059490367770195,162.86044481396675
cifar,qwen_vision_global_lora,20260908_v4_formal_cifar_qwen_vision_global_lora_s42,GPU-d53ce4c8-272d-c2fb-dc09-f182d586c4eb,NVIDIA GeForce RTX 3090,[4021888],24,joint,120,0.002786874771118164,149.88467722386122,6.289577394723892,1.0699856579303741,157.2470271512866
cifar,qwen_vision_global_lora,20260908_v4_formal_cifar_qwen_vision_global_lora_s42,GPU-d53ce4c8-272d-c2fb-dc09-f182d586c4eb,NVIDIA GeForce RTX 3090,[4021888],25,joint,120,0.004601985216140747,153.51744483411312,6.959679216146469,1.1328080743551254,161.61453410983086
cifar,qwen_vision_global_lora,20260908_v4_formal_cifar_qwen_vision_global_lora_s42,GPU-d53ce4c8-272d-c2fb-dc09-f182d586c4eb,NVIDIA GeForce RTX 3090,[4021888],26,joint,120,0.0037366747856140137,161.30643144249916,7.324961252510548,0.9387943372130394,169.57392370700836
cifar,qwen_vision_global_lora,20260908_v4_formal_cifar_qwen_vision_global_lora_s42,GPU-d53ce4c8-272d-c2fb-dc09-f182d586c4eb,NVIDIA GeForce RTX 3090,[4021888],27,joint,120,0.004499413073062897,150.98576859384775,6.473713576793671,2.091201327741146,159.55518291145563
cifar,qwen_vision_global_lora,20260908_v4_formal_cifar_qwen_vision_global_lora_s42,GPU-d53ce4c8-272d-c2fb-dc09-f182d586c4eb,NVIDIA GeForce RTX 3090,[4021888],28,joint,120,0.0032040029764175415,150.81501402705908,6.863311551511288,1.0896996185183525,158.77122920006514
cifar,qwen_vision_global_lora,20260908_v4_formal_cifar_qwen_vision_global_lora_s42,GPU-d53ce4c8-272d-c2fb-dc09-f182d586c4eb,NVIDIA GeForce RTX 3090,[4021888],29,joint,120,0.002842426300048828,149.0653058886528,6.383437305688858,1.7466574534773827,157.1982430741191
cifar,qwen_vision_global_lora,20260908_v4_formal_cifar_qwen_vision_global_lora_s42,GPU-d53ce4c8-272d-c2fb-dc09-f182d586c4eb,NVIDIA GeForce RTX 3090,[4021888],30,joint,120,0.003108665347099304,121.14763472229242,7.8857190907001495,2.0238795205950737,131.06034199893475
imagenette,direct,20260908_v4_formal_imagenette_direct_s42,GPU-e8837b85-d55b-8e81-aaa5-ec1ac326932d,NVIDIA GeForce RTX 4090,[],1,experts,120,0.002918042242527008,46.72486340254545,5.547505162656307,0.14195135980844498,52.41723796725273
imagenette,direct,20260908_v4_formal_imagenette_direct_s42,GPU-e8837b85-d55b-8e81-aaa5-ec1ac326932d,NVIDIA GeForce RTX 4090,[],2,experts,120,0.004262596368789673,45.75588350743055,5.126204416155815,0.5105689764022827,51.39691949635744
imagenette,direct,20260908_v4_formal_imagenette_direct_s42,GPU-e8837b85-d55b-8e81-aaa5-ec1ac326932d,NVIDIA GeForce RTX 4090,[],3,experts,120,0.003921471536159515,45.908391401171684,5.201599039137363,0.4314704164862633,51.54538232833147
imagenette,direct,20260908_v4_formal_imagenette_direct_s42,GPU-e8837b85-d55b-8e81-aaa5-ec1ac326932d,NVIDIA GeForce RTX 4090,[],4,experts,120,0.003148697316646576,44.374015994369984,9.855322241783142,0.3457437604665756,54.57823069393635
imagenette,direct,20260908_v4_formal_imagenette_direct_s42,GPU-e8837b85-d55b-8e81-aaa5-ec1ac326932d,NVIDIA GeForce RTX 4090,[],5,optics,120,0.003159061074256897,61.553426302969456,5.03712610155344,0.2511045038700104,66.84481596946716
imagenette,direct,20260908_v4_formal_imagenette_direct_s42,GPU-e8837b85-d55b-8e81-aaa5-ec1ac326932d,NVIDIA GeForce RTX 4090,[],6,optics,120,0.004860080778598785,63.45746333152056,5.362108364701271,0.3524275943636894,69.17685937136412
imagenette,direct,20260908_v4_formal_imagenette_direct_s42,GPU-e8837b85-d55b-8e81-aaa5-ec1ac326932d,NVIDIA GeForce RTX 4090,[],7,optics,120,0.0032757222652435303,62.5043186545372,4.671089008450508,0.2753855288028717,67.45406891405582
imagenette,direct,20260908_v4_formal_imagenette_direct_s42,GPU-e8837b85-d55b-8e81-aaa5-ec1ac326932d,NVIDIA GeForce RTX 4090,[],8,optics,120,0.0030641108751296997,59.326306983828545,4.852901101112366,0.5353785380721092,64.71765073388815
imagenette,direct,20260908_v4_formal_imagenette_direct_s42,GPU-e8837b85-d55b-8e81-aaa5-ec1ac326932d,NVIDIA GeForce RTX 4090,[],9,optics,120,0.003138437867164612,58.770245268940926,4.7551367580890656,0.1792074739933014,63.70772793889046
imagenette,direct,20260908_v4_formal_imagenette_direct_s42,GPU-e8837b85-d55b-8e81-aaa5-ec1ac326932d,NVIDIA GeForce RTX 4090,[],10,optics,120,0.003069378435611725,58.76057405024767,4.6567917466163635,0.5086558163166046,63.92909099161625
imagenette,direct,20260908_v4_formal_imagenette_direct_s42,GPU-e8837b85-d55b-8e81-aaa5-ec1ac326932d,NVIDIA GeForce RTX 4090,[],11,optics,120,0.0030000880360603333,58.684363171458244,5.259861148893833,0.367923378944397,64.31514778733253
imagenette,direct,20260908_v4_formal_imagenette_direct_s42,GPU-e8837b85-d55b-8e81-aaa5-ec1ac326932d,NVIDIA GeForce RTX 4090,[],12,optics,120,0.00302182137966156,58.988932736217976,10.000005297362804,0.5853348150849342,69.57729467004538
imagenette,direct,20260908_v4_formal_imagenette_direct_s42,GPU-e8837b85-d55b-8e81-aaa5-ec1ac326932d,NVIDIA GeForce RTX 4090,[],13,joint,120,0.0016511231660842896,62.10262155532837,4.865357264876366,0.42648012936115265,67.39611007273197
imagenette,direct,20260908_v4_formal_imagenette_direct_s42,GPU-e8837b85-d55b-8e81-aaa5-ec1ac326932d,NVIDIA GeForce RTX 4090,[],14,joint,120,0.0014448389410972595,61.75314515829086,4.651645697653294,0.42743606865406036,66.83367176353931
imagenette,direct,20260908_v4_formal_imagenette_direct_s42,GPU-e8837b85-d55b-8e81-aaa5-ec1ac326932d,NVIDIA GeForce RTX 4090,[],15,joint,120,0.001433059573173523,61.646520122885704,4.72813156247139,0.42127005755901337,66.79735480248928
imagenette,direct,20260908_v4_formal_imagenette_direct_s42,GPU-e8837b85-d55b-8e81-aaa5-ec1ac326932d,NVIDIA GeForce RTX 4090,[],16,joint,120,0.0013775825500488281,62.064201056957245,4.714422978460789,0.27456027269363403,67.05456189066172
imagenette,direct,20260908_v4_formal_imagenette_direct_s42,GPU-e8837b85-d55b-8e81-aaa5-ec1ac326932d,NVIDIA GeForce RTX 4090,[],17,joint,120,0.0015496015548706055,61.06660422682762,4.880286350846291,0.8231962621212006,66.77163644134998
imagenette,direct,20260908_v4_formal_imagenette_direct_s42,GPU-e8837b85-d55b-8e81-aaa5-ec1ac326932d,NVIDIA GeForce RTX 4090,[],18,joint,120,0.001390807330608368,61.97789328545332,5.194486923515797,0.9024413228034973,68.07621233910322
imagenette,direct,20260908_v4_formal_imagenette_direct_s42,GPU-e8837b85-d55b-8e81-aaa5-ec1ac326932d,NVIDIA GeForce RTX 4090,[],19,joint,120,0.0014424175024032593,62.326890245079994,4.770631834864616,0.3977232947945595,67.49668779224157
imagenette,direct,20260908_v4_formal_imagenette_direct_s42,GPU-e8837b85-d55b-8e81-aaa5-ec1ac326932d,NVIDIA GeForce RTX 4090,[],20,joint,120,0.0014107078313827515,62.25441734492779,4.695529863238335,0.8760950118303299,67.82745292782784
imagenette,direct,20260908_v4_formal_imagenette_direct_s42,GPU-e8837b85-d55b-8e81-aaa5-ec1ac326932d,NVIDIA GeForce RTX 4090,[],21,joint,120,0.001421317458152771,61.89033456146717,5.02559145539999,0.5040386766195297,67.42138601094484
imagenette,direct,20260908_v4_formal_imagenette_direct_s42,GPU-e8837b85-d55b-8e81-aaa5-ec1ac326932d,NVIDIA GeForce RTX 4090,[],22,joint,120,0.0014270991086959839,62.34131110459566,4.856058910489082,0.8291333913803101,68.02793050557375
imagenette,direct,20260908_v4_formal_imagenette_direct_s42,GPU-e8837b85-d55b-8e81-aaa5-ec1ac326932d,NVIDIA GeForce RTX 4090,[],23,joint,120,0.0014467313885688782,61.47965416312218,4.819395504891872,0.8877540528774261,67.18825045228004
imagenette,direct,20260908_v4_formal_imagenette_direct_s42,GPU-e8837b85-d55b-8e81-aaa5-ec1ac326932d,NVIDIA GeForce RTX 4090,[],24,joint,120,0.0014873743057250977,61.701736845076084,4.691962629556656,0.9178517162799835,67.31303856521845
imagenette,direct,20260908_v4_formal_imagenette_direct_s42,GPU-e8837b85-d55b-8e81-aaa5-ec1ac326932d,NVIDIA GeForce RTX 4090,[],25,joint,120,0.0014060139656066895,61.21970321238041,4.9964311718940735,0.842169389128685,67.05970978736877
imagenette,direct,20260908_v4_formal_imagenette_direct_s42,GPU-e8837b85-d55b-8e81-aaa5-ec1ac326932d,NVIDIA GeForce RTX 4090,[],26,joint,120,0.0014329925179481506,61.80624821782112,4.6863018572330475,0.29386892169713974,66.78785198926926
imagenette,direct,20260908_v4_formal_imagenette_direct_s42,GPU-e8837b85-d55b-8e81-aaa5-ec1ac326932d,NVIDIA GeForce RTX 4090,[],27,joint,120,0.0014411360025405884,62.55639100074768,4.708758786320686,0.4630284607410431,67.72961938381195
imagenette,direct,20260908_v4_formal_imagenette_direct_s42,GPU-e8837b85-d55b-8e81-aaa5-ec1ac326932d,NVIDIA GeForce RTX 4090,[],28,joint,120,0.0014673620462417603,61.26740586012602,4.748699761927128,0.500994399189949,66.51856738328934
imagenette,direct,20260908_v4_formal_imagenette_direct_s42,GPU-e8837b85-d55b-8e81-aaa5-ec1ac326932d,NVIDIA GeForce RTX 4090,[],29,joint,120,0.0014224722981452942,61.91578709334135,4.760478191077709,0.5174010917544365,67.19508884847164
imagenette,direct,20260908_v4_formal_imagenette_direct_s42,GPU-e8837b85-d55b-8e81-aaa5-ec1ac326932d,NVIDIA GeForce RTX 4090,[],30,joint,120,0.001593373715877533,62.52004600316286,9.87303776293993,0.4946720451116562,72.88934918493032
imagenette,clip_vision_lora,20260908_v4_formal_imagenette_clip_vision_lora_s42,GPU-e8837b85-d55b-8e81-aaa5-ec1ac326932d,NVIDIA GeForce RTX 4090,[],1,experts,120,0.003251194953918457,50.99989604204893,4.697887681424618,0.2579171508550644,55.95895206928253
imagenette,clip_vision_lora,20260908_v4_formal_imagenette_clip_vision_lora_s42,GPU-e8837b85-d55b-8e81-aaa5-ec1ac326932d,NVIDIA GeForce RTX 4090,[],2,experts,120,0.003689482808113098,51.591923370957375,4.856688410043716,0.8782537803053856,57.33055504411459
imagenette,clip_vision_lora,20260908_v4_formal_imagenette_clip_vision_lora_s42,GPU-e8837b85-d55b-8e81-aaa5-ec1ac326932d,NVIDIA GeForce RTX 4090,[],3,experts,120,0.003817625343799591,51.19185375422239,4.76720605045557,0.44000130891799927,56.40287873893976
imagenette,clip_vision_lora,20260908_v4_formal_imagenette_clip_vision_lora_s42,GPU-e8837b85-d55b-8e81-aaa5-ec1ac326932d,NVIDIA GeForce RTX 4090,[],4,experts,120,0.003775760531425476,50.42603071779013,10.150503978133202,0.41917210817337036,60.999482564628124
imagenette,clip_vision_lora,20260908_v4_formal_imagenette_clip_vision_lora_s42,GPU-e8837b85-d55b-8e81-aaa5-ec1ac326932d,NVIDIA GeForce RTX 4090,[],5,optics,120,0.003855980932712555,66.7638112232089,5.066350549459457,0.9185507521033287,72.7525685057044
imagenette,clip_vision_lora,20260908_v4_formal_imagenette_clip_vision_lora_s42,GPU-e8837b85-d55b-8e81-aaa5-ec1ac326932d,NVIDIA GeForce RTX 4090,[],6,optics,120,0.004375822842121124,66.13145488500595,4.74258953332901,0.9150746986269951,71.79349493980408
imagenette,clip_vision_lora,20260908_v4_formal_imagenette_clip_vision_lora_s42,GPU-e8837b85-d55b-8e81-aaa5-ec1ac326932d,NVIDIA GeForce RTX 4090,[],7,optics,120,0.0038599297404289246,65.98942413926125,4.795487225055695,0.9757486879825592,71.76451998203993
imagenette,clip_vision_lora,20260908_v4_formal_imagenette_clip_vision_lora_s42,GPU-e8837b85-d55b-8e81-aaa5-ec1ac326932d,NVIDIA GeForce RTX 4090,[],8,optics,120,0.0038048848509788513,65.63340067863464,4.7668885961174965,0.49514274299144745,70.89923690259457
imagenette,clip_vision_lora,20260908_v4_formal_imagenette_clip_vision_lora_s42,GPU-e8837b85-d55b-8e81-aaa5-ec1ac326932d,NVIDIA GeForce RTX 4090,[],9,optics,120,0.004016272723674774,65.90891228616238,4.700763985514641,0.991056352853775,71.60474889725447
imagenette,clip_vision_lora,20260908_v4_formal_imagenette_clip_vision_lora_s42,GPU-e8837b85-d55b-8e81-aaa5-ec1ac326932d,NVIDIA GeForce RTX 4090,[],10,optics,120,0.007379151880741119,65.58892615884542,4.778547018766403,0.9199244529008865,71.29477678239346
imagenette,clip_vision_lora,20260908_v4_formal_imagenette_clip_vision_lora_s42,GPU-e8837b85-d55b-8e81-aaa5-ec1ac326932d,NVIDIA GeForce RTX 4090,[],11,optics,120,0.003865480422973633,66.74917228519917,4.7231562957167625,0.8695917427539825,72.34578580409288
imagenette,clip_vision_lora,20260908_v4_formal_imagenette_clip_vision_lora_s42,GPU-e8837b85-d55b-8e81-aaa5-ec1ac326932d,NVIDIA GeForce RTX 4090,[],12,optics,120,0.0038637742400169373,66.56243878602982,9.7310087159276,0.4917904660105705,76.789101742208
imagenette,clip_vision_lora,20260908_v4_formal_imagenette_clip_vision_lora_s42,GPU-e8837b85-d55b-8e81-aaa5-ec1ac326932d,NVIDIA GeForce RTX 4090,[],13,joint,120,0.002483256161212921,70.32298509031534,4.813517309725285,0.6711441650986671,75.8101298213005
imagenette,clip_vision_lora,20260908_v4_formal_imagenette_clip_vision_lora_s42,GPU-e8837b85-d55b-8e81-aaa5-ec1ac326932d,NVIDIA GeForce RTX 4090,[],14,joint,120,0.0021882131695747375,69.77792426198721,4.733011178672314,0.5441660434007645,75.05728969722986
imagenette,clip_vision_lora,20260908_v4_formal_imagenette_clip_vision_lora_s42,GPU-e8837b85-d55b-8e81-aaa5-ec1ac326932d,NVIDIA GeForce RTX 4090,[],15,joint,120,0.002240598201751709,69.45413815230131,4.8425238057971,0.6329391226172447,74.93184167891741
imagenette,clip_vision_lora,20260908_v4_formal_imagenette_clip_vision_lora_s42,GPU-e8837b85-d55b-8e81-aaa5-ec1ac326932d,NVIDIA GeForce RTX 4090,[],16,joint,120,0.0022274553775787354,69.51744630932808,4.8311841413378716,0.5979941040277481,74.94885201007128
imagenette,clip_vision_lora,20260908_v4_formal_imagenette_clip_vision_lora_s42,GPU-e8837b85-d55b-8e81-aaa5-ec1ac326932d,NVIDIA GeForce RTX 4090,[],17,joint,120,0.0022131726145744324,70.93630512803793,4.815602973103523,0.6648411378264427,76.41896241158247
imagenette,clip_vision_lora,20260908_v4_formal_imagenette_clip_vision_lora_s42,GPU-e8837b85-d55b-8e81-aaa5-ec1ac326932d,NVIDIA GeForce RTX 4090,[],18,joint,120,0.0026766210794448853,72.41897126287222,4.829715229570866,0.5699984356760979,77.82136154919863
imagenette,clip_vision_lora,20260908_v4_formal_imagenette_clip_vision_lora_s42,GPU-e8837b85-d55b-8e81-aaa5-ec1ac326932d,NVIDIA GeForce RTX 4090,[],19,joint,120,0.00244777649641037,70.6086822077632,4.825403578579426,1.2816674783825874,76.71820104122162
imagenette,clip_vision_lora,20260908_v4_formal_imagenette_clip_vision_lora_s42,GPU-e8837b85-d55b-8e81-aaa5-ec1ac326932d,NVIDIA GeForce RTX 4090,[],20,joint,120,0.00221417099237442,69.52352898567915,4.748428799211979,1.3444483205676079,75.61862027645111
imagenette,clip_vision_lora,20260908_v4_formal_imagenette_clip_vision_lora_s42,GPU-e8837b85-d55b-8e81-aaa5-ec1ac326932d,NVIDIA GeForce RTX 4090,[],21,joint,120,0.0023337751626968384,69.61625234037638,4.8675413355231285,1.1331902965903282,75.61931774765253
imagenette,clip_vision_lora,20260908_v4_formal_imagenette_clip_vision_lora_s42,GPU-e8837b85-d55b-8e81-aaa5-ec1ac326932d,NVIDIA GeForce RTX 4090,[],22,joint,120,0.002301640808582306,69.7661255672574,4.820798724889755,0.6694168820977211,75.25864281505346
imagenette,clip_vision_lora,20260908_v4_formal_imagenette_clip_vision_lora_s42,GPU-e8837b85-d55b-8e81-aaa5-ec1ac326932d,NVIDIA GeForce RTX 4090,[],23,joint,120,0.0025078952312469482,84.31465821713209,6.930867783725262,1.531222328543663,92.77925622463226
imagenette,clip_vision_lora,20260908_v4_formal_imagenette_clip_vision_lora_s42,GPU-e8837b85-d55b-8e81-aaa5-ec1ac326932d,NVIDIA GeForce RTX 4090,[],24,joint,120,0.0035382434725761414,103.7867867872119,7.599827401340008,1.6540093421936035,113.04416177421808
imagenette,clip_vision_lora,20260908_v4_formal_imagenette_clip_vision_lora_s42,GPU-e8837b85-d55b-8e81-aaa5-ec1ac326932d,NVIDIA GeForce RTX 4090,[],25,joint,120,0.003938555717468262,95.76622585952282,6.000590495765209,1.3251915201544762,103.09594643115997
imagenette,clip_vision_lora,20260908_v4_formal_imagenette_clip_vision_lora_s42,GPU-e8837b85-d55b-8e81-aaa5-ec1ac326932d,NVIDIA GeForce RTX 4090,[],26,joint,120,0.0025229603052139282,76.2188148200512,5.786212369799614,1.3822207003831863,83.38977085053921
imagenette,clip_vision_lora,20260908_v4_formal_imagenette_clip_vision_lora_s42,GPU-e8837b85-d55b-8e81-aaa5-ec1ac326932d,NVIDIA GeForce RTX 4090,[],27,joint,120,0.0026290640234947205,77.19379889965057,5.4927622973918915,0.7889480963349342,83.4781383574009
imagenette,clip_vision_lora,20260908_v4_formal_imagenette_clip_vision_lora_s42,GPU-e8837b85-d55b-8e81-aaa5-ec1ac326932d,NVIDIA GeForce RTX 4090,[],28,joint,120,0.0025074854493141174,75.96215829253197,5.776395618915558,0.7823587656021118,82.52342016249895
imagenette,clip_vision_lora,20260908_v4_formal_imagenette_clip_vision_lora_s42,GPU-e8837b85-d55b-8e81-aaa5-ec1ac326932d,NVIDIA GeForce RTX 4090,[],29,joint,120,0.002637244760990143,76.04954741150141,5.907191634178162,0.7646422311663628,82.72401852160692
imagenette,clip_vision_lora,20260908_v4_formal_imagenette_clip_vision_lora_s42,GPU-e8837b85-d55b-8e81-aaa5-ec1ac326932d,NVIDIA GeForce RTX 4090,[],30,joint,120,0.002588137984275818,77.65453916788101,10.99070842564106,0.7576634734869003,89.40549920499325
imagenette,qwen_vision_pooled_lora,20260908_v4_formal_imagenette_qwen_vision_pooled_lora_s42,GPU-e8837b85-d55b-8e81-aaa5-ec1ac326932d,NVIDIA GeForce RTX 4090,[],1,experts,120,0.003922447562217712,96.61452677845955,6.013353660702705,0.674247995018959,103.30605088174343
imagenette,qwen_vision_pooled_lora,20260908_v4_formal_imagenette_qwen_vision_pooled_lora_s42,GPU-e8837b85-d55b-8e81-aaa5-ec1ac326932d,NVIDIA GeForce RTX 4090,[],2,experts,120,0.0054923295974731445,97.74355866014957,5.888859771192074,1.4858514815568924,105.12376224249601
imagenette,qwen_vision_pooled_lora,20260908_v4_formal_imagenette_qwen_vision_pooled_lora_s42,GPU-e8837b85-d55b-8e81-aaa5-ec1ac326932d,NVIDIA GeForce RTX 4090,[],3,experts,120,0.004391327500343323,91.86563241481781,5.486829146742821,0.682282567024231,98.0391354560852
imagenette,qwen_vision_pooled_lora,20260908_v4_formal_imagenette_qwen_vision_pooled_lora_s42,GPU-e8837b85-d55b-8e81-aaa5-ec1ac326932d,NVIDIA GeForce RTX 4090,[],4,experts,120,0.004332065582275391,90.95137429237366,10.339220777153969,0.721938744187355,102.01686587929726
imagenette,qwen_vision_pooled_lora,20260908_v4_formal_imagenette_qwen_vision_pooled_lora_s42,GPU-e8837b85-d55b-8e81-aaa5-ec1ac326932d,NVIDIA GeForce RTX 4090,[],5,optics,120,0.004519514739513397,103.67378388345242,5.268887408077717,1.4514564350247383,110.39864724129438
imagenette,qwen_vision_pooled_lora,20260908_v4_formal_imagenette_qwen_vision_pooled_lora_s42,GPU-e8837b85-d55b-8e81-aaa5-ec1ac326932d,NVIDIA GeForce RTX 4090,[],6,optics,120,0.004401691257953644,104.02437943965197,5.114963918924332,0.7082857936620712,109.85203084349632
imagenette,qwen_vision_pooled_lora,20260908_v4_formal_imagenette_qwen_vision_pooled_lora_s42,GPU-e8837b85-d55b-8e81-aaa5-ec1ac326932d,NVIDIA GeForce RTX 4090,[],7,optics,120,0.004178211092948914,104.01815755665302,5.234311372041702,0.8237838745117188,110.08043101429939
imagenette,qwen_vision_pooled_lora,20260908_v4_formal_imagenette_qwen_vision_pooled_lora_s42,GPU-e8837b85-d55b-8e81-aaa5-ec1ac326932d,NVIDIA GeForce RTX 4090,[],8,optics,120,0.00443403422832489,103.96906441450119,5.3527931198477745,1.3726078867912292,110.69889945536852
imagenette,qwen_vision_pooled_lora,20260908_v4_formal_imagenette_qwen_vision_pooled_lora_s42,GPU-e8837b85-d55b-8e81-aaa5-ec1ac326932d,NVIDIA GeForce RTX 4090,[],9,optics,120,0.004330143332481384,105.19391924142838,5.563598871231079,0.7534947469830513,111.51534300297499
imagenette,qwen_vision_pooled_lora,20260908_v4_formal_imagenette_qwen_vision_pooled_lora_s42,GPU-e8837b85-d55b-8e81-aaa5-ec1ac326932d,NVIDIA GeForce RTX 4090,[],10,optics,120,0.004878930747509003,107.88796689361334,5.377730645239353,1.4291406199336052,114.6997170895338
imagenette,qwen_vision_pooled_lora,20260908_v4_formal_imagenette_qwen_vision_pooled_lora_s42,GPU-e8837b85-d55b-8e81-aaa5-ec1ac326932d,NVIDIA GeForce RTX 4090,[],11,optics,120,0.004455983638763428,108.66861529648304,5.474605463445187,0.764361135661602,114.91203787922859
imagenette,qwen_vision_pooled_lora,20260908_v4_formal_imagenette_qwen_vision_pooled_lora_s42,GPU-e8837b85-d55b-8e81-aaa5-ec1ac326932d,NVIDIA GeForce RTX 4090,[],12,optics,120,0.004510186612606049,118.30932849645615,13.125933088362217,0.7093794345855713,132.14915120601654
imagenette,qwen_vision_pooled_lora,20260908_v4_formal_imagenette_qwen_vision_pooled_lora_s42,GPU-e8837b85-d55b-8e81-aaa5-ec1ac326932d,NVIDIA GeForce RTX 4090,[],13,joint,120,0.003555893898010254,125.46351672708988,6.248965546488762,0.8363375961780548,132.5523757636547
imagenette,qwen_vision_pooled_lora,20260908_v4_formal_imagenette_qwen_vision_pooled_lora_s42,GPU-e8837b85-d55b-8e81-aaa5-ec1ac326932d,NVIDIA GeForce RTX 4090,[],14,joint,120,0.003173142671585083,125.74600475281477,7.025648258626461,1.0743316859006882,133.8491578400135
imagenette,qwen_vision_pooled_lora,20260908_v4_formal_imagenette_qwen_vision_pooled_lora_s42,GPU-e8837b85-d55b-8e81-aaa5-ec1ac326932d,NVIDIA GeForce RTX 4090,[],15,joint,120,0.003953561186790466,164.79959043860435,8.730995021760464,1.9563028663396835,175.4908418878913
imagenette,qwen_vision_pooled_lora,20260908_v4_formal_imagenette_qwen_vision_pooled_lora_s42,GPU-e8837b85-d55b-8e81-aaa5-ec1ac326932d,NVIDIA GeForce RTX 4090,[],16,joint,120,0.004028022289276123,164.46880672872066,8.381358444690704,2.109794296324253,174.9639874920249
imagenette,qwen_vision_pooled_lora,20260908_v4_formal_imagenette_qwen_vision_pooled_lora_s42,GPU-e8837b85-d55b-8e81-aaa5-ec1ac326932d,NVIDIA GeForce RTX 4090,[],17,joint,120,0.0040435343980789185,161.16664797067642,8.397977285087109,1.2010233476758003,170.7696921378374
imagenette,qwen_vision_pooled_lora,20260908_v4_formal_imagenette_qwen_vision_pooled_lora_s42,GPU-e8837b85-d55b-8e81-aaa5-ec1ac326932d,NVIDIA GeForce RTX 4090,[],18,joint,120,0.004139922559261322,163.60622040182352,7.773932635784149,1.1486068367958069,172.53289979696274
imagenette,qwen_vision_pooled_lora,20260908_v4_formal_imagenette_qwen_vision_pooled_lora_s42,GPU-e8837b85-d55b-8e81-aaa5-ec1ac326932d,NVIDIA GeForce RTX 4090,[],19,joint,120,0.00561145693063736,136.9787419438362,6.1444292068481445,1.940539464354515,145.0693220719695
imagenette,qwen_vision_pooled_lora,20260908_v4_formal_imagenette_qwen_vision_pooled_lora_s42,GPU-e8837b85-d55b-8e81-aaa5-ec1ac326932d,NVIDIA GeForce RTX 4090,[],20,joint,120,0.005103215575218201,124.87249640375376,6.776005253195763,1.9303660690784454,133.58397094160318
imagenette,qwen_vision_pooled_lora,20260908_v4_formal_imagenette_qwen_vision_pooled_lora_s42,GPU-e8837b85-d55b-8e81-aaa5-ec1ac326932d,NVIDIA GeForce RTX 4090,[],21,joint,120,0.003115817904472351,125.33101776242256,6.945700317621231,1.859768122434616,134.13960202038288
imagenette,qwen_vision_pooled_lora,20260908_v4_formal_imagenette_qwen_vision_pooled_lora_s42,GPU-e8837b85-d55b-8e81-aaa5-ec1ac326932d,NVIDIA GeForce RTX 4090,[],22,joint,120,0.0036007091403007507,124.64098658412695,6.501487836241722,0.930539071559906,132.07661420106888
imagenette,qwen_vision_pooled_lora,20260908_v4_formal_imagenette_qwen_vision_pooled_lora_s42,GPU-e8837b85-d55b-8e81-aaa5-ec1ac326932d,NVIDIA GeForce RTX 4090,[],23,joint,120,0.0029244720935821533,124.83136969059706,6.7250762060284615,1.01405768096447,132.57342804968357
imagenette,qwen_vision_pooled_lora,20260908_v4_formal_imagenette_qwen_vision_pooled_lora_s42,GPU-e8837b85-d55b-8e81-aaa5-ec1ac326932d,NVIDIA GeForce RTX 4090,[],24,joint,120,0.002876482903957367,125.08584515750408,6.556320585310459,1.9690240174531937,133.6140662431717
imagenette,qwen_vision_pooled_lora,20260908_v4_formal_imagenette_qwen_vision_pooled_lora_s42,GPU-e8837b85-d55b-8e81-aaa5-ec1ac326932d,NVIDIA GeForce RTX 4090,[],25,joint,120,0.0031372234225273132,125.31680984050035,6.273614749312401,1.8760380521416664,133.46959986537695
imagenette,qwen_vision_pooled_lora,20260908_v4_formal_imagenette_qwen_vision_pooled_lora_s42,GPU-e8837b85-d55b-8e81-aaa5-ec1ac326932d,NVIDIA GeForce RTX 4090,[],26,joint,120,0.0030127018690109253,126.17119564861059,6.538627423346043,1.023203767836094,133.73603954166174
imagenette,qwen_vision_pooled_lora,20260908_v4_formal_imagenette_qwen_vision_pooled_lora_s42,GPU-e8837b85-d55b-8e81-aaa5-ec1ac326932d,NVIDIA GeForce RTX 4090,[],27,joint,120,0.002986811101436615,125.28774327784777,6.841809839010239,1.021102286875248,133.1536422148347
imagenette,qwen_vision_pooled_lora,20260908_v4_formal_imagenette_qwen_vision_pooled_lora_s42,GPU-e8837b85-d55b-8e81-aaa5-ec1ac326932d,NVIDIA GeForce RTX 4090,[],28,joint,120,0.0028459355235099792,126.2005825638771,6.787468567490578,1.0255081728100777,134.01640523970127
imagenette,qwen_vision_pooled_lora,20260908_v4_formal_imagenette_qwen_vision_pooled_lora_s42,GPU-e8837b85-d55b-8e81-aaa5-ec1ac326932d,NVIDIA GeForce RTX 4090,[],29,joint,120,0.0032695233821868896,128.87862280011177,6.775083631277084,0.9647778049111366,136.62175375968218
imagenette,qwen_vision_pooled_lora,20260908_v4_formal_imagenette_qwen_vision_pooled_lora_s42,GPU-e8837b85-d55b-8e81-aaa5-ec1ac326932d,NVIDIA GeForce RTX 4090,[],30,joint,120,0.0027908533811569214,128.78628206253052,12.900720432400703,1.5328329876065254,143.2226263359189
imagenette,qwen_vision_lora,20260908_v4_formal_imagenette_qwen_vision_lora_s42,GPU-e8837b85-d55b-8e81-aaa5-ec1ac326932d,NVIDIA GeForce RTX 4090,"[3593969, 3614251, 3832278]",1,experts,120,0.004739336669445038,109.57843206077814,7.311664447188377,0.6925668194890022,117.58740266412497
imagenette,qwen_vision_lora,20260908_v4_formal_imagenette_qwen_vision_lora_s42,GPU-e8837b85-d55b-8e81-aaa5-ec1ac326932d,NVIDIA GeForce RTX 4090,"[3593969, 3614251, 3832278]",2,experts,120,0.004558674991130829,109.20608197152615,7.40045827627182,1.1697529032826424,117.78085182607174
imagenette,qwen_vision_lora,20260908_v4_formal_imagenette_qwen_vision_lora_s42,GPU-e8837b85-d55b-8e81-aaa5-ec1ac326932d,NVIDIA GeForce RTX 4090,"[3593969, 3614251, 3832278]",3,experts,120,0.0045449212193489075,112.95460962504148,15.812244303524494,1.6551784947514534,130.42657734453678
imagenette,qwen_vision_lora,20260908_v4_formal_imagenette_qwen_vision_lora_s42,GPU-e8837b85-d55b-8e81-aaa5-ec1ac326932d,NVIDIA GeForce RTX 4090,"[3593969, 3614251, 3832278]",4,experts,120,0.00763191282749176,165.79145415127277,29.10263578593731,0.6351839825510979,195.53690583258867
imagenette,qwen_vision_lora,20260908_v4_formal_imagenette_qwen_vision_lora_s42,GPU-e8837b85-d55b-8e81-aaa5-ec1ac326932d,NVIDIA GeForce RTX 4090,"[3593969, 3614251, 3832278]",5,optics,120,0.006012409925460815,176.8772135823965,15.382589876651764,0.7420468404889107,193.00786270946264
imagenette,qwen_vision_lora,20260908_v4_formal_imagenette_qwen_vision_lora_s42,GPU-e8837b85-d55b-8e81-aaa5-ec1ac326932d,NVIDIA GeForce RTX 4090,"[3593969, 3614251, 3832278]",6,optics,120,0.005177237093448639,175.4739758297801,15.421891085803509,1.3407041728496552,192.24174832552671
imagenette,qwen_vision_lora,20260908_v4_formal_imagenette_qwen_vision_lora_s42,GPU-e8837b85-d55b-8e81-aaa5-ec1ac326932d,NVIDIA GeForce RTX 4090,"[3593969, 3614251, 3832278]",7,optics,120,0.005028754472732544,177.98338151723146,15.289756327867508,1.2491361275315285,194.52730272710323
imagenette,qwen_vision_lora,20260908_v4_formal_imagenette_qwen_vision_lora_s42,GPU-e8837b85-d55b-8e81-aaa5-ec1ac326932d,NVIDIA GeForce RTX 4090,"[3593969, 3614251, 3832278]",8,optics,120,0.005914866924285889,142.7696607261896,6.565421000123024,1.4480747878551483,150.78907138109207
imagenette,qwen_vision_lora,20260908_v4_formal_imagenette_qwen_vision_lora_s42,GPU-e8837b85-d55b-8e81-aaa5-ec1ac326932d,NVIDIA GeForce RTX 4090,"[3593969, 3614251, 3832278]",9,optics,120,0.004900768399238586,126.75086487084627,6.935821995139122,0.6489252820611,134.34051291644573
imagenette,qwen_vision_lora,20260908_v4_formal_imagenette_qwen_vision_lora_s42,GPU-e8837b85-d55b-8e81-aaa5-ec1ac326932d,NVIDIA GeForce RTX 4090,"[3593969, 3614251, 3832278]",10,optics,120,0.004902109503746033,124.27647007256746,7.182418316602707,0.5885223671793938,132.0523128658533
imagenette,qwen_vision_lora,20260908_v4_formal_imagenette_qwen_vision_lora_s42,GPU-e8837b85-d55b-8e81-aaa5-ec1ac326932d,NVIDIA GeForce RTX 4090,"[3593969, 3614251, 3832278]",11,optics,120,0.006539203226566315,126.96114759147167,8.803007654845715,1.3632377237081528,137.1339321732521
imagenette,qwen_vision_lora,20260908_v4_formal_imagenette_qwen_vision_lora_s42,GPU-e8837b85-d55b-8e81-aaa5-ec1ac326932d,NVIDIA GeForce RTX 4090,"[3593969, 3614251, 3832278]",12,optics,120,0.005157187581062317,132.23308596014977,13.606161803007126,0.6789269149303436,146.5233318656683
imagenette,qwen_vision_lora,20260908_v4_formal_imagenette_qwen_vision_lora_s42,GPU-e8837b85-d55b-8e81-aaa5-ec1ac326932d,NVIDIA GeForce RTX 4090,"[3593969, 3614251, 3832278]",13,joint,120,0.0035464614629745483,144.77797984331846,7.426765963435173,0.8505157455801964,153.0588080137968
imagenette,qwen_vision_lora,20260908_v4_formal_imagenette_qwen_vision_lora_s42,GPU-e8837b85-d55b-8e81-aaa5-ec1ac326932d,NVIDIA GeForce RTX 4090,"[3593969, 3614251, 3832278]",14,joint,120,0.0031439289450645447,140.90844099223614,7.5993941351771355,0.6943855062127113,149.20536456257105
imagenette,qwen_vision_lora,20260908_v4_formal_imagenette_qwen_vision_lora_s42,GPU-e8837b85-d55b-8e81-aaa5-ec1ac326932d,NVIDIA GeForce RTX 4090,"[3593969, 3614251, 3832278]",15,joint,120,0.0030596330761909485,141.28003057092428,7.298590429127216,0.8332321718335152,149.4149128049612
imagenette,qwen_vision_lora,20260908_v4_formal_imagenette_qwen_vision_lora_s42,GPU-e8837b85-d55b-8e81-aaa5-ec1ac326932d,NVIDIA GeForce RTX 4090,"[3593969, 3614251, 3832278]",16,joint,120,0.003047175705432892,139.3653698414564,7.4185805991292,1.6300415471196175,148.41703916341066
imagenette,qwen_vision_lora,20260908_v4_formal_imagenette_qwen_vision_lora_s42,GPU-e8837b85-d55b-8e81-aaa5-ec1ac326932d,NVIDIA GeForce RTX 4090,"[3593969, 3614251, 3832278]",17,joint,120,0.0033949539065361023,140.5856528133154,7.43395783752203,0.8286982774734497,148.8517038822174
imagenette,qwen_vision_lora,20260908_v4_formal_imagenette_qwen_vision_lora_s42,GPU-e8837b85-d55b-8e81-aaa5-ec1ac326932d,NVIDIA GeForce RTX 4090,"[3593969, 3614251, 3832278]",18,joint,120,0.00319613516330719,186.80596508085728,16.053704991936684,0.872160866856575,203.73502707481384
imagenette,qwen_vision_lora,20260908_v4_formal_imagenette_qwen_vision_lora_s42,GPU-e8837b85-d55b-8e81-aaa5-ec1ac326932d,NVIDIA GeForce RTX 4090,"[3593969, 3614251, 3832278]",19,joint,120,0.0031308159232139587,195.7476348504424,16.412781827151775,1.810701496899128,213.97424899041653
imagenette,qwen_vision_lora,20260908_v4_formal_imagenette_qwen_vision_lora_s42,GPU-e8837b85-d55b-8e81-aaa5-ec1ac326932d,NVIDIA GeForce RTX 4090,"[3593969, 3614251, 3832278]",20,joint,120,0.00312245637178421,200.5646501481533,16.602415315806866,1.1371664479374886,218.30735436826944
imagenette,qwen_vision_lora,20260908_v4_formal_imagenette_qwen_vision_lora_s42,GPU-e8837b85-d55b-8e81-aaa5-ec1ac326932d,NVIDIA GeForce RTX 4090,"[3593969, 3614251, 3832278]",21,joint,120,0.004771523177623749,204.5457690730691,16.145541414618492,2.196119748055935,222.89220175892115
imagenette,qwen_vision_lora,20260908_v4_formal_imagenette_qwen_vision_lora_s42,GPU-e8837b85-d55b-8e81-aaa5-ec1ac326932d,NVIDIA GeForce RTX 4090,"[3593969, 3614251, 3832278]",22,joint,120,0.0035586655139923096,143.68222790956497,7.828578501939774,1.0581318363547325,152.57249691337347
imagenette,qwen_vision_lora,20260908_v4_formal_imagenette_qwen_vision_lora_s42,GPU-e8837b85-d55b-8e81-aaa5-ec1ac326932d,NVIDIA GeForce RTX 4090,"[3593969, 3614251, 3832278]",23,joint,120,0.003161691129207611,144.90013004094362,7.310488544404507,1.9189020842313766,154.1326823607087
imagenette,qwen_vision_lora,20260908_v4_formal_imagenette_qwen_vision_lora_s42,GPU-e8837b85-d55b-8e81-aaa5-ec1ac326932d,NVIDIA GeForce RTX 4090,"[3593969, 3614251, 3832278]",24,joint,120,0.0031417012214660645,143.69095823913813,7.340506032109261,0.9382958933711052,151.97290186583996
imagenette,qwen_vision_lora,20260908_v4_formal_imagenette_qwen_vision_lora_s42,GPU-e8837b85-d55b-8e81-aaa5-ec1ac326932d,NVIDIA GeForce RTX 4090,"[3593969, 3614251, 3832278]",25,joint,120,0.003098003566265106,139.81804088503122,7.13082954287529,1.7289083451032639,148.68087677657604
imagenette,qwen_vision_lora,20260908_v4_formal_imagenette_qwen_vision_lora_s42,GPU-e8837b85-d55b-8e81-aaa5-ec1ac326932d,NVIDIA GeForce RTX 4090,"[3593969, 3614251, 3832278]",26,joint,120,0.003246203064918518,136.51681527495384,6.620255179703236,0.9762649461627007,144.1165816038847
imagenette,qwen_vision_lora,20260908_v4_formal_imagenette_qwen_vision_lora_s42,GPU-e8837b85-d55b-8e81-aaa5-ec1ac326932d,NVIDIA GeForce RTX 4090,"[3593969, 3614251, 3832278]",27,joint,120,0.0032122135162353516,130.8800187408924,6.478622376918793,1.0146437138319016,138.37649704515934
imagenette,qwen_vision_lora,20260908_v4_formal_imagenette_qwen_vision_lora_s42,GPU-e8837b85-d55b-8e81-aaa5-ec1ac326932d,NVIDIA GeForce RTX 4090,"[3593969, 3614251, 3832278]",28,joint,120,0.004307709634304047,129.283693253994,6.566070817410946,1.013886921107769,136.867958702147
imagenette,qwen_vision_lora,20260908_v4_formal_imagenette_qwen_vision_lora_s42,GPU-e8837b85-d55b-8e81-aaa5-ec1ac326932d,NVIDIA GeForce RTX 4090,"[3593969, 3614251, 3832278]",29,joint,120,0.0028479620814323425,148.25544390827417,8.220123201608658,0.9083152785897255,157.386730350554
imagenette,qwen_vision_lora,20260908_v4_formal_imagenette_qwen_vision_lora_s42,GPU-e8837b85-d55b-8e81-aaa5-ec1ac326932d,NVIDIA GeForce RTX 4090,"[3593969, 3614251, 3832278]",30,joint,120,0.006071142852306366,138.3576873242855,14.664611093699932,0.978874571621418,154.00724413245916
imagenette,qwen_vision_global_lora,20260908_v4_formal_imagenette_qwen_vision_global_lora_s42,GPU-e8837b85-d55b-8e81-aaa5-ec1ac326932d,NVIDIA GeForce RTX 4090,[],1,experts,120,0.008028887212276459,121.62798066437244,7.7099936455488205,0.8536382168531418,130.19964141398668
imagenette,qwen_vision_global_lora,20260908_v4_formal_imagenette_qwen_vision_global_lora_s42,GPU-e8837b85-d55b-8e81-aaa5-ec1ac326932d,NVIDIA GeForce RTX 4090,[],2,experts,120,0.00791122019290924,110.37747266888618,7.370624870061874,1.768114186823368,119.52412294596434
imagenette,qwen_vision_global_lora,20260908_v4_formal_imagenette_qwen_vision_global_lora_s42,GPU-e8837b85-d55b-8e81-aaa5-ec1ac326932d,NVIDIA GeForce RTX 4090,[],3,experts,120,0.009871073067188263,114.76416644454002,7.565608449280262,1.5785413831472397,123.91818735003471
imagenette,qwen_vision_global_lora,20260908_v4_formal_imagenette_qwen_vision_global_lora_s42,GPU-e8837b85-d55b-8e81-aaa5-ec1ac326932d,NVIDIA GeForce RTX 4090,[],4,experts,120,0.006668299436569214,118.30336220562458,14.545621238648891,0.8357569649815559,133.6914087086916
imagenette,qwen_vision_global_lora,20260908_v4_formal_imagenette_qwen_vision_global_lora_s42,GPU-e8837b85-d55b-8e81-aaa5-ec1ac326932d,NVIDIA GeForce RTX 4090,[],5,optics,120,0.23240317404270172,139.327958881855,6.405043110251427,0.703592099249363,146.6689972653985
imagenette,qwen_vision_global_lora,20260908_v4_formal_imagenette_qwen_vision_global_lora_s42,GPU-e8837b85-d55b-8e81-aaa5-ec1ac326932d,NVIDIA GeForce RTX 4090,[],6,optics,120,0.00607232004404068,129.18548941612244,7.658061981201172,1.096863828599453,137.9464875459671
imagenette,qwen_vision_global_lora,20260908_v4_formal_imagenette_qwen_vision_global_lora_s42,GPU-e8837b85-d55b-8e81-aaa5-ec1ac326932d,NVIDIA GeForce RTX 4090,[],7,optics,120,0.008912868797779083,124.07759147882462,6.232954658567905,1.4492163807153702,131.76867538690567
imagenette,qwen_vision_global_lora,20260908_v4_formal_imagenette_qwen_vision_global_lora_s42,GPU-e8837b85-d55b-8e81-aaa5-ec1ac326932d,NVIDIA GeForce RTX 4090,[],8,optics,120,0.004706121981143951,121.66461157053709,6.501218199729919,0.8358456790447235,129.00638157129288
imagenette,qwen_vision_global_lora,20260908_v4_formal_imagenette_qwen_vision_global_lora_s42,GPU-e8837b85-d55b-8e81-aaa5-ec1ac326932d,NVIDIA GeForce RTX 4090,[],9,optics,120,0.005038104951381683,122.10018572956324,5.942422270774841,1.742248758673668,129.78989486396313
imagenette,qwen_vision_global_lora,20260908_v4_formal_imagenette_qwen_vision_global_lora_s42,GPU-e8837b85-d55b-8e81-aaa5-ec1ac326932d,NVIDIA GeForce RTX 4090,[],10,optics,120,0.0064104050397872925,122.23665668070316,6.34237589687109,0.6387488022446632,129.2241917848587
imagenette,qwen_vision_global_lora,20260908_v4_formal_imagenette_qwen_vision_global_lora_s42,GPU-e8837b85-d55b-8e81-aaa5-ec1ac326932d,NVIDIA GeForce RTX 4090,[],11,optics,120,0.004781760275363922,122.58075398206711,6.391543500125408,1.3704054728150368,130.34748471528292
imagenette,qwen_vision_global_lora,20260908_v4_formal_imagenette_qwen_vision_global_lora_s42,GPU-e8837b85-d55b-8e81-aaa5-ec1ac326932d,NVIDIA GeForce RTX 4090,[],12,optics,120,0.005333833396434784,121.55924436450005,13.394938997924328,0.7998919039964676,135.75940909981728
imagenette,qwen_vision_global_lora,20260908_v4_formal_imagenette_qwen_vision_global_lora_s42,GPU-e8837b85-d55b-8e81-aaa5-ec1ac326932d,NVIDIA GeForce RTX 4090,[],13,joint,120,0.0038889646530151367,129.21175011992455,6.237944819033146,0.7848484069108963,136.2384323105216
imagenette,qwen_vision_global_lora,20260908_v4_formal_imagenette_qwen_vision_global_lora_s42,GPU-e8837b85-d55b-8e81-aaa5-ec1ac326932d,NVIDIA GeForce RTX 4090,[],14,joint,120,0.003494471311569214,128.28713267296553,6.500381551682949,1.0032552480697632,135.7942639440298
imagenette,qwen_vision_global_lora,20260908_v4_formal_imagenette_qwen_vision_global_lora_s42,GPU-e8837b85-d55b-8e81-aaa5-ec1ac326932d,NVIDIA GeForce RTX 4090,[],15,joint,120,0.003243573009967804,126.06466131657362,6.518805049359798,1.000681884586811,133.5873918235302
imagenette,qwen_vision_global_lora,20260908_v4_formal_imagenette_qwen_vision_global_lora_s42,GPU-e8837b85-d55b-8e81-aaa5-ec1ac326932d,NVIDIA GeForce RTX 4090,[],16,joint,120,0.00326654314994812,126.38249622285366,6.198848679661751,1.857013963162899,134.44162540882826
imagenette,qwen_vision_global_lora,20260908_v4_formal_imagenette_qwen_vision_global_lora_s42,GPU-e8837b85-d55b-8e81-aaa5-ec1ac326932d,NVIDIA GeForce RTX 4090,[],17,joint,120,0.0031840652227401733,125.94990362226963,6.333578951656818,0.9792340025305748,133.26590064167976
imagenette,qwen_vision_global_lora,20260908_v4_formal_imagenette_qwen_vision_global_lora_s42,GPU-e8837b85-d55b-8e81-aaa5-ec1ac326932d,NVIDIA GeForce RTX 4090,[],18,joint,120,0.0032110661268234253,124.63929070532322,6.115990184247494,0.9219544902443886,131.68044644594193
imagenette,qwen_vision_global_lora,20260908_v4_formal_imagenette_qwen_vision_global_lora_s42,GPU-e8837b85-d55b-8e81-aaa5-ec1ac326932d,NVIDIA GeForce RTX 4090,[],19,joint,120,0.0028948262333869934,124.12368577718735,5.980016656219959,2.0785203501582146,132.1851176097989
imagenette,qwen_vision_global_lora,20260908_v4_formal_imagenette_qwen_vision_global_lora_s42,GPU-e8837b85-d55b-8e81-aaa5-ec1ac326932d,NVIDIA GeForce RTX 4090,[],20,joint,120,0.003425873816013336,125.69069127738476,6.55836770683527,1.0492936447262764,133.30177850276232
imagenette,qwen_vision_global_lora,20260908_v4_formal_imagenette_qwen_vision_global_lora_s42,GPU-e8837b85-d55b-8e81-aaa5-ec1ac326932d,NVIDIA GeForce RTX 4090,[],21,joint,120,0.004354372620582581,124.57380409538746,6.227544195950031,1.1331450045108795,131.93884766846895
imagenette,qwen_vision_global_lora,20260908_v4_formal_imagenette_qwen_vision_global_lora_s42,GPU-e8837b85-d55b-8e81-aaa5-ec1ac326932d,NVIDIA GeForce RTX 4090,[],22,joint,120,0.003296777606010437,126.20652881264687,6.603522032499313,1.1064752414822578,133.91982286423445
imagenette,qwen_vision_global_lora,20260908_v4_formal_imagenette_qwen_vision_global_lora_s42,GPU-e8837b85-d55b-8e81-aaa5-ec1ac326932d,NVIDIA GeForce RTX 4090,[],23,joint,120,0.002971760928630829,124.27764766663313,5.894557416439056,1.9659157544374466,132.14109259843826
imagenette,qwen_vision_global_lora,20260908_v4_formal_imagenette_qwen_vision_global_lora_s42,GPU-e8837b85-d55b-8e81-aaa5-ec1ac326932d,NVIDIA GeForce RTX 4090,[],24,joint,120,0.0030343756079673767,124.68701799213886,6.361137107014656,1.084520310163498,132.13570978492498
imagenette,qwen_vision_global_lora,20260908_v4_formal_imagenette_qwen_vision_global_lora_s42,GPU-e8837b85-d55b-8e81-aaa5-ec1ac326932d,NVIDIA GeForce RTX 4090,[],25,joint,120,0.002819359302520752,124.23031219094992,6.928101189434528,1.9926151558756828,133.15384789556265
imagenette,qwen_vision_global_lora,20260908_v4_formal_imagenette_qwen_vision_global_lora_s42,GPU-e8837b85-d55b-8e81-aaa5-ec1ac326932d,NVIDIA GeForce RTX 4090,[],26,joint,120,0.0028102993965148926,125.43988187611103,6.178214468061924,0.7938302531838417,132.4147368967533
imagenette,qwen_vision_global_lora,20260908_v4_formal_imagenette_qwen_vision_global_lora_s42,GPU-e8837b85-d55b-8e81-aaa5-ec1ac326932d,NVIDIA GeForce RTX 4090,[],27,joint,120,0.003618277609348297,125.6448151320219,6.0859614834189415,1.0169065818190575,132.75130147486925
imagenette,qwen_vision_global_lora,20260908_v4_formal_imagenette_qwen_vision_global_lora_s42,GPU-e8837b85-d55b-8e81-aaa5-ec1ac326932d,NVIDIA GeForce RTX 4090,[],28,joint,120,0.002912744879722595,123.78518071770668,5.92950714379549,1.0325570479035378,130.75015765428543
imagenette,qwen_vision_global_lora,20260908_v4_formal_imagenette_qwen_vision_global_lora_s42,GPU-e8837b85-d55b-8e81-aaa5-ec1ac326932d,NVIDIA GeForce RTX 4090,[],29,joint,120,0.0029547885060310364,121.776511490345,6.498546048998833,1.0170819386839867,129.29509426653385
imagenette,qwen_vision_global_lora,20260908_v4_formal_imagenette_qwen_vision_global_lora_s42,GPU-e8837b85-d55b-8e81-aaa5-ec1ac326932d,NVIDIA GeForce RTX 4090,[],30,joint,120,0.002897500991821289,121.23426918685436,12.119262650609016,1.0642559081315994,134.4206852465868
