sample_index,sample_id,target_mos,prediction,model_internal_cuda_ms,model_internal_synchronized_wall_ms,preprocessing_ms,sequence_length,selected_frame_positions,vision_block0_input_shape,language_block0_input_shape
0,"Gen-2/A baseball player swung the bat, preparing for a home run.mp4",58.81,66.4119873046875,408.8504333496094,409.00446474552155,443.55471432209015,446,"[10, 35, 60, 86]","[1568, 1024]","[1, 446, 2048]"
1,Gen-2/A bowl of hot soup is especially delicious on a cold winter day.mp4,77.02,72.88006591796875,79.12140655517578,79.19694483280182,469.1508561372757,446,"[10, 35, 60, 86]","[1568, 1024]","[1, 446, 2048]"
2,Gen-2/A bowl of ramen has delicious pork and seaweed.mp4,75.35,60.163326263427734,80.62054443359375,80.70141077041626,357.8684329986572,446,"[10, 35, 60, 86]","[1568, 1024]","[1, 446, 2048]"
3,Gen-2/A bowl of rich French onion soup emanates an enticing aroma.mp4,62.28,70.80535888671875,79.58834838867188,79.66236025094986,505.3832158446312,446,"[10, 35, 60, 86]","[1568, 1024]","[1, 446, 2048]"
4,Gen-2/A bowl of spicy Mexican chili is very delicious.mp4,63.83,60.339805603027344,79.22380828857422,79.29454743862152,465.60782939195633,446,"[10, 35, 60, 86]","[1568, 1024]","[1, 446, 2048]"
5,Gen-2/A butterfly gracefully dances among the flowers.mp4,70.45,73.71742248535156,79.5330581665039,79.60663735866547,427.5718256831169,446,"[10, 35, 60, 86]","[1568, 1024]","[1, 446, 2048]"
6,Gen-2/A cactus thrives in the harsh desert.mp4,77.02,66.12739562988281,78.89305877685547,78.96420359611511,530.3261056542397,446,"[10, 35, 60, 86]","[1568, 1024]","[1, 446, 2048]"
7,"Gen-2/A couple walks hand in hand on the beach, listening to the sound of the waves.mp4",62.28,72.9291000366211,79.4972152709961,79.56603169441223,389.85905051231384,446,"[10, 35, 60, 86]","[1568, 1024]","[1, 446, 2048]"
8,Gen-2/A cup of hot chocolate is fragrant.mp4,50.79,71.20063781738281,79.18182373046875,79.24795895814896,320.34317404031754,446,"[10, 35, 60, 86]","[1568, 1024]","[1, 446, 2048]"
9,Gen-2/A daffodil sways in the spring breeze.mp4,63.89,70.0340805053711,78.9012451171875,78.9743959903717,361.0174134373665,446,"[10, 35, 60, 86]","[1568, 1024]","[1, 446, 2048]"
10,Gen-2/A designer creates fashionable clothing designs.mp4,63.47,53.83970642089844,79.04972839355469,79.12036776542664,379.7127604484558,446,"[10, 35, 60, 86]","[1568, 1024]","[1, 446, 2048]"
11,Gen-2/A diver is exploring the underwater world under the coral reef.mp4,68.57,59.42292404174805,78.93196868896484,78.99942249059677,595.5066829919815,446,"[10, 35, 60, 86]","[1568, 1024]","[1, 446, 2048]"
12,Gen-2/A doctor cares for patients in the hospital.mp4,53.49,59.16114807128906,79.31903839111328,79.38991487026215,406.34170174598694,446,"[10, 35, 60, 86]","[1568, 1024]","[1, 446, 2048]"
13,Gen-2/A doctor is carefully examining a patient's body.mp4,62.19,69.37286376953125,78.887939453125,78.95725965499878,321.1260065436363,446,"[10, 35, 60, 86]","[1568, 1024]","[1, 446, 2048]"
14,Gen-2/A family goes to the movies on the weekend.mp4,61.93,66.29212951660156,79.38662719726562,79.45742458105087,534.1332852840424,446,"[10, 35, 60, 86]","[1568, 1024]","[1, 446, 2048]"
15,Gen-2/A field of dandelions lines the side of a rural road.mp4,75.49,59.95085144042969,78.90943908691406,78.97691428661346,546.2828576564789,446,"[10, 35, 60, 86]","[1568, 1024]","[1, 446, 2048]"
16,Gen-2/A golden field of wheat sways gently in the breeze.mp4,67.32,51.730804443359375,103.7998046875,103.86930406093597,421.47013545036316,446,"[10, 35, 60, 86]","[1568, 1024]","[1, 446, 2048]"
17,Gen-2/A group of villagers wash clothes by the stream.mp4,58.95,52.774166107177734,99.23072052001953,99.30796921253204,578.2569572329521,446,"[10, 35, 60, 86]","[1568, 1024]","[1, 446, 2048]"
18,Gen-2/A hippo leisurely floats in the water.mp4,73.7,70.76373291015625,79.0487060546875,79.12309467792511,421.80711030960083,446,"[10, 35, 60, 86]","[1568, 1024]","[1, 446, 2048]"
19,Gen-2/A kangaroo jumps across the Australian desert.mp4,63.75,72.29603576660156,79.71532440185547,79.78671044111252,331.69832080602646,446,"[10, 35, 60, 86]","[1568, 1024]","[1, 446, 2048]"
20,Gen-2/A lotus leaf floats on a serene pond.mp4,72.61,74.3482666015625,79.09478759765625,79.16408777236938,365.05603790283203,446,"[10, 35, 60, 86]","[1568, 1024]","[1, 446, 2048]"
21,Gen-2/A milkshake is garnished with fresh strawberries and cream.mp4,61.77,72.7127914428711,79.34156799316406,79.41217720508575,370.28051912784576,446,"[10, 35, 60, 86]","[1568, 1024]","[1, 446, 2048]"
22,Gen-2/A painter showcases their art on an outdoor gallery.mp4,73.84,59.24042510986328,79.76038360595703,79.82832938432693,409.9745824933052,446,"[10, 35, 60, 86]","[1568, 1024]","[1, 446, 2048]"
23,Gen-2/A peony blooms with snow-white petals.mp4,73.67,73.69451904296875,78.6196517944336,78.68774235248566,325.571246445179,446,"[10, 35, 60, 86]","[1568, 1024]","[1, 446, 2048]"
24,Gen-2/A pet owner walks their dog in the park.mp4,65.21,75.29080963134766,79.1910400390625,79.25999164581299,631.5910890698433,446,"[10, 35, 60, 86]","[1568, 1024]","[1, 446, 2048]"
25,Gen-2/A photographer captures the neon lights of the city.mp4,70.45,70.90280151367188,78.69132995605469,78.75898480415344,426.37309432029724,446,"[10, 35, 60, 86]","[1568, 1024]","[1, 446, 2048]"
26,Gen-2/A piece of French bread is spread with butter.mp4,60.85,68.97319793701172,79.11526489257812,79.18331027030945,422.41547256708145,446,"[10, 35, 60, 86]","[1568, 1024]","[1, 446, 2048]"
27,Gen-2/A piece of cheesecake is covered with blueberry sauce.mp4,70.42,72.22647094726562,62.095359802246094,62.15076148509979,382.4188709259033,446,"[10, 35, 60, 86]","[1568, 1024]","[1, 446, 2048]"
28,Gen-2/A pizza is topped with Italian sausage and mushrooms.mp4,77.02,73.187744140625,102.37439727783203,102.44783759117126,517.2740146517754,446,"[10, 35, 60, 86]","[1568, 1024]","[1, 446, 2048]"
29,Gen-2/A purple bellflower opens in the sunlight.mp4,75.49,72.12488555908203,81.438720703125,81.51774108409882,376.4265775680542,446,"[10, 35, 60, 86]","[1568, 1024]","[1, 446, 2048]"
30,Gen-2/A roasted cod fish is garnished with fresh herbs.mp4,57.5,68.96698760986328,93.0508804321289,93.1224375963211,569.1247954964638,446,"[10, 35, 60, 86]","[1568, 1024]","[1, 446, 2048]"
31,Gen-2/A roasted salmon is presented on a plate.mp4,75.27,73.27294158935547,79.82899475097656,79.89441603422165,458.8357210159302,446,"[10, 35, 60, 86]","[1568, 1024]","[1, 446, 2048]"
32,Gen-2/A salad is sprinkled with nuts and fruits.mp4,63.66,65.14557647705078,79.783935546875,79.85267788171768,551.7929345369339,446,"[10, 35, 60, 86]","[1568, 1024]","[1, 446, 2048]"
33,Gen-2/A sausage is grilled slightly crispy on the barbecue.mp4,68.79,71.88650512695312,79.6262435913086,79.69286292791367,463.66383135318756,446,"[10, 35, 60, 86]","[1568, 1024]","[1, 446, 2048]"
34,Gen-2/A skier enjoys the thrill of skiing on a snowy mountain.mp4,62.23,66.7444076538086,79.00774383544922,79.077810049057,383.44234228134155,446,"[10, 35, 60, 86]","[1568, 1024]","[1, 446, 2048]"
35,Gen-2/A slice of French chocolate mousse cake brings sweet delight.mp4,71.95,67.21414184570312,79.889404296875,79.98881489038467,329.9032375216484,446,"[10, 35, 60, 86]","[1568, 1024]","[1, 446, 2048]"
36,Gen-2/A tennis player elegantly slid on the grass court.mp4,62.19,70.6138916015625,79.24940490722656,79.31866496801376,386.85110211372375,446,"[10, 35, 60, 86]","[1568, 1024]","[1, 446, 2048]"
37,Gen-2/A tennis player made spectacular plays at the net.mp4,40.48,54.971343994140625,79.20230102539062,79.26886528730392,418.97544264793396,446,"[10, 35, 60, 86]","[1568, 1024]","[1, 446, 2048]"
38,Gen-2/A thin pancake is spread with butter and maple syrup.mp4,68.48,69.60980224609375,78.51725006103516,78.58456671237946,335.57452261447906,446,"[10, 35, 60, 86]","[1568, 1024]","[1, 446, 2048]"
39,Gen-2/A water skier created splashes on the lake.mp4,67.2,69.16490173339844,79.425537109375,79.49434965848923,469.1579341888428,446,"[10, 35, 60, 86]","[1568, 1024]","[1, 446, 2048]"
40,"Gen-2/A waterfall cascades gracefully, resembling a silver thread.mp4",70.36,71.56390380859375,78.9032974243164,78.98364216089249,596.3080525398254,446,"[10, 35, 60, 86]","[1568, 1024]","[1, 446, 2048]"
41,Gen-2/A wheat field sways gracefully in the gentle breeze.mp4,73.74,64.23428344726562,79.531005859375,79.60408180952072,459.55950766801834,446,"[10, 35, 60, 86]","[1568, 1024]","[1, 446, 2048]"
42,Gen-2/A white orchid grows in a potted plant.mp4,53.52,49.532249450683594,78.8111343383789,78.87988537549973,300.83849281072617,446,"[10, 35, 60, 86]","[1568, 1024]","[1, 446, 2048]"
43,"Gen-2/A writer sits at a desk, crafting a new novel.mp4",73.33,61.67497253417969,78.30323028564453,78.36738228797913,475.5608141422272,446,"[10, 35, 60, 86]","[1568, 1024]","[1, 446, 2048]"
44,Gen-2/An adorable little cat is napping on the windowsill.mp4,68.72,73.79135131835938,82.07564544677734,82.15468376874924,386.49874925613403,446,"[10, 35, 60, 86]","[1568, 1024]","[1, 446, 2048]"
45,Gen-2/An ancient church is a landmark in the village.mp4,77.02,68.80227661132812,78.74765014648438,78.81971448659897,666.6100099682808,446,"[10, 35, 60, 86]","[1568, 1024]","[1, 446, 2048]"
46,Gen-2/An explorer searches for adventure in the forest.mp4,72.04,58.86771011352539,64.49356842041016,64.59609419107437,638.9234811067581,446,"[10, 35, 60, 86]","[1568, 1024]","[1, 446, 2048]"
47,Gen-2/An orchid blooms with deep purple flowers.mp4,71.96,72.602294921875,78.59814453125,78.66477221250534,346.7309847474098,446,"[10, 35, 60, 86]","[1568, 1024]","[1, 446, 2048]"
48,"Gen-2/Blue skies and fluffy clouds, ever-changing shapes like poetry.mp4",77.02,69.19033813476562,99.4334716796875,99.50880706310272,377.02489644289017,446,"[10, 35, 60, 86]","[1568, 1024]","[1, 446, 2048]"
49,Gen-2/Cherry trees in the orchard are filled with red fruit.mp4,57.36,64.04307556152344,81.19500732421875,81.27134293317795,816.2157535552979,446,"[10, 35, 60, 86]","[1568, 1024]","[1, 446, 2048]"
50,Gen-2/Children dig sandcastles on the beach.mp4,53.94,45.41897201538086,65.16633605957031,65.22303074598312,383.97035002708435,446,"[10, 35, 60, 86]","[1568, 1024]","[1, 446, 2048]"
51,Gen-2/Crocodiles swim leisurely in the lake.mp4,62.01,62.531333923339844,78.84697723388672,78.91612499952316,472.1979796886444,446,"[10, 35, 60, 86]","[1568, 1024]","[1, 446, 2048]"
52,Gen-2/Great white sharks swim majestically in the depths of the ocean.mp4,67.01,65.33708190917969,79.60985565185547,79.67723906040192,335.6376439332962,446,"[10, 35, 60, 86]","[1568, 1024]","[1, 446, 2048]"
53,"Gen-2/In a rugby match, players vied for possession of the rugby ball.mp4",60.89,65.19889068603516,79.23404693603516,79.30263131856918,589.1423150897026,446,"[10, 35, 60, 86]","[1568, 1024]","[1, 446, 2048]"
54,"Gen-2/In front of a farmhouse, there is a swing.mp4",67.19,64.93047332763672,78.99545288085938,79.06698435544968,543.9571738243103,446,"[10, 35, 60, 86]","[1568, 1024]","[1, 446, 2048]"
55,Gen-2/Military aircraft are neatly lined up on the military base.mp4,55.77,55.55576705932617,62.0840950012207,62.14118003845215,458.1507071852684,446,"[10, 35, 60, 86]","[1568, 1024]","[1, 446, 2048]"
56,Gen-2/Parents pick up students at the bus stop.mp4,63.86,57.700157165527344,99.32697296142578,99.39993917942047,509.8668411374092,446,"[10, 35, 60, 86]","[1568, 1024]","[1, 446, 2048]"
57,Gen-2/People sunbathe on the lawn.mp4,51.1,72.08055114746094,99.42015838623047,99.4933769106865,498.8836273550987,446,"[10, 35, 60, 86]","[1568, 1024]","[1, 446, 2048]"
58,Gen-2/People taking a leisurely walk admire the lake view.mp4,57.42,68.77024841308594,80.85913848876953,80.93342930078506,573.4950006008148,446,"[10, 35, 60, 86]","[1568, 1024]","[1, 446, 2048]"
59,"Gen-2/Plateaus surrounding lakes, embraced by peaceful and harmonious mountains.mp4",77.02,70.63487243652344,79.68870544433594,79.77407425642014,392.9119482636452,446,"[10, 35, 60, 86]","[1568, 1024]","[1, 446, 2048]"
60,Gen-2/Purple lavender grows in the field.mp4,71.86,60.30644989013672,79.19308471679688,79.26273345947266,389.9654448032379,446,"[10, 35, 60, 86]","[1568, 1024]","[1, 446, 2048]"
61,Gen-2/Sharks dart through the water.mp4,54.27,67.66342163085938,78.5059814453125,78.59912514686584,480.0868257880211,446,"[10, 35, 60, 86]","[1568, 1024]","[1, 446, 2048]"
62,Gen-2/Soldiers are setting up tents in the camp.mp4,73.96,52.40898895263672,79.03948974609375,79.10792529582977,497.2061440348625,446,"[10, 35, 60, 86]","[1568, 1024]","[1, 446, 2048]"
63,Gen-2/Students and teachers discuss topics in the classroom.mp4,77.02,55.69245147705078,79.40914916992188,79.47748899459839,413.0047410726547,446,"[10, 35, 60, 86]","[1568, 1024]","[1, 446, 2048]"
64,Gen-2/Students create exquisite artwork in art class.mp4,71.95,59.25151062011719,81.98655700683594,82.05481618642807,358.3027943968773,446,"[10, 35, 60, 86]","[1568, 1024]","[1, 446, 2048]"
65,Gen-2/Students enjoy tasty sandwiches in the cafeteria.mp4,67.32,66.51995849609375,78.89612579345703,78.96805554628372,425.5208224058151,446,"[10, 35, 60, 86]","[1568, 1024]","[1, 446, 2048]"
66,"Gen-2/Students enjoy their time on campus, full of youthful energy.mp4",67.13,72.79188537597656,79.75730895996094,79.82518523931503,425.96127837896347,446,"[10, 35, 60, 86]","[1568, 1024]","[1, 446, 2048]"
67,"Gen-2/Students line up in the cafeteria, waiting for lunch.mp4",73.83,70.25670623779297,79.17772674560547,79.24521714448929,488.87021094560623,446,"[10, 35, 60, 86]","[1568, 1024]","[1, 446, 2048]"
68,Gen-2/Students participate in celebration ceremonies in the school courtyard.mp4,57.03,63.28538513183594,79.40096282958984,79.4689729809761,445.27312368154526,446,"[10, 35, 60, 86]","[1568, 1024]","[1, 446, 2048]"
69,Gen-2/Students program in the computer lab.mp4,65.91,48.488224029541016,79.00569915771484,79.07625287771225,395.40761709213257,446,"[10, 35, 60, 86]","[1568, 1024]","[1, 446, 2048]"
70,Gen-2/Students savor delicious soups in the cafeteria.mp4,62.32,60.90472412109375,78.90739440917969,78.97680252790451,474.76808726787567,446,"[10, 35, 60, 86]","[1568, 1024]","[1, 446, 2048]"
71,Gen-2/Sunflowers stand tall in a field.mp4,58.83,52.33287048339844,80.84992218017578,80.92672377824783,510.04011929035187,446,"[10, 35, 60, 86]","[1568, 1024]","[1, 446, 2048]"
72,Gen-2/Sunlight is streaming through the leaves onto the grass.mp4,73.55,66.91410827636719,87.95340728759766,88.03385496139526,501.36733800172806,446,"[10, 35, 60, 86]","[1568, 1024]","[1, 446, 2048]"
73,Gen-2/Swallows soar in the air.mp4,63.56,61.728302001953125,78.64320373535156,78.7157267332077,228.07590663433075,446,"[10, 35, 60, 86]","[1568, 1024]","[1, 446, 2048]"
74,Gen-2/Teenage skateboarders perform tricks by the pond.mp4,58.87,70.68482208251953,79.24224090576172,79.31379973888397,408.51978957653046,446,"[10, 35, 60, 86]","[1568, 1024]","[1, 446, 2048]"
75,"Gen-2/The campus has colorful gardens, full of vitality.mp4",67.07,66.80708312988281,78.65241241455078,78.72101664543152,667.0699194073677,446,"[10, 35, 60, 86]","[1568, 1024]","[1, 446, 2048]"
76,Gen-2/The commander is strategizing in front of a map.mp4,58.73,59.768592834472656,79.03743743896484,79.10637557506561,390.8228501677513,446,"[10, 35, 60, 86]","[1568, 1024]","[1, 446, 2048]"
77,Gen-2/The crickets chirped merrily in the summer night.mp4,60.47,71.70552062988281,80.78540802001953,80.86109906435013,405.34617006778717,446,"[10, 35, 60, 86]","[1568, 1024]","[1, 446, 2048]"
78,Gen-2/The leaves of a purple-leaf plum tree turn deep purple.mp4,55.68,72.99189758300781,79.63238525390625,79.69889044761658,372.7935776114464,446,"[10, 35, 60, 86]","[1568, 1024]","[1, 446, 2048]"
79,Gen-2/The lion roars majestically on the grassland.mp4,72.83,73.54962921142578,79.25555419921875,79.32773977518082,487.6231551170349,446,"[10, 35, 60, 86]","[1568, 1024]","[1, 446, 2048]"
80,Gen-2/The parrot chirped in the treetops.mp4,70.42,68.72161102294922,79.65593719482422,79.72779870033264,461.45693212747574,446,"[10, 35, 60, 86]","[1568, 1024]","[1, 446, 2048]"
81,Gen-2/The roof of a farmhouse is covered in moss.mp4,70.09,72.53253173828125,79.604736328125,79.67095822095871,758.099764585495,446,"[10, 35, 60, 86]","[1568, 1024]","[1, 446, 2048]"
82,Gen-2/The rural stream serves as the water source for villagers.mp4,75.15,70.26322174072266,79.3671646118164,79.43689823150635,899.7507244348526,446,"[10, 35, 60, 86]","[1568, 1024]","[1, 446, 2048]"
83,Gen-2/The school auditorium is decorated with festive decorations.mp4,73.6,65.9643325805664,79.07839965820312,79.14663106203079,577.254094183445,446,"[10, 35, 60, 86]","[1568, 1024]","[1, 446, 2048]"
84,Gen-2/The seahorse swayed slowly on the sea floor.mp4,63.73,62.807884216308594,80.30003356933594,80.37219196557999,418.25951635837555,446,"[10, 35, 60, 86]","[1568, 1024]","[1, 446, 2048]"
85,Gen-2/There are boats on the park lake.mp4,75.35,72.99396514892578,79.40505981445312,79.49141412973404,527.3023471236229,446,"[10, 35, 60, 86]","[1568, 1024]","[1, 446, 2048]"
86,Gen-2/There's a drum and guitar in the music classroom.mp4,73.89,69.16886901855469,80.98611450195312,81.06394857168198,395.34856379032135,446,"[10, 35, 60, 86]","[1568, 1024]","[1, 446, 2048]"
87,"Gen-2/Unique desert landscapes, with dunes sculpted by the wind.mp4",77.02,73.05516052246094,79.07020568847656,79.14095371961594,528.0218049883842,446,"[10, 35, 60, 86]","[1568, 1024]","[1, 446, 2048]"
88,Gen-2/Various fruit trees grow in the countryside.mp4,68.82,66.49739074707031,79.2647705078125,79.33677732944489,710.2389112114906,446,"[10, 35, 60, 86]","[1568, 1024]","[1, 446, 2048]"
89,Gen-2/Vendors at the market display fresh fruits and vegetables.mp4,58.7,49.728973388671875,81.32710266113281,81.40283823013306,498.26308339834213,446,"[10, 35, 60, 86]","[1568, 1024]","[1, 446, 2048]"
90,Gen-2/Visitors get information at the park's visitor center.mp4,60.76,69.65408325195312,84.4800033569336,84.55662429332733,633.1305205821991,446,"[10, 35, 60, 86]","[1568, 1024]","[1, 446, 2048]"
91,"Gen-2/Wandering through a forest path, surrounded by emerald greenery.mp4",65.37,71.25203704833984,79.95597076416016,80.03740012645721,879.2824372649193,446,"[10, 35, 60, 86]","[1568, 1024]","[1, 446, 2048]"
92,"Gen-2/Willow trees by the river, swaying gently in the calming breeze.mp4",73.6,64.63053894042969,101.91462707519531,101.99600458145142,709.8973318934441,446,"[10, 35, 60, 86]","[1568, 1024]","[1, 446, 2048]"
93,"Hotshot-XL/A baseball player swung the bat, preparing for a home run.mp4",37.35,47.51195526123047,99.79801940917969,99.86996650695801,157.86858648061752,446,"[1, 3, 4, 6]","[1568, 1024]","[1, 446, 2048]"
94,Hotshot-XL/A bowl of hot soup is especially delicious on a cold winter day.mp4,42.55,38.78480911254883,99.47135925292969,99.54402595758438,70.12441754341125,446,"[1, 3, 4, 6]","[1568, 1024]","[1, 446, 2048]"
95,Hotshot-XL/A bowl of ramen has delicious pork and seaweed.mp4,57.58,52.991676330566406,99.67411041259766,99.74455833435059,87.97316253185272,446,"[1, 3, 4, 6]","[1568, 1024]","[1, 446, 2048]"
96,Hotshot-XL/A bowl of rich French onion soup emanates an enticing aroma.mp4,47.15,53.407470703125,103.79776000976562,103.87136042118073,69.69151645898819,446,"[1, 3, 4, 6]","[1568, 1024]","[1, 446, 2048]"
97,Hotshot-XL/A bowl of spicy Mexican chili is very delicious.mp4,65.35,52.81558609008789,79.2647705078125,79.33078706264496,139.3594741821289,446,"[1, 3, 4, 6]","[1568, 1024]","[1, 446, 2048]"
98,Hotshot-XL/A butterfly gracefully dances among the flowers.mp4,47.27,58.439796447753906,79.83001708984375,79.8976793885231,116.05498939752579,446,"[1, 3, 4, 6]","[1568, 1024]","[1, 446, 2048]"
99,Hotshot-XL/A cactus thrives in the harsh desert.mp4,54.14,52.54030990600586,100.45951843261719,100.53009539842606,156.92970901727676,446,"[1, 3, 4, 6]","[1568, 1024]","[1, 446, 2048]"
100,"Hotshot-XL/A couple walks hand in hand on the beach, listening to the sound of the waves.mp4",47.17,51.4014892578125,80.1269760131836,80.19516617059708,89.90251272916794,446,"[1, 3, 4, 6]","[1568, 1024]","[1, 446, 2048]"
101,Hotshot-XL/A cup of hot chocolate is fragrant.mp4,60.17,55.81172180175781,79.34873962402344,79.44322377443314,67.2144889831543,446,"[1, 3, 4, 6]","[1568, 1024]","[1, 446, 2048]"
102,Hotshot-XL/A daffodil sways in the spring breeze.mp4,38.78,54.162776947021484,80.3614730834961,80.42925596237183,65.54703414440155,446,"[1, 3, 4, 6]","[1568, 1024]","[1, 446, 2048]"
103,Hotshot-XL/A designer creates fashionable clothing designs.mp4,60.36,51.52544021606445,78.42406463623047,78.50876450538635,74.20414686203003,446,"[1, 3, 4, 6]","[1568, 1024]","[1, 446, 2048]"
104,Hotshot-XL/A diver is exploring the underwater world under the coral reef.mp4,50.78,48.9296760559082,58.034175872802734,58.09071660041809,187.3018741607666,446,"[1, 3, 4, 6]","[1568, 1024]","[1, 446, 2048]"
105,Hotshot-XL/A doctor cares for patients in the hospital.mp4,32.51,54.677608489990234,77.4993896484375,77.565036714077,81.08442276716232,446,"[1, 3, 4, 6]","[1568, 1024]","[1, 446, 2048]"
106,Hotshot-XL/A doctor is carefully examining a patient's body.mp4,45.66,51.80255126953125,76.8511962890625,76.91676169633865,73.23212176561356,446,"[1, 3, 4, 6]","[1568, 1024]","[1, 446, 2048]"
107,Hotshot-XL/A family goes to the movies on the weekend.mp4,40.75,44.20543670654297,76.91571044921875,76.98097079992294,68.29784065485,446,"[1, 3, 4, 6]","[1568, 1024]","[1, 446, 2048]"
108,Hotshot-XL/A field of dandelions lines the side of a rural road.mp4,52.44,57.26696014404297,77.16966247558594,77.24432647228241,219.12917494773865,446,"[1, 3, 4, 6]","[1568, 1024]","[1, 446, 2048]"
109,Hotshot-XL/A golden field of wheat sways gently in the breeze.mp4,47.66,60.19859313964844,76.79180908203125,76.8628939986229,236.16866022348404,446,"[1, 3, 4, 6]","[1568, 1024]","[1, 446, 2048]"
110,Hotshot-XL/A group of villagers wash clothes by the stream.mp4,47.4,42.682151794433594,78.60940551757812,78.68147641420364,186.81028485298157,446,"[1, 3, 4, 6]","[1568, 1024]","[1, 446, 2048]"
111,Hotshot-XL/A hippo leisurely floats in the water.mp4,50.89,59.37408447265625,76.7989730834961,76.86471194028854,98.51179271936417,446,"[1, 3, 4, 6]","[1568, 1024]","[1, 446, 2048]"
112,Hotshot-XL/A kangaroo jumps across the Australian desert.mp4,47.5,46.23685836791992,78.87564849853516,78.95330339670181,130.54481148719788,446,"[1, 3, 4, 6]","[1568, 1024]","[1, 446, 2048]"
113,Hotshot-XL/A lotus leaf floats on a serene pond.mp4,57.16,51.61751937866211,76.65459442138672,76.72084867954254,86.50428801774979,446,"[1, 3, 4, 6]","[1568, 1024]","[1, 446, 2048]"
114,Hotshot-XL/A milkshake is garnished with fresh strawberries and cream.mp4,54.11,58.6868896484375,80.68710327148438,80.75623214244843,56.516505777835846,446,"[1, 3, 4, 6]","[1568, 1024]","[1, 446, 2048]"
115,Hotshot-XL/A painter showcases their art on an outdoor gallery.mp4,45.76,43.82698059082031,79.5647964477539,79.63016629219055,168.0573672056198,446,"[1, 3, 4, 6]","[1568, 1024]","[1, 446, 2048]"
116,Hotshot-XL/A peony blooms with snow-white petals.mp4,55.51,60.134178161621094,79.09171295166016,79.16050404310226,52.27912962436676,446,"[1, 3, 4, 6]","[1568, 1024]","[1, 446, 2048]"
117,Hotshot-XL/A pet owner walks their dog in the park.mp4,63.62,50.54094696044922,79.7286376953125,79.79702949523926,191.9785961508751,446,"[1, 3, 4, 6]","[1568, 1024]","[1, 446, 2048]"
118,Hotshot-XL/A photographer captures the neon lights of the city.mp4,40.72,41.5999755859375,79.20230102539062,79.26975190639496,68.51919740438461,446,"[1, 3, 4, 6]","[1568, 1024]","[1, 446, 2048]"
119,Hotshot-XL/A piece of French bread is spread with butter.mp4,67.01,47.7752685546875,79.25043487548828,79.31553572416306,75.08806884288788,446,"[1, 3, 4, 6]","[1568, 1024]","[1, 446, 2048]"
120,Hotshot-XL/A piece of cheesecake is covered with blueberry sauce.mp4,65.41,58.73626708984375,79.03641510009766,79.10174876451492,75.55132359266281,446,"[1, 3, 4, 6]","[1568, 1024]","[1, 446, 2048]"
121,Hotshot-XL/A pizza is topped with Italian sausage and mushrooms.mp4,57.48,56.88578796386719,77.85779571533203,77.92656123638153,171.241395175457,446,"[1, 3, 4, 6]","[1568, 1024]","[1, 446, 2048]"
122,Hotshot-XL/A purple bellflower opens in the sunlight.mp4,45.97,57.35321044921875,77.27104187011719,77.33860611915588,124.53453987836838,446,"[1, 3, 4, 6]","[1568, 1024]","[1, 446, 2048]"
123,Hotshot-XL/A roasted cod fish is garnished with fresh herbs.mp4,62.1,60.093441009521484,77.51168060302734,77.5815099477768,138.29977065324783,446,"[1, 3, 4, 6]","[1568, 1024]","[1, 446, 2048]"
124,Hotshot-XL/A roasted salmon is presented on a plate.mp4,65.7,56.62145233154297,78.79065704345703,78.85834574699402,81.70844614505768,446,"[1, 3, 4, 6]","[1568, 1024]","[1, 446, 2048]"
125,Hotshot-XL/A salad is sprinkled with nuts and fruits.mp4,50.86,57.57284927368164,81.96915435791016,82.03929662704468,97.8485494852066,446,"[1, 3, 4, 6]","[1568, 1024]","[1, 446, 2048]"
126,Hotshot-XL/A sausage is grilled slightly crispy on the barbecue.mp4,65.36,58.901859283447266,76.79488372802734,76.85751467943192,138.23441416025162,446,"[1, 3, 4, 6]","[1568, 1024]","[1, 446, 2048]"
127,Hotshot-XL/A skier enjoys the thrill of skiing on a snowy mountain.mp4,49.22,54.447265625,76.801025390625,76.87798142433167,75.6772831082344,446,"[1, 3, 4, 6]","[1568, 1024]","[1, 446, 2048]"
128,Hotshot-XL/A slice of French chocolate mousse cake brings sweet delight.mp4,47.51,47.93738555908203,76.50611114501953,76.57437771558762,93.44194084405899,446,"[1, 3, 4, 6]","[1568, 1024]","[1, 446, 2048]"
129,Hotshot-XL/A tennis player elegantly slid on the grass court.mp4,29.5,44.712440490722656,79.47264099121094,79.54110205173492,55.10934442281723,446,"[1, 3, 4, 6]","[1568, 1024]","[1, 446, 2048]"
130,Hotshot-XL/A tennis player made spectacular plays at the net.mp4,38.9,48.382293701171875,77.16556549072266,77.23281532526016,78.98278534412384,446,"[1, 3, 4, 6]","[1568, 1024]","[1, 446, 2048]"
131,Hotshot-XL/A thin pancake is spread with butter and maple syrup.mp4,49.16,60.45976257324219,83.08735656738281,83.15622806549072,111.61579191684723,446,"[1, 3, 4, 6]","[1568, 1024]","[1, 446, 2048]"
132,Hotshot-XL/A water skier created splashes on the lake.mp4,54.12,50.214012145996094,79.32415771484375,79.39022779464722,93.18925440311432,446,"[1, 3, 4, 6]","[1568, 1024]","[1, 446, 2048]"
133,"Hotshot-XL/A waterfall cascades gracefully, resembling a silver thread.mp4",49.32,47.94284439086914,79.48185729980469,79.54830676317215,193.66921484470367,446,"[1, 3, 4, 6]","[1568, 1024]","[1, 446, 2048]"
134,Hotshot-XL/A wheat field sways gracefully in the gentle breeze.mp4,62.17,60.68397521972656,79.63545227050781,79.70558106899261,114.09780383110046,446,"[1, 3, 4, 6]","[1568, 1024]","[1, 446, 2048]"
135,Hotshot-XL/A white orchid grows in a potted plant.mp4,58.83,64.32211303710938,79.0466537475586,79.11279797554016,81.20223134756088,446,"[1, 3, 4, 6]","[1568, 1024]","[1, 446, 2048]"
136,"Hotshot-XL/A writer sits at a desk, crafting a new novel.mp4",50.44,57.4709358215332,79.05280303955078,79.1231170296669,79.68786358833313,446,"[1, 3, 4, 6]","[1568, 1024]","[1, 446, 2048]"
137,Hotshot-XL/An adorable little cat is napping on the windowsill.mp4,65.45,61.23125076293945,80.3583984375,80.43142408132553,79.64804023504257,446,"[1, 3, 4, 6]","[1568, 1024]","[1, 446, 2048]"
138,Hotshot-XL/An ancient church is a landmark in the village.mp4,44.16,51.46815490722656,78.04518127441406,78.12560349702835,211.2627699971199,446,"[1, 3, 4, 6]","[1568, 1024]","[1, 446, 2048]"
139,Hotshot-XL/An explorer searches for adventure in the forest.mp4,42.66,43.02317810058594,80.02662658691406,80.09987324476242,231.50335997343063,446,"[1, 3, 4, 6]","[1568, 1024]","[1, 446, 2048]"
140,Hotshot-XL/An orchid blooms with deep purple flowers.mp4,55.43,55.67031478881836,99.6341781616211,99.70813989639282,145.42364329099655,446,"[1, 3, 4, 6]","[1568, 1024]","[1, 446, 2048]"
141,"Hotshot-XL/Blue skies and fluffy clouds, ever-changing shapes like poetry.mp4",63.91,61.48759460449219,99.15494537353516,99.23150390386581,67.47905164957047,446,"[1, 3, 4, 6]","[1568, 1024]","[1, 446, 2048]"
142,Hotshot-XL/Cherry trees in the orchard are filled with red fruit.mp4,58.71,54.3526611328125,99.49593353271484,99.56703335046768,187.39449977874756,446,"[1, 3, 4, 6]","[1568, 1024]","[1, 446, 2048]"
143,Hotshot-XL/Children dig sandcastles on the beach.mp4,44.38,48.7023811340332,99.61984252929688,99.7021496295929,161.79322451353073,446,"[1, 3, 4, 6]","[1568, 1024]","[1, 446, 2048]"
144,Hotshot-XL/Crocodiles swim leisurely in the lake.mp4,60.58,50.03617858886719,99.44780731201172,99.52247887849808,133.7212696671486,446,"[1, 3, 4, 6]","[1568, 1024]","[1, 446, 2048]"
145,Hotshot-XL/Great white sharks swim majestically in the depths of the ocean.mp4,58.61,56.9184684753418,99.80825805664062,99.88047182559967,82.67045766115189,446,"[1, 3, 4, 6]","[1568, 1024]","[1, 446, 2048]"
146,"Hotshot-XL/In a rugby match, players vied for possession of the rugby ball.mp4",29.38,42.99563980102539,99.18566131591797,99.25644844770432,111.89069598913193,446,"[1, 3, 4, 6]","[1568, 1024]","[1, 446, 2048]"
147,"Hotshot-XL/In front of a farmhouse, there is a swing.mp4",57.24,46.98040771484375,80.80486297607422,80.87779581546783,165.75805097818375,446,"[1, 3, 4, 6]","[1568, 1024]","[1, 446, 2048]"
148,Hotshot-XL/Military aircraft are neatly lined up on the military base.mp4,47.33,53.81547164916992,78.90841674804688,78.97596806287766,108.83882641792297,446,"[1, 3, 4, 6]","[1568, 1024]","[1, 446, 2048]"
149,Hotshot-XL/Parents pick up students at the bus stop.mp4,37.52,42.133514404296875,99.90860748291016,99.98972713947296,143.23726296424866,446,"[1, 3, 4, 6]","[1568, 1024]","[1, 446, 2048]"
150,Hotshot-XL/People sunbathe on the lawn.mp4,50.81,49.747535705566406,80.0030746459961,80.0786241889,147.15825766324997,446,"[1, 3, 4, 6]","[1568, 1024]","[1, 446, 2048]"
151,Hotshot-XL/People taking a leisurely walk admire the lake view.mp4,41.05,50.04869842529297,80.28262329101562,80.35329729318619,127.84966826438904,446,"[1, 3, 4, 6]","[1568, 1024]","[1, 446, 2048]"
152,"Hotshot-XL/Plateaus surrounding lakes, embraced by peaceful and harmonious mountains.mp4",48.51,46.675899505615234,61.883392333984375,61.93818151950836,83.51491391658783,446,"[1, 3, 4, 6]","[1568, 1024]","[1, 446, 2048]"
153,Hotshot-XL/Purple lavender grows in the field.mp4,59.18,54.35755920410156,79.21459197998047,79.27919179201126,79.03525233268738,446,"[1, 3, 4, 6]","[1568, 1024]","[1, 446, 2048]"
154,Hotshot-XL/Sharks dart through the water.mp4,59.0,56.369049072265625,79.07020568847656,79.13641631603241,57.26847052574158,446,"[1, 3, 4, 6]","[1568, 1024]","[1, 446, 2048]"
155,Hotshot-XL/Soldiers are setting up tents in the camp.mp4,51.92,44.145484924316406,79.33747100830078,79.40539717674255,117.1267032623291,446,"[1, 3, 4, 6]","[1568, 1024]","[1, 446, 2048]"
156,Hotshot-XL/Students and teachers discuss topics in the classroom.mp4,37.45,47.243370056152344,79.01081848144531,79.0797546505928,100.71252286434174,446,"[1, 3, 4, 6]","[1568, 1024]","[1, 446, 2048]"
157,Hotshot-XL/Students create exquisite artwork in art class.mp4,52.12,45.957916259765625,79.6917724609375,79.76061850786209,100.28577595949173,446,"[1, 3, 4, 6]","[1568, 1024]","[1, 446, 2048]"
158,Hotshot-XL/Students enjoy tasty sandwiches in the cafeteria.mp4,43.22,43.41489791870117,79.19308471679688,79.26031202077866,80.38333803415298,446,"[1, 3, 4, 6]","[1568, 1024]","[1, 446, 2048]"
159,"Hotshot-XL/Students enjoy their time on campus, full of youthful energy.mp4",34.1,46.12837219238281,78.83878326416016,78.90491187572479,126.83121860027313,446,"[1, 3, 4, 6]","[1568, 1024]","[1, 446, 2048]"
160,"Hotshot-XL/Students line up in the cafeteria, waiting for lunch.mp4",32.51,45.07769012451172,79.73785400390625,79.8095390200615,111.05015873908997,446,"[1, 3, 4, 6]","[1568, 1024]","[1, 446, 2048]"
161,Hotshot-XL/Students participate in celebration ceremonies in the school courtyard.mp4,43.87,47.020809173583984,78.98009490966797,79.0465995669365,165.93272238969803,446,"[1, 3, 4, 6]","[1568, 1024]","[1, 446, 2048]"
162,Hotshot-XL/Students program in the computer lab.mp4,34.02,48.747371673583984,78.61145782470703,78.68243008852005,96.74710035324097,446,"[1, 3, 4, 6]","[1568, 1024]","[1, 446, 2048]"
163,Hotshot-XL/Students savor delicious soups in the cafeteria.mp4,49.13,44.847049713134766,80.25395202636719,80.32704889774323,115.7490536570549,446,"[1, 3, 4, 6]","[1568, 1024]","[1, 446, 2048]"
164,Hotshot-XL/Sunflowers stand tall in a field.mp4,63.72,52.272499084472656,78.92889404296875,79.0000632405281,202.0212709903717,446,"[1, 3, 4, 6]","[1568, 1024]","[1, 446, 2048]"
165,Hotshot-XL/Sunlight is streaming through the leaves onto the grass.mp4,60.74,63.36525344848633,78.77632141113281,78.84799689054489,169.3027764558792,446,"[1, 3, 4, 6]","[1568, 1024]","[1, 446, 2048]"
166,Hotshot-XL/Swallows soar in the air.mp4,43.93,48.96913146972656,78.8172836303711,78.88532429933548,45.752815902233124,446,"[1, 3, 4, 6]","[1568, 1024]","[1, 446, 2048]"
167,Hotshot-XL/Teenage skateboarders perform tricks by the pond.mp4,34.1,44.33417510986328,79.12242889404297,79.20096814632416,134.0584084391594,446,"[1, 3, 4, 6]","[1568, 1024]","[1, 446, 2048]"
168,"Hotshot-XL/The campus has colorful gardens, full of vitality.mp4",37.93,50.8863525390625,79.43065643310547,79.50131595134735,192.3500895500183,446,"[1, 3, 4, 6]","[1568, 1024]","[1, 446, 2048]"
169,Hotshot-XL/The commander is strategizing in front of a map.mp4,55.59,51.125343322753906,80.41471862792969,80.49016445875168,90.77727049589157,446,"[1, 3, 4, 6]","[1568, 1024]","[1, 446, 2048]"
170,Hotshot-XL/The crickets chirped merrily in the summer night.mp4,52.24,56.95103073120117,79.55763244628906,79.62872087955475,153.31440418958664,446,"[1, 3, 4, 6]","[1568, 1024]","[1, 446, 2048]"
171,Hotshot-XL/The leaves of a purple-leaf plum tree turn deep purple.mp4,55.74,54.102752685546875,78.91558074951172,78.98113131523132,164.5379140973091,446,"[1, 3, 4, 6]","[1568, 1024]","[1, 446, 2048]"
172,Hotshot-XL/The lion roars majestically on the grassland.mp4,54.06,49.583961486816406,78.85004425048828,78.91903072595596,149.67018365859985,446,"[1, 3, 4, 6]","[1568, 1024]","[1, 446, 2048]"
173,Hotshot-XL/The parrot chirped in the treetops.mp4,49.27,53.128929138183594,79.33030700683594,79.39979434013367,167.13573038578033,446,"[1, 3, 4, 6]","[1568, 1024]","[1, 446, 2048]"
174,Hotshot-XL/The roof of a farmhouse is covered in moss.mp4,65.31,61.49835205078125,79.31494140625,79.38780635595322,188.59664350748062,446,"[1, 3, 4, 6]","[1568, 1024]","[1, 446, 2048]"
175,Hotshot-XL/The rural stream serves as the water source for villagers.mp4,44.2,48.095855712890625,78.79167938232422,78.86213064193726,230.14769703149796,446,"[1, 3, 4, 6]","[1568, 1024]","[1, 446, 2048]"
176,Hotshot-XL/The school auditorium is decorated with festive decorations.mp4,48.83,44.018863677978516,78.90943908691406,78.98000627756119,129.88439947366714,446,"[1, 3, 4, 6]","[1568, 1024]","[1, 446, 2048]"
177,Hotshot-XL/The seahorse swayed slowly on the sea floor.mp4,52.04,52.573463439941406,78.86335754394531,78.93058657646179,140.66016674041748,446,"[1, 3, 4, 6]","[1568, 1024]","[1, 446, 2048]"
178,Hotshot-XL/There are boats on the park lake.mp4,61.91,48.036277770996094,83.63008117675781,83.69722962379456,134.0695470571518,446,"[1, 3, 4, 6]","[1568, 1024]","[1, 446, 2048]"
179,Hotshot-XL/There's a drum and guitar in the music classroom.mp4,45.82,47.98362350463867,80.20992279052734,80.28250187635422,88.40112388134003,446,"[1, 3, 4, 6]","[1568, 1024]","[1, 446, 2048]"
180,"Hotshot-XL/Unique desert landscapes, with dunes sculpted by the wind.mp4",60.38,62.234893798828125,79.03539276123047,79.1054293513298,124.74006414413452,446,"[1, 3, 4, 6]","[1568, 1024]","[1, 446, 2048]"
181,Hotshot-XL/Various fruit trees grow in the countryside.mp4,42.69,48.61051559448242,79.34770965576172,79.42195981740952,216.08687937259674,446,"[1, 3, 4, 6]","[1568, 1024]","[1, 446, 2048]"
182,Hotshot-XL/Vendors at the market display fresh fruits and vegetables.mp4,54.29,54.82281494140625,80.88473510742188,80.95803111791611,203.60056310892105,446,"[1, 3, 4, 6]","[1568, 1024]","[1, 446, 2048]"
183,Hotshot-XL/Visitors get information at the park's visitor center.mp4,49.91,48.878265380859375,79.46956634521484,79.54100519418716,98.9413931965828,446,"[1, 3, 4, 6]","[1568, 1024]","[1, 446, 2048]"
184,"Hotshot-XL/Wandering through a forest path, surrounded by emerald greenery.mp4",39.1,47.303955078125,62.267391204833984,62.32788413763046,221.0026979446411,446,"[1, 3, 4, 6]","[1568, 1024]","[1, 446, 2048]"
185,"Hotshot-XL/Willow trees by the river, swaying gently in the calming breeze.mp4",41.32,49.056217193603516,79.12857818603516,79.1984498500824,207.19171315431595,446,"[1, 3, 4, 6]","[1568, 1024]","[1, 446, 2048]"
186,"Text2Video-Zero/A baseball player swung the bat, preparing for a home run.mp4",46.02,49.651771545410156,79.24224090576172,79.31264489889145,109.09322649240494,446,"[4, 13, 22, 32]","[1568, 1024]","[1, 446, 2048]"
187,Text2Video-Zero/A bowl of hot soup is especially delicious on a cold winter day.mp4,52.28,51.30223083496094,78.86847686767578,78.93751561641693,91.09608829021454,446,"[4, 13, 22, 32]","[1568, 1024]","[1, 446, 2048]"
188,Text2Video-Zero/A bowl of ramen has delicious pork and seaweed.mp4,55.74,52.717018127441406,79.09478759765625,79.16294783353806,125.74835866689682,446,"[4, 13, 22, 32]","[1568, 1024]","[1, 446, 2048]"
189,Text2Video-Zero/A bowl of rich French onion soup emanates an enticing aroma.mp4,60.65,54.141822814941406,79.38457489013672,79.45146411657333,94.99642252922058,446,"[4, 13, 22, 32]","[1568, 1024]","[1, 446, 2048]"
190,Text2Video-Zero/A bowl of spicy Mexican chili is very delicious.mp4,48.78,57.941497802734375,79.23712158203125,79.3076753616333,111.84705048799515,446,"[4, 13, 22, 32]","[1568, 1024]","[1, 446, 2048]"
191,Text2Video-Zero/A butterfly gracefully dances among the flowers.mp4,60.7,50.44291305541992,79.27193450927734,79.3425440788269,125.41160732507706,446,"[4, 13, 22, 32]","[1568, 1024]","[1, 446, 2048]"
192,Text2Video-Zero/A cactus thrives in the harsh desert.mp4,62.11,52.147254943847656,79.09683227539062,79.16758209466934,208.82847160100937,446,"[4, 13, 22, 32]","[1568, 1024]","[1, 446, 2048]"
193,"Text2Video-Zero/A couple walks hand in hand on the beach, listening to the sound of the waves.mp4",56.89,52.065982818603516,80.71372985839844,80.8270052075386,121.38691544532776,446,"[4, 13, 22, 32]","[1568, 1024]","[1, 446, 2048]"
194,Text2Video-Zero/A cup of hot chocolate is fragrant.mp4,55.95,53.232666015625,79.24838256835938,79.38387244939804,73.90303164720535,446,"[4, 13, 22, 32]","[1568, 1024]","[1, 446, 2048]"
195,Text2Video-Zero/A daffodil sways in the spring breeze.mp4,52.31,26.517356872558594,80.74956512451172,80.82570135593414,93.8345193862915,446,"[4, 13, 22, 32]","[1568, 1024]","[1, 446, 2048]"
196,Text2Video-Zero/A designer creates fashionable clothing designs.mp4,45.86,43.31841278076172,79.55865478515625,79.62801307439804,122.98932671546936,446,"[4, 13, 22, 32]","[1568, 1024]","[1, 446, 2048]"
197,Text2Video-Zero/A diver is exploring the underwater world under the coral reef.mp4,49.3,55.81830596923828,62.341121673583984,62.4009445309639,307.49163031578064,446,"[4, 13, 22, 32]","[1568, 1024]","[1, 446, 2048]"
198,Text2Video-Zero/A doctor cares for patients in the hospital.mp4,39.65,48.27073287963867,79.38662719726562,79.45477217435837,88.85567635297775,446,"[4, 13, 22, 32]","[1568, 1024]","[1, 446, 2048]"
199,Text2Video-Zero/A doctor is carefully examining a patient's body.mp4,57.27,47.74237060546875,78.07180786132812,78.14238965511322,79.24295216798782,446,"[4, 13, 22, 32]","[1568, 1024]","[1, 446, 2048]"
200,Text2Video-Zero/A family goes to the movies on the weekend.mp4,47.47,34.67433547973633,77.53113555908203,77.60206609964371,86.49467676877975,446,"[4, 13, 22, 32]","[1568, 1024]","[1, 446, 2048]"
201,Text2Video-Zero/A field of dandelions lines the side of a rural road.mp4,47.5,61.872135162353516,78.26739501953125,78.3349946141243,255.25130331516266,446,"[4, 13, 22, 32]","[1568, 1024]","[1, 446, 2048]"
202,Text2Video-Zero/A golden field of wheat sways gently in the breeze.mp4,62.19,64.87629699707031,77.5198745727539,77.59223133325577,164.0404909849167,446,"[4, 13, 22, 32]","[1568, 1024]","[1, 446, 2048]"
203,Text2Video-Zero/A group of villagers wash clothes by the stream.mp4,60.87,45.70710372924805,77.91001892089844,77.97976583242416,228.10576111078262,446,"[4, 13, 22, 32]","[1568, 1024]","[1, 446, 2048]"
204,Text2Video-Zero/A hippo leisurely floats in the water.mp4,47.19,53.07789611816406,77.55570983886719,77.62670516967773,196.58895581960678,446,"[4, 13, 22, 32]","[1568, 1024]","[1, 446, 2048]"
205,Text2Video-Zero/A kangaroo jumps across the Australian desert.mp4,50.27,56.3233757019043,79.09990692138672,79.17340844869614,250.7895976305008,446,"[4, 13, 22, 32]","[1568, 1024]","[1, 446, 2048]"
206,Text2Video-Zero/A lotus leaf floats on a serene pond.mp4,62.27,60.068511962890625,79.22892761230469,79.29988950490952,117.31447279453278,446,"[4, 13, 22, 32]","[1568, 1024]","[1, 446, 2048]"
207,Text2Video-Zero/A milkshake is garnished with fresh strawberries and cream.mp4,53.85,57.99516296386719,79.16851043701172,79.23853397369385,127.81678885221481,446,"[4, 13, 22, 32]","[1568, 1024]","[1, 446, 2048]"
208,Text2Video-Zero/A painter showcases their art on an outdoor gallery.mp4,52.03,45.21954345703125,79.66207885742188,79.73123341798782,251.72778964042664,446,"[4, 13, 22, 32]","[1568, 1024]","[1, 446, 2048]"
209,Text2Video-Zero/A peony blooms with snow-white petals.mp4,61.7,62.19492721557617,81.32096099853516,81.39823377132416,150.52565187215805,446,"[4, 13, 22, 32]","[1568, 1024]","[1, 446, 2048]"
210,Text2Video-Zero/A pet owner walks their dog in the park.mp4,37.76,44.140846252441406,79.9846420288086,80.06580919027328,142.0460343360901,446,"[4, 13, 22, 32]","[1568, 1024]","[1, 446, 2048]"
211,Text2Video-Zero/A photographer captures the neon lights of the city.mp4,50.61,53.117130279541016,81.06700897216797,81.14583790302277,209.40419286489487,446,"[4, 13, 22, 32]","[1568, 1024]","[1, 446, 2048]"
212,Text2Video-Zero/A piece of French bread is spread with butter.mp4,52.64,56.820980072021484,79.20435333251953,79.27504181861877,265.90730994939804,446,"[4, 13, 22, 32]","[1568, 1024]","[1, 446, 2048]"
213,Text2Video-Zero/A piece of cheesecake is covered with blueberry sauce.mp4,44.11,54.030853271484375,79.23200225830078,79.30154353380203,119.94186788797379,446,"[4, 13, 22, 32]","[1568, 1024]","[1, 446, 2048]"
214,Text2Video-Zero/A pizza is topped with Italian sausage and mushrooms.mp4,58.93,57.197261810302734,79.03334045410156,79.106904566288,249.86283481121063,446,"[4, 13, 22, 32]","[1568, 1024]","[1, 446, 2048]"
215,Text2Video-Zero/A purple bellflower opens in the sunlight.mp4,42.49,51.792869567871094,99.35667419433594,99.42837804555893,127.46244668960571,446,"[4, 13, 22, 32]","[1568, 1024]","[1, 446, 2048]"
216,Text2Video-Zero/A roasted cod fish is garnished with fresh herbs.mp4,57.43,55.02173614501953,65.94866943359375,66.00845605134964,167.91412234306335,446,"[4, 13, 22, 32]","[1568, 1024]","[1, 446, 2048]"
217,Text2Video-Zero/A roasted salmon is presented on a plate.mp4,58.9,52.031394958496094,79.98566436767578,80.05931228399277,259.51822847127914,446,"[4, 13, 22, 32]","[1568, 1024]","[1, 446, 2048]"
218,Text2Video-Zero/A salad is sprinkled with nuts and fruits.mp4,62.1,44.722679138183594,99.45702362060547,99.52788054943085,122.09662795066833,446,"[4, 13, 22, 32]","[1568, 1024]","[1, 446, 2048]"
219,Text2Video-Zero/A sausage is grilled slightly crispy on the barbecue.mp4,57.05,54.740386962890625,99.29523468017578,99.36761856079102,110.20802706480026,446,"[4, 13, 22, 32]","[1568, 1024]","[1, 446, 2048]"
220,Text2Video-Zero/A skier enjoys the thrill of skiing on a snowy mountain.mp4,58.87,49.05782699584961,79.2279052734375,79.30916547775269,230.15020787715912,446,"[4, 13, 22, 32]","[1568, 1024]","[1, 446, 2048]"
221,Text2Video-Zero/A slice of French chocolate mousse cake brings sweet delight.mp4,63.64,53.35055923461914,65.38751983642578,65.44436514377594,107.6878234744072,446,"[4, 13, 22, 32]","[1568, 1024]","[1, 446, 2048]"
222,Text2Video-Zero/A tennis player elegantly slid on the grass court.mp4,39.95,49.96403503417969,80.89395141601562,80.97158372402191,271.83590084314346,446,"[4, 13, 22, 32]","[1568, 1024]","[1, 446, 2048]"
223,Text2Video-Zero/A tennis player made spectacular plays at the net.mp4,46.3,43.310646057128906,79.2811508178711,79.35044914484024,162.67767548561096,446,"[4, 13, 22, 32]","[1568, 1024]","[1, 446, 2048]"
224,Text2Video-Zero/A thin pancake is spread with butter and maple syrup.mp4,47.31,53.84663772583008,90.74176025390625,90.82770347595215,145.71376889944077,446,"[4, 13, 22, 32]","[1568, 1024]","[1, 446, 2048]"
225,Text2Video-Zero/A water skier created splashes on the lake.mp4,45.59,49.04185485839844,99.57376098632812,99.6491014957428,287.8744602203369,446,"[4, 13, 22, 32]","[1568, 1024]","[1, 446, 2048]"
226,"Text2Video-Zero/A waterfall cascades gracefully, resembling a silver thread.mp4",57.37,59.68480682373047,81.7254409790039,81.79870992898941,199.25738871097565,446,"[4, 13, 22, 32]","[1568, 1024]","[1, 446, 2048]"
227,Text2Video-Zero/A wheat field sways gracefully in the gentle breeze.mp4,58.64,64.12954711914062,79.11116790771484,79.18048650026321,199.4866579771042,446,"[4, 13, 22, 32]","[1568, 1024]","[1, 446, 2048]"
228,Text2Video-Zero/A white orchid grows in a potted plant.mp4,39.0,44.15336227416992,79.2125473022461,79.2778804898262,82.37157762050629,446,"[4, 13, 22, 32]","[1568, 1024]","[1, 446, 2048]"
229,"Text2Video-Zero/A writer sits at a desk, crafting a new novel.mp4",44.03,42.4968376159668,79.22380828857422,79.28907871246338,108.04158449172974,446,"[4, 13, 22, 32]","[1568, 1024]","[1, 446, 2048]"
230,Text2Video-Zero/An adorable little cat is napping on the windowsill.mp4,62.25,57.45452880859375,80.1269760131836,80.19556105136871,90.79772233963013,446,"[4, 13, 22, 32]","[1568, 1024]","[1, 446, 2048]"
231,Text2Video-Zero/An ancient church is a landmark in the village.mp4,59.3,50.015438079833984,79.22892761230469,79.29881662130356,288.80641609430313,446,"[4, 13, 22, 32]","[1568, 1024]","[1, 446, 2048]"
232,Text2Video-Zero/An explorer searches for adventure in the forest.mp4,58.46,61.46326446533203,78.95654296875,79.02538776397705,194.71751898527145,446,"[4, 13, 22, 32]","[1568, 1024]","[1, 446, 2048]"
233,Text2Video-Zero/An orchid blooms with deep purple flowers.mp4,50.88,52.77544021606445,78.66777801513672,78.73614877462387,142.86357164382935,446,"[4, 13, 22, 32]","[1568, 1024]","[1, 446, 2048]"
234,"Text2Video-Zero/Blue skies and fluffy clouds, ever-changing shapes like poetry.mp4",54.15,50.04933166503906,101.45075225830078,101.52803361415863,132.30710476636887,446,"[4, 13, 22, 32]","[1568, 1024]","[1, 446, 2048]"
235,Text2Video-Zero/Cherry trees in the orchard are filled with red fruit.mp4,54.14,59.674991607666016,79.24736022949219,79.31391894817352,271.6517671942711,446,"[4, 13, 22, 32]","[1568, 1024]","[1, 446, 2048]"
236,Text2Video-Zero/Children dig sandcastles on the beach.mp4,54.31,50.737205505371094,94.20185852050781,94.28690373897552,131.8334937095642,446,"[4, 13, 22, 32]","[1568, 1024]","[1, 446, 2048]"
237,Text2Video-Zero/Crocodiles swim leisurely in the lake.mp4,45.38,49.846893310546875,78.90534210205078,78.97372543811798,208.44580233097076,446,"[4, 13, 22, 32]","[1568, 1024]","[1, 446, 2048]"
238,Text2Video-Zero/Great white sharks swim majestically in the depths of the ocean.mp4,46.9,55.769309997558594,80.78643035888672,80.86305111646652,227.69643366336823,446,"[4, 13, 22, 32]","[1568, 1024]","[1, 446, 2048]"
239,"Text2Video-Zero/In a rugby match, players vied for possession of the rugby ball.mp4",60.45,48.653350830078125,79.51052856445312,79.5789435505867,173.50203543901443,446,"[4, 13, 22, 32]","[1568, 1024]","[1, 446, 2048]"
240,"Text2Video-Zero/In front of a farmhouse, there is a swing.mp4",53.51,51.83246994018555,79.21459197998047,79.28401976823807,234.00524258613586,446,"[4, 13, 22, 32]","[1568, 1024]","[1, 446, 2048]"
241,Text2Video-Zero/Military aircraft are neatly lined up on the military base.mp4,38.88,45.19660949707031,79.1541748046875,79.22385632991791,110.67705601453781,446,"[4, 13, 22, 32]","[1568, 1024]","[1, 446, 2048]"
242,Text2Video-Zero/Parents pick up students at the bus stop.mp4,37.62,41.76995849609375,78.73535919189453,78.8031741976738,113.9231026172638,446,"[4, 13, 22, 32]","[1568, 1024]","[1, 446, 2048]"
243,Text2Video-Zero/People sunbathe on the lawn.mp4,60.2,50.18451690673828,79.09375762939453,79.1826918721199,199.36992228031158,446,"[4, 13, 22, 32]","[1568, 1024]","[1, 446, 2048]"
244,Text2Video-Zero/People taking a leisurely walk admire the lake view.mp4,49.01,50.80357360839844,78.91353607177734,78.9855420589447,251.84857100248337,446,"[4, 13, 22, 32]","[1568, 1024]","[1, 446, 2048]"
245,"Text2Video-Zero/Plateaus surrounding lakes, embraced by peaceful and harmonious mountains.mp4",61.71,60.99302291870117,79.2995834350586,79.3670117855072,234.32379215955734,446,"[4, 13, 22, 32]","[1568, 1024]","[1, 446, 2048]"
246,Text2Video-Zero/Purple lavender grows in the field.mp4,47.49,64.96017456054688,79.07635498046875,79.14521545171738,269.99735832214355,446,"[4, 13, 22, 32]","[1568, 1024]","[1, 446, 2048]"
247,Text2Video-Zero/Sharks dart through the water.mp4,51.99,53.83159637451172,79.19615936279297,79.2664885520935,192.3161894083023,446,"[4, 13, 22, 32]","[1568, 1024]","[1, 446, 2048]"
248,Text2Video-Zero/Soldiers are setting up tents in the camp.mp4,43.82,46.191829681396484,79.19615936279297,79.26636934280396,192.55952537059784,446,"[4, 13, 22, 32]","[1568, 1024]","[1, 446, 2048]"
249,Text2Video-Zero/Students and teachers discuss topics in the classroom.mp4,42.37,43.48142623901367,78.6688003540039,78.73795181512833,128.24830412864685,446,"[4, 13, 22, 32]","[1568, 1024]","[1, 446, 2048]"
250,Text2Video-Zero/Students create exquisite artwork in art class.mp4,57.12,38.26248550415039,79.04255676269531,79.11239564418793,188.30280005931854,446,"[4, 13, 22, 32]","[1568, 1024]","[1, 446, 2048]"
251,Text2Video-Zero/Students enjoy tasty sandwiches in the cafeteria.mp4,45.79,47.110172271728516,78.65446472167969,78.72474938631058,150.1573696732521,446,"[4, 13, 22, 32]","[1568, 1024]","[1, 446, 2048]"
252,"Text2Video-Zero/Students enjoy their time on campus, full of youthful energy.mp4",50.94,50.49090576171875,79.95187377929688,80.01793175935745,174.60518330335617,446,"[4, 13, 22, 32]","[1568, 1024]","[1, 446, 2048]"
253,"Text2Video-Zero/Students line up in the cafeteria, waiting for lunch.mp4",47.45,42.7420654296875,79.30572509765625,79.37728613615036,99.44679588079453,446,"[4, 13, 22, 32]","[1568, 1024]","[1, 446, 2048]"
254,Text2Video-Zero/Students participate in celebration ceremonies in the school courtyard.mp4,52.46,44.802833557128906,79.20025634765625,79.27574962377548,115.61514437198639,446,"[4, 13, 22, 32]","[1568, 1024]","[1, 446, 2048]"
255,Text2Video-Zero/Students program in the computer lab.mp4,45.18,45.00712585449219,79.27091217041016,79.34112846851349,121.03249132633209,446,"[4, 13, 22, 32]","[1568, 1024]","[1, 446, 2048]"
256,Text2Video-Zero/Students savor delicious soups in the cafeteria.mp4,52.31,51.054019927978516,79.26579284667969,79.33451235294342,152.5816172361374,446,"[4, 13, 22, 32]","[1568, 1024]","[1, 446, 2048]"
257,Text2Video-Zero/Sunflowers stand tall in a field.mp4,57.25,50.748451232910156,80.78233337402344,80.86173236370087,239.91619050502777,446,"[4, 13, 22, 32]","[1568, 1024]","[1, 446, 2048]"
258,Text2Video-Zero/Sunlight is streaming through the leaves onto the grass.mp4,65.23,64.46215057373047,78.96473693847656,79.04050499200821,270.15895396471024,446,"[4, 13, 22, 32]","[1568, 1024]","[1, 446, 2048]"
259,Text2Video-Zero/Swallows soar in the air.mp4,36.77,45.91413879394531,78.50495910644531,78.57535779476166,74.46800172328949,446,"[4, 13, 22, 32]","[1568, 1024]","[1, 446, 2048]"
260,Text2Video-Zero/Teenage skateboarders perform tricks by the pond.mp4,42.49,48.31958770751953,81.17145538330078,81.25122636556625,225.21138191223145,446,"[4, 13, 22, 32]","[1568, 1024]","[1, 446, 2048]"
261,"Text2Video-Zero/The campus has colorful gardens, full of vitality.mp4",57.34,58.08757781982422,82.28044891357422,82.37522095441818,441.6346624493599,446,"[4, 13, 22, 32]","[1568, 1024]","[1, 446, 2048]"
262,Text2Video-Zero/The commander is strategizing in front of a map.mp4,50.76,44.22100067138672,63.299583435058594,63.363999128341675,178.33317071199417,446,"[4, 13, 22, 32]","[1568, 1024]","[1, 446, 2048]"
263,Text2Video-Zero/The crickets chirped merrily in the summer night.mp4,47.38,43.7403564453125,62.94732666015625,63.00710141658783,89.37714248895645,446,"[4, 13, 22, 32]","[1568, 1024]","[1, 446, 2048]"
264,Text2Video-Zero/The leaves of a purple-leaf plum tree turn deep purple.mp4,48.75,50.87549591064453,62.876670837402344,62.94107437133789,278.09538692235947,446,"[4, 13, 22, 32]","[1568, 1024]","[1, 446, 2048]"
265,Text2Video-Zero/The lion roars majestically on the grassland.mp4,45.03,60.41215133666992,62.320640563964844,62.401168048381805,105.30010610818863,446,"[4, 13, 22, 32]","[1568, 1024]","[1, 446, 2048]"
266,Text2Video-Zero/The parrot chirped in the treetops.mp4,48.5,45.01298904418945,59.881473541259766,59.95095521211624,104.9022302031517,446,"[4, 13, 22, 32]","[1568, 1024]","[1, 446, 2048]"
267,Text2Video-Zero/The roof of a farmhouse is covered in moss.mp4,47.36,50.10275650024414,80.04096221923828,80.12548089027405,220.40704637765884,446,"[4, 13, 22, 32]","[1568, 1024]","[1, 446, 2048]"
268,Text2Video-Zero/The rural stream serves as the water source for villagers.mp4,57.28,60.3814697265625,77.57823944091797,77.64418423175812,257.93713331222534,446,"[4, 13, 22, 32]","[1568, 1024]","[1, 446, 2048]"
269,Text2Video-Zero/The school auditorium is decorated with festive decorations.mp4,43.8,47.304893493652344,78.04313659667969,78.11121642589569,127.49321758747101,446,"[4, 13, 22, 32]","[1568, 1024]","[1, 446, 2048]"
270,Text2Video-Zero/The seahorse swayed slowly on the sea floor.mp4,58.83,53.72312927246094,58.656768798828125,58.71699005365372,235.61535775661469,446,"[4, 13, 22, 32]","[1568, 1024]","[1, 446, 2048]"
271,Text2Video-Zero/There are boats on the park lake.mp4,45.89,51.54164505004883,80.22322845458984,80.32360672950745,295.2376902103424,446,"[4, 13, 22, 32]","[1568, 1024]","[1, 446, 2048]"
272,Text2Video-Zero/There's a drum and guitar in the music classroom.mp4,47.39,48.92026901245117,60.368896484375,60.509420931339264,132.41573423147202,446,"[4, 13, 22, 32]","[1568, 1024]","[1, 446, 2048]"
273,"Text2Video-Zero/Unique desert landscapes, with dunes sculpted by the wind.mp4",54.01,48.850067138671875,53.29817581176758,53.359903395175934,106.7957803606987,446,"[4, 13, 22, 32]","[1568, 1024]","[1, 446, 2048]"
274,Text2Video-Zero/Various fruit trees grow in the countryside.mp4,48.87,47.29887771606445,77.78201293945312,77.85778492689133,201.12371444702148,446,"[4, 13, 22, 32]","[1568, 1024]","[1, 446, 2048]"
275,Text2Video-Zero/Vendors at the market display fresh fruits and vegetables.mp4,55.72,49.669677734375,56.5667839050293,56.6333532333374,172.97566682100296,446,"[4, 13, 22, 32]","[1568, 1024]","[1, 446, 2048]"
276,Text2Video-Zero/Visitors get information at the park's visitor center.mp4,60.02,47.39826965332031,55.44755172729492,55.51234632730484,169.02486234903336,446,"[4, 13, 22, 32]","[1568, 1024]","[1, 446, 2048]"
277,"Text2Video-Zero/Wandering through a forest path, surrounded by emerald greenery.mp4",60.31,64.55984497070312,109.05702209472656,109.1441810131073,264.5217701792717,446,"[4, 13, 22, 32]","[1568, 1024]","[1, 446, 2048]"
278,"Text2Video-Zero/Willow trees by the river, swaying gently in the calming breeze.mp4",45.76,53.28955078125,57.646080017089844,57.708367705345154,204.7896683216095,446,"[4, 13, 22, 32]","[1568, 1024]","[1, 446, 2048]"
279,"Tune-A-Video/A baseball player swung the bat, preparing for a home run.mp4",32.24,36.98320007324219,96.66867065429688,96.74938768148422,78.45466583967209,446,"[2, 9, 14, 21]","[1568, 1024]","[1, 446, 2048]"
280,Tune-A-Video/A bowl of hot soup is especially delicious on a cold winter day.mp4,52.4,56.57636260986328,92.76518249511719,92.91283041238785,81.12650364637375,446,"[2, 9, 14, 21]","[1568, 1024]","[1, 446, 2048]"
281,Tune-A-Video/A bowl of ramen has delicious pork and seaweed.mp4,44.49,45.09015655517578,78.59302520751953,78.66796851158142,164.2163321375847,446,"[2, 9, 14, 21]","[1568, 1024]","[1, 446, 2048]"
282,Tune-A-Video/A bowl of rich French onion soup emanates an enticing aroma.mp4,54.12,55.82376480102539,89.2907485961914,89.37690407037735,111.40749603509903,446,"[2, 9, 14, 21]","[1568, 1024]","[1, 446, 2048]"
283,Tune-A-Video/A bowl of spicy Mexican chili is very delicious.mp4,52.47,56.27842712402344,82.9859848022461,83.11827480792999,102.73799300193787,446,"[2, 9, 14, 21]","[1568, 1024]","[1, 446, 2048]"
284,Tune-A-Video/A butterfly gracefully dances among the flowers.mp4,44.28,39.448951721191406,73.8344955444336,73.99572432041168,86.2092524766922,446,"[2, 9, 14, 21]","[1568, 1024]","[1, 446, 2048]"
285,Tune-A-Video/A cactus thrives in the harsh desert.mp4,49.46,44.55426788330078,72.87500762939453,73.09103012084961,122.15670943260193,446,"[2, 9, 14, 21]","[1568, 1024]","[1, 446, 2048]"
286,"Tune-A-Video/A couple walks hand in hand on the beach, listening to the sound of the waves.mp4",42.8,41.69390106201172,92.63001251220703,92.77857095003128,74.33868944644928,446,"[2, 9, 14, 21]","[1568, 1024]","[1, 446, 2048]"
287,Tune-A-Video/A cup of hot chocolate is fragrant.mp4,53.78,58.05992126464844,66.69312286376953,66.85695052146912,63.6775940656662,446,"[2, 9, 14, 21]","[1568, 1024]","[1, 446, 2048]"
288,Tune-A-Video/A daffodil sways in the spring breeze.mp4,34.4,46.943931579589844,99.10272216796875,99.17362034320831,72.06235826015472,446,"[2, 9, 14, 21]","[1568, 1024]","[1, 446, 2048]"
289,Tune-A-Video/A designer creates fashionable clothing designs.mp4,35.77,34.31086730957031,89.7781753540039,89.95203673839569,57.494014501571655,446,"[2, 9, 14, 21]","[1568, 1024]","[1, 446, 2048]"
290,Tune-A-Video/A diver is exploring the underwater world under the coral reef.mp4,50.96,48.050628662109375,90.6424331665039,90.73355793952942,114.76121097803116,446,"[2, 9, 14, 21]","[1568, 1024]","[1, 446, 2048]"
291,Tune-A-Video/A doctor cares for patients in the hospital.mp4,42.63,48.97222900390625,79.2074203491211,79.2752131819725,91.66377037763596,446,"[2, 9, 14, 21]","[1568, 1024]","[1, 446, 2048]"
292,Tune-A-Video/A doctor is carefully examining a patient's body.mp4,53.85,50.15522003173828,91.4493408203125,91.89939498901367,81.66545629501343,446,"[2, 9, 14, 21]","[1568, 1024]","[1, 446, 2048]"
293,Tune-A-Video/A family goes to the movies on the weekend.mp4,33.91,36.825927734375,68.51277160644531,68.66608560085297,75.31759887933731,446,"[2, 9, 14, 21]","[1568, 1024]","[1, 446, 2048]"
294,Tune-A-Video/A field of dandelions lines the side of a rural road.mp4,19.34,39.79432678222656,102.69184112548828,104.20427471399307,105.02313077449799,446,"[2, 9, 14, 21]","[1568, 1024]","[1, 446, 2048]"
295,Tune-A-Video/A golden field of wheat sways gently in the breeze.mp4,31.18,43.46471405029297,94.88076782226562,94.96402740478516,69.14930790662766,446,"[2, 9, 14, 21]","[1568, 1024]","[1, 446, 2048]"
296,Tune-A-Video/A group of villagers wash clothes by the stream.mp4,35.84,35.54281234741211,93.68268585205078,93.85154396295547,66.44170731306076,446,"[2, 9, 14, 21]","[1568, 1024]","[1, 446, 2048]"
297,Tune-A-Video/A hippo leisurely floats in the water.mp4,57.37,47.846866607666016,98.90713500976562,99.03375059366226,132.46748596429825,446,"[2, 9, 14, 21]","[1568, 1024]","[1, 446, 2048]"
298,Tune-A-Video/A kangaroo jumps across the Australian desert.mp4,46.11,49.96324157714844,86.78195190429688,86.85135096311569,103.74883562326431,446,"[2, 9, 14, 21]","[1568, 1024]","[1, 446, 2048]"
299,Tune-A-Video/A lotus leaf floats on a serene pond.mp4,44.0,44.11341857910156,89.9758071899414,90.12354910373688,75.30245929956436,446,"[2, 9, 14, 21]","[1568, 1024]","[1, 446, 2048]"
300,Tune-A-Video/A milkshake is garnished with fresh strawberries and cream.mp4,56.97,52.218326568603516,91.34489440917969,91.49471670389175,78.786700963974,446,"[2, 9, 14, 21]","[1568, 1024]","[1, 446, 2048]"
301,Tune-A-Video/A painter showcases their art on an outdoor gallery.mp4,50.45,46.9506721496582,97.62815856933594,97.6937934756279,91.23235940933228,446,"[2, 9, 14, 21]","[1568, 1024]","[1, 446, 2048]"
302,Tune-A-Video/A peony blooms with snow-white petals.mp4,58.91,60.610801696777344,92.34841918945312,92.50080585479736,98.91051054000854,446,"[2, 9, 14, 21]","[1568, 1024]","[1, 446, 2048]"
303,Tune-A-Video/A pet owner walks their dog in the park.mp4,52.67,42.10338592529297,95.2965087890625,95.46780586242676,79.26604151725769,446,"[2, 9, 14, 21]","[1568, 1024]","[1, 446, 2048]"
304,Tune-A-Video/A photographer captures the neon lights of the city.mp4,26.33,36.978328704833984,96.40038299560547,96.47218137979507,73.4168291091919,446,"[2, 9, 14, 21]","[1568, 1024]","[1, 446, 2048]"
305,Tune-A-Video/A piece of French bread is spread with butter.mp4,55.34,50.247276306152344,97.99987030029297,98.23070466518402,101.6903892159462,446,"[2, 9, 14, 21]","[1568, 1024]","[1, 446, 2048]"
306,Tune-A-Video/A piece of cheesecake is covered with blueberry sauce.mp4,55.52,49.49309158325195,92.2972183227539,92.45757013559341,75.33638924360275,446,"[2, 9, 14, 21]","[1568, 1024]","[1, 446, 2048]"
307,Tune-A-Video/A pizza is topped with Italian sausage and mushrooms.mp4,47.59,53.704429626464844,83.29727935791016,83.37444067001343,158.67120772600174,446,"[2, 9, 14, 21]","[1568, 1024]","[1, 446, 2048]"
308,Tune-A-Video/A purple bellflower opens in the sunlight.mp4,53.77,53.037410736083984,95.67743682861328,95.82196921110153,91.26411378383636,446,"[2, 9, 14, 21]","[1568, 1024]","[1, 446, 2048]"
309,Tune-A-Video/A roasted cod fish is garnished with fresh herbs.mp4,61.99,58.89085388183594,72.84223937988281,73.03185015916824,159.74845737218857,446,"[2, 9, 14, 21]","[1568, 1024]","[1, 446, 2048]"
310,Tune-A-Video/A roasted salmon is presented on a plate.mp4,62.44,58.52558898925781,95.44499206542969,96.43614292144775,177.8666228055954,446,"[2, 9, 14, 21]","[1568, 1024]","[1, 446, 2048]"
311,Tune-A-Video/A salad is sprinkled with nuts and fruits.mp4,54.06,55.10939025878906,84.91827392578125,85.16494929790497,154.63034808635712,446,"[2, 9, 14, 21]","[1568, 1024]","[1, 446, 2048]"
312,Tune-A-Video/A sausage is grilled slightly crispy on the barbecue.mp4,50.86,52.806793212890625,80.82637023925781,80.92596381902695,92.01214462518692,446,"[2, 9, 14, 21]","[1568, 1024]","[1, 446, 2048]"
313,Tune-A-Video/A skier enjoys the thrill of skiing on a snowy mountain.mp4,62.38,47.610992431640625,64.63999938964844,64.87496197223663,99.3896946310997,446,"[2, 9, 14, 21]","[1568, 1024]","[1, 446, 2048]"
314,Tune-A-Video/A slice of French chocolate mousse cake brings sweet delight.mp4,57.44,50.42597198486328,82.2456283569336,82.6340913772583,76.18701457977295,446,"[2, 9, 14, 21]","[1568, 1024]","[1, 446, 2048]"
315,Tune-A-Video/A tennis player elegantly slid on the grass court.mp4,37.33,46.92028045654297,48.884735107421875,48.93556237220764,108.25993120670319,446,"[2, 9, 14, 21]","[1568, 1024]","[1, 446, 2048]"
316,Tune-A-Video/A tennis player made spectacular plays at the net.mp4,40.96,44.10941696166992,63.03334426879883,63.20936977863312,122.74066358804703,446,"[2, 9, 14, 21]","[1568, 1024]","[1, 446, 2048]"
317,Tune-A-Video/A thin pancake is spread with butter and maple syrup.mp4,56.87,54.195587158203125,67.84102630615234,68.02743673324585,80.17311990261078,446,"[2, 9, 14, 21]","[1568, 1024]","[1, 446, 2048]"
318,Tune-A-Video/A water skier created splashes on the lake.mp4,51.95,43.73371124267578,52.5219841003418,52.570149302482605,92.22626686096191,446,"[2, 9, 14, 21]","[1568, 1024]","[1, 446, 2048]"
319,"Tune-A-Video/A waterfall cascades gracefully, resembling a silver thread.mp4",19.55,51.99236297607422,65.48070526123047,65.53403288125992,61.592139303684235,446,"[2, 9, 14, 21]","[1568, 1024]","[1, 446, 2048]"
320,Tune-A-Video/A wheat field sways gracefully in the gentle breeze.mp4,52.36,58.718421936035156,65.29535675048828,65.47580659389496,88.52828294038773,446,"[2, 9, 14, 21]","[1568, 1024]","[1, 446, 2048]"
321,Tune-A-Video/A white orchid grows in a potted plant.mp4,45.58,47.87999725341797,67.20409393310547,67.39047169685364,103.61763834953308,446,"[2, 9, 14, 21]","[1568, 1024]","[1, 446, 2048]"
322,"Tune-A-Video/A writer sits at a desk, crafting a new novel.mp4",37.63,43.41594696044922,96.80281829833984,96.86238318681717,74.35283809900284,446,"[2, 9, 14, 21]","[1568, 1024]","[1, 446, 2048]"
323,Tune-A-Video/An adorable little cat is napping on the windowsill.mp4,42.38,41.848915100097656,90.70387268066406,90.88176488876343,74.60374385118484,446,"[2, 9, 14, 21]","[1568, 1024]","[1, 446, 2048]"
324,Tune-A-Video/An ancient church is a landmark in the village.mp4,49.2,42.756439208984375,65.07315063476562,65.28563797473907,61.893969774246216,446,"[2, 9, 14, 21]","[1568, 1024]","[1, 446, 2048]"
325,Tune-A-Video/An explorer searches for adventure in the forest.mp4,36.09,35.703617095947266,104.52377319335938,104.66094315052032,53.71423810720444,446,"[2, 9, 14, 21]","[1568, 1024]","[1, 446, 2048]"
326,Tune-A-Video/An orchid blooms with deep purple flowers.mp4,45.61,50.077980041503906,88.04863739013672,88.20880949497223,123.22921305894852,446,"[2, 9, 14, 21]","[1568, 1024]","[1, 446, 2048]"
327,"Tune-A-Video/Blue skies and fluffy clouds, ever-changing shapes like poetry.mp4",31.07,42.579551696777344,89.07469177246094,90.10494500398636,62.8923699259758,446,"[2, 9, 14, 21]","[1568, 1024]","[1, 446, 2048]"
328,Tune-A-Video/Cherry trees in the orchard are filled with red fruit.mp4,44.0,55.18024444580078,98.08895874023438,98.2620120048523,77.35077291727066,446,"[2, 9, 14, 21]","[1568, 1024]","[1, 446, 2048]"
329,Tune-A-Video/Children dig sandcastles on the beach.mp4,34.31,36.630027770996094,90.98137664794922,91.1150723695755,136.75733655691147,446,"[2, 9, 14, 21]","[1568, 1024]","[1, 446, 2048]"
330,Tune-A-Video/Crocodiles swim leisurely in the lake.mp4,42.74,40.520565032958984,99.99359893798828,100.36379098892212,112.60736733675003,446,"[2, 9, 14, 21]","[1568, 1024]","[1, 446, 2048]"
331,Tune-A-Video/Great white sharks swim majestically in the depths of the ocean.mp4,41.52,44.511436462402344,76.22144317626953,76.28949731588364,70.57663798332214,446,"[2, 9, 14, 21]","[1568, 1024]","[1, 446, 2048]"
332,"Tune-A-Video/In a rugby match, players vied for possession of the rugby ball.mp4",39.29,46.50910949707031,90.03314971923828,90.19967168569565,131.5421536564827,446,"[2, 9, 14, 21]","[1568, 1024]","[1, 446, 2048]"
333,"Tune-A-Video/In front of a farmhouse, there is a swing.mp4",38.99,37.927879333496094,89.8887710571289,90.05346149206161,54.305270314216614,446,"[2, 9, 14, 21]","[1568, 1024]","[1, 446, 2048]"
334,Tune-A-Video/Military aircraft are neatly lined up on the military base.mp4,37.53,45.793766021728516,91.26399993896484,91.41074866056442,76.43596827983856,446,"[2, 9, 14, 21]","[1568, 1024]","[1, 446, 2048]"
335,Tune-A-Video/Parents pick up students at the bus stop.mp4,32.81,33.412742614746094,54.77376174926758,54.8284575343132,82.44717121124268,446,"[2, 9, 14, 21]","[1568, 1024]","[1, 446, 2048]"
336,Tune-A-Video/People sunbathe on the lawn.mp4,22.67,45.342185974121094,91.8814697265625,92.0373722910881,116.80039763450623,446,"[2, 9, 14, 21]","[1568, 1024]","[1, 446, 2048]"
337,Tune-A-Video/People taking a leisurely walk admire the lake view.mp4,55.3,46.58552551269531,89.92870330810547,90.07808566093445,91.30728989839554,446,"[2, 9, 14, 21]","[1568, 1024]","[1, 446, 2048]"
338,"Tune-A-Video/Plateaus surrounding lakes, embraced by peaceful and harmonious mountains.mp4",55.8,52.27003860473633,84.84146881103516,84.97559279203415,90.72063863277435,446,"[2, 9, 14, 21]","[1568, 1024]","[1, 446, 2048]"
339,Tune-A-Video/Purple lavender grows in the field.mp4,45.4,43.003726959228516,78.01651000976562,79.04490828514099,86.46998554468155,446,"[2, 9, 14, 21]","[1568, 1024]","[1, 446, 2048]"
340,Tune-A-Video/Sharks dart through the water.mp4,40.43,45.958290100097656,89.40338897705078,89.57301825284958,68.83350759744644,446,"[2, 9, 14, 21]","[1568, 1024]","[1, 446, 2048]"
341,Tune-A-Video/Soldiers are setting up tents in the camp.mp4,61.83,40.53191375732422,66.6777572631836,66.82390719652176,130.05488365888596,446,"[2, 9, 14, 21]","[1568, 1024]","[1, 446, 2048]"
342,Tune-A-Video/Students and teachers discuss topics in the classroom.mp4,60.29,43.134300231933594,76.14463806152344,76.20841264724731,121.0586279630661,446,"[2, 9, 14, 21]","[1568, 1024]","[1, 446, 2048]"
343,Tune-A-Video/Students create exquisite artwork in art class.mp4,37.01,44.94205093383789,84.89574432373047,85.26932448148727,117.2320619225502,446,"[2, 9, 14, 21]","[1568, 1024]","[1, 446, 2048]"
344,Tune-A-Video/Students enjoy tasty sandwiches in the cafeteria.mp4,41.39,50.92035675048828,89.11974334716797,89.25166726112366,140.60109853744507,446,"[2, 9, 14, 21]","[1568, 1024]","[1, 446, 2048]"
345,"Tune-A-Video/Students enjoy their time on campus, full of youthful energy.mp4",32.52,37.22767639160156,99.24198150634766,99.36834126710892,93.03019195795059,446,"[2, 9, 14, 21]","[1568, 1024]","[1, 446, 2048]"
346,"Tune-A-Video/Students line up in the cafeteria, waiting for lunch.mp4",41.02,29.39301300048828,64.7352294921875,64.92450833320618,108.98827016353607,446,"[2, 9, 14, 21]","[1568, 1024]","[1, 446, 2048]"
347,Tune-A-Video/Students participate in celebration ceremonies in the school courtyard.mp4,41.3,40.394561767578125,86.90483093261719,87.05099672079086,120.50224840641022,446,"[2, 9, 14, 21]","[1568, 1024]","[1, 446, 2048]"
348,Tune-A-Video/Students program in the computer lab.mp4,29.0,31.43429183959961,90.37619018554688,90.49637615680695,67.46425479650497,446,"[2, 9, 14, 21]","[1568, 1024]","[1, 446, 2048]"
349,Tune-A-Video/Students savor delicious soups in the cafeteria.mp4,42.49,51.71202850341797,94.37798309326172,94.43939477205276,122.80991673469543,446,"[2, 9, 14, 21]","[1568, 1024]","[1, 446, 2048]"
350,Tune-A-Video/Sunflowers stand tall in a field.mp4,58.68,53.92986297607422,90.50316619873047,90.64451605081558,123.81783127784729,446,"[2, 9, 14, 21]","[1568, 1024]","[1, 446, 2048]"
351,Tune-A-Video/Sunlight is streaming through the leaves onto the grass.mp4,30.83,56.618614196777344,90.50521850585938,92.05418825149536,122.053362429142,446,"[2, 9, 14, 21]","[1568, 1024]","[1, 446, 2048]"
352,Tune-A-Video/Swallows soar in the air.mp4,44.06,49.365760803222656,76.1180191040039,76.18239521980286,64.34153020381927,446,"[2, 9, 14, 21]","[1568, 1024]","[1, 446, 2048]"
353,Tune-A-Video/Teenage skateboarders perform tricks by the pond.mp4,44.07,53.569244384765625,65.18067169189453,65.3921440243721,77.54864543676376,446,"[2, 9, 14, 21]","[1568, 1024]","[1, 446, 2048]"
354,"Tune-A-Video/The campus has colorful gardens, full of vitality.mp4",24.64,44.83399963378906,115.25017547607422,115.3617724776268,149.85428750514984,446,"[2, 9, 14, 21]","[1568, 1024]","[1, 446, 2048]"
355,Tune-A-Video/The commander is strategizing in front of a map.mp4,37.17,37.01531982421875,79.05587005615234,79.12252098321915,126.04662030935287,446,"[2, 9, 14, 21]","[1568, 1024]","[1, 446, 2048]"
356,Tune-A-Video/The crickets chirped merrily in the summer night.mp4,32.51,40.70936584472656,89.57542419433594,89.72588926553726,68.57477873563766,446,"[2, 9, 14, 21]","[1568, 1024]","[1, 446, 2048]"
357,Tune-A-Video/The leaves of a purple-leaf plum tree turn deep purple.mp4,42.8,52.713523864746094,89.66041564941406,89.83121812343597,74.9836191534996,446,"[2, 9, 14, 21]","[1568, 1024]","[1, 446, 2048]"
358,Tune-A-Video/The lion roars majestically on the grassland.mp4,44.07,39.9088020324707,72.58112335205078,72.6357102394104,131.59587979316711,446,"[2, 9, 14, 21]","[1568, 1024]","[1, 446, 2048]"
359,Tune-A-Video/The parrot chirped in the treetops.mp4,34.03,47.53483963012695,66.46988677978516,67.56052374839783,106.5024882555008,446,"[2, 9, 14, 21]","[1568, 1024]","[1, 446, 2048]"
360,Tune-A-Video/The roof of a farmhouse is covered in moss.mp4,49.19,51.12385559082031,91.40531158447266,91.68360382318497,90.22242575883865,446,"[2, 9, 14, 21]","[1568, 1024]","[1, 446, 2048]"
361,Tune-A-Video/The rural stream serves as the water source for villagers.mp4,50.54,46.497737884521484,82.4606704711914,83.16878229379654,87.49204128980637,446,"[2, 9, 14, 21]","[1568, 1024]","[1, 446, 2048]"
362,Tune-A-Video/The school auditorium is decorated with festive decorations.mp4,44.53,40.16234588623047,90.70387268066406,90.77288955450058,80.44721186161041,446,"[2, 9, 14, 21]","[1568, 1024]","[1, 446, 2048]"
363,Tune-A-Video/The seahorse swayed slowly on the sea floor.mp4,50.73,49.51240539550781,96.61849975585938,96.94591164588928,78.57822626829147,446,"[2, 9, 14, 21]","[1568, 1024]","[1, 446, 2048]"
364,Tune-A-Video/There are boats on the park lake.mp4,45.69,54.37868881225586,98.3562240600586,98.46773743629456,116.0924956202507,446,"[2, 9, 14, 21]","[1568, 1024]","[1, 446, 2048]"
365,Tune-A-Video/There's a drum and guitar in the music classroom.mp4,32.59,34.44148254394531,82.38796997070312,82.45154470205307,54.2125478386879,446,"[2, 9, 14, 21]","[1568, 1024]","[1, 446, 2048]"
366,"Tune-A-Video/Unique desert landscapes, with dunes sculpted by the wind.mp4",50.71,50.23360824584961,65.0782699584961,66.5053054690361,82.4778825044632,446,"[2, 9, 14, 21]","[1568, 1024]","[1, 446, 2048]"
367,Tune-A-Video/Various fruit trees grow in the countryside.mp4,33.98,44.22601318359375,89.42591857910156,89.59448337554932,142.41354912519455,446,"[2, 9, 14, 21]","[1568, 1024]","[1, 446, 2048]"
368,Tune-A-Video/Vendors at the market display fresh fruits and vegetables.mp4,50.75,53.48490905761719,91.45855712890625,91.61096066236496,175.96547305583954,446,"[2, 9, 14, 21]","[1568, 1024]","[1, 446, 2048]"
369,Tune-A-Video/Visitors get information at the park's visitor center.mp4,32.58,30.961132049560547,88.6661148071289,88.80677074193954,105.75424879789352,446,"[2, 9, 14, 21]","[1568, 1024]","[1, 446, 2048]"
370,"Tune-A-Video/Wandering through a forest path, surrounded by emerald greenery.mp4",29.39,33.552490234375,76.59315490722656,76.65685564279556,144.38995718955994,446,"[2, 9, 14, 21]","[1568, 1024]","[1, 446, 2048]"
371,"Tune-A-Video/Willow trees by the river, swaying gently in the calming breeze.mp4",37.57,41.36979293823242,114.7699203491211,115.05916714668274,79.36976104974747,446,"[2, 9, 14, 21]","[1568, 1024]","[1, 446, 2048]"
372,"VideoCrafter/A baseball player swung the bat, preparing for a home run.mp4",42.37,39.42182159423828,98.32345581054688,99.82071071863174,145.26011794805527,446,"[2, 6, 9, 14]","[1568, 1024]","[1, 446, 2048]"
373,VideoCrafter/A bowl of hot soup is especially delicious on a cold winter day.mp4,51.81,47.49952697753906,89.5631332397461,89.75850045681,133.89728963375092,446,"[2, 6, 9, 14]","[1568, 1024]","[1, 446, 2048]"
374,VideoCrafter/A bowl of ramen has delicious pork and seaweed.mp4,50.65,52.463134765625,90.28813171386719,90.44135361909866,156.7961946129799,446,"[2, 6, 9, 14]","[1568, 1024]","[1, 446, 2048]"
375,VideoCrafter/A bowl of rich French onion soup emanates an enticing aroma.mp4,37.57,48.13983917236328,95.66617584228516,95.84231674671173,141.80251210927963,446,"[2, 6, 9, 14]","[1568, 1024]","[1, 446, 2048]"
376,VideoCrafter/A bowl of spicy Mexican chili is very delicious.mp4,45.87,41.33917999267578,125.50348663330078,125.62219798564911,160.747192800045,446,"[2, 6, 9, 14]","[1568, 1024]","[1, 446, 2048]"
377,VideoCrafter/A butterfly gracefully dances among the flowers.mp4,57.24,44.322139739990234,91.64288330078125,91.77811443805695,148.18672090768814,446,"[2, 6, 9, 14]","[1568, 1024]","[1, 446, 2048]"
378,VideoCrafter/A cactus thrives in the harsh desert.mp4,49.23,46.700340270996094,121.44742584228516,121.58791720867157,124.43239241838455,446,"[2, 6, 9, 14]","[1568, 1024]","[1, 446, 2048]"
379,"VideoCrafter/A couple walks hand in hand on the beach, listening to the sound of the waves.mp4",43.94,39.740657806396484,90.9455337524414,91.0639762878418,136.41446083784103,446,"[2, 6, 9, 14]","[1568, 1024]","[1, 446, 2048]"
380,VideoCrafter/A cup of hot chocolate is fragrant.mp4,44.36,49.46116256713867,90.9649887084961,91.09944105148315,132.50374794006348,446,"[2, 6, 9, 14]","[1568, 1024]","[1, 446, 2048]"
381,VideoCrafter/A daffodil sways in the spring breeze.mp4,45.96,42.336124420166016,105.30815887451172,105.37540912628174,150.85088461637497,446,"[2, 6, 9, 14]","[1568, 1024]","[1, 446, 2048]"
382,VideoCrafter/A designer creates fashionable clothing designs.mp4,48.93,44.75975036621094,65.30560302734375,65.50095230340958,176.20377242565155,446,"[2, 6, 9, 14]","[1568, 1024]","[1, 446, 2048]"
383,VideoCrafter/A diver is exploring the underwater world under the coral reef.mp4,43.98,47.603816986083984,56.6005744934082,56.91560357809067,137.0716243982315,446,"[2, 6, 9, 14]","[1568, 1024]","[1, 446, 2048]"
384,VideoCrafter/A doctor cares for patients in the hospital.mp4,47.86,39.32872009277344,91.863037109375,91.98242425918579,128.69709730148315,446,"[2, 6, 9, 14]","[1568, 1024]","[1, 446, 2048]"
385,VideoCrafter/A doctor is carefully examining a patient's body.mp4,37.72,43.40998840332031,98.73715209960938,98.89627248048782,142.0498639345169,446,"[2, 6, 9, 14]","[1568, 1024]","[1, 446, 2048]"
386,VideoCrafter/A family goes to the movies on the weekend.mp4,24.1,41.35509490966797,92.38118743896484,92.8182452917099,131.2526911497116,446,"[2, 6, 9, 14]","[1568, 1024]","[1, 446, 2048]"
387,VideoCrafter/A field of dandelions lines the side of a rural road.mp4,53.8,44.855010986328125,90.90764617919922,91.01080149412155,166.55346751213074,446,"[2, 6, 9, 14]","[1568, 1024]","[1, 446, 2048]"
388,VideoCrafter/A golden field of wheat sways gently in the breeze.mp4,37.98,47.61022186279297,112.3061752319336,112.39785701036453,146.84008061885834,446,"[2, 6, 9, 14]","[1568, 1024]","[1, 446, 2048]"
389,VideoCrafter/A group of villagers wash clothes by the stream.mp4,44.52,37.98395919799805,93.6816635131836,93.82367879152298,167.38706827163696,446,"[2, 6, 9, 14]","[1568, 1024]","[1, 446, 2048]"
390,VideoCrafter/A hippo leisurely floats in the water.mp4,34.05,39.61260223388672,93.85676574707031,93.93858164548874,150.0084474682808,446,"[2, 6, 9, 14]","[1568, 1024]","[1, 446, 2048]"
391,VideoCrafter/A kangaroo jumps across the Australian desert.mp4,32.46,38.66261291503906,91.49337768554688,92.91455894708633,146.06736600399017,446,"[2, 6, 9, 14]","[1568, 1024]","[1, 446, 2048]"
392,VideoCrafter/A lotus leaf floats on a serene pond.mp4,50.89,48.477054595947266,81.04857635498047,81.11582696437836,147.84712344408035,446,"[2, 6, 9, 14]","[1568, 1024]","[1, 446, 2048]"
393,VideoCrafter/A milkshake is garnished with fresh strawberries and cream.mp4,42.76,51.24821472167969,91.60704040527344,91.69960021972656,151.5902876853943,446,"[2, 6, 9, 14]","[1568, 1024]","[1, 446, 2048]"
394,VideoCrafter/A painter showcases their art on an outdoor gallery.mp4,47.49,39.1722297668457,76.52761840820312,76.59375667572021,155.44553846120834,446,"[2, 6, 9, 14]","[1568, 1024]","[1, 446, 2048]"
395,VideoCrafter/A peony blooms with snow-white petals.mp4,52.67,47.48255157470703,92.3904037475586,92.49264001846313,136.39307767152786,446,"[2, 6, 9, 14]","[1568, 1024]","[1, 446, 2048]"
396,VideoCrafter/A pet owner walks their dog in the park.mp4,42.77,40.636837005615234,75.85485076904297,75.91851055622101,166.27045720815659,446,"[2, 6, 9, 14]","[1568, 1024]","[1, 446, 2048]"
397,VideoCrafter/A photographer captures the neon lights of the city.mp4,42.83,43.40798568725586,92.66893005371094,92.89112687110901,140.26108384132385,446,"[2, 6, 9, 14]","[1568, 1024]","[1, 446, 2048]"
398,VideoCrafter/A piece of French bread is spread with butter.mp4,49.31,51.78481674194336,90.28607940673828,90.45223891735077,97.42311388254166,446,"[2, 6, 9, 14]","[1568, 1024]","[1, 446, 2048]"
399,VideoCrafter/A piece of cheesecake is covered with blueberry sauce.mp4,57.44,60.707176208496094,56.948734283447266,57.00252205133438,148.37297797203064,446,"[2, 6, 9, 14]","[1568, 1024]","[1, 446, 2048]"
400,VideoCrafter/A pizza is topped with Italian sausage and mushrooms.mp4,42.39,41.69999313354492,65.18067169189453,65.39010256528854,150.7524996995926,446,"[2, 6, 9, 14]","[1568, 1024]","[1, 446, 2048]"
401,VideoCrafter/A purple bellflower opens in the sunlight.mp4,47.79,49.492218017578125,78.129150390625,78.19423824548721,148.53522181510925,446,"[2, 6, 9, 14]","[1568, 1024]","[1, 446, 2048]"
402,VideoCrafter/A roasted cod fish is garnished with fresh herbs.mp4,48.72,47.143089294433594,66.20979309082031,66.40235334634781,151.40565484762192,446,"[2, 6, 9, 14]","[1568, 1024]","[1, 446, 2048]"
403,VideoCrafter/A roasted salmon is presented on a plate.mp4,55.74,40.577293395996094,89.45970916748047,89.61934596300125,135.47969609498978,446,"[2, 6, 9, 14]","[1568, 1024]","[1, 446, 2048]"
404,VideoCrafter/A salad is sprinkled with nuts and fruits.mp4,56.89,53.84105682373047,90.86156463623047,90.9842699766159,153.28199416399002,446,"[2, 6, 9, 14]","[1568, 1024]","[1, 446, 2048]"
405,VideoCrafter/A sausage is grilled slightly crispy on the barbecue.mp4,50.7,44.39744567871094,89.4023666381836,89.54358100891113,135.67309081554413,446,"[2, 6, 9, 14]","[1568, 1024]","[1, 446, 2048]"
406,VideoCrafter/A skier enjoys the thrill of skiing on a snowy mountain.mp4,62.08,45.301204681396484,87.88275146484375,87.94676512479782,111.81281507015228,446,"[2, 6, 9, 14]","[1568, 1024]","[1, 446, 2048]"
407,VideoCrafter/A slice of French chocolate mousse cake brings sweet delight.mp4,41.77,46.08984375,90.67724609375,90.79468995332718,119.10105496644974,446,"[2, 6, 9, 14]","[1568, 1024]","[1, 446, 2048]"
408,VideoCrafter/A tennis player elegantly slid on the grass court.mp4,37.92,45.14707565307617,92.30847930908203,92.52183139324188,129.48565185070038,446,"[2, 6, 9, 14]","[1568, 1024]","[1, 446, 2048]"
409,VideoCrafter/A tennis player made spectacular plays at the net.mp4,37.4,43.20271301269531,90.72537231445312,90.90742468833923,147.82335609197617,446,"[2, 6, 9, 14]","[1568, 1024]","[1, 446, 2048]"
410,VideoCrafter/A thin pancake is spread with butter and maple syrup.mp4,45.76,45.65555953979492,83.5788803100586,83.78046751022339,172.57900536060333,446,"[2, 6, 9, 14]","[1568, 1024]","[1, 446, 2048]"
411,VideoCrafter/A water skier created splashes on the lake.mp4,50.55,46.237274169921875,73.41875457763672,73.47217947244644,124.08941239118576,446,"[2, 6, 9, 14]","[1568, 1024]","[1, 446, 2048]"
412,"VideoCrafter/A waterfall cascades gracefully, resembling a silver thread.mp4",60.11,48.4898567199707,93.28947448730469,93.44934672117233,158.12593698501587,446,"[2, 6, 9, 14]","[1568, 1024]","[1, 446, 2048]"
413,VideoCrafter/A wheat field sways gracefully in the gentle breeze.mp4,43.66,47.8189582824707,54.2474250793457,54.29891496896744,132.34058022499084,446,"[2, 6, 9, 14]","[1568, 1024]","[1, 446, 2048]"
414,VideoCrafter/A white orchid grows in a potted plant.mp4,44.3,53.535362243652344,67.58707427978516,67.81768798828125,123.76862019300461,446,"[2, 6, 9, 14]","[1568, 1024]","[1, 446, 2048]"
415,"VideoCrafter/A writer sits at a desk, crafting a new novel.mp4",41.02,41.23627853393555,94.35443115234375,94.51393038034439,139.41960781812668,446,"[2, 6, 9, 14]","[1568, 1024]","[1, 446, 2048]"
416,VideoCrafter/An adorable little cat is napping on the windowsill.mp4,37.0,43.23663330078125,83.94649505615234,84.00984108448029,119.80516463518143,446,"[2, 6, 9, 14]","[1568, 1024]","[1, 446, 2048]"
417,VideoCrafter/An ancient church is a landmark in the village.mp4,37.77,47.789833068847656,93.10514831542969,93.27605366706848,114.50433731079102,446,"[2, 6, 9, 14]","[1568, 1024]","[1, 446, 2048]"
418,VideoCrafter/An explorer searches for adventure in the forest.mp4,37.68,41.308448791503906,94.5080337524414,94.75062042474747,160.7615128159523,446,"[2, 6, 9, 14]","[1568, 1024]","[1, 446, 2048]"
419,VideoCrafter/An orchid blooms with deep purple flowers.mp4,48.91,58.71022415161133,91.51590728759766,91.63157641887665,154.91971373558044,446,"[2, 6, 9, 14]","[1568, 1024]","[1, 446, 2048]"
420,"VideoCrafter/Blue skies and fluffy clouds, ever-changing shapes like poetry.mp4",64.38,45.10874557495117,98.8037109375,98.87033700942993,135.60929149389267,446,"[2, 6, 9, 14]","[1568, 1024]","[1, 446, 2048]"
421,VideoCrafter/Cherry trees in the orchard are filled with red fruit.mp4,42.39,49.92681121826172,91.1994857788086,91.33725613355637,143.0814489722252,446,"[2, 6, 9, 14]","[1568, 1024]","[1, 446, 2048]"
422,VideoCrafter/Children dig sandcastles on the beach.mp4,49.02,42.577857971191406,86.81881713867188,87.8431648015976,149.90829676389694,446,"[2, 6, 9, 14]","[1568, 1024]","[1, 446, 2048]"
423,VideoCrafter/Crocodiles swim leisurely in the lake.mp4,34.13,36.124778747558594,90.65779113769531,90.78533947467804,137.1144875884056,446,"[2, 6, 9, 14]","[1568, 1024]","[1, 446, 2048]"
424,VideoCrafter/Great white sharks swim majestically in the depths of the ocean.mp4,30.77,41.30253601074219,93.69292449951172,93.87176483869553,134.99333709478378,446,"[2, 6, 9, 14]","[1568, 1024]","[1, 446, 2048]"
425,"VideoCrafter/In a rugby match, players vied for possession of the rugby ball.mp4",35.55,40.198612213134766,88.83302307128906,88.95417302846909,146.7631384730339,446,"[2, 6, 9, 14]","[1568, 1024]","[1, 446, 2048]"
426,"VideoCrafter/In front of a farmhouse, there is a swing.mp4",44.36,39.41732406616211,86.86182403564453,86.99359744787216,152.90645509958267,446,"[2, 6, 9, 14]","[1568, 1024]","[1, 446, 2048]"
427,VideoCrafter/Military aircraft are neatly lined up on the military base.mp4,40.61,40.17694091796875,82.08895874023438,83.09296518564224,139.92302864789963,446,"[2, 6, 9, 14]","[1568, 1024]","[1, 446, 2048]"
428,VideoCrafter/Parents pick up students at the bus stop.mp4,50.87,39.77651596069336,91.3407974243164,91.46284312009811,162.3612642288208,446,"[2, 6, 9, 14]","[1568, 1024]","[1, 446, 2048]"
429,VideoCrafter/People sunbathe on the lawn.mp4,39.31,36.793701171875,61.52396774291992,61.69182062149048,140.39872586727142,446,"[2, 6, 9, 14]","[1568, 1024]","[1, 446, 2048]"
430,VideoCrafter/People taking a leisurely walk admire the lake view.mp4,47.39,42.12436294555664,95.82182312011719,95.88403254747391,152.19696611166,446,"[2, 6, 9, 14]","[1568, 1024]","[1, 446, 2048]"
431,"VideoCrafter/Plateaus surrounding lakes, embraced by peaceful and harmonious mountains.mp4",44.28,45.52569580078125,94.53465270996094,94.69465911388397,158.80786627531052,446,"[2, 6, 9, 14]","[1568, 1024]","[1, 446, 2048]"
432,VideoCrafter/Purple lavender grows in the field.mp4,57.17,49.45854568481445,89.65631866455078,89.78742361068726,104.47650402784348,446,"[2, 6, 9, 14]","[1568, 1024]","[1, 446, 2048]"
433,VideoCrafter/Sharks dart through the water.mp4,44.31,40.45448684692383,76.38630676269531,76.4489695429802,132.08488374948502,446,"[2, 6, 9, 14]","[1568, 1024]","[1, 446, 2048]"
434,VideoCrafter/Soldiers are setting up tents in the camp.mp4,45.92,40.40348815917969,64.53555297851562,64.76137787103653,149.76535737514496,446,"[2, 6, 9, 14]","[1568, 1024]","[1, 446, 2048]"
435,VideoCrafter/Students and teachers discuss topics in the classroom.mp4,33.96,44.51079559326172,88.03123474121094,88.19252252578735,123.30006062984467,446,"[2, 6, 9, 14]","[1568, 1024]","[1, 446, 2048]"
436,VideoCrafter/Students create exquisite artwork in art class.mp4,46.04,47.15105438232422,96.1239013671875,96.3098555803299,130.21798431873322,446,"[2, 6, 9, 14]","[1568, 1024]","[1, 446, 2048]"
437,VideoCrafter/Students enjoy tasty sandwiches in the cafeteria.mp4,42.38,42.74763488769531,92.77337646484375,92.91157871484756,135.34482568502426,446,"[2, 6, 9, 14]","[1568, 1024]","[1, 446, 2048]"
438,"VideoCrafter/Students enjoy their time on campus, full of youthful energy.mp4",29.26,41.55067443847656,110.01958465576172,110.08477210998535,159.86040979623795,446,"[2, 6, 9, 14]","[1568, 1024]","[1, 446, 2048]"
439,"VideoCrafter/Students line up in the cafeteria, waiting for lunch.mp4",31.47,40.807491302490234,95.28729248046875,95.4267680644989,153.90532463788986,446,"[2, 6, 9, 14]","[1568, 1024]","[1, 446, 2048]"
440,VideoCrafter/Students participate in celebration ceremonies in the school courtyard.mp4,34.32,41.8642463684082,76.93926239013672,77.93135941028595,160.23163497447968,446,"[2, 6, 9, 14]","[1568, 1024]","[1, 446, 2048]"
441,VideoCrafter/Students program in the computer lab.mp4,32.28,41.40707015991211,93.47993469238281,94.45702284574509,106.15804046392441,446,"[2, 6, 9, 14]","[1568, 1024]","[1, 446, 2048]"
442,VideoCrafter/Students savor delicious soups in the cafeteria.mp4,34.05,39.70481872558594,101.48454284667969,101.63044184446335,140.63888043165207,446,"[2, 6, 9, 14]","[1568, 1024]","[1, 446, 2048]"
443,VideoCrafter/Sunflowers stand tall in a field.mp4,53.2,48.748069763183594,93.46969604492188,93.65726262331009,136.3605111837387,446,"[2, 6, 9, 14]","[1568, 1024]","[1, 446, 2048]"
444,VideoCrafter/Sunlight is streaming through the leaves onto the grass.mp4,48.47,41.546119689941406,90.90764617919922,91.06720238924026,168.78629475831985,446,"[2, 6, 9, 14]","[1568, 1024]","[1, 446, 2048]"
445,VideoCrafter/Swallows soar in the air.mp4,52.3,47.280540466308594,87.05638122558594,87.11645752191544,147.36387878656387,446,"[2, 6, 9, 14]","[1568, 1024]","[1, 446, 2048]"
446,VideoCrafter/Teenage skateboarders perform tricks by the pond.mp4,31.14,44.058589935302734,91.08684539794922,91.24927222728729,127.09533423185349,446,"[2, 6, 9, 14]","[1568, 1024]","[1, 446, 2048]"
447,"VideoCrafter/The campus has colorful gardens, full of vitality.mp4",38.19,43.16179656982422,51.79391860961914,51.844872534275055,108.3129420876503,446,"[2, 6, 9, 14]","[1568, 1024]","[1, 446, 2048]"
448,VideoCrafter/The commander is strategizing in front of a map.mp4,44.31,38.962562561035156,90.3372802734375,90.47819674015045,131.43498450517654,446,"[2, 6, 9, 14]","[1568, 1024]","[1, 446, 2048]"
449,VideoCrafter/The crickets chirped merrily in the summer night.mp4,57.19,46.263885498046875,71.57555389404297,71.83138281106949,152.55608409643173,446,"[2, 6, 9, 14]","[1568, 1024]","[1, 446, 2048]"
450,VideoCrafter/The leaves of a purple-leaf plum tree turn deep purple.mp4,50.82,44.61994934082031,92.33612823486328,92.40128844976425,130.99893927574158,446,"[2, 6, 9, 14]","[1568, 1024]","[1, 446, 2048]"
451,VideoCrafter/The lion roars majestically on the grassland.mp4,48.71,42.341941833496094,93.53523254394531,93.61633658409119,152.9250144958496,446,"[2, 6, 9, 14]","[1568, 1024]","[1, 446, 2048]"
452,VideoCrafter/The parrot chirped in the treetops.mp4,42.51,45.05442810058594,92.9771499633789,93.04271638393402,157.18750655651093,446,"[2, 6, 9, 14]","[1568, 1024]","[1, 446, 2048]"
453,VideoCrafter/The roof of a farmhouse is covered in moss.mp4,41.17,40.380714416503906,87.05126190185547,87.19834685325623,175.33961683511734,446,"[2, 6, 9, 14]","[1568, 1024]","[1, 446, 2048]"
454,VideoCrafter/The rural stream serves as the water source for villagers.mp4,40.77,41.27194595336914,100.22809600830078,100.2919003367424,148.06339144706726,446,"[2, 6, 9, 14]","[1568, 1024]","[1, 446, 2048]"
455,VideoCrafter/The school auditorium is decorated with festive decorations.mp4,30.93,37.21845245361328,87.8950424194336,88.04373443126678,164.25718367099762,446,"[2, 6, 9, 14]","[1568, 1024]","[1, 446, 2048]"
456,VideoCrafter/The seahorse swayed slowly on the sea floor.mp4,43.95,45.12684631347656,56.372222900390625,57.424381375312805,176.03319138288498,446,"[2, 6, 9, 14]","[1568, 1024]","[1, 446, 2048]"
457,VideoCrafter/There are boats on the park lake.mp4,37.78,43.78803253173828,94.95654296875,95.0729176402092,150.56495368480682,446,"[2, 6, 9, 14]","[1568, 1024]","[1, 446, 2048]"
458,VideoCrafter/There's a drum and guitar in the music classroom.mp4,37.71,42.61655044555664,93.30073547363281,93.45391392707825,135.83560287952423,446,"[2, 6, 9, 14]","[1568, 1024]","[1, 446, 2048]"
459,"VideoCrafter/Unique desert landscapes, with dunes sculpted by the wind.mp4",44.31,50.1279296875,91.8845443725586,92.04020351171494,160.3376865386963,446,"[2, 6, 9, 14]","[1568, 1024]","[1, 446, 2048]"
460,VideoCrafter/Various fruit trees grow in the countryside.mp4,35.97,45.375640869140625,91.21485137939453,91.33359044790268,215.1489481329918,446,"[2, 6, 9, 14]","[1568, 1024]","[1, 446, 2048]"
461,VideoCrafter/Vendors at the market display fresh fruits and vegetables.mp4,61.99,49.64103698730469,76.29209899902344,76.35404914617538,151.15297585725784,446,"[2, 6, 9, 14]","[1568, 1024]","[1, 446, 2048]"
462,VideoCrafter/Visitors get information at the park's visitor center.mp4,31.05,40.954593658447266,84.72064208984375,84.93969589471817,153.92104536294937,446,"[2, 6, 9, 14]","[1568, 1024]","[1, 446, 2048]"
463,"VideoCrafter/Wandering through a forest path, surrounded by emerald greenery.mp4",56.16,46.52595901489258,85.81324768066406,85.87577193975449,164.1247496008873,446,"[2, 6, 9, 14]","[1568, 1024]","[1, 446, 2048]"
464,"VideoCrafter/Willow trees by the river, swaying gently in the calming breeze.mp4",54.16,46.8515510559082,94.78758239746094,94.98809278011322,153.17921340465546,446,"[2, 6, 9, 14]","[1568, 1024]","[1, 446, 2048]"
465,"video_fusion/A baseball player swung the bat, preparing for a home run.mp4",44.25,42.77202224731445,88.79615783691406,88.94036710262299,33.39747339487076,446,"[2, 6, 9, 14]","[1568, 1024]","[1, 446, 2048]"
466,video_fusion/A bowl of hot soup is especially delicious on a cold winter day.mp4,54.08,47.058021545410156,75.70329284667969,75.76528191566467,30.124299228191376,446,"[2, 6, 9, 14]","[1568, 1024]","[1, 446, 2048]"
467,video_fusion/A bowl of ramen has delicious pork and seaweed.mp4,57.3,54.822593688964844,75.44422149658203,75.50422847270966,31.29688650369644,446,"[2, 6, 9, 14]","[1568, 1024]","[1, 446, 2048]"
468,video_fusion/A bowl of rich French onion soup emanates an enticing aroma.mp4,48.97,53.936256408691406,87.82335662841797,87.98475563526154,30.661553144454956,446,"[2, 6, 9, 14]","[1568, 1024]","[1, 446, 2048]"
469,video_fusion/A bowl of spicy Mexican chili is very delicious.mp4,55.53,55.17597579956055,87.63699340820312,87.76511996984482,32.28677064180374,446,"[2, 6, 9, 14]","[1568, 1024]","[1, 446, 2048]"
470,video_fusion/A butterfly gracefully dances among the flowers.mp4,52.62,47.89488220214844,65.544189453125,65.73197990655899,29.92057055234909,446,"[2, 6, 9, 14]","[1568, 1024]","[1, 446, 2048]"
471,video_fusion/A cactus thrives in the harsh desert.mp4,63.92,57.61289978027344,62.17523193359375,62.41101026535034,28.13628315925598,446,"[2, 6, 9, 14]","[1568, 1024]","[1, 446, 2048]"
472,"video_fusion/A couple walks hand in hand on the beach, listening to the sound of the waves.mp4",54.74,38.06492233276367,92.78975677490234,92.95322746038437,31.860031187534332,446,"[2, 6, 9, 14]","[1568, 1024]","[1, 446, 2048]"
473,video_fusion/A cup of hot chocolate is fragrant.mp4,47.45,49.88960266113281,77.94175720214844,78.01871001720428,31.974218785762787,446,"[2, 6, 9, 14]","[1568, 1024]","[1, 446, 2048]"
474,video_fusion/A daffodil sways in the spring breeze.mp4,61.72,47.16548156738281,65.17759704589844,65.38838148117065,29.41439300775528,446,"[2, 6, 9, 14]","[1568, 1024]","[1, 446, 2048]"
475,video_fusion/A designer creates fashionable clothing designs.mp4,47.41,44.78507995605469,65.20012664794922,65.3810128569603,29.697544872760773,446,"[2, 6, 9, 14]","[1568, 1024]","[1, 446, 2048]"
476,video_fusion/A diver is exploring the underwater world under the coral reef.mp4,60.19,47.85566711425781,90.46527862548828,90.64991772174835,31.1984121799469,446,"[2, 6, 9, 14]","[1568, 1024]","[1, 446, 2048]"
477,video_fusion/A doctor cares for patients in the hospital.mp4,66.71,46.45756149291992,66.06438446044922,66.17770344018936,31.017020344734192,446,"[2, 6, 9, 14]","[1568, 1024]","[1, 446, 2048]"
478,video_fusion/A doctor is carefully examining a patient's body.mp4,50.64,47.26137161254883,48.648193359375,48.701755702495575,27.47238427400589,446,"[2, 6, 9, 14]","[1568, 1024]","[1, 446, 2048]"
479,video_fusion/A family goes to the movies on the weekend.mp4,39.52,41.47268295288086,51.40582275390625,52.440837025642395,28.161436319351196,446,"[2, 6, 9, 14]","[1568, 1024]","[1, 446, 2048]"
480,video_fusion/A field of dandelions lines the side of a rural road.mp4,44.27,45.954837799072266,64.18943786621094,64.4068643450737,26.100561022758484,446,"[2, 6, 9, 14]","[1568, 1024]","[1, 446, 2048]"
481,video_fusion/A golden field of wheat sways gently in the breeze.mp4,49.3,49.29833221435547,67.47443389892578,67.77606904506683,27.280479669570923,446,"[2, 6, 9, 14]","[1568, 1024]","[1, 446, 2048]"
482,video_fusion/A group of villagers wash clothes by the stream.mp4,48.53,39.89204406738281,65.02400207519531,65.21745026111603,28.682537376880646,446,"[2, 6, 9, 14]","[1568, 1024]","[1, 446, 2048]"
483,video_fusion/A hippo leisurely floats in the water.mp4,60.32,45.86474609375,65.35372924804688,65.53144007921219,29.891662299633026,446,"[2, 6, 9, 14]","[1568, 1024]","[1, 446, 2048]"
484,video_fusion/A kangaroo jumps across the Australian desert.mp4,47.77,41.325496673583984,65.48992156982422,65.70205092430115,29.37004715204239,446,"[2, 6, 9, 14]","[1568, 1024]","[1, 446, 2048]"
485,video_fusion/A lotus leaf floats on a serene pond.mp4,54.1,46.736141204833984,49.7182731628418,51.16970092058182,31.899981200695038,446,"[2, 6, 9, 14]","[1568, 1024]","[1, 446, 2048]"
486,video_fusion/A milkshake is garnished with fresh strawberries and cream.mp4,50.63,56.01829528808594,49.74284744262695,51.23446881771088,25.9731262922287,446,"[2, 6, 9, 14]","[1568, 1024]","[1, 446, 2048]"
487,video_fusion/A painter showcases their art on an outdoor gallery.mp4,45.89,51.996646881103516,64.09420776367188,64.32446837425232,28.44158560037613,446,"[2, 6, 9, 14]","[1568, 1024]","[1, 446, 2048]"
488,video_fusion/A peony blooms with snow-white petals.mp4,44.31,44.55388641357422,64.80486297607422,65.04388153553009,28.178535401821136,446,"[2, 6, 9, 14]","[1568, 1024]","[1, 446, 2048]"
489,video_fusion/A pet owner walks their dog in the park.mp4,54.66,44.38467025756836,64.53862762451172,64.72888588905334,30.93181550502777,446,"[2, 6, 9, 14]","[1568, 1024]","[1, 446, 2048]"
490,video_fusion/A photographer captures the neon lights of the city.mp4,25.55,45.197853088378906,65.30867004394531,65.46759605407715,30.302785336971283,446,"[2, 6, 9, 14]","[1568, 1024]","[1, 446, 2048]"
491,video_fusion/A piece of French bread is spread with butter.mp4,67.54,56.89834213256836,64.69324493408203,64.87802416086197,26.522107422351837,446,"[2, 6, 9, 14]","[1568, 1024]","[1, 446, 2048]"
492,video_fusion/A piece of cheesecake is covered with blueberry sauce.mp4,58.34,48.557594299316406,72.24114990234375,72.43311405181885,27.270115911960602,446,"[2, 6, 9, 14]","[1568, 1024]","[1, 446, 2048]"
493,video_fusion/A pizza is topped with Italian sausage and mushrooms.mp4,61.97,50.36896896362305,71.66976165771484,71.71887904405594,27.884140610694885,446,"[2, 6, 9, 14]","[1568, 1024]","[1, 446, 2048]"
494,video_fusion/A purple bellflower opens in the sunlight.mp4,56.89,51.23124694824219,86.60991668701172,86.67175471782684,29.030218720436096,446,"[2, 6, 9, 14]","[1568, 1024]","[1, 446, 2048]"
495,video_fusion/A roasted cod fish is garnished with fresh herbs.mp4,47.77,53.58918762207031,61.409278869628906,62.850289046764374,29.794685542583466,446,"[2, 6, 9, 14]","[1568, 1024]","[1, 446, 2048]"
496,video_fusion/A roasted salmon is presented on a plate.mp4,68.83,50.50853729248047,65.76947021484375,65.97892940044403,26.936568319797516,446,"[2, 6, 9, 14]","[1568, 1024]","[1, 446, 2048]"
497,video_fusion/A salad is sprinkled with nuts and fruits.mp4,65.33,54.901363372802734,62.92172622680664,63.09817731380463,30.776746571063995,446,"[2, 6, 9, 14]","[1568, 1024]","[1, 446, 2048]"
498,video_fusion/A sausage is grilled slightly crispy on the barbecue.mp4,58.83,50.944618225097656,65.15507507324219,65.36214053630829,28.37623655796051,446,"[2, 6, 9, 14]","[1568, 1024]","[1, 446, 2048]"
499,video_fusion/A skier enjoys the thrill of skiing on a snowy mountain.mp4,55.8,44.34088897705078,63.222782135009766,63.73199075460434,30.102744698524475,446,"[2, 6, 9, 14]","[1568, 1024]","[1, 446, 2048]"
500,video_fusion/A slice of French chocolate mousse cake brings sweet delight.mp4,70.21,54.961204528808594,49.20217514038086,49.25627261400223,27.745768427848816,446,"[2, 6, 9, 14]","[1568, 1024]","[1, 446, 2048]"
501,video_fusion/A tennis player elegantly slid on the grass court.mp4,45.5,44.374488830566406,76.49075317382812,76.55297219753265,31.009651720523834,446,"[2, 6, 9, 14]","[1568, 1024]","[1, 446, 2048]"
502,video_fusion/A tennis player made spectacular plays at the net.mp4,42.52,39.208518981933594,91.45037078857422,91.5919840335846,32.525986433029175,446,"[2, 6, 9, 14]","[1568, 1024]","[1, 446, 2048]"
503,video_fusion/A thin pancake is spread with butter and maple syrup.mp4,53.83,48.294349670410156,66.74227142333984,67.0071467757225,30.52102029323578,446,"[2, 6, 9, 14]","[1568, 1024]","[1, 446, 2048]"
504,video_fusion/A water skier created splashes on the lake.mp4,47.23,39.896934509277344,90.6588134765625,90.8413901925087,30.869297683238983,446,"[2, 6, 9, 14]","[1568, 1024]","[1, 446, 2048]"
505,"video_fusion/A waterfall cascades gracefully, resembling a silver thread.mp4",39.4,52.220191955566406,63.938560485839844,64.12365287542343,28.992511332035065,446,"[2, 6, 9, 14]","[1568, 1024]","[1, 446, 2048]"
506,video_fusion/A wheat field sways gracefully in the gentle breeze.mp4,37.96,45.77460861206055,50.02547073364258,50.075992941856384,27.25324034690857,446,"[2, 6, 9, 14]","[1568, 1024]","[1, 446, 2048]"
507,video_fusion/A white orchid grows in a potted plant.mp4,52.38,63.48943328857422,49.63225555419922,49.866706132888794,27.64756977558136,446,"[2, 6, 9, 14]","[1568, 1024]","[1, 446, 2048]"
508,"video_fusion/A writer sits at a desk, crafting a new novel.mp4",35.98,43.487918853759766,60.9249267578125,61.087802052497864,28.620600700378418,446,"[2, 6, 9, 14]","[1568, 1024]","[1, 446, 2048]"
509,video_fusion/An adorable little cat is napping on the windowsill.mp4,52.57,50.74153137207031,61.916160583496094,62.15926259756088,27.985185384750366,446,"[2, 6, 9, 14]","[1568, 1024]","[1, 446, 2048]"
510,video_fusion/An ancient church is a landmark in the village.mp4,57.55,47.72060775756836,93.6079330444336,93.72833371162415,32.75211900472641,446,"[2, 6, 9, 14]","[1568, 1024]","[1, 446, 2048]"
511,video_fusion/An explorer searches for adventure in the forest.mp4,50.86,36.844417572021484,73.47097778320312,73.60269129276276,30.119359493255615,446,"[2, 6, 9, 14]","[1568, 1024]","[1, 446, 2048]"
512,video_fusion/An orchid blooms with deep purple flowers.mp4,52.58,45.598453521728516,65.0987548828125,65.29850512742996,29.68467026948929,446,"[2, 6, 9, 14]","[1568, 1024]","[1, 446, 2048]"
513,"video_fusion/Blue skies and fluffy clouds, ever-changing shapes like poetry.mp4",55.39,40.471920013427734,75.6500473022461,75.80095529556274,28.827808797359467,446,"[2, 6, 9, 14]","[1568, 1024]","[1, 446, 2048]"
514,video_fusion/Cherry trees in the orchard are filled with red fruit.mp4,44.3,48.33650207519531,50.85798263549805,50.912097096443176,31.515710055828094,446,"[2, 6, 9, 14]","[1568, 1024]","[1, 446, 2048]"
515,video_fusion/Children dig sandcastles on the beach.mp4,55.59,42.07992935180664,65.68141174316406,65.88134914636612,28.71295064687729,446,"[2, 6, 9, 14]","[1568, 1024]","[1, 446, 2048]"
516,video_fusion/Crocodiles swim leisurely in the lake.mp4,65.31,44.1412239074707,105.35628509521484,105.51384836435318,31.7450612783432,446,"[2, 6, 9, 14]","[1568, 1024]","[1, 446, 2048]"
517,video_fusion/Great white sharks swim majestically in the depths of the ocean.mp4,48.04,47.306884765625,90.77964782714844,90.92587232589722,30.793316662311554,446,"[2, 6, 9, 14]","[1568, 1024]","[1, 446, 2048]"
518,"video_fusion/In a rugby match, players vied for possession of the rugby ball.mp4",49.16,42.503631591796875,59.837440490722656,60.02025306224823,29.324598610401154,446,"[2, 6, 9, 14]","[1568, 1024]","[1, 446, 2048]"
519,"video_fusion/In front of a farmhouse, there is a swing.mp4",60.29,44.90454864501953,52.24959945678711,52.30214446783066,29.09672260284424,446,"[2, 6, 9, 14]","[1568, 1024]","[1, 446, 2048]"
520,video_fusion/Military aircraft are neatly lined up on the military base.mp4,48.75,43.14120101928711,50.65523147583008,50.704918801784515,27.357153594493866,446,"[2, 6, 9, 14]","[1568, 1024]","[1, 446, 2048]"
521,video_fusion/Parents pick up students at the bus stop.mp4,47.18,42.77626037597656,65.16633605957031,65.47816842794418,28.923898935317993,446,"[2, 6, 9, 14]","[1568, 1024]","[1, 446, 2048]"
522,video_fusion/People sunbathe on the lawn.mp4,39.29,43.642147064208984,66.28761291503906,66.48380309343338,29.237307608127594,446,"[2, 6, 9, 14]","[1568, 1024]","[1, 446, 2048]"
523,video_fusion/People taking a leisurely walk admire the lake view.mp4,47.44,44.10349655151367,65.38444519042969,65.57521224021912,28.601929545402527,446,"[2, 6, 9, 14]","[1568, 1024]","[1, 446, 2048]"
524,"video_fusion/Plateaus surrounding lakes, embraced by peaceful and harmonious mountains.mp4",45.68,46.439334869384766,69.21727752685547,69.37514990568161,26.36110782623291,446,"[2, 6, 9, 14]","[1568, 1024]","[1, 446, 2048]"
525,video_fusion/Purple lavender grows in the field.mp4,52.53,54.291053771972656,114.50367736816406,114.63125050067902,32.31693059206009,446,"[2, 6, 9, 14]","[1568, 1024]","[1, 446, 2048]"
526,video_fusion/Sharks dart through the water.mp4,39.24,40.79381561279297,102.85465240478516,102.93596237897873,37.108972668647766,446,"[2, 6, 9, 14]","[1568, 1024]","[1, 446, 2048]"
527,video_fusion/Soldiers are setting up tents in the camp.mp4,47.29,43.832637786865234,50.718719482421875,50.77018588781357,27.440965175628662,446,"[2, 6, 9, 14]","[1568, 1024]","[1, 446, 2048]"
528,video_fusion/Students and teachers discuss topics in the classroom.mp4,39.36,41.7500114440918,61.903873443603516,62.22420930862427,33.20053964853287,446,"[2, 6, 9, 14]","[1568, 1024]","[1, 446, 2048]"
529,video_fusion/Students create exquisite artwork in art class.mp4,40.66,45.817928314208984,60.51020812988281,60.68015098571777,30.396848917007446,446,"[2, 6, 9, 14]","[1568, 1024]","[1, 446, 2048]"
530,video_fusion/Students enjoy tasty sandwiches in the cafeteria.mp4,37.71,41.799373626708984,65.21036529541016,65.42809307575226,27.28157490491867,446,"[2, 6, 9, 14]","[1568, 1024]","[1, 446, 2048]"
531,"video_fusion/Students enjoy their time on campus, full of youthful energy.mp4",42.68,45.563880920410156,68.8875503540039,69.0639391541481,28.92822027206421,446,"[2, 6, 9, 14]","[1568, 1024]","[1, 446, 2048]"
532,"video_fusion/Students line up in the cafeteria, waiting for lunch.mp4",55.27,39.49384307861328,62.78348922729492,62.99899518489838,30.530251562595367,446,"[2, 6, 9, 14]","[1568, 1024]","[1, 446, 2048]"
533,video_fusion/Students participate in celebration ceremonies in the school courtyard.mp4,47.92,42.977447509765625,55.947265625,56.29625916481018,28.032727539539337,446,"[2, 6, 9, 14]","[1568, 1024]","[1, 446, 2048]"
534,video_fusion/Students program in the computer lab.mp4,49.2,47.908897399902344,76.21734619140625,76.27526670694351,35.33618897199631,446,"[2, 6, 9, 14]","[1568, 1024]","[1, 446, 2048]"
535,video_fusion/Students savor delicious soups in the cafeteria.mp4,42.39,43.244422912597656,63.882240295410156,64.91991132497787,31.575366854667664,446,"[2, 6, 9, 14]","[1568, 1024]","[1, 446, 2048]"
536,video_fusion/Sunflowers stand tall in a field.mp4,49.18,47.71786117553711,65.46022033691406,65.65354764461517,35.447858273983,446,"[2, 6, 9, 14]","[1568, 1024]","[1, 446, 2048]"
537,video_fusion/Sunlight is streaming through the leaves onto the grass.mp4,47.32,48.609375,64.42086029052734,64.63917344808578,27.790039777755737,446,"[2, 6, 9, 14]","[1568, 1024]","[1, 446, 2048]"
538,video_fusion/Swallows soar in the air.mp4,42.18,41.331111907958984,65.51347351074219,65.72861224412918,28.188757598400116,446,"[2, 6, 9, 14]","[1568, 1024]","[1, 446, 2048]"
539,video_fusion/Teenage skateboarders perform tricks by the pond.mp4,42.21,40.87409591674805,89.59180450439453,89.84417468309402,32.14499354362488,446,"[2, 6, 9, 14]","[1568, 1024]","[1, 446, 2048]"
540,"video_fusion/The campus has colorful gardens, full of vitality.mp4",47.43,44.45098114013672,97.22470092773438,97.29661047458649,30.741602182388306,446,"[2, 6, 9, 14]","[1568, 1024]","[1, 446, 2048]"
541,video_fusion/The commander is strategizing in front of a map.mp4,36.12,37.561466217041016,72.38758087158203,72.51890748739243,30.468955636024475,446,"[2, 6, 9, 14]","[1568, 1024]","[1, 446, 2048]"
542,video_fusion/The crickets chirped merrily in the summer night.mp4,39.7,47.849082946777344,68.39091491699219,68.59328597784042,28.725504875183105,446,"[2, 6, 9, 14]","[1568, 1024]","[1, 446, 2048]"
543,video_fusion/The leaves of a purple-leaf plum tree turn deep purple.mp4,52.21,51.06630325317383,65.90156555175781,66.08154624700546,28.826437890529633,446,"[2, 6, 9, 14]","[1568, 1024]","[1, 446, 2048]"
544,video_fusion/The lion roars majestically on the grassland.mp4,56.99,41.440147399902344,64.84992218017578,65.08783251047134,30.074797570705414,446,"[2, 6, 9, 14]","[1568, 1024]","[1, 446, 2048]"
545,video_fusion/The parrot chirped in the treetops.mp4,60.46,49.596649169921875,66.4432601928711,66.63554161787033,26.730120182037354,446,"[2, 6, 9, 14]","[1568, 1024]","[1, 446, 2048]"
546,video_fusion/The roof of a farmhouse is covered in moss.mp4,56.82,55.284080505371094,52.76262283325195,52.81404405832291,29.118269681930542,446,"[2, 6, 9, 14]","[1568, 1024]","[1, 446, 2048]"
547,video_fusion/The rural stream serves as the water source for villagers.mp4,53.13,44.008934020996094,50.03776168823242,50.09064823389053,27.967028319835663,446,"[2, 6, 9, 14]","[1568, 1024]","[1, 446, 2048]"
548,video_fusion/The school auditorium is decorated with festive decorations.mp4,47.67,40.830204010009766,65.41619110107422,65.60388952493668,29.834099113941193,446,"[2, 6, 9, 14]","[1568, 1024]","[1, 446, 2048]"
549,video_fusion/The seahorse swayed slowly on the sea floor.mp4,42.64,38.34086608886719,66.3746566772461,67.41932779550552,26.356860995292664,446,"[2, 6, 9, 14]","[1568, 1024]","[1, 446, 2048]"
550,video_fusion/There are boats on the park lake.mp4,50.58,40.189910888671875,67.43859100341797,67.81113892793655,30.10660409927368,446,"[2, 6, 9, 14]","[1568, 1024]","[1, 446, 2048]"
551,video_fusion/There's a drum and guitar in the music classroom.mp4,50.38,49.66287612915039,68.23423767089844,68.4487521648407,27.437925338745117,446,"[2, 6, 9, 14]","[1568, 1024]","[1, 446, 2048]"
552,"video_fusion/Unique desert landscapes, with dunes sculpted by the wind.mp4",60.01,45.17976760864258,51.00851058959961,51.059551537036896,70.42574882507324,446,"[2, 6, 9, 14]","[1568, 1024]","[1, 446, 2048]"
553,video_fusion/Various fruit trees grow in the countryside.mp4,44.16,45.39189910888672,51.5676155090332,51.61932110786438,27.40076184272766,446,"[2, 6, 9, 14]","[1568, 1024]","[1, 446, 2048]"
554,video_fusion/Vendors at the market display fresh fruits and vegetables.mp4,49.01,41.374507904052734,91.36742401123047,91.52568876743317,31.785428524017334,446,"[2, 6, 9, 14]","[1568, 1024]","[1, 446, 2048]"
555,video_fusion/Visitors get information at the park's visitor center.mp4,45.62,46.93915939331055,92.58700561523438,92.73990243673325,31.65663033723831,446,"[2, 6, 9, 14]","[1568, 1024]","[1, 446, 2048]"
556,"video_fusion/Wandering through a forest path, surrounded by emerald greenery.mp4",45.55,38.91796112060547,94.52953338623047,94.68290954828262,31.29442036151886,446,"[2, 6, 9, 14]","[1568, 1024]","[1, 446, 2048]"
557,"video_fusion/Willow trees by the river, swaying gently in the calming breeze.mp4",49.64,43.51483917236328,76.7989730834961,76.86358690261841,32.62382000684738,446,"[2, 6, 9, 14]","[1568, 1024]","[1, 446, 2048]"
